#! /usr/bin/vvp
:ivl_version "11.0 (stable)";
:ivl_delay_selection "TYPICAL";
:vpi_time_precision - 12;
:vpi_module "/usr/lib/x86_64-linux-gnu/ivl/system.vpi";
:vpi_module "/usr/lib/x86_64-linux-gnu/ivl/vhdl_sys.vpi";
:vpi_module "/usr/lib/x86_64-linux-gnu/ivl/vhdl_textio.vpi";
:vpi_module "/usr/lib/x86_64-linux-gnu/ivl/v2005_math.vpi";
:vpi_module "/usr/lib/x86_64-linux-gnu/ivl/va_math.vpi";
:vpi_module "/usr/lib/x86_64-linux-gnu/ivl/v2009.vpi";
S_0x555f345e2300 .scope package, "$unit" "$unit" 2 1;
 .timescale 0 0;
S_0x555f34456880 .scope module, "layer_loopback_mux" "layer_loopback_mux" 3 10;
 .timescale -9 -12;
    .port_info 0 /INPUT 1 "sel_external";
    .port_info 1 /INPUT 8192 "ext_data";
    .port_info 2 /INPUT 1 "ext_valid";
    .port_info 3 /INPUT 8192 "loop_data";
    .port_info 4 /INPUT 1 "loop_valid";
    .port_info 5 /OUTPUT 8192 "mux_data";
    .port_info 6 /OUTPUT 1 "mux_valid";
P_0x555f3461c000 .param/l "DATA_WIDTH" 0 3 11, +C4<00000000000000000000000000010000>;
P_0x555f3461c040 .param/l "VECTOR_LEN" 0 3 12, +C4<00000000000000000000001000000000>;
o0x7f9f6f00a0a8 .functor BUFZ 16, C4<zzzzzzzzzzzzzzzz>; HiZ drive
v0x555f345ea4d0 .array "ext_data", 511 0;
v0x555f345ea4d0_0 .net v0x555f345ea4d0 0, 15 0, o0x7f9f6f00a0a8; 0 drivers
o0x7f9f6f00a0d8 .functor BUFZ 16, C4<zzzzzzzzzzzzzzzz>; HiZ drive
v0x555f345ea4d0_1 .net v0x555f345ea4d0 1, 15 0, o0x7f9f6f00a0d8; 0 drivers
o0x7f9f6f00a108 .functor BUFZ 16, C4<zzzzzzzzzzzzzzzz>; HiZ drive
v0x555f345ea4d0_2 .net v0x555f345ea4d0 2, 15 0, o0x7f9f6f00a108; 0 drivers
o0x7f9f6f00a138 .functor BUFZ 16, C4<zzzzzzzzzzzzzzzz>; HiZ drive
v0x555f345ea4d0_3 .net v0x555f345ea4d0 3, 15 0, o0x7f9f6f00a138; 0 drivers
o0x7f9f6f00a168 .functor BUFZ 16, C4<zzzzzzzzzzzzzzzz>; HiZ drive
v0x555f345ea4d0_4 .net v0x555f345ea4d0 4, 15 0, o0x7f9f6f00a168; 0 drivers
o0x7f9f6f00a198 .functor BUFZ 16, C4<zzzzzzzzzzzzzzzz>; HiZ drive
v0x555f345ea4d0_5 .net v0x555f345ea4d0 5, 15 0, o0x7f9f6f00a198; 0 drivers
o0x7f9f6f00a1c8 .functor BUFZ 16, C4<zzzzzzzzzzzzzzzz>; HiZ drive
v0x555f345ea4d0_6 .net v0x555f345ea4d0 6, 15 0, o0x7f9f6f00a1c8; 0 drivers
o0x7f9f6f00a1f8 .functor BUFZ 16, C4<zzzzzzzzzzzzzzzz>; HiZ drive
v0x555f345ea4d0_7 .net v0x555f345ea4d0 7, 15 0, o0x7f9f6f00a1f8; 0 drivers
o0x7f9f6f00a228 .functor BUFZ 16, C4<zzzzzzzzzzzzzzzz>; HiZ drive
v0x555f345ea4d0_8 .net v0x555f345ea4d0 8, 15 0, o0x7f9f6f00a228; 0 drivers
o0x7f9f6f00a258 .functor BUFZ 16, C4<zzzzzzzzzzzzzzzz>; HiZ drive
v0x555f345ea4d0_9 .net v0x555f345ea4d0 9, 15 0, o0x7f9f6f00a258; 0 drivers
o0x7f9f6f00a288 .functor BUFZ 16, C4<zzzzzzzzzzzzzzzz>; HiZ drive
v0x555f345ea4d0_10 .net v0x555f345ea4d0 10, 15 0, o0x7f9f6f00a288; 0 drivers
o0x7f9f6f00a2b8 .functor BUFZ 16, C4<zzzzzzzzzzzzzzzz>; HiZ drive
v0x555f345ea4d0_11 .net v0x555f345ea4d0 11, 15 0, o0x7f9f6f00a2b8; 0 drivers
o0x7f9f6f00a2e8 .functor BUFZ 16, C4<zzzzzzzzzzzzzzzz>; HiZ drive
v0x555f345ea4d0_12 .net v0x555f345ea4d0 12, 15 0, o0x7f9f6f00a2e8; 0 drivers
o0x7f9f6f00a318 .functor BUFZ 16, C4<zzzzzzzzzzzzzzzz>; HiZ drive
v0x555f345ea4d0_13 .net v0x555f345ea4d0 13, 15 0, o0x7f9f6f00a318; 0 drivers
o0x7f9f6f00a348 .functor BUFZ 16, C4<zzzzzzzzzzzzzzzz>; HiZ drive
v0x555f345ea4d0_14 .net v0x555f345ea4d0 14, 15 0, o0x7f9f6f00a348; 0 drivers
o0x7f9f6f00a378 .functor BUFZ 16, C4<zzzzzzzzzzzzzzzz>; HiZ drive
v0x555f345ea4d0_15 .net v0x555f345ea4d0 15, 15 0, o0x7f9f6f00a378; 0 drivers
o0x7f9f6f00a3a8 .functor BUFZ 16, C4<zzzzzzzzzzzzzzzz>; HiZ drive
v0x555f345ea4d0_16 .net v0x555f345ea4d0 16, 15 0, o0x7f9f6f00a3a8; 0 drivers
o0x7f9f6f00a3d8 .functor BUFZ 16, C4<zzzzzzzzzzzzzzzz>; HiZ drive
v0x555f345ea4d0_17 .net v0x555f345ea4d0 17, 15 0, o0x7f9f6f00a3d8; 0 drivers
o0x7f9f6f00a408 .functor BUFZ 16, C4<zzzzzzzzzzzzzzzz>; HiZ drive
v0x555f345ea4d0_18 .net v0x555f345ea4d0 18, 15 0, o0x7f9f6f00a408; 0 drivers
o0x7f9f6f00a438 .functor BUFZ 16, C4<zzzzzzzzzzzzzzzz>; HiZ drive
v0x555f345ea4d0_19 .net v0x555f345ea4d0 19, 15 0, o0x7f9f6f00a438; 0 drivers
o0x7f9f6f00a468 .functor BUFZ 16, C4<zzzzzzzzzzzzzzzz>; HiZ drive
v0x555f345ea4d0_20 .net v0x555f345ea4d0 20, 15 0, o0x7f9f6f00a468; 0 drivers
o0x7f9f6f00a498 .functor BUFZ 16, C4<zzzzzzzzzzzzzzzz>; HiZ drive
v0x555f345ea4d0_21 .net v0x555f345ea4d0 21, 15 0, o0x7f9f6f00a498; 0 drivers
o0x7f9f6f00a4c8 .functor BUFZ 16, C4<zzzzzzzzzzzzzzzz>; HiZ drive
v0x555f345ea4d0_22 .net v0x555f345ea4d0 22, 15 0, o0x7f9f6f00a4c8; 0 drivers
o0x7f9f6f00a4f8 .functor BUFZ 16, C4<zzzzzzzzzzzzzzzz>; HiZ drive
v0x555f345ea4d0_23 .net v0x555f345ea4d0 23, 15 0, o0x7f9f6f00a4f8; 0 drivers
o0x7f9f6f00a528 .functor BUFZ 16, C4<zzzzzzzzzzzzzzzz>; HiZ drive
v0x555f345ea4d0_24 .net v0x555f345ea4d0 24, 15 0, o0x7f9f6f00a528; 0 drivers
o0x7f9f6f00a558 .functor BUFZ 16, C4<zzzzzzzzzzzzzzzz>; HiZ drive
v0x555f345ea4d0_25 .net v0x555f345ea4d0 25, 15 0, o0x7f9f6f00a558; 0 drivers
o0x7f9f6f00a588 .functor BUFZ 16, C4<zzzzzzzzzzzzzzzz>; HiZ drive
v0x555f345ea4d0_26 .net v0x555f345ea4d0 26, 15 0, o0x7f9f6f00a588; 0 drivers
o0x7f9f6f00a5b8 .functor BUFZ 16, C4<zzzzzzzzzzzzzzzz>; HiZ drive
v0x555f345ea4d0_27 .net v0x555f345ea4d0 27, 15 0, o0x7f9f6f00a5b8; 0 drivers
o0x7f9f6f00a5e8 .functor BUFZ 16, C4<zzzzzzzzzzzzzzzz>; HiZ drive
v0x555f345ea4d0_28 .net v0x555f345ea4d0 28, 15 0, o0x7f9f6f00a5e8; 0 drivers
o0x7f9f6f00a618 .functor BUFZ 16, C4<zzzzzzzzzzzzzzzz>; HiZ drive
v0x555f345ea4d0_29 .net v0x555f345ea4d0 29, 15 0, o0x7f9f6f00a618; 0 drivers
o0x7f9f6f00a648 .functor BUFZ 16, C4<zzzzzzzzzzzzzzzz>; HiZ drive
v0x555f345ea4d0_30 .net v0x555f345ea4d0 30, 15 0, o0x7f9f6f00a648; 0 drivers
o0x7f9f6f00a678 .functor BUFZ 16, C4<zzzzzzzzzzzzzzzz>; HiZ drive
v0x555f345ea4d0_31 .net v0x555f345ea4d0 31, 15 0, o0x7f9f6f00a678; 0 drivers
o0x7f9f6f00a6a8 .functor BUFZ 16, C4<zzzzzzzzzzzzzzzz>; HiZ drive
v0x555f345ea4d0_32 .net v0x555f345ea4d0 32, 15 0, o0x7f9f6f00a6a8; 0 drivers
o0x7f9f6f00a6d8 .functor BUFZ 16, C4<zzzzzzzzzzzzzzzz>; HiZ drive
v0x555f345ea4d0_33 .net v0x555f345ea4d0 33, 15 0, o0x7f9f6f00a6d8; 0 drivers
o0x7f9f6f00a708 .functor BUFZ 16, C4<zzzzzzzzzzzzzzzz>; HiZ drive
v0x555f345ea4d0_34 .net v0x555f345ea4d0 34, 15 0, o0x7f9f6f00a708; 0 drivers
o0x7f9f6f00a738 .functor BUFZ 16, C4<zzzzzzzzzzzzzzzz>; HiZ drive
v0x555f345ea4d0_35 .net v0x555f345ea4d0 35, 15 0, o0x7f9f6f00a738; 0 drivers
o0x7f9f6f00a768 .functor BUFZ 16, C4<zzzzzzzzzzzzzzzz>; HiZ drive
v0x555f345ea4d0_36 .net v0x555f345ea4d0 36, 15 0, o0x7f9f6f00a768; 0 drivers
o0x7f9f6f00a798 .functor BUFZ 16, C4<zzzzzzzzzzzzzzzz>; HiZ drive
v0x555f345ea4d0_37 .net v0x555f345ea4d0 37, 15 0, o0x7f9f6f00a798; 0 drivers
o0x7f9f6f00a7c8 .functor BUFZ 16, C4<zzzzzzzzzzzzzzzz>; HiZ drive
v0x555f345ea4d0_38 .net v0x555f345ea4d0 38, 15 0, o0x7f9f6f00a7c8; 0 drivers
o0x7f9f6f00a7f8 .functor BUFZ 16, C4<zzzzzzzzzzzzzzzz>; HiZ drive
v0x555f345ea4d0_39 .net v0x555f345ea4d0 39, 15 0, o0x7f9f6f00a7f8; 0 drivers
o0x7f9f6f00a828 .functor BUFZ 16, C4<zzzzzzzzzzzzzzzz>; HiZ drive
v0x555f345ea4d0_40 .net v0x555f345ea4d0 40, 15 0, o0x7f9f6f00a828; 0 drivers
o0x7f9f6f00a858 .functor BUFZ 16, C4<zzzzzzzzzzzzzzzz>; HiZ drive
v0x555f345ea4d0_41 .net v0x555f345ea4d0 41, 15 0, o0x7f9f6f00a858; 0 drivers
o0x7f9f6f00a888 .functor BUFZ 16, C4<zzzzzzzzzzzzzzzz>; HiZ drive
v0x555f345ea4d0_42 .net v0x555f345ea4d0 42, 15 0, o0x7f9f6f00a888; 0 drivers
o0x7f9f6f00a8b8 .functor BUFZ 16, C4<zzzzzzzzzzzzzzzz>; HiZ drive
v0x555f345ea4d0_43 .net v0x555f345ea4d0 43, 15 0, o0x7f9f6f00a8b8; 0 drivers
o0x7f9f6f00a8e8 .functor BUFZ 16, C4<zzzzzzzzzzzzzzzz>; HiZ drive
v0x555f345ea4d0_44 .net v0x555f345ea4d0 44, 15 0, o0x7f9f6f00a8e8; 0 drivers
o0x7f9f6f00a918 .functor BUFZ 16, C4<zzzzzzzzzzzzzzzz>; HiZ drive
v0x555f345ea4d0_45 .net v0x555f345ea4d0 45, 15 0, o0x7f9f6f00a918; 0 drivers
o0x7f9f6f00a948 .functor BUFZ 16, C4<zzzzzzzzzzzzzzzz>; HiZ drive
v0x555f345ea4d0_46 .net v0x555f345ea4d0 46, 15 0, o0x7f9f6f00a948; 0 drivers
o0x7f9f6f00a978 .functor BUFZ 16, C4<zzzzzzzzzzzzzzzz>; HiZ drive
v0x555f345ea4d0_47 .net v0x555f345ea4d0 47, 15 0, o0x7f9f6f00a978; 0 drivers
o0x7f9f6f00a9a8 .functor BUFZ 16, C4<zzzzzzzzzzzzzzzz>; HiZ drive
v0x555f345ea4d0_48 .net v0x555f345ea4d0 48, 15 0, o0x7f9f6f00a9a8; 0 drivers
o0x7f9f6f00a9d8 .functor BUFZ 16, C4<zzzzzzzzzzzzzzzz>; HiZ drive
v0x555f345ea4d0_49 .net v0x555f345ea4d0 49, 15 0, o0x7f9f6f00a9d8; 0 drivers
o0x7f9f6f00aa08 .functor BUFZ 16, C4<zzzzzzzzzzzzzzzz>; HiZ drive
v0x555f345ea4d0_50 .net v0x555f345ea4d0 50, 15 0, o0x7f9f6f00aa08; 0 drivers
o0x7f9f6f00aa38 .functor BUFZ 16, C4<zzzzzzzzzzzzzzzz>; HiZ drive
v0x555f345ea4d0_51 .net v0x555f345ea4d0 51, 15 0, o0x7f9f6f00aa38; 0 drivers
o0x7f9f6f00aa68 .functor BUFZ 16, C4<zzzzzzzzzzzzzzzz>; HiZ drive
v0x555f345ea4d0_52 .net v0x555f345ea4d0 52, 15 0, o0x7f9f6f00aa68; 0 drivers
o0x7f9f6f00aa98 .functor BUFZ 16, C4<zzzzzzzzzzzzzzzz>; HiZ drive
v0x555f345ea4d0_53 .net v0x555f345ea4d0 53, 15 0, o0x7f9f6f00aa98; 0 drivers
o0x7f9f6f00aac8 .functor BUFZ 16, C4<zzzzzzzzzzzzzzzz>; HiZ drive
v0x555f345ea4d0_54 .net v0x555f345ea4d0 54, 15 0, o0x7f9f6f00aac8; 0 drivers
o0x7f9f6f00aaf8 .functor BUFZ 16, C4<zzzzzzzzzzzzzzzz>; HiZ drive
v0x555f345ea4d0_55 .net v0x555f345ea4d0 55, 15 0, o0x7f9f6f00aaf8; 0 drivers
o0x7f9f6f00ab28 .functor BUFZ 16, C4<zzzzzzzzzzzzzzzz>; HiZ drive
v0x555f345ea4d0_56 .net v0x555f345ea4d0 56, 15 0, o0x7f9f6f00ab28; 0 drivers
o0x7f9f6f00ab58 .functor BUFZ 16, C4<zzzzzzzzzzzzzzzz>; HiZ drive
v0x555f345ea4d0_57 .net v0x555f345ea4d0 57, 15 0, o0x7f9f6f00ab58; 0 drivers
o0x7f9f6f00ab88 .functor BUFZ 16, C4<zzzzzzzzzzzzzzzz>; HiZ drive
v0x555f345ea4d0_58 .net v0x555f345ea4d0 58, 15 0, o0x7f9f6f00ab88; 0 drivers
o0x7f9f6f00abb8 .functor BUFZ 16, C4<zzzzzzzzzzzzzzzz>; HiZ drive
v0x555f345ea4d0_59 .net v0x555f345ea4d0 59, 15 0, o0x7f9f6f00abb8; 0 drivers
o0x7f9f6f00abe8 .functor BUFZ 16, C4<zzzzzzzzzzzzzzzz>; HiZ drive
v0x555f345ea4d0_60 .net v0x555f345ea4d0 60, 15 0, o0x7f9f6f00abe8; 0 drivers
o0x7f9f6f00ac18 .functor BUFZ 16, C4<zzzzzzzzzzzzzzzz>; HiZ drive
v0x555f345ea4d0_61 .net v0x555f345ea4d0 61, 15 0, o0x7f9f6f00ac18; 0 drivers
o0x7f9f6f00ac48 .functor BUFZ 16, C4<zzzzzzzzzzzzzzzz>; HiZ drive
v0x555f345ea4d0_62 .net v0x555f345ea4d0 62, 15 0, o0x7f9f6f00ac48; 0 drivers
o0x7f9f6f00ac78 .functor BUFZ 16, C4<zzzzzzzzzzzzzzzz>; HiZ drive
v0x555f345ea4d0_63 .net v0x555f345ea4d0 63, 15 0, o0x7f9f6f00ac78; 0 drivers
o0x7f9f6f00aca8 .functor BUFZ 16, C4<zzzzzzzzzzzzzzzz>; HiZ drive
v0x555f345ea4d0_64 .net v0x555f345ea4d0 64, 15 0, o0x7f9f6f00aca8; 0 drivers
o0x7f9f6f00acd8 .functor BUFZ 16, C4<zzzzzzzzzzzzzzzz>; HiZ drive
v0x555f345ea4d0_65 .net v0x555f345ea4d0 65, 15 0, o0x7f9f6f00acd8; 0 drivers
o0x7f9f6f00ad08 .functor BUFZ 16, C4<zzzzzzzzzzzzzzzz>; HiZ drive
v0x555f345ea4d0_66 .net v0x555f345ea4d0 66, 15 0, o0x7f9f6f00ad08; 0 drivers
o0x7f9f6f00ad38 .functor BUFZ 16, C4<zzzzzzzzzzzzzzzz>; HiZ drive
v0x555f345ea4d0_67 .net v0x555f345ea4d0 67, 15 0, o0x7f9f6f00ad38; 0 drivers
o0x7f9f6f00ad68 .functor BUFZ 16, C4<zzzzzzzzzzzzzzzz>; HiZ drive
v0x555f345ea4d0_68 .net v0x555f345ea4d0 68, 15 0, o0x7f9f6f00ad68; 0 drivers
o0x7f9f6f00ad98 .functor BUFZ 16, C4<zzzzzzzzzzzzzzzz>; HiZ drive
v0x555f345ea4d0_69 .net v0x555f345ea4d0 69, 15 0, o0x7f9f6f00ad98; 0 drivers
o0x7f9f6f00adc8 .functor BUFZ 16, C4<zzzzzzzzzzzzzzzz>; HiZ drive
v0x555f345ea4d0_70 .net v0x555f345ea4d0 70, 15 0, o0x7f9f6f00adc8; 0 drivers
o0x7f9f6f00adf8 .functor BUFZ 16, C4<zzzzzzzzzzzzzzzz>; HiZ drive
v0x555f345ea4d0_71 .net v0x555f345ea4d0 71, 15 0, o0x7f9f6f00adf8; 0 drivers
o0x7f9f6f00ae28 .functor BUFZ 16, C4<zzzzzzzzzzzzzzzz>; HiZ drive
v0x555f345ea4d0_72 .net v0x555f345ea4d0 72, 15 0, o0x7f9f6f00ae28; 0 drivers
o0x7f9f6f00ae58 .functor BUFZ 16, C4<zzzzzzzzzzzzzzzz>; HiZ drive
v0x555f345ea4d0_73 .net v0x555f345ea4d0 73, 15 0, o0x7f9f6f00ae58; 0 drivers
o0x7f9f6f00ae88 .functor BUFZ 16, C4<zzzzzzzzzzzzzzzz>; HiZ drive
v0x555f345ea4d0_74 .net v0x555f345ea4d0 74, 15 0, o0x7f9f6f00ae88; 0 drivers
o0x7f9f6f00aeb8 .functor BUFZ 16, C4<zzzzzzzzzzzzzzzz>; HiZ drive
v0x555f345ea4d0_75 .net v0x555f345ea4d0 75, 15 0, o0x7f9f6f00aeb8; 0 drivers
o0x7f9f6f00aee8 .functor BUFZ 16, C4<zzzzzzzzzzzzzzzz>; HiZ drive
v0x555f345ea4d0_76 .net v0x555f345ea4d0 76, 15 0, o0x7f9f6f00aee8; 0 drivers
o0x7f9f6f00af18 .functor BUFZ 16, C4<zzzzzzzzzzzzzzzz>; HiZ drive
v0x555f345ea4d0_77 .net v0x555f345ea4d0 77, 15 0, o0x7f9f6f00af18; 0 drivers
o0x7f9f6f00af48 .functor BUFZ 16, C4<zzzzzzzzzzzzzzzz>; HiZ drive
v0x555f345ea4d0_78 .net v0x555f345ea4d0 78, 15 0, o0x7f9f6f00af48; 0 drivers
o0x7f9f6f00af78 .functor BUFZ 16, C4<zzzzzzzzzzzzzzzz>; HiZ drive
v0x555f345ea4d0_79 .net v0x555f345ea4d0 79, 15 0, o0x7f9f6f00af78; 0 drivers
o0x7f9f6f00afa8 .functor BUFZ 16, C4<zzzzzzzzzzzzzzzz>; HiZ drive
v0x555f345ea4d0_80 .net v0x555f345ea4d0 80, 15 0, o0x7f9f6f00afa8; 0 drivers
o0x7f9f6f00afd8 .functor BUFZ 16, C4<zzzzzzzzzzzzzzzz>; HiZ drive
v0x555f345ea4d0_81 .net v0x555f345ea4d0 81, 15 0, o0x7f9f6f00afd8; 0 drivers
o0x7f9f6f00b008 .functor BUFZ 16, C4<zzzzzzzzzzzzzzzz>; HiZ drive
v0x555f345ea4d0_82 .net v0x555f345ea4d0 82, 15 0, o0x7f9f6f00b008; 0 drivers
o0x7f9f6f00b038 .functor BUFZ 16, C4<zzzzzzzzzzzzzzzz>; HiZ drive
v0x555f345ea4d0_83 .net v0x555f345ea4d0 83, 15 0, o0x7f9f6f00b038; 0 drivers
o0x7f9f6f00b068 .functor BUFZ 16, C4<zzzzzzzzzzzzzzzz>; HiZ drive
v0x555f345ea4d0_84 .net v0x555f345ea4d0 84, 15 0, o0x7f9f6f00b068; 0 drivers
o0x7f9f6f00b098 .functor BUFZ 16, C4<zzzzzzzzzzzzzzzz>; HiZ drive
v0x555f345ea4d0_85 .net v0x555f345ea4d0 85, 15 0, o0x7f9f6f00b098; 0 drivers
o0x7f9f6f00b0c8 .functor BUFZ 16, C4<zzzzzzzzzzzzzzzz>; HiZ drive
v0x555f345ea4d0_86 .net v0x555f345ea4d0 86, 15 0, o0x7f9f6f00b0c8; 0 drivers
o0x7f9f6f00b0f8 .functor BUFZ 16, C4<zzzzzzzzzzzzzzzz>; HiZ drive
v0x555f345ea4d0_87 .net v0x555f345ea4d0 87, 15 0, o0x7f9f6f00b0f8; 0 drivers
o0x7f9f6f00b128 .functor BUFZ 16, C4<zzzzzzzzzzzzzzzz>; HiZ drive
v0x555f345ea4d0_88 .net v0x555f345ea4d0 88, 15 0, o0x7f9f6f00b128; 0 drivers
o0x7f9f6f00b158 .functor BUFZ 16, C4<zzzzzzzzzzzzzzzz>; HiZ drive
v0x555f345ea4d0_89 .net v0x555f345ea4d0 89, 15 0, o0x7f9f6f00b158; 0 drivers
o0x7f9f6f00b188 .functor BUFZ 16, C4<zzzzzzzzzzzzzzzz>; HiZ drive
v0x555f345ea4d0_90 .net v0x555f345ea4d0 90, 15 0, o0x7f9f6f00b188; 0 drivers
o0x7f9f6f00b1b8 .functor BUFZ 16, C4<zzzzzzzzzzzzzzzz>; HiZ drive
v0x555f345ea4d0_91 .net v0x555f345ea4d0 91, 15 0, o0x7f9f6f00b1b8; 0 drivers
o0x7f9f6f00b1e8 .functor BUFZ 16, C4<zzzzzzzzzzzzzzzz>; HiZ drive
v0x555f345ea4d0_92 .net v0x555f345ea4d0 92, 15 0, o0x7f9f6f00b1e8; 0 drivers
o0x7f9f6f00b218 .functor BUFZ 16, C4<zzzzzzzzzzzzzzzz>; HiZ drive
v0x555f345ea4d0_93 .net v0x555f345ea4d0 93, 15 0, o0x7f9f6f00b218; 0 drivers
o0x7f9f6f00b248 .functor BUFZ 16, C4<zzzzzzzzzzzzzzzz>; HiZ drive
v0x555f345ea4d0_94 .net v0x555f345ea4d0 94, 15 0, o0x7f9f6f00b248; 0 drivers
o0x7f9f6f00b278 .functor BUFZ 16, C4<zzzzzzzzzzzzzzzz>; HiZ drive
v0x555f345ea4d0_95 .net v0x555f345ea4d0 95, 15 0, o0x7f9f6f00b278; 0 drivers
o0x7f9f6f00b2a8 .functor BUFZ 16, C4<zzzzzzzzzzzzzzzz>; HiZ drive
v0x555f345ea4d0_96 .net v0x555f345ea4d0 96, 15 0, o0x7f9f6f00b2a8; 0 drivers
o0x7f9f6f00b2d8 .functor BUFZ 16, C4<zzzzzzzzzzzzzzzz>; HiZ drive
v0x555f345ea4d0_97 .net v0x555f345ea4d0 97, 15 0, o0x7f9f6f00b2d8; 0 drivers
o0x7f9f6f00b308 .functor BUFZ 16, C4<zzzzzzzzzzzzzzzz>; HiZ drive
v0x555f345ea4d0_98 .net v0x555f345ea4d0 98, 15 0, o0x7f9f6f00b308; 0 drivers
o0x7f9f6f00b338 .functor BUFZ 16, C4<zzzzzzzzzzzzzzzz>; HiZ drive
v0x555f345ea4d0_99 .net v0x555f345ea4d0 99, 15 0, o0x7f9f6f00b338; 0 drivers
o0x7f9f6f00b368 .functor BUFZ 16, C4<zzzzzzzzzzzzzzzz>; HiZ drive
v0x555f345ea4d0_100 .net v0x555f345ea4d0 100, 15 0, o0x7f9f6f00b368; 0 drivers
o0x7f9f6f00b398 .functor BUFZ 16, C4<zzzzzzzzzzzzzzzz>; HiZ drive
v0x555f345ea4d0_101 .net v0x555f345ea4d0 101, 15 0, o0x7f9f6f00b398; 0 drivers
o0x7f9f6f00b3c8 .functor BUFZ 16, C4<zzzzzzzzzzzzzzzz>; HiZ drive
v0x555f345ea4d0_102 .net v0x555f345ea4d0 102, 15 0, o0x7f9f6f00b3c8; 0 drivers
o0x7f9f6f00b3f8 .functor BUFZ 16, C4<zzzzzzzzzzzzzzzz>; HiZ drive
v0x555f345ea4d0_103 .net v0x555f345ea4d0 103, 15 0, o0x7f9f6f00b3f8; 0 drivers
o0x7f9f6f00b428 .functor BUFZ 16, C4<zzzzzzzzzzzzzzzz>; HiZ drive
v0x555f345ea4d0_104 .net v0x555f345ea4d0 104, 15 0, o0x7f9f6f00b428; 0 drivers
o0x7f9f6f00b458 .functor BUFZ 16, C4<zzzzzzzzzzzzzzzz>; HiZ drive
v0x555f345ea4d0_105 .net v0x555f345ea4d0 105, 15 0, o0x7f9f6f00b458; 0 drivers
o0x7f9f6f00b488 .functor BUFZ 16, C4<zzzzzzzzzzzzzzzz>; HiZ drive
v0x555f345ea4d0_106 .net v0x555f345ea4d0 106, 15 0, o0x7f9f6f00b488; 0 drivers
o0x7f9f6f00b4b8 .functor BUFZ 16, C4<zzzzzzzzzzzzzzzz>; HiZ drive
v0x555f345ea4d0_107 .net v0x555f345ea4d0 107, 15 0, o0x7f9f6f00b4b8; 0 drivers
o0x7f9f6f00b4e8 .functor BUFZ 16, C4<zzzzzzzzzzzzzzzz>; HiZ drive
v0x555f345ea4d0_108 .net v0x555f345ea4d0 108, 15 0, o0x7f9f6f00b4e8; 0 drivers
o0x7f9f6f00b518 .functor BUFZ 16, C4<zzzzzzzzzzzzzzzz>; HiZ drive
v0x555f345ea4d0_109 .net v0x555f345ea4d0 109, 15 0, o0x7f9f6f00b518; 0 drivers
o0x7f9f6f00b548 .functor BUFZ 16, C4<zzzzzzzzzzzzzzzz>; HiZ drive
v0x555f345ea4d0_110 .net v0x555f345ea4d0 110, 15 0, o0x7f9f6f00b548; 0 drivers
o0x7f9f6f00b578 .functor BUFZ 16, C4<zzzzzzzzzzzzzzzz>; HiZ drive
v0x555f345ea4d0_111 .net v0x555f345ea4d0 111, 15 0, o0x7f9f6f00b578; 0 drivers
o0x7f9f6f00b5a8 .functor BUFZ 16, C4<zzzzzzzzzzzzzzzz>; HiZ drive
v0x555f345ea4d0_112 .net v0x555f345ea4d0 112, 15 0, o0x7f9f6f00b5a8; 0 drivers
o0x7f9f6f00b5d8 .functor BUFZ 16, C4<zzzzzzzzzzzzzzzz>; HiZ drive
v0x555f345ea4d0_113 .net v0x555f345ea4d0 113, 15 0, o0x7f9f6f00b5d8; 0 drivers
o0x7f9f6f00b608 .functor BUFZ 16, C4<zzzzzzzzzzzzzzzz>; HiZ drive
v0x555f345ea4d0_114 .net v0x555f345ea4d0 114, 15 0, o0x7f9f6f00b608; 0 drivers
o0x7f9f6f00b638 .functor BUFZ 16, C4<zzzzzzzzzzzzzzzz>; HiZ drive
v0x555f345ea4d0_115 .net v0x555f345ea4d0 115, 15 0, o0x7f9f6f00b638; 0 drivers
o0x7f9f6f00b668 .functor BUFZ 16, C4<zzzzzzzzzzzzzzzz>; HiZ drive
v0x555f345ea4d0_116 .net v0x555f345ea4d0 116, 15 0, o0x7f9f6f00b668; 0 drivers
o0x7f9f6f00b698 .functor BUFZ 16, C4<zzzzzzzzzzzzzzzz>; HiZ drive
v0x555f345ea4d0_117 .net v0x555f345ea4d0 117, 15 0, o0x7f9f6f00b698; 0 drivers
o0x7f9f6f00b6c8 .functor BUFZ 16, C4<zzzzzzzzzzzzzzzz>; HiZ drive
v0x555f345ea4d0_118 .net v0x555f345ea4d0 118, 15 0, o0x7f9f6f00b6c8; 0 drivers
o0x7f9f6f00b6f8 .functor BUFZ 16, C4<zzzzzzzzzzzzzzzz>; HiZ drive
v0x555f345ea4d0_119 .net v0x555f345ea4d0 119, 15 0, o0x7f9f6f00b6f8; 0 drivers
o0x7f9f6f00b728 .functor BUFZ 16, C4<zzzzzzzzzzzzzzzz>; HiZ drive
v0x555f345ea4d0_120 .net v0x555f345ea4d0 120, 15 0, o0x7f9f6f00b728; 0 drivers
o0x7f9f6f00b758 .functor BUFZ 16, C4<zzzzzzzzzzzzzzzz>; HiZ drive
v0x555f345ea4d0_121 .net v0x555f345ea4d0 121, 15 0, o0x7f9f6f00b758; 0 drivers
o0x7f9f6f00b788 .functor BUFZ 16, C4<zzzzzzzzzzzzzzzz>; HiZ drive
v0x555f345ea4d0_122 .net v0x555f345ea4d0 122, 15 0, o0x7f9f6f00b788; 0 drivers
o0x7f9f6f00b7b8 .functor BUFZ 16, C4<zzzzzzzzzzzzzzzz>; HiZ drive
v0x555f345ea4d0_123 .net v0x555f345ea4d0 123, 15 0, o0x7f9f6f00b7b8; 0 drivers
o0x7f9f6f00b7e8 .functor BUFZ 16, C4<zzzzzzzzzzzzzzzz>; HiZ drive
v0x555f345ea4d0_124 .net v0x555f345ea4d0 124, 15 0, o0x7f9f6f00b7e8; 0 drivers
o0x7f9f6f00b818 .functor BUFZ 16, C4<zzzzzzzzzzzzzzzz>; HiZ drive
v0x555f345ea4d0_125 .net v0x555f345ea4d0 125, 15 0, o0x7f9f6f00b818; 0 drivers
o0x7f9f6f00b848 .functor BUFZ 16, C4<zzzzzzzzzzzzzzzz>; HiZ drive
v0x555f345ea4d0_126 .net v0x555f345ea4d0 126, 15 0, o0x7f9f6f00b848; 0 drivers
o0x7f9f6f00b878 .functor BUFZ 16, C4<zzzzzzzzzzzzzzzz>; HiZ drive
v0x555f345ea4d0_127 .net v0x555f345ea4d0 127, 15 0, o0x7f9f6f00b878; 0 drivers
o0x7f9f6f00b8a8 .functor BUFZ 16, C4<zzzzzzzzzzzzzzzz>; HiZ drive
v0x555f345ea4d0_128 .net v0x555f345ea4d0 128, 15 0, o0x7f9f6f00b8a8; 0 drivers
o0x7f9f6f00b8d8 .functor BUFZ 16, C4<zzzzzzzzzzzzzzzz>; HiZ drive
v0x555f345ea4d0_129 .net v0x555f345ea4d0 129, 15 0, o0x7f9f6f00b8d8; 0 drivers
o0x7f9f6f00b908 .functor BUFZ 16, C4<zzzzzzzzzzzzzzzz>; HiZ drive
v0x555f345ea4d0_130 .net v0x555f345ea4d0 130, 15 0, o0x7f9f6f00b908; 0 drivers
o0x7f9f6f00b938 .functor BUFZ 16, C4<zzzzzzzzzzzzzzzz>; HiZ drive
v0x555f345ea4d0_131 .net v0x555f345ea4d0 131, 15 0, o0x7f9f6f00b938; 0 drivers
o0x7f9f6f00b968 .functor BUFZ 16, C4<zzzzzzzzzzzzzzzz>; HiZ drive
v0x555f345ea4d0_132 .net v0x555f345ea4d0 132, 15 0, o0x7f9f6f00b968; 0 drivers
o0x7f9f6f00b998 .functor BUFZ 16, C4<zzzzzzzzzzzzzzzz>; HiZ drive
v0x555f345ea4d0_133 .net v0x555f345ea4d0 133, 15 0, o0x7f9f6f00b998; 0 drivers
o0x7f9f6f00b9c8 .functor BUFZ 16, C4<zzzzzzzzzzzzzzzz>; HiZ drive
v0x555f345ea4d0_134 .net v0x555f345ea4d0 134, 15 0, o0x7f9f6f00b9c8; 0 drivers
o0x7f9f6f00b9f8 .functor BUFZ 16, C4<zzzzzzzzzzzzzzzz>; HiZ drive
v0x555f345ea4d0_135 .net v0x555f345ea4d0 135, 15 0, o0x7f9f6f00b9f8; 0 drivers
o0x7f9f6f00ba28 .functor BUFZ 16, C4<zzzzzzzzzzzzzzzz>; HiZ drive
v0x555f345ea4d0_136 .net v0x555f345ea4d0 136, 15 0, o0x7f9f6f00ba28; 0 drivers
o0x7f9f6f00ba58 .functor BUFZ 16, C4<zzzzzzzzzzzzzzzz>; HiZ drive
v0x555f345ea4d0_137 .net v0x555f345ea4d0 137, 15 0, o0x7f9f6f00ba58; 0 drivers
o0x7f9f6f00ba88 .functor BUFZ 16, C4<zzzzzzzzzzzzzzzz>; HiZ drive
v0x555f345ea4d0_138 .net v0x555f345ea4d0 138, 15 0, o0x7f9f6f00ba88; 0 drivers
o0x7f9f6f00bab8 .functor BUFZ 16, C4<zzzzzzzzzzzzzzzz>; HiZ drive
v0x555f345ea4d0_139 .net v0x555f345ea4d0 139, 15 0, o0x7f9f6f00bab8; 0 drivers
o0x7f9f6f00bae8 .functor BUFZ 16, C4<zzzzzzzzzzzzzzzz>; HiZ drive
v0x555f345ea4d0_140 .net v0x555f345ea4d0 140, 15 0, o0x7f9f6f00bae8; 0 drivers
o0x7f9f6f00bb18 .functor BUFZ 16, C4<zzzzzzzzzzzzzzzz>; HiZ drive
v0x555f345ea4d0_141 .net v0x555f345ea4d0 141, 15 0, o0x7f9f6f00bb18; 0 drivers
o0x7f9f6f00bb48 .functor BUFZ 16, C4<zzzzzzzzzzzzzzzz>; HiZ drive
v0x555f345ea4d0_142 .net v0x555f345ea4d0 142, 15 0, o0x7f9f6f00bb48; 0 drivers
o0x7f9f6f00bb78 .functor BUFZ 16, C4<zzzzzzzzzzzzzzzz>; HiZ drive
v0x555f345ea4d0_143 .net v0x555f345ea4d0 143, 15 0, o0x7f9f6f00bb78; 0 drivers
o0x7f9f6f00bba8 .functor BUFZ 16, C4<zzzzzzzzzzzzzzzz>; HiZ drive
v0x555f345ea4d0_144 .net v0x555f345ea4d0 144, 15 0, o0x7f9f6f00bba8; 0 drivers
o0x7f9f6f00bbd8 .functor BUFZ 16, C4<zzzzzzzzzzzzzzzz>; HiZ drive
v0x555f345ea4d0_145 .net v0x555f345ea4d0 145, 15 0, o0x7f9f6f00bbd8; 0 drivers
o0x7f9f6f00bc08 .functor BUFZ 16, C4<zzzzzzzzzzzzzzzz>; HiZ drive
v0x555f345ea4d0_146 .net v0x555f345ea4d0 146, 15 0, o0x7f9f6f00bc08; 0 drivers
o0x7f9f6f00bc38 .functor BUFZ 16, C4<zzzzzzzzzzzzzzzz>; HiZ drive
v0x555f345ea4d0_147 .net v0x555f345ea4d0 147, 15 0, o0x7f9f6f00bc38; 0 drivers
o0x7f9f6f00bc68 .functor BUFZ 16, C4<zzzzzzzzzzzzzzzz>; HiZ drive
v0x555f345ea4d0_148 .net v0x555f345ea4d0 148, 15 0, o0x7f9f6f00bc68; 0 drivers
o0x7f9f6f00bc98 .functor BUFZ 16, C4<zzzzzzzzzzzzzzzz>; HiZ drive
v0x555f345ea4d0_149 .net v0x555f345ea4d0 149, 15 0, o0x7f9f6f00bc98; 0 drivers
o0x7f9f6f00bcc8 .functor BUFZ 16, C4<zzzzzzzzzzzzzzzz>; HiZ drive
v0x555f345ea4d0_150 .net v0x555f345ea4d0 150, 15 0, o0x7f9f6f00bcc8; 0 drivers
o0x7f9f6f00bcf8 .functor BUFZ 16, C4<zzzzzzzzzzzzzzzz>; HiZ drive
v0x555f345ea4d0_151 .net v0x555f345ea4d0 151, 15 0, o0x7f9f6f00bcf8; 0 drivers
o0x7f9f6f00bd28 .functor BUFZ 16, C4<zzzzzzzzzzzzzzzz>; HiZ drive
v0x555f345ea4d0_152 .net v0x555f345ea4d0 152, 15 0, o0x7f9f6f00bd28; 0 drivers
o0x7f9f6f00bd58 .functor BUFZ 16, C4<zzzzzzzzzzzzzzzz>; HiZ drive
v0x555f345ea4d0_153 .net v0x555f345ea4d0 153, 15 0, o0x7f9f6f00bd58; 0 drivers
o0x7f9f6f00bd88 .functor BUFZ 16, C4<zzzzzzzzzzzzzzzz>; HiZ drive
v0x555f345ea4d0_154 .net v0x555f345ea4d0 154, 15 0, o0x7f9f6f00bd88; 0 drivers
o0x7f9f6f00bdb8 .functor BUFZ 16, C4<zzzzzzzzzzzzzzzz>; HiZ drive
v0x555f345ea4d0_155 .net v0x555f345ea4d0 155, 15 0, o0x7f9f6f00bdb8; 0 drivers
o0x7f9f6f00bde8 .functor BUFZ 16, C4<zzzzzzzzzzzzzzzz>; HiZ drive
v0x555f345ea4d0_156 .net v0x555f345ea4d0 156, 15 0, o0x7f9f6f00bde8; 0 drivers
o0x7f9f6f00be18 .functor BUFZ 16, C4<zzzzzzzzzzzzzzzz>; HiZ drive
v0x555f345ea4d0_157 .net v0x555f345ea4d0 157, 15 0, o0x7f9f6f00be18; 0 drivers
o0x7f9f6f00be48 .functor BUFZ 16, C4<zzzzzzzzzzzzzzzz>; HiZ drive
v0x555f345ea4d0_158 .net v0x555f345ea4d0 158, 15 0, o0x7f9f6f00be48; 0 drivers
o0x7f9f6f00be78 .functor BUFZ 16, C4<zzzzzzzzzzzzzzzz>; HiZ drive
v0x555f345ea4d0_159 .net v0x555f345ea4d0 159, 15 0, o0x7f9f6f00be78; 0 drivers
o0x7f9f6f00bea8 .functor BUFZ 16, C4<zzzzzzzzzzzzzzzz>; HiZ drive
v0x555f345ea4d0_160 .net v0x555f345ea4d0 160, 15 0, o0x7f9f6f00bea8; 0 drivers
o0x7f9f6f00bed8 .functor BUFZ 16, C4<zzzzzzzzzzzzzzzz>; HiZ drive
v0x555f345ea4d0_161 .net v0x555f345ea4d0 161, 15 0, o0x7f9f6f00bed8; 0 drivers
o0x7f9f6f00bf08 .functor BUFZ 16, C4<zzzzzzzzzzzzzzzz>; HiZ drive
v0x555f345ea4d0_162 .net v0x555f345ea4d0 162, 15 0, o0x7f9f6f00bf08; 0 drivers
o0x7f9f6f00bf38 .functor BUFZ 16, C4<zzzzzzzzzzzzzzzz>; HiZ drive
v0x555f345ea4d0_163 .net v0x555f345ea4d0 163, 15 0, o0x7f9f6f00bf38; 0 drivers
o0x7f9f6f00bf68 .functor BUFZ 16, C4<zzzzzzzzzzzzzzzz>; HiZ drive
v0x555f345ea4d0_164 .net v0x555f345ea4d0 164, 15 0, o0x7f9f6f00bf68; 0 drivers
o0x7f9f6f00bf98 .functor BUFZ 16, C4<zzzzzzzzzzzzzzzz>; HiZ drive
v0x555f345ea4d0_165 .net v0x555f345ea4d0 165, 15 0, o0x7f9f6f00bf98; 0 drivers
o0x7f9f6f00bfc8 .functor BUFZ 16, C4<zzzzzzzzzzzzzzzz>; HiZ drive
v0x555f345ea4d0_166 .net v0x555f345ea4d0 166, 15 0, o0x7f9f6f00bfc8; 0 drivers
o0x7f9f6f00bff8 .functor BUFZ 16, C4<zzzzzzzzzzzzzzzz>; HiZ drive
v0x555f345ea4d0_167 .net v0x555f345ea4d0 167, 15 0, o0x7f9f6f00bff8; 0 drivers
o0x7f9f6f00c028 .functor BUFZ 16, C4<zzzzzzzzzzzzzzzz>; HiZ drive
v0x555f345ea4d0_168 .net v0x555f345ea4d0 168, 15 0, o0x7f9f6f00c028; 0 drivers
o0x7f9f6f00c058 .functor BUFZ 16, C4<zzzzzzzzzzzzzzzz>; HiZ drive
v0x555f345ea4d0_169 .net v0x555f345ea4d0 169, 15 0, o0x7f9f6f00c058; 0 drivers
o0x7f9f6f00c088 .functor BUFZ 16, C4<zzzzzzzzzzzzzzzz>; HiZ drive
v0x555f345ea4d0_170 .net v0x555f345ea4d0 170, 15 0, o0x7f9f6f00c088; 0 drivers
o0x7f9f6f00c0b8 .functor BUFZ 16, C4<zzzzzzzzzzzzzzzz>; HiZ drive
v0x555f345ea4d0_171 .net v0x555f345ea4d0 171, 15 0, o0x7f9f6f00c0b8; 0 drivers
o0x7f9f6f00c0e8 .functor BUFZ 16, C4<zzzzzzzzzzzzzzzz>; HiZ drive
v0x555f345ea4d0_172 .net v0x555f345ea4d0 172, 15 0, o0x7f9f6f00c0e8; 0 drivers
o0x7f9f6f00c118 .functor BUFZ 16, C4<zzzzzzzzzzzzzzzz>; HiZ drive
v0x555f345ea4d0_173 .net v0x555f345ea4d0 173, 15 0, o0x7f9f6f00c118; 0 drivers
o0x7f9f6f00c148 .functor BUFZ 16, C4<zzzzzzzzzzzzzzzz>; HiZ drive
v0x555f345ea4d0_174 .net v0x555f345ea4d0 174, 15 0, o0x7f9f6f00c148; 0 drivers
o0x7f9f6f00c178 .functor BUFZ 16, C4<zzzzzzzzzzzzzzzz>; HiZ drive
v0x555f345ea4d0_175 .net v0x555f345ea4d0 175, 15 0, o0x7f9f6f00c178; 0 drivers
o0x7f9f6f00c1a8 .functor BUFZ 16, C4<zzzzzzzzzzzzzzzz>; HiZ drive
v0x555f345ea4d0_176 .net v0x555f345ea4d0 176, 15 0, o0x7f9f6f00c1a8; 0 drivers
o0x7f9f6f00c1d8 .functor BUFZ 16, C4<zzzzzzzzzzzzzzzz>; HiZ drive
v0x555f345ea4d0_177 .net v0x555f345ea4d0 177, 15 0, o0x7f9f6f00c1d8; 0 drivers
o0x7f9f6f00c208 .functor BUFZ 16, C4<zzzzzzzzzzzzzzzz>; HiZ drive
v0x555f345ea4d0_178 .net v0x555f345ea4d0 178, 15 0, o0x7f9f6f00c208; 0 drivers
o0x7f9f6f00c238 .functor BUFZ 16, C4<zzzzzzzzzzzzzzzz>; HiZ drive
v0x555f345ea4d0_179 .net v0x555f345ea4d0 179, 15 0, o0x7f9f6f00c238; 0 drivers
o0x7f9f6f00c268 .functor BUFZ 16, C4<zzzzzzzzzzzzzzzz>; HiZ drive
v0x555f345ea4d0_180 .net v0x555f345ea4d0 180, 15 0, o0x7f9f6f00c268; 0 drivers
o0x7f9f6f00c298 .functor BUFZ 16, C4<zzzzzzzzzzzzzzzz>; HiZ drive
v0x555f345ea4d0_181 .net v0x555f345ea4d0 181, 15 0, o0x7f9f6f00c298; 0 drivers
o0x7f9f6f00c2c8 .functor BUFZ 16, C4<zzzzzzzzzzzzzzzz>; HiZ drive
v0x555f345ea4d0_182 .net v0x555f345ea4d0 182, 15 0, o0x7f9f6f00c2c8; 0 drivers
o0x7f9f6f00c2f8 .functor BUFZ 16, C4<zzzzzzzzzzzzzzzz>; HiZ drive
v0x555f345ea4d0_183 .net v0x555f345ea4d0 183, 15 0, o0x7f9f6f00c2f8; 0 drivers
o0x7f9f6f00c328 .functor BUFZ 16, C4<zzzzzzzzzzzzzzzz>; HiZ drive
v0x555f345ea4d0_184 .net v0x555f345ea4d0 184, 15 0, o0x7f9f6f00c328; 0 drivers
o0x7f9f6f00c358 .functor BUFZ 16, C4<zzzzzzzzzzzzzzzz>; HiZ drive
v0x555f345ea4d0_185 .net v0x555f345ea4d0 185, 15 0, o0x7f9f6f00c358; 0 drivers
o0x7f9f6f00c388 .functor BUFZ 16, C4<zzzzzzzzzzzzzzzz>; HiZ drive
v0x555f345ea4d0_186 .net v0x555f345ea4d0 186, 15 0, o0x7f9f6f00c388; 0 drivers
o0x7f9f6f00c3b8 .functor BUFZ 16, C4<zzzzzzzzzzzzzzzz>; HiZ drive
v0x555f345ea4d0_187 .net v0x555f345ea4d0 187, 15 0, o0x7f9f6f00c3b8; 0 drivers
o0x7f9f6f00c3e8 .functor BUFZ 16, C4<zzzzzzzzzzzzzzzz>; HiZ drive
v0x555f345ea4d0_188 .net v0x555f345ea4d0 188, 15 0, o0x7f9f6f00c3e8; 0 drivers
o0x7f9f6f00c418 .functor BUFZ 16, C4<zzzzzzzzzzzzzzzz>; HiZ drive
v0x555f345ea4d0_189 .net v0x555f345ea4d0 189, 15 0, o0x7f9f6f00c418; 0 drivers
o0x7f9f6f00c448 .functor BUFZ 16, C4<zzzzzzzzzzzzzzzz>; HiZ drive
v0x555f345ea4d0_190 .net v0x555f345ea4d0 190, 15 0, o0x7f9f6f00c448; 0 drivers
o0x7f9f6f00c478 .functor BUFZ 16, C4<zzzzzzzzzzzzzzzz>; HiZ drive
v0x555f345ea4d0_191 .net v0x555f345ea4d0 191, 15 0, o0x7f9f6f00c478; 0 drivers
o0x7f9f6f00c4a8 .functor BUFZ 16, C4<zzzzzzzzzzzzzzzz>; HiZ drive
v0x555f345ea4d0_192 .net v0x555f345ea4d0 192, 15 0, o0x7f9f6f00c4a8; 0 drivers
o0x7f9f6f00c4d8 .functor BUFZ 16, C4<zzzzzzzzzzzzzzzz>; HiZ drive
v0x555f345ea4d0_193 .net v0x555f345ea4d0 193, 15 0, o0x7f9f6f00c4d8; 0 drivers
o0x7f9f6f00c508 .functor BUFZ 16, C4<zzzzzzzzzzzzzzzz>; HiZ drive
v0x555f345ea4d0_194 .net v0x555f345ea4d0 194, 15 0, o0x7f9f6f00c508; 0 drivers
o0x7f9f6f00c538 .functor BUFZ 16, C4<zzzzzzzzzzzzzzzz>; HiZ drive
v0x555f345ea4d0_195 .net v0x555f345ea4d0 195, 15 0, o0x7f9f6f00c538; 0 drivers
o0x7f9f6f00c568 .functor BUFZ 16, C4<zzzzzzzzzzzzzzzz>; HiZ drive
v0x555f345ea4d0_196 .net v0x555f345ea4d0 196, 15 0, o0x7f9f6f00c568; 0 drivers
o0x7f9f6f00c598 .functor BUFZ 16, C4<zzzzzzzzzzzzzzzz>; HiZ drive
v0x555f345ea4d0_197 .net v0x555f345ea4d0 197, 15 0, o0x7f9f6f00c598; 0 drivers
o0x7f9f6f00c5c8 .functor BUFZ 16, C4<zzzzzzzzzzzzzzzz>; HiZ drive
v0x555f345ea4d0_198 .net v0x555f345ea4d0 198, 15 0, o0x7f9f6f00c5c8; 0 drivers
o0x7f9f6f00c5f8 .functor BUFZ 16, C4<zzzzzzzzzzzzzzzz>; HiZ drive
v0x555f345ea4d0_199 .net v0x555f345ea4d0 199, 15 0, o0x7f9f6f00c5f8; 0 drivers
o0x7f9f6f00c628 .functor BUFZ 16, C4<zzzzzzzzzzzzzzzz>; HiZ drive
v0x555f345ea4d0_200 .net v0x555f345ea4d0 200, 15 0, o0x7f9f6f00c628; 0 drivers
o0x7f9f6f00c658 .functor BUFZ 16, C4<zzzzzzzzzzzzzzzz>; HiZ drive
v0x555f345ea4d0_201 .net v0x555f345ea4d0 201, 15 0, o0x7f9f6f00c658; 0 drivers
o0x7f9f6f00c688 .functor BUFZ 16, C4<zzzzzzzzzzzzzzzz>; HiZ drive
v0x555f345ea4d0_202 .net v0x555f345ea4d0 202, 15 0, o0x7f9f6f00c688; 0 drivers
o0x7f9f6f00c6b8 .functor BUFZ 16, C4<zzzzzzzzzzzzzzzz>; HiZ drive
v0x555f345ea4d0_203 .net v0x555f345ea4d0 203, 15 0, o0x7f9f6f00c6b8; 0 drivers
o0x7f9f6f00c6e8 .functor BUFZ 16, C4<zzzzzzzzzzzzzzzz>; HiZ drive
v0x555f345ea4d0_204 .net v0x555f345ea4d0 204, 15 0, o0x7f9f6f00c6e8; 0 drivers
o0x7f9f6f00c718 .functor BUFZ 16, C4<zzzzzzzzzzzzzzzz>; HiZ drive
v0x555f345ea4d0_205 .net v0x555f345ea4d0 205, 15 0, o0x7f9f6f00c718; 0 drivers
o0x7f9f6f00c748 .functor BUFZ 16, C4<zzzzzzzzzzzzzzzz>; HiZ drive
v0x555f345ea4d0_206 .net v0x555f345ea4d0 206, 15 0, o0x7f9f6f00c748; 0 drivers
o0x7f9f6f00c778 .functor BUFZ 16, C4<zzzzzzzzzzzzzzzz>; HiZ drive
v0x555f345ea4d0_207 .net v0x555f345ea4d0 207, 15 0, o0x7f9f6f00c778; 0 drivers
o0x7f9f6f00c7a8 .functor BUFZ 16, C4<zzzzzzzzzzzzzzzz>; HiZ drive
v0x555f345ea4d0_208 .net v0x555f345ea4d0 208, 15 0, o0x7f9f6f00c7a8; 0 drivers
o0x7f9f6f00c7d8 .functor BUFZ 16, C4<zzzzzzzzzzzzzzzz>; HiZ drive
v0x555f345ea4d0_209 .net v0x555f345ea4d0 209, 15 0, o0x7f9f6f00c7d8; 0 drivers
o0x7f9f6f00c808 .functor BUFZ 16, C4<zzzzzzzzzzzzzzzz>; HiZ drive
v0x555f345ea4d0_210 .net v0x555f345ea4d0 210, 15 0, o0x7f9f6f00c808; 0 drivers
o0x7f9f6f00c838 .functor BUFZ 16, C4<zzzzzzzzzzzzzzzz>; HiZ drive
v0x555f345ea4d0_211 .net v0x555f345ea4d0 211, 15 0, o0x7f9f6f00c838; 0 drivers
o0x7f9f6f00c868 .functor BUFZ 16, C4<zzzzzzzzzzzzzzzz>; HiZ drive
v0x555f345ea4d0_212 .net v0x555f345ea4d0 212, 15 0, o0x7f9f6f00c868; 0 drivers
o0x7f9f6f00c898 .functor BUFZ 16, C4<zzzzzzzzzzzzzzzz>; HiZ drive
v0x555f345ea4d0_213 .net v0x555f345ea4d0 213, 15 0, o0x7f9f6f00c898; 0 drivers
o0x7f9f6f00c8c8 .functor BUFZ 16, C4<zzzzzzzzzzzzzzzz>; HiZ drive
v0x555f345ea4d0_214 .net v0x555f345ea4d0 214, 15 0, o0x7f9f6f00c8c8; 0 drivers
o0x7f9f6f00c8f8 .functor BUFZ 16, C4<zzzzzzzzzzzzzzzz>; HiZ drive
v0x555f345ea4d0_215 .net v0x555f345ea4d0 215, 15 0, o0x7f9f6f00c8f8; 0 drivers
o0x7f9f6f00c928 .functor BUFZ 16, C4<zzzzzzzzzzzzzzzz>; HiZ drive
v0x555f345ea4d0_216 .net v0x555f345ea4d0 216, 15 0, o0x7f9f6f00c928; 0 drivers
o0x7f9f6f00c958 .functor BUFZ 16, C4<zzzzzzzzzzzzzzzz>; HiZ drive
v0x555f345ea4d0_217 .net v0x555f345ea4d0 217, 15 0, o0x7f9f6f00c958; 0 drivers
o0x7f9f6f00c988 .functor BUFZ 16, C4<zzzzzzzzzzzzzzzz>; HiZ drive
v0x555f345ea4d0_218 .net v0x555f345ea4d0 218, 15 0, o0x7f9f6f00c988; 0 drivers
o0x7f9f6f00c9b8 .functor BUFZ 16, C4<zzzzzzzzzzzzzzzz>; HiZ drive
v0x555f345ea4d0_219 .net v0x555f345ea4d0 219, 15 0, o0x7f9f6f00c9b8; 0 drivers
o0x7f9f6f00c9e8 .functor BUFZ 16, C4<zzzzzzzzzzzzzzzz>; HiZ drive
v0x555f345ea4d0_220 .net v0x555f345ea4d0 220, 15 0, o0x7f9f6f00c9e8; 0 drivers
o0x7f9f6f00ca18 .functor BUFZ 16, C4<zzzzzzzzzzzzzzzz>; HiZ drive
v0x555f345ea4d0_221 .net v0x555f345ea4d0 221, 15 0, o0x7f9f6f00ca18; 0 drivers
o0x7f9f6f00ca48 .functor BUFZ 16, C4<zzzzzzzzzzzzzzzz>; HiZ drive
v0x555f345ea4d0_222 .net v0x555f345ea4d0 222, 15 0, o0x7f9f6f00ca48; 0 drivers
o0x7f9f6f00ca78 .functor BUFZ 16, C4<zzzzzzzzzzzzzzzz>; HiZ drive
v0x555f345ea4d0_223 .net v0x555f345ea4d0 223, 15 0, o0x7f9f6f00ca78; 0 drivers
o0x7f9f6f00caa8 .functor BUFZ 16, C4<zzzzzzzzzzzzzzzz>; HiZ drive
v0x555f345ea4d0_224 .net v0x555f345ea4d0 224, 15 0, o0x7f9f6f00caa8; 0 drivers
o0x7f9f6f00cad8 .functor BUFZ 16, C4<zzzzzzzzzzzzzzzz>; HiZ drive
v0x555f345ea4d0_225 .net v0x555f345ea4d0 225, 15 0, o0x7f9f6f00cad8; 0 drivers
o0x7f9f6f00cb08 .functor BUFZ 16, C4<zzzzzzzzzzzzzzzz>; HiZ drive
v0x555f345ea4d0_226 .net v0x555f345ea4d0 226, 15 0, o0x7f9f6f00cb08; 0 drivers
o0x7f9f6f00cb38 .functor BUFZ 16, C4<zzzzzzzzzzzzzzzz>; HiZ drive
v0x555f345ea4d0_227 .net v0x555f345ea4d0 227, 15 0, o0x7f9f6f00cb38; 0 drivers
o0x7f9f6f00cb68 .functor BUFZ 16, C4<zzzzzzzzzzzzzzzz>; HiZ drive
v0x555f345ea4d0_228 .net v0x555f345ea4d0 228, 15 0, o0x7f9f6f00cb68; 0 drivers
o0x7f9f6f00cb98 .functor BUFZ 16, C4<zzzzzzzzzzzzzzzz>; HiZ drive
v0x555f345ea4d0_229 .net v0x555f345ea4d0 229, 15 0, o0x7f9f6f00cb98; 0 drivers
o0x7f9f6f00cbc8 .functor BUFZ 16, C4<zzzzzzzzzzzzzzzz>; HiZ drive
v0x555f345ea4d0_230 .net v0x555f345ea4d0 230, 15 0, o0x7f9f6f00cbc8; 0 drivers
o0x7f9f6f00cbf8 .functor BUFZ 16, C4<zzzzzzzzzzzzzzzz>; HiZ drive
v0x555f345ea4d0_231 .net v0x555f345ea4d0 231, 15 0, o0x7f9f6f00cbf8; 0 drivers
o0x7f9f6f00cc28 .functor BUFZ 16, C4<zzzzzzzzzzzzzzzz>; HiZ drive
v0x555f345ea4d0_232 .net v0x555f345ea4d0 232, 15 0, o0x7f9f6f00cc28; 0 drivers
o0x7f9f6f00cc58 .functor BUFZ 16, C4<zzzzzzzzzzzzzzzz>; HiZ drive
v0x555f345ea4d0_233 .net v0x555f345ea4d0 233, 15 0, o0x7f9f6f00cc58; 0 drivers
o0x7f9f6f00cc88 .functor BUFZ 16, C4<zzzzzzzzzzzzzzzz>; HiZ drive
v0x555f345ea4d0_234 .net v0x555f345ea4d0 234, 15 0, o0x7f9f6f00cc88; 0 drivers
o0x7f9f6f00ccb8 .functor BUFZ 16, C4<zzzzzzzzzzzzzzzz>; HiZ drive
v0x555f345ea4d0_235 .net v0x555f345ea4d0 235, 15 0, o0x7f9f6f00ccb8; 0 drivers
o0x7f9f6f00cce8 .functor BUFZ 16, C4<zzzzzzzzzzzzzzzz>; HiZ drive
v0x555f345ea4d0_236 .net v0x555f345ea4d0 236, 15 0, o0x7f9f6f00cce8; 0 drivers
o0x7f9f6f00cd18 .functor BUFZ 16, C4<zzzzzzzzzzzzzzzz>; HiZ drive
v0x555f345ea4d0_237 .net v0x555f345ea4d0 237, 15 0, o0x7f9f6f00cd18; 0 drivers
o0x7f9f6f00cd48 .functor BUFZ 16, C4<zzzzzzzzzzzzzzzz>; HiZ drive
v0x555f345ea4d0_238 .net v0x555f345ea4d0 238, 15 0, o0x7f9f6f00cd48; 0 drivers
o0x7f9f6f00cd78 .functor BUFZ 16, C4<zzzzzzzzzzzzzzzz>; HiZ drive
v0x555f345ea4d0_239 .net v0x555f345ea4d0 239, 15 0, o0x7f9f6f00cd78; 0 drivers
o0x7f9f6f00cda8 .functor BUFZ 16, C4<zzzzzzzzzzzzzzzz>; HiZ drive
v0x555f345ea4d0_240 .net v0x555f345ea4d0 240, 15 0, o0x7f9f6f00cda8; 0 drivers
o0x7f9f6f00cdd8 .functor BUFZ 16, C4<zzzzzzzzzzzzzzzz>; HiZ drive
v0x555f345ea4d0_241 .net v0x555f345ea4d0 241, 15 0, o0x7f9f6f00cdd8; 0 drivers
o0x7f9f6f00ce08 .functor BUFZ 16, C4<zzzzzzzzzzzzzzzz>; HiZ drive
v0x555f345ea4d0_242 .net v0x555f345ea4d0 242, 15 0, o0x7f9f6f00ce08; 0 drivers
o0x7f9f6f00ce38 .functor BUFZ 16, C4<zzzzzzzzzzzzzzzz>; HiZ drive
v0x555f345ea4d0_243 .net v0x555f345ea4d0 243, 15 0, o0x7f9f6f00ce38; 0 drivers
o0x7f9f6f00ce68 .functor BUFZ 16, C4<zzzzzzzzzzzzzzzz>; HiZ drive
v0x555f345ea4d0_244 .net v0x555f345ea4d0 244, 15 0, o0x7f9f6f00ce68; 0 drivers
o0x7f9f6f00ce98 .functor BUFZ 16, C4<zzzzzzzzzzzzzzzz>; HiZ drive
v0x555f345ea4d0_245 .net v0x555f345ea4d0 245, 15 0, o0x7f9f6f00ce98; 0 drivers
o0x7f9f6f00cec8 .functor BUFZ 16, C4<zzzzzzzzzzzzzzzz>; HiZ drive
v0x555f345ea4d0_246 .net v0x555f345ea4d0 246, 15 0, o0x7f9f6f00cec8; 0 drivers
o0x7f9f6f00cef8 .functor BUFZ 16, C4<zzzzzzzzzzzzzzzz>; HiZ drive
v0x555f345ea4d0_247 .net v0x555f345ea4d0 247, 15 0, o0x7f9f6f00cef8; 0 drivers
o0x7f9f6f00cf28 .functor BUFZ 16, C4<zzzzzzzzzzzzzzzz>; HiZ drive
v0x555f345ea4d0_248 .net v0x555f345ea4d0 248, 15 0, o0x7f9f6f00cf28; 0 drivers
o0x7f9f6f00cf58 .functor BUFZ 16, C4<zzzzzzzzzzzzzzzz>; HiZ drive
v0x555f345ea4d0_249 .net v0x555f345ea4d0 249, 15 0, o0x7f9f6f00cf58; 0 drivers
o0x7f9f6f00cf88 .functor BUFZ 16, C4<zzzzzzzzzzzzzzzz>; HiZ drive
v0x555f345ea4d0_250 .net v0x555f345ea4d0 250, 15 0, o0x7f9f6f00cf88; 0 drivers
o0x7f9f6f00cfb8 .functor BUFZ 16, C4<zzzzzzzzzzzzzzzz>; HiZ drive
v0x555f345ea4d0_251 .net v0x555f345ea4d0 251, 15 0, o0x7f9f6f00cfb8; 0 drivers
o0x7f9f6f00cfe8 .functor BUFZ 16, C4<zzzzzzzzzzzzzzzz>; HiZ drive
v0x555f345ea4d0_252 .net v0x555f345ea4d0 252, 15 0, o0x7f9f6f00cfe8; 0 drivers
o0x7f9f6f00d018 .functor BUFZ 16, C4<zzzzzzzzzzzzzzzz>; HiZ drive
v0x555f345ea4d0_253 .net v0x555f345ea4d0 253, 15 0, o0x7f9f6f00d018; 0 drivers
o0x7f9f6f00d048 .functor BUFZ 16, C4<zzzzzzzzzzzzzzzz>; HiZ drive
v0x555f345ea4d0_254 .net v0x555f345ea4d0 254, 15 0, o0x7f9f6f00d048; 0 drivers
o0x7f9f6f00d078 .functor BUFZ 16, C4<zzzzzzzzzzzzzzzz>; HiZ drive
v0x555f345ea4d0_255 .net v0x555f345ea4d0 255, 15 0, o0x7f9f6f00d078; 0 drivers
o0x7f9f6f00d0a8 .functor BUFZ 16, C4<zzzzzzzzzzzzzzzz>; HiZ drive
v0x555f345ea4d0_256 .net v0x555f345ea4d0 256, 15 0, o0x7f9f6f00d0a8; 0 drivers
o0x7f9f6f00d0d8 .functor BUFZ 16, C4<zzzzzzzzzzzzzzzz>; HiZ drive
v0x555f345ea4d0_257 .net v0x555f345ea4d0 257, 15 0, o0x7f9f6f00d0d8; 0 drivers
o0x7f9f6f00d108 .functor BUFZ 16, C4<zzzzzzzzzzzzzzzz>; HiZ drive
v0x555f345ea4d0_258 .net v0x555f345ea4d0 258, 15 0, o0x7f9f6f00d108; 0 drivers
o0x7f9f6f00d138 .functor BUFZ 16, C4<zzzzzzzzzzzzzzzz>; HiZ drive
v0x555f345ea4d0_259 .net v0x555f345ea4d0 259, 15 0, o0x7f9f6f00d138; 0 drivers
o0x7f9f6f00d168 .functor BUFZ 16, C4<zzzzzzzzzzzzzzzz>; HiZ drive
v0x555f345ea4d0_260 .net v0x555f345ea4d0 260, 15 0, o0x7f9f6f00d168; 0 drivers
o0x7f9f6f00d198 .functor BUFZ 16, C4<zzzzzzzzzzzzzzzz>; HiZ drive
v0x555f345ea4d0_261 .net v0x555f345ea4d0 261, 15 0, o0x7f9f6f00d198; 0 drivers
o0x7f9f6f00d1c8 .functor BUFZ 16, C4<zzzzzzzzzzzzzzzz>; HiZ drive
v0x555f345ea4d0_262 .net v0x555f345ea4d0 262, 15 0, o0x7f9f6f00d1c8; 0 drivers
o0x7f9f6f00d1f8 .functor BUFZ 16, C4<zzzzzzzzzzzzzzzz>; HiZ drive
v0x555f345ea4d0_263 .net v0x555f345ea4d0 263, 15 0, o0x7f9f6f00d1f8; 0 drivers
o0x7f9f6f00d228 .functor BUFZ 16, C4<zzzzzzzzzzzzzzzz>; HiZ drive
v0x555f345ea4d0_264 .net v0x555f345ea4d0 264, 15 0, o0x7f9f6f00d228; 0 drivers
o0x7f9f6f00d258 .functor BUFZ 16, C4<zzzzzzzzzzzzzzzz>; HiZ drive
v0x555f345ea4d0_265 .net v0x555f345ea4d0 265, 15 0, o0x7f9f6f00d258; 0 drivers
o0x7f9f6f00d288 .functor BUFZ 16, C4<zzzzzzzzzzzzzzzz>; HiZ drive
v0x555f345ea4d0_266 .net v0x555f345ea4d0 266, 15 0, o0x7f9f6f00d288; 0 drivers
o0x7f9f6f00d2b8 .functor BUFZ 16, C4<zzzzzzzzzzzzzzzz>; HiZ drive
v0x555f345ea4d0_267 .net v0x555f345ea4d0 267, 15 0, o0x7f9f6f00d2b8; 0 drivers
o0x7f9f6f00d2e8 .functor BUFZ 16, C4<zzzzzzzzzzzzzzzz>; HiZ drive
v0x555f345ea4d0_268 .net v0x555f345ea4d0 268, 15 0, o0x7f9f6f00d2e8; 0 drivers
o0x7f9f6f00d318 .functor BUFZ 16, C4<zzzzzzzzzzzzzzzz>; HiZ drive
v0x555f345ea4d0_269 .net v0x555f345ea4d0 269, 15 0, o0x7f9f6f00d318; 0 drivers
o0x7f9f6f00d348 .functor BUFZ 16, C4<zzzzzzzzzzzzzzzz>; HiZ drive
v0x555f345ea4d0_270 .net v0x555f345ea4d0 270, 15 0, o0x7f9f6f00d348; 0 drivers
o0x7f9f6f00d378 .functor BUFZ 16, C4<zzzzzzzzzzzzzzzz>; HiZ drive
v0x555f345ea4d0_271 .net v0x555f345ea4d0 271, 15 0, o0x7f9f6f00d378; 0 drivers
o0x7f9f6f00d3a8 .functor BUFZ 16, C4<zzzzzzzzzzzzzzzz>; HiZ drive
v0x555f345ea4d0_272 .net v0x555f345ea4d0 272, 15 0, o0x7f9f6f00d3a8; 0 drivers
o0x7f9f6f00d3d8 .functor BUFZ 16, C4<zzzzzzzzzzzzzzzz>; HiZ drive
v0x555f345ea4d0_273 .net v0x555f345ea4d0 273, 15 0, o0x7f9f6f00d3d8; 0 drivers
o0x7f9f6f00d408 .functor BUFZ 16, C4<zzzzzzzzzzzzzzzz>; HiZ drive
v0x555f345ea4d0_274 .net v0x555f345ea4d0 274, 15 0, o0x7f9f6f00d408; 0 drivers
o0x7f9f6f00d438 .functor BUFZ 16, C4<zzzzzzzzzzzzzzzz>; HiZ drive
v0x555f345ea4d0_275 .net v0x555f345ea4d0 275, 15 0, o0x7f9f6f00d438; 0 drivers
o0x7f9f6f00d468 .functor BUFZ 16, C4<zzzzzzzzzzzzzzzz>; HiZ drive
v0x555f345ea4d0_276 .net v0x555f345ea4d0 276, 15 0, o0x7f9f6f00d468; 0 drivers
o0x7f9f6f00d498 .functor BUFZ 16, C4<zzzzzzzzzzzzzzzz>; HiZ drive
v0x555f345ea4d0_277 .net v0x555f345ea4d0 277, 15 0, o0x7f9f6f00d498; 0 drivers
o0x7f9f6f00d4c8 .functor BUFZ 16, C4<zzzzzzzzzzzzzzzz>; HiZ drive
v0x555f345ea4d0_278 .net v0x555f345ea4d0 278, 15 0, o0x7f9f6f00d4c8; 0 drivers
o0x7f9f6f00d4f8 .functor BUFZ 16, C4<zzzzzzzzzzzzzzzz>; HiZ drive
v0x555f345ea4d0_279 .net v0x555f345ea4d0 279, 15 0, o0x7f9f6f00d4f8; 0 drivers
o0x7f9f6f00d528 .functor BUFZ 16, C4<zzzzzzzzzzzzzzzz>; HiZ drive
v0x555f345ea4d0_280 .net v0x555f345ea4d0 280, 15 0, o0x7f9f6f00d528; 0 drivers
o0x7f9f6f00d558 .functor BUFZ 16, C4<zzzzzzzzzzzzzzzz>; HiZ drive
v0x555f345ea4d0_281 .net v0x555f345ea4d0 281, 15 0, o0x7f9f6f00d558; 0 drivers
o0x7f9f6f00d588 .functor BUFZ 16, C4<zzzzzzzzzzzzzzzz>; HiZ drive
v0x555f345ea4d0_282 .net v0x555f345ea4d0 282, 15 0, o0x7f9f6f00d588; 0 drivers
o0x7f9f6f00d5b8 .functor BUFZ 16, C4<zzzzzzzzzzzzzzzz>; HiZ drive
v0x555f345ea4d0_283 .net v0x555f345ea4d0 283, 15 0, o0x7f9f6f00d5b8; 0 drivers
o0x7f9f6f00d5e8 .functor BUFZ 16, C4<zzzzzzzzzzzzzzzz>; HiZ drive
v0x555f345ea4d0_284 .net v0x555f345ea4d0 284, 15 0, o0x7f9f6f00d5e8; 0 drivers
o0x7f9f6f00d618 .functor BUFZ 16, C4<zzzzzzzzzzzzzzzz>; HiZ drive
v0x555f345ea4d0_285 .net v0x555f345ea4d0 285, 15 0, o0x7f9f6f00d618; 0 drivers
o0x7f9f6f00d648 .functor BUFZ 16, C4<zzzzzzzzzzzzzzzz>; HiZ drive
v0x555f345ea4d0_286 .net v0x555f345ea4d0 286, 15 0, o0x7f9f6f00d648; 0 drivers
o0x7f9f6f00d678 .functor BUFZ 16, C4<zzzzzzzzzzzzzzzz>; HiZ drive
v0x555f345ea4d0_287 .net v0x555f345ea4d0 287, 15 0, o0x7f9f6f00d678; 0 drivers
o0x7f9f6f00d6a8 .functor BUFZ 16, C4<zzzzzzzzzzzzzzzz>; HiZ drive
v0x555f345ea4d0_288 .net v0x555f345ea4d0 288, 15 0, o0x7f9f6f00d6a8; 0 drivers
o0x7f9f6f00d6d8 .functor BUFZ 16, C4<zzzzzzzzzzzzzzzz>; HiZ drive
v0x555f345ea4d0_289 .net v0x555f345ea4d0 289, 15 0, o0x7f9f6f00d6d8; 0 drivers
o0x7f9f6f00d708 .functor BUFZ 16, C4<zzzzzzzzzzzzzzzz>; HiZ drive
v0x555f345ea4d0_290 .net v0x555f345ea4d0 290, 15 0, o0x7f9f6f00d708; 0 drivers
o0x7f9f6f00d738 .functor BUFZ 16, C4<zzzzzzzzzzzzzzzz>; HiZ drive
v0x555f345ea4d0_291 .net v0x555f345ea4d0 291, 15 0, o0x7f9f6f00d738; 0 drivers
o0x7f9f6f00d768 .functor BUFZ 16, C4<zzzzzzzzzzzzzzzz>; HiZ drive
v0x555f345ea4d0_292 .net v0x555f345ea4d0 292, 15 0, o0x7f9f6f00d768; 0 drivers
o0x7f9f6f00d798 .functor BUFZ 16, C4<zzzzzzzzzzzzzzzz>; HiZ drive
v0x555f345ea4d0_293 .net v0x555f345ea4d0 293, 15 0, o0x7f9f6f00d798; 0 drivers
o0x7f9f6f00d7c8 .functor BUFZ 16, C4<zzzzzzzzzzzzzzzz>; HiZ drive
v0x555f345ea4d0_294 .net v0x555f345ea4d0 294, 15 0, o0x7f9f6f00d7c8; 0 drivers
o0x7f9f6f00d7f8 .functor BUFZ 16, C4<zzzzzzzzzzzzzzzz>; HiZ drive
v0x555f345ea4d0_295 .net v0x555f345ea4d0 295, 15 0, o0x7f9f6f00d7f8; 0 drivers
o0x7f9f6f00d828 .functor BUFZ 16, C4<zzzzzzzzzzzzzzzz>; HiZ drive
v0x555f345ea4d0_296 .net v0x555f345ea4d0 296, 15 0, o0x7f9f6f00d828; 0 drivers
o0x7f9f6f00d858 .functor BUFZ 16, C4<zzzzzzzzzzzzzzzz>; HiZ drive
v0x555f345ea4d0_297 .net v0x555f345ea4d0 297, 15 0, o0x7f9f6f00d858; 0 drivers
o0x7f9f6f00d888 .functor BUFZ 16, C4<zzzzzzzzzzzzzzzz>; HiZ drive
v0x555f345ea4d0_298 .net v0x555f345ea4d0 298, 15 0, o0x7f9f6f00d888; 0 drivers
o0x7f9f6f00d8b8 .functor BUFZ 16, C4<zzzzzzzzzzzzzzzz>; HiZ drive
v0x555f345ea4d0_299 .net v0x555f345ea4d0 299, 15 0, o0x7f9f6f00d8b8; 0 drivers
o0x7f9f6f00d8e8 .functor BUFZ 16, C4<zzzzzzzzzzzzzzzz>; HiZ drive
v0x555f345ea4d0_300 .net v0x555f345ea4d0 300, 15 0, o0x7f9f6f00d8e8; 0 drivers
o0x7f9f6f00d918 .functor BUFZ 16, C4<zzzzzzzzzzzzzzzz>; HiZ drive
v0x555f345ea4d0_301 .net v0x555f345ea4d0 301, 15 0, o0x7f9f6f00d918; 0 drivers
o0x7f9f6f00d948 .functor BUFZ 16, C4<zzzzzzzzzzzzzzzz>; HiZ drive
v0x555f345ea4d0_302 .net v0x555f345ea4d0 302, 15 0, o0x7f9f6f00d948; 0 drivers
o0x7f9f6f00d978 .functor BUFZ 16, C4<zzzzzzzzzzzzzzzz>; HiZ drive
v0x555f345ea4d0_303 .net v0x555f345ea4d0 303, 15 0, o0x7f9f6f00d978; 0 drivers
o0x7f9f6f00d9a8 .functor BUFZ 16, C4<zzzzzzzzzzzzzzzz>; HiZ drive
v0x555f345ea4d0_304 .net v0x555f345ea4d0 304, 15 0, o0x7f9f6f00d9a8; 0 drivers
o0x7f9f6f00d9d8 .functor BUFZ 16, C4<zzzzzzzzzzzzzzzz>; HiZ drive
v0x555f345ea4d0_305 .net v0x555f345ea4d0 305, 15 0, o0x7f9f6f00d9d8; 0 drivers
o0x7f9f6f00da08 .functor BUFZ 16, C4<zzzzzzzzzzzzzzzz>; HiZ drive
v0x555f345ea4d0_306 .net v0x555f345ea4d0 306, 15 0, o0x7f9f6f00da08; 0 drivers
o0x7f9f6f00da38 .functor BUFZ 16, C4<zzzzzzzzzzzzzzzz>; HiZ drive
v0x555f345ea4d0_307 .net v0x555f345ea4d0 307, 15 0, o0x7f9f6f00da38; 0 drivers
o0x7f9f6f00da68 .functor BUFZ 16, C4<zzzzzzzzzzzzzzzz>; HiZ drive
v0x555f345ea4d0_308 .net v0x555f345ea4d0 308, 15 0, o0x7f9f6f00da68; 0 drivers
o0x7f9f6f00da98 .functor BUFZ 16, C4<zzzzzzzzzzzzzzzz>; HiZ drive
v0x555f345ea4d0_309 .net v0x555f345ea4d0 309, 15 0, o0x7f9f6f00da98; 0 drivers
o0x7f9f6f00dac8 .functor BUFZ 16, C4<zzzzzzzzzzzzzzzz>; HiZ drive
v0x555f345ea4d0_310 .net v0x555f345ea4d0 310, 15 0, o0x7f9f6f00dac8; 0 drivers
o0x7f9f6f00daf8 .functor BUFZ 16, C4<zzzzzzzzzzzzzzzz>; HiZ drive
v0x555f345ea4d0_311 .net v0x555f345ea4d0 311, 15 0, o0x7f9f6f00daf8; 0 drivers
o0x7f9f6f00db28 .functor BUFZ 16, C4<zzzzzzzzzzzzzzzz>; HiZ drive
v0x555f345ea4d0_312 .net v0x555f345ea4d0 312, 15 0, o0x7f9f6f00db28; 0 drivers
o0x7f9f6f00db58 .functor BUFZ 16, C4<zzzzzzzzzzzzzzzz>; HiZ drive
v0x555f345ea4d0_313 .net v0x555f345ea4d0 313, 15 0, o0x7f9f6f00db58; 0 drivers
o0x7f9f6f00db88 .functor BUFZ 16, C4<zzzzzzzzzzzzzzzz>; HiZ drive
v0x555f345ea4d0_314 .net v0x555f345ea4d0 314, 15 0, o0x7f9f6f00db88; 0 drivers
o0x7f9f6f00dbb8 .functor BUFZ 16, C4<zzzzzzzzzzzzzzzz>; HiZ drive
v0x555f345ea4d0_315 .net v0x555f345ea4d0 315, 15 0, o0x7f9f6f00dbb8; 0 drivers
o0x7f9f6f00dbe8 .functor BUFZ 16, C4<zzzzzzzzzzzzzzzz>; HiZ drive
v0x555f345ea4d0_316 .net v0x555f345ea4d0 316, 15 0, o0x7f9f6f00dbe8; 0 drivers
o0x7f9f6f00dc18 .functor BUFZ 16, C4<zzzzzzzzzzzzzzzz>; HiZ drive
v0x555f345ea4d0_317 .net v0x555f345ea4d0 317, 15 0, o0x7f9f6f00dc18; 0 drivers
o0x7f9f6f00dc48 .functor BUFZ 16, C4<zzzzzzzzzzzzzzzz>; HiZ drive
v0x555f345ea4d0_318 .net v0x555f345ea4d0 318, 15 0, o0x7f9f6f00dc48; 0 drivers
o0x7f9f6f00dc78 .functor BUFZ 16, C4<zzzzzzzzzzzzzzzz>; HiZ drive
v0x555f345ea4d0_319 .net v0x555f345ea4d0 319, 15 0, o0x7f9f6f00dc78; 0 drivers
o0x7f9f6f00dca8 .functor BUFZ 16, C4<zzzzzzzzzzzzzzzz>; HiZ drive
v0x555f345ea4d0_320 .net v0x555f345ea4d0 320, 15 0, o0x7f9f6f00dca8; 0 drivers
o0x7f9f6f00dcd8 .functor BUFZ 16, C4<zzzzzzzzzzzzzzzz>; HiZ drive
v0x555f345ea4d0_321 .net v0x555f345ea4d0 321, 15 0, o0x7f9f6f00dcd8; 0 drivers
o0x7f9f6f00dd08 .functor BUFZ 16, C4<zzzzzzzzzzzzzzzz>; HiZ drive
v0x555f345ea4d0_322 .net v0x555f345ea4d0 322, 15 0, o0x7f9f6f00dd08; 0 drivers
o0x7f9f6f00dd38 .functor BUFZ 16, C4<zzzzzzzzzzzzzzzz>; HiZ drive
v0x555f345ea4d0_323 .net v0x555f345ea4d0 323, 15 0, o0x7f9f6f00dd38; 0 drivers
o0x7f9f6f00dd68 .functor BUFZ 16, C4<zzzzzzzzzzzzzzzz>; HiZ drive
v0x555f345ea4d0_324 .net v0x555f345ea4d0 324, 15 0, o0x7f9f6f00dd68; 0 drivers
o0x7f9f6f00dd98 .functor BUFZ 16, C4<zzzzzzzzzzzzzzzz>; HiZ drive
v0x555f345ea4d0_325 .net v0x555f345ea4d0 325, 15 0, o0x7f9f6f00dd98; 0 drivers
o0x7f9f6f00ddc8 .functor BUFZ 16, C4<zzzzzzzzzzzzzzzz>; HiZ drive
v0x555f345ea4d0_326 .net v0x555f345ea4d0 326, 15 0, o0x7f9f6f00ddc8; 0 drivers
o0x7f9f6f00ddf8 .functor BUFZ 16, C4<zzzzzzzzzzzzzzzz>; HiZ drive
v0x555f345ea4d0_327 .net v0x555f345ea4d0 327, 15 0, o0x7f9f6f00ddf8; 0 drivers
o0x7f9f6f00de28 .functor BUFZ 16, C4<zzzzzzzzzzzzzzzz>; HiZ drive
v0x555f345ea4d0_328 .net v0x555f345ea4d0 328, 15 0, o0x7f9f6f00de28; 0 drivers
o0x7f9f6f00de58 .functor BUFZ 16, C4<zzzzzzzzzzzzzzzz>; HiZ drive
v0x555f345ea4d0_329 .net v0x555f345ea4d0 329, 15 0, o0x7f9f6f00de58; 0 drivers
o0x7f9f6f00de88 .functor BUFZ 16, C4<zzzzzzzzzzzzzzzz>; HiZ drive
v0x555f345ea4d0_330 .net v0x555f345ea4d0 330, 15 0, o0x7f9f6f00de88; 0 drivers
o0x7f9f6f00deb8 .functor BUFZ 16, C4<zzzzzzzzzzzzzzzz>; HiZ drive
v0x555f345ea4d0_331 .net v0x555f345ea4d0 331, 15 0, o0x7f9f6f00deb8; 0 drivers
o0x7f9f6f00dee8 .functor BUFZ 16, C4<zzzzzzzzzzzzzzzz>; HiZ drive
v0x555f345ea4d0_332 .net v0x555f345ea4d0 332, 15 0, o0x7f9f6f00dee8; 0 drivers
o0x7f9f6f00df18 .functor BUFZ 16, C4<zzzzzzzzzzzzzzzz>; HiZ drive
v0x555f345ea4d0_333 .net v0x555f345ea4d0 333, 15 0, o0x7f9f6f00df18; 0 drivers
o0x7f9f6f00df48 .functor BUFZ 16, C4<zzzzzzzzzzzzzzzz>; HiZ drive
v0x555f345ea4d0_334 .net v0x555f345ea4d0 334, 15 0, o0x7f9f6f00df48; 0 drivers
o0x7f9f6f00df78 .functor BUFZ 16, C4<zzzzzzzzzzzzzzzz>; HiZ drive
v0x555f345ea4d0_335 .net v0x555f345ea4d0 335, 15 0, o0x7f9f6f00df78; 0 drivers
o0x7f9f6f00dfa8 .functor BUFZ 16, C4<zzzzzzzzzzzzzzzz>; HiZ drive
v0x555f345ea4d0_336 .net v0x555f345ea4d0 336, 15 0, o0x7f9f6f00dfa8; 0 drivers
o0x7f9f6f00dfd8 .functor BUFZ 16, C4<zzzzzzzzzzzzzzzz>; HiZ drive
v0x555f345ea4d0_337 .net v0x555f345ea4d0 337, 15 0, o0x7f9f6f00dfd8; 0 drivers
o0x7f9f6f00e008 .functor BUFZ 16, C4<zzzzzzzzzzzzzzzz>; HiZ drive
v0x555f345ea4d0_338 .net v0x555f345ea4d0 338, 15 0, o0x7f9f6f00e008; 0 drivers
o0x7f9f6f00e038 .functor BUFZ 16, C4<zzzzzzzzzzzzzzzz>; HiZ drive
v0x555f345ea4d0_339 .net v0x555f345ea4d0 339, 15 0, o0x7f9f6f00e038; 0 drivers
o0x7f9f6f00e068 .functor BUFZ 16, C4<zzzzzzzzzzzzzzzz>; HiZ drive
v0x555f345ea4d0_340 .net v0x555f345ea4d0 340, 15 0, o0x7f9f6f00e068; 0 drivers
o0x7f9f6f00e098 .functor BUFZ 16, C4<zzzzzzzzzzzzzzzz>; HiZ drive
v0x555f345ea4d0_341 .net v0x555f345ea4d0 341, 15 0, o0x7f9f6f00e098; 0 drivers
o0x7f9f6f00e0c8 .functor BUFZ 16, C4<zzzzzzzzzzzzzzzz>; HiZ drive
v0x555f345ea4d0_342 .net v0x555f345ea4d0 342, 15 0, o0x7f9f6f00e0c8; 0 drivers
o0x7f9f6f00e0f8 .functor BUFZ 16, C4<zzzzzzzzzzzzzzzz>; HiZ drive
v0x555f345ea4d0_343 .net v0x555f345ea4d0 343, 15 0, o0x7f9f6f00e0f8; 0 drivers
o0x7f9f6f00e128 .functor BUFZ 16, C4<zzzzzzzzzzzzzzzz>; HiZ drive
v0x555f345ea4d0_344 .net v0x555f345ea4d0 344, 15 0, o0x7f9f6f00e128; 0 drivers
o0x7f9f6f00e158 .functor BUFZ 16, C4<zzzzzzzzzzzzzzzz>; HiZ drive
v0x555f345ea4d0_345 .net v0x555f345ea4d0 345, 15 0, o0x7f9f6f00e158; 0 drivers
o0x7f9f6f00e188 .functor BUFZ 16, C4<zzzzzzzzzzzzzzzz>; HiZ drive
v0x555f345ea4d0_346 .net v0x555f345ea4d0 346, 15 0, o0x7f9f6f00e188; 0 drivers
o0x7f9f6f00e1b8 .functor BUFZ 16, C4<zzzzzzzzzzzzzzzz>; HiZ drive
v0x555f345ea4d0_347 .net v0x555f345ea4d0 347, 15 0, o0x7f9f6f00e1b8; 0 drivers
o0x7f9f6f00e1e8 .functor BUFZ 16, C4<zzzzzzzzzzzzzzzz>; HiZ drive
v0x555f345ea4d0_348 .net v0x555f345ea4d0 348, 15 0, o0x7f9f6f00e1e8; 0 drivers
o0x7f9f6f00e218 .functor BUFZ 16, C4<zzzzzzzzzzzzzzzz>; HiZ drive
v0x555f345ea4d0_349 .net v0x555f345ea4d0 349, 15 0, o0x7f9f6f00e218; 0 drivers
o0x7f9f6f00e248 .functor BUFZ 16, C4<zzzzzzzzzzzzzzzz>; HiZ drive
v0x555f345ea4d0_350 .net v0x555f345ea4d0 350, 15 0, o0x7f9f6f00e248; 0 drivers
o0x7f9f6f00e278 .functor BUFZ 16, C4<zzzzzzzzzzzzzzzz>; HiZ drive
v0x555f345ea4d0_351 .net v0x555f345ea4d0 351, 15 0, o0x7f9f6f00e278; 0 drivers
o0x7f9f6f00e2a8 .functor BUFZ 16, C4<zzzzzzzzzzzzzzzz>; HiZ drive
v0x555f345ea4d0_352 .net v0x555f345ea4d0 352, 15 0, o0x7f9f6f00e2a8; 0 drivers
o0x7f9f6f00e2d8 .functor BUFZ 16, C4<zzzzzzzzzzzzzzzz>; HiZ drive
v0x555f345ea4d0_353 .net v0x555f345ea4d0 353, 15 0, o0x7f9f6f00e2d8; 0 drivers
o0x7f9f6f00e308 .functor BUFZ 16, C4<zzzzzzzzzzzzzzzz>; HiZ drive
v0x555f345ea4d0_354 .net v0x555f345ea4d0 354, 15 0, o0x7f9f6f00e308; 0 drivers
o0x7f9f6f00e338 .functor BUFZ 16, C4<zzzzzzzzzzzzzzzz>; HiZ drive
v0x555f345ea4d0_355 .net v0x555f345ea4d0 355, 15 0, o0x7f9f6f00e338; 0 drivers
o0x7f9f6f00e368 .functor BUFZ 16, C4<zzzzzzzzzzzzzzzz>; HiZ drive
v0x555f345ea4d0_356 .net v0x555f345ea4d0 356, 15 0, o0x7f9f6f00e368; 0 drivers
o0x7f9f6f00e398 .functor BUFZ 16, C4<zzzzzzzzzzzzzzzz>; HiZ drive
v0x555f345ea4d0_357 .net v0x555f345ea4d0 357, 15 0, o0x7f9f6f00e398; 0 drivers
o0x7f9f6f00e3c8 .functor BUFZ 16, C4<zzzzzzzzzzzzzzzz>; HiZ drive
v0x555f345ea4d0_358 .net v0x555f345ea4d0 358, 15 0, o0x7f9f6f00e3c8; 0 drivers
o0x7f9f6f00e3f8 .functor BUFZ 16, C4<zzzzzzzzzzzzzzzz>; HiZ drive
v0x555f345ea4d0_359 .net v0x555f345ea4d0 359, 15 0, o0x7f9f6f00e3f8; 0 drivers
o0x7f9f6f00e428 .functor BUFZ 16, C4<zzzzzzzzzzzzzzzz>; HiZ drive
v0x555f345ea4d0_360 .net v0x555f345ea4d0 360, 15 0, o0x7f9f6f00e428; 0 drivers
o0x7f9f6f00e458 .functor BUFZ 16, C4<zzzzzzzzzzzzzzzz>; HiZ drive
v0x555f345ea4d0_361 .net v0x555f345ea4d0 361, 15 0, o0x7f9f6f00e458; 0 drivers
o0x7f9f6f00e488 .functor BUFZ 16, C4<zzzzzzzzzzzzzzzz>; HiZ drive
v0x555f345ea4d0_362 .net v0x555f345ea4d0 362, 15 0, o0x7f9f6f00e488; 0 drivers
o0x7f9f6f00e4b8 .functor BUFZ 16, C4<zzzzzzzzzzzzzzzz>; HiZ drive
v0x555f345ea4d0_363 .net v0x555f345ea4d0 363, 15 0, o0x7f9f6f00e4b8; 0 drivers
o0x7f9f6f00e4e8 .functor BUFZ 16, C4<zzzzzzzzzzzzzzzz>; HiZ drive
v0x555f345ea4d0_364 .net v0x555f345ea4d0 364, 15 0, o0x7f9f6f00e4e8; 0 drivers
o0x7f9f6f00e518 .functor BUFZ 16, C4<zzzzzzzzzzzzzzzz>; HiZ drive
v0x555f345ea4d0_365 .net v0x555f345ea4d0 365, 15 0, o0x7f9f6f00e518; 0 drivers
o0x7f9f6f00e548 .functor BUFZ 16, C4<zzzzzzzzzzzzzzzz>; HiZ drive
v0x555f345ea4d0_366 .net v0x555f345ea4d0 366, 15 0, o0x7f9f6f00e548; 0 drivers
o0x7f9f6f00e578 .functor BUFZ 16, C4<zzzzzzzzzzzzzzzz>; HiZ drive
v0x555f345ea4d0_367 .net v0x555f345ea4d0 367, 15 0, o0x7f9f6f00e578; 0 drivers
o0x7f9f6f00e5a8 .functor BUFZ 16, C4<zzzzzzzzzzzzzzzz>; HiZ drive
v0x555f345ea4d0_368 .net v0x555f345ea4d0 368, 15 0, o0x7f9f6f00e5a8; 0 drivers
o0x7f9f6f00e5d8 .functor BUFZ 16, C4<zzzzzzzzzzzzzzzz>; HiZ drive
v0x555f345ea4d0_369 .net v0x555f345ea4d0 369, 15 0, o0x7f9f6f00e5d8; 0 drivers
o0x7f9f6f00e608 .functor BUFZ 16, C4<zzzzzzzzzzzzzzzz>; HiZ drive
v0x555f345ea4d0_370 .net v0x555f345ea4d0 370, 15 0, o0x7f9f6f00e608; 0 drivers
o0x7f9f6f00e638 .functor BUFZ 16, C4<zzzzzzzzzzzzzzzz>; HiZ drive
v0x555f345ea4d0_371 .net v0x555f345ea4d0 371, 15 0, o0x7f9f6f00e638; 0 drivers
o0x7f9f6f00e668 .functor BUFZ 16, C4<zzzzzzzzzzzzzzzz>; HiZ drive
v0x555f345ea4d0_372 .net v0x555f345ea4d0 372, 15 0, o0x7f9f6f00e668; 0 drivers
o0x7f9f6f00e698 .functor BUFZ 16, C4<zzzzzzzzzzzzzzzz>; HiZ drive
v0x555f345ea4d0_373 .net v0x555f345ea4d0 373, 15 0, o0x7f9f6f00e698; 0 drivers
o0x7f9f6f00e6c8 .functor BUFZ 16, C4<zzzzzzzzzzzzzzzz>; HiZ drive
v0x555f345ea4d0_374 .net v0x555f345ea4d0 374, 15 0, o0x7f9f6f00e6c8; 0 drivers
o0x7f9f6f00e6f8 .functor BUFZ 16, C4<zzzzzzzzzzzzzzzz>; HiZ drive
v0x555f345ea4d0_375 .net v0x555f345ea4d0 375, 15 0, o0x7f9f6f00e6f8; 0 drivers
o0x7f9f6f00e728 .functor BUFZ 16, C4<zzzzzzzzzzzzzzzz>; HiZ drive
v0x555f345ea4d0_376 .net v0x555f345ea4d0 376, 15 0, o0x7f9f6f00e728; 0 drivers
o0x7f9f6f00e758 .functor BUFZ 16, C4<zzzzzzzzzzzzzzzz>; HiZ drive
v0x555f345ea4d0_377 .net v0x555f345ea4d0 377, 15 0, o0x7f9f6f00e758; 0 drivers
o0x7f9f6f00e788 .functor BUFZ 16, C4<zzzzzzzzzzzzzzzz>; HiZ drive
v0x555f345ea4d0_378 .net v0x555f345ea4d0 378, 15 0, o0x7f9f6f00e788; 0 drivers
o0x7f9f6f00e7b8 .functor BUFZ 16, C4<zzzzzzzzzzzzzzzz>; HiZ drive
v0x555f345ea4d0_379 .net v0x555f345ea4d0 379, 15 0, o0x7f9f6f00e7b8; 0 drivers
o0x7f9f6f00e7e8 .functor BUFZ 16, C4<zzzzzzzzzzzzzzzz>; HiZ drive
v0x555f345ea4d0_380 .net v0x555f345ea4d0 380, 15 0, o0x7f9f6f00e7e8; 0 drivers
o0x7f9f6f00e818 .functor BUFZ 16, C4<zzzzzzzzzzzzzzzz>; HiZ drive
v0x555f345ea4d0_381 .net v0x555f345ea4d0 381, 15 0, o0x7f9f6f00e818; 0 drivers
o0x7f9f6f00e848 .functor BUFZ 16, C4<zzzzzzzzzzzzzzzz>; HiZ drive
v0x555f345ea4d0_382 .net v0x555f345ea4d0 382, 15 0, o0x7f9f6f00e848; 0 drivers
o0x7f9f6f00e878 .functor BUFZ 16, C4<zzzzzzzzzzzzzzzz>; HiZ drive
v0x555f345ea4d0_383 .net v0x555f345ea4d0 383, 15 0, o0x7f9f6f00e878; 0 drivers
o0x7f9f6f00e8a8 .functor BUFZ 16, C4<zzzzzzzzzzzzzzzz>; HiZ drive
v0x555f345ea4d0_384 .net v0x555f345ea4d0 384, 15 0, o0x7f9f6f00e8a8; 0 drivers
o0x7f9f6f00e8d8 .functor BUFZ 16, C4<zzzzzzzzzzzzzzzz>; HiZ drive
v0x555f345ea4d0_385 .net v0x555f345ea4d0 385, 15 0, o0x7f9f6f00e8d8; 0 drivers
o0x7f9f6f00e908 .functor BUFZ 16, C4<zzzzzzzzzzzzzzzz>; HiZ drive
v0x555f345ea4d0_386 .net v0x555f345ea4d0 386, 15 0, o0x7f9f6f00e908; 0 drivers
o0x7f9f6f00e938 .functor BUFZ 16, C4<zzzzzzzzzzzzzzzz>; HiZ drive
v0x555f345ea4d0_387 .net v0x555f345ea4d0 387, 15 0, o0x7f9f6f00e938; 0 drivers
o0x7f9f6f00e968 .functor BUFZ 16, C4<zzzzzzzzzzzzzzzz>; HiZ drive
v0x555f345ea4d0_388 .net v0x555f345ea4d0 388, 15 0, o0x7f9f6f00e968; 0 drivers
o0x7f9f6f00e998 .functor BUFZ 16, C4<zzzzzzzzzzzzzzzz>; HiZ drive
v0x555f345ea4d0_389 .net v0x555f345ea4d0 389, 15 0, o0x7f9f6f00e998; 0 drivers
o0x7f9f6f00e9c8 .functor BUFZ 16, C4<zzzzzzzzzzzzzzzz>; HiZ drive
v0x555f345ea4d0_390 .net v0x555f345ea4d0 390, 15 0, o0x7f9f6f00e9c8; 0 drivers
o0x7f9f6f00e9f8 .functor BUFZ 16, C4<zzzzzzzzzzzzzzzz>; HiZ drive
v0x555f345ea4d0_391 .net v0x555f345ea4d0 391, 15 0, o0x7f9f6f00e9f8; 0 drivers
o0x7f9f6f00ea28 .functor BUFZ 16, C4<zzzzzzzzzzzzzzzz>; HiZ drive
v0x555f345ea4d0_392 .net v0x555f345ea4d0 392, 15 0, o0x7f9f6f00ea28; 0 drivers
o0x7f9f6f00ea58 .functor BUFZ 16, C4<zzzzzzzzzzzzzzzz>; HiZ drive
v0x555f345ea4d0_393 .net v0x555f345ea4d0 393, 15 0, o0x7f9f6f00ea58; 0 drivers
o0x7f9f6f00ea88 .functor BUFZ 16, C4<zzzzzzzzzzzzzzzz>; HiZ drive
v0x555f345ea4d0_394 .net v0x555f345ea4d0 394, 15 0, o0x7f9f6f00ea88; 0 drivers
o0x7f9f6f00eab8 .functor BUFZ 16, C4<zzzzzzzzzzzzzzzz>; HiZ drive
v0x555f345ea4d0_395 .net v0x555f345ea4d0 395, 15 0, o0x7f9f6f00eab8; 0 drivers
o0x7f9f6f00eae8 .functor BUFZ 16, C4<zzzzzzzzzzzzzzzz>; HiZ drive
v0x555f345ea4d0_396 .net v0x555f345ea4d0 396, 15 0, o0x7f9f6f00eae8; 0 drivers
o0x7f9f6f00eb18 .functor BUFZ 16, C4<zzzzzzzzzzzzzzzz>; HiZ drive
v0x555f345ea4d0_397 .net v0x555f345ea4d0 397, 15 0, o0x7f9f6f00eb18; 0 drivers
o0x7f9f6f00eb48 .functor BUFZ 16, C4<zzzzzzzzzzzzzzzz>; HiZ drive
v0x555f345ea4d0_398 .net v0x555f345ea4d0 398, 15 0, o0x7f9f6f00eb48; 0 drivers
o0x7f9f6f00eb78 .functor BUFZ 16, C4<zzzzzzzzzzzzzzzz>; HiZ drive
v0x555f345ea4d0_399 .net v0x555f345ea4d0 399, 15 0, o0x7f9f6f00eb78; 0 drivers
o0x7f9f6f00eba8 .functor BUFZ 16, C4<zzzzzzzzzzzzzzzz>; HiZ drive
v0x555f345ea4d0_400 .net v0x555f345ea4d0 400, 15 0, o0x7f9f6f00eba8; 0 drivers
o0x7f9f6f00ebd8 .functor BUFZ 16, C4<zzzzzzzzzzzzzzzz>; HiZ drive
v0x555f345ea4d0_401 .net v0x555f345ea4d0 401, 15 0, o0x7f9f6f00ebd8; 0 drivers
o0x7f9f6f00ec08 .functor BUFZ 16, C4<zzzzzzzzzzzzzzzz>; HiZ drive
v0x555f345ea4d0_402 .net v0x555f345ea4d0 402, 15 0, o0x7f9f6f00ec08; 0 drivers
o0x7f9f6f00ec38 .functor BUFZ 16, C4<zzzzzzzzzzzzzzzz>; HiZ drive
v0x555f345ea4d0_403 .net v0x555f345ea4d0 403, 15 0, o0x7f9f6f00ec38; 0 drivers
o0x7f9f6f00ec68 .functor BUFZ 16, C4<zzzzzzzzzzzzzzzz>; HiZ drive
v0x555f345ea4d0_404 .net v0x555f345ea4d0 404, 15 0, o0x7f9f6f00ec68; 0 drivers
o0x7f9f6f00ec98 .functor BUFZ 16, C4<zzzzzzzzzzzzzzzz>; HiZ drive
v0x555f345ea4d0_405 .net v0x555f345ea4d0 405, 15 0, o0x7f9f6f00ec98; 0 drivers
o0x7f9f6f00ecc8 .functor BUFZ 16, C4<zzzzzzzzzzzzzzzz>; HiZ drive
v0x555f345ea4d0_406 .net v0x555f345ea4d0 406, 15 0, o0x7f9f6f00ecc8; 0 drivers
o0x7f9f6f00ecf8 .functor BUFZ 16, C4<zzzzzzzzzzzzzzzz>; HiZ drive
v0x555f345ea4d0_407 .net v0x555f345ea4d0 407, 15 0, o0x7f9f6f00ecf8; 0 drivers
o0x7f9f6f00ed28 .functor BUFZ 16, C4<zzzzzzzzzzzzzzzz>; HiZ drive
v0x555f345ea4d0_408 .net v0x555f345ea4d0 408, 15 0, o0x7f9f6f00ed28; 0 drivers
o0x7f9f6f00ed58 .functor BUFZ 16, C4<zzzzzzzzzzzzzzzz>; HiZ drive
v0x555f345ea4d0_409 .net v0x555f345ea4d0 409, 15 0, o0x7f9f6f00ed58; 0 drivers
o0x7f9f6f00ed88 .functor BUFZ 16, C4<zzzzzzzzzzzzzzzz>; HiZ drive
v0x555f345ea4d0_410 .net v0x555f345ea4d0 410, 15 0, o0x7f9f6f00ed88; 0 drivers
o0x7f9f6f00edb8 .functor BUFZ 16, C4<zzzzzzzzzzzzzzzz>; HiZ drive
v0x555f345ea4d0_411 .net v0x555f345ea4d0 411, 15 0, o0x7f9f6f00edb8; 0 drivers
o0x7f9f6f00ede8 .functor BUFZ 16, C4<zzzzzzzzzzzzzzzz>; HiZ drive
v0x555f345ea4d0_412 .net v0x555f345ea4d0 412, 15 0, o0x7f9f6f00ede8; 0 drivers
o0x7f9f6f00ee18 .functor BUFZ 16, C4<zzzzzzzzzzzzzzzz>; HiZ drive
v0x555f345ea4d0_413 .net v0x555f345ea4d0 413, 15 0, o0x7f9f6f00ee18; 0 drivers
o0x7f9f6f00ee48 .functor BUFZ 16, C4<zzzzzzzzzzzzzzzz>; HiZ drive
v0x555f345ea4d0_414 .net v0x555f345ea4d0 414, 15 0, o0x7f9f6f00ee48; 0 drivers
o0x7f9f6f00ee78 .functor BUFZ 16, C4<zzzzzzzzzzzzzzzz>; HiZ drive
v0x555f345ea4d0_415 .net v0x555f345ea4d0 415, 15 0, o0x7f9f6f00ee78; 0 drivers
o0x7f9f6f00eea8 .functor BUFZ 16, C4<zzzzzzzzzzzzzzzz>; HiZ drive
v0x555f345ea4d0_416 .net v0x555f345ea4d0 416, 15 0, o0x7f9f6f00eea8; 0 drivers
o0x7f9f6f00eed8 .functor BUFZ 16, C4<zzzzzzzzzzzzzzzz>; HiZ drive
v0x555f345ea4d0_417 .net v0x555f345ea4d0 417, 15 0, o0x7f9f6f00eed8; 0 drivers
o0x7f9f6f00ef08 .functor BUFZ 16, C4<zzzzzzzzzzzzzzzz>; HiZ drive
v0x555f345ea4d0_418 .net v0x555f345ea4d0 418, 15 0, o0x7f9f6f00ef08; 0 drivers
o0x7f9f6f00ef38 .functor BUFZ 16, C4<zzzzzzzzzzzzzzzz>; HiZ drive
v0x555f345ea4d0_419 .net v0x555f345ea4d0 419, 15 0, o0x7f9f6f00ef38; 0 drivers
o0x7f9f6f00ef68 .functor BUFZ 16, C4<zzzzzzzzzzzzzzzz>; HiZ drive
v0x555f345ea4d0_420 .net v0x555f345ea4d0 420, 15 0, o0x7f9f6f00ef68; 0 drivers
o0x7f9f6f00ef98 .functor BUFZ 16, C4<zzzzzzzzzzzzzzzz>; HiZ drive
v0x555f345ea4d0_421 .net v0x555f345ea4d0 421, 15 0, o0x7f9f6f00ef98; 0 drivers
o0x7f9f6f00efc8 .functor BUFZ 16, C4<zzzzzzzzzzzzzzzz>; HiZ drive
v0x555f345ea4d0_422 .net v0x555f345ea4d0 422, 15 0, o0x7f9f6f00efc8; 0 drivers
o0x7f9f6f00eff8 .functor BUFZ 16, C4<zzzzzzzzzzzzzzzz>; HiZ drive
v0x555f345ea4d0_423 .net v0x555f345ea4d0 423, 15 0, o0x7f9f6f00eff8; 0 drivers
o0x7f9f6f00f028 .functor BUFZ 16, C4<zzzzzzzzzzzzzzzz>; HiZ drive
v0x555f345ea4d0_424 .net v0x555f345ea4d0 424, 15 0, o0x7f9f6f00f028; 0 drivers
o0x7f9f6f00f058 .functor BUFZ 16, C4<zzzzzzzzzzzzzzzz>; HiZ drive
v0x555f345ea4d0_425 .net v0x555f345ea4d0 425, 15 0, o0x7f9f6f00f058; 0 drivers
o0x7f9f6f00f088 .functor BUFZ 16, C4<zzzzzzzzzzzzzzzz>; HiZ drive
v0x555f345ea4d0_426 .net v0x555f345ea4d0 426, 15 0, o0x7f9f6f00f088; 0 drivers
o0x7f9f6f00f0b8 .functor BUFZ 16, C4<zzzzzzzzzzzzzzzz>; HiZ drive
v0x555f345ea4d0_427 .net v0x555f345ea4d0 427, 15 0, o0x7f9f6f00f0b8; 0 drivers
o0x7f9f6f00f0e8 .functor BUFZ 16, C4<zzzzzzzzzzzzzzzz>; HiZ drive
v0x555f345ea4d0_428 .net v0x555f345ea4d0 428, 15 0, o0x7f9f6f00f0e8; 0 drivers
o0x7f9f6f00f118 .functor BUFZ 16, C4<zzzzzzzzzzzzzzzz>; HiZ drive
v0x555f345ea4d0_429 .net v0x555f345ea4d0 429, 15 0, o0x7f9f6f00f118; 0 drivers
o0x7f9f6f00f148 .functor BUFZ 16, C4<zzzzzzzzzzzzzzzz>; HiZ drive
v0x555f345ea4d0_430 .net v0x555f345ea4d0 430, 15 0, o0x7f9f6f00f148; 0 drivers
o0x7f9f6f00f178 .functor BUFZ 16, C4<zzzzzzzzzzzzzzzz>; HiZ drive
v0x555f345ea4d0_431 .net v0x555f345ea4d0 431, 15 0, o0x7f9f6f00f178; 0 drivers
o0x7f9f6f00f1a8 .functor BUFZ 16, C4<zzzzzzzzzzzzzzzz>; HiZ drive
v0x555f345ea4d0_432 .net v0x555f345ea4d0 432, 15 0, o0x7f9f6f00f1a8; 0 drivers
o0x7f9f6f00f1d8 .functor BUFZ 16, C4<zzzzzzzzzzzzzzzz>; HiZ drive
v0x555f345ea4d0_433 .net v0x555f345ea4d0 433, 15 0, o0x7f9f6f00f1d8; 0 drivers
o0x7f9f6f00f208 .functor BUFZ 16, C4<zzzzzzzzzzzzzzzz>; HiZ drive
v0x555f345ea4d0_434 .net v0x555f345ea4d0 434, 15 0, o0x7f9f6f00f208; 0 drivers
o0x7f9f6f00f238 .functor BUFZ 16, C4<zzzzzzzzzzzzzzzz>; HiZ drive
v0x555f345ea4d0_435 .net v0x555f345ea4d0 435, 15 0, o0x7f9f6f00f238; 0 drivers
o0x7f9f6f00f268 .functor BUFZ 16, C4<zzzzzzzzzzzzzzzz>; HiZ drive
v0x555f345ea4d0_436 .net v0x555f345ea4d0 436, 15 0, o0x7f9f6f00f268; 0 drivers
o0x7f9f6f00f298 .functor BUFZ 16, C4<zzzzzzzzzzzzzzzz>; HiZ drive
v0x555f345ea4d0_437 .net v0x555f345ea4d0 437, 15 0, o0x7f9f6f00f298; 0 drivers
o0x7f9f6f00f2c8 .functor BUFZ 16, C4<zzzzzzzzzzzzzzzz>; HiZ drive
v0x555f345ea4d0_438 .net v0x555f345ea4d0 438, 15 0, o0x7f9f6f00f2c8; 0 drivers
o0x7f9f6f00f2f8 .functor BUFZ 16, C4<zzzzzzzzzzzzzzzz>; HiZ drive
v0x555f345ea4d0_439 .net v0x555f345ea4d0 439, 15 0, o0x7f9f6f00f2f8; 0 drivers
o0x7f9f6f00f328 .functor BUFZ 16, C4<zzzzzzzzzzzzzzzz>; HiZ drive
v0x555f345ea4d0_440 .net v0x555f345ea4d0 440, 15 0, o0x7f9f6f00f328; 0 drivers
o0x7f9f6f00f358 .functor BUFZ 16, C4<zzzzzzzzzzzzzzzz>; HiZ drive
v0x555f345ea4d0_441 .net v0x555f345ea4d0 441, 15 0, o0x7f9f6f00f358; 0 drivers
o0x7f9f6f00f388 .functor BUFZ 16, C4<zzzzzzzzzzzzzzzz>; HiZ drive
v0x555f345ea4d0_442 .net v0x555f345ea4d0 442, 15 0, o0x7f9f6f00f388; 0 drivers
o0x7f9f6f00f3b8 .functor BUFZ 16, C4<zzzzzzzzzzzzzzzz>; HiZ drive
v0x555f345ea4d0_443 .net v0x555f345ea4d0 443, 15 0, o0x7f9f6f00f3b8; 0 drivers
o0x7f9f6f00f3e8 .functor BUFZ 16, C4<zzzzzzzzzzzzzzzz>; HiZ drive
v0x555f345ea4d0_444 .net v0x555f345ea4d0 444, 15 0, o0x7f9f6f00f3e8; 0 drivers
o0x7f9f6f00f418 .functor BUFZ 16, C4<zzzzzzzzzzzzzzzz>; HiZ drive
v0x555f345ea4d0_445 .net v0x555f345ea4d0 445, 15 0, o0x7f9f6f00f418; 0 drivers
o0x7f9f6f00f448 .functor BUFZ 16, C4<zzzzzzzzzzzzzzzz>; HiZ drive
v0x555f345ea4d0_446 .net v0x555f345ea4d0 446, 15 0, o0x7f9f6f00f448; 0 drivers
o0x7f9f6f00f478 .functor BUFZ 16, C4<zzzzzzzzzzzzzzzz>; HiZ drive
v0x555f345ea4d0_447 .net v0x555f345ea4d0 447, 15 0, o0x7f9f6f00f478; 0 drivers
o0x7f9f6f00f4a8 .functor BUFZ 16, C4<zzzzzzzzzzzzzzzz>; HiZ drive
v0x555f345ea4d0_448 .net v0x555f345ea4d0 448, 15 0, o0x7f9f6f00f4a8; 0 drivers
o0x7f9f6f00f4d8 .functor BUFZ 16, C4<zzzzzzzzzzzzzzzz>; HiZ drive
v0x555f345ea4d0_449 .net v0x555f345ea4d0 449, 15 0, o0x7f9f6f00f4d8; 0 drivers
o0x7f9f6f00f508 .functor BUFZ 16, C4<zzzzzzzzzzzzzzzz>; HiZ drive
v0x555f345ea4d0_450 .net v0x555f345ea4d0 450, 15 0, o0x7f9f6f00f508; 0 drivers
o0x7f9f6f00f538 .functor BUFZ 16, C4<zzzzzzzzzzzzzzzz>; HiZ drive
v0x555f345ea4d0_451 .net v0x555f345ea4d0 451, 15 0, o0x7f9f6f00f538; 0 drivers
o0x7f9f6f00f568 .functor BUFZ 16, C4<zzzzzzzzzzzzzzzz>; HiZ drive
v0x555f345ea4d0_452 .net v0x555f345ea4d0 452, 15 0, o0x7f9f6f00f568; 0 drivers
o0x7f9f6f00f598 .functor BUFZ 16, C4<zzzzzzzzzzzzzzzz>; HiZ drive
v0x555f345ea4d0_453 .net v0x555f345ea4d0 453, 15 0, o0x7f9f6f00f598; 0 drivers
o0x7f9f6f00f5c8 .functor BUFZ 16, C4<zzzzzzzzzzzzzzzz>; HiZ drive
v0x555f345ea4d0_454 .net v0x555f345ea4d0 454, 15 0, o0x7f9f6f00f5c8; 0 drivers
o0x7f9f6f00f5f8 .functor BUFZ 16, C4<zzzzzzzzzzzzzzzz>; HiZ drive
v0x555f345ea4d0_455 .net v0x555f345ea4d0 455, 15 0, o0x7f9f6f00f5f8; 0 drivers
o0x7f9f6f00f628 .functor BUFZ 16, C4<zzzzzzzzzzzzzzzz>; HiZ drive
v0x555f345ea4d0_456 .net v0x555f345ea4d0 456, 15 0, o0x7f9f6f00f628; 0 drivers
o0x7f9f6f00f658 .functor BUFZ 16, C4<zzzzzzzzzzzzzzzz>; HiZ drive
v0x555f345ea4d0_457 .net v0x555f345ea4d0 457, 15 0, o0x7f9f6f00f658; 0 drivers
o0x7f9f6f00f688 .functor BUFZ 16, C4<zzzzzzzzzzzzzzzz>; HiZ drive
v0x555f345ea4d0_458 .net v0x555f345ea4d0 458, 15 0, o0x7f9f6f00f688; 0 drivers
o0x7f9f6f00f6b8 .functor BUFZ 16, C4<zzzzzzzzzzzzzzzz>; HiZ drive
v0x555f345ea4d0_459 .net v0x555f345ea4d0 459, 15 0, o0x7f9f6f00f6b8; 0 drivers
o0x7f9f6f00f6e8 .functor BUFZ 16, C4<zzzzzzzzzzzzzzzz>; HiZ drive
v0x555f345ea4d0_460 .net v0x555f345ea4d0 460, 15 0, o0x7f9f6f00f6e8; 0 drivers
o0x7f9f6f00f718 .functor BUFZ 16, C4<zzzzzzzzzzzzzzzz>; HiZ drive
v0x555f345ea4d0_461 .net v0x555f345ea4d0 461, 15 0, o0x7f9f6f00f718; 0 drivers
o0x7f9f6f00f748 .functor BUFZ 16, C4<zzzzzzzzzzzzzzzz>; HiZ drive
v0x555f345ea4d0_462 .net v0x555f345ea4d0 462, 15 0, o0x7f9f6f00f748; 0 drivers
o0x7f9f6f00f778 .functor BUFZ 16, C4<zzzzzzzzzzzzzzzz>; HiZ drive
v0x555f345ea4d0_463 .net v0x555f345ea4d0 463, 15 0, o0x7f9f6f00f778; 0 drivers
o0x7f9f6f00f7a8 .functor BUFZ 16, C4<zzzzzzzzzzzzzzzz>; HiZ drive
v0x555f345ea4d0_464 .net v0x555f345ea4d0 464, 15 0, o0x7f9f6f00f7a8; 0 drivers
o0x7f9f6f00f7d8 .functor BUFZ 16, C4<zzzzzzzzzzzzzzzz>; HiZ drive
v0x555f345ea4d0_465 .net v0x555f345ea4d0 465, 15 0, o0x7f9f6f00f7d8; 0 drivers
o0x7f9f6f00f808 .functor BUFZ 16, C4<zzzzzzzzzzzzzzzz>; HiZ drive
v0x555f345ea4d0_466 .net v0x555f345ea4d0 466, 15 0, o0x7f9f6f00f808; 0 drivers
o0x7f9f6f00f838 .functor BUFZ 16, C4<zzzzzzzzzzzzzzzz>; HiZ drive
v0x555f345ea4d0_467 .net v0x555f345ea4d0 467, 15 0, o0x7f9f6f00f838; 0 drivers
o0x7f9f6f00f868 .functor BUFZ 16, C4<zzzzzzzzzzzzzzzz>; HiZ drive
v0x555f345ea4d0_468 .net v0x555f345ea4d0 468, 15 0, o0x7f9f6f00f868; 0 drivers
o0x7f9f6f00f898 .functor BUFZ 16, C4<zzzzzzzzzzzzzzzz>; HiZ drive
v0x555f345ea4d0_469 .net v0x555f345ea4d0 469, 15 0, o0x7f9f6f00f898; 0 drivers
o0x7f9f6f00f8c8 .functor BUFZ 16, C4<zzzzzzzzzzzzzzzz>; HiZ drive
v0x555f345ea4d0_470 .net v0x555f345ea4d0 470, 15 0, o0x7f9f6f00f8c8; 0 drivers
o0x7f9f6f00f8f8 .functor BUFZ 16, C4<zzzzzzzzzzzzzzzz>; HiZ drive
v0x555f345ea4d0_471 .net v0x555f345ea4d0 471, 15 0, o0x7f9f6f00f8f8; 0 drivers
o0x7f9f6f00f928 .functor BUFZ 16, C4<zzzzzzzzzzzzzzzz>; HiZ drive
v0x555f345ea4d0_472 .net v0x555f345ea4d0 472, 15 0, o0x7f9f6f00f928; 0 drivers
o0x7f9f6f00f958 .functor BUFZ 16, C4<zzzzzzzzzzzzzzzz>; HiZ drive
v0x555f345ea4d0_473 .net v0x555f345ea4d0 473, 15 0, o0x7f9f6f00f958; 0 drivers
o0x7f9f6f00f988 .functor BUFZ 16, C4<zzzzzzzzzzzzzzzz>; HiZ drive
v0x555f345ea4d0_474 .net v0x555f345ea4d0 474, 15 0, o0x7f9f6f00f988; 0 drivers
o0x7f9f6f00f9b8 .functor BUFZ 16, C4<zzzzzzzzzzzzzzzz>; HiZ drive
v0x555f345ea4d0_475 .net v0x555f345ea4d0 475, 15 0, o0x7f9f6f00f9b8; 0 drivers
o0x7f9f6f00f9e8 .functor BUFZ 16, C4<zzzzzzzzzzzzzzzz>; HiZ drive
v0x555f345ea4d0_476 .net v0x555f345ea4d0 476, 15 0, o0x7f9f6f00f9e8; 0 drivers
o0x7f9f6f00fa18 .functor BUFZ 16, C4<zzzzzzzzzzzzzzzz>; HiZ drive
v0x555f345ea4d0_477 .net v0x555f345ea4d0 477, 15 0, o0x7f9f6f00fa18; 0 drivers
o0x7f9f6f00fa48 .functor BUFZ 16, C4<zzzzzzzzzzzzzzzz>; HiZ drive
v0x555f345ea4d0_478 .net v0x555f345ea4d0 478, 15 0, o0x7f9f6f00fa48; 0 drivers
o0x7f9f6f00fa78 .functor BUFZ 16, C4<zzzzzzzzzzzzzzzz>; HiZ drive
v0x555f345ea4d0_479 .net v0x555f345ea4d0 479, 15 0, o0x7f9f6f00fa78; 0 drivers
o0x7f9f6f00faa8 .functor BUFZ 16, C4<zzzzzzzzzzzzzzzz>; HiZ drive
v0x555f345ea4d0_480 .net v0x555f345ea4d0 480, 15 0, o0x7f9f6f00faa8; 0 drivers
o0x7f9f6f00fad8 .functor BUFZ 16, C4<zzzzzzzzzzzzzzzz>; HiZ drive
v0x555f345ea4d0_481 .net v0x555f345ea4d0 481, 15 0, o0x7f9f6f00fad8; 0 drivers
o0x7f9f6f00fb08 .functor BUFZ 16, C4<zzzzzzzzzzzzzzzz>; HiZ drive
v0x555f345ea4d0_482 .net v0x555f345ea4d0 482, 15 0, o0x7f9f6f00fb08; 0 drivers
o0x7f9f6f00fb38 .functor BUFZ 16, C4<zzzzzzzzzzzzzzzz>; HiZ drive
v0x555f345ea4d0_483 .net v0x555f345ea4d0 483, 15 0, o0x7f9f6f00fb38; 0 drivers
o0x7f9f6f00fb68 .functor BUFZ 16, C4<zzzzzzzzzzzzzzzz>; HiZ drive
v0x555f345ea4d0_484 .net v0x555f345ea4d0 484, 15 0, o0x7f9f6f00fb68; 0 drivers
o0x7f9f6f00fb98 .functor BUFZ 16, C4<zzzzzzzzzzzzzzzz>; HiZ drive
v0x555f345ea4d0_485 .net v0x555f345ea4d0 485, 15 0, o0x7f9f6f00fb98; 0 drivers
o0x7f9f6f00fbc8 .functor BUFZ 16, C4<zzzzzzzzzzzzzzzz>; HiZ drive
v0x555f345ea4d0_486 .net v0x555f345ea4d0 486, 15 0, o0x7f9f6f00fbc8; 0 drivers
o0x7f9f6f00fbf8 .functor BUFZ 16, C4<zzzzzzzzzzzzzzzz>; HiZ drive
v0x555f345ea4d0_487 .net v0x555f345ea4d0 487, 15 0, o0x7f9f6f00fbf8; 0 drivers
o0x7f9f6f00fc28 .functor BUFZ 16, C4<zzzzzzzzzzzzzzzz>; HiZ drive
v0x555f345ea4d0_488 .net v0x555f345ea4d0 488, 15 0, o0x7f9f6f00fc28; 0 drivers
o0x7f9f6f00fc58 .functor BUFZ 16, C4<zzzzzzzzzzzzzzzz>; HiZ drive
v0x555f345ea4d0_489 .net v0x555f345ea4d0 489, 15 0, o0x7f9f6f00fc58; 0 drivers
o0x7f9f6f00fc88 .functor BUFZ 16, C4<zzzzzzzzzzzzzzzz>; HiZ drive
v0x555f345ea4d0_490 .net v0x555f345ea4d0 490, 15 0, o0x7f9f6f00fc88; 0 drivers
o0x7f9f6f00fcb8 .functor BUFZ 16, C4<zzzzzzzzzzzzzzzz>; HiZ drive
v0x555f345ea4d0_491 .net v0x555f345ea4d0 491, 15 0, o0x7f9f6f00fcb8; 0 drivers
o0x7f9f6f00fce8 .functor BUFZ 16, C4<zzzzzzzzzzzzzzzz>; HiZ drive
v0x555f345ea4d0_492 .net v0x555f345ea4d0 492, 15 0, o0x7f9f6f00fce8; 0 drivers
o0x7f9f6f00fd18 .functor BUFZ 16, C4<zzzzzzzzzzzzzzzz>; HiZ drive
v0x555f345ea4d0_493 .net v0x555f345ea4d0 493, 15 0, o0x7f9f6f00fd18; 0 drivers
o0x7f9f6f00fd48 .functor BUFZ 16, C4<zzzzzzzzzzzzzzzz>; HiZ drive
v0x555f345ea4d0_494 .net v0x555f345ea4d0 494, 15 0, o0x7f9f6f00fd48; 0 drivers
o0x7f9f6f00fd78 .functor BUFZ 16, C4<zzzzzzzzzzzzzzzz>; HiZ drive
v0x555f345ea4d0_495 .net v0x555f345ea4d0 495, 15 0, o0x7f9f6f00fd78; 0 drivers
o0x7f9f6f00fda8 .functor BUFZ 16, C4<zzzzzzzzzzzzzzzz>; HiZ drive
v0x555f345ea4d0_496 .net v0x555f345ea4d0 496, 15 0, o0x7f9f6f00fda8; 0 drivers
o0x7f9f6f00fdd8 .functor BUFZ 16, C4<zzzzzzzzzzzzzzzz>; HiZ drive
v0x555f345ea4d0_497 .net v0x555f345ea4d0 497, 15 0, o0x7f9f6f00fdd8; 0 drivers
o0x7f9f6f00fe08 .functor BUFZ 16, C4<zzzzzzzzzzzzzzzz>; HiZ drive
v0x555f345ea4d0_498 .net v0x555f345ea4d0 498, 15 0, o0x7f9f6f00fe08; 0 drivers
o0x7f9f6f00fe38 .functor BUFZ 16, C4<zzzzzzzzzzzzzzzz>; HiZ drive
v0x555f345ea4d0_499 .net v0x555f345ea4d0 499, 15 0, o0x7f9f6f00fe38; 0 drivers
o0x7f9f6f00fe68 .functor BUFZ 16, C4<zzzzzzzzzzzzzzzz>; HiZ drive
v0x555f345ea4d0_500 .net v0x555f345ea4d0 500, 15 0, o0x7f9f6f00fe68; 0 drivers
o0x7f9f6f00fe98 .functor BUFZ 16, C4<zzzzzzzzzzzzzzzz>; HiZ drive
v0x555f345ea4d0_501 .net v0x555f345ea4d0 501, 15 0, o0x7f9f6f00fe98; 0 drivers
o0x7f9f6f00fec8 .functor BUFZ 16, C4<zzzzzzzzzzzzzzzz>; HiZ drive
v0x555f345ea4d0_502 .net v0x555f345ea4d0 502, 15 0, o0x7f9f6f00fec8; 0 drivers
o0x7f9f6f00fef8 .functor BUFZ 16, C4<zzzzzzzzzzzzzzzz>; HiZ drive
v0x555f345ea4d0_503 .net v0x555f345ea4d0 503, 15 0, o0x7f9f6f00fef8; 0 drivers
o0x7f9f6f00ff28 .functor BUFZ 16, C4<zzzzzzzzzzzzzzzz>; HiZ drive
v0x555f345ea4d0_504 .net v0x555f345ea4d0 504, 15 0, o0x7f9f6f00ff28; 0 drivers
o0x7f9f6f00ff58 .functor BUFZ 16, C4<zzzzzzzzzzzzzzzz>; HiZ drive
v0x555f345ea4d0_505 .net v0x555f345ea4d0 505, 15 0, o0x7f9f6f00ff58; 0 drivers
o0x7f9f6f00ff88 .functor BUFZ 16, C4<zzzzzzzzzzzzzzzz>; HiZ drive
v0x555f345ea4d0_506 .net v0x555f345ea4d0 506, 15 0, o0x7f9f6f00ff88; 0 drivers
o0x7f9f6f00ffb8 .functor BUFZ 16, C4<zzzzzzzzzzzzzzzz>; HiZ drive
v0x555f345ea4d0_507 .net v0x555f345ea4d0 507, 15 0, o0x7f9f6f00ffb8; 0 drivers
o0x7f9f6f00ffe8 .functor BUFZ 16, C4<zzzzzzzzzzzzzzzz>; HiZ drive
v0x555f345ea4d0_508 .net v0x555f345ea4d0 508, 15 0, o0x7f9f6f00ffe8; 0 drivers
o0x7f9f6f010018 .functor BUFZ 16, C4<zzzzzzzzzzzzzzzz>; HiZ drive
v0x555f345ea4d0_509 .net v0x555f345ea4d0 509, 15 0, o0x7f9f6f010018; 0 drivers
o0x7f9f6f010048 .functor BUFZ 16, C4<zzzzzzzzzzzzzzzz>; HiZ drive
v0x555f345ea4d0_510 .net v0x555f345ea4d0 510, 15 0, o0x7f9f6f010048; 0 drivers
o0x7f9f6f010078 .functor BUFZ 16, C4<zzzzzzzzzzzzzzzz>; HiZ drive
v0x555f345ea4d0_511 .net v0x555f345ea4d0 511, 15 0, o0x7f9f6f010078; 0 drivers
o0x7f9f6f0100a8 .functor BUFZ 1, C4<z>; HiZ drive
v0x555f345ea570_0 .net "ext_valid", 0 0, o0x7f9f6f0100a8;  0 drivers
o0x7f9f6f0100d8 .functor BUFZ 16, C4<zzzzzzzzzzzzzzzz>; HiZ drive
v0x555f345f1cc0 .array "loop_data", 511 0;
v0x555f345f1cc0_0 .net v0x555f345f1cc0 0, 15 0, o0x7f9f6f0100d8; 0 drivers
o0x7f9f6f010108 .functor BUFZ 16, C4<zzzzzzzzzzzzzzzz>; HiZ drive
v0x555f345f1cc0_1 .net v0x555f345f1cc0 1, 15 0, o0x7f9f6f010108; 0 drivers
o0x7f9f6f010138 .functor BUFZ 16, C4<zzzzzzzzzzzzzzzz>; HiZ drive
v0x555f345f1cc0_2 .net v0x555f345f1cc0 2, 15 0, o0x7f9f6f010138; 0 drivers
o0x7f9f6f010168 .functor BUFZ 16, C4<zzzzzzzzzzzzzzzz>; HiZ drive
v0x555f345f1cc0_3 .net v0x555f345f1cc0 3, 15 0, o0x7f9f6f010168; 0 drivers
o0x7f9f6f010198 .functor BUFZ 16, C4<zzzzzzzzzzzzzzzz>; HiZ drive
v0x555f345f1cc0_4 .net v0x555f345f1cc0 4, 15 0, o0x7f9f6f010198; 0 drivers
o0x7f9f6f0101c8 .functor BUFZ 16, C4<zzzzzzzzzzzzzzzz>; HiZ drive
v0x555f345f1cc0_5 .net v0x555f345f1cc0 5, 15 0, o0x7f9f6f0101c8; 0 drivers
o0x7f9f6f0101f8 .functor BUFZ 16, C4<zzzzzzzzzzzzzzzz>; HiZ drive
v0x555f345f1cc0_6 .net v0x555f345f1cc0 6, 15 0, o0x7f9f6f0101f8; 0 drivers
o0x7f9f6f010228 .functor BUFZ 16, C4<zzzzzzzzzzzzzzzz>; HiZ drive
v0x555f345f1cc0_7 .net v0x555f345f1cc0 7, 15 0, o0x7f9f6f010228; 0 drivers
o0x7f9f6f010258 .functor BUFZ 16, C4<zzzzzzzzzzzzzzzz>; HiZ drive
v0x555f345f1cc0_8 .net v0x555f345f1cc0 8, 15 0, o0x7f9f6f010258; 0 drivers
o0x7f9f6f010288 .functor BUFZ 16, C4<zzzzzzzzzzzzzzzz>; HiZ drive
v0x555f345f1cc0_9 .net v0x555f345f1cc0 9, 15 0, o0x7f9f6f010288; 0 drivers
o0x7f9f6f0102b8 .functor BUFZ 16, C4<zzzzzzzzzzzzzzzz>; HiZ drive
v0x555f345f1cc0_10 .net v0x555f345f1cc0 10, 15 0, o0x7f9f6f0102b8; 0 drivers
o0x7f9f6f0102e8 .functor BUFZ 16, C4<zzzzzzzzzzzzzzzz>; HiZ drive
v0x555f345f1cc0_11 .net v0x555f345f1cc0 11, 15 0, o0x7f9f6f0102e8; 0 drivers
o0x7f9f6f010318 .functor BUFZ 16, C4<zzzzzzzzzzzzzzzz>; HiZ drive
v0x555f345f1cc0_12 .net v0x555f345f1cc0 12, 15 0, o0x7f9f6f010318; 0 drivers
o0x7f9f6f010348 .functor BUFZ 16, C4<zzzzzzzzzzzzzzzz>; HiZ drive
v0x555f345f1cc0_13 .net v0x555f345f1cc0 13, 15 0, o0x7f9f6f010348; 0 drivers
o0x7f9f6f010378 .functor BUFZ 16, C4<zzzzzzzzzzzzzzzz>; HiZ drive
v0x555f345f1cc0_14 .net v0x555f345f1cc0 14, 15 0, o0x7f9f6f010378; 0 drivers
o0x7f9f6f0103a8 .functor BUFZ 16, C4<zzzzzzzzzzzzzzzz>; HiZ drive
v0x555f345f1cc0_15 .net v0x555f345f1cc0 15, 15 0, o0x7f9f6f0103a8; 0 drivers
o0x7f9f6f0103d8 .functor BUFZ 16, C4<zzzzzzzzzzzzzzzz>; HiZ drive
v0x555f345f1cc0_16 .net v0x555f345f1cc0 16, 15 0, o0x7f9f6f0103d8; 0 drivers
o0x7f9f6f010408 .functor BUFZ 16, C4<zzzzzzzzzzzzzzzz>; HiZ drive
v0x555f345f1cc0_17 .net v0x555f345f1cc0 17, 15 0, o0x7f9f6f010408; 0 drivers
o0x7f9f6f010438 .functor BUFZ 16, C4<zzzzzzzzzzzzzzzz>; HiZ drive
v0x555f345f1cc0_18 .net v0x555f345f1cc0 18, 15 0, o0x7f9f6f010438; 0 drivers
o0x7f9f6f010468 .functor BUFZ 16, C4<zzzzzzzzzzzzzzzz>; HiZ drive
v0x555f345f1cc0_19 .net v0x555f345f1cc0 19, 15 0, o0x7f9f6f010468; 0 drivers
o0x7f9f6f010498 .functor BUFZ 16, C4<zzzzzzzzzzzzzzzz>; HiZ drive
v0x555f345f1cc0_20 .net v0x555f345f1cc0 20, 15 0, o0x7f9f6f010498; 0 drivers
o0x7f9f6f0104c8 .functor BUFZ 16, C4<zzzzzzzzzzzzzzzz>; HiZ drive
v0x555f345f1cc0_21 .net v0x555f345f1cc0 21, 15 0, o0x7f9f6f0104c8; 0 drivers
o0x7f9f6f0104f8 .functor BUFZ 16, C4<zzzzzzzzzzzzzzzz>; HiZ drive
v0x555f345f1cc0_22 .net v0x555f345f1cc0 22, 15 0, o0x7f9f6f0104f8; 0 drivers
o0x7f9f6f010528 .functor BUFZ 16, C4<zzzzzzzzzzzzzzzz>; HiZ drive
v0x555f345f1cc0_23 .net v0x555f345f1cc0 23, 15 0, o0x7f9f6f010528; 0 drivers
o0x7f9f6f010558 .functor BUFZ 16, C4<zzzzzzzzzzzzzzzz>; HiZ drive
v0x555f345f1cc0_24 .net v0x555f345f1cc0 24, 15 0, o0x7f9f6f010558; 0 drivers
o0x7f9f6f010588 .functor BUFZ 16, C4<zzzzzzzzzzzzzzzz>; HiZ drive
v0x555f345f1cc0_25 .net v0x555f345f1cc0 25, 15 0, o0x7f9f6f010588; 0 drivers
o0x7f9f6f0105b8 .functor BUFZ 16, C4<zzzzzzzzzzzzzzzz>; HiZ drive
v0x555f345f1cc0_26 .net v0x555f345f1cc0 26, 15 0, o0x7f9f6f0105b8; 0 drivers
o0x7f9f6f0105e8 .functor BUFZ 16, C4<zzzzzzzzzzzzzzzz>; HiZ drive
v0x555f345f1cc0_27 .net v0x555f345f1cc0 27, 15 0, o0x7f9f6f0105e8; 0 drivers
o0x7f9f6f010618 .functor BUFZ 16, C4<zzzzzzzzzzzzzzzz>; HiZ drive
v0x555f345f1cc0_28 .net v0x555f345f1cc0 28, 15 0, o0x7f9f6f010618; 0 drivers
o0x7f9f6f010648 .functor BUFZ 16, C4<zzzzzzzzzzzzzzzz>; HiZ drive
v0x555f345f1cc0_29 .net v0x555f345f1cc0 29, 15 0, o0x7f9f6f010648; 0 drivers
o0x7f9f6f010678 .functor BUFZ 16, C4<zzzzzzzzzzzzzzzz>; HiZ drive
v0x555f345f1cc0_30 .net v0x555f345f1cc0 30, 15 0, o0x7f9f6f010678; 0 drivers
o0x7f9f6f0106a8 .functor BUFZ 16, C4<zzzzzzzzzzzzzzzz>; HiZ drive
v0x555f345f1cc0_31 .net v0x555f345f1cc0 31, 15 0, o0x7f9f6f0106a8; 0 drivers
o0x7f9f6f0106d8 .functor BUFZ 16, C4<zzzzzzzzzzzzzzzz>; HiZ drive
v0x555f345f1cc0_32 .net v0x555f345f1cc0 32, 15 0, o0x7f9f6f0106d8; 0 drivers
o0x7f9f6f010708 .functor BUFZ 16, C4<zzzzzzzzzzzzzzzz>; HiZ drive
v0x555f345f1cc0_33 .net v0x555f345f1cc0 33, 15 0, o0x7f9f6f010708; 0 drivers
o0x7f9f6f010738 .functor BUFZ 16, C4<zzzzzzzzzzzzzzzz>; HiZ drive
v0x555f345f1cc0_34 .net v0x555f345f1cc0 34, 15 0, o0x7f9f6f010738; 0 drivers
o0x7f9f6f010768 .functor BUFZ 16, C4<zzzzzzzzzzzzzzzz>; HiZ drive
v0x555f345f1cc0_35 .net v0x555f345f1cc0 35, 15 0, o0x7f9f6f010768; 0 drivers
o0x7f9f6f010798 .functor BUFZ 16, C4<zzzzzzzzzzzzzzzz>; HiZ drive
v0x555f345f1cc0_36 .net v0x555f345f1cc0 36, 15 0, o0x7f9f6f010798; 0 drivers
o0x7f9f6f0107c8 .functor BUFZ 16, C4<zzzzzzzzzzzzzzzz>; HiZ drive
v0x555f345f1cc0_37 .net v0x555f345f1cc0 37, 15 0, o0x7f9f6f0107c8; 0 drivers
o0x7f9f6f0107f8 .functor BUFZ 16, C4<zzzzzzzzzzzzzzzz>; HiZ drive
v0x555f345f1cc0_38 .net v0x555f345f1cc0 38, 15 0, o0x7f9f6f0107f8; 0 drivers
o0x7f9f6f010828 .functor BUFZ 16, C4<zzzzzzzzzzzzzzzz>; HiZ drive
v0x555f345f1cc0_39 .net v0x555f345f1cc0 39, 15 0, o0x7f9f6f010828; 0 drivers
o0x7f9f6f010858 .functor BUFZ 16, C4<zzzzzzzzzzzzzzzz>; HiZ drive
v0x555f345f1cc0_40 .net v0x555f345f1cc0 40, 15 0, o0x7f9f6f010858; 0 drivers
o0x7f9f6f010888 .functor BUFZ 16, C4<zzzzzzzzzzzzzzzz>; HiZ drive
v0x555f345f1cc0_41 .net v0x555f345f1cc0 41, 15 0, o0x7f9f6f010888; 0 drivers
o0x7f9f6f0108b8 .functor BUFZ 16, C4<zzzzzzzzzzzzzzzz>; HiZ drive
v0x555f345f1cc0_42 .net v0x555f345f1cc0 42, 15 0, o0x7f9f6f0108b8; 0 drivers
o0x7f9f6f0108e8 .functor BUFZ 16, C4<zzzzzzzzzzzzzzzz>; HiZ drive
v0x555f345f1cc0_43 .net v0x555f345f1cc0 43, 15 0, o0x7f9f6f0108e8; 0 drivers
o0x7f9f6f010918 .functor BUFZ 16, C4<zzzzzzzzzzzzzzzz>; HiZ drive
v0x555f345f1cc0_44 .net v0x555f345f1cc0 44, 15 0, o0x7f9f6f010918; 0 drivers
o0x7f9f6f010948 .functor BUFZ 16, C4<zzzzzzzzzzzzzzzz>; HiZ drive
v0x555f345f1cc0_45 .net v0x555f345f1cc0 45, 15 0, o0x7f9f6f010948; 0 drivers
o0x7f9f6f010978 .functor BUFZ 16, C4<zzzzzzzzzzzzzzzz>; HiZ drive
v0x555f345f1cc0_46 .net v0x555f345f1cc0 46, 15 0, o0x7f9f6f010978; 0 drivers
o0x7f9f6f0109a8 .functor BUFZ 16, C4<zzzzzzzzzzzzzzzz>; HiZ drive
v0x555f345f1cc0_47 .net v0x555f345f1cc0 47, 15 0, o0x7f9f6f0109a8; 0 drivers
o0x7f9f6f0109d8 .functor BUFZ 16, C4<zzzzzzzzzzzzzzzz>; HiZ drive
v0x555f345f1cc0_48 .net v0x555f345f1cc0 48, 15 0, o0x7f9f6f0109d8; 0 drivers
o0x7f9f6f010a08 .functor BUFZ 16, C4<zzzzzzzzzzzzzzzz>; HiZ drive
v0x555f345f1cc0_49 .net v0x555f345f1cc0 49, 15 0, o0x7f9f6f010a08; 0 drivers
o0x7f9f6f010a38 .functor BUFZ 16, C4<zzzzzzzzzzzzzzzz>; HiZ drive
v0x555f345f1cc0_50 .net v0x555f345f1cc0 50, 15 0, o0x7f9f6f010a38; 0 drivers
o0x7f9f6f010a68 .functor BUFZ 16, C4<zzzzzzzzzzzzzzzz>; HiZ drive
v0x555f345f1cc0_51 .net v0x555f345f1cc0 51, 15 0, o0x7f9f6f010a68; 0 drivers
o0x7f9f6f010a98 .functor BUFZ 16, C4<zzzzzzzzzzzzzzzz>; HiZ drive
v0x555f345f1cc0_52 .net v0x555f345f1cc0 52, 15 0, o0x7f9f6f010a98; 0 drivers
o0x7f9f6f010ac8 .functor BUFZ 16, C4<zzzzzzzzzzzzzzzz>; HiZ drive
v0x555f345f1cc0_53 .net v0x555f345f1cc0 53, 15 0, o0x7f9f6f010ac8; 0 drivers
o0x7f9f6f010af8 .functor BUFZ 16, C4<zzzzzzzzzzzzzzzz>; HiZ drive
v0x555f345f1cc0_54 .net v0x555f345f1cc0 54, 15 0, o0x7f9f6f010af8; 0 drivers
o0x7f9f6f010b28 .functor BUFZ 16, C4<zzzzzzzzzzzzzzzz>; HiZ drive
v0x555f345f1cc0_55 .net v0x555f345f1cc0 55, 15 0, o0x7f9f6f010b28; 0 drivers
o0x7f9f6f010b58 .functor BUFZ 16, C4<zzzzzzzzzzzzzzzz>; HiZ drive
v0x555f345f1cc0_56 .net v0x555f345f1cc0 56, 15 0, o0x7f9f6f010b58; 0 drivers
o0x7f9f6f010b88 .functor BUFZ 16, C4<zzzzzzzzzzzzzzzz>; HiZ drive
v0x555f345f1cc0_57 .net v0x555f345f1cc0 57, 15 0, o0x7f9f6f010b88; 0 drivers
o0x7f9f6f010bb8 .functor BUFZ 16, C4<zzzzzzzzzzzzzzzz>; HiZ drive
v0x555f345f1cc0_58 .net v0x555f345f1cc0 58, 15 0, o0x7f9f6f010bb8; 0 drivers
o0x7f9f6f010be8 .functor BUFZ 16, C4<zzzzzzzzzzzzzzzz>; HiZ drive
v0x555f345f1cc0_59 .net v0x555f345f1cc0 59, 15 0, o0x7f9f6f010be8; 0 drivers
o0x7f9f6f010c18 .functor BUFZ 16, C4<zzzzzzzzzzzzzzzz>; HiZ drive
v0x555f345f1cc0_60 .net v0x555f345f1cc0 60, 15 0, o0x7f9f6f010c18; 0 drivers
o0x7f9f6f010c48 .functor BUFZ 16, C4<zzzzzzzzzzzzzzzz>; HiZ drive
v0x555f345f1cc0_61 .net v0x555f345f1cc0 61, 15 0, o0x7f9f6f010c48; 0 drivers
o0x7f9f6f010c78 .functor BUFZ 16, C4<zzzzzzzzzzzzzzzz>; HiZ drive
v0x555f345f1cc0_62 .net v0x555f345f1cc0 62, 15 0, o0x7f9f6f010c78; 0 drivers
o0x7f9f6f010ca8 .functor BUFZ 16, C4<zzzzzzzzzzzzzzzz>; HiZ drive
v0x555f345f1cc0_63 .net v0x555f345f1cc0 63, 15 0, o0x7f9f6f010ca8; 0 drivers
o0x7f9f6f010cd8 .functor BUFZ 16, C4<zzzzzzzzzzzzzzzz>; HiZ drive
v0x555f345f1cc0_64 .net v0x555f345f1cc0 64, 15 0, o0x7f9f6f010cd8; 0 drivers
o0x7f9f6f010d08 .functor BUFZ 16, C4<zzzzzzzzzzzzzzzz>; HiZ drive
v0x555f345f1cc0_65 .net v0x555f345f1cc0 65, 15 0, o0x7f9f6f010d08; 0 drivers
o0x7f9f6f010d38 .functor BUFZ 16, C4<zzzzzzzzzzzzzzzz>; HiZ drive
v0x555f345f1cc0_66 .net v0x555f345f1cc0 66, 15 0, o0x7f9f6f010d38; 0 drivers
o0x7f9f6f010d68 .functor BUFZ 16, C4<zzzzzzzzzzzzzzzz>; HiZ drive
v0x555f345f1cc0_67 .net v0x555f345f1cc0 67, 15 0, o0x7f9f6f010d68; 0 drivers
o0x7f9f6f010d98 .functor BUFZ 16, C4<zzzzzzzzzzzzzzzz>; HiZ drive
v0x555f345f1cc0_68 .net v0x555f345f1cc0 68, 15 0, o0x7f9f6f010d98; 0 drivers
o0x7f9f6f010dc8 .functor BUFZ 16, C4<zzzzzzzzzzzzzzzz>; HiZ drive
v0x555f345f1cc0_69 .net v0x555f345f1cc0 69, 15 0, o0x7f9f6f010dc8; 0 drivers
o0x7f9f6f010df8 .functor BUFZ 16, C4<zzzzzzzzzzzzzzzz>; HiZ drive
v0x555f345f1cc0_70 .net v0x555f345f1cc0 70, 15 0, o0x7f9f6f010df8; 0 drivers
o0x7f9f6f010e28 .functor BUFZ 16, C4<zzzzzzzzzzzzzzzz>; HiZ drive
v0x555f345f1cc0_71 .net v0x555f345f1cc0 71, 15 0, o0x7f9f6f010e28; 0 drivers
o0x7f9f6f010e58 .functor BUFZ 16, C4<zzzzzzzzzzzzzzzz>; HiZ drive
v0x555f345f1cc0_72 .net v0x555f345f1cc0 72, 15 0, o0x7f9f6f010e58; 0 drivers
o0x7f9f6f010e88 .functor BUFZ 16, C4<zzzzzzzzzzzzzzzz>; HiZ drive
v0x555f345f1cc0_73 .net v0x555f345f1cc0 73, 15 0, o0x7f9f6f010e88; 0 drivers
o0x7f9f6f010eb8 .functor BUFZ 16, C4<zzzzzzzzzzzzzzzz>; HiZ drive
v0x555f345f1cc0_74 .net v0x555f345f1cc0 74, 15 0, o0x7f9f6f010eb8; 0 drivers
o0x7f9f6f010ee8 .functor BUFZ 16, C4<zzzzzzzzzzzzzzzz>; HiZ drive
v0x555f345f1cc0_75 .net v0x555f345f1cc0 75, 15 0, o0x7f9f6f010ee8; 0 drivers
o0x7f9f6f010f18 .functor BUFZ 16, C4<zzzzzzzzzzzzzzzz>; HiZ drive
v0x555f345f1cc0_76 .net v0x555f345f1cc0 76, 15 0, o0x7f9f6f010f18; 0 drivers
o0x7f9f6f010f48 .functor BUFZ 16, C4<zzzzzzzzzzzzzzzz>; HiZ drive
v0x555f345f1cc0_77 .net v0x555f345f1cc0 77, 15 0, o0x7f9f6f010f48; 0 drivers
o0x7f9f6f010f78 .functor BUFZ 16, C4<zzzzzzzzzzzzzzzz>; HiZ drive
v0x555f345f1cc0_78 .net v0x555f345f1cc0 78, 15 0, o0x7f9f6f010f78; 0 drivers
o0x7f9f6f010fa8 .functor BUFZ 16, C4<zzzzzzzzzzzzzzzz>; HiZ drive
v0x555f345f1cc0_79 .net v0x555f345f1cc0 79, 15 0, o0x7f9f6f010fa8; 0 drivers
o0x7f9f6f010fd8 .functor BUFZ 16, C4<zzzzzzzzzzzzzzzz>; HiZ drive
v0x555f345f1cc0_80 .net v0x555f345f1cc0 80, 15 0, o0x7f9f6f010fd8; 0 drivers
o0x7f9f6f011008 .functor BUFZ 16, C4<zzzzzzzzzzzzzzzz>; HiZ drive
v0x555f345f1cc0_81 .net v0x555f345f1cc0 81, 15 0, o0x7f9f6f011008; 0 drivers
o0x7f9f6f011038 .functor BUFZ 16, C4<zzzzzzzzzzzzzzzz>; HiZ drive
v0x555f345f1cc0_82 .net v0x555f345f1cc0 82, 15 0, o0x7f9f6f011038; 0 drivers
o0x7f9f6f011068 .functor BUFZ 16, C4<zzzzzzzzzzzzzzzz>; HiZ drive
v0x555f345f1cc0_83 .net v0x555f345f1cc0 83, 15 0, o0x7f9f6f011068; 0 drivers
o0x7f9f6f011098 .functor BUFZ 16, C4<zzzzzzzzzzzzzzzz>; HiZ drive
v0x555f345f1cc0_84 .net v0x555f345f1cc0 84, 15 0, o0x7f9f6f011098; 0 drivers
o0x7f9f6f0110c8 .functor BUFZ 16, C4<zzzzzzzzzzzzzzzz>; HiZ drive
v0x555f345f1cc0_85 .net v0x555f345f1cc0 85, 15 0, o0x7f9f6f0110c8; 0 drivers
o0x7f9f6f0110f8 .functor BUFZ 16, C4<zzzzzzzzzzzzzzzz>; HiZ drive
v0x555f345f1cc0_86 .net v0x555f345f1cc0 86, 15 0, o0x7f9f6f0110f8; 0 drivers
o0x7f9f6f011128 .functor BUFZ 16, C4<zzzzzzzzzzzzzzzz>; HiZ drive
v0x555f345f1cc0_87 .net v0x555f345f1cc0 87, 15 0, o0x7f9f6f011128; 0 drivers
o0x7f9f6f011158 .functor BUFZ 16, C4<zzzzzzzzzzzzzzzz>; HiZ drive
v0x555f345f1cc0_88 .net v0x555f345f1cc0 88, 15 0, o0x7f9f6f011158; 0 drivers
o0x7f9f6f011188 .functor BUFZ 16, C4<zzzzzzzzzzzzzzzz>; HiZ drive
v0x555f345f1cc0_89 .net v0x555f345f1cc0 89, 15 0, o0x7f9f6f011188; 0 drivers
o0x7f9f6f0111b8 .functor BUFZ 16, C4<zzzzzzzzzzzzzzzz>; HiZ drive
v0x555f345f1cc0_90 .net v0x555f345f1cc0 90, 15 0, o0x7f9f6f0111b8; 0 drivers
o0x7f9f6f0111e8 .functor BUFZ 16, C4<zzzzzzzzzzzzzzzz>; HiZ drive
v0x555f345f1cc0_91 .net v0x555f345f1cc0 91, 15 0, o0x7f9f6f0111e8; 0 drivers
o0x7f9f6f011218 .functor BUFZ 16, C4<zzzzzzzzzzzzzzzz>; HiZ drive
v0x555f345f1cc0_92 .net v0x555f345f1cc0 92, 15 0, o0x7f9f6f011218; 0 drivers
o0x7f9f6f011248 .functor BUFZ 16, C4<zzzzzzzzzzzzzzzz>; HiZ drive
v0x555f345f1cc0_93 .net v0x555f345f1cc0 93, 15 0, o0x7f9f6f011248; 0 drivers
o0x7f9f6f011278 .functor BUFZ 16, C4<zzzzzzzzzzzzzzzz>; HiZ drive
v0x555f345f1cc0_94 .net v0x555f345f1cc0 94, 15 0, o0x7f9f6f011278; 0 drivers
o0x7f9f6f0112a8 .functor BUFZ 16, C4<zzzzzzzzzzzzzzzz>; HiZ drive
v0x555f345f1cc0_95 .net v0x555f345f1cc0 95, 15 0, o0x7f9f6f0112a8; 0 drivers
o0x7f9f6f0112d8 .functor BUFZ 16, C4<zzzzzzzzzzzzzzzz>; HiZ drive
v0x555f345f1cc0_96 .net v0x555f345f1cc0 96, 15 0, o0x7f9f6f0112d8; 0 drivers
o0x7f9f6f011308 .functor BUFZ 16, C4<zzzzzzzzzzzzzzzz>; HiZ drive
v0x555f345f1cc0_97 .net v0x555f345f1cc0 97, 15 0, o0x7f9f6f011308; 0 drivers
o0x7f9f6f011338 .functor BUFZ 16, C4<zzzzzzzzzzzzzzzz>; HiZ drive
v0x555f345f1cc0_98 .net v0x555f345f1cc0 98, 15 0, o0x7f9f6f011338; 0 drivers
o0x7f9f6f011368 .functor BUFZ 16, C4<zzzzzzzzzzzzzzzz>; HiZ drive
v0x555f345f1cc0_99 .net v0x555f345f1cc0 99, 15 0, o0x7f9f6f011368; 0 drivers
o0x7f9f6f011398 .functor BUFZ 16, C4<zzzzzzzzzzzzzzzz>; HiZ drive
v0x555f345f1cc0_100 .net v0x555f345f1cc0 100, 15 0, o0x7f9f6f011398; 0 drivers
o0x7f9f6f0113c8 .functor BUFZ 16, C4<zzzzzzzzzzzzzzzz>; HiZ drive
v0x555f345f1cc0_101 .net v0x555f345f1cc0 101, 15 0, o0x7f9f6f0113c8; 0 drivers
o0x7f9f6f0113f8 .functor BUFZ 16, C4<zzzzzzzzzzzzzzzz>; HiZ drive
v0x555f345f1cc0_102 .net v0x555f345f1cc0 102, 15 0, o0x7f9f6f0113f8; 0 drivers
o0x7f9f6f011428 .functor BUFZ 16, C4<zzzzzzzzzzzzzzzz>; HiZ drive
v0x555f345f1cc0_103 .net v0x555f345f1cc0 103, 15 0, o0x7f9f6f011428; 0 drivers
o0x7f9f6f011458 .functor BUFZ 16, C4<zzzzzzzzzzzzzzzz>; HiZ drive
v0x555f345f1cc0_104 .net v0x555f345f1cc0 104, 15 0, o0x7f9f6f011458; 0 drivers
o0x7f9f6f011488 .functor BUFZ 16, C4<zzzzzzzzzzzzzzzz>; HiZ drive
v0x555f345f1cc0_105 .net v0x555f345f1cc0 105, 15 0, o0x7f9f6f011488; 0 drivers
o0x7f9f6f0114b8 .functor BUFZ 16, C4<zzzzzzzzzzzzzzzz>; HiZ drive
v0x555f345f1cc0_106 .net v0x555f345f1cc0 106, 15 0, o0x7f9f6f0114b8; 0 drivers
o0x7f9f6f0114e8 .functor BUFZ 16, C4<zzzzzzzzzzzzzzzz>; HiZ drive
v0x555f345f1cc0_107 .net v0x555f345f1cc0 107, 15 0, o0x7f9f6f0114e8; 0 drivers
o0x7f9f6f011518 .functor BUFZ 16, C4<zzzzzzzzzzzzzzzz>; HiZ drive
v0x555f345f1cc0_108 .net v0x555f345f1cc0 108, 15 0, o0x7f9f6f011518; 0 drivers
o0x7f9f6f011548 .functor BUFZ 16, C4<zzzzzzzzzzzzzzzz>; HiZ drive
v0x555f345f1cc0_109 .net v0x555f345f1cc0 109, 15 0, o0x7f9f6f011548; 0 drivers
o0x7f9f6f011578 .functor BUFZ 16, C4<zzzzzzzzzzzzzzzz>; HiZ drive
v0x555f345f1cc0_110 .net v0x555f345f1cc0 110, 15 0, o0x7f9f6f011578; 0 drivers
o0x7f9f6f0115a8 .functor BUFZ 16, C4<zzzzzzzzzzzzzzzz>; HiZ drive
v0x555f345f1cc0_111 .net v0x555f345f1cc0 111, 15 0, o0x7f9f6f0115a8; 0 drivers
o0x7f9f6f0115d8 .functor BUFZ 16, C4<zzzzzzzzzzzzzzzz>; HiZ drive
v0x555f345f1cc0_112 .net v0x555f345f1cc0 112, 15 0, o0x7f9f6f0115d8; 0 drivers
o0x7f9f6f011608 .functor BUFZ 16, C4<zzzzzzzzzzzzzzzz>; HiZ drive
v0x555f345f1cc0_113 .net v0x555f345f1cc0 113, 15 0, o0x7f9f6f011608; 0 drivers
o0x7f9f6f011638 .functor BUFZ 16, C4<zzzzzzzzzzzzzzzz>; HiZ drive
v0x555f345f1cc0_114 .net v0x555f345f1cc0 114, 15 0, o0x7f9f6f011638; 0 drivers
o0x7f9f6f011668 .functor BUFZ 16, C4<zzzzzzzzzzzzzzzz>; HiZ drive
v0x555f345f1cc0_115 .net v0x555f345f1cc0 115, 15 0, o0x7f9f6f011668; 0 drivers
o0x7f9f6f011698 .functor BUFZ 16, C4<zzzzzzzzzzzzzzzz>; HiZ drive
v0x555f345f1cc0_116 .net v0x555f345f1cc0 116, 15 0, o0x7f9f6f011698; 0 drivers
o0x7f9f6f0116c8 .functor BUFZ 16, C4<zzzzzzzzzzzzzzzz>; HiZ drive
v0x555f345f1cc0_117 .net v0x555f345f1cc0 117, 15 0, o0x7f9f6f0116c8; 0 drivers
o0x7f9f6f0116f8 .functor BUFZ 16, C4<zzzzzzzzzzzzzzzz>; HiZ drive
v0x555f345f1cc0_118 .net v0x555f345f1cc0 118, 15 0, o0x7f9f6f0116f8; 0 drivers
o0x7f9f6f011728 .functor BUFZ 16, C4<zzzzzzzzzzzzzzzz>; HiZ drive
v0x555f345f1cc0_119 .net v0x555f345f1cc0 119, 15 0, o0x7f9f6f011728; 0 drivers
o0x7f9f6f011758 .functor BUFZ 16, C4<zzzzzzzzzzzzzzzz>; HiZ drive
v0x555f345f1cc0_120 .net v0x555f345f1cc0 120, 15 0, o0x7f9f6f011758; 0 drivers
o0x7f9f6f011788 .functor BUFZ 16, C4<zzzzzzzzzzzzzzzz>; HiZ drive
v0x555f345f1cc0_121 .net v0x555f345f1cc0 121, 15 0, o0x7f9f6f011788; 0 drivers
o0x7f9f6f0117b8 .functor BUFZ 16, C4<zzzzzzzzzzzzzzzz>; HiZ drive
v0x555f345f1cc0_122 .net v0x555f345f1cc0 122, 15 0, o0x7f9f6f0117b8; 0 drivers
o0x7f9f6f0117e8 .functor BUFZ 16, C4<zzzzzzzzzzzzzzzz>; HiZ drive
v0x555f345f1cc0_123 .net v0x555f345f1cc0 123, 15 0, o0x7f9f6f0117e8; 0 drivers
o0x7f9f6f011818 .functor BUFZ 16, C4<zzzzzzzzzzzzzzzz>; HiZ drive
v0x555f345f1cc0_124 .net v0x555f345f1cc0 124, 15 0, o0x7f9f6f011818; 0 drivers
o0x7f9f6f011848 .functor BUFZ 16, C4<zzzzzzzzzzzzzzzz>; HiZ drive
v0x555f345f1cc0_125 .net v0x555f345f1cc0 125, 15 0, o0x7f9f6f011848; 0 drivers
o0x7f9f6f011878 .functor BUFZ 16, C4<zzzzzzzzzzzzzzzz>; HiZ drive
v0x555f345f1cc0_126 .net v0x555f345f1cc0 126, 15 0, o0x7f9f6f011878; 0 drivers
o0x7f9f6f0118a8 .functor BUFZ 16, C4<zzzzzzzzzzzzzzzz>; HiZ drive
v0x555f345f1cc0_127 .net v0x555f345f1cc0 127, 15 0, o0x7f9f6f0118a8; 0 drivers
o0x7f9f6f0118d8 .functor BUFZ 16, C4<zzzzzzzzzzzzzzzz>; HiZ drive
v0x555f345f1cc0_128 .net v0x555f345f1cc0 128, 15 0, o0x7f9f6f0118d8; 0 drivers
o0x7f9f6f011908 .functor BUFZ 16, C4<zzzzzzzzzzzzzzzz>; HiZ drive
v0x555f345f1cc0_129 .net v0x555f345f1cc0 129, 15 0, o0x7f9f6f011908; 0 drivers
o0x7f9f6f011938 .functor BUFZ 16, C4<zzzzzzzzzzzzzzzz>; HiZ drive
v0x555f345f1cc0_130 .net v0x555f345f1cc0 130, 15 0, o0x7f9f6f011938; 0 drivers
o0x7f9f6f011968 .functor BUFZ 16, C4<zzzzzzzzzzzzzzzz>; HiZ drive
v0x555f345f1cc0_131 .net v0x555f345f1cc0 131, 15 0, o0x7f9f6f011968; 0 drivers
o0x7f9f6f011998 .functor BUFZ 16, C4<zzzzzzzzzzzzzzzz>; HiZ drive
v0x555f345f1cc0_132 .net v0x555f345f1cc0 132, 15 0, o0x7f9f6f011998; 0 drivers
o0x7f9f6f0119c8 .functor BUFZ 16, C4<zzzzzzzzzzzzzzzz>; HiZ drive
v0x555f345f1cc0_133 .net v0x555f345f1cc0 133, 15 0, o0x7f9f6f0119c8; 0 drivers
o0x7f9f6f0119f8 .functor BUFZ 16, C4<zzzzzzzzzzzzzzzz>; HiZ drive
v0x555f345f1cc0_134 .net v0x555f345f1cc0 134, 15 0, o0x7f9f6f0119f8; 0 drivers
o0x7f9f6f011a28 .functor BUFZ 16, C4<zzzzzzzzzzzzzzzz>; HiZ drive
v0x555f345f1cc0_135 .net v0x555f345f1cc0 135, 15 0, o0x7f9f6f011a28; 0 drivers
o0x7f9f6f011a58 .functor BUFZ 16, C4<zzzzzzzzzzzzzzzz>; HiZ drive
v0x555f345f1cc0_136 .net v0x555f345f1cc0 136, 15 0, o0x7f9f6f011a58; 0 drivers
o0x7f9f6f011a88 .functor BUFZ 16, C4<zzzzzzzzzzzzzzzz>; HiZ drive
v0x555f345f1cc0_137 .net v0x555f345f1cc0 137, 15 0, o0x7f9f6f011a88; 0 drivers
o0x7f9f6f011ab8 .functor BUFZ 16, C4<zzzzzzzzzzzzzzzz>; HiZ drive
v0x555f345f1cc0_138 .net v0x555f345f1cc0 138, 15 0, o0x7f9f6f011ab8; 0 drivers
o0x7f9f6f011ae8 .functor BUFZ 16, C4<zzzzzzzzzzzzzzzz>; HiZ drive
v0x555f345f1cc0_139 .net v0x555f345f1cc0 139, 15 0, o0x7f9f6f011ae8; 0 drivers
o0x7f9f6f011b18 .functor BUFZ 16, C4<zzzzzzzzzzzzzzzz>; HiZ drive
v0x555f345f1cc0_140 .net v0x555f345f1cc0 140, 15 0, o0x7f9f6f011b18; 0 drivers
o0x7f9f6f011b48 .functor BUFZ 16, C4<zzzzzzzzzzzzzzzz>; HiZ drive
v0x555f345f1cc0_141 .net v0x555f345f1cc0 141, 15 0, o0x7f9f6f011b48; 0 drivers
o0x7f9f6f011b78 .functor BUFZ 16, C4<zzzzzzzzzzzzzzzz>; HiZ drive
v0x555f345f1cc0_142 .net v0x555f345f1cc0 142, 15 0, o0x7f9f6f011b78; 0 drivers
o0x7f9f6f011ba8 .functor BUFZ 16, C4<zzzzzzzzzzzzzzzz>; HiZ drive
v0x555f345f1cc0_143 .net v0x555f345f1cc0 143, 15 0, o0x7f9f6f011ba8; 0 drivers
o0x7f9f6f011bd8 .functor BUFZ 16, C4<zzzzzzzzzzzzzzzz>; HiZ drive
v0x555f345f1cc0_144 .net v0x555f345f1cc0 144, 15 0, o0x7f9f6f011bd8; 0 drivers
o0x7f9f6f011c08 .functor BUFZ 16, C4<zzzzzzzzzzzzzzzz>; HiZ drive
v0x555f345f1cc0_145 .net v0x555f345f1cc0 145, 15 0, o0x7f9f6f011c08; 0 drivers
o0x7f9f6f011c38 .functor BUFZ 16, C4<zzzzzzzzzzzzzzzz>; HiZ drive
v0x555f345f1cc0_146 .net v0x555f345f1cc0 146, 15 0, o0x7f9f6f011c38; 0 drivers
o0x7f9f6f011c68 .functor BUFZ 16, C4<zzzzzzzzzzzzzzzz>; HiZ drive
v0x555f345f1cc0_147 .net v0x555f345f1cc0 147, 15 0, o0x7f9f6f011c68; 0 drivers
o0x7f9f6f011c98 .functor BUFZ 16, C4<zzzzzzzzzzzzzzzz>; HiZ drive
v0x555f345f1cc0_148 .net v0x555f345f1cc0 148, 15 0, o0x7f9f6f011c98; 0 drivers
o0x7f9f6f011cc8 .functor BUFZ 16, C4<zzzzzzzzzzzzzzzz>; HiZ drive
v0x555f345f1cc0_149 .net v0x555f345f1cc0 149, 15 0, o0x7f9f6f011cc8; 0 drivers
o0x7f9f6f011cf8 .functor BUFZ 16, C4<zzzzzzzzzzzzzzzz>; HiZ drive
v0x555f345f1cc0_150 .net v0x555f345f1cc0 150, 15 0, o0x7f9f6f011cf8; 0 drivers
o0x7f9f6f011d28 .functor BUFZ 16, C4<zzzzzzzzzzzzzzzz>; HiZ drive
v0x555f345f1cc0_151 .net v0x555f345f1cc0 151, 15 0, o0x7f9f6f011d28; 0 drivers
o0x7f9f6f011d58 .functor BUFZ 16, C4<zzzzzzzzzzzzzzzz>; HiZ drive
v0x555f345f1cc0_152 .net v0x555f345f1cc0 152, 15 0, o0x7f9f6f011d58; 0 drivers
o0x7f9f6f011d88 .functor BUFZ 16, C4<zzzzzzzzzzzzzzzz>; HiZ drive
v0x555f345f1cc0_153 .net v0x555f345f1cc0 153, 15 0, o0x7f9f6f011d88; 0 drivers
o0x7f9f6f011db8 .functor BUFZ 16, C4<zzzzzzzzzzzzzzzz>; HiZ drive
v0x555f345f1cc0_154 .net v0x555f345f1cc0 154, 15 0, o0x7f9f6f011db8; 0 drivers
o0x7f9f6f011de8 .functor BUFZ 16, C4<zzzzzzzzzzzzzzzz>; HiZ drive
v0x555f345f1cc0_155 .net v0x555f345f1cc0 155, 15 0, o0x7f9f6f011de8; 0 drivers
o0x7f9f6f011e18 .functor BUFZ 16, C4<zzzzzzzzzzzzzzzz>; HiZ drive
v0x555f345f1cc0_156 .net v0x555f345f1cc0 156, 15 0, o0x7f9f6f011e18; 0 drivers
o0x7f9f6f011e48 .functor BUFZ 16, C4<zzzzzzzzzzzzzzzz>; HiZ drive
v0x555f345f1cc0_157 .net v0x555f345f1cc0 157, 15 0, o0x7f9f6f011e48; 0 drivers
o0x7f9f6f011e78 .functor BUFZ 16, C4<zzzzzzzzzzzzzzzz>; HiZ drive
v0x555f345f1cc0_158 .net v0x555f345f1cc0 158, 15 0, o0x7f9f6f011e78; 0 drivers
o0x7f9f6f011ea8 .functor BUFZ 16, C4<zzzzzzzzzzzzzzzz>; HiZ drive
v0x555f345f1cc0_159 .net v0x555f345f1cc0 159, 15 0, o0x7f9f6f011ea8; 0 drivers
o0x7f9f6f011ed8 .functor BUFZ 16, C4<zzzzzzzzzzzzzzzz>; HiZ drive
v0x555f345f1cc0_160 .net v0x555f345f1cc0 160, 15 0, o0x7f9f6f011ed8; 0 drivers
o0x7f9f6f011f08 .functor BUFZ 16, C4<zzzzzzzzzzzzzzzz>; HiZ drive
v0x555f345f1cc0_161 .net v0x555f345f1cc0 161, 15 0, o0x7f9f6f011f08; 0 drivers
o0x7f9f6f011f38 .functor BUFZ 16, C4<zzzzzzzzzzzzzzzz>; HiZ drive
v0x555f345f1cc0_162 .net v0x555f345f1cc0 162, 15 0, o0x7f9f6f011f38; 0 drivers
o0x7f9f6f011f68 .functor BUFZ 16, C4<zzzzzzzzzzzzzzzz>; HiZ drive
v0x555f345f1cc0_163 .net v0x555f345f1cc0 163, 15 0, o0x7f9f6f011f68; 0 drivers
o0x7f9f6f011f98 .functor BUFZ 16, C4<zzzzzzzzzzzzzzzz>; HiZ drive
v0x555f345f1cc0_164 .net v0x555f345f1cc0 164, 15 0, o0x7f9f6f011f98; 0 drivers
o0x7f9f6f011fc8 .functor BUFZ 16, C4<zzzzzzzzzzzzzzzz>; HiZ drive
v0x555f345f1cc0_165 .net v0x555f345f1cc0 165, 15 0, o0x7f9f6f011fc8; 0 drivers
o0x7f9f6f011ff8 .functor BUFZ 16, C4<zzzzzzzzzzzzzzzz>; HiZ drive
v0x555f345f1cc0_166 .net v0x555f345f1cc0 166, 15 0, o0x7f9f6f011ff8; 0 drivers
o0x7f9f6f012028 .functor BUFZ 16, C4<zzzzzzzzzzzzzzzz>; HiZ drive
v0x555f345f1cc0_167 .net v0x555f345f1cc0 167, 15 0, o0x7f9f6f012028; 0 drivers
o0x7f9f6f012058 .functor BUFZ 16, C4<zzzzzzzzzzzzzzzz>; HiZ drive
v0x555f345f1cc0_168 .net v0x555f345f1cc0 168, 15 0, o0x7f9f6f012058; 0 drivers
o0x7f9f6f012088 .functor BUFZ 16, C4<zzzzzzzzzzzzzzzz>; HiZ drive
v0x555f345f1cc0_169 .net v0x555f345f1cc0 169, 15 0, o0x7f9f6f012088; 0 drivers
o0x7f9f6f0120b8 .functor BUFZ 16, C4<zzzzzzzzzzzzzzzz>; HiZ drive
v0x555f345f1cc0_170 .net v0x555f345f1cc0 170, 15 0, o0x7f9f6f0120b8; 0 drivers
o0x7f9f6f0120e8 .functor BUFZ 16, C4<zzzzzzzzzzzzzzzz>; HiZ drive
v0x555f345f1cc0_171 .net v0x555f345f1cc0 171, 15 0, o0x7f9f6f0120e8; 0 drivers
o0x7f9f6f012118 .functor BUFZ 16, C4<zzzzzzzzzzzzzzzz>; HiZ drive
v0x555f345f1cc0_172 .net v0x555f345f1cc0 172, 15 0, o0x7f9f6f012118; 0 drivers
o0x7f9f6f012148 .functor BUFZ 16, C4<zzzzzzzzzzzzzzzz>; HiZ drive
v0x555f345f1cc0_173 .net v0x555f345f1cc0 173, 15 0, o0x7f9f6f012148; 0 drivers
o0x7f9f6f012178 .functor BUFZ 16, C4<zzzzzzzzzzzzzzzz>; HiZ drive
v0x555f345f1cc0_174 .net v0x555f345f1cc0 174, 15 0, o0x7f9f6f012178; 0 drivers
o0x7f9f6f0121a8 .functor BUFZ 16, C4<zzzzzzzzzzzzzzzz>; HiZ drive
v0x555f345f1cc0_175 .net v0x555f345f1cc0 175, 15 0, o0x7f9f6f0121a8; 0 drivers
o0x7f9f6f0121d8 .functor BUFZ 16, C4<zzzzzzzzzzzzzzzz>; HiZ drive
v0x555f345f1cc0_176 .net v0x555f345f1cc0 176, 15 0, o0x7f9f6f0121d8; 0 drivers
o0x7f9f6f012208 .functor BUFZ 16, C4<zzzzzzzzzzzzzzzz>; HiZ drive
v0x555f345f1cc0_177 .net v0x555f345f1cc0 177, 15 0, o0x7f9f6f012208; 0 drivers
o0x7f9f6f012238 .functor BUFZ 16, C4<zzzzzzzzzzzzzzzz>; HiZ drive
v0x555f345f1cc0_178 .net v0x555f345f1cc0 178, 15 0, o0x7f9f6f012238; 0 drivers
o0x7f9f6f012268 .functor BUFZ 16, C4<zzzzzzzzzzzzzzzz>; HiZ drive
v0x555f345f1cc0_179 .net v0x555f345f1cc0 179, 15 0, o0x7f9f6f012268; 0 drivers
o0x7f9f6f012298 .functor BUFZ 16, C4<zzzzzzzzzzzzzzzz>; HiZ drive
v0x555f345f1cc0_180 .net v0x555f345f1cc0 180, 15 0, o0x7f9f6f012298; 0 drivers
o0x7f9f6f0122c8 .functor BUFZ 16, C4<zzzzzzzzzzzzzzzz>; HiZ drive
v0x555f345f1cc0_181 .net v0x555f345f1cc0 181, 15 0, o0x7f9f6f0122c8; 0 drivers
o0x7f9f6f0122f8 .functor BUFZ 16, C4<zzzzzzzzzzzzzzzz>; HiZ drive
v0x555f345f1cc0_182 .net v0x555f345f1cc0 182, 15 0, o0x7f9f6f0122f8; 0 drivers
o0x7f9f6f012328 .functor BUFZ 16, C4<zzzzzzzzzzzzzzzz>; HiZ drive
v0x555f345f1cc0_183 .net v0x555f345f1cc0 183, 15 0, o0x7f9f6f012328; 0 drivers
o0x7f9f6f012358 .functor BUFZ 16, C4<zzzzzzzzzzzzzzzz>; HiZ drive
v0x555f345f1cc0_184 .net v0x555f345f1cc0 184, 15 0, o0x7f9f6f012358; 0 drivers
o0x7f9f6f012388 .functor BUFZ 16, C4<zzzzzzzzzzzzzzzz>; HiZ drive
v0x555f345f1cc0_185 .net v0x555f345f1cc0 185, 15 0, o0x7f9f6f012388; 0 drivers
o0x7f9f6f0123b8 .functor BUFZ 16, C4<zzzzzzzzzzzzzzzz>; HiZ drive
v0x555f345f1cc0_186 .net v0x555f345f1cc0 186, 15 0, o0x7f9f6f0123b8; 0 drivers
o0x7f9f6f0123e8 .functor BUFZ 16, C4<zzzzzzzzzzzzzzzz>; HiZ drive
v0x555f345f1cc0_187 .net v0x555f345f1cc0 187, 15 0, o0x7f9f6f0123e8; 0 drivers
o0x7f9f6f012418 .functor BUFZ 16, C4<zzzzzzzzzzzzzzzz>; HiZ drive
v0x555f345f1cc0_188 .net v0x555f345f1cc0 188, 15 0, o0x7f9f6f012418; 0 drivers
o0x7f9f6f012448 .functor BUFZ 16, C4<zzzzzzzzzzzzzzzz>; HiZ drive
v0x555f345f1cc0_189 .net v0x555f345f1cc0 189, 15 0, o0x7f9f6f012448; 0 drivers
o0x7f9f6f012478 .functor BUFZ 16, C4<zzzzzzzzzzzzzzzz>; HiZ drive
v0x555f345f1cc0_190 .net v0x555f345f1cc0 190, 15 0, o0x7f9f6f012478; 0 drivers
o0x7f9f6f0124a8 .functor BUFZ 16, C4<zzzzzzzzzzzzzzzz>; HiZ drive
v0x555f345f1cc0_191 .net v0x555f345f1cc0 191, 15 0, o0x7f9f6f0124a8; 0 drivers
o0x7f9f6f0124d8 .functor BUFZ 16, C4<zzzzzzzzzzzzzzzz>; HiZ drive
v0x555f345f1cc0_192 .net v0x555f345f1cc0 192, 15 0, o0x7f9f6f0124d8; 0 drivers
o0x7f9f6f012508 .functor BUFZ 16, C4<zzzzzzzzzzzzzzzz>; HiZ drive
v0x555f345f1cc0_193 .net v0x555f345f1cc0 193, 15 0, o0x7f9f6f012508; 0 drivers
o0x7f9f6f012538 .functor BUFZ 16, C4<zzzzzzzzzzzzzzzz>; HiZ drive
v0x555f345f1cc0_194 .net v0x555f345f1cc0 194, 15 0, o0x7f9f6f012538; 0 drivers
o0x7f9f6f012568 .functor BUFZ 16, C4<zzzzzzzzzzzzzzzz>; HiZ drive
v0x555f345f1cc0_195 .net v0x555f345f1cc0 195, 15 0, o0x7f9f6f012568; 0 drivers
o0x7f9f6f012598 .functor BUFZ 16, C4<zzzzzzzzzzzzzzzz>; HiZ drive
v0x555f345f1cc0_196 .net v0x555f345f1cc0 196, 15 0, o0x7f9f6f012598; 0 drivers
o0x7f9f6f0125c8 .functor BUFZ 16, C4<zzzzzzzzzzzzzzzz>; HiZ drive
v0x555f345f1cc0_197 .net v0x555f345f1cc0 197, 15 0, o0x7f9f6f0125c8; 0 drivers
o0x7f9f6f0125f8 .functor BUFZ 16, C4<zzzzzzzzzzzzzzzz>; HiZ drive
v0x555f345f1cc0_198 .net v0x555f345f1cc0 198, 15 0, o0x7f9f6f0125f8; 0 drivers
o0x7f9f6f012628 .functor BUFZ 16, C4<zzzzzzzzzzzzzzzz>; HiZ drive
v0x555f345f1cc0_199 .net v0x555f345f1cc0 199, 15 0, o0x7f9f6f012628; 0 drivers
o0x7f9f6f012658 .functor BUFZ 16, C4<zzzzzzzzzzzzzzzz>; HiZ drive
v0x555f345f1cc0_200 .net v0x555f345f1cc0 200, 15 0, o0x7f9f6f012658; 0 drivers
o0x7f9f6f012688 .functor BUFZ 16, C4<zzzzzzzzzzzzzzzz>; HiZ drive
v0x555f345f1cc0_201 .net v0x555f345f1cc0 201, 15 0, o0x7f9f6f012688; 0 drivers
o0x7f9f6f0126b8 .functor BUFZ 16, C4<zzzzzzzzzzzzzzzz>; HiZ drive
v0x555f345f1cc0_202 .net v0x555f345f1cc0 202, 15 0, o0x7f9f6f0126b8; 0 drivers
o0x7f9f6f0126e8 .functor BUFZ 16, C4<zzzzzzzzzzzzzzzz>; HiZ drive
v0x555f345f1cc0_203 .net v0x555f345f1cc0 203, 15 0, o0x7f9f6f0126e8; 0 drivers
o0x7f9f6f012718 .functor BUFZ 16, C4<zzzzzzzzzzzzzzzz>; HiZ drive
v0x555f345f1cc0_204 .net v0x555f345f1cc0 204, 15 0, o0x7f9f6f012718; 0 drivers
o0x7f9f6f012748 .functor BUFZ 16, C4<zzzzzzzzzzzzzzzz>; HiZ drive
v0x555f345f1cc0_205 .net v0x555f345f1cc0 205, 15 0, o0x7f9f6f012748; 0 drivers
o0x7f9f6f012778 .functor BUFZ 16, C4<zzzzzzzzzzzzzzzz>; HiZ drive
v0x555f345f1cc0_206 .net v0x555f345f1cc0 206, 15 0, o0x7f9f6f012778; 0 drivers
o0x7f9f6f0127a8 .functor BUFZ 16, C4<zzzzzzzzzzzzzzzz>; HiZ drive
v0x555f345f1cc0_207 .net v0x555f345f1cc0 207, 15 0, o0x7f9f6f0127a8; 0 drivers
o0x7f9f6f0127d8 .functor BUFZ 16, C4<zzzzzzzzzzzzzzzz>; HiZ drive
v0x555f345f1cc0_208 .net v0x555f345f1cc0 208, 15 0, o0x7f9f6f0127d8; 0 drivers
o0x7f9f6f012808 .functor BUFZ 16, C4<zzzzzzzzzzzzzzzz>; HiZ drive
v0x555f345f1cc0_209 .net v0x555f345f1cc0 209, 15 0, o0x7f9f6f012808; 0 drivers
o0x7f9f6f012838 .functor BUFZ 16, C4<zzzzzzzzzzzzzzzz>; HiZ drive
v0x555f345f1cc0_210 .net v0x555f345f1cc0 210, 15 0, o0x7f9f6f012838; 0 drivers
o0x7f9f6f012868 .functor BUFZ 16, C4<zzzzzzzzzzzzzzzz>; HiZ drive
v0x555f345f1cc0_211 .net v0x555f345f1cc0 211, 15 0, o0x7f9f6f012868; 0 drivers
o0x7f9f6f012898 .functor BUFZ 16, C4<zzzzzzzzzzzzzzzz>; HiZ drive
v0x555f345f1cc0_212 .net v0x555f345f1cc0 212, 15 0, o0x7f9f6f012898; 0 drivers
o0x7f9f6f0128c8 .functor BUFZ 16, C4<zzzzzzzzzzzzzzzz>; HiZ drive
v0x555f345f1cc0_213 .net v0x555f345f1cc0 213, 15 0, o0x7f9f6f0128c8; 0 drivers
o0x7f9f6f0128f8 .functor BUFZ 16, C4<zzzzzzzzzzzzzzzz>; HiZ drive
v0x555f345f1cc0_214 .net v0x555f345f1cc0 214, 15 0, o0x7f9f6f0128f8; 0 drivers
o0x7f9f6f012928 .functor BUFZ 16, C4<zzzzzzzzzzzzzzzz>; HiZ drive
v0x555f345f1cc0_215 .net v0x555f345f1cc0 215, 15 0, o0x7f9f6f012928; 0 drivers
o0x7f9f6f012958 .functor BUFZ 16, C4<zzzzzzzzzzzzzzzz>; HiZ drive
v0x555f345f1cc0_216 .net v0x555f345f1cc0 216, 15 0, o0x7f9f6f012958; 0 drivers
o0x7f9f6f012988 .functor BUFZ 16, C4<zzzzzzzzzzzzzzzz>; HiZ drive
v0x555f345f1cc0_217 .net v0x555f345f1cc0 217, 15 0, o0x7f9f6f012988; 0 drivers
o0x7f9f6f0129b8 .functor BUFZ 16, C4<zzzzzzzzzzzzzzzz>; HiZ drive
v0x555f345f1cc0_218 .net v0x555f345f1cc0 218, 15 0, o0x7f9f6f0129b8; 0 drivers
o0x7f9f6f0129e8 .functor BUFZ 16, C4<zzzzzzzzzzzzzzzz>; HiZ drive
v0x555f345f1cc0_219 .net v0x555f345f1cc0 219, 15 0, o0x7f9f6f0129e8; 0 drivers
o0x7f9f6f012a18 .functor BUFZ 16, C4<zzzzzzzzzzzzzzzz>; HiZ drive
v0x555f345f1cc0_220 .net v0x555f345f1cc0 220, 15 0, o0x7f9f6f012a18; 0 drivers
o0x7f9f6f012a48 .functor BUFZ 16, C4<zzzzzzzzzzzzzzzz>; HiZ drive
v0x555f345f1cc0_221 .net v0x555f345f1cc0 221, 15 0, o0x7f9f6f012a48; 0 drivers
o0x7f9f6f012a78 .functor BUFZ 16, C4<zzzzzzzzzzzzzzzz>; HiZ drive
v0x555f345f1cc0_222 .net v0x555f345f1cc0 222, 15 0, o0x7f9f6f012a78; 0 drivers
o0x7f9f6f012aa8 .functor BUFZ 16, C4<zzzzzzzzzzzzzzzz>; HiZ drive
v0x555f345f1cc0_223 .net v0x555f345f1cc0 223, 15 0, o0x7f9f6f012aa8; 0 drivers
o0x7f9f6f012ad8 .functor BUFZ 16, C4<zzzzzzzzzzzzzzzz>; HiZ drive
v0x555f345f1cc0_224 .net v0x555f345f1cc0 224, 15 0, o0x7f9f6f012ad8; 0 drivers
o0x7f9f6f012b08 .functor BUFZ 16, C4<zzzzzzzzzzzzzzzz>; HiZ drive
v0x555f345f1cc0_225 .net v0x555f345f1cc0 225, 15 0, o0x7f9f6f012b08; 0 drivers
o0x7f9f6f012b38 .functor BUFZ 16, C4<zzzzzzzzzzzzzzzz>; HiZ drive
v0x555f345f1cc0_226 .net v0x555f345f1cc0 226, 15 0, o0x7f9f6f012b38; 0 drivers
o0x7f9f6f012b68 .functor BUFZ 16, C4<zzzzzzzzzzzzzzzz>; HiZ drive
v0x555f345f1cc0_227 .net v0x555f345f1cc0 227, 15 0, o0x7f9f6f012b68; 0 drivers
o0x7f9f6f012b98 .functor BUFZ 16, C4<zzzzzzzzzzzzzzzz>; HiZ drive
v0x555f345f1cc0_228 .net v0x555f345f1cc0 228, 15 0, o0x7f9f6f012b98; 0 drivers
o0x7f9f6f012bc8 .functor BUFZ 16, C4<zzzzzzzzzzzzzzzz>; HiZ drive
v0x555f345f1cc0_229 .net v0x555f345f1cc0 229, 15 0, o0x7f9f6f012bc8; 0 drivers
o0x7f9f6f012bf8 .functor BUFZ 16, C4<zzzzzzzzzzzzzzzz>; HiZ drive
v0x555f345f1cc0_230 .net v0x555f345f1cc0 230, 15 0, o0x7f9f6f012bf8; 0 drivers
o0x7f9f6f012c28 .functor BUFZ 16, C4<zzzzzzzzzzzzzzzz>; HiZ drive
v0x555f345f1cc0_231 .net v0x555f345f1cc0 231, 15 0, o0x7f9f6f012c28; 0 drivers
o0x7f9f6f012c58 .functor BUFZ 16, C4<zzzzzzzzzzzzzzzz>; HiZ drive
v0x555f345f1cc0_232 .net v0x555f345f1cc0 232, 15 0, o0x7f9f6f012c58; 0 drivers
o0x7f9f6f012c88 .functor BUFZ 16, C4<zzzzzzzzzzzzzzzz>; HiZ drive
v0x555f345f1cc0_233 .net v0x555f345f1cc0 233, 15 0, o0x7f9f6f012c88; 0 drivers
o0x7f9f6f012cb8 .functor BUFZ 16, C4<zzzzzzzzzzzzzzzz>; HiZ drive
v0x555f345f1cc0_234 .net v0x555f345f1cc0 234, 15 0, o0x7f9f6f012cb8; 0 drivers
o0x7f9f6f012ce8 .functor BUFZ 16, C4<zzzzzzzzzzzzzzzz>; HiZ drive
v0x555f345f1cc0_235 .net v0x555f345f1cc0 235, 15 0, o0x7f9f6f012ce8; 0 drivers
o0x7f9f6f012d18 .functor BUFZ 16, C4<zzzzzzzzzzzzzzzz>; HiZ drive
v0x555f345f1cc0_236 .net v0x555f345f1cc0 236, 15 0, o0x7f9f6f012d18; 0 drivers
o0x7f9f6f012d48 .functor BUFZ 16, C4<zzzzzzzzzzzzzzzz>; HiZ drive
v0x555f345f1cc0_237 .net v0x555f345f1cc0 237, 15 0, o0x7f9f6f012d48; 0 drivers
o0x7f9f6f012d78 .functor BUFZ 16, C4<zzzzzzzzzzzzzzzz>; HiZ drive
v0x555f345f1cc0_238 .net v0x555f345f1cc0 238, 15 0, o0x7f9f6f012d78; 0 drivers
o0x7f9f6f012da8 .functor BUFZ 16, C4<zzzzzzzzzzzzzzzz>; HiZ drive
v0x555f345f1cc0_239 .net v0x555f345f1cc0 239, 15 0, o0x7f9f6f012da8; 0 drivers
o0x7f9f6f012dd8 .functor BUFZ 16, C4<zzzzzzzzzzzzzzzz>; HiZ drive
v0x555f345f1cc0_240 .net v0x555f345f1cc0 240, 15 0, o0x7f9f6f012dd8; 0 drivers
o0x7f9f6f012e08 .functor BUFZ 16, C4<zzzzzzzzzzzzzzzz>; HiZ drive
v0x555f345f1cc0_241 .net v0x555f345f1cc0 241, 15 0, o0x7f9f6f012e08; 0 drivers
o0x7f9f6f012e38 .functor BUFZ 16, C4<zzzzzzzzzzzzzzzz>; HiZ drive
v0x555f345f1cc0_242 .net v0x555f345f1cc0 242, 15 0, o0x7f9f6f012e38; 0 drivers
o0x7f9f6f012e68 .functor BUFZ 16, C4<zzzzzzzzzzzzzzzz>; HiZ drive
v0x555f345f1cc0_243 .net v0x555f345f1cc0 243, 15 0, o0x7f9f6f012e68; 0 drivers
o0x7f9f6f012e98 .functor BUFZ 16, C4<zzzzzzzzzzzzzzzz>; HiZ drive
v0x555f345f1cc0_244 .net v0x555f345f1cc0 244, 15 0, o0x7f9f6f012e98; 0 drivers
o0x7f9f6f012ec8 .functor BUFZ 16, C4<zzzzzzzzzzzzzzzz>; HiZ drive
v0x555f345f1cc0_245 .net v0x555f345f1cc0 245, 15 0, o0x7f9f6f012ec8; 0 drivers
o0x7f9f6f012ef8 .functor BUFZ 16, C4<zzzzzzzzzzzzzzzz>; HiZ drive
v0x555f345f1cc0_246 .net v0x555f345f1cc0 246, 15 0, o0x7f9f6f012ef8; 0 drivers
o0x7f9f6f012f28 .functor BUFZ 16, C4<zzzzzzzzzzzzzzzz>; HiZ drive
v0x555f345f1cc0_247 .net v0x555f345f1cc0 247, 15 0, o0x7f9f6f012f28; 0 drivers
o0x7f9f6f012f58 .functor BUFZ 16, C4<zzzzzzzzzzzzzzzz>; HiZ drive
v0x555f345f1cc0_248 .net v0x555f345f1cc0 248, 15 0, o0x7f9f6f012f58; 0 drivers
o0x7f9f6f012f88 .functor BUFZ 16, C4<zzzzzzzzzzzzzzzz>; HiZ drive
v0x555f345f1cc0_249 .net v0x555f345f1cc0 249, 15 0, o0x7f9f6f012f88; 0 drivers
o0x7f9f6f012fb8 .functor BUFZ 16, C4<zzzzzzzzzzzzzzzz>; HiZ drive
v0x555f345f1cc0_250 .net v0x555f345f1cc0 250, 15 0, o0x7f9f6f012fb8; 0 drivers
o0x7f9f6f012fe8 .functor BUFZ 16, C4<zzzzzzzzzzzzzzzz>; HiZ drive
v0x555f345f1cc0_251 .net v0x555f345f1cc0 251, 15 0, o0x7f9f6f012fe8; 0 drivers
o0x7f9f6f013018 .functor BUFZ 16, C4<zzzzzzzzzzzzzzzz>; HiZ drive
v0x555f345f1cc0_252 .net v0x555f345f1cc0 252, 15 0, o0x7f9f6f013018; 0 drivers
o0x7f9f6f013048 .functor BUFZ 16, C4<zzzzzzzzzzzzzzzz>; HiZ drive
v0x555f345f1cc0_253 .net v0x555f345f1cc0 253, 15 0, o0x7f9f6f013048; 0 drivers
o0x7f9f6f013078 .functor BUFZ 16, C4<zzzzzzzzzzzzzzzz>; HiZ drive
v0x555f345f1cc0_254 .net v0x555f345f1cc0 254, 15 0, o0x7f9f6f013078; 0 drivers
o0x7f9f6f0130a8 .functor BUFZ 16, C4<zzzzzzzzzzzzzzzz>; HiZ drive
v0x555f345f1cc0_255 .net v0x555f345f1cc0 255, 15 0, o0x7f9f6f0130a8; 0 drivers
o0x7f9f6f0130d8 .functor BUFZ 16, C4<zzzzzzzzzzzzzzzz>; HiZ drive
v0x555f345f1cc0_256 .net v0x555f345f1cc0 256, 15 0, o0x7f9f6f0130d8; 0 drivers
o0x7f9f6f013108 .functor BUFZ 16, C4<zzzzzzzzzzzzzzzz>; HiZ drive
v0x555f345f1cc0_257 .net v0x555f345f1cc0 257, 15 0, o0x7f9f6f013108; 0 drivers
o0x7f9f6f013138 .functor BUFZ 16, C4<zzzzzzzzzzzzzzzz>; HiZ drive
v0x555f345f1cc0_258 .net v0x555f345f1cc0 258, 15 0, o0x7f9f6f013138; 0 drivers
o0x7f9f6f013168 .functor BUFZ 16, C4<zzzzzzzzzzzzzzzz>; HiZ drive
v0x555f345f1cc0_259 .net v0x555f345f1cc0 259, 15 0, o0x7f9f6f013168; 0 drivers
o0x7f9f6f013198 .functor BUFZ 16, C4<zzzzzzzzzzzzzzzz>; HiZ drive
v0x555f345f1cc0_260 .net v0x555f345f1cc0 260, 15 0, o0x7f9f6f013198; 0 drivers
o0x7f9f6f0131c8 .functor BUFZ 16, C4<zzzzzzzzzzzzzzzz>; HiZ drive
v0x555f345f1cc0_261 .net v0x555f345f1cc0 261, 15 0, o0x7f9f6f0131c8; 0 drivers
o0x7f9f6f0131f8 .functor BUFZ 16, C4<zzzzzzzzzzzzzzzz>; HiZ drive
v0x555f345f1cc0_262 .net v0x555f345f1cc0 262, 15 0, o0x7f9f6f0131f8; 0 drivers
o0x7f9f6f013228 .functor BUFZ 16, C4<zzzzzzzzzzzzzzzz>; HiZ drive
v0x555f345f1cc0_263 .net v0x555f345f1cc0 263, 15 0, o0x7f9f6f013228; 0 drivers
o0x7f9f6f013258 .functor BUFZ 16, C4<zzzzzzzzzzzzzzzz>; HiZ drive
v0x555f345f1cc0_264 .net v0x555f345f1cc0 264, 15 0, o0x7f9f6f013258; 0 drivers
o0x7f9f6f013288 .functor BUFZ 16, C4<zzzzzzzzzzzzzzzz>; HiZ drive
v0x555f345f1cc0_265 .net v0x555f345f1cc0 265, 15 0, o0x7f9f6f013288; 0 drivers
o0x7f9f6f0132b8 .functor BUFZ 16, C4<zzzzzzzzzzzzzzzz>; HiZ drive
v0x555f345f1cc0_266 .net v0x555f345f1cc0 266, 15 0, o0x7f9f6f0132b8; 0 drivers
o0x7f9f6f0132e8 .functor BUFZ 16, C4<zzzzzzzzzzzzzzzz>; HiZ drive
v0x555f345f1cc0_267 .net v0x555f345f1cc0 267, 15 0, o0x7f9f6f0132e8; 0 drivers
o0x7f9f6f013318 .functor BUFZ 16, C4<zzzzzzzzzzzzzzzz>; HiZ drive
v0x555f345f1cc0_268 .net v0x555f345f1cc0 268, 15 0, o0x7f9f6f013318; 0 drivers
o0x7f9f6f013348 .functor BUFZ 16, C4<zzzzzzzzzzzzzzzz>; HiZ drive
v0x555f345f1cc0_269 .net v0x555f345f1cc0 269, 15 0, o0x7f9f6f013348; 0 drivers
o0x7f9f6f013378 .functor BUFZ 16, C4<zzzzzzzzzzzzzzzz>; HiZ drive
v0x555f345f1cc0_270 .net v0x555f345f1cc0 270, 15 0, o0x7f9f6f013378; 0 drivers
o0x7f9f6f0133a8 .functor BUFZ 16, C4<zzzzzzzzzzzzzzzz>; HiZ drive
v0x555f345f1cc0_271 .net v0x555f345f1cc0 271, 15 0, o0x7f9f6f0133a8; 0 drivers
o0x7f9f6f0133d8 .functor BUFZ 16, C4<zzzzzzzzzzzzzzzz>; HiZ drive
v0x555f345f1cc0_272 .net v0x555f345f1cc0 272, 15 0, o0x7f9f6f0133d8; 0 drivers
o0x7f9f6f013408 .functor BUFZ 16, C4<zzzzzzzzzzzzzzzz>; HiZ drive
v0x555f345f1cc0_273 .net v0x555f345f1cc0 273, 15 0, o0x7f9f6f013408; 0 drivers
o0x7f9f6f013438 .functor BUFZ 16, C4<zzzzzzzzzzzzzzzz>; HiZ drive
v0x555f345f1cc0_274 .net v0x555f345f1cc0 274, 15 0, o0x7f9f6f013438; 0 drivers
o0x7f9f6f013468 .functor BUFZ 16, C4<zzzzzzzzzzzzzzzz>; HiZ drive
v0x555f345f1cc0_275 .net v0x555f345f1cc0 275, 15 0, o0x7f9f6f013468; 0 drivers
o0x7f9f6f013498 .functor BUFZ 16, C4<zzzzzzzzzzzzzzzz>; HiZ drive
v0x555f345f1cc0_276 .net v0x555f345f1cc0 276, 15 0, o0x7f9f6f013498; 0 drivers
o0x7f9f6f0134c8 .functor BUFZ 16, C4<zzzzzzzzzzzzzzzz>; HiZ drive
v0x555f345f1cc0_277 .net v0x555f345f1cc0 277, 15 0, o0x7f9f6f0134c8; 0 drivers
o0x7f9f6f0134f8 .functor BUFZ 16, C4<zzzzzzzzzzzzzzzz>; HiZ drive
v0x555f345f1cc0_278 .net v0x555f345f1cc0 278, 15 0, o0x7f9f6f0134f8; 0 drivers
o0x7f9f6f013528 .functor BUFZ 16, C4<zzzzzzzzzzzzzzzz>; HiZ drive
v0x555f345f1cc0_279 .net v0x555f345f1cc0 279, 15 0, o0x7f9f6f013528; 0 drivers
o0x7f9f6f013558 .functor BUFZ 16, C4<zzzzzzzzzzzzzzzz>; HiZ drive
v0x555f345f1cc0_280 .net v0x555f345f1cc0 280, 15 0, o0x7f9f6f013558; 0 drivers
o0x7f9f6f013588 .functor BUFZ 16, C4<zzzzzzzzzzzzzzzz>; HiZ drive
v0x555f345f1cc0_281 .net v0x555f345f1cc0 281, 15 0, o0x7f9f6f013588; 0 drivers
o0x7f9f6f0135b8 .functor BUFZ 16, C4<zzzzzzzzzzzzzzzz>; HiZ drive
v0x555f345f1cc0_282 .net v0x555f345f1cc0 282, 15 0, o0x7f9f6f0135b8; 0 drivers
o0x7f9f6f0135e8 .functor BUFZ 16, C4<zzzzzzzzzzzzzzzz>; HiZ drive
v0x555f345f1cc0_283 .net v0x555f345f1cc0 283, 15 0, o0x7f9f6f0135e8; 0 drivers
o0x7f9f6f013618 .functor BUFZ 16, C4<zzzzzzzzzzzzzzzz>; HiZ drive
v0x555f345f1cc0_284 .net v0x555f345f1cc0 284, 15 0, o0x7f9f6f013618; 0 drivers
o0x7f9f6f013648 .functor BUFZ 16, C4<zzzzzzzzzzzzzzzz>; HiZ drive
v0x555f345f1cc0_285 .net v0x555f345f1cc0 285, 15 0, o0x7f9f6f013648; 0 drivers
o0x7f9f6f013678 .functor BUFZ 16, C4<zzzzzzzzzzzzzzzz>; HiZ drive
v0x555f345f1cc0_286 .net v0x555f345f1cc0 286, 15 0, o0x7f9f6f013678; 0 drivers
o0x7f9f6f0136a8 .functor BUFZ 16, C4<zzzzzzzzzzzzzzzz>; HiZ drive
v0x555f345f1cc0_287 .net v0x555f345f1cc0 287, 15 0, o0x7f9f6f0136a8; 0 drivers
o0x7f9f6f0136d8 .functor BUFZ 16, C4<zzzzzzzzzzzzzzzz>; HiZ drive
v0x555f345f1cc0_288 .net v0x555f345f1cc0 288, 15 0, o0x7f9f6f0136d8; 0 drivers
o0x7f9f6f013708 .functor BUFZ 16, C4<zzzzzzzzzzzzzzzz>; HiZ drive
v0x555f345f1cc0_289 .net v0x555f345f1cc0 289, 15 0, o0x7f9f6f013708; 0 drivers
o0x7f9f6f013738 .functor BUFZ 16, C4<zzzzzzzzzzzzzzzz>; HiZ drive
v0x555f345f1cc0_290 .net v0x555f345f1cc0 290, 15 0, o0x7f9f6f013738; 0 drivers
o0x7f9f6f013768 .functor BUFZ 16, C4<zzzzzzzzzzzzzzzz>; HiZ drive
v0x555f345f1cc0_291 .net v0x555f345f1cc0 291, 15 0, o0x7f9f6f013768; 0 drivers
o0x7f9f6f013798 .functor BUFZ 16, C4<zzzzzzzzzzzzzzzz>; HiZ drive
v0x555f345f1cc0_292 .net v0x555f345f1cc0 292, 15 0, o0x7f9f6f013798; 0 drivers
o0x7f9f6f0137c8 .functor BUFZ 16, C4<zzzzzzzzzzzzzzzz>; HiZ drive
v0x555f345f1cc0_293 .net v0x555f345f1cc0 293, 15 0, o0x7f9f6f0137c8; 0 drivers
o0x7f9f6f0137f8 .functor BUFZ 16, C4<zzzzzzzzzzzzzzzz>; HiZ drive
v0x555f345f1cc0_294 .net v0x555f345f1cc0 294, 15 0, o0x7f9f6f0137f8; 0 drivers
o0x7f9f6f013828 .functor BUFZ 16, C4<zzzzzzzzzzzzzzzz>; HiZ drive
v0x555f345f1cc0_295 .net v0x555f345f1cc0 295, 15 0, o0x7f9f6f013828; 0 drivers
o0x7f9f6f013858 .functor BUFZ 16, C4<zzzzzzzzzzzzzzzz>; HiZ drive
v0x555f345f1cc0_296 .net v0x555f345f1cc0 296, 15 0, o0x7f9f6f013858; 0 drivers
o0x7f9f6f013888 .functor BUFZ 16, C4<zzzzzzzzzzzzzzzz>; HiZ drive
v0x555f345f1cc0_297 .net v0x555f345f1cc0 297, 15 0, o0x7f9f6f013888; 0 drivers
o0x7f9f6f0138b8 .functor BUFZ 16, C4<zzzzzzzzzzzzzzzz>; HiZ drive
v0x555f345f1cc0_298 .net v0x555f345f1cc0 298, 15 0, o0x7f9f6f0138b8; 0 drivers
o0x7f9f6f0138e8 .functor BUFZ 16, C4<zzzzzzzzzzzzzzzz>; HiZ drive
v0x555f345f1cc0_299 .net v0x555f345f1cc0 299, 15 0, o0x7f9f6f0138e8; 0 drivers
o0x7f9f6f013918 .functor BUFZ 16, C4<zzzzzzzzzzzzzzzz>; HiZ drive
v0x555f345f1cc0_300 .net v0x555f345f1cc0 300, 15 0, o0x7f9f6f013918; 0 drivers
o0x7f9f6f013948 .functor BUFZ 16, C4<zzzzzzzzzzzzzzzz>; HiZ drive
v0x555f345f1cc0_301 .net v0x555f345f1cc0 301, 15 0, o0x7f9f6f013948; 0 drivers
o0x7f9f6f013978 .functor BUFZ 16, C4<zzzzzzzzzzzzzzzz>; HiZ drive
v0x555f345f1cc0_302 .net v0x555f345f1cc0 302, 15 0, o0x7f9f6f013978; 0 drivers
o0x7f9f6f0139a8 .functor BUFZ 16, C4<zzzzzzzzzzzzzzzz>; HiZ drive
v0x555f345f1cc0_303 .net v0x555f345f1cc0 303, 15 0, o0x7f9f6f0139a8; 0 drivers
o0x7f9f6f0139d8 .functor BUFZ 16, C4<zzzzzzzzzzzzzzzz>; HiZ drive
v0x555f345f1cc0_304 .net v0x555f345f1cc0 304, 15 0, o0x7f9f6f0139d8; 0 drivers
o0x7f9f6f013a08 .functor BUFZ 16, C4<zzzzzzzzzzzzzzzz>; HiZ drive
v0x555f345f1cc0_305 .net v0x555f345f1cc0 305, 15 0, o0x7f9f6f013a08; 0 drivers
o0x7f9f6f013a38 .functor BUFZ 16, C4<zzzzzzzzzzzzzzzz>; HiZ drive
v0x555f345f1cc0_306 .net v0x555f345f1cc0 306, 15 0, o0x7f9f6f013a38; 0 drivers
o0x7f9f6f013a68 .functor BUFZ 16, C4<zzzzzzzzzzzzzzzz>; HiZ drive
v0x555f345f1cc0_307 .net v0x555f345f1cc0 307, 15 0, o0x7f9f6f013a68; 0 drivers
o0x7f9f6f013a98 .functor BUFZ 16, C4<zzzzzzzzzzzzzzzz>; HiZ drive
v0x555f345f1cc0_308 .net v0x555f345f1cc0 308, 15 0, o0x7f9f6f013a98; 0 drivers
o0x7f9f6f013ac8 .functor BUFZ 16, C4<zzzzzzzzzzzzzzzz>; HiZ drive
v0x555f345f1cc0_309 .net v0x555f345f1cc0 309, 15 0, o0x7f9f6f013ac8; 0 drivers
o0x7f9f6f013af8 .functor BUFZ 16, C4<zzzzzzzzzzzzzzzz>; HiZ drive
v0x555f345f1cc0_310 .net v0x555f345f1cc0 310, 15 0, o0x7f9f6f013af8; 0 drivers
o0x7f9f6f013b28 .functor BUFZ 16, C4<zzzzzzzzzzzzzzzz>; HiZ drive
v0x555f345f1cc0_311 .net v0x555f345f1cc0 311, 15 0, o0x7f9f6f013b28; 0 drivers
o0x7f9f6f013b58 .functor BUFZ 16, C4<zzzzzzzzzzzzzzzz>; HiZ drive
v0x555f345f1cc0_312 .net v0x555f345f1cc0 312, 15 0, o0x7f9f6f013b58; 0 drivers
o0x7f9f6f013b88 .functor BUFZ 16, C4<zzzzzzzzzzzzzzzz>; HiZ drive
v0x555f345f1cc0_313 .net v0x555f345f1cc0 313, 15 0, o0x7f9f6f013b88; 0 drivers
o0x7f9f6f013bb8 .functor BUFZ 16, C4<zzzzzzzzzzzzzzzz>; HiZ drive
v0x555f345f1cc0_314 .net v0x555f345f1cc0 314, 15 0, o0x7f9f6f013bb8; 0 drivers
o0x7f9f6f013be8 .functor BUFZ 16, C4<zzzzzzzzzzzzzzzz>; HiZ drive
v0x555f345f1cc0_315 .net v0x555f345f1cc0 315, 15 0, o0x7f9f6f013be8; 0 drivers
o0x7f9f6f013c18 .functor BUFZ 16, C4<zzzzzzzzzzzzzzzz>; HiZ drive
v0x555f345f1cc0_316 .net v0x555f345f1cc0 316, 15 0, o0x7f9f6f013c18; 0 drivers
o0x7f9f6f013c48 .functor BUFZ 16, C4<zzzzzzzzzzzzzzzz>; HiZ drive
v0x555f345f1cc0_317 .net v0x555f345f1cc0 317, 15 0, o0x7f9f6f013c48; 0 drivers
o0x7f9f6f013c78 .functor BUFZ 16, C4<zzzzzzzzzzzzzzzz>; HiZ drive
v0x555f345f1cc0_318 .net v0x555f345f1cc0 318, 15 0, o0x7f9f6f013c78; 0 drivers
o0x7f9f6f013ca8 .functor BUFZ 16, C4<zzzzzzzzzzzzzzzz>; HiZ drive
v0x555f345f1cc0_319 .net v0x555f345f1cc0 319, 15 0, o0x7f9f6f013ca8; 0 drivers
o0x7f9f6f013cd8 .functor BUFZ 16, C4<zzzzzzzzzzzzzzzz>; HiZ drive
v0x555f345f1cc0_320 .net v0x555f345f1cc0 320, 15 0, o0x7f9f6f013cd8; 0 drivers
o0x7f9f6f013d08 .functor BUFZ 16, C4<zzzzzzzzzzzzzzzz>; HiZ drive
v0x555f345f1cc0_321 .net v0x555f345f1cc0 321, 15 0, o0x7f9f6f013d08; 0 drivers
o0x7f9f6f013d38 .functor BUFZ 16, C4<zzzzzzzzzzzzzzzz>; HiZ drive
v0x555f345f1cc0_322 .net v0x555f345f1cc0 322, 15 0, o0x7f9f6f013d38; 0 drivers
o0x7f9f6f013d68 .functor BUFZ 16, C4<zzzzzzzzzzzzzzzz>; HiZ drive
v0x555f345f1cc0_323 .net v0x555f345f1cc0 323, 15 0, o0x7f9f6f013d68; 0 drivers
o0x7f9f6f013d98 .functor BUFZ 16, C4<zzzzzzzzzzzzzzzz>; HiZ drive
v0x555f345f1cc0_324 .net v0x555f345f1cc0 324, 15 0, o0x7f9f6f013d98; 0 drivers
o0x7f9f6f013dc8 .functor BUFZ 16, C4<zzzzzzzzzzzzzzzz>; HiZ drive
v0x555f345f1cc0_325 .net v0x555f345f1cc0 325, 15 0, o0x7f9f6f013dc8; 0 drivers
o0x7f9f6f013df8 .functor BUFZ 16, C4<zzzzzzzzzzzzzzzz>; HiZ drive
v0x555f345f1cc0_326 .net v0x555f345f1cc0 326, 15 0, o0x7f9f6f013df8; 0 drivers
o0x7f9f6f013e28 .functor BUFZ 16, C4<zzzzzzzzzzzzzzzz>; HiZ drive
v0x555f345f1cc0_327 .net v0x555f345f1cc0 327, 15 0, o0x7f9f6f013e28; 0 drivers
o0x7f9f6f013e58 .functor BUFZ 16, C4<zzzzzzzzzzzzzzzz>; HiZ drive
v0x555f345f1cc0_328 .net v0x555f345f1cc0 328, 15 0, o0x7f9f6f013e58; 0 drivers
o0x7f9f6f013e88 .functor BUFZ 16, C4<zzzzzzzzzzzzzzzz>; HiZ drive
v0x555f345f1cc0_329 .net v0x555f345f1cc0 329, 15 0, o0x7f9f6f013e88; 0 drivers
o0x7f9f6f013eb8 .functor BUFZ 16, C4<zzzzzzzzzzzzzzzz>; HiZ drive
v0x555f345f1cc0_330 .net v0x555f345f1cc0 330, 15 0, o0x7f9f6f013eb8; 0 drivers
o0x7f9f6f013ee8 .functor BUFZ 16, C4<zzzzzzzzzzzzzzzz>; HiZ drive
v0x555f345f1cc0_331 .net v0x555f345f1cc0 331, 15 0, o0x7f9f6f013ee8; 0 drivers
o0x7f9f6f013f18 .functor BUFZ 16, C4<zzzzzzzzzzzzzzzz>; HiZ drive
v0x555f345f1cc0_332 .net v0x555f345f1cc0 332, 15 0, o0x7f9f6f013f18; 0 drivers
o0x7f9f6f013f48 .functor BUFZ 16, C4<zzzzzzzzzzzzzzzz>; HiZ drive
v0x555f345f1cc0_333 .net v0x555f345f1cc0 333, 15 0, o0x7f9f6f013f48; 0 drivers
o0x7f9f6f013f78 .functor BUFZ 16, C4<zzzzzzzzzzzzzzzz>; HiZ drive
v0x555f345f1cc0_334 .net v0x555f345f1cc0 334, 15 0, o0x7f9f6f013f78; 0 drivers
o0x7f9f6f013fa8 .functor BUFZ 16, C4<zzzzzzzzzzzzzzzz>; HiZ drive
v0x555f345f1cc0_335 .net v0x555f345f1cc0 335, 15 0, o0x7f9f6f013fa8; 0 drivers
o0x7f9f6f013fd8 .functor BUFZ 16, C4<zzzzzzzzzzzzzzzz>; HiZ drive
v0x555f345f1cc0_336 .net v0x555f345f1cc0 336, 15 0, o0x7f9f6f013fd8; 0 drivers
o0x7f9f6f014008 .functor BUFZ 16, C4<zzzzzzzzzzzzzzzz>; HiZ drive
v0x555f345f1cc0_337 .net v0x555f345f1cc0 337, 15 0, o0x7f9f6f014008; 0 drivers
o0x7f9f6f014038 .functor BUFZ 16, C4<zzzzzzzzzzzzzzzz>; HiZ drive
v0x555f345f1cc0_338 .net v0x555f345f1cc0 338, 15 0, o0x7f9f6f014038; 0 drivers
o0x7f9f6f014068 .functor BUFZ 16, C4<zzzzzzzzzzzzzzzz>; HiZ drive
v0x555f345f1cc0_339 .net v0x555f345f1cc0 339, 15 0, o0x7f9f6f014068; 0 drivers
o0x7f9f6f014098 .functor BUFZ 16, C4<zzzzzzzzzzzzzzzz>; HiZ drive
v0x555f345f1cc0_340 .net v0x555f345f1cc0 340, 15 0, o0x7f9f6f014098; 0 drivers
o0x7f9f6f0140c8 .functor BUFZ 16, C4<zzzzzzzzzzzzzzzz>; HiZ drive
v0x555f345f1cc0_341 .net v0x555f345f1cc0 341, 15 0, o0x7f9f6f0140c8; 0 drivers
o0x7f9f6f0140f8 .functor BUFZ 16, C4<zzzzzzzzzzzzzzzz>; HiZ drive
v0x555f345f1cc0_342 .net v0x555f345f1cc0 342, 15 0, o0x7f9f6f0140f8; 0 drivers
o0x7f9f6f014128 .functor BUFZ 16, C4<zzzzzzzzzzzzzzzz>; HiZ drive
v0x555f345f1cc0_343 .net v0x555f345f1cc0 343, 15 0, o0x7f9f6f014128; 0 drivers
o0x7f9f6f014158 .functor BUFZ 16, C4<zzzzzzzzzzzzzzzz>; HiZ drive
v0x555f345f1cc0_344 .net v0x555f345f1cc0 344, 15 0, o0x7f9f6f014158; 0 drivers
o0x7f9f6f014188 .functor BUFZ 16, C4<zzzzzzzzzzzzzzzz>; HiZ drive
v0x555f345f1cc0_345 .net v0x555f345f1cc0 345, 15 0, o0x7f9f6f014188; 0 drivers
o0x7f9f6f0141b8 .functor BUFZ 16, C4<zzzzzzzzzzzzzzzz>; HiZ drive
v0x555f345f1cc0_346 .net v0x555f345f1cc0 346, 15 0, o0x7f9f6f0141b8; 0 drivers
o0x7f9f6f0141e8 .functor BUFZ 16, C4<zzzzzzzzzzzzzzzz>; HiZ drive
v0x555f345f1cc0_347 .net v0x555f345f1cc0 347, 15 0, o0x7f9f6f0141e8; 0 drivers
o0x7f9f6f014218 .functor BUFZ 16, C4<zzzzzzzzzzzzzzzz>; HiZ drive
v0x555f345f1cc0_348 .net v0x555f345f1cc0 348, 15 0, o0x7f9f6f014218; 0 drivers
o0x7f9f6f014248 .functor BUFZ 16, C4<zzzzzzzzzzzzzzzz>; HiZ drive
v0x555f345f1cc0_349 .net v0x555f345f1cc0 349, 15 0, o0x7f9f6f014248; 0 drivers
o0x7f9f6f014278 .functor BUFZ 16, C4<zzzzzzzzzzzzzzzz>; HiZ drive
v0x555f345f1cc0_350 .net v0x555f345f1cc0 350, 15 0, o0x7f9f6f014278; 0 drivers
o0x7f9f6f0142a8 .functor BUFZ 16, C4<zzzzzzzzzzzzzzzz>; HiZ drive
v0x555f345f1cc0_351 .net v0x555f345f1cc0 351, 15 0, o0x7f9f6f0142a8; 0 drivers
o0x7f9f6f0142d8 .functor BUFZ 16, C4<zzzzzzzzzzzzzzzz>; HiZ drive
v0x555f345f1cc0_352 .net v0x555f345f1cc0 352, 15 0, o0x7f9f6f0142d8; 0 drivers
o0x7f9f6f014308 .functor BUFZ 16, C4<zzzzzzzzzzzzzzzz>; HiZ drive
v0x555f345f1cc0_353 .net v0x555f345f1cc0 353, 15 0, o0x7f9f6f014308; 0 drivers
o0x7f9f6f014338 .functor BUFZ 16, C4<zzzzzzzzzzzzzzzz>; HiZ drive
v0x555f345f1cc0_354 .net v0x555f345f1cc0 354, 15 0, o0x7f9f6f014338; 0 drivers
o0x7f9f6f014368 .functor BUFZ 16, C4<zzzzzzzzzzzzzzzz>; HiZ drive
v0x555f345f1cc0_355 .net v0x555f345f1cc0 355, 15 0, o0x7f9f6f014368; 0 drivers
o0x7f9f6f014398 .functor BUFZ 16, C4<zzzzzzzzzzzzzzzz>; HiZ drive
v0x555f345f1cc0_356 .net v0x555f345f1cc0 356, 15 0, o0x7f9f6f014398; 0 drivers
o0x7f9f6f0143c8 .functor BUFZ 16, C4<zzzzzzzzzzzzzzzz>; HiZ drive
v0x555f345f1cc0_357 .net v0x555f345f1cc0 357, 15 0, o0x7f9f6f0143c8; 0 drivers
o0x7f9f6f0143f8 .functor BUFZ 16, C4<zzzzzzzzzzzzzzzz>; HiZ drive
v0x555f345f1cc0_358 .net v0x555f345f1cc0 358, 15 0, o0x7f9f6f0143f8; 0 drivers
o0x7f9f6f014428 .functor BUFZ 16, C4<zzzzzzzzzzzzzzzz>; HiZ drive
v0x555f345f1cc0_359 .net v0x555f345f1cc0 359, 15 0, o0x7f9f6f014428; 0 drivers
o0x7f9f6f014458 .functor BUFZ 16, C4<zzzzzzzzzzzzzzzz>; HiZ drive
v0x555f345f1cc0_360 .net v0x555f345f1cc0 360, 15 0, o0x7f9f6f014458; 0 drivers
o0x7f9f6f014488 .functor BUFZ 16, C4<zzzzzzzzzzzzzzzz>; HiZ drive
v0x555f345f1cc0_361 .net v0x555f345f1cc0 361, 15 0, o0x7f9f6f014488; 0 drivers
o0x7f9f6f0144b8 .functor BUFZ 16, C4<zzzzzzzzzzzzzzzz>; HiZ drive
v0x555f345f1cc0_362 .net v0x555f345f1cc0 362, 15 0, o0x7f9f6f0144b8; 0 drivers
o0x7f9f6f0144e8 .functor BUFZ 16, C4<zzzzzzzzzzzzzzzz>; HiZ drive
v0x555f345f1cc0_363 .net v0x555f345f1cc0 363, 15 0, o0x7f9f6f0144e8; 0 drivers
o0x7f9f6f014518 .functor BUFZ 16, C4<zzzzzzzzzzzzzzzz>; HiZ drive
v0x555f345f1cc0_364 .net v0x555f345f1cc0 364, 15 0, o0x7f9f6f014518; 0 drivers
o0x7f9f6f014548 .functor BUFZ 16, C4<zzzzzzzzzzzzzzzz>; HiZ drive
v0x555f345f1cc0_365 .net v0x555f345f1cc0 365, 15 0, o0x7f9f6f014548; 0 drivers
o0x7f9f6f014578 .functor BUFZ 16, C4<zzzzzzzzzzzzzzzz>; HiZ drive
v0x555f345f1cc0_366 .net v0x555f345f1cc0 366, 15 0, o0x7f9f6f014578; 0 drivers
o0x7f9f6f0145a8 .functor BUFZ 16, C4<zzzzzzzzzzzzzzzz>; HiZ drive
v0x555f345f1cc0_367 .net v0x555f345f1cc0 367, 15 0, o0x7f9f6f0145a8; 0 drivers
o0x7f9f6f0145d8 .functor BUFZ 16, C4<zzzzzzzzzzzzzzzz>; HiZ drive
v0x555f345f1cc0_368 .net v0x555f345f1cc0 368, 15 0, o0x7f9f6f0145d8; 0 drivers
o0x7f9f6f014608 .functor BUFZ 16, C4<zzzzzzzzzzzzzzzz>; HiZ drive
v0x555f345f1cc0_369 .net v0x555f345f1cc0 369, 15 0, o0x7f9f6f014608; 0 drivers
o0x7f9f6f014638 .functor BUFZ 16, C4<zzzzzzzzzzzzzzzz>; HiZ drive
v0x555f345f1cc0_370 .net v0x555f345f1cc0 370, 15 0, o0x7f9f6f014638; 0 drivers
o0x7f9f6f014668 .functor BUFZ 16, C4<zzzzzzzzzzzzzzzz>; HiZ drive
v0x555f345f1cc0_371 .net v0x555f345f1cc0 371, 15 0, o0x7f9f6f014668; 0 drivers
o0x7f9f6f014698 .functor BUFZ 16, C4<zzzzzzzzzzzzzzzz>; HiZ drive
v0x555f345f1cc0_372 .net v0x555f345f1cc0 372, 15 0, o0x7f9f6f014698; 0 drivers
o0x7f9f6f0146c8 .functor BUFZ 16, C4<zzzzzzzzzzzzzzzz>; HiZ drive
v0x555f345f1cc0_373 .net v0x555f345f1cc0 373, 15 0, o0x7f9f6f0146c8; 0 drivers
o0x7f9f6f0146f8 .functor BUFZ 16, C4<zzzzzzzzzzzzzzzz>; HiZ drive
v0x555f345f1cc0_374 .net v0x555f345f1cc0 374, 15 0, o0x7f9f6f0146f8; 0 drivers
o0x7f9f6f014728 .functor BUFZ 16, C4<zzzzzzzzzzzzzzzz>; HiZ drive
v0x555f345f1cc0_375 .net v0x555f345f1cc0 375, 15 0, o0x7f9f6f014728; 0 drivers
o0x7f9f6f014758 .functor BUFZ 16, C4<zzzzzzzzzzzzzzzz>; HiZ drive
v0x555f345f1cc0_376 .net v0x555f345f1cc0 376, 15 0, o0x7f9f6f014758; 0 drivers
o0x7f9f6f014788 .functor BUFZ 16, C4<zzzzzzzzzzzzzzzz>; HiZ drive
v0x555f345f1cc0_377 .net v0x555f345f1cc0 377, 15 0, o0x7f9f6f014788; 0 drivers
o0x7f9f6f0147b8 .functor BUFZ 16, C4<zzzzzzzzzzzzzzzz>; HiZ drive
v0x555f345f1cc0_378 .net v0x555f345f1cc0 378, 15 0, o0x7f9f6f0147b8; 0 drivers
o0x7f9f6f0147e8 .functor BUFZ 16, C4<zzzzzzzzzzzzzzzz>; HiZ drive
v0x555f345f1cc0_379 .net v0x555f345f1cc0 379, 15 0, o0x7f9f6f0147e8; 0 drivers
o0x7f9f6f014818 .functor BUFZ 16, C4<zzzzzzzzzzzzzzzz>; HiZ drive
v0x555f345f1cc0_380 .net v0x555f345f1cc0 380, 15 0, o0x7f9f6f014818; 0 drivers
o0x7f9f6f014848 .functor BUFZ 16, C4<zzzzzzzzzzzzzzzz>; HiZ drive
v0x555f345f1cc0_381 .net v0x555f345f1cc0 381, 15 0, o0x7f9f6f014848; 0 drivers
o0x7f9f6f014878 .functor BUFZ 16, C4<zzzzzzzzzzzzzzzz>; HiZ drive
v0x555f345f1cc0_382 .net v0x555f345f1cc0 382, 15 0, o0x7f9f6f014878; 0 drivers
o0x7f9f6f0148a8 .functor BUFZ 16, C4<zzzzzzzzzzzzzzzz>; HiZ drive
v0x555f345f1cc0_383 .net v0x555f345f1cc0 383, 15 0, o0x7f9f6f0148a8; 0 drivers
o0x7f9f6f0148d8 .functor BUFZ 16, C4<zzzzzzzzzzzzzzzz>; HiZ drive
v0x555f345f1cc0_384 .net v0x555f345f1cc0 384, 15 0, o0x7f9f6f0148d8; 0 drivers
o0x7f9f6f014908 .functor BUFZ 16, C4<zzzzzzzzzzzzzzzz>; HiZ drive
v0x555f345f1cc0_385 .net v0x555f345f1cc0 385, 15 0, o0x7f9f6f014908; 0 drivers
o0x7f9f6f014938 .functor BUFZ 16, C4<zzzzzzzzzzzzzzzz>; HiZ drive
v0x555f345f1cc0_386 .net v0x555f345f1cc0 386, 15 0, o0x7f9f6f014938; 0 drivers
o0x7f9f6f014968 .functor BUFZ 16, C4<zzzzzzzzzzzzzzzz>; HiZ drive
v0x555f345f1cc0_387 .net v0x555f345f1cc0 387, 15 0, o0x7f9f6f014968; 0 drivers
o0x7f9f6f014998 .functor BUFZ 16, C4<zzzzzzzzzzzzzzzz>; HiZ drive
v0x555f345f1cc0_388 .net v0x555f345f1cc0 388, 15 0, o0x7f9f6f014998; 0 drivers
o0x7f9f6f0149c8 .functor BUFZ 16, C4<zzzzzzzzzzzzzzzz>; HiZ drive
v0x555f345f1cc0_389 .net v0x555f345f1cc0 389, 15 0, o0x7f9f6f0149c8; 0 drivers
o0x7f9f6f0149f8 .functor BUFZ 16, C4<zzzzzzzzzzzzzzzz>; HiZ drive
v0x555f345f1cc0_390 .net v0x555f345f1cc0 390, 15 0, o0x7f9f6f0149f8; 0 drivers
o0x7f9f6f014a28 .functor BUFZ 16, C4<zzzzzzzzzzzzzzzz>; HiZ drive
v0x555f345f1cc0_391 .net v0x555f345f1cc0 391, 15 0, o0x7f9f6f014a28; 0 drivers
o0x7f9f6f014a58 .functor BUFZ 16, C4<zzzzzzzzzzzzzzzz>; HiZ drive
v0x555f345f1cc0_392 .net v0x555f345f1cc0 392, 15 0, o0x7f9f6f014a58; 0 drivers
o0x7f9f6f014a88 .functor BUFZ 16, C4<zzzzzzzzzzzzzzzz>; HiZ drive
v0x555f345f1cc0_393 .net v0x555f345f1cc0 393, 15 0, o0x7f9f6f014a88; 0 drivers
o0x7f9f6f014ab8 .functor BUFZ 16, C4<zzzzzzzzzzzzzzzz>; HiZ drive
v0x555f345f1cc0_394 .net v0x555f345f1cc0 394, 15 0, o0x7f9f6f014ab8; 0 drivers
o0x7f9f6f014ae8 .functor BUFZ 16, C4<zzzzzzzzzzzzzzzz>; HiZ drive
v0x555f345f1cc0_395 .net v0x555f345f1cc0 395, 15 0, o0x7f9f6f014ae8; 0 drivers
o0x7f9f6f014b18 .functor BUFZ 16, C4<zzzzzzzzzzzzzzzz>; HiZ drive
v0x555f345f1cc0_396 .net v0x555f345f1cc0 396, 15 0, o0x7f9f6f014b18; 0 drivers
o0x7f9f6f014b48 .functor BUFZ 16, C4<zzzzzzzzzzzzzzzz>; HiZ drive
v0x555f345f1cc0_397 .net v0x555f345f1cc0 397, 15 0, o0x7f9f6f014b48; 0 drivers
o0x7f9f6f014b78 .functor BUFZ 16, C4<zzzzzzzzzzzzzzzz>; HiZ drive
v0x555f345f1cc0_398 .net v0x555f345f1cc0 398, 15 0, o0x7f9f6f014b78; 0 drivers
o0x7f9f6f014ba8 .functor BUFZ 16, C4<zzzzzzzzzzzzzzzz>; HiZ drive
v0x555f345f1cc0_399 .net v0x555f345f1cc0 399, 15 0, o0x7f9f6f014ba8; 0 drivers
o0x7f9f6f014bd8 .functor BUFZ 16, C4<zzzzzzzzzzzzzzzz>; HiZ drive
v0x555f345f1cc0_400 .net v0x555f345f1cc0 400, 15 0, o0x7f9f6f014bd8; 0 drivers
o0x7f9f6f014c08 .functor BUFZ 16, C4<zzzzzzzzzzzzzzzz>; HiZ drive
v0x555f345f1cc0_401 .net v0x555f345f1cc0 401, 15 0, o0x7f9f6f014c08; 0 drivers
o0x7f9f6f014c38 .functor BUFZ 16, C4<zzzzzzzzzzzzzzzz>; HiZ drive
v0x555f345f1cc0_402 .net v0x555f345f1cc0 402, 15 0, o0x7f9f6f014c38; 0 drivers
o0x7f9f6f014c68 .functor BUFZ 16, C4<zzzzzzzzzzzzzzzz>; HiZ drive
v0x555f345f1cc0_403 .net v0x555f345f1cc0 403, 15 0, o0x7f9f6f014c68; 0 drivers
o0x7f9f6f014c98 .functor BUFZ 16, C4<zzzzzzzzzzzzzzzz>; HiZ drive
v0x555f345f1cc0_404 .net v0x555f345f1cc0 404, 15 0, o0x7f9f6f014c98; 0 drivers
o0x7f9f6f014cc8 .functor BUFZ 16, C4<zzzzzzzzzzzzzzzz>; HiZ drive
v0x555f345f1cc0_405 .net v0x555f345f1cc0 405, 15 0, o0x7f9f6f014cc8; 0 drivers
o0x7f9f6f014cf8 .functor BUFZ 16, C4<zzzzzzzzzzzzzzzz>; HiZ drive
v0x555f345f1cc0_406 .net v0x555f345f1cc0 406, 15 0, o0x7f9f6f014cf8; 0 drivers
o0x7f9f6f014d28 .functor BUFZ 16, C4<zzzzzzzzzzzzzzzz>; HiZ drive
v0x555f345f1cc0_407 .net v0x555f345f1cc0 407, 15 0, o0x7f9f6f014d28; 0 drivers
o0x7f9f6f014d58 .functor BUFZ 16, C4<zzzzzzzzzzzzzzzz>; HiZ drive
v0x555f345f1cc0_408 .net v0x555f345f1cc0 408, 15 0, o0x7f9f6f014d58; 0 drivers
o0x7f9f6f014d88 .functor BUFZ 16, C4<zzzzzzzzzzzzzzzz>; HiZ drive
v0x555f345f1cc0_409 .net v0x555f345f1cc0 409, 15 0, o0x7f9f6f014d88; 0 drivers
o0x7f9f6f014db8 .functor BUFZ 16, C4<zzzzzzzzzzzzzzzz>; HiZ drive
v0x555f345f1cc0_410 .net v0x555f345f1cc0 410, 15 0, o0x7f9f6f014db8; 0 drivers
o0x7f9f6f014de8 .functor BUFZ 16, C4<zzzzzzzzzzzzzzzz>; HiZ drive
v0x555f345f1cc0_411 .net v0x555f345f1cc0 411, 15 0, o0x7f9f6f014de8; 0 drivers
o0x7f9f6f014e18 .functor BUFZ 16, C4<zzzzzzzzzzzzzzzz>; HiZ drive
v0x555f345f1cc0_412 .net v0x555f345f1cc0 412, 15 0, o0x7f9f6f014e18; 0 drivers
o0x7f9f6f014e48 .functor BUFZ 16, C4<zzzzzzzzzzzzzzzz>; HiZ drive
v0x555f345f1cc0_413 .net v0x555f345f1cc0 413, 15 0, o0x7f9f6f014e48; 0 drivers
o0x7f9f6f014e78 .functor BUFZ 16, C4<zzzzzzzzzzzzzzzz>; HiZ drive
v0x555f345f1cc0_414 .net v0x555f345f1cc0 414, 15 0, o0x7f9f6f014e78; 0 drivers
o0x7f9f6f014ea8 .functor BUFZ 16, C4<zzzzzzzzzzzzzzzz>; HiZ drive
v0x555f345f1cc0_415 .net v0x555f345f1cc0 415, 15 0, o0x7f9f6f014ea8; 0 drivers
o0x7f9f6f014ed8 .functor BUFZ 16, C4<zzzzzzzzzzzzzzzz>; HiZ drive
v0x555f345f1cc0_416 .net v0x555f345f1cc0 416, 15 0, o0x7f9f6f014ed8; 0 drivers
o0x7f9f6f014f08 .functor BUFZ 16, C4<zzzzzzzzzzzzzzzz>; HiZ drive
v0x555f345f1cc0_417 .net v0x555f345f1cc0 417, 15 0, o0x7f9f6f014f08; 0 drivers
o0x7f9f6f014f38 .functor BUFZ 16, C4<zzzzzzzzzzzzzzzz>; HiZ drive
v0x555f345f1cc0_418 .net v0x555f345f1cc0 418, 15 0, o0x7f9f6f014f38; 0 drivers
o0x7f9f6f014f68 .functor BUFZ 16, C4<zzzzzzzzzzzzzzzz>; HiZ drive
v0x555f345f1cc0_419 .net v0x555f345f1cc0 419, 15 0, o0x7f9f6f014f68; 0 drivers
o0x7f9f6f014f98 .functor BUFZ 16, C4<zzzzzzzzzzzzzzzz>; HiZ drive
v0x555f345f1cc0_420 .net v0x555f345f1cc0 420, 15 0, o0x7f9f6f014f98; 0 drivers
o0x7f9f6f014fc8 .functor BUFZ 16, C4<zzzzzzzzzzzzzzzz>; HiZ drive
v0x555f345f1cc0_421 .net v0x555f345f1cc0 421, 15 0, o0x7f9f6f014fc8; 0 drivers
o0x7f9f6f014ff8 .functor BUFZ 16, C4<zzzzzzzzzzzzzzzz>; HiZ drive
v0x555f345f1cc0_422 .net v0x555f345f1cc0 422, 15 0, o0x7f9f6f014ff8; 0 drivers
o0x7f9f6f015028 .functor BUFZ 16, C4<zzzzzzzzzzzzzzzz>; HiZ drive
v0x555f345f1cc0_423 .net v0x555f345f1cc0 423, 15 0, o0x7f9f6f015028; 0 drivers
o0x7f9f6f015058 .functor BUFZ 16, C4<zzzzzzzzzzzzzzzz>; HiZ drive
v0x555f345f1cc0_424 .net v0x555f345f1cc0 424, 15 0, o0x7f9f6f015058; 0 drivers
o0x7f9f6f015088 .functor BUFZ 16, C4<zzzzzzzzzzzzzzzz>; HiZ drive
v0x555f345f1cc0_425 .net v0x555f345f1cc0 425, 15 0, o0x7f9f6f015088; 0 drivers
o0x7f9f6f0150b8 .functor BUFZ 16, C4<zzzzzzzzzzzzzzzz>; HiZ drive
v0x555f345f1cc0_426 .net v0x555f345f1cc0 426, 15 0, o0x7f9f6f0150b8; 0 drivers
o0x7f9f6f0150e8 .functor BUFZ 16, C4<zzzzzzzzzzzzzzzz>; HiZ drive
v0x555f345f1cc0_427 .net v0x555f345f1cc0 427, 15 0, o0x7f9f6f0150e8; 0 drivers
o0x7f9f6f015118 .functor BUFZ 16, C4<zzzzzzzzzzzzzzzz>; HiZ drive
v0x555f345f1cc0_428 .net v0x555f345f1cc0 428, 15 0, o0x7f9f6f015118; 0 drivers
o0x7f9f6f015148 .functor BUFZ 16, C4<zzzzzzzzzzzzzzzz>; HiZ drive
v0x555f345f1cc0_429 .net v0x555f345f1cc0 429, 15 0, o0x7f9f6f015148; 0 drivers
o0x7f9f6f015178 .functor BUFZ 16, C4<zzzzzzzzzzzzzzzz>; HiZ drive
v0x555f345f1cc0_430 .net v0x555f345f1cc0 430, 15 0, o0x7f9f6f015178; 0 drivers
o0x7f9f6f0151a8 .functor BUFZ 16, C4<zzzzzzzzzzzzzzzz>; HiZ drive
v0x555f345f1cc0_431 .net v0x555f345f1cc0 431, 15 0, o0x7f9f6f0151a8; 0 drivers
o0x7f9f6f0151d8 .functor BUFZ 16, C4<zzzzzzzzzzzzzzzz>; HiZ drive
v0x555f345f1cc0_432 .net v0x555f345f1cc0 432, 15 0, o0x7f9f6f0151d8; 0 drivers
o0x7f9f6f015208 .functor BUFZ 16, C4<zzzzzzzzzzzzzzzz>; HiZ drive
v0x555f345f1cc0_433 .net v0x555f345f1cc0 433, 15 0, o0x7f9f6f015208; 0 drivers
o0x7f9f6f015238 .functor BUFZ 16, C4<zzzzzzzzzzzzzzzz>; HiZ drive
v0x555f345f1cc0_434 .net v0x555f345f1cc0 434, 15 0, o0x7f9f6f015238; 0 drivers
o0x7f9f6f015268 .functor BUFZ 16, C4<zzzzzzzzzzzzzzzz>; HiZ drive
v0x555f345f1cc0_435 .net v0x555f345f1cc0 435, 15 0, o0x7f9f6f015268; 0 drivers
o0x7f9f6f015298 .functor BUFZ 16, C4<zzzzzzzzzzzzzzzz>; HiZ drive
v0x555f345f1cc0_436 .net v0x555f345f1cc0 436, 15 0, o0x7f9f6f015298; 0 drivers
o0x7f9f6f0152c8 .functor BUFZ 16, C4<zzzzzzzzzzzzzzzz>; HiZ drive
v0x555f345f1cc0_437 .net v0x555f345f1cc0 437, 15 0, o0x7f9f6f0152c8; 0 drivers
o0x7f9f6f0152f8 .functor BUFZ 16, C4<zzzzzzzzzzzzzzzz>; HiZ drive
v0x555f345f1cc0_438 .net v0x555f345f1cc0 438, 15 0, o0x7f9f6f0152f8; 0 drivers
o0x7f9f6f015328 .functor BUFZ 16, C4<zzzzzzzzzzzzzzzz>; HiZ drive
v0x555f345f1cc0_439 .net v0x555f345f1cc0 439, 15 0, o0x7f9f6f015328; 0 drivers
o0x7f9f6f015358 .functor BUFZ 16, C4<zzzzzzzzzzzzzzzz>; HiZ drive
v0x555f345f1cc0_440 .net v0x555f345f1cc0 440, 15 0, o0x7f9f6f015358; 0 drivers
o0x7f9f6f015388 .functor BUFZ 16, C4<zzzzzzzzzzzzzzzz>; HiZ drive
v0x555f345f1cc0_441 .net v0x555f345f1cc0 441, 15 0, o0x7f9f6f015388; 0 drivers
o0x7f9f6f0153b8 .functor BUFZ 16, C4<zzzzzzzzzzzzzzzz>; HiZ drive
v0x555f345f1cc0_442 .net v0x555f345f1cc0 442, 15 0, o0x7f9f6f0153b8; 0 drivers
o0x7f9f6f0153e8 .functor BUFZ 16, C4<zzzzzzzzzzzzzzzz>; HiZ drive
v0x555f345f1cc0_443 .net v0x555f345f1cc0 443, 15 0, o0x7f9f6f0153e8; 0 drivers
o0x7f9f6f015418 .functor BUFZ 16, C4<zzzzzzzzzzzzzzzz>; HiZ drive
v0x555f345f1cc0_444 .net v0x555f345f1cc0 444, 15 0, o0x7f9f6f015418; 0 drivers
o0x7f9f6f015448 .functor BUFZ 16, C4<zzzzzzzzzzzzzzzz>; HiZ drive
v0x555f345f1cc0_445 .net v0x555f345f1cc0 445, 15 0, o0x7f9f6f015448; 0 drivers
o0x7f9f6f015478 .functor BUFZ 16, C4<zzzzzzzzzzzzzzzz>; HiZ drive
v0x555f345f1cc0_446 .net v0x555f345f1cc0 446, 15 0, o0x7f9f6f015478; 0 drivers
o0x7f9f6f0154a8 .functor BUFZ 16, C4<zzzzzzzzzzzzzzzz>; HiZ drive
v0x555f345f1cc0_447 .net v0x555f345f1cc0 447, 15 0, o0x7f9f6f0154a8; 0 drivers
o0x7f9f6f0154d8 .functor BUFZ 16, C4<zzzzzzzzzzzzzzzz>; HiZ drive
v0x555f345f1cc0_448 .net v0x555f345f1cc0 448, 15 0, o0x7f9f6f0154d8; 0 drivers
o0x7f9f6f015508 .functor BUFZ 16, C4<zzzzzzzzzzzzzzzz>; HiZ drive
v0x555f345f1cc0_449 .net v0x555f345f1cc0 449, 15 0, o0x7f9f6f015508; 0 drivers
o0x7f9f6f015538 .functor BUFZ 16, C4<zzzzzzzzzzzzzzzz>; HiZ drive
v0x555f345f1cc0_450 .net v0x555f345f1cc0 450, 15 0, o0x7f9f6f015538; 0 drivers
o0x7f9f6f015568 .functor BUFZ 16, C4<zzzzzzzzzzzzzzzz>; HiZ drive
v0x555f345f1cc0_451 .net v0x555f345f1cc0 451, 15 0, o0x7f9f6f015568; 0 drivers
o0x7f9f6f015598 .functor BUFZ 16, C4<zzzzzzzzzzzzzzzz>; HiZ drive
v0x555f345f1cc0_452 .net v0x555f345f1cc0 452, 15 0, o0x7f9f6f015598; 0 drivers
o0x7f9f6f0155c8 .functor BUFZ 16, C4<zzzzzzzzzzzzzzzz>; HiZ drive
v0x555f345f1cc0_453 .net v0x555f345f1cc0 453, 15 0, o0x7f9f6f0155c8; 0 drivers
o0x7f9f6f0155f8 .functor BUFZ 16, C4<zzzzzzzzzzzzzzzz>; HiZ drive
v0x555f345f1cc0_454 .net v0x555f345f1cc0 454, 15 0, o0x7f9f6f0155f8; 0 drivers
o0x7f9f6f015628 .functor BUFZ 16, C4<zzzzzzzzzzzzzzzz>; HiZ drive
v0x555f345f1cc0_455 .net v0x555f345f1cc0 455, 15 0, o0x7f9f6f015628; 0 drivers
o0x7f9f6f015658 .functor BUFZ 16, C4<zzzzzzzzzzzzzzzz>; HiZ drive
v0x555f345f1cc0_456 .net v0x555f345f1cc0 456, 15 0, o0x7f9f6f015658; 0 drivers
o0x7f9f6f015688 .functor BUFZ 16, C4<zzzzzzzzzzzzzzzz>; HiZ drive
v0x555f345f1cc0_457 .net v0x555f345f1cc0 457, 15 0, o0x7f9f6f015688; 0 drivers
o0x7f9f6f0156b8 .functor BUFZ 16, C4<zzzzzzzzzzzzzzzz>; HiZ drive
v0x555f345f1cc0_458 .net v0x555f345f1cc0 458, 15 0, o0x7f9f6f0156b8; 0 drivers
o0x7f9f6f0156e8 .functor BUFZ 16, C4<zzzzzzzzzzzzzzzz>; HiZ drive
v0x555f345f1cc0_459 .net v0x555f345f1cc0 459, 15 0, o0x7f9f6f0156e8; 0 drivers
o0x7f9f6f015718 .functor BUFZ 16, C4<zzzzzzzzzzzzzzzz>; HiZ drive
v0x555f345f1cc0_460 .net v0x555f345f1cc0 460, 15 0, o0x7f9f6f015718; 0 drivers
o0x7f9f6f015748 .functor BUFZ 16, C4<zzzzzzzzzzzzzzzz>; HiZ drive
v0x555f345f1cc0_461 .net v0x555f345f1cc0 461, 15 0, o0x7f9f6f015748; 0 drivers
o0x7f9f6f015778 .functor BUFZ 16, C4<zzzzzzzzzzzzzzzz>; HiZ drive
v0x555f345f1cc0_462 .net v0x555f345f1cc0 462, 15 0, o0x7f9f6f015778; 0 drivers
o0x7f9f6f0157a8 .functor BUFZ 16, C4<zzzzzzzzzzzzzzzz>; HiZ drive
v0x555f345f1cc0_463 .net v0x555f345f1cc0 463, 15 0, o0x7f9f6f0157a8; 0 drivers
o0x7f9f6f0157d8 .functor BUFZ 16, C4<zzzzzzzzzzzzzzzz>; HiZ drive
v0x555f345f1cc0_464 .net v0x555f345f1cc0 464, 15 0, o0x7f9f6f0157d8; 0 drivers
o0x7f9f6f015808 .functor BUFZ 16, C4<zzzzzzzzzzzzzzzz>; HiZ drive
v0x555f345f1cc0_465 .net v0x555f345f1cc0 465, 15 0, o0x7f9f6f015808; 0 drivers
o0x7f9f6f015838 .functor BUFZ 16, C4<zzzzzzzzzzzzzzzz>; HiZ drive
v0x555f345f1cc0_466 .net v0x555f345f1cc0 466, 15 0, o0x7f9f6f015838; 0 drivers
o0x7f9f6f015868 .functor BUFZ 16, C4<zzzzzzzzzzzzzzzz>; HiZ drive
v0x555f345f1cc0_467 .net v0x555f345f1cc0 467, 15 0, o0x7f9f6f015868; 0 drivers
o0x7f9f6f015898 .functor BUFZ 16, C4<zzzzzzzzzzzzzzzz>; HiZ drive
v0x555f345f1cc0_468 .net v0x555f345f1cc0 468, 15 0, o0x7f9f6f015898; 0 drivers
o0x7f9f6f0158c8 .functor BUFZ 16, C4<zzzzzzzzzzzzzzzz>; HiZ drive
v0x555f345f1cc0_469 .net v0x555f345f1cc0 469, 15 0, o0x7f9f6f0158c8; 0 drivers
o0x7f9f6f0158f8 .functor BUFZ 16, C4<zzzzzzzzzzzzzzzz>; HiZ drive
v0x555f345f1cc0_470 .net v0x555f345f1cc0 470, 15 0, o0x7f9f6f0158f8; 0 drivers
o0x7f9f6f015928 .functor BUFZ 16, C4<zzzzzzzzzzzzzzzz>; HiZ drive
v0x555f345f1cc0_471 .net v0x555f345f1cc0 471, 15 0, o0x7f9f6f015928; 0 drivers
o0x7f9f6f015958 .functor BUFZ 16, C4<zzzzzzzzzzzzzzzz>; HiZ drive
v0x555f345f1cc0_472 .net v0x555f345f1cc0 472, 15 0, o0x7f9f6f015958; 0 drivers
o0x7f9f6f015988 .functor BUFZ 16, C4<zzzzzzzzzzzzzzzz>; HiZ drive
v0x555f345f1cc0_473 .net v0x555f345f1cc0 473, 15 0, o0x7f9f6f015988; 0 drivers
o0x7f9f6f0159b8 .functor BUFZ 16, C4<zzzzzzzzzzzzzzzz>; HiZ drive
v0x555f345f1cc0_474 .net v0x555f345f1cc0 474, 15 0, o0x7f9f6f0159b8; 0 drivers
o0x7f9f6f0159e8 .functor BUFZ 16, C4<zzzzzzzzzzzzzzzz>; HiZ drive
v0x555f345f1cc0_475 .net v0x555f345f1cc0 475, 15 0, o0x7f9f6f0159e8; 0 drivers
o0x7f9f6f015a18 .functor BUFZ 16, C4<zzzzzzzzzzzzzzzz>; HiZ drive
v0x555f345f1cc0_476 .net v0x555f345f1cc0 476, 15 0, o0x7f9f6f015a18; 0 drivers
o0x7f9f6f015a48 .functor BUFZ 16, C4<zzzzzzzzzzzzzzzz>; HiZ drive
v0x555f345f1cc0_477 .net v0x555f345f1cc0 477, 15 0, o0x7f9f6f015a48; 0 drivers
o0x7f9f6f015a78 .functor BUFZ 16, C4<zzzzzzzzzzzzzzzz>; HiZ drive
v0x555f345f1cc0_478 .net v0x555f345f1cc0 478, 15 0, o0x7f9f6f015a78; 0 drivers
o0x7f9f6f015aa8 .functor BUFZ 16, C4<zzzzzzzzzzzzzzzz>; HiZ drive
v0x555f345f1cc0_479 .net v0x555f345f1cc0 479, 15 0, o0x7f9f6f015aa8; 0 drivers
o0x7f9f6f015ad8 .functor BUFZ 16, C4<zzzzzzzzzzzzzzzz>; HiZ drive
v0x555f345f1cc0_480 .net v0x555f345f1cc0 480, 15 0, o0x7f9f6f015ad8; 0 drivers
o0x7f9f6f015b08 .functor BUFZ 16, C4<zzzzzzzzzzzzzzzz>; HiZ drive
v0x555f345f1cc0_481 .net v0x555f345f1cc0 481, 15 0, o0x7f9f6f015b08; 0 drivers
o0x7f9f6f015b38 .functor BUFZ 16, C4<zzzzzzzzzzzzzzzz>; HiZ drive
v0x555f345f1cc0_482 .net v0x555f345f1cc0 482, 15 0, o0x7f9f6f015b38; 0 drivers
o0x7f9f6f015b68 .functor BUFZ 16, C4<zzzzzzzzzzzzzzzz>; HiZ drive
v0x555f345f1cc0_483 .net v0x555f345f1cc0 483, 15 0, o0x7f9f6f015b68; 0 drivers
o0x7f9f6f015b98 .functor BUFZ 16, C4<zzzzzzzzzzzzzzzz>; HiZ drive
v0x555f345f1cc0_484 .net v0x555f345f1cc0 484, 15 0, o0x7f9f6f015b98; 0 drivers
o0x7f9f6f015bc8 .functor BUFZ 16, C4<zzzzzzzzzzzzzzzz>; HiZ drive
v0x555f345f1cc0_485 .net v0x555f345f1cc0 485, 15 0, o0x7f9f6f015bc8; 0 drivers
o0x7f9f6f015bf8 .functor BUFZ 16, C4<zzzzzzzzzzzzzzzz>; HiZ drive
v0x555f345f1cc0_486 .net v0x555f345f1cc0 486, 15 0, o0x7f9f6f015bf8; 0 drivers
o0x7f9f6f015c28 .functor BUFZ 16, C4<zzzzzzzzzzzzzzzz>; HiZ drive
v0x555f345f1cc0_487 .net v0x555f345f1cc0 487, 15 0, o0x7f9f6f015c28; 0 drivers
o0x7f9f6f015c58 .functor BUFZ 16, C4<zzzzzzzzzzzzzzzz>; HiZ drive
v0x555f345f1cc0_488 .net v0x555f345f1cc0 488, 15 0, o0x7f9f6f015c58; 0 drivers
o0x7f9f6f015c88 .functor BUFZ 16, C4<zzzzzzzzzzzzzzzz>; HiZ drive
v0x555f345f1cc0_489 .net v0x555f345f1cc0 489, 15 0, o0x7f9f6f015c88; 0 drivers
o0x7f9f6f015cb8 .functor BUFZ 16, C4<zzzzzzzzzzzzzzzz>; HiZ drive
v0x555f345f1cc0_490 .net v0x555f345f1cc0 490, 15 0, o0x7f9f6f015cb8; 0 drivers
o0x7f9f6f015ce8 .functor BUFZ 16, C4<zzzzzzzzzzzzzzzz>; HiZ drive
v0x555f345f1cc0_491 .net v0x555f345f1cc0 491, 15 0, o0x7f9f6f015ce8; 0 drivers
o0x7f9f6f015d18 .functor BUFZ 16, C4<zzzzzzzzzzzzzzzz>; HiZ drive
v0x555f345f1cc0_492 .net v0x555f345f1cc0 492, 15 0, o0x7f9f6f015d18; 0 drivers
o0x7f9f6f015d48 .functor BUFZ 16, C4<zzzzzzzzzzzzzzzz>; HiZ drive
v0x555f345f1cc0_493 .net v0x555f345f1cc0 493, 15 0, o0x7f9f6f015d48; 0 drivers
o0x7f9f6f015d78 .functor BUFZ 16, C4<zzzzzzzzzzzzzzzz>; HiZ drive
v0x555f345f1cc0_494 .net v0x555f345f1cc0 494, 15 0, o0x7f9f6f015d78; 0 drivers
o0x7f9f6f015da8 .functor BUFZ 16, C4<zzzzzzzzzzzzzzzz>; HiZ drive
v0x555f345f1cc0_495 .net v0x555f345f1cc0 495, 15 0, o0x7f9f6f015da8; 0 drivers
o0x7f9f6f015dd8 .functor BUFZ 16, C4<zzzzzzzzzzzzzzzz>; HiZ drive
v0x555f345f1cc0_496 .net v0x555f345f1cc0 496, 15 0, o0x7f9f6f015dd8; 0 drivers
o0x7f9f6f015e08 .functor BUFZ 16, C4<zzzzzzzzzzzzzzzz>; HiZ drive
v0x555f345f1cc0_497 .net v0x555f345f1cc0 497, 15 0, o0x7f9f6f015e08; 0 drivers
o0x7f9f6f015e38 .functor BUFZ 16, C4<zzzzzzzzzzzzzzzz>; HiZ drive
v0x555f345f1cc0_498 .net v0x555f345f1cc0 498, 15 0, o0x7f9f6f015e38; 0 drivers
o0x7f9f6f015e68 .functor BUFZ 16, C4<zzzzzzzzzzzzzzzz>; HiZ drive
v0x555f345f1cc0_499 .net v0x555f345f1cc0 499, 15 0, o0x7f9f6f015e68; 0 drivers
o0x7f9f6f015e98 .functor BUFZ 16, C4<zzzzzzzzzzzzzzzz>; HiZ drive
v0x555f345f1cc0_500 .net v0x555f345f1cc0 500, 15 0, o0x7f9f6f015e98; 0 drivers
o0x7f9f6f015ec8 .functor BUFZ 16, C4<zzzzzzzzzzzzzzzz>; HiZ drive
v0x555f345f1cc0_501 .net v0x555f345f1cc0 501, 15 0, o0x7f9f6f015ec8; 0 drivers
o0x7f9f6f015ef8 .functor BUFZ 16, C4<zzzzzzzzzzzzzzzz>; HiZ drive
v0x555f345f1cc0_502 .net v0x555f345f1cc0 502, 15 0, o0x7f9f6f015ef8; 0 drivers
o0x7f9f6f015f28 .functor BUFZ 16, C4<zzzzzzzzzzzzzzzz>; HiZ drive
v0x555f345f1cc0_503 .net v0x555f345f1cc0 503, 15 0, o0x7f9f6f015f28; 0 drivers
o0x7f9f6f015f58 .functor BUFZ 16, C4<zzzzzzzzzzzzzzzz>; HiZ drive
v0x555f345f1cc0_504 .net v0x555f345f1cc0 504, 15 0, o0x7f9f6f015f58; 0 drivers
o0x7f9f6f015f88 .functor BUFZ 16, C4<zzzzzzzzzzzzzzzz>; HiZ drive
v0x555f345f1cc0_505 .net v0x555f345f1cc0 505, 15 0, o0x7f9f6f015f88; 0 drivers
o0x7f9f6f015fb8 .functor BUFZ 16, C4<zzzzzzzzzzzzzzzz>; HiZ drive
v0x555f345f1cc0_506 .net v0x555f345f1cc0 506, 15 0, o0x7f9f6f015fb8; 0 drivers
o0x7f9f6f015fe8 .functor BUFZ 16, C4<zzzzzzzzzzzzzzzz>; HiZ drive
v0x555f345f1cc0_507 .net v0x555f345f1cc0 507, 15 0, o0x7f9f6f015fe8; 0 drivers
o0x7f9f6f016018 .functor BUFZ 16, C4<zzzzzzzzzzzzzzzz>; HiZ drive
v0x555f345f1cc0_508 .net v0x555f345f1cc0 508, 15 0, o0x7f9f6f016018; 0 drivers
o0x7f9f6f016048 .functor BUFZ 16, C4<zzzzzzzzzzzzzzzz>; HiZ drive
v0x555f345f1cc0_509 .net v0x555f345f1cc0 509, 15 0, o0x7f9f6f016048; 0 drivers
o0x7f9f6f016078 .functor BUFZ 16, C4<zzzzzzzzzzzzzzzz>; HiZ drive
v0x555f345f1cc0_510 .net v0x555f345f1cc0 510, 15 0, o0x7f9f6f016078; 0 drivers
o0x7f9f6f0160a8 .functor BUFZ 16, C4<zzzzzzzzzzzzzzzz>; HiZ drive
v0x555f345f1cc0_511 .net v0x555f345f1cc0 511, 15 0, o0x7f9f6f0160a8; 0 drivers
o0x7f9f6f0160d8 .functor BUFZ 1, C4<z>; HiZ drive
v0x555f345f1d60_0 .net "loop_valid", 0 0, o0x7f9f6f0160d8;  0 drivers
v0x555f345a1050 .array "mux_data", 511 0, 15 0;
v0x555f345a0b20_0 .var "mux_valid", 0 0;
o0x7f9f6f016138 .functor BUFZ 1, C4<z>; HiZ drive
v0x555f345a0be0_0 .net "sel_external", 0 0, o0x7f9f6f016138;  0 drivers
v0x555f345a05f0 .array "tmp", 511 0, 15 0;
v0x555f345a05f0_0 .array/port v0x555f345a05f0, 0;
v0x555f345a05f0_1 .array/port v0x555f345a05f0, 1;
v0x555f345a05f0_2 .array/port v0x555f345a05f0, 2;
v0x555f345a05f0_3 .array/port v0x555f345a05f0, 3;
E_0x555f3443afc0/0 .event edge, v0x555f345a05f0_0, v0x555f345a05f0_1, v0x555f345a05f0_2, v0x555f345a05f0_3;
v0x555f345a05f0_4 .array/port v0x555f345a05f0, 4;
v0x555f345a05f0_5 .array/port v0x555f345a05f0, 5;
v0x555f345a05f0_6 .array/port v0x555f345a05f0, 6;
v0x555f345a05f0_7 .array/port v0x555f345a05f0, 7;
E_0x555f3443afc0/1 .event edge, v0x555f345a05f0_4, v0x555f345a05f0_5, v0x555f345a05f0_6, v0x555f345a05f0_7;
v0x555f345a05f0_8 .array/port v0x555f345a05f0, 8;
v0x555f345a05f0_9 .array/port v0x555f345a05f0, 9;
v0x555f345a05f0_10 .array/port v0x555f345a05f0, 10;
v0x555f345a05f0_11 .array/port v0x555f345a05f0, 11;
E_0x555f3443afc0/2 .event edge, v0x555f345a05f0_8, v0x555f345a05f0_9, v0x555f345a05f0_10, v0x555f345a05f0_11;
v0x555f345a05f0_12 .array/port v0x555f345a05f0, 12;
v0x555f345a05f0_13 .array/port v0x555f345a05f0, 13;
v0x555f345a05f0_14 .array/port v0x555f345a05f0, 14;
v0x555f345a05f0_15 .array/port v0x555f345a05f0, 15;
E_0x555f3443afc0/3 .event edge, v0x555f345a05f0_12, v0x555f345a05f0_13, v0x555f345a05f0_14, v0x555f345a05f0_15;
v0x555f345a05f0_16 .array/port v0x555f345a05f0, 16;
v0x555f345a05f0_17 .array/port v0x555f345a05f0, 17;
v0x555f345a05f0_18 .array/port v0x555f345a05f0, 18;
v0x555f345a05f0_19 .array/port v0x555f345a05f0, 19;
E_0x555f3443afc0/4 .event edge, v0x555f345a05f0_16, v0x555f345a05f0_17, v0x555f345a05f0_18, v0x555f345a05f0_19;
v0x555f345a05f0_20 .array/port v0x555f345a05f0, 20;
v0x555f345a05f0_21 .array/port v0x555f345a05f0, 21;
v0x555f345a05f0_22 .array/port v0x555f345a05f0, 22;
v0x555f345a05f0_23 .array/port v0x555f345a05f0, 23;
E_0x555f3443afc0/5 .event edge, v0x555f345a05f0_20, v0x555f345a05f0_21, v0x555f345a05f0_22, v0x555f345a05f0_23;
v0x555f345a05f0_24 .array/port v0x555f345a05f0, 24;
v0x555f345a05f0_25 .array/port v0x555f345a05f0, 25;
v0x555f345a05f0_26 .array/port v0x555f345a05f0, 26;
v0x555f345a05f0_27 .array/port v0x555f345a05f0, 27;
E_0x555f3443afc0/6 .event edge, v0x555f345a05f0_24, v0x555f345a05f0_25, v0x555f345a05f0_26, v0x555f345a05f0_27;
v0x555f345a05f0_28 .array/port v0x555f345a05f0, 28;
v0x555f345a05f0_29 .array/port v0x555f345a05f0, 29;
v0x555f345a05f0_30 .array/port v0x555f345a05f0, 30;
v0x555f345a05f0_31 .array/port v0x555f345a05f0, 31;
E_0x555f3443afc0/7 .event edge, v0x555f345a05f0_28, v0x555f345a05f0_29, v0x555f345a05f0_30, v0x555f345a05f0_31;
v0x555f345a05f0_32 .array/port v0x555f345a05f0, 32;
v0x555f345a05f0_33 .array/port v0x555f345a05f0, 33;
v0x555f345a05f0_34 .array/port v0x555f345a05f0, 34;
v0x555f345a05f0_35 .array/port v0x555f345a05f0, 35;
E_0x555f3443afc0/8 .event edge, v0x555f345a05f0_32, v0x555f345a05f0_33, v0x555f345a05f0_34, v0x555f345a05f0_35;
v0x555f345a05f0_36 .array/port v0x555f345a05f0, 36;
v0x555f345a05f0_37 .array/port v0x555f345a05f0, 37;
v0x555f345a05f0_38 .array/port v0x555f345a05f0, 38;
v0x555f345a05f0_39 .array/port v0x555f345a05f0, 39;
E_0x555f3443afc0/9 .event edge, v0x555f345a05f0_36, v0x555f345a05f0_37, v0x555f345a05f0_38, v0x555f345a05f0_39;
v0x555f345a05f0_40 .array/port v0x555f345a05f0, 40;
v0x555f345a05f0_41 .array/port v0x555f345a05f0, 41;
v0x555f345a05f0_42 .array/port v0x555f345a05f0, 42;
v0x555f345a05f0_43 .array/port v0x555f345a05f0, 43;
E_0x555f3443afc0/10 .event edge, v0x555f345a05f0_40, v0x555f345a05f0_41, v0x555f345a05f0_42, v0x555f345a05f0_43;
v0x555f345a05f0_44 .array/port v0x555f345a05f0, 44;
v0x555f345a05f0_45 .array/port v0x555f345a05f0, 45;
v0x555f345a05f0_46 .array/port v0x555f345a05f0, 46;
v0x555f345a05f0_47 .array/port v0x555f345a05f0, 47;
E_0x555f3443afc0/11 .event edge, v0x555f345a05f0_44, v0x555f345a05f0_45, v0x555f345a05f0_46, v0x555f345a05f0_47;
v0x555f345a05f0_48 .array/port v0x555f345a05f0, 48;
v0x555f345a05f0_49 .array/port v0x555f345a05f0, 49;
v0x555f345a05f0_50 .array/port v0x555f345a05f0, 50;
v0x555f345a05f0_51 .array/port v0x555f345a05f0, 51;
E_0x555f3443afc0/12 .event edge, v0x555f345a05f0_48, v0x555f345a05f0_49, v0x555f345a05f0_50, v0x555f345a05f0_51;
v0x555f345a05f0_52 .array/port v0x555f345a05f0, 52;
v0x555f345a05f0_53 .array/port v0x555f345a05f0, 53;
v0x555f345a05f0_54 .array/port v0x555f345a05f0, 54;
v0x555f345a05f0_55 .array/port v0x555f345a05f0, 55;
E_0x555f3443afc0/13 .event edge, v0x555f345a05f0_52, v0x555f345a05f0_53, v0x555f345a05f0_54, v0x555f345a05f0_55;
v0x555f345a05f0_56 .array/port v0x555f345a05f0, 56;
v0x555f345a05f0_57 .array/port v0x555f345a05f0, 57;
v0x555f345a05f0_58 .array/port v0x555f345a05f0, 58;
v0x555f345a05f0_59 .array/port v0x555f345a05f0, 59;
E_0x555f3443afc0/14 .event edge, v0x555f345a05f0_56, v0x555f345a05f0_57, v0x555f345a05f0_58, v0x555f345a05f0_59;
v0x555f345a05f0_60 .array/port v0x555f345a05f0, 60;
v0x555f345a05f0_61 .array/port v0x555f345a05f0, 61;
v0x555f345a05f0_62 .array/port v0x555f345a05f0, 62;
v0x555f345a05f0_63 .array/port v0x555f345a05f0, 63;
E_0x555f3443afc0/15 .event edge, v0x555f345a05f0_60, v0x555f345a05f0_61, v0x555f345a05f0_62, v0x555f345a05f0_63;
v0x555f345a05f0_64 .array/port v0x555f345a05f0, 64;
v0x555f345a05f0_65 .array/port v0x555f345a05f0, 65;
v0x555f345a05f0_66 .array/port v0x555f345a05f0, 66;
v0x555f345a05f0_67 .array/port v0x555f345a05f0, 67;
E_0x555f3443afc0/16 .event edge, v0x555f345a05f0_64, v0x555f345a05f0_65, v0x555f345a05f0_66, v0x555f345a05f0_67;
v0x555f345a05f0_68 .array/port v0x555f345a05f0, 68;
v0x555f345a05f0_69 .array/port v0x555f345a05f0, 69;
v0x555f345a05f0_70 .array/port v0x555f345a05f0, 70;
v0x555f345a05f0_71 .array/port v0x555f345a05f0, 71;
E_0x555f3443afc0/17 .event edge, v0x555f345a05f0_68, v0x555f345a05f0_69, v0x555f345a05f0_70, v0x555f345a05f0_71;
v0x555f345a05f0_72 .array/port v0x555f345a05f0, 72;
v0x555f345a05f0_73 .array/port v0x555f345a05f0, 73;
v0x555f345a05f0_74 .array/port v0x555f345a05f0, 74;
v0x555f345a05f0_75 .array/port v0x555f345a05f0, 75;
E_0x555f3443afc0/18 .event edge, v0x555f345a05f0_72, v0x555f345a05f0_73, v0x555f345a05f0_74, v0x555f345a05f0_75;
v0x555f345a05f0_76 .array/port v0x555f345a05f0, 76;
v0x555f345a05f0_77 .array/port v0x555f345a05f0, 77;
v0x555f345a05f0_78 .array/port v0x555f345a05f0, 78;
v0x555f345a05f0_79 .array/port v0x555f345a05f0, 79;
E_0x555f3443afc0/19 .event edge, v0x555f345a05f0_76, v0x555f345a05f0_77, v0x555f345a05f0_78, v0x555f345a05f0_79;
v0x555f345a05f0_80 .array/port v0x555f345a05f0, 80;
v0x555f345a05f0_81 .array/port v0x555f345a05f0, 81;
v0x555f345a05f0_82 .array/port v0x555f345a05f0, 82;
v0x555f345a05f0_83 .array/port v0x555f345a05f0, 83;
E_0x555f3443afc0/20 .event edge, v0x555f345a05f0_80, v0x555f345a05f0_81, v0x555f345a05f0_82, v0x555f345a05f0_83;
v0x555f345a05f0_84 .array/port v0x555f345a05f0, 84;
v0x555f345a05f0_85 .array/port v0x555f345a05f0, 85;
v0x555f345a05f0_86 .array/port v0x555f345a05f0, 86;
v0x555f345a05f0_87 .array/port v0x555f345a05f0, 87;
E_0x555f3443afc0/21 .event edge, v0x555f345a05f0_84, v0x555f345a05f0_85, v0x555f345a05f0_86, v0x555f345a05f0_87;
v0x555f345a05f0_88 .array/port v0x555f345a05f0, 88;
v0x555f345a05f0_89 .array/port v0x555f345a05f0, 89;
v0x555f345a05f0_90 .array/port v0x555f345a05f0, 90;
v0x555f345a05f0_91 .array/port v0x555f345a05f0, 91;
E_0x555f3443afc0/22 .event edge, v0x555f345a05f0_88, v0x555f345a05f0_89, v0x555f345a05f0_90, v0x555f345a05f0_91;
v0x555f345a05f0_92 .array/port v0x555f345a05f0, 92;
v0x555f345a05f0_93 .array/port v0x555f345a05f0, 93;
v0x555f345a05f0_94 .array/port v0x555f345a05f0, 94;
v0x555f345a05f0_95 .array/port v0x555f345a05f0, 95;
E_0x555f3443afc0/23 .event edge, v0x555f345a05f0_92, v0x555f345a05f0_93, v0x555f345a05f0_94, v0x555f345a05f0_95;
v0x555f345a05f0_96 .array/port v0x555f345a05f0, 96;
v0x555f345a05f0_97 .array/port v0x555f345a05f0, 97;
v0x555f345a05f0_98 .array/port v0x555f345a05f0, 98;
v0x555f345a05f0_99 .array/port v0x555f345a05f0, 99;
E_0x555f3443afc0/24 .event edge, v0x555f345a05f0_96, v0x555f345a05f0_97, v0x555f345a05f0_98, v0x555f345a05f0_99;
v0x555f345a05f0_100 .array/port v0x555f345a05f0, 100;
v0x555f345a05f0_101 .array/port v0x555f345a05f0, 101;
v0x555f345a05f0_102 .array/port v0x555f345a05f0, 102;
v0x555f345a05f0_103 .array/port v0x555f345a05f0, 103;
E_0x555f3443afc0/25 .event edge, v0x555f345a05f0_100, v0x555f345a05f0_101, v0x555f345a05f0_102, v0x555f345a05f0_103;
v0x555f345a05f0_104 .array/port v0x555f345a05f0, 104;
v0x555f345a05f0_105 .array/port v0x555f345a05f0, 105;
v0x555f345a05f0_106 .array/port v0x555f345a05f0, 106;
v0x555f345a05f0_107 .array/port v0x555f345a05f0, 107;
E_0x555f3443afc0/26 .event edge, v0x555f345a05f0_104, v0x555f345a05f0_105, v0x555f345a05f0_106, v0x555f345a05f0_107;
v0x555f345a05f0_108 .array/port v0x555f345a05f0, 108;
v0x555f345a05f0_109 .array/port v0x555f345a05f0, 109;
v0x555f345a05f0_110 .array/port v0x555f345a05f0, 110;
v0x555f345a05f0_111 .array/port v0x555f345a05f0, 111;
E_0x555f3443afc0/27 .event edge, v0x555f345a05f0_108, v0x555f345a05f0_109, v0x555f345a05f0_110, v0x555f345a05f0_111;
v0x555f345a05f0_112 .array/port v0x555f345a05f0, 112;
v0x555f345a05f0_113 .array/port v0x555f345a05f0, 113;
v0x555f345a05f0_114 .array/port v0x555f345a05f0, 114;
v0x555f345a05f0_115 .array/port v0x555f345a05f0, 115;
E_0x555f3443afc0/28 .event edge, v0x555f345a05f0_112, v0x555f345a05f0_113, v0x555f345a05f0_114, v0x555f345a05f0_115;
v0x555f345a05f0_116 .array/port v0x555f345a05f0, 116;
v0x555f345a05f0_117 .array/port v0x555f345a05f0, 117;
v0x555f345a05f0_118 .array/port v0x555f345a05f0, 118;
v0x555f345a05f0_119 .array/port v0x555f345a05f0, 119;
E_0x555f3443afc0/29 .event edge, v0x555f345a05f0_116, v0x555f345a05f0_117, v0x555f345a05f0_118, v0x555f345a05f0_119;
v0x555f345a05f0_120 .array/port v0x555f345a05f0, 120;
v0x555f345a05f0_121 .array/port v0x555f345a05f0, 121;
v0x555f345a05f0_122 .array/port v0x555f345a05f0, 122;
v0x555f345a05f0_123 .array/port v0x555f345a05f0, 123;
E_0x555f3443afc0/30 .event edge, v0x555f345a05f0_120, v0x555f345a05f0_121, v0x555f345a05f0_122, v0x555f345a05f0_123;
v0x555f345a05f0_124 .array/port v0x555f345a05f0, 124;
v0x555f345a05f0_125 .array/port v0x555f345a05f0, 125;
v0x555f345a05f0_126 .array/port v0x555f345a05f0, 126;
v0x555f345a05f0_127 .array/port v0x555f345a05f0, 127;
E_0x555f3443afc0/31 .event edge, v0x555f345a05f0_124, v0x555f345a05f0_125, v0x555f345a05f0_126, v0x555f345a05f0_127;
v0x555f345a05f0_128 .array/port v0x555f345a05f0, 128;
v0x555f345a05f0_129 .array/port v0x555f345a05f0, 129;
v0x555f345a05f0_130 .array/port v0x555f345a05f0, 130;
v0x555f345a05f0_131 .array/port v0x555f345a05f0, 131;
E_0x555f3443afc0/32 .event edge, v0x555f345a05f0_128, v0x555f345a05f0_129, v0x555f345a05f0_130, v0x555f345a05f0_131;
v0x555f345a05f0_132 .array/port v0x555f345a05f0, 132;
v0x555f345a05f0_133 .array/port v0x555f345a05f0, 133;
v0x555f345a05f0_134 .array/port v0x555f345a05f0, 134;
v0x555f345a05f0_135 .array/port v0x555f345a05f0, 135;
E_0x555f3443afc0/33 .event edge, v0x555f345a05f0_132, v0x555f345a05f0_133, v0x555f345a05f0_134, v0x555f345a05f0_135;
v0x555f345a05f0_136 .array/port v0x555f345a05f0, 136;
v0x555f345a05f0_137 .array/port v0x555f345a05f0, 137;
v0x555f345a05f0_138 .array/port v0x555f345a05f0, 138;
v0x555f345a05f0_139 .array/port v0x555f345a05f0, 139;
E_0x555f3443afc0/34 .event edge, v0x555f345a05f0_136, v0x555f345a05f0_137, v0x555f345a05f0_138, v0x555f345a05f0_139;
v0x555f345a05f0_140 .array/port v0x555f345a05f0, 140;
v0x555f345a05f0_141 .array/port v0x555f345a05f0, 141;
v0x555f345a05f0_142 .array/port v0x555f345a05f0, 142;
v0x555f345a05f0_143 .array/port v0x555f345a05f0, 143;
E_0x555f3443afc0/35 .event edge, v0x555f345a05f0_140, v0x555f345a05f0_141, v0x555f345a05f0_142, v0x555f345a05f0_143;
v0x555f345a05f0_144 .array/port v0x555f345a05f0, 144;
v0x555f345a05f0_145 .array/port v0x555f345a05f0, 145;
v0x555f345a05f0_146 .array/port v0x555f345a05f0, 146;
v0x555f345a05f0_147 .array/port v0x555f345a05f0, 147;
E_0x555f3443afc0/36 .event edge, v0x555f345a05f0_144, v0x555f345a05f0_145, v0x555f345a05f0_146, v0x555f345a05f0_147;
v0x555f345a05f0_148 .array/port v0x555f345a05f0, 148;
v0x555f345a05f0_149 .array/port v0x555f345a05f0, 149;
v0x555f345a05f0_150 .array/port v0x555f345a05f0, 150;
v0x555f345a05f0_151 .array/port v0x555f345a05f0, 151;
E_0x555f3443afc0/37 .event edge, v0x555f345a05f0_148, v0x555f345a05f0_149, v0x555f345a05f0_150, v0x555f345a05f0_151;
v0x555f345a05f0_152 .array/port v0x555f345a05f0, 152;
v0x555f345a05f0_153 .array/port v0x555f345a05f0, 153;
v0x555f345a05f0_154 .array/port v0x555f345a05f0, 154;
v0x555f345a05f0_155 .array/port v0x555f345a05f0, 155;
E_0x555f3443afc0/38 .event edge, v0x555f345a05f0_152, v0x555f345a05f0_153, v0x555f345a05f0_154, v0x555f345a05f0_155;
v0x555f345a05f0_156 .array/port v0x555f345a05f0, 156;
v0x555f345a05f0_157 .array/port v0x555f345a05f0, 157;
v0x555f345a05f0_158 .array/port v0x555f345a05f0, 158;
v0x555f345a05f0_159 .array/port v0x555f345a05f0, 159;
E_0x555f3443afc0/39 .event edge, v0x555f345a05f0_156, v0x555f345a05f0_157, v0x555f345a05f0_158, v0x555f345a05f0_159;
v0x555f345a05f0_160 .array/port v0x555f345a05f0, 160;
v0x555f345a05f0_161 .array/port v0x555f345a05f0, 161;
v0x555f345a05f0_162 .array/port v0x555f345a05f0, 162;
v0x555f345a05f0_163 .array/port v0x555f345a05f0, 163;
E_0x555f3443afc0/40 .event edge, v0x555f345a05f0_160, v0x555f345a05f0_161, v0x555f345a05f0_162, v0x555f345a05f0_163;
v0x555f345a05f0_164 .array/port v0x555f345a05f0, 164;
v0x555f345a05f0_165 .array/port v0x555f345a05f0, 165;
v0x555f345a05f0_166 .array/port v0x555f345a05f0, 166;
v0x555f345a05f0_167 .array/port v0x555f345a05f0, 167;
E_0x555f3443afc0/41 .event edge, v0x555f345a05f0_164, v0x555f345a05f0_165, v0x555f345a05f0_166, v0x555f345a05f0_167;
v0x555f345a05f0_168 .array/port v0x555f345a05f0, 168;
v0x555f345a05f0_169 .array/port v0x555f345a05f0, 169;
v0x555f345a05f0_170 .array/port v0x555f345a05f0, 170;
v0x555f345a05f0_171 .array/port v0x555f345a05f0, 171;
E_0x555f3443afc0/42 .event edge, v0x555f345a05f0_168, v0x555f345a05f0_169, v0x555f345a05f0_170, v0x555f345a05f0_171;
v0x555f345a05f0_172 .array/port v0x555f345a05f0, 172;
v0x555f345a05f0_173 .array/port v0x555f345a05f0, 173;
v0x555f345a05f0_174 .array/port v0x555f345a05f0, 174;
v0x555f345a05f0_175 .array/port v0x555f345a05f0, 175;
E_0x555f3443afc0/43 .event edge, v0x555f345a05f0_172, v0x555f345a05f0_173, v0x555f345a05f0_174, v0x555f345a05f0_175;
v0x555f345a05f0_176 .array/port v0x555f345a05f0, 176;
v0x555f345a05f0_177 .array/port v0x555f345a05f0, 177;
v0x555f345a05f0_178 .array/port v0x555f345a05f0, 178;
v0x555f345a05f0_179 .array/port v0x555f345a05f0, 179;
E_0x555f3443afc0/44 .event edge, v0x555f345a05f0_176, v0x555f345a05f0_177, v0x555f345a05f0_178, v0x555f345a05f0_179;
v0x555f345a05f0_180 .array/port v0x555f345a05f0, 180;
v0x555f345a05f0_181 .array/port v0x555f345a05f0, 181;
v0x555f345a05f0_182 .array/port v0x555f345a05f0, 182;
v0x555f345a05f0_183 .array/port v0x555f345a05f0, 183;
E_0x555f3443afc0/45 .event edge, v0x555f345a05f0_180, v0x555f345a05f0_181, v0x555f345a05f0_182, v0x555f345a05f0_183;
v0x555f345a05f0_184 .array/port v0x555f345a05f0, 184;
v0x555f345a05f0_185 .array/port v0x555f345a05f0, 185;
v0x555f345a05f0_186 .array/port v0x555f345a05f0, 186;
v0x555f345a05f0_187 .array/port v0x555f345a05f0, 187;
E_0x555f3443afc0/46 .event edge, v0x555f345a05f0_184, v0x555f345a05f0_185, v0x555f345a05f0_186, v0x555f345a05f0_187;
v0x555f345a05f0_188 .array/port v0x555f345a05f0, 188;
v0x555f345a05f0_189 .array/port v0x555f345a05f0, 189;
v0x555f345a05f0_190 .array/port v0x555f345a05f0, 190;
v0x555f345a05f0_191 .array/port v0x555f345a05f0, 191;
E_0x555f3443afc0/47 .event edge, v0x555f345a05f0_188, v0x555f345a05f0_189, v0x555f345a05f0_190, v0x555f345a05f0_191;
v0x555f345a05f0_192 .array/port v0x555f345a05f0, 192;
v0x555f345a05f0_193 .array/port v0x555f345a05f0, 193;
v0x555f345a05f0_194 .array/port v0x555f345a05f0, 194;
v0x555f345a05f0_195 .array/port v0x555f345a05f0, 195;
E_0x555f3443afc0/48 .event edge, v0x555f345a05f0_192, v0x555f345a05f0_193, v0x555f345a05f0_194, v0x555f345a05f0_195;
v0x555f345a05f0_196 .array/port v0x555f345a05f0, 196;
v0x555f345a05f0_197 .array/port v0x555f345a05f0, 197;
v0x555f345a05f0_198 .array/port v0x555f345a05f0, 198;
v0x555f345a05f0_199 .array/port v0x555f345a05f0, 199;
E_0x555f3443afc0/49 .event edge, v0x555f345a05f0_196, v0x555f345a05f0_197, v0x555f345a05f0_198, v0x555f345a05f0_199;
v0x555f345a05f0_200 .array/port v0x555f345a05f0, 200;
v0x555f345a05f0_201 .array/port v0x555f345a05f0, 201;
v0x555f345a05f0_202 .array/port v0x555f345a05f0, 202;
v0x555f345a05f0_203 .array/port v0x555f345a05f0, 203;
E_0x555f3443afc0/50 .event edge, v0x555f345a05f0_200, v0x555f345a05f0_201, v0x555f345a05f0_202, v0x555f345a05f0_203;
v0x555f345a05f0_204 .array/port v0x555f345a05f0, 204;
v0x555f345a05f0_205 .array/port v0x555f345a05f0, 205;
v0x555f345a05f0_206 .array/port v0x555f345a05f0, 206;
v0x555f345a05f0_207 .array/port v0x555f345a05f0, 207;
E_0x555f3443afc0/51 .event edge, v0x555f345a05f0_204, v0x555f345a05f0_205, v0x555f345a05f0_206, v0x555f345a05f0_207;
v0x555f345a05f0_208 .array/port v0x555f345a05f0, 208;
v0x555f345a05f0_209 .array/port v0x555f345a05f0, 209;
v0x555f345a05f0_210 .array/port v0x555f345a05f0, 210;
v0x555f345a05f0_211 .array/port v0x555f345a05f0, 211;
E_0x555f3443afc0/52 .event edge, v0x555f345a05f0_208, v0x555f345a05f0_209, v0x555f345a05f0_210, v0x555f345a05f0_211;
v0x555f345a05f0_212 .array/port v0x555f345a05f0, 212;
v0x555f345a05f0_213 .array/port v0x555f345a05f0, 213;
v0x555f345a05f0_214 .array/port v0x555f345a05f0, 214;
v0x555f345a05f0_215 .array/port v0x555f345a05f0, 215;
E_0x555f3443afc0/53 .event edge, v0x555f345a05f0_212, v0x555f345a05f0_213, v0x555f345a05f0_214, v0x555f345a05f0_215;
v0x555f345a05f0_216 .array/port v0x555f345a05f0, 216;
v0x555f345a05f0_217 .array/port v0x555f345a05f0, 217;
v0x555f345a05f0_218 .array/port v0x555f345a05f0, 218;
v0x555f345a05f0_219 .array/port v0x555f345a05f0, 219;
E_0x555f3443afc0/54 .event edge, v0x555f345a05f0_216, v0x555f345a05f0_217, v0x555f345a05f0_218, v0x555f345a05f0_219;
v0x555f345a05f0_220 .array/port v0x555f345a05f0, 220;
v0x555f345a05f0_221 .array/port v0x555f345a05f0, 221;
v0x555f345a05f0_222 .array/port v0x555f345a05f0, 222;
v0x555f345a05f0_223 .array/port v0x555f345a05f0, 223;
E_0x555f3443afc0/55 .event edge, v0x555f345a05f0_220, v0x555f345a05f0_221, v0x555f345a05f0_222, v0x555f345a05f0_223;
v0x555f345a05f0_224 .array/port v0x555f345a05f0, 224;
v0x555f345a05f0_225 .array/port v0x555f345a05f0, 225;
v0x555f345a05f0_226 .array/port v0x555f345a05f0, 226;
v0x555f345a05f0_227 .array/port v0x555f345a05f0, 227;
E_0x555f3443afc0/56 .event edge, v0x555f345a05f0_224, v0x555f345a05f0_225, v0x555f345a05f0_226, v0x555f345a05f0_227;
v0x555f345a05f0_228 .array/port v0x555f345a05f0, 228;
v0x555f345a05f0_229 .array/port v0x555f345a05f0, 229;
v0x555f345a05f0_230 .array/port v0x555f345a05f0, 230;
v0x555f345a05f0_231 .array/port v0x555f345a05f0, 231;
E_0x555f3443afc0/57 .event edge, v0x555f345a05f0_228, v0x555f345a05f0_229, v0x555f345a05f0_230, v0x555f345a05f0_231;
v0x555f345a05f0_232 .array/port v0x555f345a05f0, 232;
v0x555f345a05f0_233 .array/port v0x555f345a05f0, 233;
v0x555f345a05f0_234 .array/port v0x555f345a05f0, 234;
v0x555f345a05f0_235 .array/port v0x555f345a05f0, 235;
E_0x555f3443afc0/58 .event edge, v0x555f345a05f0_232, v0x555f345a05f0_233, v0x555f345a05f0_234, v0x555f345a05f0_235;
v0x555f345a05f0_236 .array/port v0x555f345a05f0, 236;
v0x555f345a05f0_237 .array/port v0x555f345a05f0, 237;
v0x555f345a05f0_238 .array/port v0x555f345a05f0, 238;
v0x555f345a05f0_239 .array/port v0x555f345a05f0, 239;
E_0x555f3443afc0/59 .event edge, v0x555f345a05f0_236, v0x555f345a05f0_237, v0x555f345a05f0_238, v0x555f345a05f0_239;
v0x555f345a05f0_240 .array/port v0x555f345a05f0, 240;
v0x555f345a05f0_241 .array/port v0x555f345a05f0, 241;
v0x555f345a05f0_242 .array/port v0x555f345a05f0, 242;
v0x555f345a05f0_243 .array/port v0x555f345a05f0, 243;
E_0x555f3443afc0/60 .event edge, v0x555f345a05f0_240, v0x555f345a05f0_241, v0x555f345a05f0_242, v0x555f345a05f0_243;
v0x555f345a05f0_244 .array/port v0x555f345a05f0, 244;
v0x555f345a05f0_245 .array/port v0x555f345a05f0, 245;
v0x555f345a05f0_246 .array/port v0x555f345a05f0, 246;
v0x555f345a05f0_247 .array/port v0x555f345a05f0, 247;
E_0x555f3443afc0/61 .event edge, v0x555f345a05f0_244, v0x555f345a05f0_245, v0x555f345a05f0_246, v0x555f345a05f0_247;
v0x555f345a05f0_248 .array/port v0x555f345a05f0, 248;
v0x555f345a05f0_249 .array/port v0x555f345a05f0, 249;
v0x555f345a05f0_250 .array/port v0x555f345a05f0, 250;
v0x555f345a05f0_251 .array/port v0x555f345a05f0, 251;
E_0x555f3443afc0/62 .event edge, v0x555f345a05f0_248, v0x555f345a05f0_249, v0x555f345a05f0_250, v0x555f345a05f0_251;
v0x555f345a05f0_252 .array/port v0x555f345a05f0, 252;
v0x555f345a05f0_253 .array/port v0x555f345a05f0, 253;
v0x555f345a05f0_254 .array/port v0x555f345a05f0, 254;
v0x555f345a05f0_255 .array/port v0x555f345a05f0, 255;
E_0x555f3443afc0/63 .event edge, v0x555f345a05f0_252, v0x555f345a05f0_253, v0x555f345a05f0_254, v0x555f345a05f0_255;
v0x555f345a05f0_256 .array/port v0x555f345a05f0, 256;
v0x555f345a05f0_257 .array/port v0x555f345a05f0, 257;
v0x555f345a05f0_258 .array/port v0x555f345a05f0, 258;
v0x555f345a05f0_259 .array/port v0x555f345a05f0, 259;
E_0x555f3443afc0/64 .event edge, v0x555f345a05f0_256, v0x555f345a05f0_257, v0x555f345a05f0_258, v0x555f345a05f0_259;
v0x555f345a05f0_260 .array/port v0x555f345a05f0, 260;
v0x555f345a05f0_261 .array/port v0x555f345a05f0, 261;
v0x555f345a05f0_262 .array/port v0x555f345a05f0, 262;
v0x555f345a05f0_263 .array/port v0x555f345a05f0, 263;
E_0x555f3443afc0/65 .event edge, v0x555f345a05f0_260, v0x555f345a05f0_261, v0x555f345a05f0_262, v0x555f345a05f0_263;
v0x555f345a05f0_264 .array/port v0x555f345a05f0, 264;
v0x555f345a05f0_265 .array/port v0x555f345a05f0, 265;
v0x555f345a05f0_266 .array/port v0x555f345a05f0, 266;
v0x555f345a05f0_267 .array/port v0x555f345a05f0, 267;
E_0x555f3443afc0/66 .event edge, v0x555f345a05f0_264, v0x555f345a05f0_265, v0x555f345a05f0_266, v0x555f345a05f0_267;
v0x555f345a05f0_268 .array/port v0x555f345a05f0, 268;
v0x555f345a05f0_269 .array/port v0x555f345a05f0, 269;
v0x555f345a05f0_270 .array/port v0x555f345a05f0, 270;
v0x555f345a05f0_271 .array/port v0x555f345a05f0, 271;
E_0x555f3443afc0/67 .event edge, v0x555f345a05f0_268, v0x555f345a05f0_269, v0x555f345a05f0_270, v0x555f345a05f0_271;
v0x555f345a05f0_272 .array/port v0x555f345a05f0, 272;
v0x555f345a05f0_273 .array/port v0x555f345a05f0, 273;
v0x555f345a05f0_274 .array/port v0x555f345a05f0, 274;
v0x555f345a05f0_275 .array/port v0x555f345a05f0, 275;
E_0x555f3443afc0/68 .event edge, v0x555f345a05f0_272, v0x555f345a05f0_273, v0x555f345a05f0_274, v0x555f345a05f0_275;
v0x555f345a05f0_276 .array/port v0x555f345a05f0, 276;
v0x555f345a05f0_277 .array/port v0x555f345a05f0, 277;
v0x555f345a05f0_278 .array/port v0x555f345a05f0, 278;
v0x555f345a05f0_279 .array/port v0x555f345a05f0, 279;
E_0x555f3443afc0/69 .event edge, v0x555f345a05f0_276, v0x555f345a05f0_277, v0x555f345a05f0_278, v0x555f345a05f0_279;
v0x555f345a05f0_280 .array/port v0x555f345a05f0, 280;
v0x555f345a05f0_281 .array/port v0x555f345a05f0, 281;
v0x555f345a05f0_282 .array/port v0x555f345a05f0, 282;
v0x555f345a05f0_283 .array/port v0x555f345a05f0, 283;
E_0x555f3443afc0/70 .event edge, v0x555f345a05f0_280, v0x555f345a05f0_281, v0x555f345a05f0_282, v0x555f345a05f0_283;
v0x555f345a05f0_284 .array/port v0x555f345a05f0, 284;
v0x555f345a05f0_285 .array/port v0x555f345a05f0, 285;
v0x555f345a05f0_286 .array/port v0x555f345a05f0, 286;
v0x555f345a05f0_287 .array/port v0x555f345a05f0, 287;
E_0x555f3443afc0/71 .event edge, v0x555f345a05f0_284, v0x555f345a05f0_285, v0x555f345a05f0_286, v0x555f345a05f0_287;
v0x555f345a05f0_288 .array/port v0x555f345a05f0, 288;
v0x555f345a05f0_289 .array/port v0x555f345a05f0, 289;
v0x555f345a05f0_290 .array/port v0x555f345a05f0, 290;
v0x555f345a05f0_291 .array/port v0x555f345a05f0, 291;
E_0x555f3443afc0/72 .event edge, v0x555f345a05f0_288, v0x555f345a05f0_289, v0x555f345a05f0_290, v0x555f345a05f0_291;
v0x555f345a05f0_292 .array/port v0x555f345a05f0, 292;
v0x555f345a05f0_293 .array/port v0x555f345a05f0, 293;
v0x555f345a05f0_294 .array/port v0x555f345a05f0, 294;
v0x555f345a05f0_295 .array/port v0x555f345a05f0, 295;
E_0x555f3443afc0/73 .event edge, v0x555f345a05f0_292, v0x555f345a05f0_293, v0x555f345a05f0_294, v0x555f345a05f0_295;
v0x555f345a05f0_296 .array/port v0x555f345a05f0, 296;
v0x555f345a05f0_297 .array/port v0x555f345a05f0, 297;
v0x555f345a05f0_298 .array/port v0x555f345a05f0, 298;
v0x555f345a05f0_299 .array/port v0x555f345a05f0, 299;
E_0x555f3443afc0/74 .event edge, v0x555f345a05f0_296, v0x555f345a05f0_297, v0x555f345a05f0_298, v0x555f345a05f0_299;
v0x555f345a05f0_300 .array/port v0x555f345a05f0, 300;
v0x555f345a05f0_301 .array/port v0x555f345a05f0, 301;
v0x555f345a05f0_302 .array/port v0x555f345a05f0, 302;
v0x555f345a05f0_303 .array/port v0x555f345a05f0, 303;
E_0x555f3443afc0/75 .event edge, v0x555f345a05f0_300, v0x555f345a05f0_301, v0x555f345a05f0_302, v0x555f345a05f0_303;
v0x555f345a05f0_304 .array/port v0x555f345a05f0, 304;
v0x555f345a05f0_305 .array/port v0x555f345a05f0, 305;
v0x555f345a05f0_306 .array/port v0x555f345a05f0, 306;
v0x555f345a05f0_307 .array/port v0x555f345a05f0, 307;
E_0x555f3443afc0/76 .event edge, v0x555f345a05f0_304, v0x555f345a05f0_305, v0x555f345a05f0_306, v0x555f345a05f0_307;
v0x555f345a05f0_308 .array/port v0x555f345a05f0, 308;
v0x555f345a05f0_309 .array/port v0x555f345a05f0, 309;
v0x555f345a05f0_310 .array/port v0x555f345a05f0, 310;
v0x555f345a05f0_311 .array/port v0x555f345a05f0, 311;
E_0x555f3443afc0/77 .event edge, v0x555f345a05f0_308, v0x555f345a05f0_309, v0x555f345a05f0_310, v0x555f345a05f0_311;
v0x555f345a05f0_312 .array/port v0x555f345a05f0, 312;
v0x555f345a05f0_313 .array/port v0x555f345a05f0, 313;
v0x555f345a05f0_314 .array/port v0x555f345a05f0, 314;
v0x555f345a05f0_315 .array/port v0x555f345a05f0, 315;
E_0x555f3443afc0/78 .event edge, v0x555f345a05f0_312, v0x555f345a05f0_313, v0x555f345a05f0_314, v0x555f345a05f0_315;
v0x555f345a05f0_316 .array/port v0x555f345a05f0, 316;
v0x555f345a05f0_317 .array/port v0x555f345a05f0, 317;
v0x555f345a05f0_318 .array/port v0x555f345a05f0, 318;
v0x555f345a05f0_319 .array/port v0x555f345a05f0, 319;
E_0x555f3443afc0/79 .event edge, v0x555f345a05f0_316, v0x555f345a05f0_317, v0x555f345a05f0_318, v0x555f345a05f0_319;
v0x555f345a05f0_320 .array/port v0x555f345a05f0, 320;
v0x555f345a05f0_321 .array/port v0x555f345a05f0, 321;
v0x555f345a05f0_322 .array/port v0x555f345a05f0, 322;
v0x555f345a05f0_323 .array/port v0x555f345a05f0, 323;
E_0x555f3443afc0/80 .event edge, v0x555f345a05f0_320, v0x555f345a05f0_321, v0x555f345a05f0_322, v0x555f345a05f0_323;
v0x555f345a05f0_324 .array/port v0x555f345a05f0, 324;
v0x555f345a05f0_325 .array/port v0x555f345a05f0, 325;
v0x555f345a05f0_326 .array/port v0x555f345a05f0, 326;
v0x555f345a05f0_327 .array/port v0x555f345a05f0, 327;
E_0x555f3443afc0/81 .event edge, v0x555f345a05f0_324, v0x555f345a05f0_325, v0x555f345a05f0_326, v0x555f345a05f0_327;
v0x555f345a05f0_328 .array/port v0x555f345a05f0, 328;
v0x555f345a05f0_329 .array/port v0x555f345a05f0, 329;
v0x555f345a05f0_330 .array/port v0x555f345a05f0, 330;
v0x555f345a05f0_331 .array/port v0x555f345a05f0, 331;
E_0x555f3443afc0/82 .event edge, v0x555f345a05f0_328, v0x555f345a05f0_329, v0x555f345a05f0_330, v0x555f345a05f0_331;
v0x555f345a05f0_332 .array/port v0x555f345a05f0, 332;
v0x555f345a05f0_333 .array/port v0x555f345a05f0, 333;
v0x555f345a05f0_334 .array/port v0x555f345a05f0, 334;
v0x555f345a05f0_335 .array/port v0x555f345a05f0, 335;
E_0x555f3443afc0/83 .event edge, v0x555f345a05f0_332, v0x555f345a05f0_333, v0x555f345a05f0_334, v0x555f345a05f0_335;
v0x555f345a05f0_336 .array/port v0x555f345a05f0, 336;
v0x555f345a05f0_337 .array/port v0x555f345a05f0, 337;
v0x555f345a05f0_338 .array/port v0x555f345a05f0, 338;
v0x555f345a05f0_339 .array/port v0x555f345a05f0, 339;
E_0x555f3443afc0/84 .event edge, v0x555f345a05f0_336, v0x555f345a05f0_337, v0x555f345a05f0_338, v0x555f345a05f0_339;
v0x555f345a05f0_340 .array/port v0x555f345a05f0, 340;
v0x555f345a05f0_341 .array/port v0x555f345a05f0, 341;
v0x555f345a05f0_342 .array/port v0x555f345a05f0, 342;
v0x555f345a05f0_343 .array/port v0x555f345a05f0, 343;
E_0x555f3443afc0/85 .event edge, v0x555f345a05f0_340, v0x555f345a05f0_341, v0x555f345a05f0_342, v0x555f345a05f0_343;
v0x555f345a05f0_344 .array/port v0x555f345a05f0, 344;
v0x555f345a05f0_345 .array/port v0x555f345a05f0, 345;
v0x555f345a05f0_346 .array/port v0x555f345a05f0, 346;
v0x555f345a05f0_347 .array/port v0x555f345a05f0, 347;
E_0x555f3443afc0/86 .event edge, v0x555f345a05f0_344, v0x555f345a05f0_345, v0x555f345a05f0_346, v0x555f345a05f0_347;
v0x555f345a05f0_348 .array/port v0x555f345a05f0, 348;
v0x555f345a05f0_349 .array/port v0x555f345a05f0, 349;
v0x555f345a05f0_350 .array/port v0x555f345a05f0, 350;
v0x555f345a05f0_351 .array/port v0x555f345a05f0, 351;
E_0x555f3443afc0/87 .event edge, v0x555f345a05f0_348, v0x555f345a05f0_349, v0x555f345a05f0_350, v0x555f345a05f0_351;
v0x555f345a05f0_352 .array/port v0x555f345a05f0, 352;
v0x555f345a05f0_353 .array/port v0x555f345a05f0, 353;
v0x555f345a05f0_354 .array/port v0x555f345a05f0, 354;
v0x555f345a05f0_355 .array/port v0x555f345a05f0, 355;
E_0x555f3443afc0/88 .event edge, v0x555f345a05f0_352, v0x555f345a05f0_353, v0x555f345a05f0_354, v0x555f345a05f0_355;
v0x555f345a05f0_356 .array/port v0x555f345a05f0, 356;
v0x555f345a05f0_357 .array/port v0x555f345a05f0, 357;
v0x555f345a05f0_358 .array/port v0x555f345a05f0, 358;
v0x555f345a05f0_359 .array/port v0x555f345a05f0, 359;
E_0x555f3443afc0/89 .event edge, v0x555f345a05f0_356, v0x555f345a05f0_357, v0x555f345a05f0_358, v0x555f345a05f0_359;
v0x555f345a05f0_360 .array/port v0x555f345a05f0, 360;
v0x555f345a05f0_361 .array/port v0x555f345a05f0, 361;
v0x555f345a05f0_362 .array/port v0x555f345a05f0, 362;
v0x555f345a05f0_363 .array/port v0x555f345a05f0, 363;
E_0x555f3443afc0/90 .event edge, v0x555f345a05f0_360, v0x555f345a05f0_361, v0x555f345a05f0_362, v0x555f345a05f0_363;
v0x555f345a05f0_364 .array/port v0x555f345a05f0, 364;
v0x555f345a05f0_365 .array/port v0x555f345a05f0, 365;
v0x555f345a05f0_366 .array/port v0x555f345a05f0, 366;
v0x555f345a05f0_367 .array/port v0x555f345a05f0, 367;
E_0x555f3443afc0/91 .event edge, v0x555f345a05f0_364, v0x555f345a05f0_365, v0x555f345a05f0_366, v0x555f345a05f0_367;
v0x555f345a05f0_368 .array/port v0x555f345a05f0, 368;
v0x555f345a05f0_369 .array/port v0x555f345a05f0, 369;
v0x555f345a05f0_370 .array/port v0x555f345a05f0, 370;
v0x555f345a05f0_371 .array/port v0x555f345a05f0, 371;
E_0x555f3443afc0/92 .event edge, v0x555f345a05f0_368, v0x555f345a05f0_369, v0x555f345a05f0_370, v0x555f345a05f0_371;
v0x555f345a05f0_372 .array/port v0x555f345a05f0, 372;
v0x555f345a05f0_373 .array/port v0x555f345a05f0, 373;
v0x555f345a05f0_374 .array/port v0x555f345a05f0, 374;
v0x555f345a05f0_375 .array/port v0x555f345a05f0, 375;
E_0x555f3443afc0/93 .event edge, v0x555f345a05f0_372, v0x555f345a05f0_373, v0x555f345a05f0_374, v0x555f345a05f0_375;
v0x555f345a05f0_376 .array/port v0x555f345a05f0, 376;
v0x555f345a05f0_377 .array/port v0x555f345a05f0, 377;
v0x555f345a05f0_378 .array/port v0x555f345a05f0, 378;
v0x555f345a05f0_379 .array/port v0x555f345a05f0, 379;
E_0x555f3443afc0/94 .event edge, v0x555f345a05f0_376, v0x555f345a05f0_377, v0x555f345a05f0_378, v0x555f345a05f0_379;
v0x555f345a05f0_380 .array/port v0x555f345a05f0, 380;
v0x555f345a05f0_381 .array/port v0x555f345a05f0, 381;
v0x555f345a05f0_382 .array/port v0x555f345a05f0, 382;
v0x555f345a05f0_383 .array/port v0x555f345a05f0, 383;
E_0x555f3443afc0/95 .event edge, v0x555f345a05f0_380, v0x555f345a05f0_381, v0x555f345a05f0_382, v0x555f345a05f0_383;
v0x555f345a05f0_384 .array/port v0x555f345a05f0, 384;
v0x555f345a05f0_385 .array/port v0x555f345a05f0, 385;
v0x555f345a05f0_386 .array/port v0x555f345a05f0, 386;
v0x555f345a05f0_387 .array/port v0x555f345a05f0, 387;
E_0x555f3443afc0/96 .event edge, v0x555f345a05f0_384, v0x555f345a05f0_385, v0x555f345a05f0_386, v0x555f345a05f0_387;
v0x555f345a05f0_388 .array/port v0x555f345a05f0, 388;
v0x555f345a05f0_389 .array/port v0x555f345a05f0, 389;
v0x555f345a05f0_390 .array/port v0x555f345a05f0, 390;
v0x555f345a05f0_391 .array/port v0x555f345a05f0, 391;
E_0x555f3443afc0/97 .event edge, v0x555f345a05f0_388, v0x555f345a05f0_389, v0x555f345a05f0_390, v0x555f345a05f0_391;
v0x555f345a05f0_392 .array/port v0x555f345a05f0, 392;
v0x555f345a05f0_393 .array/port v0x555f345a05f0, 393;
v0x555f345a05f0_394 .array/port v0x555f345a05f0, 394;
v0x555f345a05f0_395 .array/port v0x555f345a05f0, 395;
E_0x555f3443afc0/98 .event edge, v0x555f345a05f0_392, v0x555f345a05f0_393, v0x555f345a05f0_394, v0x555f345a05f0_395;
v0x555f345a05f0_396 .array/port v0x555f345a05f0, 396;
v0x555f345a05f0_397 .array/port v0x555f345a05f0, 397;
v0x555f345a05f0_398 .array/port v0x555f345a05f0, 398;
v0x555f345a05f0_399 .array/port v0x555f345a05f0, 399;
E_0x555f3443afc0/99 .event edge, v0x555f345a05f0_396, v0x555f345a05f0_397, v0x555f345a05f0_398, v0x555f345a05f0_399;
v0x555f345a05f0_400 .array/port v0x555f345a05f0, 400;
v0x555f345a05f0_401 .array/port v0x555f345a05f0, 401;
v0x555f345a05f0_402 .array/port v0x555f345a05f0, 402;
v0x555f345a05f0_403 .array/port v0x555f345a05f0, 403;
E_0x555f3443afc0/100 .event edge, v0x555f345a05f0_400, v0x555f345a05f0_401, v0x555f345a05f0_402, v0x555f345a05f0_403;
v0x555f345a05f0_404 .array/port v0x555f345a05f0, 404;
v0x555f345a05f0_405 .array/port v0x555f345a05f0, 405;
v0x555f345a05f0_406 .array/port v0x555f345a05f0, 406;
v0x555f345a05f0_407 .array/port v0x555f345a05f0, 407;
E_0x555f3443afc0/101 .event edge, v0x555f345a05f0_404, v0x555f345a05f0_405, v0x555f345a05f0_406, v0x555f345a05f0_407;
v0x555f345a05f0_408 .array/port v0x555f345a05f0, 408;
v0x555f345a05f0_409 .array/port v0x555f345a05f0, 409;
v0x555f345a05f0_410 .array/port v0x555f345a05f0, 410;
v0x555f345a05f0_411 .array/port v0x555f345a05f0, 411;
E_0x555f3443afc0/102 .event edge, v0x555f345a05f0_408, v0x555f345a05f0_409, v0x555f345a05f0_410, v0x555f345a05f0_411;
v0x555f345a05f0_412 .array/port v0x555f345a05f0, 412;
v0x555f345a05f0_413 .array/port v0x555f345a05f0, 413;
v0x555f345a05f0_414 .array/port v0x555f345a05f0, 414;
v0x555f345a05f0_415 .array/port v0x555f345a05f0, 415;
E_0x555f3443afc0/103 .event edge, v0x555f345a05f0_412, v0x555f345a05f0_413, v0x555f345a05f0_414, v0x555f345a05f0_415;
v0x555f345a05f0_416 .array/port v0x555f345a05f0, 416;
v0x555f345a05f0_417 .array/port v0x555f345a05f0, 417;
v0x555f345a05f0_418 .array/port v0x555f345a05f0, 418;
v0x555f345a05f0_419 .array/port v0x555f345a05f0, 419;
E_0x555f3443afc0/104 .event edge, v0x555f345a05f0_416, v0x555f345a05f0_417, v0x555f345a05f0_418, v0x555f345a05f0_419;
v0x555f345a05f0_420 .array/port v0x555f345a05f0, 420;
v0x555f345a05f0_421 .array/port v0x555f345a05f0, 421;
v0x555f345a05f0_422 .array/port v0x555f345a05f0, 422;
v0x555f345a05f0_423 .array/port v0x555f345a05f0, 423;
E_0x555f3443afc0/105 .event edge, v0x555f345a05f0_420, v0x555f345a05f0_421, v0x555f345a05f0_422, v0x555f345a05f0_423;
v0x555f345a05f0_424 .array/port v0x555f345a05f0, 424;
v0x555f345a05f0_425 .array/port v0x555f345a05f0, 425;
v0x555f345a05f0_426 .array/port v0x555f345a05f0, 426;
v0x555f345a05f0_427 .array/port v0x555f345a05f0, 427;
E_0x555f3443afc0/106 .event edge, v0x555f345a05f0_424, v0x555f345a05f0_425, v0x555f345a05f0_426, v0x555f345a05f0_427;
v0x555f345a05f0_428 .array/port v0x555f345a05f0, 428;
v0x555f345a05f0_429 .array/port v0x555f345a05f0, 429;
v0x555f345a05f0_430 .array/port v0x555f345a05f0, 430;
v0x555f345a05f0_431 .array/port v0x555f345a05f0, 431;
E_0x555f3443afc0/107 .event edge, v0x555f345a05f0_428, v0x555f345a05f0_429, v0x555f345a05f0_430, v0x555f345a05f0_431;
v0x555f345a05f0_432 .array/port v0x555f345a05f0, 432;
v0x555f345a05f0_433 .array/port v0x555f345a05f0, 433;
v0x555f345a05f0_434 .array/port v0x555f345a05f0, 434;
v0x555f345a05f0_435 .array/port v0x555f345a05f0, 435;
E_0x555f3443afc0/108 .event edge, v0x555f345a05f0_432, v0x555f345a05f0_433, v0x555f345a05f0_434, v0x555f345a05f0_435;
v0x555f345a05f0_436 .array/port v0x555f345a05f0, 436;
v0x555f345a05f0_437 .array/port v0x555f345a05f0, 437;
v0x555f345a05f0_438 .array/port v0x555f345a05f0, 438;
v0x555f345a05f0_439 .array/port v0x555f345a05f0, 439;
E_0x555f3443afc0/109 .event edge, v0x555f345a05f0_436, v0x555f345a05f0_437, v0x555f345a05f0_438, v0x555f345a05f0_439;
v0x555f345a05f0_440 .array/port v0x555f345a05f0, 440;
v0x555f345a05f0_441 .array/port v0x555f345a05f0, 441;
v0x555f345a05f0_442 .array/port v0x555f345a05f0, 442;
v0x555f345a05f0_443 .array/port v0x555f345a05f0, 443;
E_0x555f3443afc0/110 .event edge, v0x555f345a05f0_440, v0x555f345a05f0_441, v0x555f345a05f0_442, v0x555f345a05f0_443;
v0x555f345a05f0_444 .array/port v0x555f345a05f0, 444;
v0x555f345a05f0_445 .array/port v0x555f345a05f0, 445;
v0x555f345a05f0_446 .array/port v0x555f345a05f0, 446;
v0x555f345a05f0_447 .array/port v0x555f345a05f0, 447;
E_0x555f3443afc0/111 .event edge, v0x555f345a05f0_444, v0x555f345a05f0_445, v0x555f345a05f0_446, v0x555f345a05f0_447;
v0x555f345a05f0_448 .array/port v0x555f345a05f0, 448;
v0x555f345a05f0_449 .array/port v0x555f345a05f0, 449;
v0x555f345a05f0_450 .array/port v0x555f345a05f0, 450;
v0x555f345a05f0_451 .array/port v0x555f345a05f0, 451;
E_0x555f3443afc0/112 .event edge, v0x555f345a05f0_448, v0x555f345a05f0_449, v0x555f345a05f0_450, v0x555f345a05f0_451;
v0x555f345a05f0_452 .array/port v0x555f345a05f0, 452;
v0x555f345a05f0_453 .array/port v0x555f345a05f0, 453;
v0x555f345a05f0_454 .array/port v0x555f345a05f0, 454;
v0x555f345a05f0_455 .array/port v0x555f345a05f0, 455;
E_0x555f3443afc0/113 .event edge, v0x555f345a05f0_452, v0x555f345a05f0_453, v0x555f345a05f0_454, v0x555f345a05f0_455;
v0x555f345a05f0_456 .array/port v0x555f345a05f0, 456;
v0x555f345a05f0_457 .array/port v0x555f345a05f0, 457;
v0x555f345a05f0_458 .array/port v0x555f345a05f0, 458;
v0x555f345a05f0_459 .array/port v0x555f345a05f0, 459;
E_0x555f3443afc0/114 .event edge, v0x555f345a05f0_456, v0x555f345a05f0_457, v0x555f345a05f0_458, v0x555f345a05f0_459;
v0x555f345a05f0_460 .array/port v0x555f345a05f0, 460;
v0x555f345a05f0_461 .array/port v0x555f345a05f0, 461;
v0x555f345a05f0_462 .array/port v0x555f345a05f0, 462;
v0x555f345a05f0_463 .array/port v0x555f345a05f0, 463;
E_0x555f3443afc0/115 .event edge, v0x555f345a05f0_460, v0x555f345a05f0_461, v0x555f345a05f0_462, v0x555f345a05f0_463;
v0x555f345a05f0_464 .array/port v0x555f345a05f0, 464;
v0x555f345a05f0_465 .array/port v0x555f345a05f0, 465;
v0x555f345a05f0_466 .array/port v0x555f345a05f0, 466;
v0x555f345a05f0_467 .array/port v0x555f345a05f0, 467;
E_0x555f3443afc0/116 .event edge, v0x555f345a05f0_464, v0x555f345a05f0_465, v0x555f345a05f0_466, v0x555f345a05f0_467;
v0x555f345a05f0_468 .array/port v0x555f345a05f0, 468;
v0x555f345a05f0_469 .array/port v0x555f345a05f0, 469;
v0x555f345a05f0_470 .array/port v0x555f345a05f0, 470;
v0x555f345a05f0_471 .array/port v0x555f345a05f0, 471;
E_0x555f3443afc0/117 .event edge, v0x555f345a05f0_468, v0x555f345a05f0_469, v0x555f345a05f0_470, v0x555f345a05f0_471;
v0x555f345a05f0_472 .array/port v0x555f345a05f0, 472;
v0x555f345a05f0_473 .array/port v0x555f345a05f0, 473;
v0x555f345a05f0_474 .array/port v0x555f345a05f0, 474;
v0x555f345a05f0_475 .array/port v0x555f345a05f0, 475;
E_0x555f3443afc0/118 .event edge, v0x555f345a05f0_472, v0x555f345a05f0_473, v0x555f345a05f0_474, v0x555f345a05f0_475;
v0x555f345a05f0_476 .array/port v0x555f345a05f0, 476;
v0x555f345a05f0_477 .array/port v0x555f345a05f0, 477;
v0x555f345a05f0_478 .array/port v0x555f345a05f0, 478;
v0x555f345a05f0_479 .array/port v0x555f345a05f0, 479;
E_0x555f3443afc0/119 .event edge, v0x555f345a05f0_476, v0x555f345a05f0_477, v0x555f345a05f0_478, v0x555f345a05f0_479;
v0x555f345a05f0_480 .array/port v0x555f345a05f0, 480;
v0x555f345a05f0_481 .array/port v0x555f345a05f0, 481;
v0x555f345a05f0_482 .array/port v0x555f345a05f0, 482;
v0x555f345a05f0_483 .array/port v0x555f345a05f0, 483;
E_0x555f3443afc0/120 .event edge, v0x555f345a05f0_480, v0x555f345a05f0_481, v0x555f345a05f0_482, v0x555f345a05f0_483;
v0x555f345a05f0_484 .array/port v0x555f345a05f0, 484;
v0x555f345a05f0_485 .array/port v0x555f345a05f0, 485;
v0x555f345a05f0_486 .array/port v0x555f345a05f0, 486;
v0x555f345a05f0_487 .array/port v0x555f345a05f0, 487;
E_0x555f3443afc0/121 .event edge, v0x555f345a05f0_484, v0x555f345a05f0_485, v0x555f345a05f0_486, v0x555f345a05f0_487;
v0x555f345a05f0_488 .array/port v0x555f345a05f0, 488;
v0x555f345a05f0_489 .array/port v0x555f345a05f0, 489;
v0x555f345a05f0_490 .array/port v0x555f345a05f0, 490;
v0x555f345a05f0_491 .array/port v0x555f345a05f0, 491;
E_0x555f3443afc0/122 .event edge, v0x555f345a05f0_488, v0x555f345a05f0_489, v0x555f345a05f0_490, v0x555f345a05f0_491;
v0x555f345a05f0_492 .array/port v0x555f345a05f0, 492;
v0x555f345a05f0_493 .array/port v0x555f345a05f0, 493;
v0x555f345a05f0_494 .array/port v0x555f345a05f0, 494;
v0x555f345a05f0_495 .array/port v0x555f345a05f0, 495;
E_0x555f3443afc0/123 .event edge, v0x555f345a05f0_492, v0x555f345a05f0_493, v0x555f345a05f0_494, v0x555f345a05f0_495;
v0x555f345a05f0_496 .array/port v0x555f345a05f0, 496;
v0x555f345a05f0_497 .array/port v0x555f345a05f0, 497;
v0x555f345a05f0_498 .array/port v0x555f345a05f0, 498;
v0x555f345a05f0_499 .array/port v0x555f345a05f0, 499;
E_0x555f3443afc0/124 .event edge, v0x555f345a05f0_496, v0x555f345a05f0_497, v0x555f345a05f0_498, v0x555f345a05f0_499;
v0x555f345a05f0_500 .array/port v0x555f345a05f0, 500;
v0x555f345a05f0_501 .array/port v0x555f345a05f0, 501;
v0x555f345a05f0_502 .array/port v0x555f345a05f0, 502;
v0x555f345a05f0_503 .array/port v0x555f345a05f0, 503;
E_0x555f3443afc0/125 .event edge, v0x555f345a05f0_500, v0x555f345a05f0_501, v0x555f345a05f0_502, v0x555f345a05f0_503;
v0x555f345a05f0_504 .array/port v0x555f345a05f0, 504;
v0x555f345a05f0_505 .array/port v0x555f345a05f0, 505;
v0x555f345a05f0_506 .array/port v0x555f345a05f0, 506;
v0x555f345a05f0_507 .array/port v0x555f345a05f0, 507;
E_0x555f3443afc0/126 .event edge, v0x555f345a05f0_504, v0x555f345a05f0_505, v0x555f345a05f0_506, v0x555f345a05f0_507;
v0x555f345a05f0_508 .array/port v0x555f345a05f0, 508;
v0x555f345a05f0_509 .array/port v0x555f345a05f0, 509;
v0x555f345a05f0_510 .array/port v0x555f345a05f0, 510;
v0x555f345a05f0_511 .array/port v0x555f345a05f0, 511;
E_0x555f3443afc0/127 .event edge, v0x555f345a05f0_508, v0x555f345a05f0_509, v0x555f345a05f0_510, v0x555f345a05f0_511;
E_0x555f3443afc0 .event/or E_0x555f3443afc0/0, E_0x555f3443afc0/1, E_0x555f3443afc0/2, E_0x555f3443afc0/3, E_0x555f3443afc0/4, E_0x555f3443afc0/5, E_0x555f3443afc0/6, E_0x555f3443afc0/7, E_0x555f3443afc0/8, E_0x555f3443afc0/9, E_0x555f3443afc0/10, E_0x555f3443afc0/11, E_0x555f3443afc0/12, E_0x555f3443afc0/13, E_0x555f3443afc0/14, E_0x555f3443afc0/15, E_0x555f3443afc0/16, E_0x555f3443afc0/17, E_0x555f3443afc0/18, E_0x555f3443afc0/19, E_0x555f3443afc0/20, E_0x555f3443afc0/21, E_0x555f3443afc0/22, E_0x555f3443afc0/23, E_0x555f3443afc0/24, E_0x555f3443afc0/25, E_0x555f3443afc0/26, E_0x555f3443afc0/27, E_0x555f3443afc0/28, E_0x555f3443afc0/29, E_0x555f3443afc0/30, E_0x555f3443afc0/31, E_0x555f3443afc0/32, E_0x555f3443afc0/33, E_0x555f3443afc0/34, E_0x555f3443afc0/35, E_0x555f3443afc0/36, E_0x555f3443afc0/37, E_0x555f3443afc0/38, E_0x555f3443afc0/39, E_0x555f3443afc0/40, E_0x555f3443afc0/41, E_0x555f3443afc0/42, E_0x555f3443afc0/43, E_0x555f3443afc0/44, E_0x555f3443afc0/45, E_0x555f3443afc0/46, E_0x555f3443afc0/47, E_0x555f3443afc0/48, E_0x555f3443afc0/49, E_0x555f3443afc0/50, E_0x555f3443afc0/51, E_0x555f3443afc0/52, E_0x555f3443afc0/53, E_0x555f3443afc0/54, E_0x555f3443afc0/55, E_0x555f3443afc0/56, E_0x555f3443afc0/57, E_0x555f3443afc0/58, E_0x555f3443afc0/59, E_0x555f3443afc0/60, E_0x555f3443afc0/61, E_0x555f3443afc0/62, E_0x555f3443afc0/63, E_0x555f3443afc0/64, E_0x555f3443afc0/65, E_0x555f3443afc0/66, E_0x555f3443afc0/67, E_0x555f3443afc0/68, E_0x555f3443afc0/69, E_0x555f3443afc0/70, E_0x555f3443afc0/71, E_0x555f3443afc0/72, E_0x555f3443afc0/73, E_0x555f3443afc0/74, E_0x555f3443afc0/75, E_0x555f3443afc0/76, E_0x555f3443afc0/77, E_0x555f3443afc0/78, E_0x555f3443afc0/79, E_0x555f3443afc0/80, E_0x555f3443afc0/81, E_0x555f3443afc0/82, E_0x555f3443afc0/83, E_0x555f3443afc0/84, E_0x555f3443afc0/85, E_0x555f3443afc0/86, E_0x555f3443afc0/87, E_0x555f3443afc0/88, E_0x555f3443afc0/89, E_0x555f3443afc0/90, E_0x555f3443afc0/91, E_0x555f3443afc0/92, E_0x555f3443afc0/93, E_0x555f3443afc0/94, E_0x555f3443afc0/95, E_0x555f3443afc0/96, E_0x555f3443afc0/97, E_0x555f3443afc0/98, E_0x555f3443afc0/99, E_0x555f3443afc0/100, E_0x555f3443afc0/101, E_0x555f3443afc0/102, E_0x555f3443afc0/103, E_0x555f3443afc0/104, E_0x555f3443afc0/105, E_0x555f3443afc0/106, E_0x555f3443afc0/107, E_0x555f3443afc0/108, E_0x555f3443afc0/109, E_0x555f3443afc0/110, E_0x555f3443afc0/111, E_0x555f3443afc0/112, E_0x555f3443afc0/113, E_0x555f3443afc0/114, E_0x555f3443afc0/115, E_0x555f3443afc0/116, E_0x555f3443afc0/117, E_0x555f3443afc0/118, E_0x555f3443afc0/119, E_0x555f3443afc0/120, E_0x555f3443afc0/121, E_0x555f3443afc0/122, E_0x555f3443afc0/123, E_0x555f3443afc0/124, E_0x555f3443afc0/125, E_0x555f3443afc0/126, E_0x555f3443afc0/127;
E_0x555f34423f60/0 .event edge, v0x555f345a0be0_0, v0x555f345ea4d0_0, v0x555f345ea4d0_1, v0x555f345ea4d0_2;
E_0x555f34423f60/1 .event edge, v0x555f345ea4d0_3, v0x555f345ea4d0_4, v0x555f345ea4d0_5, v0x555f345ea4d0_6;
E_0x555f34423f60/2 .event edge, v0x555f345ea4d0_7, v0x555f345ea4d0_8, v0x555f345ea4d0_9, v0x555f345ea4d0_10;
E_0x555f34423f60/3 .event edge, v0x555f345ea4d0_11, v0x555f345ea4d0_12, v0x555f345ea4d0_13, v0x555f345ea4d0_14;
E_0x555f34423f60/4 .event edge, v0x555f345ea4d0_15, v0x555f345ea4d0_16, v0x555f345ea4d0_17, v0x555f345ea4d0_18;
E_0x555f34423f60/5 .event edge, v0x555f345ea4d0_19, v0x555f345ea4d0_20, v0x555f345ea4d0_21, v0x555f345ea4d0_22;
E_0x555f34423f60/6 .event edge, v0x555f345ea4d0_23, v0x555f345ea4d0_24, v0x555f345ea4d0_25, v0x555f345ea4d0_26;
E_0x555f34423f60/7 .event edge, v0x555f345ea4d0_27, v0x555f345ea4d0_28, v0x555f345ea4d0_29, v0x555f345ea4d0_30;
E_0x555f34423f60/8 .event edge, v0x555f345ea4d0_31, v0x555f345ea4d0_32, v0x555f345ea4d0_33, v0x555f345ea4d0_34;
E_0x555f34423f60/9 .event edge, v0x555f345ea4d0_35, v0x555f345ea4d0_36, v0x555f345ea4d0_37, v0x555f345ea4d0_38;
E_0x555f34423f60/10 .event edge, v0x555f345ea4d0_39, v0x555f345ea4d0_40, v0x555f345ea4d0_41, v0x555f345ea4d0_42;
E_0x555f34423f60/11 .event edge, v0x555f345ea4d0_43, v0x555f345ea4d0_44, v0x555f345ea4d0_45, v0x555f345ea4d0_46;
E_0x555f34423f60/12 .event edge, v0x555f345ea4d0_47, v0x555f345ea4d0_48, v0x555f345ea4d0_49, v0x555f345ea4d0_50;
E_0x555f34423f60/13 .event edge, v0x555f345ea4d0_51, v0x555f345ea4d0_52, v0x555f345ea4d0_53, v0x555f345ea4d0_54;
E_0x555f34423f60/14 .event edge, v0x555f345ea4d0_55, v0x555f345ea4d0_56, v0x555f345ea4d0_57, v0x555f345ea4d0_58;
E_0x555f34423f60/15 .event edge, v0x555f345ea4d0_59, v0x555f345ea4d0_60, v0x555f345ea4d0_61, v0x555f345ea4d0_62;
E_0x555f34423f60/16 .event edge, v0x555f345ea4d0_63, v0x555f345ea4d0_64, v0x555f345ea4d0_65, v0x555f345ea4d0_66;
E_0x555f34423f60/17 .event edge, v0x555f345ea4d0_67, v0x555f345ea4d0_68, v0x555f345ea4d0_69, v0x555f345ea4d0_70;
E_0x555f34423f60/18 .event edge, v0x555f345ea4d0_71, v0x555f345ea4d0_72, v0x555f345ea4d0_73, v0x555f345ea4d0_74;
E_0x555f34423f60/19 .event edge, v0x555f345ea4d0_75, v0x555f345ea4d0_76, v0x555f345ea4d0_77, v0x555f345ea4d0_78;
E_0x555f34423f60/20 .event edge, v0x555f345ea4d0_79, v0x555f345ea4d0_80, v0x555f345ea4d0_81, v0x555f345ea4d0_82;
E_0x555f34423f60/21 .event edge, v0x555f345ea4d0_83, v0x555f345ea4d0_84, v0x555f345ea4d0_85, v0x555f345ea4d0_86;
E_0x555f34423f60/22 .event edge, v0x555f345ea4d0_87, v0x555f345ea4d0_88, v0x555f345ea4d0_89, v0x555f345ea4d0_90;
E_0x555f34423f60/23 .event edge, v0x555f345ea4d0_91, v0x555f345ea4d0_92, v0x555f345ea4d0_93, v0x555f345ea4d0_94;
E_0x555f34423f60/24 .event edge, v0x555f345ea4d0_95, v0x555f345ea4d0_96, v0x555f345ea4d0_97, v0x555f345ea4d0_98;
E_0x555f34423f60/25 .event edge, v0x555f345ea4d0_99, v0x555f345ea4d0_100, v0x555f345ea4d0_101, v0x555f345ea4d0_102;
E_0x555f34423f60/26 .event edge, v0x555f345ea4d0_103, v0x555f345ea4d0_104, v0x555f345ea4d0_105, v0x555f345ea4d0_106;
E_0x555f34423f60/27 .event edge, v0x555f345ea4d0_107, v0x555f345ea4d0_108, v0x555f345ea4d0_109, v0x555f345ea4d0_110;
E_0x555f34423f60/28 .event edge, v0x555f345ea4d0_111, v0x555f345ea4d0_112, v0x555f345ea4d0_113, v0x555f345ea4d0_114;
E_0x555f34423f60/29 .event edge, v0x555f345ea4d0_115, v0x555f345ea4d0_116, v0x555f345ea4d0_117, v0x555f345ea4d0_118;
E_0x555f34423f60/30 .event edge, v0x555f345ea4d0_119, v0x555f345ea4d0_120, v0x555f345ea4d0_121, v0x555f345ea4d0_122;
E_0x555f34423f60/31 .event edge, v0x555f345ea4d0_123, v0x555f345ea4d0_124, v0x555f345ea4d0_125, v0x555f345ea4d0_126;
E_0x555f34423f60/32 .event edge, v0x555f345ea4d0_127, v0x555f345ea4d0_128, v0x555f345ea4d0_129, v0x555f345ea4d0_130;
E_0x555f34423f60/33 .event edge, v0x555f345ea4d0_131, v0x555f345ea4d0_132, v0x555f345ea4d0_133, v0x555f345ea4d0_134;
E_0x555f34423f60/34 .event edge, v0x555f345ea4d0_135, v0x555f345ea4d0_136, v0x555f345ea4d0_137, v0x555f345ea4d0_138;
E_0x555f34423f60/35 .event edge, v0x555f345ea4d0_139, v0x555f345ea4d0_140, v0x555f345ea4d0_141, v0x555f345ea4d0_142;
E_0x555f34423f60/36 .event edge, v0x555f345ea4d0_143, v0x555f345ea4d0_144, v0x555f345ea4d0_145, v0x555f345ea4d0_146;
E_0x555f34423f60/37 .event edge, v0x555f345ea4d0_147, v0x555f345ea4d0_148, v0x555f345ea4d0_149, v0x555f345ea4d0_150;
E_0x555f34423f60/38 .event edge, v0x555f345ea4d0_151, v0x555f345ea4d0_152, v0x555f345ea4d0_153, v0x555f345ea4d0_154;
E_0x555f34423f60/39 .event edge, v0x555f345ea4d0_155, v0x555f345ea4d0_156, v0x555f345ea4d0_157, v0x555f345ea4d0_158;
E_0x555f34423f60/40 .event edge, v0x555f345ea4d0_159, v0x555f345ea4d0_160, v0x555f345ea4d0_161, v0x555f345ea4d0_162;
E_0x555f34423f60/41 .event edge, v0x555f345ea4d0_163, v0x555f345ea4d0_164, v0x555f345ea4d0_165, v0x555f345ea4d0_166;
E_0x555f34423f60/42 .event edge, v0x555f345ea4d0_167, v0x555f345ea4d0_168, v0x555f345ea4d0_169, v0x555f345ea4d0_170;
E_0x555f34423f60/43 .event edge, v0x555f345ea4d0_171, v0x555f345ea4d0_172, v0x555f345ea4d0_173, v0x555f345ea4d0_174;
E_0x555f34423f60/44 .event edge, v0x555f345ea4d0_175, v0x555f345ea4d0_176, v0x555f345ea4d0_177, v0x555f345ea4d0_178;
E_0x555f34423f60/45 .event edge, v0x555f345ea4d0_179, v0x555f345ea4d0_180, v0x555f345ea4d0_181, v0x555f345ea4d0_182;
E_0x555f34423f60/46 .event edge, v0x555f345ea4d0_183, v0x555f345ea4d0_184, v0x555f345ea4d0_185, v0x555f345ea4d0_186;
E_0x555f34423f60/47 .event edge, v0x555f345ea4d0_187, v0x555f345ea4d0_188, v0x555f345ea4d0_189, v0x555f345ea4d0_190;
E_0x555f34423f60/48 .event edge, v0x555f345ea4d0_191, v0x555f345ea4d0_192, v0x555f345ea4d0_193, v0x555f345ea4d0_194;
E_0x555f34423f60/49 .event edge, v0x555f345ea4d0_195, v0x555f345ea4d0_196, v0x555f345ea4d0_197, v0x555f345ea4d0_198;
E_0x555f34423f60/50 .event edge, v0x555f345ea4d0_199, v0x555f345ea4d0_200, v0x555f345ea4d0_201, v0x555f345ea4d0_202;
E_0x555f34423f60/51 .event edge, v0x555f345ea4d0_203, v0x555f345ea4d0_204, v0x555f345ea4d0_205, v0x555f345ea4d0_206;
E_0x555f34423f60/52 .event edge, v0x555f345ea4d0_207, v0x555f345ea4d0_208, v0x555f345ea4d0_209, v0x555f345ea4d0_210;
E_0x555f34423f60/53 .event edge, v0x555f345ea4d0_211, v0x555f345ea4d0_212, v0x555f345ea4d0_213, v0x555f345ea4d0_214;
E_0x555f34423f60/54 .event edge, v0x555f345ea4d0_215, v0x555f345ea4d0_216, v0x555f345ea4d0_217, v0x555f345ea4d0_218;
E_0x555f34423f60/55 .event edge, v0x555f345ea4d0_219, v0x555f345ea4d0_220, v0x555f345ea4d0_221, v0x555f345ea4d0_222;
E_0x555f34423f60/56 .event edge, v0x555f345ea4d0_223, v0x555f345ea4d0_224, v0x555f345ea4d0_225, v0x555f345ea4d0_226;
E_0x555f34423f60/57 .event edge, v0x555f345ea4d0_227, v0x555f345ea4d0_228, v0x555f345ea4d0_229, v0x555f345ea4d0_230;
E_0x555f34423f60/58 .event edge, v0x555f345ea4d0_231, v0x555f345ea4d0_232, v0x555f345ea4d0_233, v0x555f345ea4d0_234;
E_0x555f34423f60/59 .event edge, v0x555f345ea4d0_235, v0x555f345ea4d0_236, v0x555f345ea4d0_237, v0x555f345ea4d0_238;
E_0x555f34423f60/60 .event edge, v0x555f345ea4d0_239, v0x555f345ea4d0_240, v0x555f345ea4d0_241, v0x555f345ea4d0_242;
E_0x555f34423f60/61 .event edge, v0x555f345ea4d0_243, v0x555f345ea4d0_244, v0x555f345ea4d0_245, v0x555f345ea4d0_246;
E_0x555f34423f60/62 .event edge, v0x555f345ea4d0_247, v0x555f345ea4d0_248, v0x555f345ea4d0_249, v0x555f345ea4d0_250;
E_0x555f34423f60/63 .event edge, v0x555f345ea4d0_251, v0x555f345ea4d0_252, v0x555f345ea4d0_253, v0x555f345ea4d0_254;
E_0x555f34423f60/64 .event edge, v0x555f345ea4d0_255, v0x555f345ea4d0_256, v0x555f345ea4d0_257, v0x555f345ea4d0_258;
E_0x555f34423f60/65 .event edge, v0x555f345ea4d0_259, v0x555f345ea4d0_260, v0x555f345ea4d0_261, v0x555f345ea4d0_262;
E_0x555f34423f60/66 .event edge, v0x555f345ea4d0_263, v0x555f345ea4d0_264, v0x555f345ea4d0_265, v0x555f345ea4d0_266;
E_0x555f34423f60/67 .event edge, v0x555f345ea4d0_267, v0x555f345ea4d0_268, v0x555f345ea4d0_269, v0x555f345ea4d0_270;
E_0x555f34423f60/68 .event edge, v0x555f345ea4d0_271, v0x555f345ea4d0_272, v0x555f345ea4d0_273, v0x555f345ea4d0_274;
E_0x555f34423f60/69 .event edge, v0x555f345ea4d0_275, v0x555f345ea4d0_276, v0x555f345ea4d0_277, v0x555f345ea4d0_278;
E_0x555f34423f60/70 .event edge, v0x555f345ea4d0_279, v0x555f345ea4d0_280, v0x555f345ea4d0_281, v0x555f345ea4d0_282;
E_0x555f34423f60/71 .event edge, v0x555f345ea4d0_283, v0x555f345ea4d0_284, v0x555f345ea4d0_285, v0x555f345ea4d0_286;
E_0x555f34423f60/72 .event edge, v0x555f345ea4d0_287, v0x555f345ea4d0_288, v0x555f345ea4d0_289, v0x555f345ea4d0_290;
E_0x555f34423f60/73 .event edge, v0x555f345ea4d0_291, v0x555f345ea4d0_292, v0x555f345ea4d0_293, v0x555f345ea4d0_294;
E_0x555f34423f60/74 .event edge, v0x555f345ea4d0_295, v0x555f345ea4d0_296, v0x555f345ea4d0_297, v0x555f345ea4d0_298;
E_0x555f34423f60/75 .event edge, v0x555f345ea4d0_299, v0x555f345ea4d0_300, v0x555f345ea4d0_301, v0x555f345ea4d0_302;
E_0x555f34423f60/76 .event edge, v0x555f345ea4d0_303, v0x555f345ea4d0_304, v0x555f345ea4d0_305, v0x555f345ea4d0_306;
E_0x555f34423f60/77 .event edge, v0x555f345ea4d0_307, v0x555f345ea4d0_308, v0x555f345ea4d0_309, v0x555f345ea4d0_310;
E_0x555f34423f60/78 .event edge, v0x555f345ea4d0_311, v0x555f345ea4d0_312, v0x555f345ea4d0_313, v0x555f345ea4d0_314;
E_0x555f34423f60/79 .event edge, v0x555f345ea4d0_315, v0x555f345ea4d0_316, v0x555f345ea4d0_317, v0x555f345ea4d0_318;
E_0x555f34423f60/80 .event edge, v0x555f345ea4d0_319, v0x555f345ea4d0_320, v0x555f345ea4d0_321, v0x555f345ea4d0_322;
E_0x555f34423f60/81 .event edge, v0x555f345ea4d0_323, v0x555f345ea4d0_324, v0x555f345ea4d0_325, v0x555f345ea4d0_326;
E_0x555f34423f60/82 .event edge, v0x555f345ea4d0_327, v0x555f345ea4d0_328, v0x555f345ea4d0_329, v0x555f345ea4d0_330;
E_0x555f34423f60/83 .event edge, v0x555f345ea4d0_331, v0x555f345ea4d0_332, v0x555f345ea4d0_333, v0x555f345ea4d0_334;
E_0x555f34423f60/84 .event edge, v0x555f345ea4d0_335, v0x555f345ea4d0_336, v0x555f345ea4d0_337, v0x555f345ea4d0_338;
E_0x555f34423f60/85 .event edge, v0x555f345ea4d0_339, v0x555f345ea4d0_340, v0x555f345ea4d0_341, v0x555f345ea4d0_342;
E_0x555f34423f60/86 .event edge, v0x555f345ea4d0_343, v0x555f345ea4d0_344, v0x555f345ea4d0_345, v0x555f345ea4d0_346;
E_0x555f34423f60/87 .event edge, v0x555f345ea4d0_347, v0x555f345ea4d0_348, v0x555f345ea4d0_349, v0x555f345ea4d0_350;
E_0x555f34423f60/88 .event edge, v0x555f345ea4d0_351, v0x555f345ea4d0_352, v0x555f345ea4d0_353, v0x555f345ea4d0_354;
E_0x555f34423f60/89 .event edge, v0x555f345ea4d0_355, v0x555f345ea4d0_356, v0x555f345ea4d0_357, v0x555f345ea4d0_358;
E_0x555f34423f60/90 .event edge, v0x555f345ea4d0_359, v0x555f345ea4d0_360, v0x555f345ea4d0_361, v0x555f345ea4d0_362;
E_0x555f34423f60/91 .event edge, v0x555f345ea4d0_363, v0x555f345ea4d0_364, v0x555f345ea4d0_365, v0x555f345ea4d0_366;
E_0x555f34423f60/92 .event edge, v0x555f345ea4d0_367, v0x555f345ea4d0_368, v0x555f345ea4d0_369, v0x555f345ea4d0_370;
E_0x555f34423f60/93 .event edge, v0x555f345ea4d0_371, v0x555f345ea4d0_372, v0x555f345ea4d0_373, v0x555f345ea4d0_374;
E_0x555f34423f60/94 .event edge, v0x555f345ea4d0_375, v0x555f345ea4d0_376, v0x555f345ea4d0_377, v0x555f345ea4d0_378;
E_0x555f34423f60/95 .event edge, v0x555f345ea4d0_379, v0x555f345ea4d0_380, v0x555f345ea4d0_381, v0x555f345ea4d0_382;
E_0x555f34423f60/96 .event edge, v0x555f345ea4d0_383, v0x555f345ea4d0_384, v0x555f345ea4d0_385, v0x555f345ea4d0_386;
E_0x555f34423f60/97 .event edge, v0x555f345ea4d0_387, v0x555f345ea4d0_388, v0x555f345ea4d0_389, v0x555f345ea4d0_390;
E_0x555f34423f60/98 .event edge, v0x555f345ea4d0_391, v0x555f345ea4d0_392, v0x555f345ea4d0_393, v0x555f345ea4d0_394;
E_0x555f34423f60/99 .event edge, v0x555f345ea4d0_395, v0x555f345ea4d0_396, v0x555f345ea4d0_397, v0x555f345ea4d0_398;
E_0x555f34423f60/100 .event edge, v0x555f345ea4d0_399, v0x555f345ea4d0_400, v0x555f345ea4d0_401, v0x555f345ea4d0_402;
E_0x555f34423f60/101 .event edge, v0x555f345ea4d0_403, v0x555f345ea4d0_404, v0x555f345ea4d0_405, v0x555f345ea4d0_406;
E_0x555f34423f60/102 .event edge, v0x555f345ea4d0_407, v0x555f345ea4d0_408, v0x555f345ea4d0_409, v0x555f345ea4d0_410;
E_0x555f34423f60/103 .event edge, v0x555f345ea4d0_411, v0x555f345ea4d0_412, v0x555f345ea4d0_413, v0x555f345ea4d0_414;
E_0x555f34423f60/104 .event edge, v0x555f345ea4d0_415, v0x555f345ea4d0_416, v0x555f345ea4d0_417, v0x555f345ea4d0_418;
E_0x555f34423f60/105 .event edge, v0x555f345ea4d0_419, v0x555f345ea4d0_420, v0x555f345ea4d0_421, v0x555f345ea4d0_422;
E_0x555f34423f60/106 .event edge, v0x555f345ea4d0_423, v0x555f345ea4d0_424, v0x555f345ea4d0_425, v0x555f345ea4d0_426;
E_0x555f34423f60/107 .event edge, v0x555f345ea4d0_427, v0x555f345ea4d0_428, v0x555f345ea4d0_429, v0x555f345ea4d0_430;
E_0x555f34423f60/108 .event edge, v0x555f345ea4d0_431, v0x555f345ea4d0_432, v0x555f345ea4d0_433, v0x555f345ea4d0_434;
E_0x555f34423f60/109 .event edge, v0x555f345ea4d0_435, v0x555f345ea4d0_436, v0x555f345ea4d0_437, v0x555f345ea4d0_438;
E_0x555f34423f60/110 .event edge, v0x555f345ea4d0_439, v0x555f345ea4d0_440, v0x555f345ea4d0_441, v0x555f345ea4d0_442;
E_0x555f34423f60/111 .event edge, v0x555f345ea4d0_443, v0x555f345ea4d0_444, v0x555f345ea4d0_445, v0x555f345ea4d0_446;
E_0x555f34423f60/112 .event edge, v0x555f345ea4d0_447, v0x555f345ea4d0_448, v0x555f345ea4d0_449, v0x555f345ea4d0_450;
E_0x555f34423f60/113 .event edge, v0x555f345ea4d0_451, v0x555f345ea4d0_452, v0x555f345ea4d0_453, v0x555f345ea4d0_454;
E_0x555f34423f60/114 .event edge, v0x555f345ea4d0_455, v0x555f345ea4d0_456, v0x555f345ea4d0_457, v0x555f345ea4d0_458;
E_0x555f34423f60/115 .event edge, v0x555f345ea4d0_459, v0x555f345ea4d0_460, v0x555f345ea4d0_461, v0x555f345ea4d0_462;
E_0x555f34423f60/116 .event edge, v0x555f345ea4d0_463, v0x555f345ea4d0_464, v0x555f345ea4d0_465, v0x555f345ea4d0_466;
E_0x555f34423f60/117 .event edge, v0x555f345ea4d0_467, v0x555f345ea4d0_468, v0x555f345ea4d0_469, v0x555f345ea4d0_470;
E_0x555f34423f60/118 .event edge, v0x555f345ea4d0_471, v0x555f345ea4d0_472, v0x555f345ea4d0_473, v0x555f345ea4d0_474;
E_0x555f34423f60/119 .event edge, v0x555f345ea4d0_475, v0x555f345ea4d0_476, v0x555f345ea4d0_477, v0x555f345ea4d0_478;
E_0x555f34423f60/120 .event edge, v0x555f345ea4d0_479, v0x555f345ea4d0_480, v0x555f345ea4d0_481, v0x555f345ea4d0_482;
E_0x555f34423f60/121 .event edge, v0x555f345ea4d0_483, v0x555f345ea4d0_484, v0x555f345ea4d0_485, v0x555f345ea4d0_486;
E_0x555f34423f60/122 .event edge, v0x555f345ea4d0_487, v0x555f345ea4d0_488, v0x555f345ea4d0_489, v0x555f345ea4d0_490;
E_0x555f34423f60/123 .event edge, v0x555f345ea4d0_491, v0x555f345ea4d0_492, v0x555f345ea4d0_493, v0x555f345ea4d0_494;
E_0x555f34423f60/124 .event edge, v0x555f345ea4d0_495, v0x555f345ea4d0_496, v0x555f345ea4d0_497, v0x555f345ea4d0_498;
E_0x555f34423f60/125 .event edge, v0x555f345ea4d0_499, v0x555f345ea4d0_500, v0x555f345ea4d0_501, v0x555f345ea4d0_502;
E_0x555f34423f60/126 .event edge, v0x555f345ea4d0_503, v0x555f345ea4d0_504, v0x555f345ea4d0_505, v0x555f345ea4d0_506;
E_0x555f34423f60/127 .event edge, v0x555f345ea4d0_507, v0x555f345ea4d0_508, v0x555f345ea4d0_509, v0x555f345ea4d0_510;
E_0x555f34423f60/128 .event edge, v0x555f345ea4d0_511, v0x555f345ea570_0, v0x555f345f1cc0_0, v0x555f345f1cc0_1;
E_0x555f34423f60/129 .event edge, v0x555f345f1cc0_2, v0x555f345f1cc0_3, v0x555f345f1cc0_4, v0x555f345f1cc0_5;
E_0x555f34423f60/130 .event edge, v0x555f345f1cc0_6, v0x555f345f1cc0_7, v0x555f345f1cc0_8, v0x555f345f1cc0_9;
E_0x555f34423f60/131 .event edge, v0x555f345f1cc0_10, v0x555f345f1cc0_11, v0x555f345f1cc0_12, v0x555f345f1cc0_13;
E_0x555f34423f60/132 .event edge, v0x555f345f1cc0_14, v0x555f345f1cc0_15, v0x555f345f1cc0_16, v0x555f345f1cc0_17;
E_0x555f34423f60/133 .event edge, v0x555f345f1cc0_18, v0x555f345f1cc0_19, v0x555f345f1cc0_20, v0x555f345f1cc0_21;
E_0x555f34423f60/134 .event edge, v0x555f345f1cc0_22, v0x555f345f1cc0_23, v0x555f345f1cc0_24, v0x555f345f1cc0_25;
E_0x555f34423f60/135 .event edge, v0x555f345f1cc0_26, v0x555f345f1cc0_27, v0x555f345f1cc0_28, v0x555f345f1cc0_29;
E_0x555f34423f60/136 .event edge, v0x555f345f1cc0_30, v0x555f345f1cc0_31, v0x555f345f1cc0_32, v0x555f345f1cc0_33;
E_0x555f34423f60/137 .event edge, v0x555f345f1cc0_34, v0x555f345f1cc0_35, v0x555f345f1cc0_36, v0x555f345f1cc0_37;
E_0x555f34423f60/138 .event edge, v0x555f345f1cc0_38, v0x555f345f1cc0_39, v0x555f345f1cc0_40, v0x555f345f1cc0_41;
E_0x555f34423f60/139 .event edge, v0x555f345f1cc0_42, v0x555f345f1cc0_43, v0x555f345f1cc0_44, v0x555f345f1cc0_45;
E_0x555f34423f60/140 .event edge, v0x555f345f1cc0_46, v0x555f345f1cc0_47, v0x555f345f1cc0_48, v0x555f345f1cc0_49;
E_0x555f34423f60/141 .event edge, v0x555f345f1cc0_50, v0x555f345f1cc0_51, v0x555f345f1cc0_52, v0x555f345f1cc0_53;
E_0x555f34423f60/142 .event edge, v0x555f345f1cc0_54, v0x555f345f1cc0_55, v0x555f345f1cc0_56, v0x555f345f1cc0_57;
E_0x555f34423f60/143 .event edge, v0x555f345f1cc0_58, v0x555f345f1cc0_59, v0x555f345f1cc0_60, v0x555f345f1cc0_61;
E_0x555f34423f60/144 .event edge, v0x555f345f1cc0_62, v0x555f345f1cc0_63, v0x555f345f1cc0_64, v0x555f345f1cc0_65;
E_0x555f34423f60/145 .event edge, v0x555f345f1cc0_66, v0x555f345f1cc0_67, v0x555f345f1cc0_68, v0x555f345f1cc0_69;
E_0x555f34423f60/146 .event edge, v0x555f345f1cc0_70, v0x555f345f1cc0_71, v0x555f345f1cc0_72, v0x555f345f1cc0_73;
E_0x555f34423f60/147 .event edge, v0x555f345f1cc0_74, v0x555f345f1cc0_75, v0x555f345f1cc0_76, v0x555f345f1cc0_77;
E_0x555f34423f60/148 .event edge, v0x555f345f1cc0_78, v0x555f345f1cc0_79, v0x555f345f1cc0_80, v0x555f345f1cc0_81;
E_0x555f34423f60/149 .event edge, v0x555f345f1cc0_82, v0x555f345f1cc0_83, v0x555f345f1cc0_84, v0x555f345f1cc0_85;
E_0x555f34423f60/150 .event edge, v0x555f345f1cc0_86, v0x555f345f1cc0_87, v0x555f345f1cc0_88, v0x555f345f1cc0_89;
E_0x555f34423f60/151 .event edge, v0x555f345f1cc0_90, v0x555f345f1cc0_91, v0x555f345f1cc0_92, v0x555f345f1cc0_93;
E_0x555f34423f60/152 .event edge, v0x555f345f1cc0_94, v0x555f345f1cc0_95, v0x555f345f1cc0_96, v0x555f345f1cc0_97;
E_0x555f34423f60/153 .event edge, v0x555f345f1cc0_98, v0x555f345f1cc0_99, v0x555f345f1cc0_100, v0x555f345f1cc0_101;
E_0x555f34423f60/154 .event edge, v0x555f345f1cc0_102, v0x555f345f1cc0_103, v0x555f345f1cc0_104, v0x555f345f1cc0_105;
E_0x555f34423f60/155 .event edge, v0x555f345f1cc0_106, v0x555f345f1cc0_107, v0x555f345f1cc0_108, v0x555f345f1cc0_109;
E_0x555f34423f60/156 .event edge, v0x555f345f1cc0_110, v0x555f345f1cc0_111, v0x555f345f1cc0_112, v0x555f345f1cc0_113;
E_0x555f34423f60/157 .event edge, v0x555f345f1cc0_114, v0x555f345f1cc0_115, v0x555f345f1cc0_116, v0x555f345f1cc0_117;
E_0x555f34423f60/158 .event edge, v0x555f345f1cc0_118, v0x555f345f1cc0_119, v0x555f345f1cc0_120, v0x555f345f1cc0_121;
E_0x555f34423f60/159 .event edge, v0x555f345f1cc0_122, v0x555f345f1cc0_123, v0x555f345f1cc0_124, v0x555f345f1cc0_125;
E_0x555f34423f60/160 .event edge, v0x555f345f1cc0_126, v0x555f345f1cc0_127, v0x555f345f1cc0_128, v0x555f345f1cc0_129;
E_0x555f34423f60/161 .event edge, v0x555f345f1cc0_130, v0x555f345f1cc0_131, v0x555f345f1cc0_132, v0x555f345f1cc0_133;
E_0x555f34423f60/162 .event edge, v0x555f345f1cc0_134, v0x555f345f1cc0_135, v0x555f345f1cc0_136, v0x555f345f1cc0_137;
E_0x555f34423f60/163 .event edge, v0x555f345f1cc0_138, v0x555f345f1cc0_139, v0x555f345f1cc0_140, v0x555f345f1cc0_141;
E_0x555f34423f60/164 .event edge, v0x555f345f1cc0_142, v0x555f345f1cc0_143, v0x555f345f1cc0_144, v0x555f345f1cc0_145;
E_0x555f34423f60/165 .event edge, v0x555f345f1cc0_146, v0x555f345f1cc0_147, v0x555f345f1cc0_148, v0x555f345f1cc0_149;
E_0x555f34423f60/166 .event edge, v0x555f345f1cc0_150, v0x555f345f1cc0_151, v0x555f345f1cc0_152, v0x555f345f1cc0_153;
E_0x555f34423f60/167 .event edge, v0x555f345f1cc0_154, v0x555f345f1cc0_155, v0x555f345f1cc0_156, v0x555f345f1cc0_157;
E_0x555f34423f60/168 .event edge, v0x555f345f1cc0_158, v0x555f345f1cc0_159, v0x555f345f1cc0_160, v0x555f345f1cc0_161;
E_0x555f34423f60/169 .event edge, v0x555f345f1cc0_162, v0x555f345f1cc0_163, v0x555f345f1cc0_164, v0x555f345f1cc0_165;
E_0x555f34423f60/170 .event edge, v0x555f345f1cc0_166, v0x555f345f1cc0_167, v0x555f345f1cc0_168, v0x555f345f1cc0_169;
E_0x555f34423f60/171 .event edge, v0x555f345f1cc0_170, v0x555f345f1cc0_171, v0x555f345f1cc0_172, v0x555f345f1cc0_173;
E_0x555f34423f60/172 .event edge, v0x555f345f1cc0_174, v0x555f345f1cc0_175, v0x555f345f1cc0_176, v0x555f345f1cc0_177;
E_0x555f34423f60/173 .event edge, v0x555f345f1cc0_178, v0x555f345f1cc0_179, v0x555f345f1cc0_180, v0x555f345f1cc0_181;
E_0x555f34423f60/174 .event edge, v0x555f345f1cc0_182, v0x555f345f1cc0_183, v0x555f345f1cc0_184, v0x555f345f1cc0_185;
E_0x555f34423f60/175 .event edge, v0x555f345f1cc0_186, v0x555f345f1cc0_187, v0x555f345f1cc0_188, v0x555f345f1cc0_189;
E_0x555f34423f60/176 .event edge, v0x555f345f1cc0_190, v0x555f345f1cc0_191, v0x555f345f1cc0_192, v0x555f345f1cc0_193;
E_0x555f34423f60/177 .event edge, v0x555f345f1cc0_194, v0x555f345f1cc0_195, v0x555f345f1cc0_196, v0x555f345f1cc0_197;
E_0x555f34423f60/178 .event edge, v0x555f345f1cc0_198, v0x555f345f1cc0_199, v0x555f345f1cc0_200, v0x555f345f1cc0_201;
E_0x555f34423f60/179 .event edge, v0x555f345f1cc0_202, v0x555f345f1cc0_203, v0x555f345f1cc0_204, v0x555f345f1cc0_205;
E_0x555f34423f60/180 .event edge, v0x555f345f1cc0_206, v0x555f345f1cc0_207, v0x555f345f1cc0_208, v0x555f345f1cc0_209;
E_0x555f34423f60/181 .event edge, v0x555f345f1cc0_210, v0x555f345f1cc0_211, v0x555f345f1cc0_212, v0x555f345f1cc0_213;
E_0x555f34423f60/182 .event edge, v0x555f345f1cc0_214, v0x555f345f1cc0_215, v0x555f345f1cc0_216, v0x555f345f1cc0_217;
E_0x555f34423f60/183 .event edge, v0x555f345f1cc0_218, v0x555f345f1cc0_219, v0x555f345f1cc0_220, v0x555f345f1cc0_221;
E_0x555f34423f60/184 .event edge, v0x555f345f1cc0_222, v0x555f345f1cc0_223, v0x555f345f1cc0_224, v0x555f345f1cc0_225;
E_0x555f34423f60/185 .event edge, v0x555f345f1cc0_226, v0x555f345f1cc0_227, v0x555f345f1cc0_228, v0x555f345f1cc0_229;
E_0x555f34423f60/186 .event edge, v0x555f345f1cc0_230, v0x555f345f1cc0_231, v0x555f345f1cc0_232, v0x555f345f1cc0_233;
E_0x555f34423f60/187 .event edge, v0x555f345f1cc0_234, v0x555f345f1cc0_235, v0x555f345f1cc0_236, v0x555f345f1cc0_237;
E_0x555f34423f60/188 .event edge, v0x555f345f1cc0_238, v0x555f345f1cc0_239, v0x555f345f1cc0_240, v0x555f345f1cc0_241;
E_0x555f34423f60/189 .event edge, v0x555f345f1cc0_242, v0x555f345f1cc0_243, v0x555f345f1cc0_244, v0x555f345f1cc0_245;
E_0x555f34423f60/190 .event edge, v0x555f345f1cc0_246, v0x555f345f1cc0_247, v0x555f345f1cc0_248, v0x555f345f1cc0_249;
E_0x555f34423f60/191 .event edge, v0x555f345f1cc0_250, v0x555f345f1cc0_251, v0x555f345f1cc0_252, v0x555f345f1cc0_253;
E_0x555f34423f60/192 .event edge, v0x555f345f1cc0_254, v0x555f345f1cc0_255, v0x555f345f1cc0_256, v0x555f345f1cc0_257;
E_0x555f34423f60/193 .event edge, v0x555f345f1cc0_258, v0x555f345f1cc0_259, v0x555f345f1cc0_260, v0x555f345f1cc0_261;
E_0x555f34423f60/194 .event edge, v0x555f345f1cc0_262, v0x555f345f1cc0_263, v0x555f345f1cc0_264, v0x555f345f1cc0_265;
E_0x555f34423f60/195 .event edge, v0x555f345f1cc0_266, v0x555f345f1cc0_267, v0x555f345f1cc0_268, v0x555f345f1cc0_269;
E_0x555f34423f60/196 .event edge, v0x555f345f1cc0_270, v0x555f345f1cc0_271, v0x555f345f1cc0_272, v0x555f345f1cc0_273;
E_0x555f34423f60/197 .event edge, v0x555f345f1cc0_274, v0x555f345f1cc0_275, v0x555f345f1cc0_276, v0x555f345f1cc0_277;
E_0x555f34423f60/198 .event edge, v0x555f345f1cc0_278, v0x555f345f1cc0_279, v0x555f345f1cc0_280, v0x555f345f1cc0_281;
E_0x555f34423f60/199 .event edge, v0x555f345f1cc0_282, v0x555f345f1cc0_283, v0x555f345f1cc0_284, v0x555f345f1cc0_285;
E_0x555f34423f60/200 .event edge, v0x555f345f1cc0_286, v0x555f345f1cc0_287, v0x555f345f1cc0_288, v0x555f345f1cc0_289;
E_0x555f34423f60/201 .event edge, v0x555f345f1cc0_290, v0x555f345f1cc0_291, v0x555f345f1cc0_292, v0x555f345f1cc0_293;
E_0x555f34423f60/202 .event edge, v0x555f345f1cc0_294, v0x555f345f1cc0_295, v0x555f345f1cc0_296, v0x555f345f1cc0_297;
E_0x555f34423f60/203 .event edge, v0x555f345f1cc0_298, v0x555f345f1cc0_299, v0x555f345f1cc0_300, v0x555f345f1cc0_301;
E_0x555f34423f60/204 .event edge, v0x555f345f1cc0_302, v0x555f345f1cc0_303, v0x555f345f1cc0_304, v0x555f345f1cc0_305;
E_0x555f34423f60/205 .event edge, v0x555f345f1cc0_306, v0x555f345f1cc0_307, v0x555f345f1cc0_308, v0x555f345f1cc0_309;
E_0x555f34423f60/206 .event edge, v0x555f345f1cc0_310, v0x555f345f1cc0_311, v0x555f345f1cc0_312, v0x555f345f1cc0_313;
E_0x555f34423f60/207 .event edge, v0x555f345f1cc0_314, v0x555f345f1cc0_315, v0x555f345f1cc0_316, v0x555f345f1cc0_317;
E_0x555f34423f60/208 .event edge, v0x555f345f1cc0_318, v0x555f345f1cc0_319, v0x555f345f1cc0_320, v0x555f345f1cc0_321;
E_0x555f34423f60/209 .event edge, v0x555f345f1cc0_322, v0x555f345f1cc0_323, v0x555f345f1cc0_324, v0x555f345f1cc0_325;
E_0x555f34423f60/210 .event edge, v0x555f345f1cc0_326, v0x555f345f1cc0_327, v0x555f345f1cc0_328, v0x555f345f1cc0_329;
E_0x555f34423f60/211 .event edge, v0x555f345f1cc0_330, v0x555f345f1cc0_331, v0x555f345f1cc0_332, v0x555f345f1cc0_333;
E_0x555f34423f60/212 .event edge, v0x555f345f1cc0_334, v0x555f345f1cc0_335, v0x555f345f1cc0_336, v0x555f345f1cc0_337;
E_0x555f34423f60/213 .event edge, v0x555f345f1cc0_338, v0x555f345f1cc0_339, v0x555f345f1cc0_340, v0x555f345f1cc0_341;
E_0x555f34423f60/214 .event edge, v0x555f345f1cc0_342, v0x555f345f1cc0_343, v0x555f345f1cc0_344, v0x555f345f1cc0_345;
E_0x555f34423f60/215 .event edge, v0x555f345f1cc0_346, v0x555f345f1cc0_347, v0x555f345f1cc0_348, v0x555f345f1cc0_349;
E_0x555f34423f60/216 .event edge, v0x555f345f1cc0_350, v0x555f345f1cc0_351, v0x555f345f1cc0_352, v0x555f345f1cc0_353;
E_0x555f34423f60/217 .event edge, v0x555f345f1cc0_354, v0x555f345f1cc0_355, v0x555f345f1cc0_356, v0x555f345f1cc0_357;
E_0x555f34423f60/218 .event edge, v0x555f345f1cc0_358, v0x555f345f1cc0_359, v0x555f345f1cc0_360, v0x555f345f1cc0_361;
E_0x555f34423f60/219 .event edge, v0x555f345f1cc0_362, v0x555f345f1cc0_363, v0x555f345f1cc0_364, v0x555f345f1cc0_365;
E_0x555f34423f60/220 .event edge, v0x555f345f1cc0_366, v0x555f345f1cc0_367, v0x555f345f1cc0_368, v0x555f345f1cc0_369;
E_0x555f34423f60/221 .event edge, v0x555f345f1cc0_370, v0x555f345f1cc0_371, v0x555f345f1cc0_372, v0x555f345f1cc0_373;
E_0x555f34423f60/222 .event edge, v0x555f345f1cc0_374, v0x555f345f1cc0_375, v0x555f345f1cc0_376, v0x555f345f1cc0_377;
E_0x555f34423f60/223 .event edge, v0x555f345f1cc0_378, v0x555f345f1cc0_379, v0x555f345f1cc0_380, v0x555f345f1cc0_381;
E_0x555f34423f60/224 .event edge, v0x555f345f1cc0_382, v0x555f345f1cc0_383, v0x555f345f1cc0_384, v0x555f345f1cc0_385;
E_0x555f34423f60/225 .event edge, v0x555f345f1cc0_386, v0x555f345f1cc0_387, v0x555f345f1cc0_388, v0x555f345f1cc0_389;
E_0x555f34423f60/226 .event edge, v0x555f345f1cc0_390, v0x555f345f1cc0_391, v0x555f345f1cc0_392, v0x555f345f1cc0_393;
E_0x555f34423f60/227 .event edge, v0x555f345f1cc0_394, v0x555f345f1cc0_395, v0x555f345f1cc0_396, v0x555f345f1cc0_397;
E_0x555f34423f60/228 .event edge, v0x555f345f1cc0_398, v0x555f345f1cc0_399, v0x555f345f1cc0_400, v0x555f345f1cc0_401;
E_0x555f34423f60/229 .event edge, v0x555f345f1cc0_402, v0x555f345f1cc0_403, v0x555f345f1cc0_404, v0x555f345f1cc0_405;
E_0x555f34423f60/230 .event edge, v0x555f345f1cc0_406, v0x555f345f1cc0_407, v0x555f345f1cc0_408, v0x555f345f1cc0_409;
E_0x555f34423f60/231 .event edge, v0x555f345f1cc0_410, v0x555f345f1cc0_411, v0x555f345f1cc0_412, v0x555f345f1cc0_413;
E_0x555f34423f60/232 .event edge, v0x555f345f1cc0_414, v0x555f345f1cc0_415, v0x555f345f1cc0_416, v0x555f345f1cc0_417;
E_0x555f34423f60/233 .event edge, v0x555f345f1cc0_418, v0x555f345f1cc0_419, v0x555f345f1cc0_420, v0x555f345f1cc0_421;
E_0x555f34423f60/234 .event edge, v0x555f345f1cc0_422, v0x555f345f1cc0_423, v0x555f345f1cc0_424, v0x555f345f1cc0_425;
E_0x555f34423f60/235 .event edge, v0x555f345f1cc0_426, v0x555f345f1cc0_427, v0x555f345f1cc0_428, v0x555f345f1cc0_429;
E_0x555f34423f60/236 .event edge, v0x555f345f1cc0_430, v0x555f345f1cc0_431, v0x555f345f1cc0_432, v0x555f345f1cc0_433;
E_0x555f34423f60/237 .event edge, v0x555f345f1cc0_434, v0x555f345f1cc0_435, v0x555f345f1cc0_436, v0x555f345f1cc0_437;
E_0x555f34423f60/238 .event edge, v0x555f345f1cc0_438, v0x555f345f1cc0_439, v0x555f345f1cc0_440, v0x555f345f1cc0_441;
E_0x555f34423f60/239 .event edge, v0x555f345f1cc0_442, v0x555f345f1cc0_443, v0x555f345f1cc0_444, v0x555f345f1cc0_445;
E_0x555f34423f60/240 .event edge, v0x555f345f1cc0_446, v0x555f345f1cc0_447, v0x555f345f1cc0_448, v0x555f345f1cc0_449;
E_0x555f34423f60/241 .event edge, v0x555f345f1cc0_450, v0x555f345f1cc0_451, v0x555f345f1cc0_452, v0x555f345f1cc0_453;
E_0x555f34423f60/242 .event edge, v0x555f345f1cc0_454, v0x555f345f1cc0_455, v0x555f345f1cc0_456, v0x555f345f1cc0_457;
E_0x555f34423f60/243 .event edge, v0x555f345f1cc0_458, v0x555f345f1cc0_459, v0x555f345f1cc0_460, v0x555f345f1cc0_461;
E_0x555f34423f60/244 .event edge, v0x555f345f1cc0_462, v0x555f345f1cc0_463, v0x555f345f1cc0_464, v0x555f345f1cc0_465;
E_0x555f34423f60/245 .event edge, v0x555f345f1cc0_466, v0x555f345f1cc0_467, v0x555f345f1cc0_468, v0x555f345f1cc0_469;
E_0x555f34423f60/246 .event edge, v0x555f345f1cc0_470, v0x555f345f1cc0_471, v0x555f345f1cc0_472, v0x555f345f1cc0_473;
E_0x555f34423f60/247 .event edge, v0x555f345f1cc0_474, v0x555f345f1cc0_475, v0x555f345f1cc0_476, v0x555f345f1cc0_477;
E_0x555f34423f60/248 .event edge, v0x555f345f1cc0_478, v0x555f345f1cc0_479, v0x555f345f1cc0_480, v0x555f345f1cc0_481;
E_0x555f34423f60/249 .event edge, v0x555f345f1cc0_482, v0x555f345f1cc0_483, v0x555f345f1cc0_484, v0x555f345f1cc0_485;
E_0x555f34423f60/250 .event edge, v0x555f345f1cc0_486, v0x555f345f1cc0_487, v0x555f345f1cc0_488, v0x555f345f1cc0_489;
E_0x555f34423f60/251 .event edge, v0x555f345f1cc0_490, v0x555f345f1cc0_491, v0x555f345f1cc0_492, v0x555f345f1cc0_493;
E_0x555f34423f60/252 .event edge, v0x555f345f1cc0_494, v0x555f345f1cc0_495, v0x555f345f1cc0_496, v0x555f345f1cc0_497;
E_0x555f34423f60/253 .event edge, v0x555f345f1cc0_498, v0x555f345f1cc0_499, v0x555f345f1cc0_500, v0x555f345f1cc0_501;
E_0x555f34423f60/254 .event edge, v0x555f345f1cc0_502, v0x555f345f1cc0_503, v0x555f345f1cc0_504, v0x555f345f1cc0_505;
E_0x555f34423f60/255 .event edge, v0x555f345f1cc0_506, v0x555f345f1cc0_507, v0x555f345f1cc0_508, v0x555f345f1cc0_509;
E_0x555f34423f60/256 .event edge, v0x555f345f1cc0_510, v0x555f345f1cc0_511, v0x555f345f1d60_0;
E_0x555f34423f60 .event/or E_0x555f34423f60/0, E_0x555f34423f60/1, E_0x555f34423f60/2, E_0x555f34423f60/3, E_0x555f34423f60/4, E_0x555f34423f60/5, E_0x555f34423f60/6, E_0x555f34423f60/7, E_0x555f34423f60/8, E_0x555f34423f60/9, E_0x555f34423f60/10, E_0x555f34423f60/11, E_0x555f34423f60/12, E_0x555f34423f60/13, E_0x555f34423f60/14, E_0x555f34423f60/15, E_0x555f34423f60/16, E_0x555f34423f60/17, E_0x555f34423f60/18, E_0x555f34423f60/19, E_0x555f34423f60/20, E_0x555f34423f60/21, E_0x555f34423f60/22, E_0x555f34423f60/23, E_0x555f34423f60/24, E_0x555f34423f60/25, E_0x555f34423f60/26, E_0x555f34423f60/27, E_0x555f34423f60/28, E_0x555f34423f60/29, E_0x555f34423f60/30, E_0x555f34423f60/31, E_0x555f34423f60/32, E_0x555f34423f60/33, E_0x555f34423f60/34, E_0x555f34423f60/35, E_0x555f34423f60/36, E_0x555f34423f60/37, E_0x555f34423f60/38, E_0x555f34423f60/39, E_0x555f34423f60/40, E_0x555f34423f60/41, E_0x555f34423f60/42, E_0x555f34423f60/43, E_0x555f34423f60/44, E_0x555f34423f60/45, E_0x555f34423f60/46, E_0x555f34423f60/47, E_0x555f34423f60/48, E_0x555f34423f60/49, E_0x555f34423f60/50, E_0x555f34423f60/51, E_0x555f34423f60/52, E_0x555f34423f60/53, E_0x555f34423f60/54, E_0x555f34423f60/55, E_0x555f34423f60/56, E_0x555f34423f60/57, E_0x555f34423f60/58, E_0x555f34423f60/59, E_0x555f34423f60/60, E_0x555f34423f60/61, E_0x555f34423f60/62, E_0x555f34423f60/63, E_0x555f34423f60/64, E_0x555f34423f60/65, E_0x555f34423f60/66, E_0x555f34423f60/67, E_0x555f34423f60/68, E_0x555f34423f60/69, E_0x555f34423f60/70, E_0x555f34423f60/71, E_0x555f34423f60/72, E_0x555f34423f60/73, E_0x555f34423f60/74, E_0x555f34423f60/75, E_0x555f34423f60/76, E_0x555f34423f60/77, E_0x555f34423f60/78, E_0x555f34423f60/79, E_0x555f34423f60/80, E_0x555f34423f60/81, E_0x555f34423f60/82, E_0x555f34423f60/83, E_0x555f34423f60/84, E_0x555f34423f60/85, E_0x555f34423f60/86, E_0x555f34423f60/87, E_0x555f34423f60/88, E_0x555f34423f60/89, E_0x555f34423f60/90, E_0x555f34423f60/91, E_0x555f34423f60/92, E_0x555f34423f60/93, E_0x555f34423f60/94, E_0x555f34423f60/95, E_0x555f34423f60/96, E_0x555f34423f60/97, E_0x555f34423f60/98, E_0x555f34423f60/99, E_0x555f34423f60/100, E_0x555f34423f60/101, E_0x555f34423f60/102, E_0x555f34423f60/103, E_0x555f34423f60/104, E_0x555f34423f60/105, E_0x555f34423f60/106, E_0x555f34423f60/107, E_0x555f34423f60/108, E_0x555f34423f60/109, E_0x555f34423f60/110, E_0x555f34423f60/111, E_0x555f34423f60/112, E_0x555f34423f60/113, E_0x555f34423f60/114, E_0x555f34423f60/115, E_0x555f34423f60/116, E_0x555f34423f60/117, E_0x555f34423f60/118, E_0x555f34423f60/119, E_0x555f34423f60/120, E_0x555f34423f60/121, E_0x555f34423f60/122, E_0x555f34423f60/123, E_0x555f34423f60/124, E_0x555f34423f60/125, E_0x555f34423f60/126, E_0x555f34423f60/127, E_0x555f34423f60/128, E_0x555f34423f60/129, E_0x555f34423f60/130, E_0x555f34423f60/131, E_0x555f34423f60/132, E_0x555f34423f60/133, E_0x555f34423f60/134, E_0x555f34423f60/135, E_0x555f34423f60/136, E_0x555f34423f60/137, E_0x555f34423f60/138, E_0x555f34423f60/139, E_0x555f34423f60/140, E_0x555f34423f60/141, E_0x555f34423f60/142, E_0x555f34423f60/143, E_0x555f34423f60/144, E_0x555f34423f60/145, E_0x555f34423f60/146, E_0x555f34423f60/147, E_0x555f34423f60/148, E_0x555f34423f60/149, E_0x555f34423f60/150, E_0x555f34423f60/151, E_0x555f34423f60/152, E_0x555f34423f60/153, E_0x555f34423f60/154, E_0x555f34423f60/155, E_0x555f34423f60/156, E_0x555f34423f60/157, E_0x555f34423f60/158, E_0x555f34423f60/159, E_0x555f34423f60/160, E_0x555f34423f60/161, E_0x555f34423f60/162, E_0x555f34423f60/163, E_0x555f34423f60/164, E_0x555f34423f60/165, E_0x555f34423f60/166, E_0x555f34423f60/167, E_0x555f34423f60/168, E_0x555f34423f60/169, E_0x555f34423f60/170, E_0x555f34423f60/171, E_0x555f34423f60/172, E_0x555f34423f60/173, E_0x555f34423f60/174, E_0x555f34423f60/175, E_0x555f34423f60/176, E_0x555f34423f60/177, E_0x555f34423f60/178, E_0x555f34423f60/179, E_0x555f34423f60/180, E_0x555f34423f60/181, E_0x555f34423f60/182, E_0x555f34423f60/183, E_0x555f34423f60/184, E_0x555f34423f60/185, E_0x555f34423f60/186, E_0x555f34423f60/187, E_0x555f34423f60/188, E_0x555f34423f60/189, E_0x555f34423f60/190, E_0x555f34423f60/191, E_0x555f34423f60/192, E_0x555f34423f60/193, E_0x555f34423f60/194, E_0x555f34423f60/195, E_0x555f34423f60/196, E_0x555f34423f60/197, E_0x555f34423f60/198, E_0x555f34423f60/199, E_0x555f34423f60/200, E_0x555f34423f60/201, E_0x555f34423f60/202, E_0x555f34423f60/203, E_0x555f34423f60/204, E_0x555f34423f60/205, E_0x555f34423f60/206, E_0x555f34423f60/207, E_0x555f34423f60/208, E_0x555f34423f60/209, E_0x555f34423f60/210, E_0x555f34423f60/211, E_0x555f34423f60/212, E_0x555f34423f60/213, E_0x555f34423f60/214, E_0x555f34423f60/215, E_0x555f34423f60/216, E_0x555f34423f60/217, E_0x555f34423f60/218, E_0x555f34423f60/219, E_0x555f34423f60/220, E_0x555f34423f60/221, E_0x555f34423f60/222, E_0x555f34423f60/223, E_0x555f34423f60/224, E_0x555f34423f60/225, E_0x555f34423f60/226, E_0x555f34423f60/227, E_0x555f34423f60/228, E_0x555f34423f60/229, E_0x555f34423f60/230, E_0x555f34423f60/231, E_0x555f34423f60/232, E_0x555f34423f60/233, E_0x555f34423f60/234, E_0x555f34423f60/235, E_0x555f34423f60/236, E_0x555f34423f60/237, E_0x555f34423f60/238, E_0x555f34423f60/239, E_0x555f34423f60/240, E_0x555f34423f60/241, E_0x555f34423f60/242, E_0x555f34423f60/243, E_0x555f34423f60/244, E_0x555f34423f60/245, E_0x555f34423f60/246, E_0x555f34423f60/247, E_0x555f34423f60/248, E_0x555f34423f60/249, E_0x555f34423f60/250, E_0x555f34423f60/251, E_0x555f34423f60/252, E_0x555f34423f60/253, E_0x555f34423f60/254, E_0x555f34423f60/255, E_0x555f34423f60/256;
S_0x555f3444c080 .scope begin, "$ivl_for_loop0" "$ivl_for_loop0" 3 27, 3 27 0, S_0x555f34456880;
 .timescale -9 -12;
v0x555f345fc7c0_0 .var/2s "i", 31 0;
S_0x555f3444c260 .scope begin, "$ivl_for_loop1" "$ivl_for_loop1" 3 30, 3 30 0, S_0x555f34456880;
 .timescale -9 -12;
v0x555f345fd730_0 .var/2s "i", 31 0;
S_0x555f3443f920 .scope begin, "$ivl_for_loop2" "$ivl_for_loop2" 3 36, 3 36 0, S_0x555f34456880;
 .timescale -9 -12;
v0x555f345fe380_0 .var/2s "i", 31 0;
S_0x555f34456ab0 .scope module, "recurrent_datapath" "recurrent_datapath" 4 10;
 .timescale -9 -12;
    .port_info 0 /INPUT 1 "clk";
    .port_info 1 /INPUT 1 "rst_n";
    .port_info 2 /INPUT 1 "sel_external";
    .port_info 3 /INPUT 1 "capture_loop";
    .port_info 4 /INPUT 1 "start_layer";
    .port_info 5 /OUTPUT 1 "layer_done";
    .port_info 6 /INPUT 8192 "ext_data";
    .port_info 7 /INPUT 1 "ext_valid";
    .port_info 8 /OUTPUT 8192 "final_data";
    .port_info 9 /OUTPUT 1 "final_valid";
P_0x555f34618470 .param/l "DATA_WIDTH" 0 4 11, +C4<00000000000000000000000000010000>;
P_0x555f346184b0 .param/l "FLAT_W" 1 4 34, +C4<00000000000000000010000000000000>;
P_0x555f346184f0 .param/l "LAT_W" 1 4 33, +C4<00000000000000000000000000000010>;
P_0x555f34618530 .param/l "LAYER_LATENCY" 0 4 13, +C4<00000000000000000000000000000011>;
P_0x555f34618570 .param/l "VECTOR_LEN" 0 4 12, +C4<00000000000000000000001000000000>;
o0x7f9f6f01c3a8 .functor BUFZ 1, C4<z>; HiZ drive
L_0x555f3467d140 .functor NOT 1, o0x7f9f6f01c3a8, C4<0>, C4<0>, C4<0>;
L_0x555f345fbb10 .functor AND 1, v0x555f346782f0_0, L_0x555f3467d140, C4<1>, C4<1>;
L_0x7f9f6efc1018 .functor BUFT 1, C4<01>, C4<0>, C4<0>, C4<0>;
v0x555f34640a40_0 .net/2u *"_ivl_512", 1 0, L_0x7f9f6efc1018;  1 drivers
v0x555f34640b40_0 .net *"_ivl_516", 0 0, L_0x555f3467d140;  1 drivers
v0x555f34640c20_0 .var "cap_flat", 8191 0;
v0x555f34640ce0_0 .var "cap_valid", 0 0;
v0x555f34640da0_0 .net "capture_loop", 0 0, o0x7f9f6f01c3a8;  0 drivers
o0x7f9f6f01c3d8 .functor BUFZ 1, C4<z>; HiZ drive
v0x555f34640eb0_0 .net "clk", 0 0, o0x7f9f6f01c3d8;  0 drivers
v0x555f34640f70_0 .var "cnt", 1 0;
o0x7f9f6f01c438 .functor BUFZ 16, C4<zzzzzzzzzzzzzzzz>; HiZ drive
v0x555f34641050 .array "ext_data", 511 0;
v0x555f34641050_0 .net v0x555f34641050 0, 15 0, o0x7f9f6f01c438; 0 drivers
o0x7f9f6f01c468 .functor BUFZ 16, C4<zzzzzzzzzzzzzzzz>; HiZ drive
v0x555f34641050_1 .net v0x555f34641050 1, 15 0, o0x7f9f6f01c468; 0 drivers
o0x7f9f6f01c498 .functor BUFZ 16, C4<zzzzzzzzzzzzzzzz>; HiZ drive
v0x555f34641050_2 .net v0x555f34641050 2, 15 0, o0x7f9f6f01c498; 0 drivers
o0x7f9f6f01c4c8 .functor BUFZ 16, C4<zzzzzzzzzzzzzzzz>; HiZ drive
v0x555f34641050_3 .net v0x555f34641050 3, 15 0, o0x7f9f6f01c4c8; 0 drivers
o0x7f9f6f01c4f8 .functor BUFZ 16, C4<zzzzzzzzzzzzzzzz>; HiZ drive
v0x555f34641050_4 .net v0x555f34641050 4, 15 0, o0x7f9f6f01c4f8; 0 drivers
o0x7f9f6f01c528 .functor BUFZ 16, C4<zzzzzzzzzzzzzzzz>; HiZ drive
v0x555f34641050_5 .net v0x555f34641050 5, 15 0, o0x7f9f6f01c528; 0 drivers
o0x7f9f6f01c558 .functor BUFZ 16, C4<zzzzzzzzzzzzzzzz>; HiZ drive
v0x555f34641050_6 .net v0x555f34641050 6, 15 0, o0x7f9f6f01c558; 0 drivers
o0x7f9f6f01c588 .functor BUFZ 16, C4<zzzzzzzzzzzzzzzz>; HiZ drive
v0x555f34641050_7 .net v0x555f34641050 7, 15 0, o0x7f9f6f01c588; 0 drivers
o0x7f9f6f01c5b8 .functor BUFZ 16, C4<zzzzzzzzzzzzzzzz>; HiZ drive
v0x555f34641050_8 .net v0x555f34641050 8, 15 0, o0x7f9f6f01c5b8; 0 drivers
o0x7f9f6f01c5e8 .functor BUFZ 16, C4<zzzzzzzzzzzzzzzz>; HiZ drive
v0x555f34641050_9 .net v0x555f34641050 9, 15 0, o0x7f9f6f01c5e8; 0 drivers
o0x7f9f6f01c618 .functor BUFZ 16, C4<zzzzzzzzzzzzzzzz>; HiZ drive
v0x555f34641050_10 .net v0x555f34641050 10, 15 0, o0x7f9f6f01c618; 0 drivers
o0x7f9f6f01c648 .functor BUFZ 16, C4<zzzzzzzzzzzzzzzz>; HiZ drive
v0x555f34641050_11 .net v0x555f34641050 11, 15 0, o0x7f9f6f01c648; 0 drivers
o0x7f9f6f01c678 .functor BUFZ 16, C4<zzzzzzzzzzzzzzzz>; HiZ drive
v0x555f34641050_12 .net v0x555f34641050 12, 15 0, o0x7f9f6f01c678; 0 drivers
o0x7f9f6f01c6a8 .functor BUFZ 16, C4<zzzzzzzzzzzzzzzz>; HiZ drive
v0x555f34641050_13 .net v0x555f34641050 13, 15 0, o0x7f9f6f01c6a8; 0 drivers
o0x7f9f6f01c6d8 .functor BUFZ 16, C4<zzzzzzzzzzzzzzzz>; HiZ drive
v0x555f34641050_14 .net v0x555f34641050 14, 15 0, o0x7f9f6f01c6d8; 0 drivers
o0x7f9f6f01c708 .functor BUFZ 16, C4<zzzzzzzzzzzzzzzz>; HiZ drive
v0x555f34641050_15 .net v0x555f34641050 15, 15 0, o0x7f9f6f01c708; 0 drivers
o0x7f9f6f01c738 .functor BUFZ 16, C4<zzzzzzzzzzzzzzzz>; HiZ drive
v0x555f34641050_16 .net v0x555f34641050 16, 15 0, o0x7f9f6f01c738; 0 drivers
o0x7f9f6f01c768 .functor BUFZ 16, C4<zzzzzzzzzzzzzzzz>; HiZ drive
v0x555f34641050_17 .net v0x555f34641050 17, 15 0, o0x7f9f6f01c768; 0 drivers
o0x7f9f6f01c798 .functor BUFZ 16, C4<zzzzzzzzzzzzzzzz>; HiZ drive
v0x555f34641050_18 .net v0x555f34641050 18, 15 0, o0x7f9f6f01c798; 0 drivers
o0x7f9f6f01c7c8 .functor BUFZ 16, C4<zzzzzzzzzzzzzzzz>; HiZ drive
v0x555f34641050_19 .net v0x555f34641050 19, 15 0, o0x7f9f6f01c7c8; 0 drivers
o0x7f9f6f01c7f8 .functor BUFZ 16, C4<zzzzzzzzzzzzzzzz>; HiZ drive
v0x555f34641050_20 .net v0x555f34641050 20, 15 0, o0x7f9f6f01c7f8; 0 drivers
o0x7f9f6f01c828 .functor BUFZ 16, C4<zzzzzzzzzzzzzzzz>; HiZ drive
v0x555f34641050_21 .net v0x555f34641050 21, 15 0, o0x7f9f6f01c828; 0 drivers
o0x7f9f6f01c858 .functor BUFZ 16, C4<zzzzzzzzzzzzzzzz>; HiZ drive
v0x555f34641050_22 .net v0x555f34641050 22, 15 0, o0x7f9f6f01c858; 0 drivers
o0x7f9f6f01c888 .functor BUFZ 16, C4<zzzzzzzzzzzzzzzz>; HiZ drive
v0x555f34641050_23 .net v0x555f34641050 23, 15 0, o0x7f9f6f01c888; 0 drivers
o0x7f9f6f01c8b8 .functor BUFZ 16, C4<zzzzzzzzzzzzzzzz>; HiZ drive
v0x555f34641050_24 .net v0x555f34641050 24, 15 0, o0x7f9f6f01c8b8; 0 drivers
o0x7f9f6f01c8e8 .functor BUFZ 16, C4<zzzzzzzzzzzzzzzz>; HiZ drive
v0x555f34641050_25 .net v0x555f34641050 25, 15 0, o0x7f9f6f01c8e8; 0 drivers
o0x7f9f6f01c918 .functor BUFZ 16, C4<zzzzzzzzzzzzzzzz>; HiZ drive
v0x555f34641050_26 .net v0x555f34641050 26, 15 0, o0x7f9f6f01c918; 0 drivers
o0x7f9f6f01c948 .functor BUFZ 16, C4<zzzzzzzzzzzzzzzz>; HiZ drive
v0x555f34641050_27 .net v0x555f34641050 27, 15 0, o0x7f9f6f01c948; 0 drivers
o0x7f9f6f01c978 .functor BUFZ 16, C4<zzzzzzzzzzzzzzzz>; HiZ drive
v0x555f34641050_28 .net v0x555f34641050 28, 15 0, o0x7f9f6f01c978; 0 drivers
o0x7f9f6f01c9a8 .functor BUFZ 16, C4<zzzzzzzzzzzzzzzz>; HiZ drive
v0x555f34641050_29 .net v0x555f34641050 29, 15 0, o0x7f9f6f01c9a8; 0 drivers
o0x7f9f6f01c9d8 .functor BUFZ 16, C4<zzzzzzzzzzzzzzzz>; HiZ drive
v0x555f34641050_30 .net v0x555f34641050 30, 15 0, o0x7f9f6f01c9d8; 0 drivers
o0x7f9f6f01ca08 .functor BUFZ 16, C4<zzzzzzzzzzzzzzzz>; HiZ drive
v0x555f34641050_31 .net v0x555f34641050 31, 15 0, o0x7f9f6f01ca08; 0 drivers
o0x7f9f6f01ca38 .functor BUFZ 16, C4<zzzzzzzzzzzzzzzz>; HiZ drive
v0x555f34641050_32 .net v0x555f34641050 32, 15 0, o0x7f9f6f01ca38; 0 drivers
o0x7f9f6f01ca68 .functor BUFZ 16, C4<zzzzzzzzzzzzzzzz>; HiZ drive
v0x555f34641050_33 .net v0x555f34641050 33, 15 0, o0x7f9f6f01ca68; 0 drivers
o0x7f9f6f01ca98 .functor BUFZ 16, C4<zzzzzzzzzzzzzzzz>; HiZ drive
v0x555f34641050_34 .net v0x555f34641050 34, 15 0, o0x7f9f6f01ca98; 0 drivers
o0x7f9f6f01cac8 .functor BUFZ 16, C4<zzzzzzzzzzzzzzzz>; HiZ drive
v0x555f34641050_35 .net v0x555f34641050 35, 15 0, o0x7f9f6f01cac8; 0 drivers
o0x7f9f6f01caf8 .functor BUFZ 16, C4<zzzzzzzzzzzzzzzz>; HiZ drive
v0x555f34641050_36 .net v0x555f34641050 36, 15 0, o0x7f9f6f01caf8; 0 drivers
o0x7f9f6f01cb28 .functor BUFZ 16, C4<zzzzzzzzzzzzzzzz>; HiZ drive
v0x555f34641050_37 .net v0x555f34641050 37, 15 0, o0x7f9f6f01cb28; 0 drivers
o0x7f9f6f01cb58 .functor BUFZ 16, C4<zzzzzzzzzzzzzzzz>; HiZ drive
v0x555f34641050_38 .net v0x555f34641050 38, 15 0, o0x7f9f6f01cb58; 0 drivers
o0x7f9f6f01cb88 .functor BUFZ 16, C4<zzzzzzzzzzzzzzzz>; HiZ drive
v0x555f34641050_39 .net v0x555f34641050 39, 15 0, o0x7f9f6f01cb88; 0 drivers
o0x7f9f6f01cbb8 .functor BUFZ 16, C4<zzzzzzzzzzzzzzzz>; HiZ drive
v0x555f34641050_40 .net v0x555f34641050 40, 15 0, o0x7f9f6f01cbb8; 0 drivers
o0x7f9f6f01cbe8 .functor BUFZ 16, C4<zzzzzzzzzzzzzzzz>; HiZ drive
v0x555f34641050_41 .net v0x555f34641050 41, 15 0, o0x7f9f6f01cbe8; 0 drivers
o0x7f9f6f01cc18 .functor BUFZ 16, C4<zzzzzzzzzzzzzzzz>; HiZ drive
v0x555f34641050_42 .net v0x555f34641050 42, 15 0, o0x7f9f6f01cc18; 0 drivers
o0x7f9f6f01cc48 .functor BUFZ 16, C4<zzzzzzzzzzzzzzzz>; HiZ drive
v0x555f34641050_43 .net v0x555f34641050 43, 15 0, o0x7f9f6f01cc48; 0 drivers
o0x7f9f6f01cc78 .functor BUFZ 16, C4<zzzzzzzzzzzzzzzz>; HiZ drive
v0x555f34641050_44 .net v0x555f34641050 44, 15 0, o0x7f9f6f01cc78; 0 drivers
o0x7f9f6f01cca8 .functor BUFZ 16, C4<zzzzzzzzzzzzzzzz>; HiZ drive
v0x555f34641050_45 .net v0x555f34641050 45, 15 0, o0x7f9f6f01cca8; 0 drivers
o0x7f9f6f01ccd8 .functor BUFZ 16, C4<zzzzzzzzzzzzzzzz>; HiZ drive
v0x555f34641050_46 .net v0x555f34641050 46, 15 0, o0x7f9f6f01ccd8; 0 drivers
o0x7f9f6f01cd08 .functor BUFZ 16, C4<zzzzzzzzzzzzzzzz>; HiZ drive
v0x555f34641050_47 .net v0x555f34641050 47, 15 0, o0x7f9f6f01cd08; 0 drivers
o0x7f9f6f01cd38 .functor BUFZ 16, C4<zzzzzzzzzzzzzzzz>; HiZ drive
v0x555f34641050_48 .net v0x555f34641050 48, 15 0, o0x7f9f6f01cd38; 0 drivers
o0x7f9f6f01cd68 .functor BUFZ 16, C4<zzzzzzzzzzzzzzzz>; HiZ drive
v0x555f34641050_49 .net v0x555f34641050 49, 15 0, o0x7f9f6f01cd68; 0 drivers
o0x7f9f6f01cd98 .functor BUFZ 16, C4<zzzzzzzzzzzzzzzz>; HiZ drive
v0x555f34641050_50 .net v0x555f34641050 50, 15 0, o0x7f9f6f01cd98; 0 drivers
o0x7f9f6f01cdc8 .functor BUFZ 16, C4<zzzzzzzzzzzzzzzz>; HiZ drive
v0x555f34641050_51 .net v0x555f34641050 51, 15 0, o0x7f9f6f01cdc8; 0 drivers
o0x7f9f6f01cdf8 .functor BUFZ 16, C4<zzzzzzzzzzzzzzzz>; HiZ drive
v0x555f34641050_52 .net v0x555f34641050 52, 15 0, o0x7f9f6f01cdf8; 0 drivers
o0x7f9f6f01ce28 .functor BUFZ 16, C4<zzzzzzzzzzzzzzzz>; HiZ drive
v0x555f34641050_53 .net v0x555f34641050 53, 15 0, o0x7f9f6f01ce28; 0 drivers
o0x7f9f6f01ce58 .functor BUFZ 16, C4<zzzzzzzzzzzzzzzz>; HiZ drive
v0x555f34641050_54 .net v0x555f34641050 54, 15 0, o0x7f9f6f01ce58; 0 drivers
o0x7f9f6f01ce88 .functor BUFZ 16, C4<zzzzzzzzzzzzzzzz>; HiZ drive
v0x555f34641050_55 .net v0x555f34641050 55, 15 0, o0x7f9f6f01ce88; 0 drivers
o0x7f9f6f01ceb8 .functor BUFZ 16, C4<zzzzzzzzzzzzzzzz>; HiZ drive
v0x555f34641050_56 .net v0x555f34641050 56, 15 0, o0x7f9f6f01ceb8; 0 drivers
o0x7f9f6f01cee8 .functor BUFZ 16, C4<zzzzzzzzzzzzzzzz>; HiZ drive
v0x555f34641050_57 .net v0x555f34641050 57, 15 0, o0x7f9f6f01cee8; 0 drivers
o0x7f9f6f01cf18 .functor BUFZ 16, C4<zzzzzzzzzzzzzzzz>; HiZ drive
v0x555f34641050_58 .net v0x555f34641050 58, 15 0, o0x7f9f6f01cf18; 0 drivers
o0x7f9f6f01cf48 .functor BUFZ 16, C4<zzzzzzzzzzzzzzzz>; HiZ drive
v0x555f34641050_59 .net v0x555f34641050 59, 15 0, o0x7f9f6f01cf48; 0 drivers
o0x7f9f6f01cf78 .functor BUFZ 16, C4<zzzzzzzzzzzzzzzz>; HiZ drive
v0x555f34641050_60 .net v0x555f34641050 60, 15 0, o0x7f9f6f01cf78; 0 drivers
o0x7f9f6f01cfa8 .functor BUFZ 16, C4<zzzzzzzzzzzzzzzz>; HiZ drive
v0x555f34641050_61 .net v0x555f34641050 61, 15 0, o0x7f9f6f01cfa8; 0 drivers
o0x7f9f6f01cfd8 .functor BUFZ 16, C4<zzzzzzzzzzzzzzzz>; HiZ drive
v0x555f34641050_62 .net v0x555f34641050 62, 15 0, o0x7f9f6f01cfd8; 0 drivers
o0x7f9f6f01d008 .functor BUFZ 16, C4<zzzzzzzzzzzzzzzz>; HiZ drive
v0x555f34641050_63 .net v0x555f34641050 63, 15 0, o0x7f9f6f01d008; 0 drivers
o0x7f9f6f01d038 .functor BUFZ 16, C4<zzzzzzzzzzzzzzzz>; HiZ drive
v0x555f34641050_64 .net v0x555f34641050 64, 15 0, o0x7f9f6f01d038; 0 drivers
o0x7f9f6f01d068 .functor BUFZ 16, C4<zzzzzzzzzzzzzzzz>; HiZ drive
v0x555f34641050_65 .net v0x555f34641050 65, 15 0, o0x7f9f6f01d068; 0 drivers
o0x7f9f6f01d098 .functor BUFZ 16, C4<zzzzzzzzzzzzzzzz>; HiZ drive
v0x555f34641050_66 .net v0x555f34641050 66, 15 0, o0x7f9f6f01d098; 0 drivers
o0x7f9f6f01d0c8 .functor BUFZ 16, C4<zzzzzzzzzzzzzzzz>; HiZ drive
v0x555f34641050_67 .net v0x555f34641050 67, 15 0, o0x7f9f6f01d0c8; 0 drivers
o0x7f9f6f01d0f8 .functor BUFZ 16, C4<zzzzzzzzzzzzzzzz>; HiZ drive
v0x555f34641050_68 .net v0x555f34641050 68, 15 0, o0x7f9f6f01d0f8; 0 drivers
o0x7f9f6f01d128 .functor BUFZ 16, C4<zzzzzzzzzzzzzzzz>; HiZ drive
v0x555f34641050_69 .net v0x555f34641050 69, 15 0, o0x7f9f6f01d128; 0 drivers
o0x7f9f6f01d158 .functor BUFZ 16, C4<zzzzzzzzzzzzzzzz>; HiZ drive
v0x555f34641050_70 .net v0x555f34641050 70, 15 0, o0x7f9f6f01d158; 0 drivers
o0x7f9f6f01d188 .functor BUFZ 16, C4<zzzzzzzzzzzzzzzz>; HiZ drive
v0x555f34641050_71 .net v0x555f34641050 71, 15 0, o0x7f9f6f01d188; 0 drivers
o0x7f9f6f01d1b8 .functor BUFZ 16, C4<zzzzzzzzzzzzzzzz>; HiZ drive
v0x555f34641050_72 .net v0x555f34641050 72, 15 0, o0x7f9f6f01d1b8; 0 drivers
o0x7f9f6f01d1e8 .functor BUFZ 16, C4<zzzzzzzzzzzzzzzz>; HiZ drive
v0x555f34641050_73 .net v0x555f34641050 73, 15 0, o0x7f9f6f01d1e8; 0 drivers
o0x7f9f6f01d218 .functor BUFZ 16, C4<zzzzzzzzzzzzzzzz>; HiZ drive
v0x555f34641050_74 .net v0x555f34641050 74, 15 0, o0x7f9f6f01d218; 0 drivers
o0x7f9f6f01d248 .functor BUFZ 16, C4<zzzzzzzzzzzzzzzz>; HiZ drive
v0x555f34641050_75 .net v0x555f34641050 75, 15 0, o0x7f9f6f01d248; 0 drivers
o0x7f9f6f01d278 .functor BUFZ 16, C4<zzzzzzzzzzzzzzzz>; HiZ drive
v0x555f34641050_76 .net v0x555f34641050 76, 15 0, o0x7f9f6f01d278; 0 drivers
o0x7f9f6f01d2a8 .functor BUFZ 16, C4<zzzzzzzzzzzzzzzz>; HiZ drive
v0x555f34641050_77 .net v0x555f34641050 77, 15 0, o0x7f9f6f01d2a8; 0 drivers
o0x7f9f6f01d2d8 .functor BUFZ 16, C4<zzzzzzzzzzzzzzzz>; HiZ drive
v0x555f34641050_78 .net v0x555f34641050 78, 15 0, o0x7f9f6f01d2d8; 0 drivers
o0x7f9f6f01d308 .functor BUFZ 16, C4<zzzzzzzzzzzzzzzz>; HiZ drive
v0x555f34641050_79 .net v0x555f34641050 79, 15 0, o0x7f9f6f01d308; 0 drivers
o0x7f9f6f01d338 .functor BUFZ 16, C4<zzzzzzzzzzzzzzzz>; HiZ drive
v0x555f34641050_80 .net v0x555f34641050 80, 15 0, o0x7f9f6f01d338; 0 drivers
o0x7f9f6f01d368 .functor BUFZ 16, C4<zzzzzzzzzzzzzzzz>; HiZ drive
v0x555f34641050_81 .net v0x555f34641050 81, 15 0, o0x7f9f6f01d368; 0 drivers
o0x7f9f6f01d398 .functor BUFZ 16, C4<zzzzzzzzzzzzzzzz>; HiZ drive
v0x555f34641050_82 .net v0x555f34641050 82, 15 0, o0x7f9f6f01d398; 0 drivers
o0x7f9f6f01d3c8 .functor BUFZ 16, C4<zzzzzzzzzzzzzzzz>; HiZ drive
v0x555f34641050_83 .net v0x555f34641050 83, 15 0, o0x7f9f6f01d3c8; 0 drivers
o0x7f9f6f01d3f8 .functor BUFZ 16, C4<zzzzzzzzzzzzzzzz>; HiZ drive
v0x555f34641050_84 .net v0x555f34641050 84, 15 0, o0x7f9f6f01d3f8; 0 drivers
o0x7f9f6f01d428 .functor BUFZ 16, C4<zzzzzzzzzzzzzzzz>; HiZ drive
v0x555f34641050_85 .net v0x555f34641050 85, 15 0, o0x7f9f6f01d428; 0 drivers
o0x7f9f6f01d458 .functor BUFZ 16, C4<zzzzzzzzzzzzzzzz>; HiZ drive
v0x555f34641050_86 .net v0x555f34641050 86, 15 0, o0x7f9f6f01d458; 0 drivers
o0x7f9f6f01d488 .functor BUFZ 16, C4<zzzzzzzzzzzzzzzz>; HiZ drive
v0x555f34641050_87 .net v0x555f34641050 87, 15 0, o0x7f9f6f01d488; 0 drivers
o0x7f9f6f01d4b8 .functor BUFZ 16, C4<zzzzzzzzzzzzzzzz>; HiZ drive
v0x555f34641050_88 .net v0x555f34641050 88, 15 0, o0x7f9f6f01d4b8; 0 drivers
o0x7f9f6f01d4e8 .functor BUFZ 16, C4<zzzzzzzzzzzzzzzz>; HiZ drive
v0x555f34641050_89 .net v0x555f34641050 89, 15 0, o0x7f9f6f01d4e8; 0 drivers
o0x7f9f6f01d518 .functor BUFZ 16, C4<zzzzzzzzzzzzzzzz>; HiZ drive
v0x555f34641050_90 .net v0x555f34641050 90, 15 0, o0x7f9f6f01d518; 0 drivers
o0x7f9f6f01d548 .functor BUFZ 16, C4<zzzzzzzzzzzzzzzz>; HiZ drive
v0x555f34641050_91 .net v0x555f34641050 91, 15 0, o0x7f9f6f01d548; 0 drivers
o0x7f9f6f01d578 .functor BUFZ 16, C4<zzzzzzzzzzzzzzzz>; HiZ drive
v0x555f34641050_92 .net v0x555f34641050 92, 15 0, o0x7f9f6f01d578; 0 drivers
o0x7f9f6f01d5a8 .functor BUFZ 16, C4<zzzzzzzzzzzzzzzz>; HiZ drive
v0x555f34641050_93 .net v0x555f34641050 93, 15 0, o0x7f9f6f01d5a8; 0 drivers
o0x7f9f6f01d5d8 .functor BUFZ 16, C4<zzzzzzzzzzzzzzzz>; HiZ drive
v0x555f34641050_94 .net v0x555f34641050 94, 15 0, o0x7f9f6f01d5d8; 0 drivers
o0x7f9f6f01d608 .functor BUFZ 16, C4<zzzzzzzzzzzzzzzz>; HiZ drive
v0x555f34641050_95 .net v0x555f34641050 95, 15 0, o0x7f9f6f01d608; 0 drivers
o0x7f9f6f01d638 .functor BUFZ 16, C4<zzzzzzzzzzzzzzzz>; HiZ drive
v0x555f34641050_96 .net v0x555f34641050 96, 15 0, o0x7f9f6f01d638; 0 drivers
o0x7f9f6f01d668 .functor BUFZ 16, C4<zzzzzzzzzzzzzzzz>; HiZ drive
v0x555f34641050_97 .net v0x555f34641050 97, 15 0, o0x7f9f6f01d668; 0 drivers
o0x7f9f6f01d698 .functor BUFZ 16, C4<zzzzzzzzzzzzzzzz>; HiZ drive
v0x555f34641050_98 .net v0x555f34641050 98, 15 0, o0x7f9f6f01d698; 0 drivers
o0x7f9f6f01d6c8 .functor BUFZ 16, C4<zzzzzzzzzzzzzzzz>; HiZ drive
v0x555f34641050_99 .net v0x555f34641050 99, 15 0, o0x7f9f6f01d6c8; 0 drivers
o0x7f9f6f01d6f8 .functor BUFZ 16, C4<zzzzzzzzzzzzzzzz>; HiZ drive
v0x555f34641050_100 .net v0x555f34641050 100, 15 0, o0x7f9f6f01d6f8; 0 drivers
o0x7f9f6f01d728 .functor BUFZ 16, C4<zzzzzzzzzzzzzzzz>; HiZ drive
v0x555f34641050_101 .net v0x555f34641050 101, 15 0, o0x7f9f6f01d728; 0 drivers
o0x7f9f6f01d758 .functor BUFZ 16, C4<zzzzzzzzzzzzzzzz>; HiZ drive
v0x555f34641050_102 .net v0x555f34641050 102, 15 0, o0x7f9f6f01d758; 0 drivers
o0x7f9f6f01d788 .functor BUFZ 16, C4<zzzzzzzzzzzzzzzz>; HiZ drive
v0x555f34641050_103 .net v0x555f34641050 103, 15 0, o0x7f9f6f01d788; 0 drivers
o0x7f9f6f01d7b8 .functor BUFZ 16, C4<zzzzzzzzzzzzzzzz>; HiZ drive
v0x555f34641050_104 .net v0x555f34641050 104, 15 0, o0x7f9f6f01d7b8; 0 drivers
o0x7f9f6f01d7e8 .functor BUFZ 16, C4<zzzzzzzzzzzzzzzz>; HiZ drive
v0x555f34641050_105 .net v0x555f34641050 105, 15 0, o0x7f9f6f01d7e8; 0 drivers
o0x7f9f6f01d818 .functor BUFZ 16, C4<zzzzzzzzzzzzzzzz>; HiZ drive
v0x555f34641050_106 .net v0x555f34641050 106, 15 0, o0x7f9f6f01d818; 0 drivers
o0x7f9f6f01d848 .functor BUFZ 16, C4<zzzzzzzzzzzzzzzz>; HiZ drive
v0x555f34641050_107 .net v0x555f34641050 107, 15 0, o0x7f9f6f01d848; 0 drivers
o0x7f9f6f01d878 .functor BUFZ 16, C4<zzzzzzzzzzzzzzzz>; HiZ drive
v0x555f34641050_108 .net v0x555f34641050 108, 15 0, o0x7f9f6f01d878; 0 drivers
o0x7f9f6f01d8a8 .functor BUFZ 16, C4<zzzzzzzzzzzzzzzz>; HiZ drive
v0x555f34641050_109 .net v0x555f34641050 109, 15 0, o0x7f9f6f01d8a8; 0 drivers
o0x7f9f6f01d8d8 .functor BUFZ 16, C4<zzzzzzzzzzzzzzzz>; HiZ drive
v0x555f34641050_110 .net v0x555f34641050 110, 15 0, o0x7f9f6f01d8d8; 0 drivers
o0x7f9f6f01d908 .functor BUFZ 16, C4<zzzzzzzzzzzzzzzz>; HiZ drive
v0x555f34641050_111 .net v0x555f34641050 111, 15 0, o0x7f9f6f01d908; 0 drivers
o0x7f9f6f01d938 .functor BUFZ 16, C4<zzzzzzzzzzzzzzzz>; HiZ drive
v0x555f34641050_112 .net v0x555f34641050 112, 15 0, o0x7f9f6f01d938; 0 drivers
o0x7f9f6f01d968 .functor BUFZ 16, C4<zzzzzzzzzzzzzzzz>; HiZ drive
v0x555f34641050_113 .net v0x555f34641050 113, 15 0, o0x7f9f6f01d968; 0 drivers
o0x7f9f6f01d998 .functor BUFZ 16, C4<zzzzzzzzzzzzzzzz>; HiZ drive
v0x555f34641050_114 .net v0x555f34641050 114, 15 0, o0x7f9f6f01d998; 0 drivers
o0x7f9f6f01d9c8 .functor BUFZ 16, C4<zzzzzzzzzzzzzzzz>; HiZ drive
v0x555f34641050_115 .net v0x555f34641050 115, 15 0, o0x7f9f6f01d9c8; 0 drivers
o0x7f9f6f01d9f8 .functor BUFZ 16, C4<zzzzzzzzzzzzzzzz>; HiZ drive
v0x555f34641050_116 .net v0x555f34641050 116, 15 0, o0x7f9f6f01d9f8; 0 drivers
o0x7f9f6f01da28 .functor BUFZ 16, C4<zzzzzzzzzzzzzzzz>; HiZ drive
v0x555f34641050_117 .net v0x555f34641050 117, 15 0, o0x7f9f6f01da28; 0 drivers
o0x7f9f6f01da58 .functor BUFZ 16, C4<zzzzzzzzzzzzzzzz>; HiZ drive
v0x555f34641050_118 .net v0x555f34641050 118, 15 0, o0x7f9f6f01da58; 0 drivers
o0x7f9f6f01da88 .functor BUFZ 16, C4<zzzzzzzzzzzzzzzz>; HiZ drive
v0x555f34641050_119 .net v0x555f34641050 119, 15 0, o0x7f9f6f01da88; 0 drivers
o0x7f9f6f01dab8 .functor BUFZ 16, C4<zzzzzzzzzzzzzzzz>; HiZ drive
v0x555f34641050_120 .net v0x555f34641050 120, 15 0, o0x7f9f6f01dab8; 0 drivers
o0x7f9f6f01dae8 .functor BUFZ 16, C4<zzzzzzzzzzzzzzzz>; HiZ drive
v0x555f34641050_121 .net v0x555f34641050 121, 15 0, o0x7f9f6f01dae8; 0 drivers
o0x7f9f6f01db18 .functor BUFZ 16, C4<zzzzzzzzzzzzzzzz>; HiZ drive
v0x555f34641050_122 .net v0x555f34641050 122, 15 0, o0x7f9f6f01db18; 0 drivers
o0x7f9f6f01db48 .functor BUFZ 16, C4<zzzzzzzzzzzzzzzz>; HiZ drive
v0x555f34641050_123 .net v0x555f34641050 123, 15 0, o0x7f9f6f01db48; 0 drivers
o0x7f9f6f01db78 .functor BUFZ 16, C4<zzzzzzzzzzzzzzzz>; HiZ drive
v0x555f34641050_124 .net v0x555f34641050 124, 15 0, o0x7f9f6f01db78; 0 drivers
o0x7f9f6f01dba8 .functor BUFZ 16, C4<zzzzzzzzzzzzzzzz>; HiZ drive
v0x555f34641050_125 .net v0x555f34641050 125, 15 0, o0x7f9f6f01dba8; 0 drivers
o0x7f9f6f01dbd8 .functor BUFZ 16, C4<zzzzzzzzzzzzzzzz>; HiZ drive
v0x555f34641050_126 .net v0x555f34641050 126, 15 0, o0x7f9f6f01dbd8; 0 drivers
o0x7f9f6f01dc08 .functor BUFZ 16, C4<zzzzzzzzzzzzzzzz>; HiZ drive
v0x555f34641050_127 .net v0x555f34641050 127, 15 0, o0x7f9f6f01dc08; 0 drivers
o0x7f9f6f01dc38 .functor BUFZ 16, C4<zzzzzzzzzzzzzzzz>; HiZ drive
v0x555f34641050_128 .net v0x555f34641050 128, 15 0, o0x7f9f6f01dc38; 0 drivers
o0x7f9f6f01dc68 .functor BUFZ 16, C4<zzzzzzzzzzzzzzzz>; HiZ drive
v0x555f34641050_129 .net v0x555f34641050 129, 15 0, o0x7f9f6f01dc68; 0 drivers
o0x7f9f6f01dc98 .functor BUFZ 16, C4<zzzzzzzzzzzzzzzz>; HiZ drive
v0x555f34641050_130 .net v0x555f34641050 130, 15 0, o0x7f9f6f01dc98; 0 drivers
o0x7f9f6f01dcc8 .functor BUFZ 16, C4<zzzzzzzzzzzzzzzz>; HiZ drive
v0x555f34641050_131 .net v0x555f34641050 131, 15 0, o0x7f9f6f01dcc8; 0 drivers
o0x7f9f6f01dcf8 .functor BUFZ 16, C4<zzzzzzzzzzzzzzzz>; HiZ drive
v0x555f34641050_132 .net v0x555f34641050 132, 15 0, o0x7f9f6f01dcf8; 0 drivers
o0x7f9f6f01dd28 .functor BUFZ 16, C4<zzzzzzzzzzzzzzzz>; HiZ drive
v0x555f34641050_133 .net v0x555f34641050 133, 15 0, o0x7f9f6f01dd28; 0 drivers
o0x7f9f6f01dd58 .functor BUFZ 16, C4<zzzzzzzzzzzzzzzz>; HiZ drive
v0x555f34641050_134 .net v0x555f34641050 134, 15 0, o0x7f9f6f01dd58; 0 drivers
o0x7f9f6f01dd88 .functor BUFZ 16, C4<zzzzzzzzzzzzzzzz>; HiZ drive
v0x555f34641050_135 .net v0x555f34641050 135, 15 0, o0x7f9f6f01dd88; 0 drivers
o0x7f9f6f01ddb8 .functor BUFZ 16, C4<zzzzzzzzzzzzzzzz>; HiZ drive
v0x555f34641050_136 .net v0x555f34641050 136, 15 0, o0x7f9f6f01ddb8; 0 drivers
o0x7f9f6f01dde8 .functor BUFZ 16, C4<zzzzzzzzzzzzzzzz>; HiZ drive
v0x555f34641050_137 .net v0x555f34641050 137, 15 0, o0x7f9f6f01dde8; 0 drivers
o0x7f9f6f01de18 .functor BUFZ 16, C4<zzzzzzzzzzzzzzzz>; HiZ drive
v0x555f34641050_138 .net v0x555f34641050 138, 15 0, o0x7f9f6f01de18; 0 drivers
o0x7f9f6f01de48 .functor BUFZ 16, C4<zzzzzzzzzzzzzzzz>; HiZ drive
v0x555f34641050_139 .net v0x555f34641050 139, 15 0, o0x7f9f6f01de48; 0 drivers
o0x7f9f6f01de78 .functor BUFZ 16, C4<zzzzzzzzzzzzzzzz>; HiZ drive
v0x555f34641050_140 .net v0x555f34641050 140, 15 0, o0x7f9f6f01de78; 0 drivers
o0x7f9f6f01dea8 .functor BUFZ 16, C4<zzzzzzzzzzzzzzzz>; HiZ drive
v0x555f34641050_141 .net v0x555f34641050 141, 15 0, o0x7f9f6f01dea8; 0 drivers
o0x7f9f6f01ded8 .functor BUFZ 16, C4<zzzzzzzzzzzzzzzz>; HiZ drive
v0x555f34641050_142 .net v0x555f34641050 142, 15 0, o0x7f9f6f01ded8; 0 drivers
o0x7f9f6f01df08 .functor BUFZ 16, C4<zzzzzzzzzzzzzzzz>; HiZ drive
v0x555f34641050_143 .net v0x555f34641050 143, 15 0, o0x7f9f6f01df08; 0 drivers
o0x7f9f6f01df38 .functor BUFZ 16, C4<zzzzzzzzzzzzzzzz>; HiZ drive
v0x555f34641050_144 .net v0x555f34641050 144, 15 0, o0x7f9f6f01df38; 0 drivers
o0x7f9f6f01df68 .functor BUFZ 16, C4<zzzzzzzzzzzzzzzz>; HiZ drive
v0x555f34641050_145 .net v0x555f34641050 145, 15 0, o0x7f9f6f01df68; 0 drivers
o0x7f9f6f01df98 .functor BUFZ 16, C4<zzzzzzzzzzzzzzzz>; HiZ drive
v0x555f34641050_146 .net v0x555f34641050 146, 15 0, o0x7f9f6f01df98; 0 drivers
o0x7f9f6f01dfc8 .functor BUFZ 16, C4<zzzzzzzzzzzzzzzz>; HiZ drive
v0x555f34641050_147 .net v0x555f34641050 147, 15 0, o0x7f9f6f01dfc8; 0 drivers
o0x7f9f6f01dff8 .functor BUFZ 16, C4<zzzzzzzzzzzzzzzz>; HiZ drive
v0x555f34641050_148 .net v0x555f34641050 148, 15 0, o0x7f9f6f01dff8; 0 drivers
o0x7f9f6f01e028 .functor BUFZ 16, C4<zzzzzzzzzzzzzzzz>; HiZ drive
v0x555f34641050_149 .net v0x555f34641050 149, 15 0, o0x7f9f6f01e028; 0 drivers
o0x7f9f6f01e058 .functor BUFZ 16, C4<zzzzzzzzzzzzzzzz>; HiZ drive
v0x555f34641050_150 .net v0x555f34641050 150, 15 0, o0x7f9f6f01e058; 0 drivers
o0x7f9f6f01e088 .functor BUFZ 16, C4<zzzzzzzzzzzzzzzz>; HiZ drive
v0x555f34641050_151 .net v0x555f34641050 151, 15 0, o0x7f9f6f01e088; 0 drivers
o0x7f9f6f01e0b8 .functor BUFZ 16, C4<zzzzzzzzzzzzzzzz>; HiZ drive
v0x555f34641050_152 .net v0x555f34641050 152, 15 0, o0x7f9f6f01e0b8; 0 drivers
o0x7f9f6f01e0e8 .functor BUFZ 16, C4<zzzzzzzzzzzzzzzz>; HiZ drive
v0x555f34641050_153 .net v0x555f34641050 153, 15 0, o0x7f9f6f01e0e8; 0 drivers
o0x7f9f6f01e118 .functor BUFZ 16, C4<zzzzzzzzzzzzzzzz>; HiZ drive
v0x555f34641050_154 .net v0x555f34641050 154, 15 0, o0x7f9f6f01e118; 0 drivers
o0x7f9f6f01e148 .functor BUFZ 16, C4<zzzzzzzzzzzzzzzz>; HiZ drive
v0x555f34641050_155 .net v0x555f34641050 155, 15 0, o0x7f9f6f01e148; 0 drivers
o0x7f9f6f01e178 .functor BUFZ 16, C4<zzzzzzzzzzzzzzzz>; HiZ drive
v0x555f34641050_156 .net v0x555f34641050 156, 15 0, o0x7f9f6f01e178; 0 drivers
o0x7f9f6f01e1a8 .functor BUFZ 16, C4<zzzzzzzzzzzzzzzz>; HiZ drive
v0x555f34641050_157 .net v0x555f34641050 157, 15 0, o0x7f9f6f01e1a8; 0 drivers
o0x7f9f6f01e1d8 .functor BUFZ 16, C4<zzzzzzzzzzzzzzzz>; HiZ drive
v0x555f34641050_158 .net v0x555f34641050 158, 15 0, o0x7f9f6f01e1d8; 0 drivers
o0x7f9f6f01e208 .functor BUFZ 16, C4<zzzzzzzzzzzzzzzz>; HiZ drive
v0x555f34641050_159 .net v0x555f34641050 159, 15 0, o0x7f9f6f01e208; 0 drivers
o0x7f9f6f01e238 .functor BUFZ 16, C4<zzzzzzzzzzzzzzzz>; HiZ drive
v0x555f34641050_160 .net v0x555f34641050 160, 15 0, o0x7f9f6f01e238; 0 drivers
o0x7f9f6f01e268 .functor BUFZ 16, C4<zzzzzzzzzzzzzzzz>; HiZ drive
v0x555f34641050_161 .net v0x555f34641050 161, 15 0, o0x7f9f6f01e268; 0 drivers
o0x7f9f6f01e298 .functor BUFZ 16, C4<zzzzzzzzzzzzzzzz>; HiZ drive
v0x555f34641050_162 .net v0x555f34641050 162, 15 0, o0x7f9f6f01e298; 0 drivers
o0x7f9f6f01e2c8 .functor BUFZ 16, C4<zzzzzzzzzzzzzzzz>; HiZ drive
v0x555f34641050_163 .net v0x555f34641050 163, 15 0, o0x7f9f6f01e2c8; 0 drivers
o0x7f9f6f01e2f8 .functor BUFZ 16, C4<zzzzzzzzzzzzzzzz>; HiZ drive
v0x555f34641050_164 .net v0x555f34641050 164, 15 0, o0x7f9f6f01e2f8; 0 drivers
o0x7f9f6f01e328 .functor BUFZ 16, C4<zzzzzzzzzzzzzzzz>; HiZ drive
v0x555f34641050_165 .net v0x555f34641050 165, 15 0, o0x7f9f6f01e328; 0 drivers
o0x7f9f6f01e358 .functor BUFZ 16, C4<zzzzzzzzzzzzzzzz>; HiZ drive
v0x555f34641050_166 .net v0x555f34641050 166, 15 0, o0x7f9f6f01e358; 0 drivers
o0x7f9f6f01e388 .functor BUFZ 16, C4<zzzzzzzzzzzzzzzz>; HiZ drive
v0x555f34641050_167 .net v0x555f34641050 167, 15 0, o0x7f9f6f01e388; 0 drivers
o0x7f9f6f01e3b8 .functor BUFZ 16, C4<zzzzzzzzzzzzzzzz>; HiZ drive
v0x555f34641050_168 .net v0x555f34641050 168, 15 0, o0x7f9f6f01e3b8; 0 drivers
o0x7f9f6f01e3e8 .functor BUFZ 16, C4<zzzzzzzzzzzzzzzz>; HiZ drive
v0x555f34641050_169 .net v0x555f34641050 169, 15 0, o0x7f9f6f01e3e8; 0 drivers
o0x7f9f6f01e418 .functor BUFZ 16, C4<zzzzzzzzzzzzzzzz>; HiZ drive
v0x555f34641050_170 .net v0x555f34641050 170, 15 0, o0x7f9f6f01e418; 0 drivers
o0x7f9f6f01e448 .functor BUFZ 16, C4<zzzzzzzzzzzzzzzz>; HiZ drive
v0x555f34641050_171 .net v0x555f34641050 171, 15 0, o0x7f9f6f01e448; 0 drivers
o0x7f9f6f01e478 .functor BUFZ 16, C4<zzzzzzzzzzzzzzzz>; HiZ drive
v0x555f34641050_172 .net v0x555f34641050 172, 15 0, o0x7f9f6f01e478; 0 drivers
o0x7f9f6f01e4a8 .functor BUFZ 16, C4<zzzzzzzzzzzzzzzz>; HiZ drive
v0x555f34641050_173 .net v0x555f34641050 173, 15 0, o0x7f9f6f01e4a8; 0 drivers
o0x7f9f6f01e4d8 .functor BUFZ 16, C4<zzzzzzzzzzzzzzzz>; HiZ drive
v0x555f34641050_174 .net v0x555f34641050 174, 15 0, o0x7f9f6f01e4d8; 0 drivers
o0x7f9f6f01e508 .functor BUFZ 16, C4<zzzzzzzzzzzzzzzz>; HiZ drive
v0x555f34641050_175 .net v0x555f34641050 175, 15 0, o0x7f9f6f01e508; 0 drivers
o0x7f9f6f01e538 .functor BUFZ 16, C4<zzzzzzzzzzzzzzzz>; HiZ drive
v0x555f34641050_176 .net v0x555f34641050 176, 15 0, o0x7f9f6f01e538; 0 drivers
o0x7f9f6f01e568 .functor BUFZ 16, C4<zzzzzzzzzzzzzzzz>; HiZ drive
v0x555f34641050_177 .net v0x555f34641050 177, 15 0, o0x7f9f6f01e568; 0 drivers
o0x7f9f6f01e598 .functor BUFZ 16, C4<zzzzzzzzzzzzzzzz>; HiZ drive
v0x555f34641050_178 .net v0x555f34641050 178, 15 0, o0x7f9f6f01e598; 0 drivers
o0x7f9f6f01e5c8 .functor BUFZ 16, C4<zzzzzzzzzzzzzzzz>; HiZ drive
v0x555f34641050_179 .net v0x555f34641050 179, 15 0, o0x7f9f6f01e5c8; 0 drivers
o0x7f9f6f01e5f8 .functor BUFZ 16, C4<zzzzzzzzzzzzzzzz>; HiZ drive
v0x555f34641050_180 .net v0x555f34641050 180, 15 0, o0x7f9f6f01e5f8; 0 drivers
o0x7f9f6f01e628 .functor BUFZ 16, C4<zzzzzzzzzzzzzzzz>; HiZ drive
v0x555f34641050_181 .net v0x555f34641050 181, 15 0, o0x7f9f6f01e628; 0 drivers
o0x7f9f6f01e658 .functor BUFZ 16, C4<zzzzzzzzzzzzzzzz>; HiZ drive
v0x555f34641050_182 .net v0x555f34641050 182, 15 0, o0x7f9f6f01e658; 0 drivers
o0x7f9f6f01e688 .functor BUFZ 16, C4<zzzzzzzzzzzzzzzz>; HiZ drive
v0x555f34641050_183 .net v0x555f34641050 183, 15 0, o0x7f9f6f01e688; 0 drivers
o0x7f9f6f01e6b8 .functor BUFZ 16, C4<zzzzzzzzzzzzzzzz>; HiZ drive
v0x555f34641050_184 .net v0x555f34641050 184, 15 0, o0x7f9f6f01e6b8; 0 drivers
o0x7f9f6f01e6e8 .functor BUFZ 16, C4<zzzzzzzzzzzzzzzz>; HiZ drive
v0x555f34641050_185 .net v0x555f34641050 185, 15 0, o0x7f9f6f01e6e8; 0 drivers
o0x7f9f6f01e718 .functor BUFZ 16, C4<zzzzzzzzzzzzzzzz>; HiZ drive
v0x555f34641050_186 .net v0x555f34641050 186, 15 0, o0x7f9f6f01e718; 0 drivers
o0x7f9f6f01e748 .functor BUFZ 16, C4<zzzzzzzzzzzzzzzz>; HiZ drive
v0x555f34641050_187 .net v0x555f34641050 187, 15 0, o0x7f9f6f01e748; 0 drivers
o0x7f9f6f01e778 .functor BUFZ 16, C4<zzzzzzzzzzzzzzzz>; HiZ drive
v0x555f34641050_188 .net v0x555f34641050 188, 15 0, o0x7f9f6f01e778; 0 drivers
o0x7f9f6f01e7a8 .functor BUFZ 16, C4<zzzzzzzzzzzzzzzz>; HiZ drive
v0x555f34641050_189 .net v0x555f34641050 189, 15 0, o0x7f9f6f01e7a8; 0 drivers
o0x7f9f6f01e7d8 .functor BUFZ 16, C4<zzzzzzzzzzzzzzzz>; HiZ drive
v0x555f34641050_190 .net v0x555f34641050 190, 15 0, o0x7f9f6f01e7d8; 0 drivers
o0x7f9f6f01e808 .functor BUFZ 16, C4<zzzzzzzzzzzzzzzz>; HiZ drive
v0x555f34641050_191 .net v0x555f34641050 191, 15 0, o0x7f9f6f01e808; 0 drivers
o0x7f9f6f01e838 .functor BUFZ 16, C4<zzzzzzzzzzzzzzzz>; HiZ drive
v0x555f34641050_192 .net v0x555f34641050 192, 15 0, o0x7f9f6f01e838; 0 drivers
o0x7f9f6f01e868 .functor BUFZ 16, C4<zzzzzzzzzzzzzzzz>; HiZ drive
v0x555f34641050_193 .net v0x555f34641050 193, 15 0, o0x7f9f6f01e868; 0 drivers
o0x7f9f6f01e898 .functor BUFZ 16, C4<zzzzzzzzzzzzzzzz>; HiZ drive
v0x555f34641050_194 .net v0x555f34641050 194, 15 0, o0x7f9f6f01e898; 0 drivers
o0x7f9f6f01e8c8 .functor BUFZ 16, C4<zzzzzzzzzzzzzzzz>; HiZ drive
v0x555f34641050_195 .net v0x555f34641050 195, 15 0, o0x7f9f6f01e8c8; 0 drivers
o0x7f9f6f01e8f8 .functor BUFZ 16, C4<zzzzzzzzzzzzzzzz>; HiZ drive
v0x555f34641050_196 .net v0x555f34641050 196, 15 0, o0x7f9f6f01e8f8; 0 drivers
o0x7f9f6f01e928 .functor BUFZ 16, C4<zzzzzzzzzzzzzzzz>; HiZ drive
v0x555f34641050_197 .net v0x555f34641050 197, 15 0, o0x7f9f6f01e928; 0 drivers
o0x7f9f6f01e958 .functor BUFZ 16, C4<zzzzzzzzzzzzzzzz>; HiZ drive
v0x555f34641050_198 .net v0x555f34641050 198, 15 0, o0x7f9f6f01e958; 0 drivers
o0x7f9f6f01e988 .functor BUFZ 16, C4<zzzzzzzzzzzzzzzz>; HiZ drive
v0x555f34641050_199 .net v0x555f34641050 199, 15 0, o0x7f9f6f01e988; 0 drivers
o0x7f9f6f01e9b8 .functor BUFZ 16, C4<zzzzzzzzzzzzzzzz>; HiZ drive
v0x555f34641050_200 .net v0x555f34641050 200, 15 0, o0x7f9f6f01e9b8; 0 drivers
o0x7f9f6f01e9e8 .functor BUFZ 16, C4<zzzzzzzzzzzzzzzz>; HiZ drive
v0x555f34641050_201 .net v0x555f34641050 201, 15 0, o0x7f9f6f01e9e8; 0 drivers
o0x7f9f6f01ea18 .functor BUFZ 16, C4<zzzzzzzzzzzzzzzz>; HiZ drive
v0x555f34641050_202 .net v0x555f34641050 202, 15 0, o0x7f9f6f01ea18; 0 drivers
o0x7f9f6f01ea48 .functor BUFZ 16, C4<zzzzzzzzzzzzzzzz>; HiZ drive
v0x555f34641050_203 .net v0x555f34641050 203, 15 0, o0x7f9f6f01ea48; 0 drivers
o0x7f9f6f01ea78 .functor BUFZ 16, C4<zzzzzzzzzzzzzzzz>; HiZ drive
v0x555f34641050_204 .net v0x555f34641050 204, 15 0, o0x7f9f6f01ea78; 0 drivers
o0x7f9f6f01eaa8 .functor BUFZ 16, C4<zzzzzzzzzzzzzzzz>; HiZ drive
v0x555f34641050_205 .net v0x555f34641050 205, 15 0, o0x7f9f6f01eaa8; 0 drivers
o0x7f9f6f01ead8 .functor BUFZ 16, C4<zzzzzzzzzzzzzzzz>; HiZ drive
v0x555f34641050_206 .net v0x555f34641050 206, 15 0, o0x7f9f6f01ead8; 0 drivers
o0x7f9f6f01eb08 .functor BUFZ 16, C4<zzzzzzzzzzzzzzzz>; HiZ drive
v0x555f34641050_207 .net v0x555f34641050 207, 15 0, o0x7f9f6f01eb08; 0 drivers
o0x7f9f6f01eb38 .functor BUFZ 16, C4<zzzzzzzzzzzzzzzz>; HiZ drive
v0x555f34641050_208 .net v0x555f34641050 208, 15 0, o0x7f9f6f01eb38; 0 drivers
o0x7f9f6f01eb68 .functor BUFZ 16, C4<zzzzzzzzzzzzzzzz>; HiZ drive
v0x555f34641050_209 .net v0x555f34641050 209, 15 0, o0x7f9f6f01eb68; 0 drivers
o0x7f9f6f01eb98 .functor BUFZ 16, C4<zzzzzzzzzzzzzzzz>; HiZ drive
v0x555f34641050_210 .net v0x555f34641050 210, 15 0, o0x7f9f6f01eb98; 0 drivers
o0x7f9f6f01ebc8 .functor BUFZ 16, C4<zzzzzzzzzzzzzzzz>; HiZ drive
v0x555f34641050_211 .net v0x555f34641050 211, 15 0, o0x7f9f6f01ebc8; 0 drivers
o0x7f9f6f01ebf8 .functor BUFZ 16, C4<zzzzzzzzzzzzzzzz>; HiZ drive
v0x555f34641050_212 .net v0x555f34641050 212, 15 0, o0x7f9f6f01ebf8; 0 drivers
o0x7f9f6f01ec28 .functor BUFZ 16, C4<zzzzzzzzzzzzzzzz>; HiZ drive
v0x555f34641050_213 .net v0x555f34641050 213, 15 0, o0x7f9f6f01ec28; 0 drivers
o0x7f9f6f01ec58 .functor BUFZ 16, C4<zzzzzzzzzzzzzzzz>; HiZ drive
v0x555f34641050_214 .net v0x555f34641050 214, 15 0, o0x7f9f6f01ec58; 0 drivers
o0x7f9f6f01ec88 .functor BUFZ 16, C4<zzzzzzzzzzzzzzzz>; HiZ drive
v0x555f34641050_215 .net v0x555f34641050 215, 15 0, o0x7f9f6f01ec88; 0 drivers
o0x7f9f6f01ecb8 .functor BUFZ 16, C4<zzzzzzzzzzzzzzzz>; HiZ drive
v0x555f34641050_216 .net v0x555f34641050 216, 15 0, o0x7f9f6f01ecb8; 0 drivers
o0x7f9f6f01ece8 .functor BUFZ 16, C4<zzzzzzzzzzzzzzzz>; HiZ drive
v0x555f34641050_217 .net v0x555f34641050 217, 15 0, o0x7f9f6f01ece8; 0 drivers
o0x7f9f6f01ed18 .functor BUFZ 16, C4<zzzzzzzzzzzzzzzz>; HiZ drive
v0x555f34641050_218 .net v0x555f34641050 218, 15 0, o0x7f9f6f01ed18; 0 drivers
o0x7f9f6f01ed48 .functor BUFZ 16, C4<zzzzzzzzzzzzzzzz>; HiZ drive
v0x555f34641050_219 .net v0x555f34641050 219, 15 0, o0x7f9f6f01ed48; 0 drivers
o0x7f9f6f01ed78 .functor BUFZ 16, C4<zzzzzzzzzzzzzzzz>; HiZ drive
v0x555f34641050_220 .net v0x555f34641050 220, 15 0, o0x7f9f6f01ed78; 0 drivers
o0x7f9f6f01eda8 .functor BUFZ 16, C4<zzzzzzzzzzzzzzzz>; HiZ drive
v0x555f34641050_221 .net v0x555f34641050 221, 15 0, o0x7f9f6f01eda8; 0 drivers
o0x7f9f6f01edd8 .functor BUFZ 16, C4<zzzzzzzzzzzzzzzz>; HiZ drive
v0x555f34641050_222 .net v0x555f34641050 222, 15 0, o0x7f9f6f01edd8; 0 drivers
o0x7f9f6f01ee08 .functor BUFZ 16, C4<zzzzzzzzzzzzzzzz>; HiZ drive
v0x555f34641050_223 .net v0x555f34641050 223, 15 0, o0x7f9f6f01ee08; 0 drivers
o0x7f9f6f01ee38 .functor BUFZ 16, C4<zzzzzzzzzzzzzzzz>; HiZ drive
v0x555f34641050_224 .net v0x555f34641050 224, 15 0, o0x7f9f6f01ee38; 0 drivers
o0x7f9f6f01ee68 .functor BUFZ 16, C4<zzzzzzzzzzzzzzzz>; HiZ drive
v0x555f34641050_225 .net v0x555f34641050 225, 15 0, o0x7f9f6f01ee68; 0 drivers
o0x7f9f6f01ee98 .functor BUFZ 16, C4<zzzzzzzzzzzzzzzz>; HiZ drive
v0x555f34641050_226 .net v0x555f34641050 226, 15 0, o0x7f9f6f01ee98; 0 drivers
o0x7f9f6f01eec8 .functor BUFZ 16, C4<zzzzzzzzzzzzzzzz>; HiZ drive
v0x555f34641050_227 .net v0x555f34641050 227, 15 0, o0x7f9f6f01eec8; 0 drivers
o0x7f9f6f01eef8 .functor BUFZ 16, C4<zzzzzzzzzzzzzzzz>; HiZ drive
v0x555f34641050_228 .net v0x555f34641050 228, 15 0, o0x7f9f6f01eef8; 0 drivers
o0x7f9f6f01ef28 .functor BUFZ 16, C4<zzzzzzzzzzzzzzzz>; HiZ drive
v0x555f34641050_229 .net v0x555f34641050 229, 15 0, o0x7f9f6f01ef28; 0 drivers
o0x7f9f6f01ef58 .functor BUFZ 16, C4<zzzzzzzzzzzzzzzz>; HiZ drive
v0x555f34641050_230 .net v0x555f34641050 230, 15 0, o0x7f9f6f01ef58; 0 drivers
o0x7f9f6f01ef88 .functor BUFZ 16, C4<zzzzzzzzzzzzzzzz>; HiZ drive
v0x555f34641050_231 .net v0x555f34641050 231, 15 0, o0x7f9f6f01ef88; 0 drivers
o0x7f9f6f01efb8 .functor BUFZ 16, C4<zzzzzzzzzzzzzzzz>; HiZ drive
v0x555f34641050_232 .net v0x555f34641050 232, 15 0, o0x7f9f6f01efb8; 0 drivers
o0x7f9f6f01efe8 .functor BUFZ 16, C4<zzzzzzzzzzzzzzzz>; HiZ drive
v0x555f34641050_233 .net v0x555f34641050 233, 15 0, o0x7f9f6f01efe8; 0 drivers
o0x7f9f6f01f018 .functor BUFZ 16, C4<zzzzzzzzzzzzzzzz>; HiZ drive
v0x555f34641050_234 .net v0x555f34641050 234, 15 0, o0x7f9f6f01f018; 0 drivers
o0x7f9f6f01f048 .functor BUFZ 16, C4<zzzzzzzzzzzzzzzz>; HiZ drive
v0x555f34641050_235 .net v0x555f34641050 235, 15 0, o0x7f9f6f01f048; 0 drivers
o0x7f9f6f01f078 .functor BUFZ 16, C4<zzzzzzzzzzzzzzzz>; HiZ drive
v0x555f34641050_236 .net v0x555f34641050 236, 15 0, o0x7f9f6f01f078; 0 drivers
o0x7f9f6f01f0a8 .functor BUFZ 16, C4<zzzzzzzzzzzzzzzz>; HiZ drive
v0x555f34641050_237 .net v0x555f34641050 237, 15 0, o0x7f9f6f01f0a8; 0 drivers
o0x7f9f6f01f0d8 .functor BUFZ 16, C4<zzzzzzzzzzzzzzzz>; HiZ drive
v0x555f34641050_238 .net v0x555f34641050 238, 15 0, o0x7f9f6f01f0d8; 0 drivers
o0x7f9f6f01f108 .functor BUFZ 16, C4<zzzzzzzzzzzzzzzz>; HiZ drive
v0x555f34641050_239 .net v0x555f34641050 239, 15 0, o0x7f9f6f01f108; 0 drivers
o0x7f9f6f01f138 .functor BUFZ 16, C4<zzzzzzzzzzzzzzzz>; HiZ drive
v0x555f34641050_240 .net v0x555f34641050 240, 15 0, o0x7f9f6f01f138; 0 drivers
o0x7f9f6f01f168 .functor BUFZ 16, C4<zzzzzzzzzzzzzzzz>; HiZ drive
v0x555f34641050_241 .net v0x555f34641050 241, 15 0, o0x7f9f6f01f168; 0 drivers
o0x7f9f6f01f198 .functor BUFZ 16, C4<zzzzzzzzzzzzzzzz>; HiZ drive
v0x555f34641050_242 .net v0x555f34641050 242, 15 0, o0x7f9f6f01f198; 0 drivers
o0x7f9f6f01f1c8 .functor BUFZ 16, C4<zzzzzzzzzzzzzzzz>; HiZ drive
v0x555f34641050_243 .net v0x555f34641050 243, 15 0, o0x7f9f6f01f1c8; 0 drivers
o0x7f9f6f01f1f8 .functor BUFZ 16, C4<zzzzzzzzzzzzzzzz>; HiZ drive
v0x555f34641050_244 .net v0x555f34641050 244, 15 0, o0x7f9f6f01f1f8; 0 drivers
o0x7f9f6f01f228 .functor BUFZ 16, C4<zzzzzzzzzzzzzzzz>; HiZ drive
v0x555f34641050_245 .net v0x555f34641050 245, 15 0, o0x7f9f6f01f228; 0 drivers
o0x7f9f6f01f258 .functor BUFZ 16, C4<zzzzzzzzzzzzzzzz>; HiZ drive
v0x555f34641050_246 .net v0x555f34641050 246, 15 0, o0x7f9f6f01f258; 0 drivers
o0x7f9f6f01f288 .functor BUFZ 16, C4<zzzzzzzzzzzzzzzz>; HiZ drive
v0x555f34641050_247 .net v0x555f34641050 247, 15 0, o0x7f9f6f01f288; 0 drivers
o0x7f9f6f01f2b8 .functor BUFZ 16, C4<zzzzzzzzzzzzzzzz>; HiZ drive
v0x555f34641050_248 .net v0x555f34641050 248, 15 0, o0x7f9f6f01f2b8; 0 drivers
o0x7f9f6f01f2e8 .functor BUFZ 16, C4<zzzzzzzzzzzzzzzz>; HiZ drive
v0x555f34641050_249 .net v0x555f34641050 249, 15 0, o0x7f9f6f01f2e8; 0 drivers
o0x7f9f6f01f318 .functor BUFZ 16, C4<zzzzzzzzzzzzzzzz>; HiZ drive
v0x555f34641050_250 .net v0x555f34641050 250, 15 0, o0x7f9f6f01f318; 0 drivers
o0x7f9f6f01f348 .functor BUFZ 16, C4<zzzzzzzzzzzzzzzz>; HiZ drive
v0x555f34641050_251 .net v0x555f34641050 251, 15 0, o0x7f9f6f01f348; 0 drivers
o0x7f9f6f01f378 .functor BUFZ 16, C4<zzzzzzzzzzzzzzzz>; HiZ drive
v0x555f34641050_252 .net v0x555f34641050 252, 15 0, o0x7f9f6f01f378; 0 drivers
o0x7f9f6f01f3a8 .functor BUFZ 16, C4<zzzzzzzzzzzzzzzz>; HiZ drive
v0x555f34641050_253 .net v0x555f34641050 253, 15 0, o0x7f9f6f01f3a8; 0 drivers
o0x7f9f6f01f3d8 .functor BUFZ 16, C4<zzzzzzzzzzzzzzzz>; HiZ drive
v0x555f34641050_254 .net v0x555f34641050 254, 15 0, o0x7f9f6f01f3d8; 0 drivers
o0x7f9f6f01f408 .functor BUFZ 16, C4<zzzzzzzzzzzzzzzz>; HiZ drive
v0x555f34641050_255 .net v0x555f34641050 255, 15 0, o0x7f9f6f01f408; 0 drivers
o0x7f9f6f01f438 .functor BUFZ 16, C4<zzzzzzzzzzzzzzzz>; HiZ drive
v0x555f34641050_256 .net v0x555f34641050 256, 15 0, o0x7f9f6f01f438; 0 drivers
o0x7f9f6f01f468 .functor BUFZ 16, C4<zzzzzzzzzzzzzzzz>; HiZ drive
v0x555f34641050_257 .net v0x555f34641050 257, 15 0, o0x7f9f6f01f468; 0 drivers
o0x7f9f6f01f498 .functor BUFZ 16, C4<zzzzzzzzzzzzzzzz>; HiZ drive
v0x555f34641050_258 .net v0x555f34641050 258, 15 0, o0x7f9f6f01f498; 0 drivers
o0x7f9f6f01f4c8 .functor BUFZ 16, C4<zzzzzzzzzzzzzzzz>; HiZ drive
v0x555f34641050_259 .net v0x555f34641050 259, 15 0, o0x7f9f6f01f4c8; 0 drivers
o0x7f9f6f01f4f8 .functor BUFZ 16, C4<zzzzzzzzzzzzzzzz>; HiZ drive
v0x555f34641050_260 .net v0x555f34641050 260, 15 0, o0x7f9f6f01f4f8; 0 drivers
o0x7f9f6f01f528 .functor BUFZ 16, C4<zzzzzzzzzzzzzzzz>; HiZ drive
v0x555f34641050_261 .net v0x555f34641050 261, 15 0, o0x7f9f6f01f528; 0 drivers
o0x7f9f6f01f558 .functor BUFZ 16, C4<zzzzzzzzzzzzzzzz>; HiZ drive
v0x555f34641050_262 .net v0x555f34641050 262, 15 0, o0x7f9f6f01f558; 0 drivers
o0x7f9f6f01f588 .functor BUFZ 16, C4<zzzzzzzzzzzzzzzz>; HiZ drive
v0x555f34641050_263 .net v0x555f34641050 263, 15 0, o0x7f9f6f01f588; 0 drivers
o0x7f9f6f01f5b8 .functor BUFZ 16, C4<zzzzzzzzzzzzzzzz>; HiZ drive
v0x555f34641050_264 .net v0x555f34641050 264, 15 0, o0x7f9f6f01f5b8; 0 drivers
o0x7f9f6f01f5e8 .functor BUFZ 16, C4<zzzzzzzzzzzzzzzz>; HiZ drive
v0x555f34641050_265 .net v0x555f34641050 265, 15 0, o0x7f9f6f01f5e8; 0 drivers
o0x7f9f6f01f618 .functor BUFZ 16, C4<zzzzzzzzzzzzzzzz>; HiZ drive
v0x555f34641050_266 .net v0x555f34641050 266, 15 0, o0x7f9f6f01f618; 0 drivers
o0x7f9f6f01f648 .functor BUFZ 16, C4<zzzzzzzzzzzzzzzz>; HiZ drive
v0x555f34641050_267 .net v0x555f34641050 267, 15 0, o0x7f9f6f01f648; 0 drivers
o0x7f9f6f01f678 .functor BUFZ 16, C4<zzzzzzzzzzzzzzzz>; HiZ drive
v0x555f34641050_268 .net v0x555f34641050 268, 15 0, o0x7f9f6f01f678; 0 drivers
o0x7f9f6f01f6a8 .functor BUFZ 16, C4<zzzzzzzzzzzzzzzz>; HiZ drive
v0x555f34641050_269 .net v0x555f34641050 269, 15 0, o0x7f9f6f01f6a8; 0 drivers
o0x7f9f6f01f6d8 .functor BUFZ 16, C4<zzzzzzzzzzzzzzzz>; HiZ drive
v0x555f34641050_270 .net v0x555f34641050 270, 15 0, o0x7f9f6f01f6d8; 0 drivers
o0x7f9f6f01f708 .functor BUFZ 16, C4<zzzzzzzzzzzzzzzz>; HiZ drive
v0x555f34641050_271 .net v0x555f34641050 271, 15 0, o0x7f9f6f01f708; 0 drivers
o0x7f9f6f01f738 .functor BUFZ 16, C4<zzzzzzzzzzzzzzzz>; HiZ drive
v0x555f34641050_272 .net v0x555f34641050 272, 15 0, o0x7f9f6f01f738; 0 drivers
o0x7f9f6f01f768 .functor BUFZ 16, C4<zzzzzzzzzzzzzzzz>; HiZ drive
v0x555f34641050_273 .net v0x555f34641050 273, 15 0, o0x7f9f6f01f768; 0 drivers
o0x7f9f6f01f798 .functor BUFZ 16, C4<zzzzzzzzzzzzzzzz>; HiZ drive
v0x555f34641050_274 .net v0x555f34641050 274, 15 0, o0x7f9f6f01f798; 0 drivers
o0x7f9f6f01f7c8 .functor BUFZ 16, C4<zzzzzzzzzzzzzzzz>; HiZ drive
v0x555f34641050_275 .net v0x555f34641050 275, 15 0, o0x7f9f6f01f7c8; 0 drivers
o0x7f9f6f01f7f8 .functor BUFZ 16, C4<zzzzzzzzzzzzzzzz>; HiZ drive
v0x555f34641050_276 .net v0x555f34641050 276, 15 0, o0x7f9f6f01f7f8; 0 drivers
o0x7f9f6f01f828 .functor BUFZ 16, C4<zzzzzzzzzzzzzzzz>; HiZ drive
v0x555f34641050_277 .net v0x555f34641050 277, 15 0, o0x7f9f6f01f828; 0 drivers
o0x7f9f6f01f858 .functor BUFZ 16, C4<zzzzzzzzzzzzzzzz>; HiZ drive
v0x555f34641050_278 .net v0x555f34641050 278, 15 0, o0x7f9f6f01f858; 0 drivers
o0x7f9f6f01f888 .functor BUFZ 16, C4<zzzzzzzzzzzzzzzz>; HiZ drive
v0x555f34641050_279 .net v0x555f34641050 279, 15 0, o0x7f9f6f01f888; 0 drivers
o0x7f9f6f01f8b8 .functor BUFZ 16, C4<zzzzzzzzzzzzzzzz>; HiZ drive
v0x555f34641050_280 .net v0x555f34641050 280, 15 0, o0x7f9f6f01f8b8; 0 drivers
o0x7f9f6f01f8e8 .functor BUFZ 16, C4<zzzzzzzzzzzzzzzz>; HiZ drive
v0x555f34641050_281 .net v0x555f34641050 281, 15 0, o0x7f9f6f01f8e8; 0 drivers
o0x7f9f6f01f918 .functor BUFZ 16, C4<zzzzzzzzzzzzzzzz>; HiZ drive
v0x555f34641050_282 .net v0x555f34641050 282, 15 0, o0x7f9f6f01f918; 0 drivers
o0x7f9f6f01f948 .functor BUFZ 16, C4<zzzzzzzzzzzzzzzz>; HiZ drive
v0x555f34641050_283 .net v0x555f34641050 283, 15 0, o0x7f9f6f01f948; 0 drivers
o0x7f9f6f01f978 .functor BUFZ 16, C4<zzzzzzzzzzzzzzzz>; HiZ drive
v0x555f34641050_284 .net v0x555f34641050 284, 15 0, o0x7f9f6f01f978; 0 drivers
o0x7f9f6f01f9a8 .functor BUFZ 16, C4<zzzzzzzzzzzzzzzz>; HiZ drive
v0x555f34641050_285 .net v0x555f34641050 285, 15 0, o0x7f9f6f01f9a8; 0 drivers
o0x7f9f6f01f9d8 .functor BUFZ 16, C4<zzzzzzzzzzzzzzzz>; HiZ drive
v0x555f34641050_286 .net v0x555f34641050 286, 15 0, o0x7f9f6f01f9d8; 0 drivers
o0x7f9f6f01fa08 .functor BUFZ 16, C4<zzzzzzzzzzzzzzzz>; HiZ drive
v0x555f34641050_287 .net v0x555f34641050 287, 15 0, o0x7f9f6f01fa08; 0 drivers
o0x7f9f6f01fa38 .functor BUFZ 16, C4<zzzzzzzzzzzzzzzz>; HiZ drive
v0x555f34641050_288 .net v0x555f34641050 288, 15 0, o0x7f9f6f01fa38; 0 drivers
o0x7f9f6f01fa68 .functor BUFZ 16, C4<zzzzzzzzzzzzzzzz>; HiZ drive
v0x555f34641050_289 .net v0x555f34641050 289, 15 0, o0x7f9f6f01fa68; 0 drivers
o0x7f9f6f01fa98 .functor BUFZ 16, C4<zzzzzzzzzzzzzzzz>; HiZ drive
v0x555f34641050_290 .net v0x555f34641050 290, 15 0, o0x7f9f6f01fa98; 0 drivers
o0x7f9f6f01fac8 .functor BUFZ 16, C4<zzzzzzzzzzzzzzzz>; HiZ drive
v0x555f34641050_291 .net v0x555f34641050 291, 15 0, o0x7f9f6f01fac8; 0 drivers
o0x7f9f6f01faf8 .functor BUFZ 16, C4<zzzzzzzzzzzzzzzz>; HiZ drive
v0x555f34641050_292 .net v0x555f34641050 292, 15 0, o0x7f9f6f01faf8; 0 drivers
o0x7f9f6f01fb28 .functor BUFZ 16, C4<zzzzzzzzzzzzzzzz>; HiZ drive
v0x555f34641050_293 .net v0x555f34641050 293, 15 0, o0x7f9f6f01fb28; 0 drivers
o0x7f9f6f01fb58 .functor BUFZ 16, C4<zzzzzzzzzzzzzzzz>; HiZ drive
v0x555f34641050_294 .net v0x555f34641050 294, 15 0, o0x7f9f6f01fb58; 0 drivers
o0x7f9f6f01fb88 .functor BUFZ 16, C4<zzzzzzzzzzzzzzzz>; HiZ drive
v0x555f34641050_295 .net v0x555f34641050 295, 15 0, o0x7f9f6f01fb88; 0 drivers
o0x7f9f6f01fbb8 .functor BUFZ 16, C4<zzzzzzzzzzzzzzzz>; HiZ drive
v0x555f34641050_296 .net v0x555f34641050 296, 15 0, o0x7f9f6f01fbb8; 0 drivers
o0x7f9f6f01fbe8 .functor BUFZ 16, C4<zzzzzzzzzzzzzzzz>; HiZ drive
v0x555f34641050_297 .net v0x555f34641050 297, 15 0, o0x7f9f6f01fbe8; 0 drivers
o0x7f9f6f01fc18 .functor BUFZ 16, C4<zzzzzzzzzzzzzzzz>; HiZ drive
v0x555f34641050_298 .net v0x555f34641050 298, 15 0, o0x7f9f6f01fc18; 0 drivers
o0x7f9f6f01fc48 .functor BUFZ 16, C4<zzzzzzzzzzzzzzzz>; HiZ drive
v0x555f34641050_299 .net v0x555f34641050 299, 15 0, o0x7f9f6f01fc48; 0 drivers
o0x7f9f6f01fc78 .functor BUFZ 16, C4<zzzzzzzzzzzzzzzz>; HiZ drive
v0x555f34641050_300 .net v0x555f34641050 300, 15 0, o0x7f9f6f01fc78; 0 drivers
o0x7f9f6f01fca8 .functor BUFZ 16, C4<zzzzzzzzzzzzzzzz>; HiZ drive
v0x555f34641050_301 .net v0x555f34641050 301, 15 0, o0x7f9f6f01fca8; 0 drivers
o0x7f9f6f01fcd8 .functor BUFZ 16, C4<zzzzzzzzzzzzzzzz>; HiZ drive
v0x555f34641050_302 .net v0x555f34641050 302, 15 0, o0x7f9f6f01fcd8; 0 drivers
o0x7f9f6f01fd08 .functor BUFZ 16, C4<zzzzzzzzzzzzzzzz>; HiZ drive
v0x555f34641050_303 .net v0x555f34641050 303, 15 0, o0x7f9f6f01fd08; 0 drivers
o0x7f9f6f01fd38 .functor BUFZ 16, C4<zzzzzzzzzzzzzzzz>; HiZ drive
v0x555f34641050_304 .net v0x555f34641050 304, 15 0, o0x7f9f6f01fd38; 0 drivers
o0x7f9f6f01fd68 .functor BUFZ 16, C4<zzzzzzzzzzzzzzzz>; HiZ drive
v0x555f34641050_305 .net v0x555f34641050 305, 15 0, o0x7f9f6f01fd68; 0 drivers
o0x7f9f6f01fd98 .functor BUFZ 16, C4<zzzzzzzzzzzzzzzz>; HiZ drive
v0x555f34641050_306 .net v0x555f34641050 306, 15 0, o0x7f9f6f01fd98; 0 drivers
o0x7f9f6f01fdc8 .functor BUFZ 16, C4<zzzzzzzzzzzzzzzz>; HiZ drive
v0x555f34641050_307 .net v0x555f34641050 307, 15 0, o0x7f9f6f01fdc8; 0 drivers
o0x7f9f6f01fdf8 .functor BUFZ 16, C4<zzzzzzzzzzzzzzzz>; HiZ drive
v0x555f34641050_308 .net v0x555f34641050 308, 15 0, o0x7f9f6f01fdf8; 0 drivers
o0x7f9f6f01fe28 .functor BUFZ 16, C4<zzzzzzzzzzzzzzzz>; HiZ drive
v0x555f34641050_309 .net v0x555f34641050 309, 15 0, o0x7f9f6f01fe28; 0 drivers
o0x7f9f6f01fe58 .functor BUFZ 16, C4<zzzzzzzzzzzzzzzz>; HiZ drive
v0x555f34641050_310 .net v0x555f34641050 310, 15 0, o0x7f9f6f01fe58; 0 drivers
o0x7f9f6f01fe88 .functor BUFZ 16, C4<zzzzzzzzzzzzzzzz>; HiZ drive
v0x555f34641050_311 .net v0x555f34641050 311, 15 0, o0x7f9f6f01fe88; 0 drivers
o0x7f9f6f01feb8 .functor BUFZ 16, C4<zzzzzzzzzzzzzzzz>; HiZ drive
v0x555f34641050_312 .net v0x555f34641050 312, 15 0, o0x7f9f6f01feb8; 0 drivers
o0x7f9f6f01fee8 .functor BUFZ 16, C4<zzzzzzzzzzzzzzzz>; HiZ drive
v0x555f34641050_313 .net v0x555f34641050 313, 15 0, o0x7f9f6f01fee8; 0 drivers
o0x7f9f6f01ff18 .functor BUFZ 16, C4<zzzzzzzzzzzzzzzz>; HiZ drive
v0x555f34641050_314 .net v0x555f34641050 314, 15 0, o0x7f9f6f01ff18; 0 drivers
o0x7f9f6f01ff48 .functor BUFZ 16, C4<zzzzzzzzzzzzzzzz>; HiZ drive
v0x555f34641050_315 .net v0x555f34641050 315, 15 0, o0x7f9f6f01ff48; 0 drivers
o0x7f9f6f01ff78 .functor BUFZ 16, C4<zzzzzzzzzzzzzzzz>; HiZ drive
v0x555f34641050_316 .net v0x555f34641050 316, 15 0, o0x7f9f6f01ff78; 0 drivers
o0x7f9f6f01ffa8 .functor BUFZ 16, C4<zzzzzzzzzzzzzzzz>; HiZ drive
v0x555f34641050_317 .net v0x555f34641050 317, 15 0, o0x7f9f6f01ffa8; 0 drivers
o0x7f9f6f01ffd8 .functor BUFZ 16, C4<zzzzzzzzzzzzzzzz>; HiZ drive
v0x555f34641050_318 .net v0x555f34641050 318, 15 0, o0x7f9f6f01ffd8; 0 drivers
o0x7f9f6f020008 .functor BUFZ 16, C4<zzzzzzzzzzzzzzzz>; HiZ drive
v0x555f34641050_319 .net v0x555f34641050 319, 15 0, o0x7f9f6f020008; 0 drivers
o0x7f9f6f020038 .functor BUFZ 16, C4<zzzzzzzzzzzzzzzz>; HiZ drive
v0x555f34641050_320 .net v0x555f34641050 320, 15 0, o0x7f9f6f020038; 0 drivers
o0x7f9f6f020068 .functor BUFZ 16, C4<zzzzzzzzzzzzzzzz>; HiZ drive
v0x555f34641050_321 .net v0x555f34641050 321, 15 0, o0x7f9f6f020068; 0 drivers
o0x7f9f6f020098 .functor BUFZ 16, C4<zzzzzzzzzzzzzzzz>; HiZ drive
v0x555f34641050_322 .net v0x555f34641050 322, 15 0, o0x7f9f6f020098; 0 drivers
o0x7f9f6f0200c8 .functor BUFZ 16, C4<zzzzzzzzzzzzzzzz>; HiZ drive
v0x555f34641050_323 .net v0x555f34641050 323, 15 0, o0x7f9f6f0200c8; 0 drivers
o0x7f9f6f0200f8 .functor BUFZ 16, C4<zzzzzzzzzzzzzzzz>; HiZ drive
v0x555f34641050_324 .net v0x555f34641050 324, 15 0, o0x7f9f6f0200f8; 0 drivers
o0x7f9f6f020128 .functor BUFZ 16, C4<zzzzzzzzzzzzzzzz>; HiZ drive
v0x555f34641050_325 .net v0x555f34641050 325, 15 0, o0x7f9f6f020128; 0 drivers
o0x7f9f6f020158 .functor BUFZ 16, C4<zzzzzzzzzzzzzzzz>; HiZ drive
v0x555f34641050_326 .net v0x555f34641050 326, 15 0, o0x7f9f6f020158; 0 drivers
o0x7f9f6f020188 .functor BUFZ 16, C4<zzzzzzzzzzzzzzzz>; HiZ drive
v0x555f34641050_327 .net v0x555f34641050 327, 15 0, o0x7f9f6f020188; 0 drivers
o0x7f9f6f0201b8 .functor BUFZ 16, C4<zzzzzzzzzzzzzzzz>; HiZ drive
v0x555f34641050_328 .net v0x555f34641050 328, 15 0, o0x7f9f6f0201b8; 0 drivers
o0x7f9f6f0201e8 .functor BUFZ 16, C4<zzzzzzzzzzzzzzzz>; HiZ drive
v0x555f34641050_329 .net v0x555f34641050 329, 15 0, o0x7f9f6f0201e8; 0 drivers
o0x7f9f6f020218 .functor BUFZ 16, C4<zzzzzzzzzzzzzzzz>; HiZ drive
v0x555f34641050_330 .net v0x555f34641050 330, 15 0, o0x7f9f6f020218; 0 drivers
o0x7f9f6f020248 .functor BUFZ 16, C4<zzzzzzzzzzzzzzzz>; HiZ drive
v0x555f34641050_331 .net v0x555f34641050 331, 15 0, o0x7f9f6f020248; 0 drivers
o0x7f9f6f020278 .functor BUFZ 16, C4<zzzzzzzzzzzzzzzz>; HiZ drive
v0x555f34641050_332 .net v0x555f34641050 332, 15 0, o0x7f9f6f020278; 0 drivers
o0x7f9f6f0202a8 .functor BUFZ 16, C4<zzzzzzzzzzzzzzzz>; HiZ drive
v0x555f34641050_333 .net v0x555f34641050 333, 15 0, o0x7f9f6f0202a8; 0 drivers
o0x7f9f6f0202d8 .functor BUFZ 16, C4<zzzzzzzzzzzzzzzz>; HiZ drive
v0x555f34641050_334 .net v0x555f34641050 334, 15 0, o0x7f9f6f0202d8; 0 drivers
o0x7f9f6f020308 .functor BUFZ 16, C4<zzzzzzzzzzzzzzzz>; HiZ drive
v0x555f34641050_335 .net v0x555f34641050 335, 15 0, o0x7f9f6f020308; 0 drivers
o0x7f9f6f020338 .functor BUFZ 16, C4<zzzzzzzzzzzzzzzz>; HiZ drive
v0x555f34641050_336 .net v0x555f34641050 336, 15 0, o0x7f9f6f020338; 0 drivers
o0x7f9f6f020368 .functor BUFZ 16, C4<zzzzzzzzzzzzzzzz>; HiZ drive
v0x555f34641050_337 .net v0x555f34641050 337, 15 0, o0x7f9f6f020368; 0 drivers
o0x7f9f6f020398 .functor BUFZ 16, C4<zzzzzzzzzzzzzzzz>; HiZ drive
v0x555f34641050_338 .net v0x555f34641050 338, 15 0, o0x7f9f6f020398; 0 drivers
o0x7f9f6f0203c8 .functor BUFZ 16, C4<zzzzzzzzzzzzzzzz>; HiZ drive
v0x555f34641050_339 .net v0x555f34641050 339, 15 0, o0x7f9f6f0203c8; 0 drivers
o0x7f9f6f0203f8 .functor BUFZ 16, C4<zzzzzzzzzzzzzzzz>; HiZ drive
v0x555f34641050_340 .net v0x555f34641050 340, 15 0, o0x7f9f6f0203f8; 0 drivers
o0x7f9f6f020428 .functor BUFZ 16, C4<zzzzzzzzzzzzzzzz>; HiZ drive
v0x555f34641050_341 .net v0x555f34641050 341, 15 0, o0x7f9f6f020428; 0 drivers
o0x7f9f6f020458 .functor BUFZ 16, C4<zzzzzzzzzzzzzzzz>; HiZ drive
v0x555f34641050_342 .net v0x555f34641050 342, 15 0, o0x7f9f6f020458; 0 drivers
o0x7f9f6f020488 .functor BUFZ 16, C4<zzzzzzzzzzzzzzzz>; HiZ drive
v0x555f34641050_343 .net v0x555f34641050 343, 15 0, o0x7f9f6f020488; 0 drivers
o0x7f9f6f0204b8 .functor BUFZ 16, C4<zzzzzzzzzzzzzzzz>; HiZ drive
v0x555f34641050_344 .net v0x555f34641050 344, 15 0, o0x7f9f6f0204b8; 0 drivers
o0x7f9f6f0204e8 .functor BUFZ 16, C4<zzzzzzzzzzzzzzzz>; HiZ drive
v0x555f34641050_345 .net v0x555f34641050 345, 15 0, o0x7f9f6f0204e8; 0 drivers
o0x7f9f6f020518 .functor BUFZ 16, C4<zzzzzzzzzzzzzzzz>; HiZ drive
v0x555f34641050_346 .net v0x555f34641050 346, 15 0, o0x7f9f6f020518; 0 drivers
o0x7f9f6f020548 .functor BUFZ 16, C4<zzzzzzzzzzzzzzzz>; HiZ drive
v0x555f34641050_347 .net v0x555f34641050 347, 15 0, o0x7f9f6f020548; 0 drivers
o0x7f9f6f020578 .functor BUFZ 16, C4<zzzzzzzzzzzzzzzz>; HiZ drive
v0x555f34641050_348 .net v0x555f34641050 348, 15 0, o0x7f9f6f020578; 0 drivers
o0x7f9f6f0205a8 .functor BUFZ 16, C4<zzzzzzzzzzzzzzzz>; HiZ drive
v0x555f34641050_349 .net v0x555f34641050 349, 15 0, o0x7f9f6f0205a8; 0 drivers
o0x7f9f6f0205d8 .functor BUFZ 16, C4<zzzzzzzzzzzzzzzz>; HiZ drive
v0x555f34641050_350 .net v0x555f34641050 350, 15 0, o0x7f9f6f0205d8; 0 drivers
o0x7f9f6f020608 .functor BUFZ 16, C4<zzzzzzzzzzzzzzzz>; HiZ drive
v0x555f34641050_351 .net v0x555f34641050 351, 15 0, o0x7f9f6f020608; 0 drivers
o0x7f9f6f020638 .functor BUFZ 16, C4<zzzzzzzzzzzzzzzz>; HiZ drive
v0x555f34641050_352 .net v0x555f34641050 352, 15 0, o0x7f9f6f020638; 0 drivers
o0x7f9f6f020668 .functor BUFZ 16, C4<zzzzzzzzzzzzzzzz>; HiZ drive
v0x555f34641050_353 .net v0x555f34641050 353, 15 0, o0x7f9f6f020668; 0 drivers
o0x7f9f6f020698 .functor BUFZ 16, C4<zzzzzzzzzzzzzzzz>; HiZ drive
v0x555f34641050_354 .net v0x555f34641050 354, 15 0, o0x7f9f6f020698; 0 drivers
o0x7f9f6f0206c8 .functor BUFZ 16, C4<zzzzzzzzzzzzzzzz>; HiZ drive
v0x555f34641050_355 .net v0x555f34641050 355, 15 0, o0x7f9f6f0206c8; 0 drivers
o0x7f9f6f0206f8 .functor BUFZ 16, C4<zzzzzzzzzzzzzzzz>; HiZ drive
v0x555f34641050_356 .net v0x555f34641050 356, 15 0, o0x7f9f6f0206f8; 0 drivers
o0x7f9f6f020728 .functor BUFZ 16, C4<zzzzzzzzzzzzzzzz>; HiZ drive
v0x555f34641050_357 .net v0x555f34641050 357, 15 0, o0x7f9f6f020728; 0 drivers
o0x7f9f6f020758 .functor BUFZ 16, C4<zzzzzzzzzzzzzzzz>; HiZ drive
v0x555f34641050_358 .net v0x555f34641050 358, 15 0, o0x7f9f6f020758; 0 drivers
o0x7f9f6f020788 .functor BUFZ 16, C4<zzzzzzzzzzzzzzzz>; HiZ drive
v0x555f34641050_359 .net v0x555f34641050 359, 15 0, o0x7f9f6f020788; 0 drivers
o0x7f9f6f0207b8 .functor BUFZ 16, C4<zzzzzzzzzzzzzzzz>; HiZ drive
v0x555f34641050_360 .net v0x555f34641050 360, 15 0, o0x7f9f6f0207b8; 0 drivers
o0x7f9f6f0207e8 .functor BUFZ 16, C4<zzzzzzzzzzzzzzzz>; HiZ drive
v0x555f34641050_361 .net v0x555f34641050 361, 15 0, o0x7f9f6f0207e8; 0 drivers
o0x7f9f6f020818 .functor BUFZ 16, C4<zzzzzzzzzzzzzzzz>; HiZ drive
v0x555f34641050_362 .net v0x555f34641050 362, 15 0, o0x7f9f6f020818; 0 drivers
o0x7f9f6f020848 .functor BUFZ 16, C4<zzzzzzzzzzzzzzzz>; HiZ drive
v0x555f34641050_363 .net v0x555f34641050 363, 15 0, o0x7f9f6f020848; 0 drivers
o0x7f9f6f020878 .functor BUFZ 16, C4<zzzzzzzzzzzzzzzz>; HiZ drive
v0x555f34641050_364 .net v0x555f34641050 364, 15 0, o0x7f9f6f020878; 0 drivers
o0x7f9f6f0208a8 .functor BUFZ 16, C4<zzzzzzzzzzzzzzzz>; HiZ drive
v0x555f34641050_365 .net v0x555f34641050 365, 15 0, o0x7f9f6f0208a8; 0 drivers
o0x7f9f6f0208d8 .functor BUFZ 16, C4<zzzzzzzzzzzzzzzz>; HiZ drive
v0x555f34641050_366 .net v0x555f34641050 366, 15 0, o0x7f9f6f0208d8; 0 drivers
o0x7f9f6f020908 .functor BUFZ 16, C4<zzzzzzzzzzzzzzzz>; HiZ drive
v0x555f34641050_367 .net v0x555f34641050 367, 15 0, o0x7f9f6f020908; 0 drivers
o0x7f9f6f020938 .functor BUFZ 16, C4<zzzzzzzzzzzzzzzz>; HiZ drive
v0x555f34641050_368 .net v0x555f34641050 368, 15 0, o0x7f9f6f020938; 0 drivers
o0x7f9f6f020968 .functor BUFZ 16, C4<zzzzzzzzzzzzzzzz>; HiZ drive
v0x555f34641050_369 .net v0x555f34641050 369, 15 0, o0x7f9f6f020968; 0 drivers
o0x7f9f6f020998 .functor BUFZ 16, C4<zzzzzzzzzzzzzzzz>; HiZ drive
v0x555f34641050_370 .net v0x555f34641050 370, 15 0, o0x7f9f6f020998; 0 drivers
o0x7f9f6f0209c8 .functor BUFZ 16, C4<zzzzzzzzzzzzzzzz>; HiZ drive
v0x555f34641050_371 .net v0x555f34641050 371, 15 0, o0x7f9f6f0209c8; 0 drivers
o0x7f9f6f0209f8 .functor BUFZ 16, C4<zzzzzzzzzzzzzzzz>; HiZ drive
v0x555f34641050_372 .net v0x555f34641050 372, 15 0, o0x7f9f6f0209f8; 0 drivers
o0x7f9f6f020a28 .functor BUFZ 16, C4<zzzzzzzzzzzzzzzz>; HiZ drive
v0x555f34641050_373 .net v0x555f34641050 373, 15 0, o0x7f9f6f020a28; 0 drivers
o0x7f9f6f020a58 .functor BUFZ 16, C4<zzzzzzzzzzzzzzzz>; HiZ drive
v0x555f34641050_374 .net v0x555f34641050 374, 15 0, o0x7f9f6f020a58; 0 drivers
o0x7f9f6f020a88 .functor BUFZ 16, C4<zzzzzzzzzzzzzzzz>; HiZ drive
v0x555f34641050_375 .net v0x555f34641050 375, 15 0, o0x7f9f6f020a88; 0 drivers
o0x7f9f6f020ab8 .functor BUFZ 16, C4<zzzzzzzzzzzzzzzz>; HiZ drive
v0x555f34641050_376 .net v0x555f34641050 376, 15 0, o0x7f9f6f020ab8; 0 drivers
o0x7f9f6f020ae8 .functor BUFZ 16, C4<zzzzzzzzzzzzzzzz>; HiZ drive
v0x555f34641050_377 .net v0x555f34641050 377, 15 0, o0x7f9f6f020ae8; 0 drivers
o0x7f9f6f020b18 .functor BUFZ 16, C4<zzzzzzzzzzzzzzzz>; HiZ drive
v0x555f34641050_378 .net v0x555f34641050 378, 15 0, o0x7f9f6f020b18; 0 drivers
o0x7f9f6f020b48 .functor BUFZ 16, C4<zzzzzzzzzzzzzzzz>; HiZ drive
v0x555f34641050_379 .net v0x555f34641050 379, 15 0, o0x7f9f6f020b48; 0 drivers
o0x7f9f6f020b78 .functor BUFZ 16, C4<zzzzzzzzzzzzzzzz>; HiZ drive
v0x555f34641050_380 .net v0x555f34641050 380, 15 0, o0x7f9f6f020b78; 0 drivers
o0x7f9f6f020ba8 .functor BUFZ 16, C4<zzzzzzzzzzzzzzzz>; HiZ drive
v0x555f34641050_381 .net v0x555f34641050 381, 15 0, o0x7f9f6f020ba8; 0 drivers
o0x7f9f6f020bd8 .functor BUFZ 16, C4<zzzzzzzzzzzzzzzz>; HiZ drive
v0x555f34641050_382 .net v0x555f34641050 382, 15 0, o0x7f9f6f020bd8; 0 drivers
o0x7f9f6f020c08 .functor BUFZ 16, C4<zzzzzzzzzzzzzzzz>; HiZ drive
v0x555f34641050_383 .net v0x555f34641050 383, 15 0, o0x7f9f6f020c08; 0 drivers
o0x7f9f6f020c38 .functor BUFZ 16, C4<zzzzzzzzzzzzzzzz>; HiZ drive
v0x555f34641050_384 .net v0x555f34641050 384, 15 0, o0x7f9f6f020c38; 0 drivers
o0x7f9f6f020c68 .functor BUFZ 16, C4<zzzzzzzzzzzzzzzz>; HiZ drive
v0x555f34641050_385 .net v0x555f34641050 385, 15 0, o0x7f9f6f020c68; 0 drivers
o0x7f9f6f020c98 .functor BUFZ 16, C4<zzzzzzzzzzzzzzzz>; HiZ drive
v0x555f34641050_386 .net v0x555f34641050 386, 15 0, o0x7f9f6f020c98; 0 drivers
o0x7f9f6f020cc8 .functor BUFZ 16, C4<zzzzzzzzzzzzzzzz>; HiZ drive
v0x555f34641050_387 .net v0x555f34641050 387, 15 0, o0x7f9f6f020cc8; 0 drivers
o0x7f9f6f020cf8 .functor BUFZ 16, C4<zzzzzzzzzzzzzzzz>; HiZ drive
v0x555f34641050_388 .net v0x555f34641050 388, 15 0, o0x7f9f6f020cf8; 0 drivers
o0x7f9f6f020d28 .functor BUFZ 16, C4<zzzzzzzzzzzzzzzz>; HiZ drive
v0x555f34641050_389 .net v0x555f34641050 389, 15 0, o0x7f9f6f020d28; 0 drivers
o0x7f9f6f020d58 .functor BUFZ 16, C4<zzzzzzzzzzzzzzzz>; HiZ drive
v0x555f34641050_390 .net v0x555f34641050 390, 15 0, o0x7f9f6f020d58; 0 drivers
o0x7f9f6f020d88 .functor BUFZ 16, C4<zzzzzzzzzzzzzzzz>; HiZ drive
v0x555f34641050_391 .net v0x555f34641050 391, 15 0, o0x7f9f6f020d88; 0 drivers
o0x7f9f6f020db8 .functor BUFZ 16, C4<zzzzzzzzzzzzzzzz>; HiZ drive
v0x555f34641050_392 .net v0x555f34641050 392, 15 0, o0x7f9f6f020db8; 0 drivers
o0x7f9f6f020de8 .functor BUFZ 16, C4<zzzzzzzzzzzzzzzz>; HiZ drive
v0x555f34641050_393 .net v0x555f34641050 393, 15 0, o0x7f9f6f020de8; 0 drivers
o0x7f9f6f020e18 .functor BUFZ 16, C4<zzzzzzzzzzzzzzzz>; HiZ drive
v0x555f34641050_394 .net v0x555f34641050 394, 15 0, o0x7f9f6f020e18; 0 drivers
o0x7f9f6f020e48 .functor BUFZ 16, C4<zzzzzzzzzzzzzzzz>; HiZ drive
v0x555f34641050_395 .net v0x555f34641050 395, 15 0, o0x7f9f6f020e48; 0 drivers
o0x7f9f6f020e78 .functor BUFZ 16, C4<zzzzzzzzzzzzzzzz>; HiZ drive
v0x555f34641050_396 .net v0x555f34641050 396, 15 0, o0x7f9f6f020e78; 0 drivers
o0x7f9f6f020ea8 .functor BUFZ 16, C4<zzzzzzzzzzzzzzzz>; HiZ drive
v0x555f34641050_397 .net v0x555f34641050 397, 15 0, o0x7f9f6f020ea8; 0 drivers
o0x7f9f6f020ed8 .functor BUFZ 16, C4<zzzzzzzzzzzzzzzz>; HiZ drive
v0x555f34641050_398 .net v0x555f34641050 398, 15 0, o0x7f9f6f020ed8; 0 drivers
o0x7f9f6f020f08 .functor BUFZ 16, C4<zzzzzzzzzzzzzzzz>; HiZ drive
v0x555f34641050_399 .net v0x555f34641050 399, 15 0, o0x7f9f6f020f08; 0 drivers
o0x7f9f6f020f38 .functor BUFZ 16, C4<zzzzzzzzzzzzzzzz>; HiZ drive
v0x555f34641050_400 .net v0x555f34641050 400, 15 0, o0x7f9f6f020f38; 0 drivers
o0x7f9f6f020f68 .functor BUFZ 16, C4<zzzzzzzzzzzzzzzz>; HiZ drive
v0x555f34641050_401 .net v0x555f34641050 401, 15 0, o0x7f9f6f020f68; 0 drivers
o0x7f9f6f020f98 .functor BUFZ 16, C4<zzzzzzzzzzzzzzzz>; HiZ drive
v0x555f34641050_402 .net v0x555f34641050 402, 15 0, o0x7f9f6f020f98; 0 drivers
o0x7f9f6f020fc8 .functor BUFZ 16, C4<zzzzzzzzzzzzzzzz>; HiZ drive
v0x555f34641050_403 .net v0x555f34641050 403, 15 0, o0x7f9f6f020fc8; 0 drivers
o0x7f9f6f020ff8 .functor BUFZ 16, C4<zzzzzzzzzzzzzzzz>; HiZ drive
v0x555f34641050_404 .net v0x555f34641050 404, 15 0, o0x7f9f6f020ff8; 0 drivers
o0x7f9f6f021028 .functor BUFZ 16, C4<zzzzzzzzzzzzzzzz>; HiZ drive
v0x555f34641050_405 .net v0x555f34641050 405, 15 0, o0x7f9f6f021028; 0 drivers
o0x7f9f6f021058 .functor BUFZ 16, C4<zzzzzzzzzzzzzzzz>; HiZ drive
v0x555f34641050_406 .net v0x555f34641050 406, 15 0, o0x7f9f6f021058; 0 drivers
o0x7f9f6f021088 .functor BUFZ 16, C4<zzzzzzzzzzzzzzzz>; HiZ drive
v0x555f34641050_407 .net v0x555f34641050 407, 15 0, o0x7f9f6f021088; 0 drivers
o0x7f9f6f0210b8 .functor BUFZ 16, C4<zzzzzzzzzzzzzzzz>; HiZ drive
v0x555f34641050_408 .net v0x555f34641050 408, 15 0, o0x7f9f6f0210b8; 0 drivers
o0x7f9f6f0210e8 .functor BUFZ 16, C4<zzzzzzzzzzzzzzzz>; HiZ drive
v0x555f34641050_409 .net v0x555f34641050 409, 15 0, o0x7f9f6f0210e8; 0 drivers
o0x7f9f6f021118 .functor BUFZ 16, C4<zzzzzzzzzzzzzzzz>; HiZ drive
v0x555f34641050_410 .net v0x555f34641050 410, 15 0, o0x7f9f6f021118; 0 drivers
o0x7f9f6f021148 .functor BUFZ 16, C4<zzzzzzzzzzzzzzzz>; HiZ drive
v0x555f34641050_411 .net v0x555f34641050 411, 15 0, o0x7f9f6f021148; 0 drivers
o0x7f9f6f021178 .functor BUFZ 16, C4<zzzzzzzzzzzzzzzz>; HiZ drive
v0x555f34641050_412 .net v0x555f34641050 412, 15 0, o0x7f9f6f021178; 0 drivers
o0x7f9f6f0211a8 .functor BUFZ 16, C4<zzzzzzzzzzzzzzzz>; HiZ drive
v0x555f34641050_413 .net v0x555f34641050 413, 15 0, o0x7f9f6f0211a8; 0 drivers
o0x7f9f6f0211d8 .functor BUFZ 16, C4<zzzzzzzzzzzzzzzz>; HiZ drive
v0x555f34641050_414 .net v0x555f34641050 414, 15 0, o0x7f9f6f0211d8; 0 drivers
o0x7f9f6f021208 .functor BUFZ 16, C4<zzzzzzzzzzzzzzzz>; HiZ drive
v0x555f34641050_415 .net v0x555f34641050 415, 15 0, o0x7f9f6f021208; 0 drivers
o0x7f9f6f021238 .functor BUFZ 16, C4<zzzzzzzzzzzzzzzz>; HiZ drive
v0x555f34641050_416 .net v0x555f34641050 416, 15 0, o0x7f9f6f021238; 0 drivers
o0x7f9f6f021268 .functor BUFZ 16, C4<zzzzzzzzzzzzzzzz>; HiZ drive
v0x555f34641050_417 .net v0x555f34641050 417, 15 0, o0x7f9f6f021268; 0 drivers
o0x7f9f6f021298 .functor BUFZ 16, C4<zzzzzzzzzzzzzzzz>; HiZ drive
v0x555f34641050_418 .net v0x555f34641050 418, 15 0, o0x7f9f6f021298; 0 drivers
o0x7f9f6f0212c8 .functor BUFZ 16, C4<zzzzzzzzzzzzzzzz>; HiZ drive
v0x555f34641050_419 .net v0x555f34641050 419, 15 0, o0x7f9f6f0212c8; 0 drivers
o0x7f9f6f0212f8 .functor BUFZ 16, C4<zzzzzzzzzzzzzzzz>; HiZ drive
v0x555f34641050_420 .net v0x555f34641050 420, 15 0, o0x7f9f6f0212f8; 0 drivers
o0x7f9f6f021328 .functor BUFZ 16, C4<zzzzzzzzzzzzzzzz>; HiZ drive
v0x555f34641050_421 .net v0x555f34641050 421, 15 0, o0x7f9f6f021328; 0 drivers
o0x7f9f6f021358 .functor BUFZ 16, C4<zzzzzzzzzzzzzzzz>; HiZ drive
v0x555f34641050_422 .net v0x555f34641050 422, 15 0, o0x7f9f6f021358; 0 drivers
o0x7f9f6f021388 .functor BUFZ 16, C4<zzzzzzzzzzzzzzzz>; HiZ drive
v0x555f34641050_423 .net v0x555f34641050 423, 15 0, o0x7f9f6f021388; 0 drivers
o0x7f9f6f0213b8 .functor BUFZ 16, C4<zzzzzzzzzzzzzzzz>; HiZ drive
v0x555f34641050_424 .net v0x555f34641050 424, 15 0, o0x7f9f6f0213b8; 0 drivers
o0x7f9f6f0213e8 .functor BUFZ 16, C4<zzzzzzzzzzzzzzzz>; HiZ drive
v0x555f34641050_425 .net v0x555f34641050 425, 15 0, o0x7f9f6f0213e8; 0 drivers
o0x7f9f6f021418 .functor BUFZ 16, C4<zzzzzzzzzzzzzzzz>; HiZ drive
v0x555f34641050_426 .net v0x555f34641050 426, 15 0, o0x7f9f6f021418; 0 drivers
o0x7f9f6f021448 .functor BUFZ 16, C4<zzzzzzzzzzzzzzzz>; HiZ drive
v0x555f34641050_427 .net v0x555f34641050 427, 15 0, o0x7f9f6f021448; 0 drivers
o0x7f9f6f021478 .functor BUFZ 16, C4<zzzzzzzzzzzzzzzz>; HiZ drive
v0x555f34641050_428 .net v0x555f34641050 428, 15 0, o0x7f9f6f021478; 0 drivers
o0x7f9f6f0214a8 .functor BUFZ 16, C4<zzzzzzzzzzzzzzzz>; HiZ drive
v0x555f34641050_429 .net v0x555f34641050 429, 15 0, o0x7f9f6f0214a8; 0 drivers
o0x7f9f6f0214d8 .functor BUFZ 16, C4<zzzzzzzzzzzzzzzz>; HiZ drive
v0x555f34641050_430 .net v0x555f34641050 430, 15 0, o0x7f9f6f0214d8; 0 drivers
o0x7f9f6f021508 .functor BUFZ 16, C4<zzzzzzzzzzzzzzzz>; HiZ drive
v0x555f34641050_431 .net v0x555f34641050 431, 15 0, o0x7f9f6f021508; 0 drivers
o0x7f9f6f021538 .functor BUFZ 16, C4<zzzzzzzzzzzzzzzz>; HiZ drive
v0x555f34641050_432 .net v0x555f34641050 432, 15 0, o0x7f9f6f021538; 0 drivers
o0x7f9f6f021568 .functor BUFZ 16, C4<zzzzzzzzzzzzzzzz>; HiZ drive
v0x555f34641050_433 .net v0x555f34641050 433, 15 0, o0x7f9f6f021568; 0 drivers
o0x7f9f6f021598 .functor BUFZ 16, C4<zzzzzzzzzzzzzzzz>; HiZ drive
v0x555f34641050_434 .net v0x555f34641050 434, 15 0, o0x7f9f6f021598; 0 drivers
o0x7f9f6f0215c8 .functor BUFZ 16, C4<zzzzzzzzzzzzzzzz>; HiZ drive
v0x555f34641050_435 .net v0x555f34641050 435, 15 0, o0x7f9f6f0215c8; 0 drivers
o0x7f9f6f0215f8 .functor BUFZ 16, C4<zzzzzzzzzzzzzzzz>; HiZ drive
v0x555f34641050_436 .net v0x555f34641050 436, 15 0, o0x7f9f6f0215f8; 0 drivers
o0x7f9f6f021628 .functor BUFZ 16, C4<zzzzzzzzzzzzzzzz>; HiZ drive
v0x555f34641050_437 .net v0x555f34641050 437, 15 0, o0x7f9f6f021628; 0 drivers
o0x7f9f6f021658 .functor BUFZ 16, C4<zzzzzzzzzzzzzzzz>; HiZ drive
v0x555f34641050_438 .net v0x555f34641050 438, 15 0, o0x7f9f6f021658; 0 drivers
o0x7f9f6f021688 .functor BUFZ 16, C4<zzzzzzzzzzzzzzzz>; HiZ drive
v0x555f34641050_439 .net v0x555f34641050 439, 15 0, o0x7f9f6f021688; 0 drivers
o0x7f9f6f0216b8 .functor BUFZ 16, C4<zzzzzzzzzzzzzzzz>; HiZ drive
v0x555f34641050_440 .net v0x555f34641050 440, 15 0, o0x7f9f6f0216b8; 0 drivers
o0x7f9f6f0216e8 .functor BUFZ 16, C4<zzzzzzzzzzzzzzzz>; HiZ drive
v0x555f34641050_441 .net v0x555f34641050 441, 15 0, o0x7f9f6f0216e8; 0 drivers
o0x7f9f6f021718 .functor BUFZ 16, C4<zzzzzzzzzzzzzzzz>; HiZ drive
v0x555f34641050_442 .net v0x555f34641050 442, 15 0, o0x7f9f6f021718; 0 drivers
o0x7f9f6f021748 .functor BUFZ 16, C4<zzzzzzzzzzzzzzzz>; HiZ drive
v0x555f34641050_443 .net v0x555f34641050 443, 15 0, o0x7f9f6f021748; 0 drivers
o0x7f9f6f021778 .functor BUFZ 16, C4<zzzzzzzzzzzzzzzz>; HiZ drive
v0x555f34641050_444 .net v0x555f34641050 444, 15 0, o0x7f9f6f021778; 0 drivers
o0x7f9f6f0217a8 .functor BUFZ 16, C4<zzzzzzzzzzzzzzzz>; HiZ drive
v0x555f34641050_445 .net v0x555f34641050 445, 15 0, o0x7f9f6f0217a8; 0 drivers
o0x7f9f6f0217d8 .functor BUFZ 16, C4<zzzzzzzzzzzzzzzz>; HiZ drive
v0x555f34641050_446 .net v0x555f34641050 446, 15 0, o0x7f9f6f0217d8; 0 drivers
o0x7f9f6f021808 .functor BUFZ 16, C4<zzzzzzzzzzzzzzzz>; HiZ drive
v0x555f34641050_447 .net v0x555f34641050 447, 15 0, o0x7f9f6f021808; 0 drivers
o0x7f9f6f021838 .functor BUFZ 16, C4<zzzzzzzzzzzzzzzz>; HiZ drive
v0x555f34641050_448 .net v0x555f34641050 448, 15 0, o0x7f9f6f021838; 0 drivers
o0x7f9f6f021868 .functor BUFZ 16, C4<zzzzzzzzzzzzzzzz>; HiZ drive
v0x555f34641050_449 .net v0x555f34641050 449, 15 0, o0x7f9f6f021868; 0 drivers
o0x7f9f6f021898 .functor BUFZ 16, C4<zzzzzzzzzzzzzzzz>; HiZ drive
v0x555f34641050_450 .net v0x555f34641050 450, 15 0, o0x7f9f6f021898; 0 drivers
o0x7f9f6f0218c8 .functor BUFZ 16, C4<zzzzzzzzzzzzzzzz>; HiZ drive
v0x555f34641050_451 .net v0x555f34641050 451, 15 0, o0x7f9f6f0218c8; 0 drivers
o0x7f9f6f0218f8 .functor BUFZ 16, C4<zzzzzzzzzzzzzzzz>; HiZ drive
v0x555f34641050_452 .net v0x555f34641050 452, 15 0, o0x7f9f6f0218f8; 0 drivers
o0x7f9f6f021928 .functor BUFZ 16, C4<zzzzzzzzzzzzzzzz>; HiZ drive
v0x555f34641050_453 .net v0x555f34641050 453, 15 0, o0x7f9f6f021928; 0 drivers
o0x7f9f6f021958 .functor BUFZ 16, C4<zzzzzzzzzzzzzzzz>; HiZ drive
v0x555f34641050_454 .net v0x555f34641050 454, 15 0, o0x7f9f6f021958; 0 drivers
o0x7f9f6f021988 .functor BUFZ 16, C4<zzzzzzzzzzzzzzzz>; HiZ drive
v0x555f34641050_455 .net v0x555f34641050 455, 15 0, o0x7f9f6f021988; 0 drivers
o0x7f9f6f0219b8 .functor BUFZ 16, C4<zzzzzzzzzzzzzzzz>; HiZ drive
v0x555f34641050_456 .net v0x555f34641050 456, 15 0, o0x7f9f6f0219b8; 0 drivers
o0x7f9f6f0219e8 .functor BUFZ 16, C4<zzzzzzzzzzzzzzzz>; HiZ drive
v0x555f34641050_457 .net v0x555f34641050 457, 15 0, o0x7f9f6f0219e8; 0 drivers
o0x7f9f6f021a18 .functor BUFZ 16, C4<zzzzzzzzzzzzzzzz>; HiZ drive
v0x555f34641050_458 .net v0x555f34641050 458, 15 0, o0x7f9f6f021a18; 0 drivers
o0x7f9f6f021a48 .functor BUFZ 16, C4<zzzzzzzzzzzzzzzz>; HiZ drive
v0x555f34641050_459 .net v0x555f34641050 459, 15 0, o0x7f9f6f021a48; 0 drivers
o0x7f9f6f021a78 .functor BUFZ 16, C4<zzzzzzzzzzzzzzzz>; HiZ drive
v0x555f34641050_460 .net v0x555f34641050 460, 15 0, o0x7f9f6f021a78; 0 drivers
o0x7f9f6f021aa8 .functor BUFZ 16, C4<zzzzzzzzzzzzzzzz>; HiZ drive
v0x555f34641050_461 .net v0x555f34641050 461, 15 0, o0x7f9f6f021aa8; 0 drivers
o0x7f9f6f021ad8 .functor BUFZ 16, C4<zzzzzzzzzzzzzzzz>; HiZ drive
v0x555f34641050_462 .net v0x555f34641050 462, 15 0, o0x7f9f6f021ad8; 0 drivers
o0x7f9f6f021b08 .functor BUFZ 16, C4<zzzzzzzzzzzzzzzz>; HiZ drive
v0x555f34641050_463 .net v0x555f34641050 463, 15 0, o0x7f9f6f021b08; 0 drivers
o0x7f9f6f021b38 .functor BUFZ 16, C4<zzzzzzzzzzzzzzzz>; HiZ drive
v0x555f34641050_464 .net v0x555f34641050 464, 15 0, o0x7f9f6f021b38; 0 drivers
o0x7f9f6f021b68 .functor BUFZ 16, C4<zzzzzzzzzzzzzzzz>; HiZ drive
v0x555f34641050_465 .net v0x555f34641050 465, 15 0, o0x7f9f6f021b68; 0 drivers
o0x7f9f6f021b98 .functor BUFZ 16, C4<zzzzzzzzzzzzzzzz>; HiZ drive
v0x555f34641050_466 .net v0x555f34641050 466, 15 0, o0x7f9f6f021b98; 0 drivers
o0x7f9f6f021bc8 .functor BUFZ 16, C4<zzzzzzzzzzzzzzzz>; HiZ drive
v0x555f34641050_467 .net v0x555f34641050 467, 15 0, o0x7f9f6f021bc8; 0 drivers
o0x7f9f6f021bf8 .functor BUFZ 16, C4<zzzzzzzzzzzzzzzz>; HiZ drive
v0x555f34641050_468 .net v0x555f34641050 468, 15 0, o0x7f9f6f021bf8; 0 drivers
o0x7f9f6f021c28 .functor BUFZ 16, C4<zzzzzzzzzzzzzzzz>; HiZ drive
v0x555f34641050_469 .net v0x555f34641050 469, 15 0, o0x7f9f6f021c28; 0 drivers
o0x7f9f6f021c58 .functor BUFZ 16, C4<zzzzzzzzzzzzzzzz>; HiZ drive
v0x555f34641050_470 .net v0x555f34641050 470, 15 0, o0x7f9f6f021c58; 0 drivers
o0x7f9f6f021c88 .functor BUFZ 16, C4<zzzzzzzzzzzzzzzz>; HiZ drive
v0x555f34641050_471 .net v0x555f34641050 471, 15 0, o0x7f9f6f021c88; 0 drivers
o0x7f9f6f021cb8 .functor BUFZ 16, C4<zzzzzzzzzzzzzzzz>; HiZ drive
v0x555f34641050_472 .net v0x555f34641050 472, 15 0, o0x7f9f6f021cb8; 0 drivers
o0x7f9f6f021ce8 .functor BUFZ 16, C4<zzzzzzzzzzzzzzzz>; HiZ drive
v0x555f34641050_473 .net v0x555f34641050 473, 15 0, o0x7f9f6f021ce8; 0 drivers
o0x7f9f6f021d18 .functor BUFZ 16, C4<zzzzzzzzzzzzzzzz>; HiZ drive
v0x555f34641050_474 .net v0x555f34641050 474, 15 0, o0x7f9f6f021d18; 0 drivers
o0x7f9f6f021d48 .functor BUFZ 16, C4<zzzzzzzzzzzzzzzz>; HiZ drive
v0x555f34641050_475 .net v0x555f34641050 475, 15 0, o0x7f9f6f021d48; 0 drivers
o0x7f9f6f021d78 .functor BUFZ 16, C4<zzzzzzzzzzzzzzzz>; HiZ drive
v0x555f34641050_476 .net v0x555f34641050 476, 15 0, o0x7f9f6f021d78; 0 drivers
o0x7f9f6f021da8 .functor BUFZ 16, C4<zzzzzzzzzzzzzzzz>; HiZ drive
v0x555f34641050_477 .net v0x555f34641050 477, 15 0, o0x7f9f6f021da8; 0 drivers
o0x7f9f6f021dd8 .functor BUFZ 16, C4<zzzzzzzzzzzzzzzz>; HiZ drive
v0x555f34641050_478 .net v0x555f34641050 478, 15 0, o0x7f9f6f021dd8; 0 drivers
o0x7f9f6f021e08 .functor BUFZ 16, C4<zzzzzzzzzzzzzzzz>; HiZ drive
v0x555f34641050_479 .net v0x555f34641050 479, 15 0, o0x7f9f6f021e08; 0 drivers
o0x7f9f6f021e38 .functor BUFZ 16, C4<zzzzzzzzzzzzzzzz>; HiZ drive
v0x555f34641050_480 .net v0x555f34641050 480, 15 0, o0x7f9f6f021e38; 0 drivers
o0x7f9f6f021e68 .functor BUFZ 16, C4<zzzzzzzzzzzzzzzz>; HiZ drive
v0x555f34641050_481 .net v0x555f34641050 481, 15 0, o0x7f9f6f021e68; 0 drivers
o0x7f9f6f021e98 .functor BUFZ 16, C4<zzzzzzzzzzzzzzzz>; HiZ drive
v0x555f34641050_482 .net v0x555f34641050 482, 15 0, o0x7f9f6f021e98; 0 drivers
o0x7f9f6f021ec8 .functor BUFZ 16, C4<zzzzzzzzzzzzzzzz>; HiZ drive
v0x555f34641050_483 .net v0x555f34641050 483, 15 0, o0x7f9f6f021ec8; 0 drivers
o0x7f9f6f021ef8 .functor BUFZ 16, C4<zzzzzzzzzzzzzzzz>; HiZ drive
v0x555f34641050_484 .net v0x555f34641050 484, 15 0, o0x7f9f6f021ef8; 0 drivers
o0x7f9f6f021f28 .functor BUFZ 16, C4<zzzzzzzzzzzzzzzz>; HiZ drive
v0x555f34641050_485 .net v0x555f34641050 485, 15 0, o0x7f9f6f021f28; 0 drivers
o0x7f9f6f021f58 .functor BUFZ 16, C4<zzzzzzzzzzzzzzzz>; HiZ drive
v0x555f34641050_486 .net v0x555f34641050 486, 15 0, o0x7f9f6f021f58; 0 drivers
o0x7f9f6f021f88 .functor BUFZ 16, C4<zzzzzzzzzzzzzzzz>; HiZ drive
v0x555f34641050_487 .net v0x555f34641050 487, 15 0, o0x7f9f6f021f88; 0 drivers
o0x7f9f6f021fb8 .functor BUFZ 16, C4<zzzzzzzzzzzzzzzz>; HiZ drive
v0x555f34641050_488 .net v0x555f34641050 488, 15 0, o0x7f9f6f021fb8; 0 drivers
o0x7f9f6f021fe8 .functor BUFZ 16, C4<zzzzzzzzzzzzzzzz>; HiZ drive
v0x555f34641050_489 .net v0x555f34641050 489, 15 0, o0x7f9f6f021fe8; 0 drivers
o0x7f9f6f022018 .functor BUFZ 16, C4<zzzzzzzzzzzzzzzz>; HiZ drive
v0x555f34641050_490 .net v0x555f34641050 490, 15 0, o0x7f9f6f022018; 0 drivers
o0x7f9f6f022048 .functor BUFZ 16, C4<zzzzzzzzzzzzzzzz>; HiZ drive
v0x555f34641050_491 .net v0x555f34641050 491, 15 0, o0x7f9f6f022048; 0 drivers
o0x7f9f6f022078 .functor BUFZ 16, C4<zzzzzzzzzzzzzzzz>; HiZ drive
v0x555f34641050_492 .net v0x555f34641050 492, 15 0, o0x7f9f6f022078; 0 drivers
o0x7f9f6f0220a8 .functor BUFZ 16, C4<zzzzzzzzzzzzzzzz>; HiZ drive
v0x555f34641050_493 .net v0x555f34641050 493, 15 0, o0x7f9f6f0220a8; 0 drivers
o0x7f9f6f0220d8 .functor BUFZ 16, C4<zzzzzzzzzzzzzzzz>; HiZ drive
v0x555f34641050_494 .net v0x555f34641050 494, 15 0, o0x7f9f6f0220d8; 0 drivers
o0x7f9f6f022108 .functor BUFZ 16, C4<zzzzzzzzzzzzzzzz>; HiZ drive
v0x555f34641050_495 .net v0x555f34641050 495, 15 0, o0x7f9f6f022108; 0 drivers
o0x7f9f6f022138 .functor BUFZ 16, C4<zzzzzzzzzzzzzzzz>; HiZ drive
v0x555f34641050_496 .net v0x555f34641050 496, 15 0, o0x7f9f6f022138; 0 drivers
o0x7f9f6f022168 .functor BUFZ 16, C4<zzzzzzzzzzzzzzzz>; HiZ drive
v0x555f34641050_497 .net v0x555f34641050 497, 15 0, o0x7f9f6f022168; 0 drivers
o0x7f9f6f022198 .functor BUFZ 16, C4<zzzzzzzzzzzzzzzz>; HiZ drive
v0x555f34641050_498 .net v0x555f34641050 498, 15 0, o0x7f9f6f022198; 0 drivers
o0x7f9f6f0221c8 .functor BUFZ 16, C4<zzzzzzzzzzzzzzzz>; HiZ drive
v0x555f34641050_499 .net v0x555f34641050 499, 15 0, o0x7f9f6f0221c8; 0 drivers
o0x7f9f6f0221f8 .functor BUFZ 16, C4<zzzzzzzzzzzzzzzz>; HiZ drive
v0x555f34641050_500 .net v0x555f34641050 500, 15 0, o0x7f9f6f0221f8; 0 drivers
o0x7f9f6f022228 .functor BUFZ 16, C4<zzzzzzzzzzzzzzzz>; HiZ drive
v0x555f34641050_501 .net v0x555f34641050 501, 15 0, o0x7f9f6f022228; 0 drivers
o0x7f9f6f022258 .functor BUFZ 16, C4<zzzzzzzzzzzzzzzz>; HiZ drive
v0x555f34641050_502 .net v0x555f34641050 502, 15 0, o0x7f9f6f022258; 0 drivers
o0x7f9f6f022288 .functor BUFZ 16, C4<zzzzzzzzzzzzzzzz>; HiZ drive
v0x555f34641050_503 .net v0x555f34641050 503, 15 0, o0x7f9f6f022288; 0 drivers
o0x7f9f6f0222b8 .functor BUFZ 16, C4<zzzzzzzzzzzzzzzz>; HiZ drive
v0x555f34641050_504 .net v0x555f34641050 504, 15 0, o0x7f9f6f0222b8; 0 drivers
o0x7f9f6f0222e8 .functor BUFZ 16, C4<zzzzzzzzzzzzzzzz>; HiZ drive
v0x555f34641050_505 .net v0x555f34641050 505, 15 0, o0x7f9f6f0222e8; 0 drivers
o0x7f9f6f022318 .functor BUFZ 16, C4<zzzzzzzzzzzzzzzz>; HiZ drive
v0x555f34641050_506 .net v0x555f34641050 506, 15 0, o0x7f9f6f022318; 0 drivers
o0x7f9f6f022348 .functor BUFZ 16, C4<zzzzzzzzzzzzzzzz>; HiZ drive
v0x555f34641050_507 .net v0x555f34641050 507, 15 0, o0x7f9f6f022348; 0 drivers
o0x7f9f6f022378 .functor BUFZ 16, C4<zzzzzzzzzzzzzzzz>; HiZ drive
v0x555f34641050_508 .net v0x555f34641050 508, 15 0, o0x7f9f6f022378; 0 drivers
o0x7f9f6f0223a8 .functor BUFZ 16, C4<zzzzzzzzzzzzzzzz>; HiZ drive
v0x555f34641050_509 .net v0x555f34641050 509, 15 0, o0x7f9f6f0223a8; 0 drivers
o0x7f9f6f0223d8 .functor BUFZ 16, C4<zzzzzzzzzzzzzzzz>; HiZ drive
v0x555f34641050_510 .net v0x555f34641050 510, 15 0, o0x7f9f6f0223d8; 0 drivers
o0x7f9f6f022408 .functor BUFZ 16, C4<zzzzzzzzzzzzzzzz>; HiZ drive
v0x555f34641050_511 .net v0x555f34641050 511, 15 0, o0x7f9f6f022408; 0 drivers
v0x555f34672e20_0 .var "ext_flat", 8191 0;
o0x7f9f6f022468 .functor BUFZ 1, C4<z>; HiZ drive
v0x555f34672f00_0 .net "ext_valid", 0 0, o0x7f9f6f022468;  0 drivers
v0x555f34672fc0 .array "final_data", 511 0;
v0x555f34672fc0_0 .net v0x555f34672fc0 0, 15 0, L_0x555f3467c5b0; 1 drivers
v0x555f34672fc0_1 .net v0x555f34672fc0 1, 15 0, L_0x555f3467c680; 1 drivers
v0x555f34672fc0_2 .net v0x555f34672fc0 2, 15 0, L_0x555f3467c750; 1 drivers
v0x555f34672fc0_3 .net v0x555f34672fc0 3, 15 0, L_0x555f3467c7f0; 1 drivers
v0x555f34672fc0_4 .net v0x555f34672fc0 4, 15 0, L_0x555f3467c8f0; 1 drivers
v0x555f34672fc0_5 .net v0x555f34672fc0 5, 15 0, L_0x555f3467c9c0; 1 drivers
v0x555f34672fc0_6 .net v0x555f34672fc0 6, 15 0, L_0x555f3467cad0; 1 drivers
v0x555f34672fc0_7 .net v0x555f34672fc0 7, 15 0, L_0x555f3467cb70; 1 drivers
v0x555f34672fc0_8 .net v0x555f34672fc0 8, 15 0, L_0x555f3467cda0; 1 drivers
v0x555f34672fc0_9 .net v0x555f34672fc0 9, 15 0, L_0x555f3467ce70; 1 drivers
v0x555f34672fc0_10 .net v0x555f34672fc0 10, 15 0, L_0x555f3467cfa0; 1 drivers
v0x555f34672fc0_11 .net v0x555f34672fc0 11, 15 0, L_0x555f3467d070; 1 drivers
v0x555f34672fc0_12 .net v0x555f34672fc0 12, 15 0, L_0x555f3467d1b0; 1 drivers
v0x555f34672fc0_13 .net v0x555f34672fc0 13, 15 0, L_0x555f3467d280; 1 drivers
v0x555f34672fc0_14 .net v0x555f34672fc0 14, 15 0, L_0x555f3467d3d0; 1 drivers
v0x555f34672fc0_15 .net v0x555f34672fc0 15, 15 0, L_0x555f3467d4a0; 1 drivers
v0x555f34672fc0_16 .net v0x555f34672fc0 16, 15 0, L_0x555f3467d600; 1 drivers
v0x555f34672fc0_17 .net v0x555f34672fc0 17, 15 0, L_0x555f3467d6d0; 1 drivers
v0x555f34672fc0_18 .net v0x555f34672fc0 18, 15 0, L_0x555f3467d840; 1 drivers
v0x555f34672fc0_19 .net v0x555f34672fc0 19, 15 0, L_0x555f3467d910; 1 drivers
v0x555f34672fc0_20 .net v0x555f34672fc0 20, 15 0, L_0x555f3467d7a0; 1 drivers
v0x555f34672fc0_21 .net v0x555f34672fc0 21, 15 0, L_0x555f3467dac0; 1 drivers
v0x555f34672fc0_22 .net v0x555f34672fc0 22, 15 0, L_0x555f3467dc50; 1 drivers
v0x555f34672fc0_23 .net v0x555f34672fc0 23, 15 0, L_0x555f3467dd20; 1 drivers
v0x555f34672fc0_24 .net v0x555f34672fc0 24, 15 0, L_0x555f3467dec0; 1 drivers
v0x555f34672fc0_25 .net v0x555f34672fc0 25, 15 0, L_0x555f3467df90; 1 drivers
v0x555f34672fc0_26 .net v0x555f34672fc0 26, 15 0, L_0x555f3467e140; 1 drivers
v0x555f34672fc0_27 .net v0x555f34672fc0 27, 15 0, L_0x555f3467e210; 1 drivers
v0x555f34672fc0_28 .net v0x555f34672fc0 28, 15 0, L_0x555f3467e3d0; 1 drivers
v0x555f34672fc0_29 .net v0x555f34672fc0 29, 15 0, L_0x555f3467e4a0; 1 drivers
v0x555f34672fc0_30 .net v0x555f34672fc0 30, 15 0, L_0x555f3467e670; 1 drivers
v0x555f34672fc0_31 .net v0x555f34672fc0 31, 15 0, L_0x555f3467e740; 1 drivers
v0x555f34672fc0_32 .net v0x555f34672fc0 32, 15 0, L_0x555f3467e920; 1 drivers
v0x555f34672fc0_33 .net v0x555f34672fc0 33, 15 0, L_0x555f3467e9f0; 1 drivers
v0x555f34672fc0_34 .net v0x555f34672fc0 34, 15 0, L_0x555f3467ebe0; 1 drivers
v0x555f34672fc0_35 .net v0x555f34672fc0 35, 15 0, L_0x555f3467ecb0; 1 drivers
v0x555f34672fc0_36 .net v0x555f34672fc0 36, 15 0, L_0x555f3467eac0; 1 drivers
v0x555f34672fc0_37 .net v0x555f34672fc0 37, 15 0, L_0x555f3467eeb0; 1 drivers
v0x555f34672fc0_38 .net v0x555f34672fc0 38, 15 0, L_0x555f3467f090; 1 drivers
v0x555f34672fc0_39 .net v0x555f34672fc0 39, 15 0, L_0x555f3467f160; 1 drivers
v0x555f34672fc0_40 .net v0x555f34672fc0 40, 15 0, L_0x555f3467f380; 1 drivers
v0x555f34672fc0_41 .net v0x555f34672fc0 41, 15 0, L_0x555f3467f450; 1 drivers
v0x555f34672fc0_42 .net v0x555f34672fc0 42, 15 0, L_0x555f3467f680; 1 drivers
v0x555f34672fc0_43 .net v0x555f34672fc0 43, 15 0, L_0x555f3467f750; 1 drivers
v0x555f34672fc0_44 .net v0x555f34672fc0 44, 15 0, L_0x555f3467f990; 1 drivers
v0x555f34672fc0_45 .net v0x555f34672fc0 45, 15 0, L_0x555f3467fa60; 1 drivers
v0x555f34672fc0_46 .net v0x555f34672fc0 46, 15 0, L_0x555f3467fcb0; 1 drivers
v0x555f34672fc0_47 .net v0x555f34672fc0 47, 15 0, L_0x555f3467fd80; 1 drivers
v0x555f34672fc0_48 .net v0x555f34672fc0 48, 15 0, L_0x555f3467ffe0; 1 drivers
v0x555f34672fc0_49 .net v0x555f34672fc0 49, 15 0, L_0x555f346800b0; 1 drivers
v0x555f34672fc0_50 .net v0x555f34672fc0 50, 15 0, L_0x555f34680320; 1 drivers
v0x555f34672fc0_51 .net v0x555f34672fc0 51, 15 0, L_0x555f346803f0; 1 drivers
v0x555f34672fc0_52 .net v0x555f34672fc0 52, 15 0, L_0x555f34680670; 1 drivers
v0x555f34672fc0_53 .net v0x555f34672fc0 53, 15 0, L_0x555f34680740; 1 drivers
v0x555f34672fc0_54 .net v0x555f34672fc0 54, 15 0, L_0x555f346809d0; 1 drivers
v0x555f34672fc0_55 .net v0x555f34672fc0 55, 15 0, L_0x555f34680aa0; 1 drivers
v0x555f34672fc0_56 .net v0x555f34672fc0 56, 15 0, L_0x555f34680d40; 1 drivers
v0x555f34672fc0_57 .net v0x555f34672fc0 57, 15 0, L_0x555f34680e10; 1 drivers
v0x555f34672fc0_58 .net v0x555f34672fc0 58, 15 0, L_0x555f346810c0; 1 drivers
v0x555f34672fc0_59 .net v0x555f34672fc0 59, 15 0, L_0x555f34681190; 1 drivers
v0x555f34672fc0_60 .net v0x555f34672fc0 60, 15 0, L_0x555f34681450; 1 drivers
v0x555f34672fc0_61 .net v0x555f34672fc0 61, 15 0, L_0x555f34681520; 1 drivers
v0x555f34672fc0_62 .net v0x555f34672fc0 62, 15 0, L_0x555f346817f0; 1 drivers
v0x555f34672fc0_63 .net v0x555f34672fc0 63, 15 0, L_0x555f346818c0; 1 drivers
v0x555f34672fc0_64 .net v0x555f34672fc0 64, 15 0, L_0x555f34674360; 1 drivers
v0x555f34672fc0_65 .net v0x555f34672fc0 65, 15 0, L_0x555f34674430; 1 drivers
v0x555f34672fc0_66 .net v0x555f34672fc0 66, 15 0, L_0x555f34674720; 1 drivers
v0x555f34672fc0_67 .net v0x555f34672fc0 67, 15 0, L_0x555f346747f0; 1 drivers
v0x555f34672fc0_68 .net v0x555f34672fc0 68, 15 0, L_0x555f34682400; 1 drivers
v0x555f34672fc0_69 .net v0x555f34672fc0 69, 15 0, L_0x555f346824d0; 1 drivers
v0x555f34672fc0_70 .net v0x555f34672fc0 70, 15 0, L_0x555f346827e0; 1 drivers
v0x555f34672fc0_71 .net v0x555f34672fc0 71, 15 0, L_0x555f346828b0; 1 drivers
v0x555f34672fc0_72 .net v0x555f34672fc0 72, 15 0, L_0x555f34682bd0; 1 drivers
v0x555f34672fc0_73 .net v0x555f34672fc0 73, 15 0, L_0x555f34682ca0; 1 drivers
v0x555f34672fc0_74 .net v0x555f34672fc0 74, 15 0, L_0x555f34682fd0; 1 drivers
v0x555f34672fc0_75 .net v0x555f34672fc0 75, 15 0, L_0x555f346830a0; 1 drivers
v0x555f34672fc0_76 .net v0x555f34672fc0 76, 15 0, L_0x555f346833e0; 1 drivers
v0x555f34672fc0_77 .net v0x555f34672fc0 77, 15 0, L_0x555f346834b0; 1 drivers
v0x555f34672fc0_78 .net v0x555f34672fc0 78, 15 0, L_0x555f34683800; 1 drivers
v0x555f34672fc0_79 .net v0x555f34672fc0 79, 15 0, L_0x555f346838d0; 1 drivers
v0x555f34672fc0_80 .net v0x555f34672fc0 80, 15 0, L_0x555f34683c30; 1 drivers
v0x555f34672fc0_81 .net v0x555f34672fc0 81, 15 0, L_0x555f34683d00; 1 drivers
v0x555f34672fc0_82 .net v0x555f34672fc0 82, 15 0, L_0x555f34684070; 1 drivers
v0x555f34672fc0_83 .net v0x555f34672fc0 83, 15 0, L_0x555f34684140; 1 drivers
v0x555f34672fc0_84 .net v0x555f34672fc0 84, 15 0, L_0x555f346844c0; 1 drivers
v0x555f34672fc0_85 .net v0x555f34672fc0 85, 15 0, L_0x555f34684590; 1 drivers
v0x555f34672fc0_86 .net v0x555f34672fc0 86, 15 0, L_0x555f34684920; 1 drivers
v0x555f34672fc0_87 .net v0x555f34672fc0 87, 15 0, L_0x555f346849f0; 1 drivers
v0x555f34672fc0_88 .net v0x555f34672fc0 88, 15 0, L_0x555f34684d90; 1 drivers
v0x555f34672fc0_89 .net v0x555f34672fc0 89, 15 0, L_0x555f34684e60; 1 drivers
v0x555f34672fc0_90 .net v0x555f34672fc0 90, 15 0, L_0x555f34685210; 1 drivers
v0x555f34672fc0_91 .net v0x555f34672fc0 91, 15 0, L_0x555f346852e0; 1 drivers
v0x555f34672fc0_92 .net v0x555f34672fc0 92, 15 0, L_0x555f346856a0; 1 drivers
v0x555f34672fc0_93 .net v0x555f34672fc0 93, 15 0, L_0x555f34685770; 1 drivers
v0x555f34672fc0_94 .net v0x555f34672fc0 94, 15 0, L_0x555f34685b40; 1 drivers
v0x555f34672fc0_95 .net v0x555f34672fc0 95, 15 0, L_0x555f34685c10; 1 drivers
v0x555f34672fc0_96 .net v0x555f34672fc0 96, 15 0, L_0x555f34685ff0; 1 drivers
v0x555f34672fc0_97 .net v0x555f34672fc0 97, 15 0, L_0x555f346860c0; 1 drivers
v0x555f34672fc0_98 .net v0x555f34672fc0 98, 15 0, L_0x555f346864b0; 1 drivers
v0x555f34672fc0_99 .net v0x555f34672fc0 99, 15 0, L_0x555f34686580; 1 drivers
v0x555f34672fc0_100 .net v0x555f34672fc0 100, 15 0, L_0x555f34686980; 1 drivers
v0x555f34672fc0_101 .net v0x555f34672fc0 101, 15 0, L_0x555f34686a50; 1 drivers
v0x555f34672fc0_102 .net v0x555f34672fc0 102, 15 0, L_0x555f34686e60; 1 drivers
v0x555f34672fc0_103 .net v0x555f34672fc0 103, 15 0, L_0x555f34686f30; 1 drivers
v0x555f34672fc0_104 .net v0x555f34672fc0 104, 15 0, L_0x555f34687350; 1 drivers
v0x555f34672fc0_105 .net v0x555f34672fc0 105, 15 0, L_0x555f34687420; 1 drivers
v0x555f34672fc0_106 .net v0x555f34672fc0 106, 15 0, L_0x555f34687850; 1 drivers
v0x555f34672fc0_107 .net v0x555f34672fc0 107, 15 0, L_0x555f34687920; 1 drivers
v0x555f34672fc0_108 .net v0x555f34672fc0 108, 15 0, L_0x555f34687d60; 1 drivers
v0x555f34672fc0_109 .net v0x555f34672fc0 109, 15 0, L_0x555f34687e30; 1 drivers
v0x555f34672fc0_110 .net v0x555f34672fc0 110, 15 0, L_0x555f34688280; 1 drivers
v0x555f34672fc0_111 .net v0x555f34672fc0 111, 15 0, L_0x555f34688350; 1 drivers
v0x555f34672fc0_112 .net v0x555f34672fc0 112, 15 0, L_0x555f346887b0; 1 drivers
v0x555f34672fc0_113 .net v0x555f34672fc0 113, 15 0, L_0x555f34688880; 1 drivers
v0x555f34672fc0_114 .net v0x555f34672fc0 114, 15 0, L_0x555f34688cf0; 1 drivers
v0x555f34672fc0_115 .net v0x555f34672fc0 115, 15 0, L_0x555f34688dc0; 1 drivers
v0x555f34672fc0_116 .net v0x555f34672fc0 116, 15 0, L_0x555f34689240; 1 drivers
v0x555f34672fc0_117 .net v0x555f34672fc0 117, 15 0, L_0x555f34689310; 1 drivers
v0x555f34672fc0_118 .net v0x555f34672fc0 118, 15 0, L_0x555f346897a0; 1 drivers
v0x555f34672fc0_119 .net v0x555f34672fc0 119, 15 0, L_0x555f34689870; 1 drivers
v0x555f34672fc0_120 .net v0x555f34672fc0 120, 15 0, L_0x555f34689d10; 1 drivers
v0x555f34672fc0_121 .net v0x555f34672fc0 121, 15 0, L_0x555f34689de0; 1 drivers
v0x555f34672fc0_122 .net v0x555f34672fc0 122, 15 0, L_0x555f34674c70; 1 drivers
v0x555f34672fc0_123 .net v0x555f34672fc0 123, 15 0, L_0x555f34674d40; 1 drivers
v0x555f34672fc0_124 .net v0x555f34672fc0 124, 15 0, L_0x555f34674e10; 1 drivers
v0x555f34672fc0_125 .net v0x555f34672fc0 125, 15 0, L_0x555f34674ee0; 1 drivers
v0x555f34672fc0_126 .net v0x555f34672fc0 126, 15 0, L_0x555f3468a2b0; 1 drivers
v0x555f34672fc0_127 .net v0x555f34672fc0 127, 15 0, L_0x555f3468a350; 1 drivers
v0x555f34672fc0_128 .net v0x555f34672fc0 128, 15 0, L_0x555f34681da0; 1 drivers
v0x555f34672fc0_129 .net v0x555f34672fc0 129, 15 0, L_0x555f34681e70; 1 drivers
v0x555f34672fc0_130 .net v0x555f34672fc0 130, 15 0, L_0x555f34675010; 1 drivers
v0x555f34672fc0_131 .net v0x555f34672fc0 131, 15 0, L_0x555f34681f70; 1 drivers
v0x555f34672fc0_132 .net v0x555f34672fc0 132, 15 0, L_0x555f34682040; 1 drivers
v0x555f34672fc0_133 .net v0x555f34672fc0 133, 15 0, L_0x555f3468b830; 1 drivers
v0x555f34672fc0_134 .net v0x555f34672fc0 134, 15 0, L_0x555f346750b0; 1 drivers
v0x555f34672fc0_135 .net v0x555f34672fc0 135, 15 0, L_0x555f3468b400; 1 drivers
v0x555f34672fc0_136 .net v0x555f34672fc0 136, 15 0, L_0x555f3468b4a0; 1 drivers
v0x555f34672fc0_137 .net v0x555f34672fc0 137, 15 0, L_0x555f3468b570; 1 drivers
v0x555f34672fc0_138 .net v0x555f34672fc0 138, 15 0, L_0x555f3468b640; 1 drivers
v0x555f34672fc0_139 .net v0x555f34672fc0 139, 15 0, L_0x555f3468b710; 1 drivers
v0x555f34672fc0_140 .net v0x555f34672fc0 140, 15 0, L_0x555f3468bd40; 1 drivers
v0x555f34672fc0_141 .net v0x555f34672fc0 141, 15 0, L_0x555f3468bde0; 1 drivers
v0x555f34672fc0_142 .net v0x555f34672fc0 142, 15 0, L_0x555f34675150; 1 drivers
v0x555f34672fc0_143 .net v0x555f34672fc0 143, 15 0, L_0x555f3468b8d0; 1 drivers
v0x555f34672fc0_144 .net v0x555f34672fc0 144, 15 0, L_0x555f3468b970; 1 drivers
v0x555f34672fc0_145 .net v0x555f34672fc0 145, 15 0, L_0x555f3468ba40; 1 drivers
v0x555f34672fc0_146 .net v0x555f34672fc0 146, 15 0, L_0x555f3468bb10; 1 drivers
v0x555f34672fc0_147 .net v0x555f34672fc0 147, 15 0, L_0x555f3468bbe0; 1 drivers
v0x555f34672fc0_148 .net v0x555f34672fc0 148, 15 0, L_0x555f3468c360; 1 drivers
v0x555f34672fc0_149 .net v0x555f34672fc0 149, 15 0, L_0x555f3468c400; 1 drivers
v0x555f34672fc0_150 .net v0x555f34672fc0 150, 15 0, L_0x555f34675250; 1 drivers
v0x555f34672fc0_151 .net v0x555f34672fc0 151, 15 0, L_0x555f3468beb0; 1 drivers
v0x555f34672fc0_152 .net v0x555f34672fc0 152, 15 0, L_0x555f3468bf80; 1 drivers
v0x555f34672fc0_153 .net v0x555f34672fc0 153, 15 0, L_0x555f3468c050; 1 drivers
v0x555f34672fc0_154 .net v0x555f34672fc0 154, 15 0, L_0x555f3468c120; 1 drivers
v0x555f34672fc0_155 .net v0x555f34672fc0 155, 15 0, L_0x555f3468c1f0; 1 drivers
v0x555f34672fc0_156 .net v0x555f34672fc0 156, 15 0, L_0x555f3468c2c0; 1 drivers
v0x555f34672fc0_157 .net v0x555f34672fc0 157, 15 0, L_0x555f3468c990; 1 drivers
v0x555f34672fc0_158 .net v0x555f34672fc0 158, 15 0, L_0x555f34675350; 1 drivers
v0x555f34672fc0_159 .net v0x555f34672fc0 159, 15 0, L_0x555f3468c4a0; 1 drivers
v0x555f34672fc0_160 .net v0x555f34672fc0 160, 15 0, L_0x555f3468c540; 1 drivers
v0x555f34672fc0_161 .net v0x555f34672fc0 161, 15 0, L_0x555f3468c610; 1 drivers
v0x555f34672fc0_162 .net v0x555f34672fc0 162, 15 0, L_0x555f3468c6e0; 1 drivers
v0x555f34672fc0_163 .net v0x555f34672fc0 163, 15 0, L_0x555f3468c7b0; 1 drivers
v0x555f34672fc0_164 .net v0x555f34672fc0 164, 15 0, L_0x555f3468c880; 1 drivers
v0x555f34672fc0_165 .net v0x555f34672fc0 165, 15 0, L_0x555f3468cf60; 1 drivers
v0x555f34672fc0_166 .net v0x555f34672fc0 166, 15 0, L_0x555f34675450; 1 drivers
v0x555f34672fc0_167 .net v0x555f34672fc0 167, 15 0, L_0x555f3468ca30; 1 drivers
v0x555f34672fc0_168 .net v0x555f34672fc0 168, 15 0, L_0x555f3468cad0; 1 drivers
v0x555f34672fc0_169 .net v0x555f34672fc0 169, 15 0, L_0x555f3468cba0; 1 drivers
v0x555f34672fc0_170 .net v0x555f34672fc0 170, 15 0, L_0x555f3468cc70; 1 drivers
v0x555f34672fc0_171 .net v0x555f34672fc0 171, 15 0, L_0x555f3468cd40; 1 drivers
v0x555f34672fc0_172 .net v0x555f34672fc0 172, 15 0, L_0x555f3468ce10; 1 drivers
v0x555f34672fc0_173 .net v0x555f34672fc0 173, 15 0, L_0x555f3468d570; 1 drivers
v0x555f34672fc0_174 .net v0x555f34672fc0 174, 15 0, L_0x555f34675550; 1 drivers
v0x555f34672fc0_175 .net v0x555f34672fc0 175, 15 0, L_0x555f3468d000; 1 drivers
v0x555f34672fc0_176 .net v0x555f34672fc0 176, 15 0, L_0x555f3468d0a0; 1 drivers
v0x555f34672fc0_177 .net v0x555f34672fc0 177, 15 0, L_0x555f3468d170; 1 drivers
v0x555f34672fc0_178 .net v0x555f34672fc0 178, 15 0, L_0x555f3468d240; 1 drivers
v0x555f34672fc0_179 .net v0x555f34672fc0 179, 15 0, L_0x555f3468d310; 1 drivers
v0x555f34672fc0_180 .net v0x555f34672fc0 180, 15 0, L_0x555f3468d3e0; 1 drivers
v0x555f34672fc0_181 .net v0x555f34672fc0 181, 15 0, L_0x555f3468d4b0; 1 drivers
v0x555f34672fc0_182 .net v0x555f34672fc0 182, 15 0, L_0x555f3468dbd0; 1 drivers
v0x555f34672fc0_183 .net v0x555f34672fc0 183, 15 0, L_0x555f3468dca0; 1 drivers
v0x555f34672fc0_184 .net v0x555f34672fc0 184, 15 0, L_0x555f34675650; 1 drivers
v0x555f34672fc0_185 .net v0x555f34672fc0 185, 15 0, L_0x555f3468d610; 1 drivers
v0x555f34672fc0_186 .net v0x555f34672fc0 186, 15 0, L_0x555f3468d6e0; 1 drivers
v0x555f34672fc0_187 .net v0x555f34672fc0 187, 15 0, L_0x555f3468d7b0; 1 drivers
v0x555f34672fc0_188 .net v0x555f34672fc0 188, 15 0, L_0x555f3468d880; 1 drivers
v0x555f34672fc0_189 .net v0x555f34672fc0 189, 15 0, L_0x555f3468d950; 1 drivers
v0x555f34672fc0_190 .net v0x555f34672fc0 190, 15 0, L_0x555f3468da20; 1 drivers
v0x555f34672fc0_191 .net v0x555f34672fc0 191, 15 0, L_0x555f3468daf0; 1 drivers
v0x555f34672fc0_192 .net v0x555f34672fc0 192, 15 0, L_0x555f3468e380; 1 drivers
v0x555f34672fc0_193 .net v0x555f34672fc0 193, 15 0, L_0x555f3468e420; 1 drivers
v0x555f34672fc0_194 .net v0x555f34672fc0 194, 15 0, L_0x555f34675790; 1 drivers
v0x555f34672fc0_195 .net v0x555f34672fc0 195, 15 0, L_0x555f3468dd70; 1 drivers
v0x555f34672fc0_196 .net v0x555f34672fc0 196, 15 0, L_0x555f3468de40; 1 drivers
v0x555f34672fc0_197 .net v0x555f34672fc0 197, 15 0, L_0x555f3468df10; 1 drivers
v0x555f34672fc0_198 .net v0x555f34672fc0 198, 15 0, L_0x555f3468dfe0; 1 drivers
v0x555f34672fc0_199 .net v0x555f34672fc0 199, 15 0, L_0x555f3468e0b0; 1 drivers
v0x555f34672fc0_200 .net v0x555f34672fc0 200, 15 0, L_0x555f3468e180; 1 drivers
v0x555f34672fc0_201 .net v0x555f34672fc0 201, 15 0, L_0x555f3468e250; 1 drivers
v0x555f34672fc0_202 .net v0x555f34672fc0 202, 15 0, L_0x555f3468eb20; 1 drivers
v0x555f34672fc0_203 .net v0x555f34672fc0 203, 15 0, L_0x555f3468ebc0; 1 drivers
v0x555f34672fc0_204 .net v0x555f34672fc0 204, 15 0, L_0x555f34675860; 1 drivers
v0x555f34672fc0_205 .net v0x555f34672fc0 205, 15 0, L_0x555f34675930; 1 drivers
v0x555f34672fc0_206 .net v0x555f34672fc0 206, 15 0, L_0x555f3468e4c0; 1 drivers
v0x555f34672fc0_207 .net v0x555f34672fc0 207, 15 0, L_0x555f3468e590; 1 drivers
v0x555f34672fc0_208 .net v0x555f34672fc0 208, 15 0, L_0x555f3468e660; 1 drivers
v0x555f34672fc0_209 .net v0x555f34672fc0 209, 15 0, L_0x555f3468e730; 1 drivers
v0x555f34672fc0_210 .net v0x555f34672fc0 210, 15 0, L_0x555f3468e800; 1 drivers
v0x555f34672fc0_211 .net v0x555f34672fc0 211, 15 0, L_0x555f3468e8d0; 1 drivers
v0x555f34672fc0_212 .net v0x555f34672fc0 212, 15 0, L_0x555f3468e9a0; 1 drivers
v0x555f34672fc0_213 .net v0x555f34672fc0 213, 15 0, L_0x555f3468ea70; 1 drivers
v0x555f34672fc0_214 .net v0x555f34672fc0 214, 15 0, L_0x555f34675a10; 1 drivers
v0x555f34672fc0_215 .net v0x555f34672fc0 215, 15 0, L_0x555f3468ec60; 1 drivers
v0x555f34672fc0_216 .net v0x555f34672fc0 216, 15 0, L_0x555f3468ed30; 1 drivers
v0x555f34672fc0_217 .net v0x555f34672fc0 217, 15 0, L_0x555f3468ee00; 1 drivers
v0x555f34672fc0_218 .net v0x555f34672fc0 218, 15 0, L_0x555f3468eed0; 1 drivers
v0x555f34672fc0_219 .net v0x555f34672fc0 219, 15 0, L_0x555f3468efa0; 1 drivers
v0x555f34672fc0_220 .net v0x555f34672fc0 220, 15 0, L_0x555f3468f070; 1 drivers
v0x555f34672fc0_221 .net v0x555f34672fc0 221, 15 0, L_0x555f3468f140; 1 drivers
v0x555f34672fc0_222 .net v0x555f34672fc0 222, 15 0, L_0x555f3468f210; 1 drivers
v0x555f34672fc0_223 .net v0x555f34672fc0 223, 15 0, L_0x555f3468fa40; 1 drivers
v0x555f34672fc0_224 .net v0x555f34672fc0 224, 15 0, L_0x555f34675ae0; 1 drivers
v0x555f34672fc0_225 .net v0x555f34672fc0 225, 15 0, L_0x555f34675bb0; 1 drivers
v0x555f34672fc0_226 .net v0x555f34672fc0 226, 15 0, L_0x555f3468f340; 1 drivers
v0x555f34672fc0_227 .net v0x555f34672fc0 227, 15 0, L_0x555f3468f410; 1 drivers
v0x555f34672fc0_228 .net v0x555f34672fc0 228, 15 0, L_0x555f3468f4e0; 1 drivers
v0x555f34672fc0_229 .net v0x555f34672fc0 229, 15 0, L_0x555f3468f5b0; 1 drivers
v0x555f34672fc0_230 .net v0x555f34672fc0 230, 15 0, L_0x555f3468f680; 1 drivers
v0x555f34672fc0_231 .net v0x555f34672fc0 231, 15 0, L_0x555f3468f750; 1 drivers
v0x555f34672fc0_232 .net v0x555f34672fc0 232, 15 0, L_0x555f3468f820; 1 drivers
v0x555f34672fc0_233 .net v0x555f34672fc0 233, 15 0, L_0x555f3468f8f0; 1 drivers
v0x555f34672fc0_234 .net v0x555f34672fc0 234, 15 0, L_0x555f34690240; 1 drivers
v0x555f34672fc0_235 .net v0x555f34672fc0 235, 15 0, L_0x555f346902e0; 1 drivers
v0x555f34672fc0_236 .net v0x555f34672fc0 236, 15 0, L_0x555f34675c90; 1 drivers
v0x555f34672fc0_237 .net v0x555f34672fc0 237, 15 0, L_0x555f34675d60; 1 drivers
v0x555f34672fc0_238 .net v0x555f34672fc0 238, 15 0, L_0x555f3468fb10; 1 drivers
v0x555f34672fc0_239 .net v0x555f34672fc0 239, 15 0, L_0x555f3468fbe0; 1 drivers
v0x555f34672fc0_240 .net v0x555f34672fc0 240, 15 0, L_0x555f3468fcb0; 1 drivers
v0x555f34672fc0_241 .net v0x555f34672fc0 241, 15 0, L_0x555f3468fd80; 1 drivers
v0x555f34672fc0_242 .net v0x555f34672fc0 242, 15 0, L_0x555f3468fe50; 1 drivers
v0x555f34672fc0_243 .net v0x555f34672fc0 243, 15 0, L_0x555f3468ff20; 1 drivers
v0x555f34672fc0_244 .net v0x555f34672fc0 244, 15 0, L_0x555f3468fff0; 1 drivers
v0x555f34672fc0_245 .net v0x555f34672fc0 245, 15 0, L_0x555f346900c0; 1 drivers
v0x555f34672fc0_246 .net v0x555f34672fc0 246, 15 0, L_0x555f34690190; 1 drivers
v0x555f34672fc0_247 .net v0x555f34672fc0 247, 15 0, L_0x555f34690b70; 1 drivers
v0x555f34672fc0_248 .net v0x555f34672fc0 248, 15 0, L_0x555f34675e10; 1 drivers
v0x555f34672fc0_249 .net v0x555f34672fc0 249, 15 0, L_0x555f34675ee0; 1 drivers
v0x555f34672fc0_250 .net v0x555f34672fc0 250, 15 0, L_0x555f346903b0; 1 drivers
v0x555f34672fc0_251 .net v0x555f34672fc0 251, 15 0, L_0x555f34690480; 1 drivers
v0x555f34672fc0_252 .net v0x555f34672fc0 252, 15 0, L_0x555f34690550; 1 drivers
v0x555f34672fc0_253 .net v0x555f34672fc0 253, 15 0, L_0x555f34690620; 1 drivers
v0x555f34672fc0_254 .net v0x555f34672fc0 254, 15 0, L_0x555f346906f0; 1 drivers
v0x555f34672fc0_255 .net v0x555f34672fc0 255, 15 0, L_0x555f346907c0; 1 drivers
v0x555f34672fc0_256 .net v0x555f34672fc0 256, 15 0, L_0x555f34675f90; 1 drivers
v0x555f34672fc0_257 .net v0x555f34672fc0 257, 15 0, L_0x555f34690890; 1 drivers
v0x555f34672fc0_258 .net v0x555f34672fc0 258, 15 0, L_0x555f34690930; 1 drivers
v0x555f34672fc0_259 .net v0x555f34672fc0 259, 15 0, L_0x555f34690a00; 1 drivers
v0x555f34672fc0_260 .net v0x555f34672fc0 260, 15 0, L_0x555f3468ac20; 1 drivers
v0x555f34672fc0_261 .net v0x555f34672fc0 261, 15 0, L_0x555f3468acf0; 1 drivers
v0x555f34672fc0_262 .net v0x555f34672fc0 262, 15 0, L_0x555f34676090; 1 drivers
v0x555f34672fc0_263 .net v0x555f34672fc0 263, 15 0, L_0x555f3468adc0; 1 drivers
v0x555f34672fc0_264 .net v0x555f34672fc0 264, 15 0, L_0x555f3468ae90; 1 drivers
v0x555f34672fc0_265 .net v0x555f34672fc0 265, 15 0, L_0x555f3468af60; 1 drivers
v0x555f34672fc0_266 .net v0x555f34672fc0 266, 15 0, L_0x555f3468b030; 1 drivers
v0x555f34672fc0_267 .net v0x555f34672fc0 267, 15 0, L_0x555f3468b100; 1 drivers
v0x555f34672fc0_268 .net v0x555f34672fc0 268, 15 0, L_0x555f3468b1d0; 1 drivers
v0x555f34672fc0_269 .net v0x555f34672fc0 269, 15 0, L_0x555f3468b2a0; 1 drivers
v0x555f34672fc0_270 .net v0x555f34672fc0 270, 15 0, L_0x555f34690c40; 1 drivers
v0x555f34672fc0_271 .net v0x555f34672fc0 271, 15 0, L_0x555f34690d10; 1 drivers
v0x555f34672fc0_272 .net v0x555f34672fc0 272, 15 0, L_0x555f34690de0; 1 drivers
v0x555f34672fc0_273 .net v0x555f34672fc0 273, 15 0, L_0x555f34690eb0; 1 drivers
v0x555f34672fc0_274 .net v0x555f34672fc0 274, 15 0, L_0x555f34690f80; 1 drivers
v0x555f34672fc0_275 .net v0x555f34672fc0 275, 15 0, L_0x555f34691050; 1 drivers
v0x555f34672fc0_276 .net v0x555f34672fc0 276, 15 0, L_0x555f34691120; 1 drivers
v0x555f34672fc0_277 .net v0x555f34672fc0 277, 15 0, L_0x555f346911f0; 1 drivers
v0x555f34672fc0_278 .net v0x555f34672fc0 278, 15 0, L_0x555f346912c0; 1 drivers
v0x555f34672fc0_279 .net v0x555f34672fc0 279, 15 0, L_0x555f34691390; 1 drivers
v0x555f34672fc0_280 .net v0x555f34672fc0 280, 15 0, L_0x555f3468a3f0; 1 drivers
v0x555f34672fc0_281 .net v0x555f34672fc0 281, 15 0, L_0x555f3468a4c0; 1 drivers
v0x555f34672fc0_282 .net v0x555f34672fc0 282, 15 0, L_0x555f3468a590; 1 drivers
v0x555f34672fc0_283 .net v0x555f34672fc0 283, 15 0, L_0x555f3468a660; 1 drivers
v0x555f34672fc0_284 .net v0x555f34672fc0 284, 15 0, L_0x555f3468a730; 1 drivers
v0x555f34672fc0_285 .net v0x555f34672fc0 285, 15 0, L_0x555f3468a800; 1 drivers
v0x555f34672fc0_286 .net v0x555f34672fc0 286, 15 0, L_0x555f3468a8d0; 1 drivers
v0x555f34672fc0_287 .net v0x555f34672fc0 287, 15 0, L_0x555f3468a9a0; 1 drivers
v0x555f34672fc0_288 .net v0x555f34672fc0 288, 15 0, L_0x555f3468aa70; 1 drivers
v0x555f34672fc0_289 .net v0x555f34672fc0 289, 15 0, L_0x555f3468ab40; 1 drivers
v0x555f34672fc0_290 .net v0x555f34672fc0 290, 15 0, L_0x555f34693d70; 1 drivers
v0x555f34672fc0_291 .net v0x555f34672fc0 291, 15 0, L_0x555f34693e10; 1 drivers
v0x555f34672fc0_292 .net v0x555f34672fc0 292, 15 0, L_0x555f34676130; 1 drivers
v0x555f34672fc0_293 .net v0x555f34672fc0 293, 15 0, L_0x555f346761d0; 1 drivers
v0x555f34672fc0_294 .net v0x555f34672fc0 294, 15 0, L_0x555f346762a0; 1 drivers
v0x555f34672fc0_295 .net v0x555f34672fc0 295, 15 0, L_0x555f34676370; 1 drivers
v0x555f34672fc0_296 .net v0x555f34672fc0 296, 15 0, L_0x555f34676440; 1 drivers
v0x555f34672fc0_297 .net v0x555f34672fc0 297, 15 0, L_0x555f34693450; 1 drivers
v0x555f34672fc0_298 .net v0x555f34672fc0 298, 15 0, L_0x555f34693520; 1 drivers
v0x555f34672fc0_299 .net v0x555f34672fc0 299, 15 0, L_0x555f346935f0; 1 drivers
v0x555f34672fc0_300 .net v0x555f34672fc0 300, 15 0, L_0x555f346936c0; 1 drivers
v0x555f34672fc0_301 .net v0x555f34672fc0 301, 15 0, L_0x555f34693790; 1 drivers
v0x555f34672fc0_302 .net v0x555f34672fc0 302, 15 0, L_0x555f34693860; 1 drivers
v0x555f34672fc0_303 .net v0x555f34672fc0 303, 15 0, L_0x555f34693930; 1 drivers
v0x555f34672fc0_304 .net v0x555f34672fc0 304, 15 0, L_0x555f34693a00; 1 drivers
v0x555f34672fc0_305 .net v0x555f34672fc0 305, 15 0, L_0x555f34693ad0; 1 drivers
v0x555f34672fc0_306 .net v0x555f34672fc0 306, 15 0, L_0x555f34693ba0; 1 drivers
v0x555f34672fc0_307 .net v0x555f34672fc0 307, 15 0, L_0x555f34693c70; 1 drivers
v0x555f34672fc0_308 .net v0x555f34672fc0 308, 15 0, L_0x555f34694860; 1 drivers
v0x555f34672fc0_309 .net v0x555f34672fc0 309, 15 0, L_0x555f34694900; 1 drivers
v0x555f34672fc0_310 .net v0x555f34672fc0 310, 15 0, L_0x555f34676510; 1 drivers
v0x555f34672fc0_311 .net v0x555f34672fc0 311, 15 0, L_0x555f346765e0; 1 drivers
v0x555f34672fc0_312 .net v0x555f34672fc0 312, 15 0, L_0x555f346766b0; 1 drivers
v0x555f34672fc0_313 .net v0x555f34672fc0 313, 15 0, L_0x555f34693ee0; 1 drivers
v0x555f34672fc0_314 .net v0x555f34672fc0 314, 15 0, L_0x555f34693fb0; 1 drivers
v0x555f34672fc0_315 .net v0x555f34672fc0 315, 15 0, L_0x555f34694080; 1 drivers
v0x555f34672fc0_316 .net v0x555f34672fc0 316, 15 0, L_0x555f34694150; 1 drivers
v0x555f34672fc0_317 .net v0x555f34672fc0 317, 15 0, L_0x555f34694220; 1 drivers
v0x555f34672fc0_318 .net v0x555f34672fc0 318, 15 0, L_0x555f346942f0; 1 drivers
v0x555f34672fc0_319 .net v0x555f34672fc0 319, 15 0, L_0x555f346943c0; 1 drivers
v0x555f34672fc0_320 .net v0x555f34672fc0 320, 15 0, L_0x555f34694490; 1 drivers
v0x555f34672fc0_321 .net v0x555f34672fc0 321, 15 0, L_0x555f34694560; 1 drivers
v0x555f34672fc0_322 .net v0x555f34672fc0 322, 15 0, L_0x555f34694630; 1 drivers
v0x555f34672fc0_323 .net v0x555f34672fc0 323, 15 0, L_0x555f34694700; 1 drivers
v0x555f34672fc0_324 .net v0x555f34672fc0 324, 15 0, L_0x555f34695400; 1 drivers
v0x555f34672fc0_325 .net v0x555f34672fc0 325, 15 0, L_0x555f346954a0; 1 drivers
v0x555f34672fc0_326 .net v0x555f34672fc0 326, 15 0, L_0x555f34676750; 1 drivers
v0x555f34672fc0_327 .net v0x555f34672fc0 327, 15 0, L_0x555f346767f0; 1 drivers
v0x555f34672fc0_328 .net v0x555f34672fc0 328, 15 0, L_0x555f346949d0; 1 drivers
v0x555f34672fc0_329 .net v0x555f34672fc0 329, 15 0, L_0x555f34694aa0; 1 drivers
v0x555f34672fc0_330 .net v0x555f34672fc0 330, 15 0, L_0x555f34694b70; 1 drivers
v0x555f34672fc0_331 .net v0x555f34672fc0 331, 15 0, L_0x555f34694c40; 1 drivers
v0x555f34672fc0_332 .net v0x555f34672fc0 332, 15 0, L_0x555f34694d10; 1 drivers
v0x555f34672fc0_333 .net v0x555f34672fc0 333, 15 0, L_0x555f34694de0; 1 drivers
v0x555f34672fc0_334 .net v0x555f34672fc0 334, 15 0, L_0x555f34694eb0; 1 drivers
v0x555f34672fc0_335 .net v0x555f34672fc0 335, 15 0, L_0x555f34694f80; 1 drivers
v0x555f34672fc0_336 .net v0x555f34672fc0 336, 15 0, L_0x555f34695050; 1 drivers
v0x555f34672fc0_337 .net v0x555f34672fc0 337, 15 0, L_0x555f34695120; 1 drivers
v0x555f34672fc0_338 .net v0x555f34672fc0 338, 15 0, L_0x555f346951f0; 1 drivers
v0x555f34672fc0_339 .net v0x555f34672fc0 339, 15 0, L_0x555f346952c0; 1 drivers
v0x555f34672fc0_340 .net v0x555f34672fc0 340, 15 0, L_0x555f34695ff0; 1 drivers
v0x555f34672fc0_341 .net v0x555f34672fc0 341, 15 0, L_0x555f34696090; 1 drivers
v0x555f34672fc0_342 .net v0x555f34672fc0 342, 15 0, L_0x555f346768c0; 1 drivers
v0x555f34672fc0_343 .net v0x555f34672fc0 343, 15 0, L_0x555f34676990; 1 drivers
v0x555f34672fc0_344 .net v0x555f34672fc0 344, 15 0, L_0x555f34676a60; 1 drivers
v0x555f34672fc0_345 .net v0x555f34672fc0 345, 15 0, L_0x555f34695540; 1 drivers
v0x555f34672fc0_346 .net v0x555f34672fc0 346, 15 0, L_0x555f34695610; 1 drivers
v0x555f34672fc0_347 .net v0x555f34672fc0 347, 15 0, L_0x555f346956e0; 1 drivers
v0x555f34672fc0_348 .net v0x555f34672fc0 348, 15 0, L_0x555f346957b0; 1 drivers
v0x555f34672fc0_349 .net v0x555f34672fc0 349, 15 0, L_0x555f34695880; 1 drivers
v0x555f34672fc0_350 .net v0x555f34672fc0 350, 15 0, L_0x555f34695950; 1 drivers
v0x555f34672fc0_351 .net v0x555f34672fc0 351, 15 0, L_0x555f34695a20; 1 drivers
v0x555f34672fc0_352 .net v0x555f34672fc0 352, 15 0, L_0x555f34695af0; 1 drivers
v0x555f34672fc0_353 .net v0x555f34672fc0 353, 15 0, L_0x555f34695bc0; 1 drivers
v0x555f34672fc0_354 .net v0x555f34672fc0 354, 15 0, L_0x555f34695c90; 1 drivers
v0x555f34672fc0_355 .net v0x555f34672fc0 355, 15 0, L_0x555f34695d60; 1 drivers
v0x555f34672fc0_356 .net v0x555f34672fc0 356, 15 0, L_0x555f34695e30; 1 drivers
v0x555f34672fc0_357 .net v0x555f34672fc0 357, 15 0, L_0x555f34695f00; 1 drivers
v0x555f34672fc0_358 .net v0x555f34672fc0 358, 15 0, L_0x555f34696c70; 1 drivers
v0x555f34672fc0_359 .net v0x555f34672fc0 359, 15 0, L_0x555f34696d40; 1 drivers
v0x555f34672fc0_360 .net v0x555f34672fc0 360, 15 0, L_0x555f34676b30; 1 drivers
v0x555f34672fc0_361 .net v0x555f34672fc0 361, 15 0, L_0x555f34676c00; 1 drivers
v0x555f34672fc0_362 .net v0x555f34672fc0 362, 15 0, L_0x555f34676cd0; 1 drivers
v0x555f34672fc0_363 .net v0x555f34672fc0 363, 15 0, L_0x555f34696160; 1 drivers
v0x555f34672fc0_364 .net v0x555f34672fc0 364, 15 0, L_0x555f34696230; 1 drivers
v0x555f34672fc0_365 .net v0x555f34672fc0 365, 15 0, L_0x555f34696300; 1 drivers
v0x555f34672fc0_366 .net v0x555f34672fc0 366, 15 0, L_0x555f346963d0; 1 drivers
v0x555f34672fc0_367 .net v0x555f34672fc0 367, 15 0, L_0x555f346964a0; 1 drivers
v0x555f34672fc0_368 .net v0x555f34672fc0 368, 15 0, L_0x555f34696570; 1 drivers
v0x555f34672fc0_369 .net v0x555f34672fc0 369, 15 0, L_0x555f34696640; 1 drivers
v0x555f34672fc0_370 .net v0x555f34672fc0 370, 15 0, L_0x555f34696710; 1 drivers
v0x555f34672fc0_371 .net v0x555f34672fc0 371, 15 0, L_0x555f346967e0; 1 drivers
v0x555f34672fc0_372 .net v0x555f34672fc0 372, 15 0, L_0x555f346968b0; 1 drivers
v0x555f34672fc0_373 .net v0x555f34672fc0 373, 15 0, L_0x555f34696980; 1 drivers
v0x555f34672fc0_374 .net v0x555f34672fc0 374, 15 0, L_0x555f34696a50; 1 drivers
v0x555f34672fc0_375 .net v0x555f34672fc0 375, 15 0, L_0x555f34696b20; 1 drivers
v0x555f34672fc0_376 .net v0x555f34672fc0 376, 15 0, L_0x555f346979e0; 1 drivers
v0x555f34672fc0_377 .net v0x555f34672fc0 377, 15 0, L_0x555f34697a80; 1 drivers
v0x555f34672fc0_378 .net v0x555f34672fc0 378, 15 0, L_0x555f34676d70; 1 drivers
v0x555f34672fc0_379 .net v0x555f34672fc0 379, 15 0, L_0x555f34676e40; 1 drivers
v0x555f34672fc0_380 .net v0x555f34672fc0 380, 15 0, L_0x555f34676f10; 1 drivers
v0x555f34672fc0_381 .net v0x555f34672fc0 381, 15 0, L_0x555f34696e40; 1 drivers
v0x555f34672fc0_382 .net v0x555f34672fc0 382, 15 0, L_0x555f34696f10; 1 drivers
v0x555f34672fc0_383 .net v0x555f34672fc0 383, 15 0, L_0x555f34696fe0; 1 drivers
v0x555f34672fc0_384 .net v0x555f34672fc0 384, 15 0, L_0x555f346970b0; 1 drivers
v0x555f34672fc0_385 .net v0x555f34672fc0 385, 15 0, L_0x555f34697180; 1 drivers
v0x555f34672fc0_386 .net v0x555f34672fc0 386, 15 0, L_0x555f34697250; 1 drivers
v0x555f34672fc0_387 .net v0x555f34672fc0 387, 15 0, L_0x555f34697320; 1 drivers
v0x555f34672fc0_388 .net v0x555f34672fc0 388, 15 0, L_0x555f346973f0; 1 drivers
v0x555f34672fc0_389 .net v0x555f34672fc0 389, 15 0, L_0x555f346974c0; 1 drivers
v0x555f34672fc0_390 .net v0x555f34672fc0 390, 15 0, L_0x555f34697590; 1 drivers
v0x555f34672fc0_391 .net v0x555f34672fc0 391, 15 0, L_0x555f34697660; 1 drivers
v0x555f34672fc0_392 .net v0x555f34672fc0 392, 15 0, L_0x555f34697730; 1 drivers
v0x555f34672fc0_393 .net v0x555f34672fc0 393, 15 0, L_0x555f34697800; 1 drivers
v0x555f34672fc0_394 .net v0x555f34672fc0 394, 15 0, L_0x555f346978d0; 1 drivers
v0x555f34672fc0_395 .net v0x555f34672fc0 395, 15 0, L_0x555f34698780; 1 drivers
v0x555f34672fc0_396 .net v0x555f34672fc0 396, 15 0, L_0x555f34676fb0; 1 drivers
v0x555f34672fc0_397 .net v0x555f34672fc0 397, 15 0, L_0x555f34677080; 1 drivers
v0x555f34672fc0_398 .net v0x555f34672fc0 398, 15 0, L_0x555f34677150; 1 drivers
v0x555f34672fc0_399 .net v0x555f34672fc0 399, 15 0, L_0x555f34697b50; 1 drivers
v0x555f34672fc0_400 .net v0x555f34672fc0 400, 15 0, L_0x555f34697c20; 1 drivers
v0x555f34672fc0_401 .net v0x555f34672fc0 401, 15 0, L_0x555f34697cf0; 1 drivers
v0x555f34672fc0_402 .net v0x555f34672fc0 402, 15 0, L_0x555f34697dc0; 1 drivers
v0x555f34672fc0_403 .net v0x555f34672fc0 403, 15 0, L_0x555f34697e90; 1 drivers
v0x555f34672fc0_404 .net v0x555f34672fc0 404, 15 0, L_0x555f34697f60; 1 drivers
v0x555f34672fc0_405 .net v0x555f34672fc0 405, 15 0, L_0x555f34698030; 1 drivers
v0x555f34672fc0_406 .net v0x555f34672fc0 406, 15 0, L_0x555f34698100; 1 drivers
v0x555f34672fc0_407 .net v0x555f34672fc0 407, 15 0, L_0x555f346981d0; 1 drivers
v0x555f34672fc0_408 .net v0x555f34672fc0 408, 15 0, L_0x555f346982a0; 1 drivers
v0x555f34672fc0_409 .net v0x555f34672fc0 409, 15 0, L_0x555f34698370; 1 drivers
v0x555f34672fc0_410 .net v0x555f34672fc0 410, 15 0, L_0x555f34698440; 1 drivers
v0x555f34672fc0_411 .net v0x555f34672fc0 411, 15 0, L_0x555f34698510; 1 drivers
v0x555f34672fc0_412 .net v0x555f34672fc0 412, 15 0, L_0x555f346985e0; 1 drivers
v0x555f34672fc0_413 .net v0x555f34672fc0 413, 15 0, L_0x555f346986b0; 1 drivers
v0x555f34672fc0_414 .net v0x555f34672fc0 414, 15 0, L_0x555f34699520; 1 drivers
v0x555f34672fc0_415 .net v0x555f34672fc0 415, 15 0, L_0x555f346995f0; 1 drivers
v0x555f34672fc0_416 .net v0x555f34672fc0 416, 15 0, L_0x555f346771f0; 1 drivers
v0x555f34672fc0_417 .net v0x555f34672fc0 417, 15 0, L_0x555f346772c0; 1 drivers
v0x555f34672fc0_418 .net v0x555f34672fc0 418, 15 0, L_0x555f34677390; 1 drivers
v0x555f34672fc0_419 .net v0x555f34672fc0 419, 15 0, L_0x555f34698820; 1 drivers
v0x555f34672fc0_420 .net v0x555f34672fc0 420, 15 0, L_0x555f346988c0; 1 drivers
v0x555f34672fc0_421 .net v0x555f34672fc0 421, 15 0, L_0x555f34698990; 1 drivers
v0x555f34672fc0_422 .net v0x555f34672fc0 422, 15 0, L_0x555f34698a60; 1 drivers
v0x555f34672fc0_423 .net v0x555f34672fc0 423, 15 0, L_0x555f34698b30; 1 drivers
v0x555f34672fc0_424 .net v0x555f34672fc0 424, 15 0, L_0x555f34698c00; 1 drivers
v0x555f34672fc0_425 .net v0x555f34672fc0 425, 15 0, L_0x555f34698cd0; 1 drivers
v0x555f34672fc0_426 .net v0x555f34672fc0 426, 15 0, L_0x555f34698da0; 1 drivers
v0x555f34672fc0_427 .net v0x555f34672fc0 427, 15 0, L_0x555f34698e70; 1 drivers
v0x555f34672fc0_428 .net v0x555f34672fc0 428, 15 0, L_0x555f34698f40; 1 drivers
v0x555f34672fc0_429 .net v0x555f34672fc0 429, 15 0, L_0x555f34699010; 1 drivers
v0x555f34672fc0_430 .net v0x555f34672fc0 430, 15 0, L_0x555f346990e0; 1 drivers
v0x555f34672fc0_431 .net v0x555f34672fc0 431, 15 0, L_0x555f346991b0; 1 drivers
v0x555f34672fc0_432 .net v0x555f34672fc0 432, 15 0, L_0x555f34699280; 1 drivers
v0x555f34672fc0_433 .net v0x555f34672fc0 433, 15 0, L_0x555f34699350; 1 drivers
v0x555f34672fc0_434 .net v0x555f34672fc0 434, 15 0, L_0x555f34699420; 1 drivers
v0x555f34672fc0_435 .net v0x555f34672fc0 435, 15 0, L_0x555f3469a460; 1 drivers
v0x555f34672fc0_436 .net v0x555f34672fc0 436, 15 0, L_0x555f34677490; 1 drivers
v0x555f34672fc0_437 .net v0x555f34672fc0 437, 15 0, L_0x555f34677560; 1 drivers
v0x555f34672fc0_438 .net v0x555f34672fc0 438, 15 0, L_0x555f34677630; 1 drivers
v0x555f34672fc0_439 .net v0x555f34672fc0 439, 15 0, L_0x555f346996c0; 1 drivers
v0x555f34672fc0_440 .net v0x555f34672fc0 440, 15 0, L_0x555f34699790; 1 drivers
v0x555f34672fc0_441 .net v0x555f34672fc0 441, 15 0, L_0x555f34699860; 1 drivers
v0x555f34672fc0_442 .net v0x555f34672fc0 442, 15 0, L_0x555f34699930; 1 drivers
v0x555f34672fc0_443 .net v0x555f34672fc0 443, 15 0, L_0x555f34699a00; 1 drivers
v0x555f34672fc0_444 .net v0x555f34672fc0 444, 15 0, L_0x555f34699ad0; 1 drivers
v0x555f34672fc0_445 .net v0x555f34672fc0 445, 15 0, L_0x555f34699ba0; 1 drivers
v0x555f34672fc0_446 .net v0x555f34672fc0 446, 15 0, L_0x555f34699c70; 1 drivers
v0x555f34672fc0_447 .net v0x555f34672fc0 447, 15 0, L_0x555f34699d40; 1 drivers
v0x555f34672fc0_448 .net v0x555f34672fc0 448, 15 0, L_0x555f34699e10; 1 drivers
v0x555f34672fc0_449 .net v0x555f34672fc0 449, 15 0, L_0x555f34699ee0; 1 drivers
v0x555f34672fc0_450 .net v0x555f34672fc0 450, 15 0, L_0x555f34699fb0; 1 drivers
v0x555f34672fc0_451 .net v0x555f34672fc0 451, 15 0, L_0x555f3469a080; 1 drivers
v0x555f34672fc0_452 .net v0x555f34672fc0 452, 15 0, L_0x555f3469a150; 1 drivers
v0x555f34672fc0_453 .net v0x555f34672fc0 453, 15 0, L_0x555f3469a220; 1 drivers
v0x555f34672fc0_454 .net v0x555f34672fc0 454, 15 0, L_0x555f3469a2f0; 1 drivers
v0x555f34672fc0_455 .net v0x555f34672fc0 455, 15 0, L_0x555f3469a3c0; 1 drivers
v0x555f34672fc0_456 .net v0x555f34672fc0 456, 15 0, L_0x555f34677710; 1 drivers
v0x555f34672fc0_457 .net v0x555f34672fc0 457, 15 0, L_0x555f346777e0; 1 drivers
v0x555f34672fc0_458 .net v0x555f34672fc0 458, 15 0, L_0x555f346778b0; 1 drivers
v0x555f34672fc0_459 .net v0x555f34672fc0 459, 15 0, L_0x555f3469a500; 1 drivers
v0x555f34672fc0_460 .net v0x555f34672fc0 460, 15 0, L_0x555f3469a5d0; 1 drivers
v0x555f34672fc0_461 .net v0x555f34672fc0 461, 15 0, L_0x555f3469a6a0; 1 drivers
v0x555f34672fc0_462 .net v0x555f34672fc0 462, 15 0, L_0x555f3469a770; 1 drivers
v0x555f34672fc0_463 .net v0x555f34672fc0 463, 15 0, L_0x555f3469a840; 1 drivers
v0x555f34672fc0_464 .net v0x555f34672fc0 464, 15 0, L_0x555f3469a910; 1 drivers
v0x555f34672fc0_465 .net v0x555f34672fc0 465, 15 0, L_0x555f3469a9e0; 1 drivers
v0x555f34672fc0_466 .net v0x555f34672fc0 466, 15 0, L_0x555f3469aab0; 1 drivers
v0x555f34672fc0_467 .net v0x555f34672fc0 467, 15 0, L_0x555f3469ab80; 1 drivers
v0x555f34672fc0_468 .net v0x555f34672fc0 468, 15 0, L_0x555f3469ac50; 1 drivers
v0x555f34672fc0_469 .net v0x555f34672fc0 469, 15 0, L_0x555f3469ad20; 1 drivers
v0x555f34672fc0_470 .net v0x555f34672fc0 470, 15 0, L_0x555f3469adf0; 1 drivers
v0x555f34672fc0_471 .net v0x555f34672fc0 471, 15 0, L_0x555f3469aec0; 1 drivers
v0x555f34672fc0_472 .net v0x555f34672fc0 472, 15 0, L_0x555f3469af90; 1 drivers
v0x555f34672fc0_473 .net v0x555f34672fc0 473, 15 0, L_0x555f3469b060; 1 drivers
v0x555f34672fc0_474 .net v0x555f34672fc0 474, 15 0, L_0x555f3469b130; 1 drivers
v0x555f34672fc0_475 .net v0x555f34672fc0 475, 15 0, L_0x555f3469b200; 1 drivers
v0x555f34672fc0_476 .net v0x555f34672fc0 476, 15 0, L_0x555f3469c260; 1 drivers
v0x555f34672fc0_477 .net v0x555f34672fc0 477, 15 0, L_0x555f3469c300; 1 drivers
v0x555f34672fc0_478 .net v0x555f34672fc0 478, 15 0, L_0x555f34677990; 1 drivers
v0x555f34672fc0_479 .net v0x555f34672fc0 479, 15 0, L_0x555f34677a60; 1 drivers
v0x555f34672fc0_480 .net v0x555f34672fc0 480, 15 0, L_0x555f34677b30; 1 drivers
v0x555f34672fc0_481 .net v0x555f34672fc0 481, 15 0, L_0x555f3469b370; 1 drivers
v0x555f34672fc0_482 .net v0x555f34672fc0 482, 15 0, L_0x555f3469b440; 1 drivers
v0x555f34672fc0_483 .net v0x555f34672fc0 483, 15 0, L_0x555f3469b510; 1 drivers
v0x555f34672fc0_484 .net v0x555f34672fc0 484, 15 0, L_0x555f3469b5e0; 1 drivers
v0x555f34672fc0_485 .net v0x555f34672fc0 485, 15 0, L_0x555f3469b6b0; 1 drivers
v0x555f34672fc0_486 .net v0x555f34672fc0 486, 15 0, L_0x555f3469b780; 1 drivers
v0x555f34672fc0_487 .net v0x555f34672fc0 487, 15 0, L_0x555f3469b850; 1 drivers
v0x555f34672fc0_488 .net v0x555f34672fc0 488, 15 0, L_0x555f3469b920; 1 drivers
v0x555f34672fc0_489 .net v0x555f34672fc0 489, 15 0, L_0x555f3469b9f0; 1 drivers
v0x555f34672fc0_490 .net v0x555f34672fc0 490, 15 0, L_0x555f3469bac0; 1 drivers
v0x555f34672fc0_491 .net v0x555f34672fc0 491, 15 0, L_0x555f3469bb90; 1 drivers
v0x555f34672fc0_492 .net v0x555f34672fc0 492, 15 0, L_0x555f3469bc60; 1 drivers
v0x555f34672fc0_493 .net v0x555f34672fc0 493, 15 0, L_0x555f3469bd30; 1 drivers
v0x555f34672fc0_494 .net v0x555f34672fc0 494, 15 0, L_0x555f3469be00; 1 drivers
v0x555f34672fc0_495 .net v0x555f34672fc0 495, 15 0, L_0x555f3469bed0; 1 drivers
v0x555f34672fc0_496 .net v0x555f34672fc0 496, 15 0, L_0x555f3469bfa0; 1 drivers
v0x555f34672fc0_497 .net v0x555f34672fc0 497, 15 0, L_0x555f3469c070; 1 drivers
v0x555f34672fc0_498 .net v0x555f34672fc0 498, 15 0, L_0x555f3469c140; 1 drivers
v0x555f34672fc0_499 .net v0x555f34672fc0 499, 15 0, L_0x555f3469d340; 1 drivers
v0x555f34672fc0_500 .net v0x555f34672fc0 500, 15 0, L_0x555f34677c30; 1 drivers
v0x555f34672fc0_501 .net v0x555f34672fc0 501, 15 0, L_0x555f34677d00; 1 drivers
v0x555f34672fc0_502 .net v0x555f34672fc0 502, 15 0, L_0x555f34677dd0; 1 drivers
v0x555f34672fc0_503 .net v0x555f34672fc0 503, 15 0, L_0x555f3469c3a0; 1 drivers
v0x555f34672fc0_504 .net v0x555f34672fc0 504, 15 0, L_0x555f3469c470; 1 drivers
v0x555f34672fc0_505 .net v0x555f34672fc0 505, 15 0, L_0x555f3469c540; 1 drivers
v0x555f34672fc0_506 .net v0x555f34672fc0 506, 15 0, L_0x555f3469c610; 1 drivers
v0x555f34672fc0_507 .net v0x555f34672fc0 507, 15 0, L_0x555f3469c6e0; 1 drivers
v0x555f34672fc0_508 .net v0x555f34672fc0 508, 15 0, L_0x555f3469c7b0; 1 drivers
v0x555f34672fc0_509 .net v0x555f34672fc0 509, 15 0, L_0x555f3469c880; 1 drivers
v0x555f34672fc0_510 .net v0x555f34672fc0 510, 15 0, L_0x555f3469c950; 1 drivers
v0x555f34672fc0_511 .net v0x555f34672fc0 511, 15 0, L_0x555f3469ca20; 1 drivers
v0x555f34678090_0 .net "final_valid", 0 0, L_0x555f345fbb10;  1 drivers
v0x555f34678150_0 .net "layer_done", 0 0, L_0x555f34677ea0;  1 drivers
v0x555f34678210_0 .var "layer_flat", 8191 0;
v0x555f346782f0_0 .var "layer_valid", 0 0;
v0x555f346783b0_0 .var "loop_flat", 8191 0;
v0x555f34678490_0 .var "loop_valid", 0 0;
v0x555f34678550_0 .var "mux_flat", 8191 0;
v0x555f34678630_0 .var "mux_valid", 0 0;
o0x7f9f6f028618 .functor BUFZ 1, C4<z>; HiZ drive
v0x555f346786f0_0 .net "rst_n", 0 0, o0x7f9f6f028618;  0 drivers
o0x7f9f6f028648 .functor BUFZ 1, C4<z>; HiZ drive
v0x555f346787b0_0 .net "sel_external", 0 0, o0x7f9f6f028648;  0 drivers
o0x7f9f6f028678 .functor BUFZ 1, C4<z>; HiZ drive
v0x555f34678870_0 .net "start_layer", 0 0, o0x7f9f6f028678;  0 drivers
E_0x555f3443b5d0/0 .event negedge, v0x555f346786f0_0;
E_0x555f3443b5d0/1 .event posedge, v0x555f34640eb0_0;
E_0x555f3443b5d0 .event/or E_0x555f3443b5d0/0, E_0x555f3443b5d0/1;
E_0x555f3461c8d0/0 .event edge, v0x555f346787b0_0, v0x555f34672e20_0, v0x555f346783b0_0, v0x555f34672f00_0;
E_0x555f3461c8d0/1 .event edge, v0x555f34678490_0;
E_0x555f3461c8d0 .event/or E_0x555f3461c8d0/0, E_0x555f3461c8d0/1;
E_0x555f3461c910/0 .event edge, v0x555f34641050_0, v0x555f34641050_1, v0x555f34641050_2, v0x555f34641050_3;
E_0x555f3461c910/1 .event edge, v0x555f34641050_4, v0x555f34641050_5, v0x555f34641050_6, v0x555f34641050_7;
E_0x555f3461c910/2 .event edge, v0x555f34641050_8, v0x555f34641050_9, v0x555f34641050_10, v0x555f34641050_11;
E_0x555f3461c910/3 .event edge, v0x555f34641050_12, v0x555f34641050_13, v0x555f34641050_14, v0x555f34641050_15;
E_0x555f3461c910/4 .event edge, v0x555f34641050_16, v0x555f34641050_17, v0x555f34641050_18, v0x555f34641050_19;
E_0x555f3461c910/5 .event edge, v0x555f34641050_20, v0x555f34641050_21, v0x555f34641050_22, v0x555f34641050_23;
E_0x555f3461c910/6 .event edge, v0x555f34641050_24, v0x555f34641050_25, v0x555f34641050_26, v0x555f34641050_27;
E_0x555f3461c910/7 .event edge, v0x555f34641050_28, v0x555f34641050_29, v0x555f34641050_30, v0x555f34641050_31;
E_0x555f3461c910/8 .event edge, v0x555f34641050_32, v0x555f34641050_33, v0x555f34641050_34, v0x555f34641050_35;
E_0x555f3461c910/9 .event edge, v0x555f34641050_36, v0x555f34641050_37, v0x555f34641050_38, v0x555f34641050_39;
E_0x555f3461c910/10 .event edge, v0x555f34641050_40, v0x555f34641050_41, v0x555f34641050_42, v0x555f34641050_43;
E_0x555f3461c910/11 .event edge, v0x555f34641050_44, v0x555f34641050_45, v0x555f34641050_46, v0x555f34641050_47;
E_0x555f3461c910/12 .event edge, v0x555f34641050_48, v0x555f34641050_49, v0x555f34641050_50, v0x555f34641050_51;
E_0x555f3461c910/13 .event edge, v0x555f34641050_52, v0x555f34641050_53, v0x555f34641050_54, v0x555f34641050_55;
E_0x555f3461c910/14 .event edge, v0x555f34641050_56, v0x555f34641050_57, v0x555f34641050_58, v0x555f34641050_59;
E_0x555f3461c910/15 .event edge, v0x555f34641050_60, v0x555f34641050_61, v0x555f34641050_62, v0x555f34641050_63;
E_0x555f3461c910/16 .event edge, v0x555f34641050_64, v0x555f34641050_65, v0x555f34641050_66, v0x555f34641050_67;
E_0x555f3461c910/17 .event edge, v0x555f34641050_68, v0x555f34641050_69, v0x555f34641050_70, v0x555f34641050_71;
E_0x555f3461c910/18 .event edge, v0x555f34641050_72, v0x555f34641050_73, v0x555f34641050_74, v0x555f34641050_75;
E_0x555f3461c910/19 .event edge, v0x555f34641050_76, v0x555f34641050_77, v0x555f34641050_78, v0x555f34641050_79;
E_0x555f3461c910/20 .event edge, v0x555f34641050_80, v0x555f34641050_81, v0x555f34641050_82, v0x555f34641050_83;
E_0x555f3461c910/21 .event edge, v0x555f34641050_84, v0x555f34641050_85, v0x555f34641050_86, v0x555f34641050_87;
E_0x555f3461c910/22 .event edge, v0x555f34641050_88, v0x555f34641050_89, v0x555f34641050_90, v0x555f34641050_91;
E_0x555f3461c910/23 .event edge, v0x555f34641050_92, v0x555f34641050_93, v0x555f34641050_94, v0x555f34641050_95;
E_0x555f3461c910/24 .event edge, v0x555f34641050_96, v0x555f34641050_97, v0x555f34641050_98, v0x555f34641050_99;
E_0x555f3461c910/25 .event edge, v0x555f34641050_100, v0x555f34641050_101, v0x555f34641050_102, v0x555f34641050_103;
E_0x555f3461c910/26 .event edge, v0x555f34641050_104, v0x555f34641050_105, v0x555f34641050_106, v0x555f34641050_107;
E_0x555f3461c910/27 .event edge, v0x555f34641050_108, v0x555f34641050_109, v0x555f34641050_110, v0x555f34641050_111;
E_0x555f3461c910/28 .event edge, v0x555f34641050_112, v0x555f34641050_113, v0x555f34641050_114, v0x555f34641050_115;
E_0x555f3461c910/29 .event edge, v0x555f34641050_116, v0x555f34641050_117, v0x555f34641050_118, v0x555f34641050_119;
E_0x555f3461c910/30 .event edge, v0x555f34641050_120, v0x555f34641050_121, v0x555f34641050_122, v0x555f34641050_123;
E_0x555f3461c910/31 .event edge, v0x555f34641050_124, v0x555f34641050_125, v0x555f34641050_126, v0x555f34641050_127;
E_0x555f3461c910/32 .event edge, v0x555f34641050_128, v0x555f34641050_129, v0x555f34641050_130, v0x555f34641050_131;
E_0x555f3461c910/33 .event edge, v0x555f34641050_132, v0x555f34641050_133, v0x555f34641050_134, v0x555f34641050_135;
E_0x555f3461c910/34 .event edge, v0x555f34641050_136, v0x555f34641050_137, v0x555f34641050_138, v0x555f34641050_139;
E_0x555f3461c910/35 .event edge, v0x555f34641050_140, v0x555f34641050_141, v0x555f34641050_142, v0x555f34641050_143;
E_0x555f3461c910/36 .event edge, v0x555f34641050_144, v0x555f34641050_145, v0x555f34641050_146, v0x555f34641050_147;
E_0x555f3461c910/37 .event edge, v0x555f34641050_148, v0x555f34641050_149, v0x555f34641050_150, v0x555f34641050_151;
E_0x555f3461c910/38 .event edge, v0x555f34641050_152, v0x555f34641050_153, v0x555f34641050_154, v0x555f34641050_155;
E_0x555f3461c910/39 .event edge, v0x555f34641050_156, v0x555f34641050_157, v0x555f34641050_158, v0x555f34641050_159;
E_0x555f3461c910/40 .event edge, v0x555f34641050_160, v0x555f34641050_161, v0x555f34641050_162, v0x555f34641050_163;
E_0x555f3461c910/41 .event edge, v0x555f34641050_164, v0x555f34641050_165, v0x555f34641050_166, v0x555f34641050_167;
E_0x555f3461c910/42 .event edge, v0x555f34641050_168, v0x555f34641050_169, v0x555f34641050_170, v0x555f34641050_171;
E_0x555f3461c910/43 .event edge, v0x555f34641050_172, v0x555f34641050_173, v0x555f34641050_174, v0x555f34641050_175;
E_0x555f3461c910/44 .event edge, v0x555f34641050_176, v0x555f34641050_177, v0x555f34641050_178, v0x555f34641050_179;
E_0x555f3461c910/45 .event edge, v0x555f34641050_180, v0x555f34641050_181, v0x555f34641050_182, v0x555f34641050_183;
E_0x555f3461c910/46 .event edge, v0x555f34641050_184, v0x555f34641050_185, v0x555f34641050_186, v0x555f34641050_187;
E_0x555f3461c910/47 .event edge, v0x555f34641050_188, v0x555f34641050_189, v0x555f34641050_190, v0x555f34641050_191;
E_0x555f3461c910/48 .event edge, v0x555f34641050_192, v0x555f34641050_193, v0x555f34641050_194, v0x555f34641050_195;
E_0x555f3461c910/49 .event edge, v0x555f34641050_196, v0x555f34641050_197, v0x555f34641050_198, v0x555f34641050_199;
E_0x555f3461c910/50 .event edge, v0x555f34641050_200, v0x555f34641050_201, v0x555f34641050_202, v0x555f34641050_203;
E_0x555f3461c910/51 .event edge, v0x555f34641050_204, v0x555f34641050_205, v0x555f34641050_206, v0x555f34641050_207;
E_0x555f3461c910/52 .event edge, v0x555f34641050_208, v0x555f34641050_209, v0x555f34641050_210, v0x555f34641050_211;
E_0x555f3461c910/53 .event edge, v0x555f34641050_212, v0x555f34641050_213, v0x555f34641050_214, v0x555f34641050_215;
E_0x555f3461c910/54 .event edge, v0x555f34641050_216, v0x555f34641050_217, v0x555f34641050_218, v0x555f34641050_219;
E_0x555f3461c910/55 .event edge, v0x555f34641050_220, v0x555f34641050_221, v0x555f34641050_222, v0x555f34641050_223;
E_0x555f3461c910/56 .event edge, v0x555f34641050_224, v0x555f34641050_225, v0x555f34641050_226, v0x555f34641050_227;
E_0x555f3461c910/57 .event edge, v0x555f34641050_228, v0x555f34641050_229, v0x555f34641050_230, v0x555f34641050_231;
E_0x555f3461c910/58 .event edge, v0x555f34641050_232, v0x555f34641050_233, v0x555f34641050_234, v0x555f34641050_235;
E_0x555f3461c910/59 .event edge, v0x555f34641050_236, v0x555f34641050_237, v0x555f34641050_238, v0x555f34641050_239;
E_0x555f3461c910/60 .event edge, v0x555f34641050_240, v0x555f34641050_241, v0x555f34641050_242, v0x555f34641050_243;
E_0x555f3461c910/61 .event edge, v0x555f34641050_244, v0x555f34641050_245, v0x555f34641050_246, v0x555f34641050_247;
E_0x555f3461c910/62 .event edge, v0x555f34641050_248, v0x555f34641050_249, v0x555f34641050_250, v0x555f34641050_251;
E_0x555f3461c910/63 .event edge, v0x555f34641050_252, v0x555f34641050_253, v0x555f34641050_254, v0x555f34641050_255;
E_0x555f3461c910/64 .event edge, v0x555f34641050_256, v0x555f34641050_257, v0x555f34641050_258, v0x555f34641050_259;
E_0x555f3461c910/65 .event edge, v0x555f34641050_260, v0x555f34641050_261, v0x555f34641050_262, v0x555f34641050_263;
E_0x555f3461c910/66 .event edge, v0x555f34641050_264, v0x555f34641050_265, v0x555f34641050_266, v0x555f34641050_267;
E_0x555f3461c910/67 .event edge, v0x555f34641050_268, v0x555f34641050_269, v0x555f34641050_270, v0x555f34641050_271;
E_0x555f3461c910/68 .event edge, v0x555f34641050_272, v0x555f34641050_273, v0x555f34641050_274, v0x555f34641050_275;
E_0x555f3461c910/69 .event edge, v0x555f34641050_276, v0x555f34641050_277, v0x555f34641050_278, v0x555f34641050_279;
E_0x555f3461c910/70 .event edge, v0x555f34641050_280, v0x555f34641050_281, v0x555f34641050_282, v0x555f34641050_283;
E_0x555f3461c910/71 .event edge, v0x555f34641050_284, v0x555f34641050_285, v0x555f34641050_286, v0x555f34641050_287;
E_0x555f3461c910/72 .event edge, v0x555f34641050_288, v0x555f34641050_289, v0x555f34641050_290, v0x555f34641050_291;
E_0x555f3461c910/73 .event edge, v0x555f34641050_292, v0x555f34641050_293, v0x555f34641050_294, v0x555f34641050_295;
E_0x555f3461c910/74 .event edge, v0x555f34641050_296, v0x555f34641050_297, v0x555f34641050_298, v0x555f34641050_299;
E_0x555f3461c910/75 .event edge, v0x555f34641050_300, v0x555f34641050_301, v0x555f34641050_302, v0x555f34641050_303;
E_0x555f3461c910/76 .event edge, v0x555f34641050_304, v0x555f34641050_305, v0x555f34641050_306, v0x555f34641050_307;
E_0x555f3461c910/77 .event edge, v0x555f34641050_308, v0x555f34641050_309, v0x555f34641050_310, v0x555f34641050_311;
E_0x555f3461c910/78 .event edge, v0x555f34641050_312, v0x555f34641050_313, v0x555f34641050_314, v0x555f34641050_315;
E_0x555f3461c910/79 .event edge, v0x555f34641050_316, v0x555f34641050_317, v0x555f34641050_318, v0x555f34641050_319;
E_0x555f3461c910/80 .event edge, v0x555f34641050_320, v0x555f34641050_321, v0x555f34641050_322, v0x555f34641050_323;
E_0x555f3461c910/81 .event edge, v0x555f34641050_324, v0x555f34641050_325, v0x555f34641050_326, v0x555f34641050_327;
E_0x555f3461c910/82 .event edge, v0x555f34641050_328, v0x555f34641050_329, v0x555f34641050_330, v0x555f34641050_331;
E_0x555f3461c910/83 .event edge, v0x555f34641050_332, v0x555f34641050_333, v0x555f34641050_334, v0x555f34641050_335;
E_0x555f3461c910/84 .event edge, v0x555f34641050_336, v0x555f34641050_337, v0x555f34641050_338, v0x555f34641050_339;
E_0x555f3461c910/85 .event edge, v0x555f34641050_340, v0x555f34641050_341, v0x555f34641050_342, v0x555f34641050_343;
E_0x555f3461c910/86 .event edge, v0x555f34641050_344, v0x555f34641050_345, v0x555f34641050_346, v0x555f34641050_347;
E_0x555f3461c910/87 .event edge, v0x555f34641050_348, v0x555f34641050_349, v0x555f34641050_350, v0x555f34641050_351;
E_0x555f3461c910/88 .event edge, v0x555f34641050_352, v0x555f34641050_353, v0x555f34641050_354, v0x555f34641050_355;
E_0x555f3461c910/89 .event edge, v0x555f34641050_356, v0x555f34641050_357, v0x555f34641050_358, v0x555f34641050_359;
E_0x555f3461c910/90 .event edge, v0x555f34641050_360, v0x555f34641050_361, v0x555f34641050_362, v0x555f34641050_363;
E_0x555f3461c910/91 .event edge, v0x555f34641050_364, v0x555f34641050_365, v0x555f34641050_366, v0x555f34641050_367;
E_0x555f3461c910/92 .event edge, v0x555f34641050_368, v0x555f34641050_369, v0x555f34641050_370, v0x555f34641050_371;
E_0x555f3461c910/93 .event edge, v0x555f34641050_372, v0x555f34641050_373, v0x555f34641050_374, v0x555f34641050_375;
E_0x555f3461c910/94 .event edge, v0x555f34641050_376, v0x555f34641050_377, v0x555f34641050_378, v0x555f34641050_379;
E_0x555f3461c910/95 .event edge, v0x555f34641050_380, v0x555f34641050_381, v0x555f34641050_382, v0x555f34641050_383;
E_0x555f3461c910/96 .event edge, v0x555f34641050_384, v0x555f34641050_385, v0x555f34641050_386, v0x555f34641050_387;
E_0x555f3461c910/97 .event edge, v0x555f34641050_388, v0x555f34641050_389, v0x555f34641050_390, v0x555f34641050_391;
E_0x555f3461c910/98 .event edge, v0x555f34641050_392, v0x555f34641050_393, v0x555f34641050_394, v0x555f34641050_395;
E_0x555f3461c910/99 .event edge, v0x555f34641050_396, v0x555f34641050_397, v0x555f34641050_398, v0x555f34641050_399;
E_0x555f3461c910/100 .event edge, v0x555f34641050_400, v0x555f34641050_401, v0x555f34641050_402, v0x555f34641050_403;
E_0x555f3461c910/101 .event edge, v0x555f34641050_404, v0x555f34641050_405, v0x555f34641050_406, v0x555f34641050_407;
E_0x555f3461c910/102 .event edge, v0x555f34641050_408, v0x555f34641050_409, v0x555f34641050_410, v0x555f34641050_411;
E_0x555f3461c910/103 .event edge, v0x555f34641050_412, v0x555f34641050_413, v0x555f34641050_414, v0x555f34641050_415;
E_0x555f3461c910/104 .event edge, v0x555f34641050_416, v0x555f34641050_417, v0x555f34641050_418, v0x555f34641050_419;
E_0x555f3461c910/105 .event edge, v0x555f34641050_420, v0x555f34641050_421, v0x555f34641050_422, v0x555f34641050_423;
E_0x555f3461c910/106 .event edge, v0x555f34641050_424, v0x555f34641050_425, v0x555f34641050_426, v0x555f34641050_427;
E_0x555f3461c910/107 .event edge, v0x555f34641050_428, v0x555f34641050_429, v0x555f34641050_430, v0x555f34641050_431;
E_0x555f3461c910/108 .event edge, v0x555f34641050_432, v0x555f34641050_433, v0x555f34641050_434, v0x555f34641050_435;
E_0x555f3461c910/109 .event edge, v0x555f34641050_436, v0x555f34641050_437, v0x555f34641050_438, v0x555f34641050_439;
E_0x555f3461c910/110 .event edge, v0x555f34641050_440, v0x555f34641050_441, v0x555f34641050_442, v0x555f34641050_443;
E_0x555f3461c910/111 .event edge, v0x555f34641050_444, v0x555f34641050_445, v0x555f34641050_446, v0x555f34641050_447;
E_0x555f3461c910/112 .event edge, v0x555f34641050_448, v0x555f34641050_449, v0x555f34641050_450, v0x555f34641050_451;
E_0x555f3461c910/113 .event edge, v0x555f34641050_452, v0x555f34641050_453, v0x555f34641050_454, v0x555f34641050_455;
E_0x555f3461c910/114 .event edge, v0x555f34641050_456, v0x555f34641050_457, v0x555f34641050_458, v0x555f34641050_459;
E_0x555f3461c910/115 .event edge, v0x555f34641050_460, v0x555f34641050_461, v0x555f34641050_462, v0x555f34641050_463;
E_0x555f3461c910/116 .event edge, v0x555f34641050_464, v0x555f34641050_465, v0x555f34641050_466, v0x555f34641050_467;
E_0x555f3461c910/117 .event edge, v0x555f34641050_468, v0x555f34641050_469, v0x555f34641050_470, v0x555f34641050_471;
E_0x555f3461c910/118 .event edge, v0x555f34641050_472, v0x555f34641050_473, v0x555f34641050_474, v0x555f34641050_475;
E_0x555f3461c910/119 .event edge, v0x555f34641050_476, v0x555f34641050_477, v0x555f34641050_478, v0x555f34641050_479;
E_0x555f3461c910/120 .event edge, v0x555f34641050_480, v0x555f34641050_481, v0x555f34641050_482, v0x555f34641050_483;
E_0x555f3461c910/121 .event edge, v0x555f34641050_484, v0x555f34641050_485, v0x555f34641050_486, v0x555f34641050_487;
E_0x555f3461c910/122 .event edge, v0x555f34641050_488, v0x555f34641050_489, v0x555f34641050_490, v0x555f34641050_491;
E_0x555f3461c910/123 .event edge, v0x555f34641050_492, v0x555f34641050_493, v0x555f34641050_494, v0x555f34641050_495;
E_0x555f3461c910/124 .event edge, v0x555f34641050_496, v0x555f34641050_497, v0x555f34641050_498, v0x555f34641050_499;
E_0x555f3461c910/125 .event edge, v0x555f34641050_500, v0x555f34641050_501, v0x555f34641050_502, v0x555f34641050_503;
E_0x555f3461c910/126 .event edge, v0x555f34641050_504, v0x555f34641050_505, v0x555f34641050_506, v0x555f34641050_507;
E_0x555f3461c910/127 .event edge, v0x555f34641050_508, v0x555f34641050_509, v0x555f34641050_510, v0x555f34641050_511;
E_0x555f3461c910 .event/or E_0x555f3461c910/0, E_0x555f3461c910/1, E_0x555f3461c910/2, E_0x555f3461c910/3, E_0x555f3461c910/4, E_0x555f3461c910/5, E_0x555f3461c910/6, E_0x555f3461c910/7, E_0x555f3461c910/8, E_0x555f3461c910/9, E_0x555f3461c910/10, E_0x555f3461c910/11, E_0x555f3461c910/12, E_0x555f3461c910/13, E_0x555f3461c910/14, E_0x555f3461c910/15, E_0x555f3461c910/16, E_0x555f3461c910/17, E_0x555f3461c910/18, E_0x555f3461c910/19, E_0x555f3461c910/20, E_0x555f3461c910/21, E_0x555f3461c910/22, E_0x555f3461c910/23, E_0x555f3461c910/24, E_0x555f3461c910/25, E_0x555f3461c910/26, E_0x555f3461c910/27, E_0x555f3461c910/28, E_0x555f3461c910/29, E_0x555f3461c910/30, E_0x555f3461c910/31, E_0x555f3461c910/32, E_0x555f3461c910/33, E_0x555f3461c910/34, E_0x555f3461c910/35, E_0x555f3461c910/36, E_0x555f3461c910/37, E_0x555f3461c910/38, E_0x555f3461c910/39, E_0x555f3461c910/40, E_0x555f3461c910/41, E_0x555f3461c910/42, E_0x555f3461c910/43, E_0x555f3461c910/44, E_0x555f3461c910/45, E_0x555f3461c910/46, E_0x555f3461c910/47, E_0x555f3461c910/48, E_0x555f3461c910/49, E_0x555f3461c910/50, E_0x555f3461c910/51, E_0x555f3461c910/52, E_0x555f3461c910/53, E_0x555f3461c910/54, E_0x555f3461c910/55, E_0x555f3461c910/56, E_0x555f3461c910/57, E_0x555f3461c910/58, E_0x555f3461c910/59, E_0x555f3461c910/60, E_0x555f3461c910/61, E_0x555f3461c910/62, E_0x555f3461c910/63, E_0x555f3461c910/64, E_0x555f3461c910/65, E_0x555f3461c910/66, E_0x555f3461c910/67, E_0x555f3461c910/68, E_0x555f3461c910/69, E_0x555f3461c910/70, E_0x555f3461c910/71, E_0x555f3461c910/72, E_0x555f3461c910/73, E_0x555f3461c910/74, E_0x555f3461c910/75, E_0x555f3461c910/76, E_0x555f3461c910/77, E_0x555f3461c910/78, E_0x555f3461c910/79, E_0x555f3461c910/80, E_0x555f3461c910/81, E_0x555f3461c910/82, E_0x555f3461c910/83, E_0x555f3461c910/84, E_0x555f3461c910/85, E_0x555f3461c910/86, E_0x555f3461c910/87, E_0x555f3461c910/88, E_0x555f3461c910/89, E_0x555f3461c910/90, E_0x555f3461c910/91, E_0x555f3461c910/92, E_0x555f3461c910/93, E_0x555f3461c910/94, E_0x555f3461c910/95, E_0x555f3461c910/96, E_0x555f3461c910/97, E_0x555f3461c910/98, E_0x555f3461c910/99, E_0x555f3461c910/100, E_0x555f3461c910/101, E_0x555f3461c910/102, E_0x555f3461c910/103, E_0x555f3461c910/104, E_0x555f3461c910/105, E_0x555f3461c910/106, E_0x555f3461c910/107, E_0x555f3461c910/108, E_0x555f3461c910/109, E_0x555f3461c910/110, E_0x555f3461c910/111, E_0x555f3461c910/112, E_0x555f3461c910/113, E_0x555f3461c910/114, E_0x555f3461c910/115, E_0x555f3461c910/116, E_0x555f3461c910/117, E_0x555f3461c910/118, E_0x555f3461c910/119, E_0x555f3461c910/120, E_0x555f3461c910/121, E_0x555f3461c910/122, E_0x555f3461c910/123, E_0x555f3461c910/124, E_0x555f3461c910/125, E_0x555f3461c910/126, E_0x555f3461c910/127;
L_0x555f3467c5b0 .part v0x555f34678210_0, 0, 16;
L_0x555f3467c680 .part v0x555f34678210_0, 16, 16;
L_0x555f3467c750 .part v0x555f34678210_0, 32, 16;
L_0x555f3467c7f0 .part v0x555f34678210_0, 48, 16;
L_0x555f3467c8f0 .part v0x555f34678210_0, 64, 16;
L_0x555f3467c9c0 .part v0x555f34678210_0, 80, 16;
L_0x555f3467cad0 .part v0x555f34678210_0, 96, 16;
L_0x555f3467cb70 .part v0x555f34678210_0, 112, 16;
L_0x555f3467cda0 .part v0x555f34678210_0, 128, 16;
L_0x555f3467ce70 .part v0x555f34678210_0, 144, 16;
L_0x555f3467cfa0 .part v0x555f34678210_0, 160, 16;
L_0x555f3467d070 .part v0x555f34678210_0, 176, 16;
L_0x555f3467d1b0 .part v0x555f34678210_0, 192, 16;
L_0x555f3467d280 .part v0x555f34678210_0, 208, 16;
L_0x555f3467d3d0 .part v0x555f34678210_0, 224, 16;
L_0x555f3467d4a0 .part v0x555f34678210_0, 240, 16;
L_0x555f3467d600 .part v0x555f34678210_0, 256, 16;
L_0x555f3467d6d0 .part v0x555f34678210_0, 272, 16;
L_0x555f3467d840 .part v0x555f34678210_0, 288, 16;
L_0x555f3467d910 .part v0x555f34678210_0, 304, 16;
L_0x555f3467d7a0 .part v0x555f34678210_0, 320, 16;
L_0x555f3467dac0 .part v0x555f34678210_0, 336, 16;
L_0x555f3467dc50 .part v0x555f34678210_0, 352, 16;
L_0x555f3467dd20 .part v0x555f34678210_0, 368, 16;
L_0x555f3467dec0 .part v0x555f34678210_0, 384, 16;
L_0x555f3467df90 .part v0x555f34678210_0, 400, 16;
L_0x555f3467e140 .part v0x555f34678210_0, 416, 16;
L_0x555f3467e210 .part v0x555f34678210_0, 432, 16;
L_0x555f3467e3d0 .part v0x555f34678210_0, 448, 16;
L_0x555f3467e4a0 .part v0x555f34678210_0, 464, 16;
L_0x555f3467e670 .part v0x555f34678210_0, 480, 16;
L_0x555f3467e740 .part v0x555f34678210_0, 496, 16;
L_0x555f3467e920 .part v0x555f34678210_0, 512, 16;
L_0x555f3467e9f0 .part v0x555f34678210_0, 528, 16;
L_0x555f3467ebe0 .part v0x555f34678210_0, 544, 16;
L_0x555f3467ecb0 .part v0x555f34678210_0, 560, 16;
L_0x555f3467eac0 .part v0x555f34678210_0, 576, 16;
L_0x555f3467eeb0 .part v0x555f34678210_0, 592, 16;
L_0x555f3467f090 .part v0x555f34678210_0, 608, 16;
L_0x555f3467f160 .part v0x555f34678210_0, 624, 16;
L_0x555f3467f380 .part v0x555f34678210_0, 640, 16;
L_0x555f3467f450 .part v0x555f34678210_0, 656, 16;
L_0x555f3467f680 .part v0x555f34678210_0, 672, 16;
L_0x555f3467f750 .part v0x555f34678210_0, 688, 16;
L_0x555f3467f990 .part v0x555f34678210_0, 704, 16;
L_0x555f3467fa60 .part v0x555f34678210_0, 720, 16;
L_0x555f3467fcb0 .part v0x555f34678210_0, 736, 16;
L_0x555f3467fd80 .part v0x555f34678210_0, 752, 16;
L_0x555f3467ffe0 .part v0x555f34678210_0, 768, 16;
L_0x555f346800b0 .part v0x555f34678210_0, 784, 16;
L_0x555f34680320 .part v0x555f34678210_0, 800, 16;
L_0x555f346803f0 .part v0x555f34678210_0, 816, 16;
L_0x555f34680670 .part v0x555f34678210_0, 832, 16;
L_0x555f34680740 .part v0x555f34678210_0, 848, 16;
L_0x555f346809d0 .part v0x555f34678210_0, 864, 16;
L_0x555f34680aa0 .part v0x555f34678210_0, 880, 16;
L_0x555f34680d40 .part v0x555f34678210_0, 896, 16;
L_0x555f34680e10 .part v0x555f34678210_0, 912, 16;
L_0x555f346810c0 .part v0x555f34678210_0, 928, 16;
L_0x555f34681190 .part v0x555f34678210_0, 944, 16;
L_0x555f34681450 .part v0x555f34678210_0, 960, 16;
L_0x555f34681520 .part v0x555f34678210_0, 976, 16;
L_0x555f346817f0 .part v0x555f34678210_0, 992, 16;
L_0x555f346818c0 .part v0x555f34678210_0, 1008, 16;
L_0x555f34674360 .part v0x555f34678210_0, 1024, 16;
L_0x555f34674430 .part v0x555f34678210_0, 1040, 16;
L_0x555f34674720 .part v0x555f34678210_0, 1056, 16;
L_0x555f346747f0 .part v0x555f34678210_0, 1072, 16;
L_0x555f34682400 .part v0x555f34678210_0, 1088, 16;
L_0x555f346824d0 .part v0x555f34678210_0, 1104, 16;
L_0x555f346827e0 .part v0x555f34678210_0, 1120, 16;
L_0x555f346828b0 .part v0x555f34678210_0, 1136, 16;
L_0x555f34682bd0 .part v0x555f34678210_0, 1152, 16;
L_0x555f34682ca0 .part v0x555f34678210_0, 1168, 16;
L_0x555f34682fd0 .part v0x555f34678210_0, 1184, 16;
L_0x555f346830a0 .part v0x555f34678210_0, 1200, 16;
L_0x555f346833e0 .part v0x555f34678210_0, 1216, 16;
L_0x555f346834b0 .part v0x555f34678210_0, 1232, 16;
L_0x555f34683800 .part v0x555f34678210_0, 1248, 16;
L_0x555f346838d0 .part v0x555f34678210_0, 1264, 16;
L_0x555f34683c30 .part v0x555f34678210_0, 1280, 16;
L_0x555f34683d00 .part v0x555f34678210_0, 1296, 16;
L_0x555f34684070 .part v0x555f34678210_0, 1312, 16;
L_0x555f34684140 .part v0x555f34678210_0, 1328, 16;
L_0x555f346844c0 .part v0x555f34678210_0, 1344, 16;
L_0x555f34684590 .part v0x555f34678210_0, 1360, 16;
L_0x555f34684920 .part v0x555f34678210_0, 1376, 16;
L_0x555f346849f0 .part v0x555f34678210_0, 1392, 16;
L_0x555f34684d90 .part v0x555f34678210_0, 1408, 16;
L_0x555f34684e60 .part v0x555f34678210_0, 1424, 16;
L_0x555f34685210 .part v0x555f34678210_0, 1440, 16;
L_0x555f346852e0 .part v0x555f34678210_0, 1456, 16;
L_0x555f346856a0 .part v0x555f34678210_0, 1472, 16;
L_0x555f34685770 .part v0x555f34678210_0, 1488, 16;
L_0x555f34685b40 .part v0x555f34678210_0, 1504, 16;
L_0x555f34685c10 .part v0x555f34678210_0, 1520, 16;
L_0x555f34685ff0 .part v0x555f34678210_0, 1536, 16;
L_0x555f346860c0 .part v0x555f34678210_0, 1552, 16;
L_0x555f346864b0 .part v0x555f34678210_0, 1568, 16;
L_0x555f34686580 .part v0x555f34678210_0, 1584, 16;
L_0x555f34686980 .part v0x555f34678210_0, 1600, 16;
L_0x555f34686a50 .part v0x555f34678210_0, 1616, 16;
L_0x555f34686e60 .part v0x555f34678210_0, 1632, 16;
L_0x555f34686f30 .part v0x555f34678210_0, 1648, 16;
L_0x555f34687350 .part v0x555f34678210_0, 1664, 16;
L_0x555f34687420 .part v0x555f34678210_0, 1680, 16;
L_0x555f34687850 .part v0x555f34678210_0, 1696, 16;
L_0x555f34687920 .part v0x555f34678210_0, 1712, 16;
L_0x555f34687d60 .part v0x555f34678210_0, 1728, 16;
L_0x555f34687e30 .part v0x555f34678210_0, 1744, 16;
L_0x555f34688280 .part v0x555f34678210_0, 1760, 16;
L_0x555f34688350 .part v0x555f34678210_0, 1776, 16;
L_0x555f346887b0 .part v0x555f34678210_0, 1792, 16;
L_0x555f34688880 .part v0x555f34678210_0, 1808, 16;
L_0x555f34688cf0 .part v0x555f34678210_0, 1824, 16;
L_0x555f34688dc0 .part v0x555f34678210_0, 1840, 16;
L_0x555f34689240 .part v0x555f34678210_0, 1856, 16;
L_0x555f34689310 .part v0x555f34678210_0, 1872, 16;
L_0x555f346897a0 .part v0x555f34678210_0, 1888, 16;
L_0x555f34689870 .part v0x555f34678210_0, 1904, 16;
L_0x555f34689d10 .part v0x555f34678210_0, 1920, 16;
L_0x555f34689de0 .part v0x555f34678210_0, 1936, 16;
L_0x555f34674c70 .part v0x555f34678210_0, 1952, 16;
L_0x555f34674d40 .part v0x555f34678210_0, 1968, 16;
L_0x555f34674e10 .part v0x555f34678210_0, 1984, 16;
L_0x555f34674ee0 .part v0x555f34678210_0, 2000, 16;
L_0x555f3468a2b0 .part v0x555f34678210_0, 2016, 16;
L_0x555f3468a350 .part v0x555f34678210_0, 2032, 16;
L_0x555f34681da0 .part v0x555f34678210_0, 2048, 16;
L_0x555f34681e70 .part v0x555f34678210_0, 2064, 16;
L_0x555f34675010 .part v0x555f34678210_0, 2080, 16;
L_0x555f34681f70 .part v0x555f34678210_0, 2096, 16;
L_0x555f34682040 .part v0x555f34678210_0, 2112, 16;
L_0x555f3468b830 .part v0x555f34678210_0, 2128, 16;
L_0x555f346750b0 .part v0x555f34678210_0, 2144, 16;
L_0x555f3468b400 .part v0x555f34678210_0, 2160, 16;
L_0x555f3468b4a0 .part v0x555f34678210_0, 2176, 16;
L_0x555f3468b570 .part v0x555f34678210_0, 2192, 16;
L_0x555f3468b640 .part v0x555f34678210_0, 2208, 16;
L_0x555f3468b710 .part v0x555f34678210_0, 2224, 16;
L_0x555f3468bd40 .part v0x555f34678210_0, 2240, 16;
L_0x555f3468bde0 .part v0x555f34678210_0, 2256, 16;
L_0x555f34675150 .part v0x555f34678210_0, 2272, 16;
L_0x555f3468b8d0 .part v0x555f34678210_0, 2288, 16;
L_0x555f3468b970 .part v0x555f34678210_0, 2304, 16;
L_0x555f3468ba40 .part v0x555f34678210_0, 2320, 16;
L_0x555f3468bb10 .part v0x555f34678210_0, 2336, 16;
L_0x555f3468bbe0 .part v0x555f34678210_0, 2352, 16;
L_0x555f3468c360 .part v0x555f34678210_0, 2368, 16;
L_0x555f3468c400 .part v0x555f34678210_0, 2384, 16;
L_0x555f34675250 .part v0x555f34678210_0, 2400, 16;
L_0x555f3468beb0 .part v0x555f34678210_0, 2416, 16;
L_0x555f3468bf80 .part v0x555f34678210_0, 2432, 16;
L_0x555f3468c050 .part v0x555f34678210_0, 2448, 16;
L_0x555f3468c120 .part v0x555f34678210_0, 2464, 16;
L_0x555f3468c1f0 .part v0x555f34678210_0, 2480, 16;
L_0x555f3468c2c0 .part v0x555f34678210_0, 2496, 16;
L_0x555f3468c990 .part v0x555f34678210_0, 2512, 16;
L_0x555f34675350 .part v0x555f34678210_0, 2528, 16;
L_0x555f3468c4a0 .part v0x555f34678210_0, 2544, 16;
L_0x555f3468c540 .part v0x555f34678210_0, 2560, 16;
L_0x555f3468c610 .part v0x555f34678210_0, 2576, 16;
L_0x555f3468c6e0 .part v0x555f34678210_0, 2592, 16;
L_0x555f3468c7b0 .part v0x555f34678210_0, 2608, 16;
L_0x555f3468c880 .part v0x555f34678210_0, 2624, 16;
L_0x555f3468cf60 .part v0x555f34678210_0, 2640, 16;
L_0x555f34675450 .part v0x555f34678210_0, 2656, 16;
L_0x555f3468ca30 .part v0x555f34678210_0, 2672, 16;
L_0x555f3468cad0 .part v0x555f34678210_0, 2688, 16;
L_0x555f3468cba0 .part v0x555f34678210_0, 2704, 16;
L_0x555f3468cc70 .part v0x555f34678210_0, 2720, 16;
L_0x555f3468cd40 .part v0x555f34678210_0, 2736, 16;
L_0x555f3468ce10 .part v0x555f34678210_0, 2752, 16;
L_0x555f3468d570 .part v0x555f34678210_0, 2768, 16;
L_0x555f34675550 .part v0x555f34678210_0, 2784, 16;
L_0x555f3468d000 .part v0x555f34678210_0, 2800, 16;
L_0x555f3468d0a0 .part v0x555f34678210_0, 2816, 16;
L_0x555f3468d170 .part v0x555f34678210_0, 2832, 16;
L_0x555f3468d240 .part v0x555f34678210_0, 2848, 16;
L_0x555f3468d310 .part v0x555f34678210_0, 2864, 16;
L_0x555f3468d3e0 .part v0x555f34678210_0, 2880, 16;
L_0x555f3468d4b0 .part v0x555f34678210_0, 2896, 16;
L_0x555f3468dbd0 .part v0x555f34678210_0, 2912, 16;
L_0x555f3468dca0 .part v0x555f34678210_0, 2928, 16;
L_0x555f34675650 .part v0x555f34678210_0, 2944, 16;
L_0x555f3468d610 .part v0x555f34678210_0, 2960, 16;
L_0x555f3468d6e0 .part v0x555f34678210_0, 2976, 16;
L_0x555f3468d7b0 .part v0x555f34678210_0, 2992, 16;
L_0x555f3468d880 .part v0x555f34678210_0, 3008, 16;
L_0x555f3468d950 .part v0x555f34678210_0, 3024, 16;
L_0x555f3468da20 .part v0x555f34678210_0, 3040, 16;
L_0x555f3468daf0 .part v0x555f34678210_0, 3056, 16;
L_0x555f3468e380 .part v0x555f34678210_0, 3072, 16;
L_0x555f3468e420 .part v0x555f34678210_0, 3088, 16;
L_0x555f34675790 .part v0x555f34678210_0, 3104, 16;
L_0x555f3468dd70 .part v0x555f34678210_0, 3120, 16;
L_0x555f3468de40 .part v0x555f34678210_0, 3136, 16;
L_0x555f3468df10 .part v0x555f34678210_0, 3152, 16;
L_0x555f3468dfe0 .part v0x555f34678210_0, 3168, 16;
L_0x555f3468e0b0 .part v0x555f34678210_0, 3184, 16;
L_0x555f3468e180 .part v0x555f34678210_0, 3200, 16;
L_0x555f3468e250 .part v0x555f34678210_0, 3216, 16;
L_0x555f3468eb20 .part v0x555f34678210_0, 3232, 16;
L_0x555f3468ebc0 .part v0x555f34678210_0, 3248, 16;
L_0x555f34675860 .part v0x555f34678210_0, 3264, 16;
L_0x555f34675930 .part v0x555f34678210_0, 3280, 16;
L_0x555f3468e4c0 .part v0x555f34678210_0, 3296, 16;
L_0x555f3468e590 .part v0x555f34678210_0, 3312, 16;
L_0x555f3468e660 .part v0x555f34678210_0, 3328, 16;
L_0x555f3468e730 .part v0x555f34678210_0, 3344, 16;
L_0x555f3468e800 .part v0x555f34678210_0, 3360, 16;
L_0x555f3468e8d0 .part v0x555f34678210_0, 3376, 16;
L_0x555f3468e9a0 .part v0x555f34678210_0, 3392, 16;
L_0x555f3468ea70 .part v0x555f34678210_0, 3408, 16;
L_0x555f34675a10 .part v0x555f34678210_0, 3424, 16;
L_0x555f3468ec60 .part v0x555f34678210_0, 3440, 16;
L_0x555f3468ed30 .part v0x555f34678210_0, 3456, 16;
L_0x555f3468ee00 .part v0x555f34678210_0, 3472, 16;
L_0x555f3468eed0 .part v0x555f34678210_0, 3488, 16;
L_0x555f3468efa0 .part v0x555f34678210_0, 3504, 16;
L_0x555f3468f070 .part v0x555f34678210_0, 3520, 16;
L_0x555f3468f140 .part v0x555f34678210_0, 3536, 16;
L_0x555f3468f210 .part v0x555f34678210_0, 3552, 16;
L_0x555f3468fa40 .part v0x555f34678210_0, 3568, 16;
L_0x555f34675ae0 .part v0x555f34678210_0, 3584, 16;
L_0x555f34675bb0 .part v0x555f34678210_0, 3600, 16;
L_0x555f3468f340 .part v0x555f34678210_0, 3616, 16;
L_0x555f3468f410 .part v0x555f34678210_0, 3632, 16;
L_0x555f3468f4e0 .part v0x555f34678210_0, 3648, 16;
L_0x555f3468f5b0 .part v0x555f34678210_0, 3664, 16;
L_0x555f3468f680 .part v0x555f34678210_0, 3680, 16;
L_0x555f3468f750 .part v0x555f34678210_0, 3696, 16;
L_0x555f3468f820 .part v0x555f34678210_0, 3712, 16;
L_0x555f3468f8f0 .part v0x555f34678210_0, 3728, 16;
L_0x555f34690240 .part v0x555f34678210_0, 3744, 16;
L_0x555f346902e0 .part v0x555f34678210_0, 3760, 16;
L_0x555f34675c90 .part v0x555f34678210_0, 3776, 16;
L_0x555f34675d60 .part v0x555f34678210_0, 3792, 16;
L_0x555f3468fb10 .part v0x555f34678210_0, 3808, 16;
L_0x555f3468fbe0 .part v0x555f34678210_0, 3824, 16;
L_0x555f3468fcb0 .part v0x555f34678210_0, 3840, 16;
L_0x555f3468fd80 .part v0x555f34678210_0, 3856, 16;
L_0x555f3468fe50 .part v0x555f34678210_0, 3872, 16;
L_0x555f3468ff20 .part v0x555f34678210_0, 3888, 16;
L_0x555f3468fff0 .part v0x555f34678210_0, 3904, 16;
L_0x555f346900c0 .part v0x555f34678210_0, 3920, 16;
L_0x555f34690190 .part v0x555f34678210_0, 3936, 16;
L_0x555f34690b70 .part v0x555f34678210_0, 3952, 16;
L_0x555f34675e10 .part v0x555f34678210_0, 3968, 16;
L_0x555f34675ee0 .part v0x555f34678210_0, 3984, 16;
L_0x555f346903b0 .part v0x555f34678210_0, 4000, 16;
L_0x555f34690480 .part v0x555f34678210_0, 4016, 16;
L_0x555f34690550 .part v0x555f34678210_0, 4032, 16;
L_0x555f34690620 .part v0x555f34678210_0, 4048, 16;
L_0x555f346906f0 .part v0x555f34678210_0, 4064, 16;
L_0x555f346907c0 .part v0x555f34678210_0, 4080, 16;
L_0x555f34675f90 .part v0x555f34678210_0, 4096, 16;
L_0x555f34690890 .part v0x555f34678210_0, 4112, 16;
L_0x555f34690930 .part v0x555f34678210_0, 4128, 16;
L_0x555f34690a00 .part v0x555f34678210_0, 4144, 16;
L_0x555f3468ac20 .part v0x555f34678210_0, 4160, 16;
L_0x555f3468acf0 .part v0x555f34678210_0, 4176, 16;
L_0x555f34676090 .part v0x555f34678210_0, 4192, 16;
L_0x555f3468adc0 .part v0x555f34678210_0, 4208, 16;
L_0x555f3468ae90 .part v0x555f34678210_0, 4224, 16;
L_0x555f3468af60 .part v0x555f34678210_0, 4240, 16;
L_0x555f3468b030 .part v0x555f34678210_0, 4256, 16;
L_0x555f3468b100 .part v0x555f34678210_0, 4272, 16;
L_0x555f3468b1d0 .part v0x555f34678210_0, 4288, 16;
L_0x555f3468b2a0 .part v0x555f34678210_0, 4304, 16;
L_0x555f34690c40 .part v0x555f34678210_0, 4320, 16;
L_0x555f34690d10 .part v0x555f34678210_0, 4336, 16;
L_0x555f34690de0 .part v0x555f34678210_0, 4352, 16;
L_0x555f34690eb0 .part v0x555f34678210_0, 4368, 16;
L_0x555f34690f80 .part v0x555f34678210_0, 4384, 16;
L_0x555f34691050 .part v0x555f34678210_0, 4400, 16;
L_0x555f34691120 .part v0x555f34678210_0, 4416, 16;
L_0x555f346911f0 .part v0x555f34678210_0, 4432, 16;
L_0x555f346912c0 .part v0x555f34678210_0, 4448, 16;
L_0x555f34691390 .part v0x555f34678210_0, 4464, 16;
L_0x555f3468a3f0 .part v0x555f34678210_0, 4480, 16;
L_0x555f3468a4c0 .part v0x555f34678210_0, 4496, 16;
L_0x555f3468a590 .part v0x555f34678210_0, 4512, 16;
L_0x555f3468a660 .part v0x555f34678210_0, 4528, 16;
L_0x555f3468a730 .part v0x555f34678210_0, 4544, 16;
L_0x555f3468a800 .part v0x555f34678210_0, 4560, 16;
L_0x555f3468a8d0 .part v0x555f34678210_0, 4576, 16;
L_0x555f3468a9a0 .part v0x555f34678210_0, 4592, 16;
L_0x555f3468aa70 .part v0x555f34678210_0, 4608, 16;
L_0x555f3468ab40 .part v0x555f34678210_0, 4624, 16;
L_0x555f34693d70 .part v0x555f34678210_0, 4640, 16;
L_0x555f34693e10 .part v0x555f34678210_0, 4656, 16;
L_0x555f34676130 .part v0x555f34678210_0, 4672, 16;
L_0x555f346761d0 .part v0x555f34678210_0, 4688, 16;
L_0x555f346762a0 .part v0x555f34678210_0, 4704, 16;
L_0x555f34676370 .part v0x555f34678210_0, 4720, 16;
L_0x555f34676440 .part v0x555f34678210_0, 4736, 16;
L_0x555f34693450 .part v0x555f34678210_0, 4752, 16;
L_0x555f34693520 .part v0x555f34678210_0, 4768, 16;
L_0x555f346935f0 .part v0x555f34678210_0, 4784, 16;
L_0x555f346936c0 .part v0x555f34678210_0, 4800, 16;
L_0x555f34693790 .part v0x555f34678210_0, 4816, 16;
L_0x555f34693860 .part v0x555f34678210_0, 4832, 16;
L_0x555f34693930 .part v0x555f34678210_0, 4848, 16;
L_0x555f34693a00 .part v0x555f34678210_0, 4864, 16;
L_0x555f34693ad0 .part v0x555f34678210_0, 4880, 16;
L_0x555f34693ba0 .part v0x555f34678210_0, 4896, 16;
L_0x555f34693c70 .part v0x555f34678210_0, 4912, 16;
L_0x555f34694860 .part v0x555f34678210_0, 4928, 16;
L_0x555f34694900 .part v0x555f34678210_0, 4944, 16;
L_0x555f34676510 .part v0x555f34678210_0, 4960, 16;
L_0x555f346765e0 .part v0x555f34678210_0, 4976, 16;
L_0x555f346766b0 .part v0x555f34678210_0, 4992, 16;
L_0x555f34693ee0 .part v0x555f34678210_0, 5008, 16;
L_0x555f34693fb0 .part v0x555f34678210_0, 5024, 16;
L_0x555f34694080 .part v0x555f34678210_0, 5040, 16;
L_0x555f34694150 .part v0x555f34678210_0, 5056, 16;
L_0x555f34694220 .part v0x555f34678210_0, 5072, 16;
L_0x555f346942f0 .part v0x555f34678210_0, 5088, 16;
L_0x555f346943c0 .part v0x555f34678210_0, 5104, 16;
L_0x555f34694490 .part v0x555f34678210_0, 5120, 16;
L_0x555f34694560 .part v0x555f34678210_0, 5136, 16;
L_0x555f34694630 .part v0x555f34678210_0, 5152, 16;
L_0x555f34694700 .part v0x555f34678210_0, 5168, 16;
L_0x555f34695400 .part v0x555f34678210_0, 5184, 16;
L_0x555f346954a0 .part v0x555f34678210_0, 5200, 16;
L_0x555f34676750 .part v0x555f34678210_0, 5216, 16;
L_0x555f346767f0 .part v0x555f34678210_0, 5232, 16;
L_0x555f346949d0 .part v0x555f34678210_0, 5248, 16;
L_0x555f34694aa0 .part v0x555f34678210_0, 5264, 16;
L_0x555f34694b70 .part v0x555f34678210_0, 5280, 16;
L_0x555f34694c40 .part v0x555f34678210_0, 5296, 16;
L_0x555f34694d10 .part v0x555f34678210_0, 5312, 16;
L_0x555f34694de0 .part v0x555f34678210_0, 5328, 16;
L_0x555f34694eb0 .part v0x555f34678210_0, 5344, 16;
L_0x555f34694f80 .part v0x555f34678210_0, 5360, 16;
L_0x555f34695050 .part v0x555f34678210_0, 5376, 16;
L_0x555f34695120 .part v0x555f34678210_0, 5392, 16;
L_0x555f346951f0 .part v0x555f34678210_0, 5408, 16;
L_0x555f346952c0 .part v0x555f34678210_0, 5424, 16;
L_0x555f34695ff0 .part v0x555f34678210_0, 5440, 16;
L_0x555f34696090 .part v0x555f34678210_0, 5456, 16;
L_0x555f346768c0 .part v0x555f34678210_0, 5472, 16;
L_0x555f34676990 .part v0x555f34678210_0, 5488, 16;
L_0x555f34676a60 .part v0x555f34678210_0, 5504, 16;
L_0x555f34695540 .part v0x555f34678210_0, 5520, 16;
L_0x555f34695610 .part v0x555f34678210_0, 5536, 16;
L_0x555f346956e0 .part v0x555f34678210_0, 5552, 16;
L_0x555f346957b0 .part v0x555f34678210_0, 5568, 16;
L_0x555f34695880 .part v0x555f34678210_0, 5584, 16;
L_0x555f34695950 .part v0x555f34678210_0, 5600, 16;
L_0x555f34695a20 .part v0x555f34678210_0, 5616, 16;
L_0x555f34695af0 .part v0x555f34678210_0, 5632, 16;
L_0x555f34695bc0 .part v0x555f34678210_0, 5648, 16;
L_0x555f34695c90 .part v0x555f34678210_0, 5664, 16;
L_0x555f34695d60 .part v0x555f34678210_0, 5680, 16;
L_0x555f34695e30 .part v0x555f34678210_0, 5696, 16;
L_0x555f34695f00 .part v0x555f34678210_0, 5712, 16;
L_0x555f34696c70 .part v0x555f34678210_0, 5728, 16;
L_0x555f34696d40 .part v0x555f34678210_0, 5744, 16;
L_0x555f34676b30 .part v0x555f34678210_0, 5760, 16;
L_0x555f34676c00 .part v0x555f34678210_0, 5776, 16;
L_0x555f34676cd0 .part v0x555f34678210_0, 5792, 16;
L_0x555f34696160 .part v0x555f34678210_0, 5808, 16;
L_0x555f34696230 .part v0x555f34678210_0, 5824, 16;
L_0x555f34696300 .part v0x555f34678210_0, 5840, 16;
L_0x555f346963d0 .part v0x555f34678210_0, 5856, 16;
L_0x555f346964a0 .part v0x555f34678210_0, 5872, 16;
L_0x555f34696570 .part v0x555f34678210_0, 5888, 16;
L_0x555f34696640 .part v0x555f34678210_0, 5904, 16;
L_0x555f34696710 .part v0x555f34678210_0, 5920, 16;
L_0x555f346967e0 .part v0x555f34678210_0, 5936, 16;
L_0x555f346968b0 .part v0x555f34678210_0, 5952, 16;
L_0x555f34696980 .part v0x555f34678210_0, 5968, 16;
L_0x555f34696a50 .part v0x555f34678210_0, 5984, 16;
L_0x555f34696b20 .part v0x555f34678210_0, 6000, 16;
L_0x555f346979e0 .part v0x555f34678210_0, 6016, 16;
L_0x555f34697a80 .part v0x555f34678210_0, 6032, 16;
L_0x555f34676d70 .part v0x555f34678210_0, 6048, 16;
L_0x555f34676e40 .part v0x555f34678210_0, 6064, 16;
L_0x555f34676f10 .part v0x555f34678210_0, 6080, 16;
L_0x555f34696e40 .part v0x555f34678210_0, 6096, 16;
L_0x555f34696f10 .part v0x555f34678210_0, 6112, 16;
L_0x555f34696fe0 .part v0x555f34678210_0, 6128, 16;
L_0x555f346970b0 .part v0x555f34678210_0, 6144, 16;
L_0x555f34697180 .part v0x555f34678210_0, 6160, 16;
L_0x555f34697250 .part v0x555f34678210_0, 6176, 16;
L_0x555f34697320 .part v0x555f34678210_0, 6192, 16;
L_0x555f346973f0 .part v0x555f34678210_0, 6208, 16;
L_0x555f346974c0 .part v0x555f34678210_0, 6224, 16;
L_0x555f34697590 .part v0x555f34678210_0, 6240, 16;
L_0x555f34697660 .part v0x555f34678210_0, 6256, 16;
L_0x555f34697730 .part v0x555f34678210_0, 6272, 16;
L_0x555f34697800 .part v0x555f34678210_0, 6288, 16;
L_0x555f346978d0 .part v0x555f34678210_0, 6304, 16;
L_0x555f34698780 .part v0x555f34678210_0, 6320, 16;
L_0x555f34676fb0 .part v0x555f34678210_0, 6336, 16;
L_0x555f34677080 .part v0x555f34678210_0, 6352, 16;
L_0x555f34677150 .part v0x555f34678210_0, 6368, 16;
L_0x555f34697b50 .part v0x555f34678210_0, 6384, 16;
L_0x555f34697c20 .part v0x555f34678210_0, 6400, 16;
L_0x555f34697cf0 .part v0x555f34678210_0, 6416, 16;
L_0x555f34697dc0 .part v0x555f34678210_0, 6432, 16;
L_0x555f34697e90 .part v0x555f34678210_0, 6448, 16;
L_0x555f34697f60 .part v0x555f34678210_0, 6464, 16;
L_0x555f34698030 .part v0x555f34678210_0, 6480, 16;
L_0x555f34698100 .part v0x555f34678210_0, 6496, 16;
L_0x555f346981d0 .part v0x555f34678210_0, 6512, 16;
L_0x555f346982a0 .part v0x555f34678210_0, 6528, 16;
L_0x555f34698370 .part v0x555f34678210_0, 6544, 16;
L_0x555f34698440 .part v0x555f34678210_0, 6560, 16;
L_0x555f34698510 .part v0x555f34678210_0, 6576, 16;
L_0x555f346985e0 .part v0x555f34678210_0, 6592, 16;
L_0x555f346986b0 .part v0x555f34678210_0, 6608, 16;
L_0x555f34699520 .part v0x555f34678210_0, 6624, 16;
L_0x555f346995f0 .part v0x555f34678210_0, 6640, 16;
L_0x555f346771f0 .part v0x555f34678210_0, 6656, 16;
L_0x555f346772c0 .part v0x555f34678210_0, 6672, 16;
L_0x555f34677390 .part v0x555f34678210_0, 6688, 16;
L_0x555f34698820 .part v0x555f34678210_0, 6704, 16;
L_0x555f346988c0 .part v0x555f34678210_0, 6720, 16;
L_0x555f34698990 .part v0x555f34678210_0, 6736, 16;
L_0x555f34698a60 .part v0x555f34678210_0, 6752, 16;
L_0x555f34698b30 .part v0x555f34678210_0, 6768, 16;
L_0x555f34698c00 .part v0x555f34678210_0, 6784, 16;
L_0x555f34698cd0 .part v0x555f34678210_0, 6800, 16;
L_0x555f34698da0 .part v0x555f34678210_0, 6816, 16;
L_0x555f34698e70 .part v0x555f34678210_0, 6832, 16;
L_0x555f34698f40 .part v0x555f34678210_0, 6848, 16;
L_0x555f34699010 .part v0x555f34678210_0, 6864, 16;
L_0x555f346990e0 .part v0x555f34678210_0, 6880, 16;
L_0x555f346991b0 .part v0x555f34678210_0, 6896, 16;
L_0x555f34699280 .part v0x555f34678210_0, 6912, 16;
L_0x555f34699350 .part v0x555f34678210_0, 6928, 16;
L_0x555f34699420 .part v0x555f34678210_0, 6944, 16;
L_0x555f3469a460 .part v0x555f34678210_0, 6960, 16;
L_0x555f34677490 .part v0x555f34678210_0, 6976, 16;
L_0x555f34677560 .part v0x555f34678210_0, 6992, 16;
L_0x555f34677630 .part v0x555f34678210_0, 7008, 16;
L_0x555f346996c0 .part v0x555f34678210_0, 7024, 16;
L_0x555f34699790 .part v0x555f34678210_0, 7040, 16;
L_0x555f34699860 .part v0x555f34678210_0, 7056, 16;
L_0x555f34699930 .part v0x555f34678210_0, 7072, 16;
L_0x555f34699a00 .part v0x555f34678210_0, 7088, 16;
L_0x555f34699ad0 .part v0x555f34678210_0, 7104, 16;
L_0x555f34699ba0 .part v0x555f34678210_0, 7120, 16;
L_0x555f34699c70 .part v0x555f34678210_0, 7136, 16;
L_0x555f34699d40 .part v0x555f34678210_0, 7152, 16;
L_0x555f34699e10 .part v0x555f34678210_0, 7168, 16;
L_0x555f34699ee0 .part v0x555f34678210_0, 7184, 16;
L_0x555f34699fb0 .part v0x555f34678210_0, 7200, 16;
L_0x555f3469a080 .part v0x555f34678210_0, 7216, 16;
L_0x555f3469a150 .part v0x555f34678210_0, 7232, 16;
L_0x555f3469a220 .part v0x555f34678210_0, 7248, 16;
L_0x555f3469a2f0 .part v0x555f34678210_0, 7264, 16;
L_0x555f3469a3c0 .part v0x555f34678210_0, 7280, 16;
L_0x555f34677710 .part v0x555f34678210_0, 7296, 16;
L_0x555f346777e0 .part v0x555f34678210_0, 7312, 16;
L_0x555f346778b0 .part v0x555f34678210_0, 7328, 16;
L_0x555f3469a500 .part v0x555f34678210_0, 7344, 16;
L_0x555f3469a5d0 .part v0x555f34678210_0, 7360, 16;
L_0x555f3469a6a0 .part v0x555f34678210_0, 7376, 16;
L_0x555f3469a770 .part v0x555f34678210_0, 7392, 16;
L_0x555f3469a840 .part v0x555f34678210_0, 7408, 16;
L_0x555f3469a910 .part v0x555f34678210_0, 7424, 16;
L_0x555f3469a9e0 .part v0x555f34678210_0, 7440, 16;
L_0x555f3469aab0 .part v0x555f34678210_0, 7456, 16;
L_0x555f3469ab80 .part v0x555f34678210_0, 7472, 16;
L_0x555f3469ac50 .part v0x555f34678210_0, 7488, 16;
L_0x555f3469ad20 .part v0x555f34678210_0, 7504, 16;
L_0x555f3469adf0 .part v0x555f34678210_0, 7520, 16;
L_0x555f3469aec0 .part v0x555f34678210_0, 7536, 16;
L_0x555f3469af90 .part v0x555f34678210_0, 7552, 16;
L_0x555f3469b060 .part v0x555f34678210_0, 7568, 16;
L_0x555f3469b130 .part v0x555f34678210_0, 7584, 16;
L_0x555f3469b200 .part v0x555f34678210_0, 7600, 16;
L_0x555f3469c260 .part v0x555f34678210_0, 7616, 16;
L_0x555f3469c300 .part v0x555f34678210_0, 7632, 16;
L_0x555f34677990 .part v0x555f34678210_0, 7648, 16;
L_0x555f34677a60 .part v0x555f34678210_0, 7664, 16;
L_0x555f34677b30 .part v0x555f34678210_0, 7680, 16;
L_0x555f3469b370 .part v0x555f34678210_0, 7696, 16;
L_0x555f3469b440 .part v0x555f34678210_0, 7712, 16;
L_0x555f3469b510 .part v0x555f34678210_0, 7728, 16;
L_0x555f3469b5e0 .part v0x555f34678210_0, 7744, 16;
L_0x555f3469b6b0 .part v0x555f34678210_0, 7760, 16;
L_0x555f3469b780 .part v0x555f34678210_0, 7776, 16;
L_0x555f3469b850 .part v0x555f34678210_0, 7792, 16;
L_0x555f3469b920 .part v0x555f34678210_0, 7808, 16;
L_0x555f3469b9f0 .part v0x555f34678210_0, 7824, 16;
L_0x555f3469bac0 .part v0x555f34678210_0, 7840, 16;
L_0x555f3469bb90 .part v0x555f34678210_0, 7856, 16;
L_0x555f3469bc60 .part v0x555f34678210_0, 7872, 16;
L_0x555f3469bd30 .part v0x555f34678210_0, 7888, 16;
L_0x555f3469be00 .part v0x555f34678210_0, 7904, 16;
L_0x555f3469bed0 .part v0x555f34678210_0, 7920, 16;
L_0x555f3469bfa0 .part v0x555f34678210_0, 7936, 16;
L_0x555f3469c070 .part v0x555f34678210_0, 7952, 16;
L_0x555f3469c140 .part v0x555f34678210_0, 7968, 16;
L_0x555f3469d340 .part v0x555f34678210_0, 7984, 16;
L_0x555f34677c30 .part v0x555f34678210_0, 8000, 16;
L_0x555f34677d00 .part v0x555f34678210_0, 8016, 16;
L_0x555f34677dd0 .part v0x555f34678210_0, 8032, 16;
L_0x555f3469c3a0 .part v0x555f34678210_0, 8048, 16;
L_0x555f3469c470 .part v0x555f34678210_0, 8064, 16;
L_0x555f3469c540 .part v0x555f34678210_0, 8080, 16;
L_0x555f3469c610 .part v0x555f34678210_0, 8096, 16;
L_0x555f3469c6e0 .part v0x555f34678210_0, 8112, 16;
L_0x555f3469c7b0 .part v0x555f34678210_0, 8128, 16;
L_0x555f3469c880 .part v0x555f34678210_0, 8144, 16;
L_0x555f3469c950 .part v0x555f34678210_0, 8160, 16;
L_0x555f3469ca20 .part v0x555f34678210_0, 8176, 16;
L_0x555f34677ea0 .cmp/eq 2, v0x555f34640f70_0, L_0x7f9f6efc1018;
S_0x555f3443fb80 .scope begin, "$ivl_for_loop6" "$ivl_for_loop6" 4 54, 4 54 0, S_0x555f34456ab0;
 .timescale -9 -12;
v0x555f34590cf0_0 .var/2s "i", 31 0;
S_0x555f34623de0 .scope generate, "g_unflat_final[0]" "g_unflat_final[0]" 4 135, 4 135 0, S_0x555f34456ab0;
 .timescale -9 -12;
P_0x555f345912f0 .param/l "gi" 0 4 135, +C4<00>;
S_0x555f34623f70 .scope generate, "g_unflat_final[1]" "g_unflat_final[1]" 4 135, 4 135 0, S_0x555f34456ab0;
 .timescale -9 -12;
P_0x555f34590860 .param/l "gi" 0 4 135, +C4<01>;
S_0x555f34624100 .scope generate, "g_unflat_final[2]" "g_unflat_final[2]" 4 135, 4 135 0, S_0x555f34456ab0;
 .timescale -9 -12;
P_0x555f345902e0 .param/l "gi" 0 4 135, +C4<010>;
S_0x555f34624290 .scope generate, "g_unflat_final[3]" "g_unflat_final[3]" 4 135, 4 135 0, S_0x555f34456ab0;
 .timescale -9 -12;
P_0x555f3458fe00 .param/l "gi" 0 4 135, +C4<011>;
S_0x555f34624420 .scope generate, "g_unflat_final[4]" "g_unflat_final[4]" 4 135, 4 135 0, S_0x555f34456ab0;
 .timescale -9 -12;
P_0x555f3458f880 .param/l "gi" 0 4 135, +C4<0100>;
S_0x555f346245b0 .scope generate, "g_unflat_final[5]" "g_unflat_final[5]" 4 135, 4 135 0, S_0x555f34456ab0;
 .timescale -9 -12;
P_0x555f3458f350 .param/l "gi" 0 4 135, +C4<0101>;
S_0x555f34624740 .scope generate, "g_unflat_final[6]" "g_unflat_final[6]" 4 135, 4 135 0, S_0x555f34456ab0;
 .timescale -9 -12;
P_0x555f3458ee20 .param/l "gi" 0 4 135, +C4<0110>;
S_0x555f346248d0 .scope generate, "g_unflat_final[7]" "g_unflat_final[7]" 4 135, 4 135 0, S_0x555f34456ab0;
 .timescale -9 -12;
P_0x555f3458fdb0 .param/l "gi" 0 4 135, +C4<0111>;
S_0x555f34624a60 .scope generate, "g_unflat_final[8]" "g_unflat_final[8]" 4 135, 4 135 0, S_0x555f34456ab0;
 .timescale -9 -12;
P_0x555f3458e370 .param/l "gi" 0 4 135, +C4<01000>;
S_0x555f34624bf0 .scope generate, "g_unflat_final[9]" "g_unflat_final[9]" 4 135, 4 135 0, S_0x555f34456ab0;
 .timescale -9 -12;
P_0x555f3458de40 .param/l "gi" 0 4 135, +C4<01001>;
S_0x555f34624d80 .scope generate, "g_unflat_final[10]" "g_unflat_final[10]" 4 135, 4 135 0, S_0x555f34456ab0;
 .timescale -9 -12;
P_0x555f3458d910 .param/l "gi" 0 4 135, +C4<01010>;
S_0x555f34624f10 .scope generate, "g_unflat_final[11]" "g_unflat_final[11]" 4 135, 4 135 0, S_0x555f34456ab0;
 .timescale -9 -12;
P_0x555f3458d3e0 .param/l "gi" 0 4 135, +C4<01011>;
S_0x555f346250a0 .scope generate, "g_unflat_final[12]" "g_unflat_final[12]" 4 135, 4 135 0, S_0x555f34456ab0;
 .timescale -9 -12;
P_0x555f3458ceb0 .param/l "gi" 0 4 135, +C4<01100>;
S_0x555f34625230 .scope generate, "g_unflat_final[13]" "g_unflat_final[13]" 4 135, 4 135 0, S_0x555f34456ab0;
 .timescale -9 -12;
P_0x555f3458c980 .param/l "gi" 0 4 135, +C4<01101>;
S_0x555f346253c0 .scope generate, "g_unflat_final[14]" "g_unflat_final[14]" 4 135, 4 135 0, S_0x555f34456ab0;
 .timescale -9 -12;
P_0x555f3458c450 .param/l "gi" 0 4 135, +C4<01110>;
S_0x555f34625550 .scope generate, "g_unflat_final[15]" "g_unflat_final[15]" 4 135, 4 135 0, S_0x555f34456ab0;
 .timescale -9 -12;
P_0x555f3458bf20 .param/l "gi" 0 4 135, +C4<01111>;
S_0x555f346256e0 .scope generate, "g_unflat_final[16]" "g_unflat_final[16]" 4 135, 4 135 0, S_0x555f34456ab0;
 .timescale -9 -12;
P_0x555f3458b9f0 .param/l "gi" 0 4 135, +C4<010000>;
S_0x555f34625870 .scope generate, "g_unflat_final[17]" "g_unflat_final[17]" 4 135, 4 135 0, S_0x555f34456ab0;
 .timescale -9 -12;
P_0x555f3458b4c0 .param/l "gi" 0 4 135, +C4<010001>;
S_0x555f34625a00 .scope generate, "g_unflat_final[18]" "g_unflat_final[18]" 4 135, 4 135 0, S_0x555f34456ab0;
 .timescale -9 -12;
P_0x555f3458af90 .param/l "gi" 0 4 135, +C4<010010>;
S_0x555f34625b90 .scope generate, "g_unflat_final[19]" "g_unflat_final[19]" 4 135, 4 135 0, S_0x555f34456ab0;
 .timescale -9 -12;
P_0x555f3458aa60 .param/l "gi" 0 4 135, +C4<010011>;
S_0x555f34625d20 .scope generate, "g_unflat_final[20]" "g_unflat_final[20]" 4 135, 4 135 0, S_0x555f34456ab0;
 .timescale -9 -12;
P_0x555f3458a530 .param/l "gi" 0 4 135, +C4<010100>;
S_0x555f34625eb0 .scope generate, "g_unflat_final[21]" "g_unflat_final[21]" 4 135, 4 135 0, S_0x555f34456ab0;
 .timescale -9 -12;
P_0x555f3458a000 .param/l "gi" 0 4 135, +C4<010101>;
S_0x555f34626040 .scope generate, "g_unflat_final[22]" "g_unflat_final[22]" 4 135, 4 135 0, S_0x555f34456ab0;
 .timescale -9 -12;
P_0x555f34589ad0 .param/l "gi" 0 4 135, +C4<010110>;
S_0x555f346261d0 .scope generate, "g_unflat_final[23]" "g_unflat_final[23]" 4 135, 4 135 0, S_0x555f34456ab0;
 .timescale -9 -12;
P_0x555f345895a0 .param/l "gi" 0 4 135, +C4<010111>;
S_0x555f34626360 .scope generate, "g_unflat_final[24]" "g_unflat_final[24]" 4 135, 4 135 0, S_0x555f34456ab0;
 .timescale -9 -12;
P_0x555f34589070 .param/l "gi" 0 4 135, +C4<011000>;
S_0x555f346264f0 .scope generate, "g_unflat_final[25]" "g_unflat_final[25]" 4 135, 4 135 0, S_0x555f34456ab0;
 .timescale -9 -12;
P_0x555f34588b40 .param/l "gi" 0 4 135, +C4<011001>;
S_0x555f34626680 .scope generate, "g_unflat_final[26]" "g_unflat_final[26]" 4 135, 4 135 0, S_0x555f34456ab0;
 .timescale -9 -12;
P_0x555f34588610 .param/l "gi" 0 4 135, +C4<011010>;
S_0x555f34626810 .scope generate, "g_unflat_final[27]" "g_unflat_final[27]" 4 135, 4 135 0, S_0x555f34456ab0;
 .timescale -9 -12;
P_0x555f345880e0 .param/l "gi" 0 4 135, +C4<011011>;
S_0x555f346269a0 .scope generate, "g_unflat_final[28]" "g_unflat_final[28]" 4 135, 4 135 0, S_0x555f34456ab0;
 .timescale -9 -12;
P_0x555f34587bb0 .param/l "gi" 0 4 135, +C4<011100>;
S_0x555f34626b30 .scope generate, "g_unflat_final[29]" "g_unflat_final[29]" 4 135, 4 135 0, S_0x555f34456ab0;
 .timescale -9 -12;
P_0x555f34587680 .param/l "gi" 0 4 135, +C4<011101>;
S_0x555f34626cc0 .scope generate, "g_unflat_final[30]" "g_unflat_final[30]" 4 135, 4 135 0, S_0x555f34456ab0;
 .timescale -9 -12;
P_0x555f34587150 .param/l "gi" 0 4 135, +C4<011110>;
S_0x555f34626e50 .scope generate, "g_unflat_final[31]" "g_unflat_final[31]" 4 135, 4 135 0, S_0x555f34456ab0;
 .timescale -9 -12;
P_0x555f34586c20 .param/l "gi" 0 4 135, +C4<011111>;
S_0x555f34626fe0 .scope generate, "g_unflat_final[32]" "g_unflat_final[32]" 4 135, 4 135 0, S_0x555f34456ab0;
 .timescale -9 -12;
P_0x555f345866f0 .param/l "gi" 0 4 135, +C4<0100000>;
S_0x555f34627170 .scope generate, "g_unflat_final[33]" "g_unflat_final[33]" 4 135, 4 135 0, S_0x555f34456ab0;
 .timescale -9 -12;
P_0x555f345861c0 .param/l "gi" 0 4 135, +C4<0100001>;
S_0x555f34627300 .scope generate, "g_unflat_final[34]" "g_unflat_final[34]" 4 135, 4 135 0, S_0x555f34456ab0;
 .timescale -9 -12;
P_0x555f34585c90 .param/l "gi" 0 4 135, +C4<0100010>;
S_0x555f34627490 .scope generate, "g_unflat_final[35]" "g_unflat_final[35]" 4 135, 4 135 0, S_0x555f34456ab0;
 .timescale -9 -12;
P_0x555f34585760 .param/l "gi" 0 4 135, +C4<0100011>;
S_0x555f34627620 .scope generate, "g_unflat_final[36]" "g_unflat_final[36]" 4 135, 4 135 0, S_0x555f34456ab0;
 .timescale -9 -12;
P_0x555f34585230 .param/l "gi" 0 4 135, +C4<0100100>;
S_0x555f346277b0 .scope generate, "g_unflat_final[37]" "g_unflat_final[37]" 4 135, 4 135 0, S_0x555f34456ab0;
 .timescale -9 -12;
P_0x555f34584d00 .param/l "gi" 0 4 135, +C4<0100101>;
S_0x555f34627940 .scope generate, "g_unflat_final[38]" "g_unflat_final[38]" 4 135, 4 135 0, S_0x555f34456ab0;
 .timescale -9 -12;
P_0x555f345847d0 .param/l "gi" 0 4 135, +C4<0100110>;
S_0x555f34627ad0 .scope generate, "g_unflat_final[39]" "g_unflat_final[39]" 4 135, 4 135 0, S_0x555f34456ab0;
 .timescale -9 -12;
P_0x555f345842a0 .param/l "gi" 0 4 135, +C4<0100111>;
S_0x555f34627c60 .scope generate, "g_unflat_final[40]" "g_unflat_final[40]" 4 135, 4 135 0, S_0x555f34456ab0;
 .timescale -9 -12;
P_0x555f34583d70 .param/l "gi" 0 4 135, +C4<0101000>;
S_0x555f34627df0 .scope generate, "g_unflat_final[41]" "g_unflat_final[41]" 4 135, 4 135 0, S_0x555f34456ab0;
 .timescale -9 -12;
P_0x555f34583840 .param/l "gi" 0 4 135, +C4<0101001>;
S_0x555f34627f80 .scope generate, "g_unflat_final[42]" "g_unflat_final[42]" 4 135, 4 135 0, S_0x555f34456ab0;
 .timescale -9 -12;
P_0x555f34583310 .param/l "gi" 0 4 135, +C4<0101010>;
S_0x555f34628110 .scope generate, "g_unflat_final[43]" "g_unflat_final[43]" 4 135, 4 135 0, S_0x555f34456ab0;
 .timescale -9 -12;
P_0x555f34582de0 .param/l "gi" 0 4 135, +C4<0101011>;
S_0x555f346282a0 .scope generate, "g_unflat_final[44]" "g_unflat_final[44]" 4 135, 4 135 0, S_0x555f34456ab0;
 .timescale -9 -12;
P_0x555f345828b0 .param/l "gi" 0 4 135, +C4<0101100>;
S_0x555f34628430 .scope generate, "g_unflat_final[45]" "g_unflat_final[45]" 4 135, 4 135 0, S_0x555f34456ab0;
 .timescale -9 -12;
P_0x555f34582380 .param/l "gi" 0 4 135, +C4<0101101>;
S_0x555f346285c0 .scope generate, "g_unflat_final[46]" "g_unflat_final[46]" 4 135, 4 135 0, S_0x555f34456ab0;
 .timescale -9 -12;
P_0x555f34581e50 .param/l "gi" 0 4 135, +C4<0101110>;
S_0x555f34628750 .scope generate, "g_unflat_final[47]" "g_unflat_final[47]" 4 135, 4 135 0, S_0x555f34456ab0;
 .timescale -9 -12;
P_0x555f34581920 .param/l "gi" 0 4 135, +C4<0101111>;
S_0x555f346288e0 .scope generate, "g_unflat_final[48]" "g_unflat_final[48]" 4 135, 4 135 0, S_0x555f34456ab0;
 .timescale -9 -12;
P_0x555f345813f0 .param/l "gi" 0 4 135, +C4<0110000>;
S_0x555f34628a70 .scope generate, "g_unflat_final[49]" "g_unflat_final[49]" 4 135, 4 135 0, S_0x555f34456ab0;
 .timescale -9 -12;
P_0x555f34580ec0 .param/l "gi" 0 4 135, +C4<0110001>;
S_0x555f34628c00 .scope generate, "g_unflat_final[50]" "g_unflat_final[50]" 4 135, 4 135 0, S_0x555f34456ab0;
 .timescale -9 -12;
P_0x555f34580990 .param/l "gi" 0 4 135, +C4<0110010>;
S_0x555f34628d90 .scope generate, "g_unflat_final[51]" "g_unflat_final[51]" 4 135, 4 135 0, S_0x555f34456ab0;
 .timescale -9 -12;
P_0x555f34580460 .param/l "gi" 0 4 135, +C4<0110011>;
S_0x555f34628f20 .scope generate, "g_unflat_final[52]" "g_unflat_final[52]" 4 135, 4 135 0, S_0x555f34456ab0;
 .timescale -9 -12;
P_0x555f3457ff30 .param/l "gi" 0 4 135, +C4<0110100>;
S_0x555f346290b0 .scope generate, "g_unflat_final[53]" "g_unflat_final[53]" 4 135, 4 135 0, S_0x555f34456ab0;
 .timescale -9 -12;
P_0x555f3457fa00 .param/l "gi" 0 4 135, +C4<0110101>;
S_0x555f34629240 .scope generate, "g_unflat_final[54]" "g_unflat_final[54]" 4 135, 4 135 0, S_0x555f34456ab0;
 .timescale -9 -12;
P_0x555f3457f4d0 .param/l "gi" 0 4 135, +C4<0110110>;
S_0x555f346293d0 .scope generate, "g_unflat_final[55]" "g_unflat_final[55]" 4 135, 4 135 0, S_0x555f34456ab0;
 .timescale -9 -12;
P_0x555f3457efa0 .param/l "gi" 0 4 135, +C4<0110111>;
S_0x555f34629560 .scope generate, "g_unflat_final[56]" "g_unflat_final[56]" 4 135, 4 135 0, S_0x555f34456ab0;
 .timescale -9 -12;
P_0x555f3457ea70 .param/l "gi" 0 4 135, +C4<0111000>;
S_0x555f346296f0 .scope generate, "g_unflat_final[57]" "g_unflat_final[57]" 4 135, 4 135 0, S_0x555f34456ab0;
 .timescale -9 -12;
P_0x555f3457e540 .param/l "gi" 0 4 135, +C4<0111001>;
S_0x555f34629880 .scope generate, "g_unflat_final[58]" "g_unflat_final[58]" 4 135, 4 135 0, S_0x555f34456ab0;
 .timescale -9 -12;
P_0x555f3457e010 .param/l "gi" 0 4 135, +C4<0111010>;
S_0x555f34629a10 .scope generate, "g_unflat_final[59]" "g_unflat_final[59]" 4 135, 4 135 0, S_0x555f34456ab0;
 .timescale -9 -12;
P_0x555f3457dae0 .param/l "gi" 0 4 135, +C4<0111011>;
S_0x555f34629ba0 .scope generate, "g_unflat_final[60]" "g_unflat_final[60]" 4 135, 4 135 0, S_0x555f34456ab0;
 .timescale -9 -12;
P_0x555f3457d5b0 .param/l "gi" 0 4 135, +C4<0111100>;
S_0x555f34629d30 .scope generate, "g_unflat_final[61]" "g_unflat_final[61]" 4 135, 4 135 0, S_0x555f34456ab0;
 .timescale -9 -12;
P_0x555f3457d080 .param/l "gi" 0 4 135, +C4<0111101>;
S_0x555f34629ec0 .scope generate, "g_unflat_final[62]" "g_unflat_final[62]" 4 135, 4 135 0, S_0x555f34456ab0;
 .timescale -9 -12;
P_0x555f3457cb50 .param/l "gi" 0 4 135, +C4<0111110>;
S_0x555f3462a050 .scope generate, "g_unflat_final[63]" "g_unflat_final[63]" 4 135, 4 135 0, S_0x555f34456ab0;
 .timescale -9 -12;
P_0x555f3457c620 .param/l "gi" 0 4 135, +C4<0111111>;
S_0x555f3462a1e0 .scope generate, "g_unflat_final[64]" "g_unflat_final[64]" 4 135, 4 135 0, S_0x555f34456ab0;
 .timescale -9 -12;
P_0x555f3457c0f0 .param/l "gi" 0 4 135, +C4<01000000>;
S_0x555f3462a370 .scope generate, "g_unflat_final[65]" "g_unflat_final[65]" 4 135, 4 135 0, S_0x555f34456ab0;
 .timescale -9 -12;
P_0x555f3457bbc0 .param/l "gi" 0 4 135, +C4<01000001>;
S_0x555f3462a500 .scope generate, "g_unflat_final[66]" "g_unflat_final[66]" 4 135, 4 135 0, S_0x555f34456ab0;
 .timescale -9 -12;
P_0x555f3457b690 .param/l "gi" 0 4 135, +C4<01000010>;
S_0x555f3462a690 .scope generate, "g_unflat_final[67]" "g_unflat_final[67]" 4 135, 4 135 0, S_0x555f34456ab0;
 .timescale -9 -12;
P_0x555f3457b160 .param/l "gi" 0 4 135, +C4<01000011>;
S_0x555f3462a820 .scope generate, "g_unflat_final[68]" "g_unflat_final[68]" 4 135, 4 135 0, S_0x555f34456ab0;
 .timescale -9 -12;
P_0x555f3457ac30 .param/l "gi" 0 4 135, +C4<01000100>;
S_0x555f3462a9b0 .scope generate, "g_unflat_final[69]" "g_unflat_final[69]" 4 135, 4 135 0, S_0x555f34456ab0;
 .timescale -9 -12;
P_0x555f3457a700 .param/l "gi" 0 4 135, +C4<01000101>;
S_0x555f3462ab40 .scope generate, "g_unflat_final[70]" "g_unflat_final[70]" 4 135, 4 135 0, S_0x555f34456ab0;
 .timescale -9 -12;
P_0x555f3457a1d0 .param/l "gi" 0 4 135, +C4<01000110>;
S_0x555f3462acd0 .scope generate, "g_unflat_final[71]" "g_unflat_final[71]" 4 135, 4 135 0, S_0x555f34456ab0;
 .timescale -9 -12;
P_0x555f34579ca0 .param/l "gi" 0 4 135, +C4<01000111>;
S_0x555f3462ae60 .scope generate, "g_unflat_final[72]" "g_unflat_final[72]" 4 135, 4 135 0, S_0x555f34456ab0;
 .timescale -9 -12;
P_0x555f34579770 .param/l "gi" 0 4 135, +C4<01001000>;
S_0x555f3462aff0 .scope generate, "g_unflat_final[73]" "g_unflat_final[73]" 4 135, 4 135 0, S_0x555f34456ab0;
 .timescale -9 -12;
P_0x555f34579240 .param/l "gi" 0 4 135, +C4<01001001>;
S_0x555f3462b180 .scope generate, "g_unflat_final[74]" "g_unflat_final[74]" 4 135, 4 135 0, S_0x555f34456ab0;
 .timescale -9 -12;
P_0x555f34578d10 .param/l "gi" 0 4 135, +C4<01001010>;
S_0x555f3462b310 .scope generate, "g_unflat_final[75]" "g_unflat_final[75]" 4 135, 4 135 0, S_0x555f34456ab0;
 .timescale -9 -12;
P_0x555f345787e0 .param/l "gi" 0 4 135, +C4<01001011>;
S_0x555f3462b4a0 .scope generate, "g_unflat_final[76]" "g_unflat_final[76]" 4 135, 4 135 0, S_0x555f34456ab0;
 .timescale -9 -12;
P_0x555f345782b0 .param/l "gi" 0 4 135, +C4<01001100>;
S_0x555f3462b630 .scope generate, "g_unflat_final[77]" "g_unflat_final[77]" 4 135, 4 135 0, S_0x555f34456ab0;
 .timescale -9 -12;
P_0x555f34577d80 .param/l "gi" 0 4 135, +C4<01001101>;
S_0x555f3462b7c0 .scope generate, "g_unflat_final[78]" "g_unflat_final[78]" 4 135, 4 135 0, S_0x555f34456ab0;
 .timescale -9 -12;
P_0x555f34577850 .param/l "gi" 0 4 135, +C4<01001110>;
S_0x555f3462b950 .scope generate, "g_unflat_final[79]" "g_unflat_final[79]" 4 135, 4 135 0, S_0x555f34456ab0;
 .timescale -9 -12;
P_0x555f34577320 .param/l "gi" 0 4 135, +C4<01001111>;
S_0x555f3462bae0 .scope generate, "g_unflat_final[80]" "g_unflat_final[80]" 4 135, 4 135 0, S_0x555f34456ab0;
 .timescale -9 -12;
P_0x555f34576df0 .param/l "gi" 0 4 135, +C4<01010000>;
S_0x555f3462bc70 .scope generate, "g_unflat_final[81]" "g_unflat_final[81]" 4 135, 4 135 0, S_0x555f34456ab0;
 .timescale -9 -12;
P_0x555f345768c0 .param/l "gi" 0 4 135, +C4<01010001>;
S_0x555f3462be00 .scope generate, "g_unflat_final[82]" "g_unflat_final[82]" 4 135, 4 135 0, S_0x555f34456ab0;
 .timescale -9 -12;
P_0x555f34576390 .param/l "gi" 0 4 135, +C4<01010010>;
S_0x555f3462bf90 .scope generate, "g_unflat_final[83]" "g_unflat_final[83]" 4 135, 4 135 0, S_0x555f34456ab0;
 .timescale -9 -12;
P_0x555f34575e60 .param/l "gi" 0 4 135, +C4<01010011>;
S_0x555f3462c120 .scope generate, "g_unflat_final[84]" "g_unflat_final[84]" 4 135, 4 135 0, S_0x555f34456ab0;
 .timescale -9 -12;
P_0x555f34575930 .param/l "gi" 0 4 135, +C4<01010100>;
S_0x555f3462c2b0 .scope generate, "g_unflat_final[85]" "g_unflat_final[85]" 4 135, 4 135 0, S_0x555f34456ab0;
 .timescale -9 -12;
P_0x555f34575400 .param/l "gi" 0 4 135, +C4<01010101>;
S_0x555f3462c440 .scope generate, "g_unflat_final[86]" "g_unflat_final[86]" 4 135, 4 135 0, S_0x555f34456ab0;
 .timescale -9 -12;
P_0x555f34574ed0 .param/l "gi" 0 4 135, +C4<01010110>;
S_0x555f3462c5d0 .scope generate, "g_unflat_final[87]" "g_unflat_final[87]" 4 135, 4 135 0, S_0x555f34456ab0;
 .timescale -9 -12;
P_0x555f345749a0 .param/l "gi" 0 4 135, +C4<01010111>;
S_0x555f3462c760 .scope generate, "g_unflat_final[88]" "g_unflat_final[88]" 4 135, 4 135 0, S_0x555f34456ab0;
 .timescale -9 -12;
P_0x555f34574470 .param/l "gi" 0 4 135, +C4<01011000>;
S_0x555f3462c8f0 .scope generate, "g_unflat_final[89]" "g_unflat_final[89]" 4 135, 4 135 0, S_0x555f34456ab0;
 .timescale -9 -12;
P_0x555f34573f40 .param/l "gi" 0 4 135, +C4<01011001>;
S_0x555f3462ca80 .scope generate, "g_unflat_final[90]" "g_unflat_final[90]" 4 135, 4 135 0, S_0x555f34456ab0;
 .timescale -9 -12;
P_0x555f34573a10 .param/l "gi" 0 4 135, +C4<01011010>;
S_0x555f3462cc10 .scope generate, "g_unflat_final[91]" "g_unflat_final[91]" 4 135, 4 135 0, S_0x555f34456ab0;
 .timescale -9 -12;
P_0x555f345734e0 .param/l "gi" 0 4 135, +C4<01011011>;
S_0x555f3462cda0 .scope generate, "g_unflat_final[92]" "g_unflat_final[92]" 4 135, 4 135 0, S_0x555f34456ab0;
 .timescale -9 -12;
P_0x555f34572fb0 .param/l "gi" 0 4 135, +C4<01011100>;
S_0x555f3462cf30 .scope generate, "g_unflat_final[93]" "g_unflat_final[93]" 4 135, 4 135 0, S_0x555f34456ab0;
 .timescale -9 -12;
P_0x555f34572a80 .param/l "gi" 0 4 135, +C4<01011101>;
S_0x555f3462d0c0 .scope generate, "g_unflat_final[94]" "g_unflat_final[94]" 4 135, 4 135 0, S_0x555f34456ab0;
 .timescale -9 -12;
P_0x555f34572550 .param/l "gi" 0 4 135, +C4<01011110>;
S_0x555f3462d250 .scope generate, "g_unflat_final[95]" "g_unflat_final[95]" 4 135, 4 135 0, S_0x555f34456ab0;
 .timescale -9 -12;
P_0x555f34572020 .param/l "gi" 0 4 135, +C4<01011111>;
S_0x555f3462d3e0 .scope generate, "g_unflat_final[96]" "g_unflat_final[96]" 4 135, 4 135 0, S_0x555f34456ab0;
 .timescale -9 -12;
P_0x555f34571af0 .param/l "gi" 0 4 135, +C4<01100000>;
S_0x555f3462d570 .scope generate, "g_unflat_final[97]" "g_unflat_final[97]" 4 135, 4 135 0, S_0x555f34456ab0;
 .timescale -9 -12;
P_0x555f345715c0 .param/l "gi" 0 4 135, +C4<01100001>;
S_0x555f3462d700 .scope generate, "g_unflat_final[98]" "g_unflat_final[98]" 4 135, 4 135 0, S_0x555f34456ab0;
 .timescale -9 -12;
P_0x555f34571090 .param/l "gi" 0 4 135, +C4<01100010>;
S_0x555f3462d890 .scope generate, "g_unflat_final[99]" "g_unflat_final[99]" 4 135, 4 135 0, S_0x555f34456ab0;
 .timescale -9 -12;
P_0x555f34570b60 .param/l "gi" 0 4 135, +C4<01100011>;
S_0x555f3462da20 .scope generate, "g_unflat_final[100]" "g_unflat_final[100]" 4 135, 4 135 0, S_0x555f34456ab0;
 .timescale -9 -12;
P_0x555f34570630 .param/l "gi" 0 4 135, +C4<01100100>;
S_0x555f3462dbb0 .scope generate, "g_unflat_final[101]" "g_unflat_final[101]" 4 135, 4 135 0, S_0x555f34456ab0;
 .timescale -9 -12;
P_0x555f34570100 .param/l "gi" 0 4 135, +C4<01100101>;
S_0x555f3462dd40 .scope generate, "g_unflat_final[102]" "g_unflat_final[102]" 4 135, 4 135 0, S_0x555f34456ab0;
 .timescale -9 -12;
P_0x555f3456fbd0 .param/l "gi" 0 4 135, +C4<01100110>;
S_0x555f3462ded0 .scope generate, "g_unflat_final[103]" "g_unflat_final[103]" 4 135, 4 135 0, S_0x555f34456ab0;
 .timescale -9 -12;
P_0x555f3456f6a0 .param/l "gi" 0 4 135, +C4<01100111>;
S_0x555f3462e060 .scope generate, "g_unflat_final[104]" "g_unflat_final[104]" 4 135, 4 135 0, S_0x555f34456ab0;
 .timescale -9 -12;
P_0x555f3456f170 .param/l "gi" 0 4 135, +C4<01101000>;
S_0x555f3462e1f0 .scope generate, "g_unflat_final[105]" "g_unflat_final[105]" 4 135, 4 135 0, S_0x555f34456ab0;
 .timescale -9 -12;
P_0x555f3456ec40 .param/l "gi" 0 4 135, +C4<01101001>;
S_0x555f3462e380 .scope generate, "g_unflat_final[106]" "g_unflat_final[106]" 4 135, 4 135 0, S_0x555f34456ab0;
 .timescale -9 -12;
P_0x555f3456e710 .param/l "gi" 0 4 135, +C4<01101010>;
S_0x555f3462e510 .scope generate, "g_unflat_final[107]" "g_unflat_final[107]" 4 135, 4 135 0, S_0x555f34456ab0;
 .timescale -9 -12;
P_0x555f3456e1e0 .param/l "gi" 0 4 135, +C4<01101011>;
S_0x555f3462e6a0 .scope generate, "g_unflat_final[108]" "g_unflat_final[108]" 4 135, 4 135 0, S_0x555f34456ab0;
 .timescale -9 -12;
P_0x555f3456dcb0 .param/l "gi" 0 4 135, +C4<01101100>;
S_0x555f3462e830 .scope generate, "g_unflat_final[109]" "g_unflat_final[109]" 4 135, 4 135 0, S_0x555f34456ab0;
 .timescale -9 -12;
P_0x555f3456d780 .param/l "gi" 0 4 135, +C4<01101101>;
S_0x555f3462e9c0 .scope generate, "g_unflat_final[110]" "g_unflat_final[110]" 4 135, 4 135 0, S_0x555f34456ab0;
 .timescale -9 -12;
P_0x555f3456d250 .param/l "gi" 0 4 135, +C4<01101110>;
S_0x555f3462eb50 .scope generate, "g_unflat_final[111]" "g_unflat_final[111]" 4 135, 4 135 0, S_0x555f34456ab0;
 .timescale -9 -12;
P_0x555f3456cd20 .param/l "gi" 0 4 135, +C4<01101111>;
S_0x555f3462ece0 .scope generate, "g_unflat_final[112]" "g_unflat_final[112]" 4 135, 4 135 0, S_0x555f34456ab0;
 .timescale -9 -12;
P_0x555f3456c7f0 .param/l "gi" 0 4 135, +C4<01110000>;
S_0x555f3462ee70 .scope generate, "g_unflat_final[113]" "g_unflat_final[113]" 4 135, 4 135 0, S_0x555f34456ab0;
 .timescale -9 -12;
P_0x555f3456c2c0 .param/l "gi" 0 4 135, +C4<01110001>;
S_0x555f3462f000 .scope generate, "g_unflat_final[114]" "g_unflat_final[114]" 4 135, 4 135 0, S_0x555f34456ab0;
 .timescale -9 -12;
P_0x555f3456bd90 .param/l "gi" 0 4 135, +C4<01110010>;
S_0x555f3462f190 .scope generate, "g_unflat_final[115]" "g_unflat_final[115]" 4 135, 4 135 0, S_0x555f34456ab0;
 .timescale -9 -12;
P_0x555f3456b860 .param/l "gi" 0 4 135, +C4<01110011>;
S_0x555f3462f320 .scope generate, "g_unflat_final[116]" "g_unflat_final[116]" 4 135, 4 135 0, S_0x555f34456ab0;
 .timescale -9 -12;
P_0x555f3456b330 .param/l "gi" 0 4 135, +C4<01110100>;
S_0x555f3462f4b0 .scope generate, "g_unflat_final[117]" "g_unflat_final[117]" 4 135, 4 135 0, S_0x555f34456ab0;
 .timescale -9 -12;
P_0x555f3456ae00 .param/l "gi" 0 4 135, +C4<01110101>;
S_0x555f3462f640 .scope generate, "g_unflat_final[118]" "g_unflat_final[118]" 4 135, 4 135 0, S_0x555f34456ab0;
 .timescale -9 -12;
P_0x555f3456a8d0 .param/l "gi" 0 4 135, +C4<01110110>;
S_0x555f3462f7d0 .scope generate, "g_unflat_final[119]" "g_unflat_final[119]" 4 135, 4 135 0, S_0x555f34456ab0;
 .timescale -9 -12;
P_0x555f3456a3a0 .param/l "gi" 0 4 135, +C4<01110111>;
S_0x555f3462f960 .scope generate, "g_unflat_final[120]" "g_unflat_final[120]" 4 135, 4 135 0, S_0x555f34456ab0;
 .timescale -9 -12;
P_0x555f34569e70 .param/l "gi" 0 4 135, +C4<01111000>;
S_0x555f3462faf0 .scope generate, "g_unflat_final[121]" "g_unflat_final[121]" 4 135, 4 135 0, S_0x555f34456ab0;
 .timescale -9 -12;
P_0x555f34569940 .param/l "gi" 0 4 135, +C4<01111001>;
S_0x555f3462fc80 .scope generate, "g_unflat_final[122]" "g_unflat_final[122]" 4 135, 4 135 0, S_0x555f34456ab0;
 .timescale -9 -12;
P_0x555f34569410 .param/l "gi" 0 4 135, +C4<01111010>;
S_0x555f3462fe10 .scope generate, "g_unflat_final[123]" "g_unflat_final[123]" 4 135, 4 135 0, S_0x555f34456ab0;
 .timescale -9 -12;
P_0x555f34568ee0 .param/l "gi" 0 4 135, +C4<01111011>;
S_0x555f3462ffa0 .scope generate, "g_unflat_final[124]" "g_unflat_final[124]" 4 135, 4 135 0, S_0x555f34456ab0;
 .timescale -9 -12;
P_0x555f345689b0 .param/l "gi" 0 4 135, +C4<01111100>;
S_0x555f34630130 .scope generate, "g_unflat_final[125]" "g_unflat_final[125]" 4 135, 4 135 0, S_0x555f34456ab0;
 .timescale -9 -12;
P_0x555f34568480 .param/l "gi" 0 4 135, +C4<01111101>;
S_0x555f346302c0 .scope generate, "g_unflat_final[126]" "g_unflat_final[126]" 4 135, 4 135 0, S_0x555f34456ab0;
 .timescale -9 -12;
P_0x555f34567f50 .param/l "gi" 0 4 135, +C4<01111110>;
S_0x555f34630450 .scope generate, "g_unflat_final[127]" "g_unflat_final[127]" 4 135, 4 135 0, S_0x555f34456ab0;
 .timescale -9 -12;
P_0x555f34567a20 .param/l "gi" 0 4 135, +C4<01111111>;
S_0x555f34630df0 .scope generate, "g_unflat_final[128]" "g_unflat_final[128]" 4 135, 4 135 0, S_0x555f34456ab0;
 .timescale -9 -12;
P_0x555f345674f0 .param/l "gi" 0 4 135, +C4<010000000>;
S_0x555f34630f80 .scope generate, "g_unflat_final[129]" "g_unflat_final[129]" 4 135, 4 135 0, S_0x555f34456ab0;
 .timescale -9 -12;
P_0x555f34566fc0 .param/l "gi" 0 4 135, +C4<010000001>;
S_0x555f34631110 .scope generate, "g_unflat_final[130]" "g_unflat_final[130]" 4 135, 4 135 0, S_0x555f34456ab0;
 .timescale -9 -12;
P_0x555f34566a90 .param/l "gi" 0 4 135, +C4<010000010>;
S_0x555f346312a0 .scope generate, "g_unflat_final[131]" "g_unflat_final[131]" 4 135, 4 135 0, S_0x555f34456ab0;
 .timescale -9 -12;
P_0x555f34566560 .param/l "gi" 0 4 135, +C4<010000011>;
S_0x555f34631430 .scope generate, "g_unflat_final[132]" "g_unflat_final[132]" 4 135, 4 135 0, S_0x555f34456ab0;
 .timescale -9 -12;
P_0x555f34566030 .param/l "gi" 0 4 135, +C4<010000100>;
S_0x555f346315c0 .scope generate, "g_unflat_final[133]" "g_unflat_final[133]" 4 135, 4 135 0, S_0x555f34456ab0;
 .timescale -9 -12;
P_0x555f34565b00 .param/l "gi" 0 4 135, +C4<010000101>;
S_0x555f34631750 .scope generate, "g_unflat_final[134]" "g_unflat_final[134]" 4 135, 4 135 0, S_0x555f34456ab0;
 .timescale -9 -12;
P_0x555f345655d0 .param/l "gi" 0 4 135, +C4<010000110>;
S_0x555f346318e0 .scope generate, "g_unflat_final[135]" "g_unflat_final[135]" 4 135, 4 135 0, S_0x555f34456ab0;
 .timescale -9 -12;
P_0x555f345650a0 .param/l "gi" 0 4 135, +C4<010000111>;
S_0x555f34631a70 .scope generate, "g_unflat_final[136]" "g_unflat_final[136]" 4 135, 4 135 0, S_0x555f34456ab0;
 .timescale -9 -12;
P_0x555f34564b70 .param/l "gi" 0 4 135, +C4<010001000>;
S_0x555f34631c00 .scope generate, "g_unflat_final[137]" "g_unflat_final[137]" 4 135, 4 135 0, S_0x555f34456ab0;
 .timescale -9 -12;
P_0x555f34564640 .param/l "gi" 0 4 135, +C4<010001001>;
S_0x555f34631d90 .scope generate, "g_unflat_final[138]" "g_unflat_final[138]" 4 135, 4 135 0, S_0x555f34456ab0;
 .timescale -9 -12;
P_0x555f34564110 .param/l "gi" 0 4 135, +C4<010001010>;
S_0x555f34631f20 .scope generate, "g_unflat_final[139]" "g_unflat_final[139]" 4 135, 4 135 0, S_0x555f34456ab0;
 .timescale -9 -12;
P_0x555f34563be0 .param/l "gi" 0 4 135, +C4<010001011>;
S_0x555f346320b0 .scope generate, "g_unflat_final[140]" "g_unflat_final[140]" 4 135, 4 135 0, S_0x555f34456ab0;
 .timescale -9 -12;
P_0x555f345636b0 .param/l "gi" 0 4 135, +C4<010001100>;
S_0x555f34632240 .scope generate, "g_unflat_final[141]" "g_unflat_final[141]" 4 135, 4 135 0, S_0x555f34456ab0;
 .timescale -9 -12;
P_0x555f34563180 .param/l "gi" 0 4 135, +C4<010001101>;
S_0x555f346323d0 .scope generate, "g_unflat_final[142]" "g_unflat_final[142]" 4 135, 4 135 0, S_0x555f34456ab0;
 .timescale -9 -12;
P_0x555f34562c50 .param/l "gi" 0 4 135, +C4<010001110>;
S_0x555f34632560 .scope generate, "g_unflat_final[143]" "g_unflat_final[143]" 4 135, 4 135 0, S_0x555f34456ab0;
 .timescale -9 -12;
P_0x555f34562720 .param/l "gi" 0 4 135, +C4<010001111>;
S_0x555f346326f0 .scope generate, "g_unflat_final[144]" "g_unflat_final[144]" 4 135, 4 135 0, S_0x555f34456ab0;
 .timescale -9 -12;
P_0x555f345621f0 .param/l "gi" 0 4 135, +C4<010010000>;
S_0x555f34632880 .scope generate, "g_unflat_final[145]" "g_unflat_final[145]" 4 135, 4 135 0, S_0x555f34456ab0;
 .timescale -9 -12;
P_0x555f34561cc0 .param/l "gi" 0 4 135, +C4<010010001>;
S_0x555f34632a10 .scope generate, "g_unflat_final[146]" "g_unflat_final[146]" 4 135, 4 135 0, S_0x555f34456ab0;
 .timescale -9 -12;
P_0x555f34561790 .param/l "gi" 0 4 135, +C4<010010010>;
S_0x555f34632ba0 .scope generate, "g_unflat_final[147]" "g_unflat_final[147]" 4 135, 4 135 0, S_0x555f34456ab0;
 .timescale -9 -12;
P_0x555f34561260 .param/l "gi" 0 4 135, +C4<010010011>;
S_0x555f34632d30 .scope generate, "g_unflat_final[148]" "g_unflat_final[148]" 4 135, 4 135 0, S_0x555f34456ab0;
 .timescale -9 -12;
P_0x555f34560d30 .param/l "gi" 0 4 135, +C4<010010100>;
S_0x555f34632ec0 .scope generate, "g_unflat_final[149]" "g_unflat_final[149]" 4 135, 4 135 0, S_0x555f34456ab0;
 .timescale -9 -12;
P_0x555f34560800 .param/l "gi" 0 4 135, +C4<010010101>;
S_0x555f34633050 .scope generate, "g_unflat_final[150]" "g_unflat_final[150]" 4 135, 4 135 0, S_0x555f34456ab0;
 .timescale -9 -12;
P_0x555f345602d0 .param/l "gi" 0 4 135, +C4<010010110>;
S_0x555f346331e0 .scope generate, "g_unflat_final[151]" "g_unflat_final[151]" 4 135, 4 135 0, S_0x555f34456ab0;
 .timescale -9 -12;
P_0x555f3455fda0 .param/l "gi" 0 4 135, +C4<010010111>;
S_0x555f34633370 .scope generate, "g_unflat_final[152]" "g_unflat_final[152]" 4 135, 4 135 0, S_0x555f34456ab0;
 .timescale -9 -12;
P_0x555f3455f870 .param/l "gi" 0 4 135, +C4<010011000>;
S_0x555f34633500 .scope generate, "g_unflat_final[153]" "g_unflat_final[153]" 4 135, 4 135 0, S_0x555f34456ab0;
 .timescale -9 -12;
P_0x555f3455f340 .param/l "gi" 0 4 135, +C4<010011001>;
S_0x555f34633690 .scope generate, "g_unflat_final[154]" "g_unflat_final[154]" 4 135, 4 135 0, S_0x555f34456ab0;
 .timescale -9 -12;
P_0x555f3455ee10 .param/l "gi" 0 4 135, +C4<010011010>;
S_0x555f34633820 .scope generate, "g_unflat_final[155]" "g_unflat_final[155]" 4 135, 4 135 0, S_0x555f34456ab0;
 .timescale -9 -12;
P_0x555f3455e8e0 .param/l "gi" 0 4 135, +C4<010011011>;
S_0x555f346339b0 .scope generate, "g_unflat_final[156]" "g_unflat_final[156]" 4 135, 4 135 0, S_0x555f34456ab0;
 .timescale -9 -12;
P_0x555f3455e3b0 .param/l "gi" 0 4 135, +C4<010011100>;
S_0x555f34633b40 .scope generate, "g_unflat_final[157]" "g_unflat_final[157]" 4 135, 4 135 0, S_0x555f34456ab0;
 .timescale -9 -12;
P_0x555f3455de80 .param/l "gi" 0 4 135, +C4<010011101>;
S_0x555f34633cd0 .scope generate, "g_unflat_final[158]" "g_unflat_final[158]" 4 135, 4 135 0, S_0x555f34456ab0;
 .timescale -9 -12;
P_0x555f3455d950 .param/l "gi" 0 4 135, +C4<010011110>;
S_0x555f34633e60 .scope generate, "g_unflat_final[159]" "g_unflat_final[159]" 4 135, 4 135 0, S_0x555f34456ab0;
 .timescale -9 -12;
P_0x555f3455d420 .param/l "gi" 0 4 135, +C4<010011111>;
S_0x555f34633ff0 .scope generate, "g_unflat_final[160]" "g_unflat_final[160]" 4 135, 4 135 0, S_0x555f34456ab0;
 .timescale -9 -12;
P_0x555f3455cef0 .param/l "gi" 0 4 135, +C4<010100000>;
S_0x555f34634180 .scope generate, "g_unflat_final[161]" "g_unflat_final[161]" 4 135, 4 135 0, S_0x555f34456ab0;
 .timescale -9 -12;
P_0x555f3455c9c0 .param/l "gi" 0 4 135, +C4<010100001>;
S_0x555f34634310 .scope generate, "g_unflat_final[162]" "g_unflat_final[162]" 4 135, 4 135 0, S_0x555f34456ab0;
 .timescale -9 -12;
P_0x555f3455c490 .param/l "gi" 0 4 135, +C4<010100010>;
S_0x555f346344a0 .scope generate, "g_unflat_final[163]" "g_unflat_final[163]" 4 135, 4 135 0, S_0x555f34456ab0;
 .timescale -9 -12;
P_0x555f3455bf60 .param/l "gi" 0 4 135, +C4<010100011>;
S_0x555f34634630 .scope generate, "g_unflat_final[164]" "g_unflat_final[164]" 4 135, 4 135 0, S_0x555f34456ab0;
 .timescale -9 -12;
P_0x555f3455ba30 .param/l "gi" 0 4 135, +C4<010100100>;
S_0x555f346347c0 .scope generate, "g_unflat_final[165]" "g_unflat_final[165]" 4 135, 4 135 0, S_0x555f34456ab0;
 .timescale -9 -12;
P_0x555f3455b500 .param/l "gi" 0 4 135, +C4<010100101>;
S_0x555f34634950 .scope generate, "g_unflat_final[166]" "g_unflat_final[166]" 4 135, 4 135 0, S_0x555f34456ab0;
 .timescale -9 -12;
P_0x555f3455afd0 .param/l "gi" 0 4 135, +C4<010100110>;
S_0x555f34634ae0 .scope generate, "g_unflat_final[167]" "g_unflat_final[167]" 4 135, 4 135 0, S_0x555f34456ab0;
 .timescale -9 -12;
P_0x555f3455aaa0 .param/l "gi" 0 4 135, +C4<010100111>;
S_0x555f34634c70 .scope generate, "g_unflat_final[168]" "g_unflat_final[168]" 4 135, 4 135 0, S_0x555f34456ab0;
 .timescale -9 -12;
P_0x555f3455a570 .param/l "gi" 0 4 135, +C4<010101000>;
S_0x555f34634e00 .scope generate, "g_unflat_final[169]" "g_unflat_final[169]" 4 135, 4 135 0, S_0x555f34456ab0;
 .timescale -9 -12;
P_0x555f3455a040 .param/l "gi" 0 4 135, +C4<010101001>;
S_0x555f34634f90 .scope generate, "g_unflat_final[170]" "g_unflat_final[170]" 4 135, 4 135 0, S_0x555f34456ab0;
 .timescale -9 -12;
P_0x555f34559b10 .param/l "gi" 0 4 135, +C4<010101010>;
S_0x555f34635120 .scope generate, "g_unflat_final[171]" "g_unflat_final[171]" 4 135, 4 135 0, S_0x555f34456ab0;
 .timescale -9 -12;
P_0x555f345595e0 .param/l "gi" 0 4 135, +C4<010101011>;
S_0x555f346352b0 .scope generate, "g_unflat_final[172]" "g_unflat_final[172]" 4 135, 4 135 0, S_0x555f34456ab0;
 .timescale -9 -12;
P_0x555f345590b0 .param/l "gi" 0 4 135, +C4<010101100>;
S_0x555f34635440 .scope generate, "g_unflat_final[173]" "g_unflat_final[173]" 4 135, 4 135 0, S_0x555f34456ab0;
 .timescale -9 -12;
P_0x555f34558b80 .param/l "gi" 0 4 135, +C4<010101101>;
S_0x555f346355d0 .scope generate, "g_unflat_final[174]" "g_unflat_final[174]" 4 135, 4 135 0, S_0x555f34456ab0;
 .timescale -9 -12;
P_0x555f34558650 .param/l "gi" 0 4 135, +C4<010101110>;
S_0x555f34635760 .scope generate, "g_unflat_final[175]" "g_unflat_final[175]" 4 135, 4 135 0, S_0x555f34456ab0;
 .timescale -9 -12;
P_0x555f34558120 .param/l "gi" 0 4 135, +C4<010101111>;
S_0x555f346358f0 .scope generate, "g_unflat_final[176]" "g_unflat_final[176]" 4 135, 4 135 0, S_0x555f34456ab0;
 .timescale -9 -12;
P_0x555f34557bf0 .param/l "gi" 0 4 135, +C4<010110000>;
S_0x555f34635a80 .scope generate, "g_unflat_final[177]" "g_unflat_final[177]" 4 135, 4 135 0, S_0x555f34456ab0;
 .timescale -9 -12;
P_0x555f345576c0 .param/l "gi" 0 4 135, +C4<010110001>;
S_0x555f34635c10 .scope generate, "g_unflat_final[178]" "g_unflat_final[178]" 4 135, 4 135 0, S_0x555f34456ab0;
 .timescale -9 -12;
P_0x555f34557190 .param/l "gi" 0 4 135, +C4<010110010>;
S_0x555f34635da0 .scope generate, "g_unflat_final[179]" "g_unflat_final[179]" 4 135, 4 135 0, S_0x555f34456ab0;
 .timescale -9 -12;
P_0x555f34556c60 .param/l "gi" 0 4 135, +C4<010110011>;
S_0x555f34635f30 .scope generate, "g_unflat_final[180]" "g_unflat_final[180]" 4 135, 4 135 0, S_0x555f34456ab0;
 .timescale -9 -12;
P_0x555f34556730 .param/l "gi" 0 4 135, +C4<010110100>;
S_0x555f346360c0 .scope generate, "g_unflat_final[181]" "g_unflat_final[181]" 4 135, 4 135 0, S_0x555f34456ab0;
 .timescale -9 -12;
P_0x555f34556200 .param/l "gi" 0 4 135, +C4<010110101>;
S_0x555f34636250 .scope generate, "g_unflat_final[182]" "g_unflat_final[182]" 4 135, 4 135 0, S_0x555f34456ab0;
 .timescale -9 -12;
P_0x555f34555cd0 .param/l "gi" 0 4 135, +C4<010110110>;
S_0x555f346363e0 .scope generate, "g_unflat_final[183]" "g_unflat_final[183]" 4 135, 4 135 0, S_0x555f34456ab0;
 .timescale -9 -12;
P_0x555f345557a0 .param/l "gi" 0 4 135, +C4<010110111>;
S_0x555f34636570 .scope generate, "g_unflat_final[184]" "g_unflat_final[184]" 4 135, 4 135 0, S_0x555f34456ab0;
 .timescale -9 -12;
P_0x555f34555270 .param/l "gi" 0 4 135, +C4<010111000>;
S_0x555f34636700 .scope generate, "g_unflat_final[185]" "g_unflat_final[185]" 4 135, 4 135 0, S_0x555f34456ab0;
 .timescale -9 -12;
P_0x555f34554d40 .param/l "gi" 0 4 135, +C4<010111001>;
S_0x555f34636890 .scope generate, "g_unflat_final[186]" "g_unflat_final[186]" 4 135, 4 135 0, S_0x555f34456ab0;
 .timescale -9 -12;
P_0x555f34554810 .param/l "gi" 0 4 135, +C4<010111010>;
S_0x555f34636a20 .scope generate, "g_unflat_final[187]" "g_unflat_final[187]" 4 135, 4 135 0, S_0x555f34456ab0;
 .timescale -9 -12;
P_0x555f345542e0 .param/l "gi" 0 4 135, +C4<010111011>;
S_0x555f34636bb0 .scope generate, "g_unflat_final[188]" "g_unflat_final[188]" 4 135, 4 135 0, S_0x555f34456ab0;
 .timescale -9 -12;
P_0x555f34553db0 .param/l "gi" 0 4 135, +C4<010111100>;
S_0x555f34636d40 .scope generate, "g_unflat_final[189]" "g_unflat_final[189]" 4 135, 4 135 0, S_0x555f34456ab0;
 .timescale -9 -12;
P_0x555f34553880 .param/l "gi" 0 4 135, +C4<010111101>;
S_0x555f34636ed0 .scope generate, "g_unflat_final[190]" "g_unflat_final[190]" 4 135, 4 135 0, S_0x555f34456ab0;
 .timescale -9 -12;
P_0x555f34553350 .param/l "gi" 0 4 135, +C4<010111110>;
S_0x555f34637060 .scope generate, "g_unflat_final[191]" "g_unflat_final[191]" 4 135, 4 135 0, S_0x555f34456ab0;
 .timescale -9 -12;
P_0x555f34552e20 .param/l "gi" 0 4 135, +C4<010111111>;
S_0x555f346371f0 .scope generate, "g_unflat_final[192]" "g_unflat_final[192]" 4 135, 4 135 0, S_0x555f34456ab0;
 .timescale -9 -12;
P_0x555f345529b0 .param/l "gi" 0 4 135, +C4<011000000>;
S_0x555f34637380 .scope generate, "g_unflat_final[193]" "g_unflat_final[193]" 4 135, 4 135 0, S_0x555f34456ab0;
 .timescale -9 -12;
P_0x555f34552570 .param/l "gi" 0 4 135, +C4<011000001>;
S_0x555f34637510 .scope generate, "g_unflat_final[194]" "g_unflat_final[194]" 4 135, 4 135 0, S_0x555f34456ab0;
 .timescale -9 -12;
P_0x555f34552130 .param/l "gi" 0 4 135, +C4<011000010>;
S_0x555f346376a0 .scope generate, "g_unflat_final[195]" "g_unflat_final[195]" 4 135, 4 135 0, S_0x555f34456ab0;
 .timescale -9 -12;
P_0x555f34551cf0 .param/l "gi" 0 4 135, +C4<011000011>;
S_0x555f34637830 .scope generate, "g_unflat_final[196]" "g_unflat_final[196]" 4 135, 4 135 0, S_0x555f34456ab0;
 .timescale -9 -12;
P_0x555f345518b0 .param/l "gi" 0 4 135, +C4<011000100>;
S_0x555f346379c0 .scope generate, "g_unflat_final[197]" "g_unflat_final[197]" 4 135, 4 135 0, S_0x555f34456ab0;
 .timescale -9 -12;
P_0x555f34551470 .param/l "gi" 0 4 135, +C4<011000101>;
S_0x555f34637b50 .scope generate, "g_unflat_final[198]" "g_unflat_final[198]" 4 135, 4 135 0, S_0x555f34456ab0;
 .timescale -9 -12;
P_0x555f34551030 .param/l "gi" 0 4 135, +C4<011000110>;
S_0x555f34637ce0 .scope generate, "g_unflat_final[199]" "g_unflat_final[199]" 4 135, 4 135 0, S_0x555f34456ab0;
 .timescale -9 -12;
P_0x555f3461a250 .param/l "gi" 0 4 135, +C4<011000111>;
S_0x555f34637e70 .scope generate, "g_unflat_final[200]" "g_unflat_final[200]" 4 135, 4 135 0, S_0x555f34456ab0;
 .timescale -9 -12;
P_0x555f34638000 .param/l "gi" 0 4 135, +C4<011001000>;
S_0x555f346380a0 .scope generate, "g_unflat_final[201]" "g_unflat_final[201]" 4 135, 4 135 0, S_0x555f34456ab0;
 .timescale -9 -12;
P_0x555f34638280 .param/l "gi" 0 4 135, +C4<011001001>;
S_0x555f34638320 .scope generate, "g_unflat_final[202]" "g_unflat_final[202]" 4 135, 4 135 0, S_0x555f34456ab0;
 .timescale -9 -12;
P_0x555f34638500 .param/l "gi" 0 4 135, +C4<011001010>;
S_0x555f346385a0 .scope generate, "g_unflat_final[203]" "g_unflat_final[203]" 4 135, 4 135 0, S_0x555f34456ab0;
 .timescale -9 -12;
P_0x555f34638780 .param/l "gi" 0 4 135, +C4<011001011>;
S_0x555f34638820 .scope generate, "g_unflat_final[204]" "g_unflat_final[204]" 4 135, 4 135 0, S_0x555f34456ab0;
 .timescale -9 -12;
P_0x555f34638a00 .param/l "gi" 0 4 135, +C4<011001100>;
S_0x555f34638aa0 .scope generate, "g_unflat_final[205]" "g_unflat_final[205]" 4 135, 4 135 0, S_0x555f34456ab0;
 .timescale -9 -12;
P_0x555f34638c80 .param/l "gi" 0 4 135, +C4<011001101>;
S_0x555f34638d20 .scope generate, "g_unflat_final[206]" "g_unflat_final[206]" 4 135, 4 135 0, S_0x555f34456ab0;
 .timescale -9 -12;
P_0x555f34638f00 .param/l "gi" 0 4 135, +C4<011001110>;
S_0x555f34638fa0 .scope generate, "g_unflat_final[207]" "g_unflat_final[207]" 4 135, 4 135 0, S_0x555f34456ab0;
 .timescale -9 -12;
P_0x555f34639180 .param/l "gi" 0 4 135, +C4<011001111>;
S_0x555f34639220 .scope generate, "g_unflat_final[208]" "g_unflat_final[208]" 4 135, 4 135 0, S_0x555f34456ab0;
 .timescale -9 -12;
P_0x555f34639400 .param/l "gi" 0 4 135, +C4<011010000>;
S_0x555f346394a0 .scope generate, "g_unflat_final[209]" "g_unflat_final[209]" 4 135, 4 135 0, S_0x555f34456ab0;
 .timescale -9 -12;
P_0x555f34639680 .param/l "gi" 0 4 135, +C4<011010001>;
S_0x555f34639720 .scope generate, "g_unflat_final[210]" "g_unflat_final[210]" 4 135, 4 135 0, S_0x555f34456ab0;
 .timescale -9 -12;
P_0x555f34639900 .param/l "gi" 0 4 135, +C4<011010010>;
S_0x555f346399a0 .scope generate, "g_unflat_final[211]" "g_unflat_final[211]" 4 135, 4 135 0, S_0x555f34456ab0;
 .timescale -9 -12;
P_0x555f34639b80 .param/l "gi" 0 4 135, +C4<011010011>;
S_0x555f34639c20 .scope generate, "g_unflat_final[212]" "g_unflat_final[212]" 4 135, 4 135 0, S_0x555f34456ab0;
 .timescale -9 -12;
P_0x555f34639e00 .param/l "gi" 0 4 135, +C4<011010100>;
S_0x555f34639ea0 .scope generate, "g_unflat_final[213]" "g_unflat_final[213]" 4 135, 4 135 0, S_0x555f34456ab0;
 .timescale -9 -12;
P_0x555f3463a080 .param/l "gi" 0 4 135, +C4<011010101>;
S_0x555f3463a120 .scope generate, "g_unflat_final[214]" "g_unflat_final[214]" 4 135, 4 135 0, S_0x555f34456ab0;
 .timescale -9 -12;
P_0x555f3463a300 .param/l "gi" 0 4 135, +C4<011010110>;
S_0x555f3463a3a0 .scope generate, "g_unflat_final[215]" "g_unflat_final[215]" 4 135, 4 135 0, S_0x555f34456ab0;
 .timescale -9 -12;
P_0x555f3463a580 .param/l "gi" 0 4 135, +C4<011010111>;
S_0x555f3463a620 .scope generate, "g_unflat_final[216]" "g_unflat_final[216]" 4 135, 4 135 0, S_0x555f34456ab0;
 .timescale -9 -12;
P_0x555f3463a800 .param/l "gi" 0 4 135, +C4<011011000>;
S_0x555f3463a8a0 .scope generate, "g_unflat_final[217]" "g_unflat_final[217]" 4 135, 4 135 0, S_0x555f34456ab0;
 .timescale -9 -12;
P_0x555f3463aa80 .param/l "gi" 0 4 135, +C4<011011001>;
S_0x555f3463ab20 .scope generate, "g_unflat_final[218]" "g_unflat_final[218]" 4 135, 4 135 0, S_0x555f34456ab0;
 .timescale -9 -12;
P_0x555f3463ad00 .param/l "gi" 0 4 135, +C4<011011010>;
S_0x555f3463ada0 .scope generate, "g_unflat_final[219]" "g_unflat_final[219]" 4 135, 4 135 0, S_0x555f34456ab0;
 .timescale -9 -12;
P_0x555f3463af80 .param/l "gi" 0 4 135, +C4<011011011>;
S_0x555f3463b020 .scope generate, "g_unflat_final[220]" "g_unflat_final[220]" 4 135, 4 135 0, S_0x555f34456ab0;
 .timescale -9 -12;
P_0x555f3463b200 .param/l "gi" 0 4 135, +C4<011011100>;
S_0x555f3463b2a0 .scope generate, "g_unflat_final[221]" "g_unflat_final[221]" 4 135, 4 135 0, S_0x555f34456ab0;
 .timescale -9 -12;
P_0x555f3463b480 .param/l "gi" 0 4 135, +C4<011011101>;
S_0x555f3463b520 .scope generate, "g_unflat_final[222]" "g_unflat_final[222]" 4 135, 4 135 0, S_0x555f34456ab0;
 .timescale -9 -12;
P_0x555f3463b700 .param/l "gi" 0 4 135, +C4<011011110>;
S_0x555f3463b7a0 .scope generate, "g_unflat_final[223]" "g_unflat_final[223]" 4 135, 4 135 0, S_0x555f34456ab0;
 .timescale -9 -12;
P_0x555f3463b980 .param/l "gi" 0 4 135, +C4<011011111>;
S_0x555f3463ba20 .scope generate, "g_unflat_final[224]" "g_unflat_final[224]" 4 135, 4 135 0, S_0x555f34456ab0;
 .timescale -9 -12;
P_0x555f3463bc00 .param/l "gi" 0 4 135, +C4<011100000>;
S_0x555f3463bca0 .scope generate, "g_unflat_final[225]" "g_unflat_final[225]" 4 135, 4 135 0, S_0x555f34456ab0;
 .timescale -9 -12;
P_0x555f3463be80 .param/l "gi" 0 4 135, +C4<011100001>;
S_0x555f3463bf20 .scope generate, "g_unflat_final[226]" "g_unflat_final[226]" 4 135, 4 135 0, S_0x555f34456ab0;
 .timescale -9 -12;
P_0x555f3463c100 .param/l "gi" 0 4 135, +C4<011100010>;
S_0x555f3463c1a0 .scope generate, "g_unflat_final[227]" "g_unflat_final[227]" 4 135, 4 135 0, S_0x555f34456ab0;
 .timescale -9 -12;
P_0x555f3463c380 .param/l "gi" 0 4 135, +C4<011100011>;
S_0x555f3463c420 .scope generate, "g_unflat_final[228]" "g_unflat_final[228]" 4 135, 4 135 0, S_0x555f34456ab0;
 .timescale -9 -12;
P_0x555f3463c600 .param/l "gi" 0 4 135, +C4<011100100>;
S_0x555f3463c6a0 .scope generate, "g_unflat_final[229]" "g_unflat_final[229]" 4 135, 4 135 0, S_0x555f34456ab0;
 .timescale -9 -12;
P_0x555f3463c880 .param/l "gi" 0 4 135, +C4<011100101>;
S_0x555f3463c920 .scope generate, "g_unflat_final[230]" "g_unflat_final[230]" 4 135, 4 135 0, S_0x555f34456ab0;
 .timescale -9 -12;
P_0x555f3463cb00 .param/l "gi" 0 4 135, +C4<011100110>;
S_0x555f3463cba0 .scope generate, "g_unflat_final[231]" "g_unflat_final[231]" 4 135, 4 135 0, S_0x555f34456ab0;
 .timescale -9 -12;
P_0x555f3463cd80 .param/l "gi" 0 4 135, +C4<011100111>;
S_0x555f3463ce20 .scope generate, "g_unflat_final[232]" "g_unflat_final[232]" 4 135, 4 135 0, S_0x555f34456ab0;
 .timescale -9 -12;
P_0x555f3463d000 .param/l "gi" 0 4 135, +C4<011101000>;
S_0x555f3463d0a0 .scope generate, "g_unflat_final[233]" "g_unflat_final[233]" 4 135, 4 135 0, S_0x555f34456ab0;
 .timescale -9 -12;
P_0x555f3463d280 .param/l "gi" 0 4 135, +C4<011101001>;
S_0x555f3463d320 .scope generate, "g_unflat_final[234]" "g_unflat_final[234]" 4 135, 4 135 0, S_0x555f34456ab0;
 .timescale -9 -12;
P_0x555f3463d500 .param/l "gi" 0 4 135, +C4<011101010>;
S_0x555f3463d5a0 .scope generate, "g_unflat_final[235]" "g_unflat_final[235]" 4 135, 4 135 0, S_0x555f34456ab0;
 .timescale -9 -12;
P_0x555f3463d780 .param/l "gi" 0 4 135, +C4<011101011>;
S_0x555f3463d820 .scope generate, "g_unflat_final[236]" "g_unflat_final[236]" 4 135, 4 135 0, S_0x555f34456ab0;
 .timescale -9 -12;
P_0x555f3463da00 .param/l "gi" 0 4 135, +C4<011101100>;
S_0x555f3463daa0 .scope generate, "g_unflat_final[237]" "g_unflat_final[237]" 4 135, 4 135 0, S_0x555f34456ab0;
 .timescale -9 -12;
P_0x555f3463dc80 .param/l "gi" 0 4 135, +C4<011101101>;
S_0x555f3463dd20 .scope generate, "g_unflat_final[238]" "g_unflat_final[238]" 4 135, 4 135 0, S_0x555f34456ab0;
 .timescale -9 -12;
P_0x555f3463df00 .param/l "gi" 0 4 135, +C4<011101110>;
S_0x555f3463dfa0 .scope generate, "g_unflat_final[239]" "g_unflat_final[239]" 4 135, 4 135 0, S_0x555f34456ab0;
 .timescale -9 -12;
P_0x555f3463e180 .param/l "gi" 0 4 135, +C4<011101111>;
S_0x555f3463e220 .scope generate, "g_unflat_final[240]" "g_unflat_final[240]" 4 135, 4 135 0, S_0x555f34456ab0;
 .timescale -9 -12;
P_0x555f3463e400 .param/l "gi" 0 4 135, +C4<011110000>;
S_0x555f3463e4a0 .scope generate, "g_unflat_final[241]" "g_unflat_final[241]" 4 135, 4 135 0, S_0x555f34456ab0;
 .timescale -9 -12;
P_0x555f3463e680 .param/l "gi" 0 4 135, +C4<011110001>;
S_0x555f3463e720 .scope generate, "g_unflat_final[242]" "g_unflat_final[242]" 4 135, 4 135 0, S_0x555f34456ab0;
 .timescale -9 -12;
P_0x555f3463e900 .param/l "gi" 0 4 135, +C4<011110010>;
S_0x555f3463e9a0 .scope generate, "g_unflat_final[243]" "g_unflat_final[243]" 4 135, 4 135 0, S_0x555f34456ab0;
 .timescale -9 -12;
P_0x555f3463eb80 .param/l "gi" 0 4 135, +C4<011110011>;
S_0x555f3463ec20 .scope generate, "g_unflat_final[244]" "g_unflat_final[244]" 4 135, 4 135 0, S_0x555f34456ab0;
 .timescale -9 -12;
P_0x555f3463ee00 .param/l "gi" 0 4 135, +C4<011110100>;
S_0x555f3463eea0 .scope generate, "g_unflat_final[245]" "g_unflat_final[245]" 4 135, 4 135 0, S_0x555f34456ab0;
 .timescale -9 -12;
P_0x555f3463f080 .param/l "gi" 0 4 135, +C4<011110101>;
S_0x555f3463f120 .scope generate, "g_unflat_final[246]" "g_unflat_final[246]" 4 135, 4 135 0, S_0x555f34456ab0;
 .timescale -9 -12;
P_0x555f3463f300 .param/l "gi" 0 4 135, +C4<011110110>;
S_0x555f3463f3a0 .scope generate, "g_unflat_final[247]" "g_unflat_final[247]" 4 135, 4 135 0, S_0x555f34456ab0;
 .timescale -9 -12;
P_0x555f3463f580 .param/l "gi" 0 4 135, +C4<011110111>;
S_0x555f3463f620 .scope generate, "g_unflat_final[248]" "g_unflat_final[248]" 4 135, 4 135 0, S_0x555f34456ab0;
 .timescale -9 -12;
P_0x555f3463f800 .param/l "gi" 0 4 135, +C4<011111000>;
S_0x555f3463f8a0 .scope generate, "g_unflat_final[249]" "g_unflat_final[249]" 4 135, 4 135 0, S_0x555f34456ab0;
 .timescale -9 -12;
P_0x555f3463fa80 .param/l "gi" 0 4 135, +C4<011111001>;
S_0x555f3463fb20 .scope generate, "g_unflat_final[250]" "g_unflat_final[250]" 4 135, 4 135 0, S_0x555f34456ab0;
 .timescale -9 -12;
P_0x555f3463fd00 .param/l "gi" 0 4 135, +C4<011111010>;
S_0x555f3463fda0 .scope generate, "g_unflat_final[251]" "g_unflat_final[251]" 4 135, 4 135 0, S_0x555f34456ab0;
 .timescale -9 -12;
P_0x555f3463ff80 .param/l "gi" 0 4 135, +C4<011111011>;
S_0x555f34640020 .scope generate, "g_unflat_final[252]" "g_unflat_final[252]" 4 135, 4 135 0, S_0x555f34456ab0;
 .timescale -9 -12;
P_0x555f34640200 .param/l "gi" 0 4 135, +C4<011111100>;
S_0x555f346402a0 .scope generate, "g_unflat_final[253]" "g_unflat_final[253]" 4 135, 4 135 0, S_0x555f34456ab0;
 .timescale -9 -12;
P_0x555f34640480 .param/l "gi" 0 4 135, +C4<011111101>;
S_0x555f34640520 .scope generate, "g_unflat_final[254]" "g_unflat_final[254]" 4 135, 4 135 0, S_0x555f34456ab0;
 .timescale -9 -12;
P_0x555f34640700 .param/l "gi" 0 4 135, +C4<011111110>;
S_0x555f346407a0 .scope generate, "g_unflat_final[255]" "g_unflat_final[255]" 4 135, 4 135 0, S_0x555f34456ab0;
 .timescale -9 -12;
P_0x555f346305e0 .param/l "gi" 0 4 135, +C4<011111111>;
S_0x555f346306a0 .scope generate, "g_unflat_final[256]" "g_unflat_final[256]" 4 135, 4 135 0, S_0x555f34456ab0;
 .timescale -9 -12;
P_0x555f346308a0 .param/l "gi" 0 4 135, +C4<0100000000>;
S_0x555f34630960 .scope generate, "g_unflat_final[257]" "g_unflat_final[257]" 4 135, 4 135 0, S_0x555f34456ab0;
 .timescale -9 -12;
P_0x555f34630b60 .param/l "gi" 0 4 135, +C4<0100000001>;
S_0x555f34630c20 .scope generate, "g_unflat_final[258]" "g_unflat_final[258]" 4 135, 4 135 0, S_0x555f34456ab0;
 .timescale -9 -12;
P_0x555f346419e0 .param/l "gi" 0 4 135, +C4<0100000010>;
S_0x555f34641a80 .scope generate, "g_unflat_final[259]" "g_unflat_final[259]" 4 135, 4 135 0, S_0x555f34456ab0;
 .timescale -9 -12;
P_0x555f34641c60 .param/l "gi" 0 4 135, +C4<0100000011>;
S_0x555f34641d00 .scope generate, "g_unflat_final[260]" "g_unflat_final[260]" 4 135, 4 135 0, S_0x555f34456ab0;
 .timescale -9 -12;
P_0x555f34641ee0 .param/l "gi" 0 4 135, +C4<0100000100>;
S_0x555f34641f80 .scope generate, "g_unflat_final[261]" "g_unflat_final[261]" 4 135, 4 135 0, S_0x555f34456ab0;
 .timescale -9 -12;
P_0x555f34642160 .param/l "gi" 0 4 135, +C4<0100000101>;
S_0x555f34642200 .scope generate, "g_unflat_final[262]" "g_unflat_final[262]" 4 135, 4 135 0, S_0x555f34456ab0;
 .timescale -9 -12;
P_0x555f346423e0 .param/l "gi" 0 4 135, +C4<0100000110>;
S_0x555f34642480 .scope generate, "g_unflat_final[263]" "g_unflat_final[263]" 4 135, 4 135 0, S_0x555f34456ab0;
 .timescale -9 -12;
P_0x555f34642660 .param/l "gi" 0 4 135, +C4<0100000111>;
S_0x555f34642700 .scope generate, "g_unflat_final[264]" "g_unflat_final[264]" 4 135, 4 135 0, S_0x555f34456ab0;
 .timescale -9 -12;
P_0x555f346428e0 .param/l "gi" 0 4 135, +C4<0100001000>;
S_0x555f34642980 .scope generate, "g_unflat_final[265]" "g_unflat_final[265]" 4 135, 4 135 0, S_0x555f34456ab0;
 .timescale -9 -12;
P_0x555f34642b60 .param/l "gi" 0 4 135, +C4<0100001001>;
S_0x555f34642c00 .scope generate, "g_unflat_final[266]" "g_unflat_final[266]" 4 135, 4 135 0, S_0x555f34456ab0;
 .timescale -9 -12;
P_0x555f34642de0 .param/l "gi" 0 4 135, +C4<0100001010>;
S_0x555f34642e80 .scope generate, "g_unflat_final[267]" "g_unflat_final[267]" 4 135, 4 135 0, S_0x555f34456ab0;
 .timescale -9 -12;
P_0x555f34643060 .param/l "gi" 0 4 135, +C4<0100001011>;
S_0x555f34643100 .scope generate, "g_unflat_final[268]" "g_unflat_final[268]" 4 135, 4 135 0, S_0x555f34456ab0;
 .timescale -9 -12;
P_0x555f346432e0 .param/l "gi" 0 4 135, +C4<0100001100>;
S_0x555f34643380 .scope generate, "g_unflat_final[269]" "g_unflat_final[269]" 4 135, 4 135 0, S_0x555f34456ab0;
 .timescale -9 -12;
P_0x555f34643560 .param/l "gi" 0 4 135, +C4<0100001101>;
S_0x555f34643600 .scope generate, "g_unflat_final[270]" "g_unflat_final[270]" 4 135, 4 135 0, S_0x555f34456ab0;
 .timescale -9 -12;
P_0x555f346437e0 .param/l "gi" 0 4 135, +C4<0100001110>;
S_0x555f34643880 .scope generate, "g_unflat_final[271]" "g_unflat_final[271]" 4 135, 4 135 0, S_0x555f34456ab0;
 .timescale -9 -12;
P_0x555f34643a60 .param/l "gi" 0 4 135, +C4<0100001111>;
S_0x555f34643b00 .scope generate, "g_unflat_final[272]" "g_unflat_final[272]" 4 135, 4 135 0, S_0x555f34456ab0;
 .timescale -9 -12;
P_0x555f34643ce0 .param/l "gi" 0 4 135, +C4<0100010000>;
S_0x555f34643d80 .scope generate, "g_unflat_final[273]" "g_unflat_final[273]" 4 135, 4 135 0, S_0x555f34456ab0;
 .timescale -9 -12;
P_0x555f34643f60 .param/l "gi" 0 4 135, +C4<0100010001>;
S_0x555f34644000 .scope generate, "g_unflat_final[274]" "g_unflat_final[274]" 4 135, 4 135 0, S_0x555f34456ab0;
 .timescale -9 -12;
P_0x555f346441e0 .param/l "gi" 0 4 135, +C4<0100010010>;
S_0x555f34644280 .scope generate, "g_unflat_final[275]" "g_unflat_final[275]" 4 135, 4 135 0, S_0x555f34456ab0;
 .timescale -9 -12;
P_0x555f34644460 .param/l "gi" 0 4 135, +C4<0100010011>;
S_0x555f34644500 .scope generate, "g_unflat_final[276]" "g_unflat_final[276]" 4 135, 4 135 0, S_0x555f34456ab0;
 .timescale -9 -12;
P_0x555f346446e0 .param/l "gi" 0 4 135, +C4<0100010100>;
S_0x555f34644780 .scope generate, "g_unflat_final[277]" "g_unflat_final[277]" 4 135, 4 135 0, S_0x555f34456ab0;
 .timescale -9 -12;
P_0x555f34644960 .param/l "gi" 0 4 135, +C4<0100010101>;
S_0x555f34644a00 .scope generate, "g_unflat_final[278]" "g_unflat_final[278]" 4 135, 4 135 0, S_0x555f34456ab0;
 .timescale -9 -12;
P_0x555f34644be0 .param/l "gi" 0 4 135, +C4<0100010110>;
S_0x555f34644c80 .scope generate, "g_unflat_final[279]" "g_unflat_final[279]" 4 135, 4 135 0, S_0x555f34456ab0;
 .timescale -9 -12;
P_0x555f34644e60 .param/l "gi" 0 4 135, +C4<0100010111>;
S_0x555f34644f00 .scope generate, "g_unflat_final[280]" "g_unflat_final[280]" 4 135, 4 135 0, S_0x555f34456ab0;
 .timescale -9 -12;
P_0x555f346450e0 .param/l "gi" 0 4 135, +C4<0100011000>;
S_0x555f34645180 .scope generate, "g_unflat_final[281]" "g_unflat_final[281]" 4 135, 4 135 0, S_0x555f34456ab0;
 .timescale -9 -12;
P_0x555f34645360 .param/l "gi" 0 4 135, +C4<0100011001>;
S_0x555f34645400 .scope generate, "g_unflat_final[282]" "g_unflat_final[282]" 4 135, 4 135 0, S_0x555f34456ab0;
 .timescale -9 -12;
P_0x555f346455e0 .param/l "gi" 0 4 135, +C4<0100011010>;
S_0x555f34645680 .scope generate, "g_unflat_final[283]" "g_unflat_final[283]" 4 135, 4 135 0, S_0x555f34456ab0;
 .timescale -9 -12;
P_0x555f34645860 .param/l "gi" 0 4 135, +C4<0100011011>;
S_0x555f34645900 .scope generate, "g_unflat_final[284]" "g_unflat_final[284]" 4 135, 4 135 0, S_0x555f34456ab0;
 .timescale -9 -12;
P_0x555f34645ae0 .param/l "gi" 0 4 135, +C4<0100011100>;
S_0x555f34645b80 .scope generate, "g_unflat_final[285]" "g_unflat_final[285]" 4 135, 4 135 0, S_0x555f34456ab0;
 .timescale -9 -12;
P_0x555f34645d60 .param/l "gi" 0 4 135, +C4<0100011101>;
S_0x555f34645e00 .scope generate, "g_unflat_final[286]" "g_unflat_final[286]" 4 135, 4 135 0, S_0x555f34456ab0;
 .timescale -9 -12;
P_0x555f34645fe0 .param/l "gi" 0 4 135, +C4<0100011110>;
S_0x555f34646080 .scope generate, "g_unflat_final[287]" "g_unflat_final[287]" 4 135, 4 135 0, S_0x555f34456ab0;
 .timescale -9 -12;
P_0x555f34646260 .param/l "gi" 0 4 135, +C4<0100011111>;
S_0x555f34646300 .scope generate, "g_unflat_final[288]" "g_unflat_final[288]" 4 135, 4 135 0, S_0x555f34456ab0;
 .timescale -9 -12;
P_0x555f346464e0 .param/l "gi" 0 4 135, +C4<0100100000>;
S_0x555f34646580 .scope generate, "g_unflat_final[289]" "g_unflat_final[289]" 4 135, 4 135 0, S_0x555f34456ab0;
 .timescale -9 -12;
P_0x555f34646760 .param/l "gi" 0 4 135, +C4<0100100001>;
S_0x555f34646800 .scope generate, "g_unflat_final[290]" "g_unflat_final[290]" 4 135, 4 135 0, S_0x555f34456ab0;
 .timescale -9 -12;
P_0x555f346469e0 .param/l "gi" 0 4 135, +C4<0100100010>;
S_0x555f34646a80 .scope generate, "g_unflat_final[291]" "g_unflat_final[291]" 4 135, 4 135 0, S_0x555f34456ab0;
 .timescale -9 -12;
P_0x555f34646c60 .param/l "gi" 0 4 135, +C4<0100100011>;
S_0x555f34646d00 .scope generate, "g_unflat_final[292]" "g_unflat_final[292]" 4 135, 4 135 0, S_0x555f34456ab0;
 .timescale -9 -12;
P_0x555f34646ee0 .param/l "gi" 0 4 135, +C4<0100100100>;
S_0x555f34646f80 .scope generate, "g_unflat_final[293]" "g_unflat_final[293]" 4 135, 4 135 0, S_0x555f34456ab0;
 .timescale -9 -12;
P_0x555f34647160 .param/l "gi" 0 4 135, +C4<0100100101>;
S_0x555f34647200 .scope generate, "g_unflat_final[294]" "g_unflat_final[294]" 4 135, 4 135 0, S_0x555f34456ab0;
 .timescale -9 -12;
P_0x555f346473e0 .param/l "gi" 0 4 135, +C4<0100100110>;
S_0x555f34647480 .scope generate, "g_unflat_final[295]" "g_unflat_final[295]" 4 135, 4 135 0, S_0x555f34456ab0;
 .timescale -9 -12;
P_0x555f34647660 .param/l "gi" 0 4 135, +C4<0100100111>;
S_0x555f34647700 .scope generate, "g_unflat_final[296]" "g_unflat_final[296]" 4 135, 4 135 0, S_0x555f34456ab0;
 .timescale -9 -12;
P_0x555f346478e0 .param/l "gi" 0 4 135, +C4<0100101000>;
S_0x555f34647980 .scope generate, "g_unflat_final[297]" "g_unflat_final[297]" 4 135, 4 135 0, S_0x555f34456ab0;
 .timescale -9 -12;
P_0x555f34647b60 .param/l "gi" 0 4 135, +C4<0100101001>;
S_0x555f34647c00 .scope generate, "g_unflat_final[298]" "g_unflat_final[298]" 4 135, 4 135 0, S_0x555f34456ab0;
 .timescale -9 -12;
P_0x555f34647de0 .param/l "gi" 0 4 135, +C4<0100101010>;
S_0x555f34647e80 .scope generate, "g_unflat_final[299]" "g_unflat_final[299]" 4 135, 4 135 0, S_0x555f34456ab0;
 .timescale -9 -12;
P_0x555f34648060 .param/l "gi" 0 4 135, +C4<0100101011>;
S_0x555f34648100 .scope generate, "g_unflat_final[300]" "g_unflat_final[300]" 4 135, 4 135 0, S_0x555f34456ab0;
 .timescale -9 -12;
P_0x555f346482e0 .param/l "gi" 0 4 135, +C4<0100101100>;
S_0x555f34648380 .scope generate, "g_unflat_final[301]" "g_unflat_final[301]" 4 135, 4 135 0, S_0x555f34456ab0;
 .timescale -9 -12;
P_0x555f34648560 .param/l "gi" 0 4 135, +C4<0100101101>;
S_0x555f34648600 .scope generate, "g_unflat_final[302]" "g_unflat_final[302]" 4 135, 4 135 0, S_0x555f34456ab0;
 .timescale -9 -12;
P_0x555f346487e0 .param/l "gi" 0 4 135, +C4<0100101110>;
S_0x555f34648880 .scope generate, "g_unflat_final[303]" "g_unflat_final[303]" 4 135, 4 135 0, S_0x555f34456ab0;
 .timescale -9 -12;
P_0x555f34648a80 .param/l "gi" 0 4 135, +C4<0100101111>;
S_0x555f34648b40 .scope generate, "g_unflat_final[304]" "g_unflat_final[304]" 4 135, 4 135 0, S_0x555f34456ab0;
 .timescale -9 -12;
P_0x555f34648d40 .param/l "gi" 0 4 135, +C4<0100110000>;
S_0x555f34648e00 .scope generate, "g_unflat_final[305]" "g_unflat_final[305]" 4 135, 4 135 0, S_0x555f34456ab0;
 .timescale -9 -12;
P_0x555f34649000 .param/l "gi" 0 4 135, +C4<0100110001>;
S_0x555f346490c0 .scope generate, "g_unflat_final[306]" "g_unflat_final[306]" 4 135, 4 135 0, S_0x555f34456ab0;
 .timescale -9 -12;
P_0x555f346492c0 .param/l "gi" 0 4 135, +C4<0100110010>;
S_0x555f34649380 .scope generate, "g_unflat_final[307]" "g_unflat_final[307]" 4 135, 4 135 0, S_0x555f34456ab0;
 .timescale -9 -12;
P_0x555f34649580 .param/l "gi" 0 4 135, +C4<0100110011>;
S_0x555f34649640 .scope generate, "g_unflat_final[308]" "g_unflat_final[308]" 4 135, 4 135 0, S_0x555f34456ab0;
 .timescale -9 -12;
P_0x555f34649840 .param/l "gi" 0 4 135, +C4<0100110100>;
S_0x555f34649900 .scope generate, "g_unflat_final[309]" "g_unflat_final[309]" 4 135, 4 135 0, S_0x555f34456ab0;
 .timescale -9 -12;
P_0x555f34649b00 .param/l "gi" 0 4 135, +C4<0100110101>;
S_0x555f34649bc0 .scope generate, "g_unflat_final[310]" "g_unflat_final[310]" 4 135, 4 135 0, S_0x555f34456ab0;
 .timescale -9 -12;
P_0x555f34649dc0 .param/l "gi" 0 4 135, +C4<0100110110>;
S_0x555f34649e80 .scope generate, "g_unflat_final[311]" "g_unflat_final[311]" 4 135, 4 135 0, S_0x555f34456ab0;
 .timescale -9 -12;
P_0x555f3464a080 .param/l "gi" 0 4 135, +C4<0100110111>;
S_0x555f3464a140 .scope generate, "g_unflat_final[312]" "g_unflat_final[312]" 4 135, 4 135 0, S_0x555f34456ab0;
 .timescale -9 -12;
P_0x555f3464a340 .param/l "gi" 0 4 135, +C4<0100111000>;
S_0x555f3464a400 .scope generate, "g_unflat_final[313]" "g_unflat_final[313]" 4 135, 4 135 0, S_0x555f34456ab0;
 .timescale -9 -12;
P_0x555f3464a600 .param/l "gi" 0 4 135, +C4<0100111001>;
S_0x555f3464a6c0 .scope generate, "g_unflat_final[314]" "g_unflat_final[314]" 4 135, 4 135 0, S_0x555f34456ab0;
 .timescale -9 -12;
P_0x555f3464a8c0 .param/l "gi" 0 4 135, +C4<0100111010>;
S_0x555f3464a980 .scope generate, "g_unflat_final[315]" "g_unflat_final[315]" 4 135, 4 135 0, S_0x555f34456ab0;
 .timescale -9 -12;
P_0x555f3464ab80 .param/l "gi" 0 4 135, +C4<0100111011>;
S_0x555f3464ac40 .scope generate, "g_unflat_final[316]" "g_unflat_final[316]" 4 135, 4 135 0, S_0x555f34456ab0;
 .timescale -9 -12;
P_0x555f3464ae40 .param/l "gi" 0 4 135, +C4<0100111100>;
S_0x555f3464af00 .scope generate, "g_unflat_final[317]" "g_unflat_final[317]" 4 135, 4 135 0, S_0x555f34456ab0;
 .timescale -9 -12;
P_0x555f3464b100 .param/l "gi" 0 4 135, +C4<0100111101>;
S_0x555f3464b1c0 .scope generate, "g_unflat_final[318]" "g_unflat_final[318]" 4 135, 4 135 0, S_0x555f34456ab0;
 .timescale -9 -12;
P_0x555f3464b3c0 .param/l "gi" 0 4 135, +C4<0100111110>;
S_0x555f3464b480 .scope generate, "g_unflat_final[319]" "g_unflat_final[319]" 4 135, 4 135 0, S_0x555f34456ab0;
 .timescale -9 -12;
P_0x555f3464b680 .param/l "gi" 0 4 135, +C4<0100111111>;
S_0x555f3464b740 .scope generate, "g_unflat_final[320]" "g_unflat_final[320]" 4 135, 4 135 0, S_0x555f34456ab0;
 .timescale -9 -12;
P_0x555f3464b940 .param/l "gi" 0 4 135, +C4<0101000000>;
S_0x555f3464ba00 .scope generate, "g_unflat_final[321]" "g_unflat_final[321]" 4 135, 4 135 0, S_0x555f34456ab0;
 .timescale -9 -12;
P_0x555f3464bc00 .param/l "gi" 0 4 135, +C4<0101000001>;
S_0x555f3464bcc0 .scope generate, "g_unflat_final[322]" "g_unflat_final[322]" 4 135, 4 135 0, S_0x555f34456ab0;
 .timescale -9 -12;
P_0x555f3464bec0 .param/l "gi" 0 4 135, +C4<0101000010>;
S_0x555f3464bf80 .scope generate, "g_unflat_final[323]" "g_unflat_final[323]" 4 135, 4 135 0, S_0x555f34456ab0;
 .timescale -9 -12;
P_0x555f3464c180 .param/l "gi" 0 4 135, +C4<0101000011>;
S_0x555f3464c240 .scope generate, "g_unflat_final[324]" "g_unflat_final[324]" 4 135, 4 135 0, S_0x555f34456ab0;
 .timescale -9 -12;
P_0x555f3464c440 .param/l "gi" 0 4 135, +C4<0101000100>;
S_0x555f3464c500 .scope generate, "g_unflat_final[325]" "g_unflat_final[325]" 4 135, 4 135 0, S_0x555f34456ab0;
 .timescale -9 -12;
P_0x555f3464c700 .param/l "gi" 0 4 135, +C4<0101000101>;
S_0x555f3464c7c0 .scope generate, "g_unflat_final[326]" "g_unflat_final[326]" 4 135, 4 135 0, S_0x555f34456ab0;
 .timescale -9 -12;
P_0x555f3464c9c0 .param/l "gi" 0 4 135, +C4<0101000110>;
S_0x555f3464ca80 .scope generate, "g_unflat_final[327]" "g_unflat_final[327]" 4 135, 4 135 0, S_0x555f34456ab0;
 .timescale -9 -12;
P_0x555f3464cc80 .param/l "gi" 0 4 135, +C4<0101000111>;
S_0x555f3464cd40 .scope generate, "g_unflat_final[328]" "g_unflat_final[328]" 4 135, 4 135 0, S_0x555f34456ab0;
 .timescale -9 -12;
P_0x555f3464cf40 .param/l "gi" 0 4 135, +C4<0101001000>;
S_0x555f3464d000 .scope generate, "g_unflat_final[329]" "g_unflat_final[329]" 4 135, 4 135 0, S_0x555f34456ab0;
 .timescale -9 -12;
P_0x555f3464d200 .param/l "gi" 0 4 135, +C4<0101001001>;
S_0x555f3464d2c0 .scope generate, "g_unflat_final[330]" "g_unflat_final[330]" 4 135, 4 135 0, S_0x555f34456ab0;
 .timescale -9 -12;
P_0x555f3464d4c0 .param/l "gi" 0 4 135, +C4<0101001010>;
S_0x555f3464d580 .scope generate, "g_unflat_final[331]" "g_unflat_final[331]" 4 135, 4 135 0, S_0x555f34456ab0;
 .timescale -9 -12;
P_0x555f3464d780 .param/l "gi" 0 4 135, +C4<0101001011>;
S_0x555f3464d840 .scope generate, "g_unflat_final[332]" "g_unflat_final[332]" 4 135, 4 135 0, S_0x555f34456ab0;
 .timescale -9 -12;
P_0x555f3464da40 .param/l "gi" 0 4 135, +C4<0101001100>;
S_0x555f3464db00 .scope generate, "g_unflat_final[333]" "g_unflat_final[333]" 4 135, 4 135 0, S_0x555f34456ab0;
 .timescale -9 -12;
P_0x555f3464dd00 .param/l "gi" 0 4 135, +C4<0101001101>;
S_0x555f3464ddc0 .scope generate, "g_unflat_final[334]" "g_unflat_final[334]" 4 135, 4 135 0, S_0x555f34456ab0;
 .timescale -9 -12;
P_0x555f3464dfc0 .param/l "gi" 0 4 135, +C4<0101001110>;
S_0x555f3464e080 .scope generate, "g_unflat_final[335]" "g_unflat_final[335]" 4 135, 4 135 0, S_0x555f34456ab0;
 .timescale -9 -12;
P_0x555f3464e280 .param/l "gi" 0 4 135, +C4<0101001111>;
S_0x555f3464e340 .scope generate, "g_unflat_final[336]" "g_unflat_final[336]" 4 135, 4 135 0, S_0x555f34456ab0;
 .timescale -9 -12;
P_0x555f3464e540 .param/l "gi" 0 4 135, +C4<0101010000>;
S_0x555f3464e600 .scope generate, "g_unflat_final[337]" "g_unflat_final[337]" 4 135, 4 135 0, S_0x555f34456ab0;
 .timescale -9 -12;
P_0x555f3464e800 .param/l "gi" 0 4 135, +C4<0101010001>;
S_0x555f3464e8c0 .scope generate, "g_unflat_final[338]" "g_unflat_final[338]" 4 135, 4 135 0, S_0x555f34456ab0;
 .timescale -9 -12;
P_0x555f3464eac0 .param/l "gi" 0 4 135, +C4<0101010010>;
S_0x555f3464eb80 .scope generate, "g_unflat_final[339]" "g_unflat_final[339]" 4 135, 4 135 0, S_0x555f34456ab0;
 .timescale -9 -12;
P_0x555f3464ed80 .param/l "gi" 0 4 135, +C4<0101010011>;
S_0x555f3464ee40 .scope generate, "g_unflat_final[340]" "g_unflat_final[340]" 4 135, 4 135 0, S_0x555f34456ab0;
 .timescale -9 -12;
P_0x555f3464f040 .param/l "gi" 0 4 135, +C4<0101010100>;
S_0x555f3464f100 .scope generate, "g_unflat_final[341]" "g_unflat_final[341]" 4 135, 4 135 0, S_0x555f34456ab0;
 .timescale -9 -12;
P_0x555f3464f300 .param/l "gi" 0 4 135, +C4<0101010101>;
S_0x555f3464f3c0 .scope generate, "g_unflat_final[342]" "g_unflat_final[342]" 4 135, 4 135 0, S_0x555f34456ab0;
 .timescale -9 -12;
P_0x555f3464f5c0 .param/l "gi" 0 4 135, +C4<0101010110>;
S_0x555f3464f680 .scope generate, "g_unflat_final[343]" "g_unflat_final[343]" 4 135, 4 135 0, S_0x555f34456ab0;
 .timescale -9 -12;
P_0x555f3464f880 .param/l "gi" 0 4 135, +C4<0101010111>;
S_0x555f3464f940 .scope generate, "g_unflat_final[344]" "g_unflat_final[344]" 4 135, 4 135 0, S_0x555f34456ab0;
 .timescale -9 -12;
P_0x555f3464fb40 .param/l "gi" 0 4 135, +C4<0101011000>;
S_0x555f3464fc00 .scope generate, "g_unflat_final[345]" "g_unflat_final[345]" 4 135, 4 135 0, S_0x555f34456ab0;
 .timescale -9 -12;
P_0x555f3464fe00 .param/l "gi" 0 4 135, +C4<0101011001>;
S_0x555f3464fec0 .scope generate, "g_unflat_final[346]" "g_unflat_final[346]" 4 135, 4 135 0, S_0x555f34456ab0;
 .timescale -9 -12;
P_0x555f346500c0 .param/l "gi" 0 4 135, +C4<0101011010>;
S_0x555f34650180 .scope generate, "g_unflat_final[347]" "g_unflat_final[347]" 4 135, 4 135 0, S_0x555f34456ab0;
 .timescale -9 -12;
P_0x555f34650380 .param/l "gi" 0 4 135, +C4<0101011011>;
S_0x555f34650440 .scope generate, "g_unflat_final[348]" "g_unflat_final[348]" 4 135, 4 135 0, S_0x555f34456ab0;
 .timescale -9 -12;
P_0x555f34650640 .param/l "gi" 0 4 135, +C4<0101011100>;
S_0x555f34650700 .scope generate, "g_unflat_final[349]" "g_unflat_final[349]" 4 135, 4 135 0, S_0x555f34456ab0;
 .timescale -9 -12;
P_0x555f34650900 .param/l "gi" 0 4 135, +C4<0101011101>;
S_0x555f346509c0 .scope generate, "g_unflat_final[350]" "g_unflat_final[350]" 4 135, 4 135 0, S_0x555f34456ab0;
 .timescale -9 -12;
P_0x555f34650bc0 .param/l "gi" 0 4 135, +C4<0101011110>;
S_0x555f34650c80 .scope generate, "g_unflat_final[351]" "g_unflat_final[351]" 4 135, 4 135 0, S_0x555f34456ab0;
 .timescale -9 -12;
P_0x555f34650e80 .param/l "gi" 0 4 135, +C4<0101011111>;
S_0x555f34650f40 .scope generate, "g_unflat_final[352]" "g_unflat_final[352]" 4 135, 4 135 0, S_0x555f34456ab0;
 .timescale -9 -12;
P_0x555f34651140 .param/l "gi" 0 4 135, +C4<0101100000>;
S_0x555f34651200 .scope generate, "g_unflat_final[353]" "g_unflat_final[353]" 4 135, 4 135 0, S_0x555f34456ab0;
 .timescale -9 -12;
P_0x555f34651400 .param/l "gi" 0 4 135, +C4<0101100001>;
S_0x555f346514c0 .scope generate, "g_unflat_final[354]" "g_unflat_final[354]" 4 135, 4 135 0, S_0x555f34456ab0;
 .timescale -9 -12;
P_0x555f346516c0 .param/l "gi" 0 4 135, +C4<0101100010>;
S_0x555f34651780 .scope generate, "g_unflat_final[355]" "g_unflat_final[355]" 4 135, 4 135 0, S_0x555f34456ab0;
 .timescale -9 -12;
P_0x555f34651980 .param/l "gi" 0 4 135, +C4<0101100011>;
S_0x555f34651a40 .scope generate, "g_unflat_final[356]" "g_unflat_final[356]" 4 135, 4 135 0, S_0x555f34456ab0;
 .timescale -9 -12;
P_0x555f34651c40 .param/l "gi" 0 4 135, +C4<0101100100>;
S_0x555f34651d00 .scope generate, "g_unflat_final[357]" "g_unflat_final[357]" 4 135, 4 135 0, S_0x555f34456ab0;
 .timescale -9 -12;
P_0x555f34651f00 .param/l "gi" 0 4 135, +C4<0101100101>;
S_0x555f34651fc0 .scope generate, "g_unflat_final[358]" "g_unflat_final[358]" 4 135, 4 135 0, S_0x555f34456ab0;
 .timescale -9 -12;
P_0x555f346521c0 .param/l "gi" 0 4 135, +C4<0101100110>;
S_0x555f34652280 .scope generate, "g_unflat_final[359]" "g_unflat_final[359]" 4 135, 4 135 0, S_0x555f34456ab0;
 .timescale -9 -12;
P_0x555f34652480 .param/l "gi" 0 4 135, +C4<0101100111>;
S_0x555f34652540 .scope generate, "g_unflat_final[360]" "g_unflat_final[360]" 4 135, 4 135 0, S_0x555f34456ab0;
 .timescale -9 -12;
P_0x555f34652740 .param/l "gi" 0 4 135, +C4<0101101000>;
S_0x555f34652800 .scope generate, "g_unflat_final[361]" "g_unflat_final[361]" 4 135, 4 135 0, S_0x555f34456ab0;
 .timescale -9 -12;
P_0x555f34652a00 .param/l "gi" 0 4 135, +C4<0101101001>;
S_0x555f34652ac0 .scope generate, "g_unflat_final[362]" "g_unflat_final[362]" 4 135, 4 135 0, S_0x555f34456ab0;
 .timescale -9 -12;
P_0x555f34652cc0 .param/l "gi" 0 4 135, +C4<0101101010>;
S_0x555f34652d80 .scope generate, "g_unflat_final[363]" "g_unflat_final[363]" 4 135, 4 135 0, S_0x555f34456ab0;
 .timescale -9 -12;
P_0x555f34652f80 .param/l "gi" 0 4 135, +C4<0101101011>;
S_0x555f34653040 .scope generate, "g_unflat_final[364]" "g_unflat_final[364]" 4 135, 4 135 0, S_0x555f34456ab0;
 .timescale -9 -12;
P_0x555f34653240 .param/l "gi" 0 4 135, +C4<0101101100>;
S_0x555f34653300 .scope generate, "g_unflat_final[365]" "g_unflat_final[365]" 4 135, 4 135 0, S_0x555f34456ab0;
 .timescale -9 -12;
P_0x555f34653500 .param/l "gi" 0 4 135, +C4<0101101101>;
S_0x555f346535c0 .scope generate, "g_unflat_final[366]" "g_unflat_final[366]" 4 135, 4 135 0, S_0x555f34456ab0;
 .timescale -9 -12;
P_0x555f346537c0 .param/l "gi" 0 4 135, +C4<0101101110>;
S_0x555f34653880 .scope generate, "g_unflat_final[367]" "g_unflat_final[367]" 4 135, 4 135 0, S_0x555f34456ab0;
 .timescale -9 -12;
P_0x555f34653a80 .param/l "gi" 0 4 135, +C4<0101101111>;
S_0x555f34653b40 .scope generate, "g_unflat_final[368]" "g_unflat_final[368]" 4 135, 4 135 0, S_0x555f34456ab0;
 .timescale -9 -12;
P_0x555f34653d40 .param/l "gi" 0 4 135, +C4<0101110000>;
S_0x555f34653e00 .scope generate, "g_unflat_final[369]" "g_unflat_final[369]" 4 135, 4 135 0, S_0x555f34456ab0;
 .timescale -9 -12;
P_0x555f34654000 .param/l "gi" 0 4 135, +C4<0101110001>;
S_0x555f346540c0 .scope generate, "g_unflat_final[370]" "g_unflat_final[370]" 4 135, 4 135 0, S_0x555f34456ab0;
 .timescale -9 -12;
P_0x555f346542c0 .param/l "gi" 0 4 135, +C4<0101110010>;
S_0x555f34654380 .scope generate, "g_unflat_final[371]" "g_unflat_final[371]" 4 135, 4 135 0, S_0x555f34456ab0;
 .timescale -9 -12;
P_0x555f34654580 .param/l "gi" 0 4 135, +C4<0101110011>;
S_0x555f34654640 .scope generate, "g_unflat_final[372]" "g_unflat_final[372]" 4 135, 4 135 0, S_0x555f34456ab0;
 .timescale -9 -12;
P_0x555f34654840 .param/l "gi" 0 4 135, +C4<0101110100>;
S_0x555f34654900 .scope generate, "g_unflat_final[373]" "g_unflat_final[373]" 4 135, 4 135 0, S_0x555f34456ab0;
 .timescale -9 -12;
P_0x555f34654b00 .param/l "gi" 0 4 135, +C4<0101110101>;
S_0x555f34654bc0 .scope generate, "g_unflat_final[374]" "g_unflat_final[374]" 4 135, 4 135 0, S_0x555f34456ab0;
 .timescale -9 -12;
P_0x555f34654dc0 .param/l "gi" 0 4 135, +C4<0101110110>;
S_0x555f34654e80 .scope generate, "g_unflat_final[375]" "g_unflat_final[375]" 4 135, 4 135 0, S_0x555f34456ab0;
 .timescale -9 -12;
P_0x555f34655080 .param/l "gi" 0 4 135, +C4<0101110111>;
S_0x555f34655140 .scope generate, "g_unflat_final[376]" "g_unflat_final[376]" 4 135, 4 135 0, S_0x555f34456ab0;
 .timescale -9 -12;
P_0x555f34655340 .param/l "gi" 0 4 135, +C4<0101111000>;
S_0x555f34655400 .scope generate, "g_unflat_final[377]" "g_unflat_final[377]" 4 135, 4 135 0, S_0x555f34456ab0;
 .timescale -9 -12;
P_0x555f34655600 .param/l "gi" 0 4 135, +C4<0101111001>;
S_0x555f346556c0 .scope generate, "g_unflat_final[378]" "g_unflat_final[378]" 4 135, 4 135 0, S_0x555f34456ab0;
 .timescale -9 -12;
P_0x555f346558c0 .param/l "gi" 0 4 135, +C4<0101111010>;
S_0x555f34655980 .scope generate, "g_unflat_final[379]" "g_unflat_final[379]" 4 135, 4 135 0, S_0x555f34456ab0;
 .timescale -9 -12;
P_0x555f34655b80 .param/l "gi" 0 4 135, +C4<0101111011>;
S_0x555f34655c40 .scope generate, "g_unflat_final[380]" "g_unflat_final[380]" 4 135, 4 135 0, S_0x555f34456ab0;
 .timescale -9 -12;
P_0x555f34655e40 .param/l "gi" 0 4 135, +C4<0101111100>;
S_0x555f34655f00 .scope generate, "g_unflat_final[381]" "g_unflat_final[381]" 4 135, 4 135 0, S_0x555f34456ab0;
 .timescale -9 -12;
P_0x555f34656100 .param/l "gi" 0 4 135, +C4<0101111101>;
S_0x555f346561c0 .scope generate, "g_unflat_final[382]" "g_unflat_final[382]" 4 135, 4 135 0, S_0x555f34456ab0;
 .timescale -9 -12;
P_0x555f346563c0 .param/l "gi" 0 4 135, +C4<0101111110>;
S_0x555f34656480 .scope generate, "g_unflat_final[383]" "g_unflat_final[383]" 4 135, 4 135 0, S_0x555f34456ab0;
 .timescale -9 -12;
P_0x555f34656680 .param/l "gi" 0 4 135, +C4<0101111111>;
S_0x555f34656740 .scope generate, "g_unflat_final[384]" "g_unflat_final[384]" 4 135, 4 135 0, S_0x555f34456ab0;
 .timescale -9 -12;
P_0x555f34656940 .param/l "gi" 0 4 135, +C4<0110000000>;
S_0x555f34656a00 .scope generate, "g_unflat_final[385]" "g_unflat_final[385]" 4 135, 4 135 0, S_0x555f34456ab0;
 .timescale -9 -12;
P_0x555f34656c00 .param/l "gi" 0 4 135, +C4<0110000001>;
S_0x555f34656cc0 .scope generate, "g_unflat_final[386]" "g_unflat_final[386]" 4 135, 4 135 0, S_0x555f34456ab0;
 .timescale -9 -12;
P_0x555f34656ec0 .param/l "gi" 0 4 135, +C4<0110000010>;
S_0x555f34656f80 .scope generate, "g_unflat_final[387]" "g_unflat_final[387]" 4 135, 4 135 0, S_0x555f34456ab0;
 .timescale -9 -12;
P_0x555f34657180 .param/l "gi" 0 4 135, +C4<0110000011>;
S_0x555f34657240 .scope generate, "g_unflat_final[388]" "g_unflat_final[388]" 4 135, 4 135 0, S_0x555f34456ab0;
 .timescale -9 -12;
P_0x555f34657440 .param/l "gi" 0 4 135, +C4<0110000100>;
S_0x555f34657500 .scope generate, "g_unflat_final[389]" "g_unflat_final[389]" 4 135, 4 135 0, S_0x555f34456ab0;
 .timescale -9 -12;
P_0x555f34657700 .param/l "gi" 0 4 135, +C4<0110000101>;
S_0x555f346577c0 .scope generate, "g_unflat_final[390]" "g_unflat_final[390]" 4 135, 4 135 0, S_0x555f34456ab0;
 .timescale -9 -12;
P_0x555f346579c0 .param/l "gi" 0 4 135, +C4<0110000110>;
S_0x555f34657a80 .scope generate, "g_unflat_final[391]" "g_unflat_final[391]" 4 135, 4 135 0, S_0x555f34456ab0;
 .timescale -9 -12;
P_0x555f34657c80 .param/l "gi" 0 4 135, +C4<0110000111>;
S_0x555f34657d40 .scope generate, "g_unflat_final[392]" "g_unflat_final[392]" 4 135, 4 135 0, S_0x555f34456ab0;
 .timescale -9 -12;
P_0x555f34657f40 .param/l "gi" 0 4 135, +C4<0110001000>;
S_0x555f34658000 .scope generate, "g_unflat_final[393]" "g_unflat_final[393]" 4 135, 4 135 0, S_0x555f34456ab0;
 .timescale -9 -12;
P_0x555f34658200 .param/l "gi" 0 4 135, +C4<0110001001>;
S_0x555f346582c0 .scope generate, "g_unflat_final[394]" "g_unflat_final[394]" 4 135, 4 135 0, S_0x555f34456ab0;
 .timescale -9 -12;
P_0x555f346584c0 .param/l "gi" 0 4 135, +C4<0110001010>;
S_0x555f34658580 .scope generate, "g_unflat_final[395]" "g_unflat_final[395]" 4 135, 4 135 0, S_0x555f34456ab0;
 .timescale -9 -12;
P_0x555f34658780 .param/l "gi" 0 4 135, +C4<0110001011>;
S_0x555f34658840 .scope generate, "g_unflat_final[396]" "g_unflat_final[396]" 4 135, 4 135 0, S_0x555f34456ab0;
 .timescale -9 -12;
P_0x555f34658a40 .param/l "gi" 0 4 135, +C4<0110001100>;
S_0x555f34658b00 .scope generate, "g_unflat_final[397]" "g_unflat_final[397]" 4 135, 4 135 0, S_0x555f34456ab0;
 .timescale -9 -12;
P_0x555f34658d00 .param/l "gi" 0 4 135, +C4<0110001101>;
S_0x555f34658dc0 .scope generate, "g_unflat_final[398]" "g_unflat_final[398]" 4 135, 4 135 0, S_0x555f34456ab0;
 .timescale -9 -12;
P_0x555f34658fc0 .param/l "gi" 0 4 135, +C4<0110001110>;
S_0x555f34659080 .scope generate, "g_unflat_final[399]" "g_unflat_final[399]" 4 135, 4 135 0, S_0x555f34456ab0;
 .timescale -9 -12;
P_0x555f34659280 .param/l "gi" 0 4 135, +C4<0110001111>;
S_0x555f34659340 .scope generate, "g_unflat_final[400]" "g_unflat_final[400]" 4 135, 4 135 0, S_0x555f34456ab0;
 .timescale -9 -12;
P_0x555f34659540 .param/l "gi" 0 4 135, +C4<0110010000>;
S_0x555f34659600 .scope generate, "g_unflat_final[401]" "g_unflat_final[401]" 4 135, 4 135 0, S_0x555f34456ab0;
 .timescale -9 -12;
P_0x555f34659800 .param/l "gi" 0 4 135, +C4<0110010001>;
S_0x555f346598c0 .scope generate, "g_unflat_final[402]" "g_unflat_final[402]" 4 135, 4 135 0, S_0x555f34456ab0;
 .timescale -9 -12;
P_0x555f34659ac0 .param/l "gi" 0 4 135, +C4<0110010010>;
S_0x555f34659b80 .scope generate, "g_unflat_final[403]" "g_unflat_final[403]" 4 135, 4 135 0, S_0x555f34456ab0;
 .timescale -9 -12;
P_0x555f34659d80 .param/l "gi" 0 4 135, +C4<0110010011>;
S_0x555f34659e40 .scope generate, "g_unflat_final[404]" "g_unflat_final[404]" 4 135, 4 135 0, S_0x555f34456ab0;
 .timescale -9 -12;
P_0x555f3465a040 .param/l "gi" 0 4 135, +C4<0110010100>;
S_0x555f3465a100 .scope generate, "g_unflat_final[405]" "g_unflat_final[405]" 4 135, 4 135 0, S_0x555f34456ab0;
 .timescale -9 -12;
P_0x555f3465a300 .param/l "gi" 0 4 135, +C4<0110010101>;
S_0x555f3465a3c0 .scope generate, "g_unflat_final[406]" "g_unflat_final[406]" 4 135, 4 135 0, S_0x555f34456ab0;
 .timescale -9 -12;
P_0x555f3465a5c0 .param/l "gi" 0 4 135, +C4<0110010110>;
S_0x555f3465a680 .scope generate, "g_unflat_final[407]" "g_unflat_final[407]" 4 135, 4 135 0, S_0x555f34456ab0;
 .timescale -9 -12;
P_0x555f3465a880 .param/l "gi" 0 4 135, +C4<0110010111>;
S_0x555f3465a940 .scope generate, "g_unflat_final[408]" "g_unflat_final[408]" 4 135, 4 135 0, S_0x555f34456ab0;
 .timescale -9 -12;
P_0x555f3465ab40 .param/l "gi" 0 4 135, +C4<0110011000>;
S_0x555f3465ac00 .scope generate, "g_unflat_final[409]" "g_unflat_final[409]" 4 135, 4 135 0, S_0x555f34456ab0;
 .timescale -9 -12;
P_0x555f3465ae00 .param/l "gi" 0 4 135, +C4<0110011001>;
S_0x555f3465aec0 .scope generate, "g_unflat_final[410]" "g_unflat_final[410]" 4 135, 4 135 0, S_0x555f34456ab0;
 .timescale -9 -12;
P_0x555f3465b0c0 .param/l "gi" 0 4 135, +C4<0110011010>;
S_0x555f3465b180 .scope generate, "g_unflat_final[411]" "g_unflat_final[411]" 4 135, 4 135 0, S_0x555f34456ab0;
 .timescale -9 -12;
P_0x555f3465b380 .param/l "gi" 0 4 135, +C4<0110011011>;
S_0x555f3465b440 .scope generate, "g_unflat_final[412]" "g_unflat_final[412]" 4 135, 4 135 0, S_0x555f34456ab0;
 .timescale -9 -12;
P_0x555f3465b640 .param/l "gi" 0 4 135, +C4<0110011100>;
S_0x555f3465b700 .scope generate, "g_unflat_final[413]" "g_unflat_final[413]" 4 135, 4 135 0, S_0x555f34456ab0;
 .timescale -9 -12;
P_0x555f3465b900 .param/l "gi" 0 4 135, +C4<0110011101>;
S_0x555f3465b9c0 .scope generate, "g_unflat_final[414]" "g_unflat_final[414]" 4 135, 4 135 0, S_0x555f34456ab0;
 .timescale -9 -12;
P_0x555f3465bbc0 .param/l "gi" 0 4 135, +C4<0110011110>;
S_0x555f3465bc80 .scope generate, "g_unflat_final[415]" "g_unflat_final[415]" 4 135, 4 135 0, S_0x555f34456ab0;
 .timescale -9 -12;
P_0x555f3465be80 .param/l "gi" 0 4 135, +C4<0110011111>;
S_0x555f3465bf40 .scope generate, "g_unflat_final[416]" "g_unflat_final[416]" 4 135, 4 135 0, S_0x555f34456ab0;
 .timescale -9 -12;
P_0x555f3465c140 .param/l "gi" 0 4 135, +C4<0110100000>;
S_0x555f3465c200 .scope generate, "g_unflat_final[417]" "g_unflat_final[417]" 4 135, 4 135 0, S_0x555f34456ab0;
 .timescale -9 -12;
P_0x555f3465c400 .param/l "gi" 0 4 135, +C4<0110100001>;
S_0x555f3465c4c0 .scope generate, "g_unflat_final[418]" "g_unflat_final[418]" 4 135, 4 135 0, S_0x555f34456ab0;
 .timescale -9 -12;
P_0x555f3465c6c0 .param/l "gi" 0 4 135, +C4<0110100010>;
S_0x555f3465c780 .scope generate, "g_unflat_final[419]" "g_unflat_final[419]" 4 135, 4 135 0, S_0x555f34456ab0;
 .timescale -9 -12;
P_0x555f3465c980 .param/l "gi" 0 4 135, +C4<0110100011>;
S_0x555f3465ca40 .scope generate, "g_unflat_final[420]" "g_unflat_final[420]" 4 135, 4 135 0, S_0x555f34456ab0;
 .timescale -9 -12;
P_0x555f3465cc40 .param/l "gi" 0 4 135, +C4<0110100100>;
S_0x555f3465cd00 .scope generate, "g_unflat_final[421]" "g_unflat_final[421]" 4 135, 4 135 0, S_0x555f34456ab0;
 .timescale -9 -12;
P_0x555f3465cf00 .param/l "gi" 0 4 135, +C4<0110100101>;
S_0x555f3465cfc0 .scope generate, "g_unflat_final[422]" "g_unflat_final[422]" 4 135, 4 135 0, S_0x555f34456ab0;
 .timescale -9 -12;
P_0x555f3465d1c0 .param/l "gi" 0 4 135, +C4<0110100110>;
S_0x555f3465d280 .scope generate, "g_unflat_final[423]" "g_unflat_final[423]" 4 135, 4 135 0, S_0x555f34456ab0;
 .timescale -9 -12;
P_0x555f3465d480 .param/l "gi" 0 4 135, +C4<0110100111>;
S_0x555f3465d540 .scope generate, "g_unflat_final[424]" "g_unflat_final[424]" 4 135, 4 135 0, S_0x555f34456ab0;
 .timescale -9 -12;
P_0x555f3465d740 .param/l "gi" 0 4 135, +C4<0110101000>;
S_0x555f3465d800 .scope generate, "g_unflat_final[425]" "g_unflat_final[425]" 4 135, 4 135 0, S_0x555f34456ab0;
 .timescale -9 -12;
P_0x555f3465da00 .param/l "gi" 0 4 135, +C4<0110101001>;
S_0x555f3465dac0 .scope generate, "g_unflat_final[426]" "g_unflat_final[426]" 4 135, 4 135 0, S_0x555f34456ab0;
 .timescale -9 -12;
P_0x555f3465dcc0 .param/l "gi" 0 4 135, +C4<0110101010>;
S_0x555f3465dd80 .scope generate, "g_unflat_final[427]" "g_unflat_final[427]" 4 135, 4 135 0, S_0x555f34456ab0;
 .timescale -9 -12;
P_0x555f3465df80 .param/l "gi" 0 4 135, +C4<0110101011>;
S_0x555f3465e040 .scope generate, "g_unflat_final[428]" "g_unflat_final[428]" 4 135, 4 135 0, S_0x555f34456ab0;
 .timescale -9 -12;
P_0x555f3465e240 .param/l "gi" 0 4 135, +C4<0110101100>;
S_0x555f3465e300 .scope generate, "g_unflat_final[429]" "g_unflat_final[429]" 4 135, 4 135 0, S_0x555f34456ab0;
 .timescale -9 -12;
P_0x555f3465e500 .param/l "gi" 0 4 135, +C4<0110101101>;
S_0x555f3465e5c0 .scope generate, "g_unflat_final[430]" "g_unflat_final[430]" 4 135, 4 135 0, S_0x555f34456ab0;
 .timescale -9 -12;
P_0x555f3465e7c0 .param/l "gi" 0 4 135, +C4<0110101110>;
S_0x555f3465e880 .scope generate, "g_unflat_final[431]" "g_unflat_final[431]" 4 135, 4 135 0, S_0x555f34456ab0;
 .timescale -9 -12;
P_0x555f3465ea80 .param/l "gi" 0 4 135, +C4<0110101111>;
S_0x555f3465eb40 .scope generate, "g_unflat_final[432]" "g_unflat_final[432]" 4 135, 4 135 0, S_0x555f34456ab0;
 .timescale -9 -12;
P_0x555f3465ed40 .param/l "gi" 0 4 135, +C4<0110110000>;
S_0x555f3465ee00 .scope generate, "g_unflat_final[433]" "g_unflat_final[433]" 4 135, 4 135 0, S_0x555f34456ab0;
 .timescale -9 -12;
P_0x555f3465f000 .param/l "gi" 0 4 135, +C4<0110110001>;
S_0x555f3465f0c0 .scope generate, "g_unflat_final[434]" "g_unflat_final[434]" 4 135, 4 135 0, S_0x555f34456ab0;
 .timescale -9 -12;
P_0x555f3465f2c0 .param/l "gi" 0 4 135, +C4<0110110010>;
S_0x555f3465f380 .scope generate, "g_unflat_final[435]" "g_unflat_final[435]" 4 135, 4 135 0, S_0x555f34456ab0;
 .timescale -9 -12;
P_0x555f3465f580 .param/l "gi" 0 4 135, +C4<0110110011>;
S_0x555f3465f640 .scope generate, "g_unflat_final[436]" "g_unflat_final[436]" 4 135, 4 135 0, S_0x555f34456ab0;
 .timescale -9 -12;
P_0x555f3465f840 .param/l "gi" 0 4 135, +C4<0110110100>;
S_0x555f3465f900 .scope generate, "g_unflat_final[437]" "g_unflat_final[437]" 4 135, 4 135 0, S_0x555f34456ab0;
 .timescale -9 -12;
P_0x555f3465fb00 .param/l "gi" 0 4 135, +C4<0110110101>;
S_0x555f3465fbc0 .scope generate, "g_unflat_final[438]" "g_unflat_final[438]" 4 135, 4 135 0, S_0x555f34456ab0;
 .timescale -9 -12;
P_0x555f3465fdc0 .param/l "gi" 0 4 135, +C4<0110110110>;
S_0x555f3465fe80 .scope generate, "g_unflat_final[439]" "g_unflat_final[439]" 4 135, 4 135 0, S_0x555f34456ab0;
 .timescale -9 -12;
P_0x555f34660080 .param/l "gi" 0 4 135, +C4<0110110111>;
S_0x555f34660140 .scope generate, "g_unflat_final[440]" "g_unflat_final[440]" 4 135, 4 135 0, S_0x555f34456ab0;
 .timescale -9 -12;
P_0x555f34660340 .param/l "gi" 0 4 135, +C4<0110111000>;
S_0x555f34660400 .scope generate, "g_unflat_final[441]" "g_unflat_final[441]" 4 135, 4 135 0, S_0x555f34456ab0;
 .timescale -9 -12;
P_0x555f34660600 .param/l "gi" 0 4 135, +C4<0110111001>;
S_0x555f346606c0 .scope generate, "g_unflat_final[442]" "g_unflat_final[442]" 4 135, 4 135 0, S_0x555f34456ab0;
 .timescale -9 -12;
P_0x555f346608c0 .param/l "gi" 0 4 135, +C4<0110111010>;
S_0x555f34660980 .scope generate, "g_unflat_final[443]" "g_unflat_final[443]" 4 135, 4 135 0, S_0x555f34456ab0;
 .timescale -9 -12;
P_0x555f34660b80 .param/l "gi" 0 4 135, +C4<0110111011>;
S_0x555f34660c40 .scope generate, "g_unflat_final[444]" "g_unflat_final[444]" 4 135, 4 135 0, S_0x555f34456ab0;
 .timescale -9 -12;
P_0x555f34660e40 .param/l "gi" 0 4 135, +C4<0110111100>;
S_0x555f34660f00 .scope generate, "g_unflat_final[445]" "g_unflat_final[445]" 4 135, 4 135 0, S_0x555f34456ab0;
 .timescale -9 -12;
P_0x555f34661100 .param/l "gi" 0 4 135, +C4<0110111101>;
S_0x555f346611c0 .scope generate, "g_unflat_final[446]" "g_unflat_final[446]" 4 135, 4 135 0, S_0x555f34456ab0;
 .timescale -9 -12;
P_0x555f346613c0 .param/l "gi" 0 4 135, +C4<0110111110>;
S_0x555f34661480 .scope generate, "g_unflat_final[447]" "g_unflat_final[447]" 4 135, 4 135 0, S_0x555f34456ab0;
 .timescale -9 -12;
P_0x555f34661680 .param/l "gi" 0 4 135, +C4<0110111111>;
S_0x555f34661740 .scope generate, "g_unflat_final[448]" "g_unflat_final[448]" 4 135, 4 135 0, S_0x555f34456ab0;
 .timescale -9 -12;
P_0x555f34661940 .param/l "gi" 0 4 135, +C4<0111000000>;
S_0x555f34661a00 .scope generate, "g_unflat_final[449]" "g_unflat_final[449]" 4 135, 4 135 0, S_0x555f34456ab0;
 .timescale -9 -12;
P_0x555f34661c00 .param/l "gi" 0 4 135, +C4<0111000001>;
S_0x555f34661cc0 .scope generate, "g_unflat_final[450]" "g_unflat_final[450]" 4 135, 4 135 0, S_0x555f34456ab0;
 .timescale -9 -12;
P_0x555f34661ec0 .param/l "gi" 0 4 135, +C4<0111000010>;
S_0x555f34661f80 .scope generate, "g_unflat_final[451]" "g_unflat_final[451]" 4 135, 4 135 0, S_0x555f34456ab0;
 .timescale -9 -12;
P_0x555f34662180 .param/l "gi" 0 4 135, +C4<0111000011>;
S_0x555f34662240 .scope generate, "g_unflat_final[452]" "g_unflat_final[452]" 4 135, 4 135 0, S_0x555f34456ab0;
 .timescale -9 -12;
P_0x555f34662440 .param/l "gi" 0 4 135, +C4<0111000100>;
S_0x555f34662500 .scope generate, "g_unflat_final[453]" "g_unflat_final[453]" 4 135, 4 135 0, S_0x555f34456ab0;
 .timescale -9 -12;
P_0x555f34662700 .param/l "gi" 0 4 135, +C4<0111000101>;
S_0x555f346627c0 .scope generate, "g_unflat_final[454]" "g_unflat_final[454]" 4 135, 4 135 0, S_0x555f34456ab0;
 .timescale -9 -12;
P_0x555f346629c0 .param/l "gi" 0 4 135, +C4<0111000110>;
S_0x555f34662a80 .scope generate, "g_unflat_final[455]" "g_unflat_final[455]" 4 135, 4 135 0, S_0x555f34456ab0;
 .timescale -9 -12;
P_0x555f34662c80 .param/l "gi" 0 4 135, +C4<0111000111>;
S_0x555f34662d40 .scope generate, "g_unflat_final[456]" "g_unflat_final[456]" 4 135, 4 135 0, S_0x555f34456ab0;
 .timescale -9 -12;
P_0x555f34662f40 .param/l "gi" 0 4 135, +C4<0111001000>;
S_0x555f34663000 .scope generate, "g_unflat_final[457]" "g_unflat_final[457]" 4 135, 4 135 0, S_0x555f34456ab0;
 .timescale -9 -12;
P_0x555f34663200 .param/l "gi" 0 4 135, +C4<0111001001>;
S_0x555f346632c0 .scope generate, "g_unflat_final[458]" "g_unflat_final[458]" 4 135, 4 135 0, S_0x555f34456ab0;
 .timescale -9 -12;
P_0x555f346634c0 .param/l "gi" 0 4 135, +C4<0111001010>;
S_0x555f34663580 .scope generate, "g_unflat_final[459]" "g_unflat_final[459]" 4 135, 4 135 0, S_0x555f34456ab0;
 .timescale -9 -12;
P_0x555f34663780 .param/l "gi" 0 4 135, +C4<0111001011>;
S_0x555f34663840 .scope generate, "g_unflat_final[460]" "g_unflat_final[460]" 4 135, 4 135 0, S_0x555f34456ab0;
 .timescale -9 -12;
P_0x555f34663a40 .param/l "gi" 0 4 135, +C4<0111001100>;
S_0x555f34663b00 .scope generate, "g_unflat_final[461]" "g_unflat_final[461]" 4 135, 4 135 0, S_0x555f34456ab0;
 .timescale -9 -12;
P_0x555f34663d00 .param/l "gi" 0 4 135, +C4<0111001101>;
S_0x555f34663dc0 .scope generate, "g_unflat_final[462]" "g_unflat_final[462]" 4 135, 4 135 0, S_0x555f34456ab0;
 .timescale -9 -12;
P_0x555f34663fc0 .param/l "gi" 0 4 135, +C4<0111001110>;
S_0x555f34664080 .scope generate, "g_unflat_final[463]" "g_unflat_final[463]" 4 135, 4 135 0, S_0x555f34456ab0;
 .timescale -9 -12;
P_0x555f34664280 .param/l "gi" 0 4 135, +C4<0111001111>;
S_0x555f34664340 .scope generate, "g_unflat_final[464]" "g_unflat_final[464]" 4 135, 4 135 0, S_0x555f34456ab0;
 .timescale -9 -12;
P_0x555f34664540 .param/l "gi" 0 4 135, +C4<0111010000>;
S_0x555f34664600 .scope generate, "g_unflat_final[465]" "g_unflat_final[465]" 4 135, 4 135 0, S_0x555f34456ab0;
 .timescale -9 -12;
P_0x555f34664800 .param/l "gi" 0 4 135, +C4<0111010001>;
S_0x555f346648c0 .scope generate, "g_unflat_final[466]" "g_unflat_final[466]" 4 135, 4 135 0, S_0x555f34456ab0;
 .timescale -9 -12;
P_0x555f34664ac0 .param/l "gi" 0 4 135, +C4<0111010010>;
S_0x555f34664b80 .scope generate, "g_unflat_final[467]" "g_unflat_final[467]" 4 135, 4 135 0, S_0x555f34456ab0;
 .timescale -9 -12;
P_0x555f34664d80 .param/l "gi" 0 4 135, +C4<0111010011>;
S_0x555f34664e40 .scope generate, "g_unflat_final[468]" "g_unflat_final[468]" 4 135, 4 135 0, S_0x555f34456ab0;
 .timescale -9 -12;
P_0x555f34665040 .param/l "gi" 0 4 135, +C4<0111010100>;
S_0x555f34665100 .scope generate, "g_unflat_final[469]" "g_unflat_final[469]" 4 135, 4 135 0, S_0x555f34456ab0;
 .timescale -9 -12;
P_0x555f34665300 .param/l "gi" 0 4 135, +C4<0111010101>;
S_0x555f346653c0 .scope generate, "g_unflat_final[470]" "g_unflat_final[470]" 4 135, 4 135 0, S_0x555f34456ab0;
 .timescale -9 -12;
P_0x555f346655c0 .param/l "gi" 0 4 135, +C4<0111010110>;
S_0x555f34665680 .scope generate, "g_unflat_final[471]" "g_unflat_final[471]" 4 135, 4 135 0, S_0x555f34456ab0;
 .timescale -9 -12;
P_0x555f34665880 .param/l "gi" 0 4 135, +C4<0111010111>;
S_0x555f34665940 .scope generate, "g_unflat_final[472]" "g_unflat_final[472]" 4 135, 4 135 0, S_0x555f34456ab0;
 .timescale -9 -12;
P_0x555f34665b40 .param/l "gi" 0 4 135, +C4<0111011000>;
S_0x555f34665c00 .scope generate, "g_unflat_final[473]" "g_unflat_final[473]" 4 135, 4 135 0, S_0x555f34456ab0;
 .timescale -9 -12;
P_0x555f34665e00 .param/l "gi" 0 4 135, +C4<0111011001>;
S_0x555f34665ec0 .scope generate, "g_unflat_final[474]" "g_unflat_final[474]" 4 135, 4 135 0, S_0x555f34456ab0;
 .timescale -9 -12;
P_0x555f346660c0 .param/l "gi" 0 4 135, +C4<0111011010>;
S_0x555f34666180 .scope generate, "g_unflat_final[475]" "g_unflat_final[475]" 4 135, 4 135 0, S_0x555f34456ab0;
 .timescale -9 -12;
P_0x555f34666380 .param/l "gi" 0 4 135, +C4<0111011011>;
S_0x555f34666440 .scope generate, "g_unflat_final[476]" "g_unflat_final[476]" 4 135, 4 135 0, S_0x555f34456ab0;
 .timescale -9 -12;
P_0x555f34666640 .param/l "gi" 0 4 135, +C4<0111011100>;
S_0x555f34666700 .scope generate, "g_unflat_final[477]" "g_unflat_final[477]" 4 135, 4 135 0, S_0x555f34456ab0;
 .timescale -9 -12;
P_0x555f34666900 .param/l "gi" 0 4 135, +C4<0111011101>;
S_0x555f346669c0 .scope generate, "g_unflat_final[478]" "g_unflat_final[478]" 4 135, 4 135 0, S_0x555f34456ab0;
 .timescale -9 -12;
P_0x555f34666bc0 .param/l "gi" 0 4 135, +C4<0111011110>;
S_0x555f34666c80 .scope generate, "g_unflat_final[479]" "g_unflat_final[479]" 4 135, 4 135 0, S_0x555f34456ab0;
 .timescale -9 -12;
P_0x555f34666e80 .param/l "gi" 0 4 135, +C4<0111011111>;
S_0x555f34666f40 .scope generate, "g_unflat_final[480]" "g_unflat_final[480]" 4 135, 4 135 0, S_0x555f34456ab0;
 .timescale -9 -12;
P_0x555f34667140 .param/l "gi" 0 4 135, +C4<0111100000>;
S_0x555f34667200 .scope generate, "g_unflat_final[481]" "g_unflat_final[481]" 4 135, 4 135 0, S_0x555f34456ab0;
 .timescale -9 -12;
P_0x555f34667400 .param/l "gi" 0 4 135, +C4<0111100001>;
S_0x555f346674c0 .scope generate, "g_unflat_final[482]" "g_unflat_final[482]" 4 135, 4 135 0, S_0x555f34456ab0;
 .timescale -9 -12;
P_0x555f346676c0 .param/l "gi" 0 4 135, +C4<0111100010>;
S_0x555f34667780 .scope generate, "g_unflat_final[483]" "g_unflat_final[483]" 4 135, 4 135 0, S_0x555f34456ab0;
 .timescale -9 -12;
P_0x555f34667980 .param/l "gi" 0 4 135, +C4<0111100011>;
S_0x555f34667a40 .scope generate, "g_unflat_final[484]" "g_unflat_final[484]" 4 135, 4 135 0, S_0x555f34456ab0;
 .timescale -9 -12;
P_0x555f34667c40 .param/l "gi" 0 4 135, +C4<0111100100>;
S_0x555f34667d00 .scope generate, "g_unflat_final[485]" "g_unflat_final[485]" 4 135, 4 135 0, S_0x555f34456ab0;
 .timescale -9 -12;
P_0x555f34667f00 .param/l "gi" 0 4 135, +C4<0111100101>;
S_0x555f34667fc0 .scope generate, "g_unflat_final[486]" "g_unflat_final[486]" 4 135, 4 135 0, S_0x555f34456ab0;
 .timescale -9 -12;
P_0x555f346681c0 .param/l "gi" 0 4 135, +C4<0111100110>;
S_0x555f34668280 .scope generate, "g_unflat_final[487]" "g_unflat_final[487]" 4 135, 4 135 0, S_0x555f34456ab0;
 .timescale -9 -12;
P_0x555f34668480 .param/l "gi" 0 4 135, +C4<0111100111>;
S_0x555f34668540 .scope generate, "g_unflat_final[488]" "g_unflat_final[488]" 4 135, 4 135 0, S_0x555f34456ab0;
 .timescale -9 -12;
P_0x555f34668740 .param/l "gi" 0 4 135, +C4<0111101000>;
S_0x555f34668800 .scope generate, "g_unflat_final[489]" "g_unflat_final[489]" 4 135, 4 135 0, S_0x555f34456ab0;
 .timescale -9 -12;
P_0x555f34668a00 .param/l "gi" 0 4 135, +C4<0111101001>;
S_0x555f34668ac0 .scope generate, "g_unflat_final[490]" "g_unflat_final[490]" 4 135, 4 135 0, S_0x555f34456ab0;
 .timescale -9 -12;
P_0x555f34668cc0 .param/l "gi" 0 4 135, +C4<0111101010>;
S_0x555f34668d80 .scope generate, "g_unflat_final[491]" "g_unflat_final[491]" 4 135, 4 135 0, S_0x555f34456ab0;
 .timescale -9 -12;
P_0x555f34668f80 .param/l "gi" 0 4 135, +C4<0111101011>;
S_0x555f34669040 .scope generate, "g_unflat_final[492]" "g_unflat_final[492]" 4 135, 4 135 0, S_0x555f34456ab0;
 .timescale -9 -12;
P_0x555f34669240 .param/l "gi" 0 4 135, +C4<0111101100>;
S_0x555f34669300 .scope generate, "g_unflat_final[493]" "g_unflat_final[493]" 4 135, 4 135 0, S_0x555f34456ab0;
 .timescale -9 -12;
P_0x555f34669500 .param/l "gi" 0 4 135, +C4<0111101101>;
S_0x555f346695c0 .scope generate, "g_unflat_final[494]" "g_unflat_final[494]" 4 135, 4 135 0, S_0x555f34456ab0;
 .timescale -9 -12;
P_0x555f346697c0 .param/l "gi" 0 4 135, +C4<0111101110>;
S_0x555f34669880 .scope generate, "g_unflat_final[495]" "g_unflat_final[495]" 4 135, 4 135 0, S_0x555f34456ab0;
 .timescale -9 -12;
P_0x555f34669a80 .param/l "gi" 0 4 135, +C4<0111101111>;
S_0x555f34669b40 .scope generate, "g_unflat_final[496]" "g_unflat_final[496]" 4 135, 4 135 0, S_0x555f34456ab0;
 .timescale -9 -12;
P_0x555f34669d40 .param/l "gi" 0 4 135, +C4<0111110000>;
S_0x555f34669e00 .scope generate, "g_unflat_final[497]" "g_unflat_final[497]" 4 135, 4 135 0, S_0x555f34456ab0;
 .timescale -9 -12;
P_0x555f3466a000 .param/l "gi" 0 4 135, +C4<0111110001>;
S_0x555f3466a0c0 .scope generate, "g_unflat_final[498]" "g_unflat_final[498]" 4 135, 4 135 0, S_0x555f34456ab0;
 .timescale -9 -12;
P_0x555f3466a2c0 .param/l "gi" 0 4 135, +C4<0111110010>;
S_0x555f3466a380 .scope generate, "g_unflat_final[499]" "g_unflat_final[499]" 4 135, 4 135 0, S_0x555f34456ab0;
 .timescale -9 -12;
P_0x555f3466a580 .param/l "gi" 0 4 135, +C4<0111110011>;
S_0x555f3466a640 .scope generate, "g_unflat_final[500]" "g_unflat_final[500]" 4 135, 4 135 0, S_0x555f34456ab0;
 .timescale -9 -12;
P_0x555f3466a840 .param/l "gi" 0 4 135, +C4<0111110100>;
S_0x555f3466a900 .scope generate, "g_unflat_final[501]" "g_unflat_final[501]" 4 135, 4 135 0, S_0x555f34456ab0;
 .timescale -9 -12;
P_0x555f3466ab00 .param/l "gi" 0 4 135, +C4<0111110101>;
S_0x555f3466abc0 .scope generate, "g_unflat_final[502]" "g_unflat_final[502]" 4 135, 4 135 0, S_0x555f34456ab0;
 .timescale -9 -12;
P_0x555f3466adc0 .param/l "gi" 0 4 135, +C4<0111110110>;
S_0x555f3466ae80 .scope generate, "g_unflat_final[503]" "g_unflat_final[503]" 4 135, 4 135 0, S_0x555f34456ab0;
 .timescale -9 -12;
P_0x555f3466b080 .param/l "gi" 0 4 135, +C4<0111110111>;
S_0x555f3466b140 .scope generate, "g_unflat_final[504]" "g_unflat_final[504]" 4 135, 4 135 0, S_0x555f34456ab0;
 .timescale -9 -12;
P_0x555f3466b340 .param/l "gi" 0 4 135, +C4<0111111000>;
S_0x555f3466b400 .scope generate, "g_unflat_final[505]" "g_unflat_final[505]" 4 135, 4 135 0, S_0x555f34456ab0;
 .timescale -9 -12;
P_0x555f3466b600 .param/l "gi" 0 4 135, +C4<0111111001>;
S_0x555f3466b6c0 .scope generate, "g_unflat_final[506]" "g_unflat_final[506]" 4 135, 4 135 0, S_0x555f34456ab0;
 .timescale -9 -12;
P_0x555f3466b8c0 .param/l "gi" 0 4 135, +C4<0111111010>;
S_0x555f3466b980 .scope generate, "g_unflat_final[507]" "g_unflat_final[507]" 4 135, 4 135 0, S_0x555f34456ab0;
 .timescale -9 -12;
P_0x555f3466bb80 .param/l "gi" 0 4 135, +C4<0111111011>;
S_0x555f3466bc40 .scope generate, "g_unflat_final[508]" "g_unflat_final[508]" 4 135, 4 135 0, S_0x555f34456ab0;
 .timescale -9 -12;
P_0x555f3466be40 .param/l "gi" 0 4 135, +C4<0111111100>;
S_0x555f3466bf00 .scope generate, "g_unflat_final[509]" "g_unflat_final[509]" 4 135, 4 135 0, S_0x555f34456ab0;
 .timescale -9 -12;
P_0x555f3466c100 .param/l "gi" 0 4 135, +C4<0111111101>;
S_0x555f3466c1c0 .scope generate, "g_unflat_final[510]" "g_unflat_final[510]" 4 135, 4 135 0, S_0x555f34456ab0;
 .timescale -9 -12;
P_0x555f3466c3c0 .param/l "gi" 0 4 135, +C4<0111111110>;
S_0x555f3466c480 .scope generate, "g_unflat_final[511]" "g_unflat_final[511]" 4 135, 4 135 0, S_0x555f34456ab0;
 .timescale -9 -12;
P_0x555f34640980 .param/l "gi" 0 4 135, +C4<0111111111>;
S_0x555f34447190 .scope module, "sa_done_generator" "sa_done_generator" 5 7;
 .timescale -9 -12;
    .port_info 0 /INPUT 1 "clk";
    .port_info 1 /INPUT 1 "rst_n";
    .port_info 2 /INPUT 1 "start";
    .port_info 3 /INPUT 8 "latency_cfg";
    .port_info 4 /OUTPUT 1 "done";
P_0x555f3444cb30 .param/l "LATENCY_WIDTH" 0 5 8, +C4<00000000000000000000000000001000>;
v0x555f34678af0_0 .var "active", 0 0;
o0x7f9f6f0288b8 .functor BUFZ 1, C4<z>; HiZ drive
v0x555f34678bd0_0 .net "clk", 0 0, o0x7f9f6f0288b8;  0 drivers
v0x555f34678c90_0 .var "counter", 7 0;
v0x555f34678d50_0 .var "done", 0 0;
o0x7f9f6f028948 .functor BUFZ 8, C4<zzzzzzzz>; HiZ drive
v0x555f34678e10_0 .net "latency_cfg", 7 0, o0x7f9f6f028948;  0 drivers
o0x7f9f6f028978 .functor BUFZ 1, C4<z>; HiZ drive
v0x555f34678ef0_0 .net "rst_n", 0 0, o0x7f9f6f028978;  0 drivers
o0x7f9f6f0289a8 .functor BUFZ 1, C4<z>; HiZ drive
v0x555f34678fb0_0 .net "start", 0 0, o0x7f9f6f0289a8;  0 drivers
E_0x555f34678a70/0 .event negedge, v0x555f34678ef0_0;
E_0x555f34678a70/1 .event posedge, v0x555f34678bd0_0;
E_0x555f34678a70 .event/or E_0x555f34678a70/0, E_0x555f34678a70/1;
S_0x555f34447370 .scope module, "tb_loopback_register" "tb_loopback_register" 6 3;
 .timescale -9 -12;
P_0x555f3461be90 .param/l "DATA_WIDTH" 1 6 5, +C4<00000000000000000000000000001000>;
P_0x555f3461bed0 .param/l "VECTOR_LEN" 1 6 6, +C4<00000000000000000000000000000100>;
v0x555f3467aa30_0 .array/port v0x555f3467aa30, 0;
L_0x555f345fc660 .functor BUFZ 8, v0x555f3467aa30_0, C4<00000000>, C4<00000000>, C4<00000000>;
v0x555f3467aa30_1 .array/port v0x555f3467aa30, 1;
L_0x555f345fcff0 .functor BUFZ 8, v0x555f3467aa30_1, C4<00000000>, C4<00000000>, C4<00000000>;
v0x555f3467aa30_2 .array/port v0x555f3467aa30, 2;
L_0x555f345fd060 .functor BUFZ 8, v0x555f3467aa30_2, C4<00000000>, C4<00000000>, C4<00000000>;
v0x555f3467aa30_3 .array/port v0x555f3467aa30, 3;
L_0x555f345ea3b0 .functor BUFZ 8, v0x555f3467aa30_3, C4<00000000>, C4<00000000>, C4<00000000>;
v0x555f3467a220_0 .array/port v0x555f3467a220, 0;
L_0x555f345f1b60 .functor BUFZ 8, v0x555f3467a220_0, C4<00000000>, C4<00000000>, C4<00000000>;
v0x555f3467a220_1 .array/port v0x555f3467a220, 1;
L_0x555f3469cc70 .functor BUFZ 8, v0x555f3467a220_1, C4<00000000>, C4<00000000>, C4<00000000>;
v0x555f3467a220_2 .array/port v0x555f3467a220, 2;
L_0x555f3469cd80 .functor BUFZ 8, v0x555f3467a220_2, C4<00000000>, C4<00000000>, C4<00000000>;
v0x555f3467a220_3 .array/port v0x555f3467a220, 3;
L_0x555f3469ce20 .functor BUFZ 8, v0x555f3467a220_3, C4<00000000>, C4<00000000>, C4<00000000>;
v0x555f3467a970_0 .var "clk", 0 0;
v0x555f3467aa30 .array "data_in", 3 0, 7 0;
v0x555f3467ab80 .array "data_out", 3 0;
v0x555f3467ab80_0 .net v0x555f3467ab80 0, 7 0, L_0x555f345f1b60; 1 drivers
v0x555f3467ab80_1 .net v0x555f3467ab80 1, 7 0, L_0x555f3469cc70; 1 drivers
v0x555f3467ab80_2 .net v0x555f3467ab80 2, 7 0, L_0x555f3469cd80; 1 drivers
v0x555f3467ab80_3 .net v0x555f3467ab80 3, 7 0, L_0x555f3469ce20; 1 drivers
v0x555f3467ad00_0 .var "en", 0 0;
v0x555f3467add0_0 .var/2s "error_count", 31 0;
v0x555f3467ae90_0 .var "rst_n", 0 0;
v0x555f3467af30_0 .var "valid_in", 0 0;
v0x555f3467b000_0 .net "valid_out", 0 0, v0x555f3467a790_0;  1 drivers
E_0x555f34679110 .event posedge, v0x555f3467a000_0;
E_0x555f34679190 .event negedge, v0x555f3467a000_0;
S_0x555f346791f0 .scope begin, "$ivl_for_loop7" "$ivl_for_loop7" 6 30, 6 30 0, S_0x555f34447370;
 .timescale -9 -12;
v0x555f346793f0_0 .var/2s "i", 31 0;
S_0x555f346794f0 .scope module, "dut" "loopback_register" 6 21, 7 7 0, S_0x555f34447370;
 .timescale -9 -12;
    .port_info 0 /INPUT 1 "clk";
    .port_info 1 /INPUT 1 "rst_n";
    .port_info 2 /INPUT 1 "en";
    .port_info 3 /INPUT 32 "data_in";
    .port_info 4 /INPUT 1 "valid_in";
    .port_info 5 /OUTPUT 32 "data_out";
    .port_info 6 /OUTPUT 1 "valid_out";
P_0x555f346796f0 .param/l "DATA_WIDTH" 0 7 8, +C4<00000000000000000000000000001000>;
P_0x555f34679730 .param/l "FLAT_W" 1 7 21, +C4<00000000000000000000000000100000>;
P_0x555f34679770 .param/l "VECTOR_LEN" 0 7 9, +C4<00000000000000000000000000000100>;
v0x555f3467a000_0 .net "clk", 0 0, v0x555f3467a970_0;  1 drivers
v0x555f3467a0e0 .array "data_in", 3 0;
v0x555f3467a0e0_0 .net v0x555f3467a0e0 0, 7 0, L_0x555f345fc660; 1 drivers
v0x555f3467a0e0_1 .net v0x555f3467a0e0 1, 7 0, L_0x555f345fcff0; 1 drivers
v0x555f3467a0e0_2 .net v0x555f3467a0e0 2, 7 0, L_0x555f345fd060; 1 drivers
v0x555f3467a0e0_3 .net v0x555f3467a0e0 3, 7 0, L_0x555f345ea3b0; 1 drivers
v0x555f3467a220 .array "data_out", 3 0, 7 0;
v0x555f3467a340_0 .var "din_flat", 31 0;
v0x555f3467a420_0 .var "dout_flat", 31 0;
v0x555f3467a550_0 .net "en", 0 0, v0x555f3467ad00_0;  1 drivers
v0x555f3467a610_0 .net "rst_n", 0 0, v0x555f3467ae90_0;  1 drivers
v0x555f3467a6d0_0 .net "valid_in", 0 0, v0x555f3467af30_0;  1 drivers
v0x555f3467a790_0 .var "valid_out", 0 0;
E_0x555f346798f0 .event edge, v0x555f3467a420_0;
E_0x555f34679950/0 .event negedge, v0x555f3467a610_0;
E_0x555f34679950/1 .event posedge, v0x555f3467a000_0;
E_0x555f34679950 .event/or E_0x555f34679950/0, E_0x555f34679950/1;
E_0x555f346799b0 .event edge, v0x555f3467a0e0_0, v0x555f3467a0e0_1, v0x555f3467a0e0_2, v0x555f3467a0e0_3;
S_0x555f34679a20 .scope begin, "$ivl_for_loop3" "$ivl_for_loop3" 7 27, 7 27 0, S_0x555f346794f0;
 .timescale -9 -12;
v0x555f34679c20_0 .var/2s "i", 31 0;
S_0x555f34679d20 .scope begin, "$ivl_for_loop4" "$ivl_for_loop4" 7 42, 7 42 0, S_0x555f346794f0;
 .timescale -9 -12;
v0x555f34679f20_0 .var/2s "i", 31 0;
S_0x555f34466610 .scope module, "weight_pingpong" "weight_pingpong" 8 11;
 .timescale -9 -12;
    .port_info 0 /INPUT 1 "clk";
    .port_info 1 /INPUT 1 "rst_n";
    .port_info 2 /INPUT 1 "buf_sel";
    .port_info 3 /INPUT 1 "load_en";
    .port_info 4 /INPUT 16 "load_data";
    .port_info 5 /OUTPUT 12 "dma_addr";
    .port_info 6 /INPUT 12 "read_addr";
    .port_info 7 /OUTPUT 16 "weight_out";
    .port_info 8 /OUTPUT 1 "load_done";
P_0x555f34401660 .param/l "AW" 1 8 34, +C4<00000000000000000000000000001100>;
P_0x555f344016a0 .param/l "DATA_WIDTH" 0 8 12, +C4<00000000000000000000000000010000>;
P_0x555f344016e0 .param/l "WEIGHT_DEPTH" 0 8 13, +C4<00000000000000000001000000000000>;
L_0x555f3469cf40 .functor BUFZ 12, v0x555f3467bc70_0, C4<000000000000>, C4<000000000000>, C4<000000000000>;
L_0x555f3469d010 .functor BUFZ 1, v0x555f3467bef0_0, C4<0>, C4<0>, C4<0>;
v0x555f3467b3b0_0 .net *"_ivl_10", 15 0, L_0x555f3469d430;  1 drivers
v0x555f3467b4b0_0 .net *"_ivl_12", 13 0, L_0x555f3469d500;  1 drivers
L_0x7f9f6efc10a8 .functor BUFT 1, C4<00>, C4<0>, C4<0>, C4<0>;
v0x555f3467b590_0 .net *"_ivl_15", 1 0, L_0x7f9f6efc10a8;  1 drivers
v0x555f3467b680_0 .net *"_ivl_4", 15 0, L_0x555f3469d0e0;  1 drivers
v0x555f3467b760_0 .net *"_ivl_6", 13 0, L_0x555f3469d1e0;  1 drivers
L_0x7f9f6efc1060 .functor BUFT 1, C4<00>, C4<0>, C4<0>, C4<0>;
v0x555f3467b890_0 .net *"_ivl_9", 1 0, L_0x7f9f6efc1060;  1 drivers
v0x555f3467b970 .array "buf_a", 4095 0, 15 0;
v0x555f3467ba30 .array "buf_b", 4095 0, 15 0;
o0x7f9f6f029278 .functor BUFZ 1, C4<z>; HiZ drive
v0x555f3467baf0_0 .net "buf_sel", 0 0, o0x7f9f6f029278;  0 drivers
o0x7f9f6f0292a8 .functor BUFZ 1, C4<z>; HiZ drive
v0x555f3467bbb0_0 .net "clk", 0 0, o0x7f9f6f0292a8;  0 drivers
v0x555f3467bc70_0 .var "cnt", 11 0;
v0x555f3467bd50_0 .var "counting", 0 0;
v0x555f3467be10_0 .net "dma_addr", 11 0, L_0x555f3469cf40;  1 drivers
v0x555f3467bef0_0 .var "done_r", 0 0;
o0x7f9f6f029398 .functor BUFZ 16, C4<zzzzzzzzzzzzzzzz>; HiZ drive
v0x555f3467bfb0_0 .net "load_data", 15 0, o0x7f9f6f029398;  0 drivers
v0x555f3467c090_0 .net "load_done", 0 0, L_0x555f3469d010;  1 drivers
o0x7f9f6f0293f8 .functor BUFZ 1, C4<z>; HiZ drive
v0x555f3467c150_0 .net "load_en", 0 0, o0x7f9f6f0293f8;  0 drivers
o0x7f9f6f029428 .functor BUFZ 12, C4<zzzzzzzzzzzz>; HiZ drive
v0x555f3467c210_0 .net "read_addr", 11 0, o0x7f9f6f029428;  0 drivers
o0x7f9f6f029458 .functor BUFZ 1, C4<z>; HiZ drive
v0x555f3467c2f0_0 .net "rst_n", 0 0, o0x7f9f6f029458;  0 drivers
v0x555f3467c3b0_0 .net "weight_out", 15 0, L_0x555f3469d6c0;  1 drivers
E_0x555f346798b0/0 .event negedge, v0x555f3467c2f0_0;
E_0x555f346798b0/1 .event posedge, v0x555f3467bbb0_0;
E_0x555f346798b0 .event/or E_0x555f346798b0/0, E_0x555f346798b0/1;
L_0x555f3469d0e0 .array/port v0x555f3467ba30, L_0x555f3469d1e0;
L_0x555f3469d1e0 .concat [ 12 2 0 0], o0x7f9f6f029428, L_0x7f9f6efc1060;
L_0x555f3469d430 .array/port v0x555f3467b970, L_0x555f3469d500;
L_0x555f3469d500 .concat [ 12 2 0 0], o0x7f9f6f029428, L_0x7f9f6efc10a8;
L_0x555f3469d6c0 .functor MUXZ 16, L_0x555f3469d430, L_0x555f3469d0e0, o0x7f9f6f029278, C4<>;
S_0x555f3467b0f0 .scope begin, "$ivl_for_loop5" "$ivl_for_loop5" 8 41, 8 41 0, S_0x555f34466610;
 .timescale -9 -12;
v0x555f3467b2d0_0 .var/2s "i", 31 0;
    .scope S_0x555f34456880;
T_0 ;
Ewait_0 .event/or E_0x555f34423f60, E_0x0;
    %wait Ewait_0;
    %load/vec4 v0x555f345a0be0_0;
    %flag_set/vec4 8;
    %jmp/0xz  T_0.0, 8;
    %fork t_1, S_0x555f3444c080;
    %jmp t_0;
    .scope S_0x555f3444c080;
t_1 ;
    %pushi/vec4 0, 0, 32;
    %store/vec4 v0x555f345fc7c0_0, 0, 32;
T_0.2 ;
    %load/vec4 v0x555f345fc7c0_0;
    %cmpi/s 512, 0, 32;
    %jmp/0xz T_0.3, 5;
    %ix/getv/s 4, v0x555f345fc7c0_0;
    %load/vec4a v0x555f345ea4d0, 4;
    %ix/getv/s 4, v0x555f345fc7c0_0;
    %store/vec4a v0x555f345a05f0, 4, 0;
    ; show_stmt_assign_vector: Get l-value for compressed += operand
    %load/vec4 v0x555f345fc7c0_0;
    %pushi/vec4 1, 0, 32;
    %add;
    %cast2;
    %store/vec4 v0x555f345fc7c0_0, 0, 32;
    %jmp T_0.2;
T_0.3 ;
    %end;
    .scope S_0x555f34456880;
t_0 %join;
    %load/vec4 v0x555f345ea570_0;
    %store/vec4 v0x555f345a0b20_0, 0, 1;
    %jmp T_0.1;
T_0.0 ;
    %fork t_3, S_0x555f3444c260;
    %jmp t_2;
    .scope S_0x555f3444c260;
t_3 ;
    %pushi/vec4 0, 0, 32;
    %store/vec4 v0x555f345fd730_0, 0, 32;
T_0.4 ;
    %load/vec4 v0x555f345fd730_0;
    %cmpi/s 512, 0, 32;
    %jmp/0xz T_0.5, 5;
    %ix/getv/s 4, v0x555f345fd730_0;
    %load/vec4a v0x555f345f1cc0, 4;
    %ix/getv/s 4, v0x555f345fd730_0;
    %store/vec4a v0x555f345a05f0, 4, 0;
    ; show_stmt_assign_vector: Get l-value for compressed += operand
    %load/vec4 v0x555f345fd730_0;
    %pushi/vec4 1, 0, 32;
    %add;
    %cast2;
    %store/vec4 v0x555f345fd730_0, 0, 32;
    %jmp T_0.4;
T_0.5 ;
    %end;
    .scope S_0x555f34456880;
t_2 %join;
    %load/vec4 v0x555f345f1d60_0;
    %store/vec4 v0x555f345a0b20_0, 0, 1;
T_0.1 ;
    %jmp T_0;
    .thread T_0, $push;
    .scope S_0x555f34456880;
T_1 ;
Ewait_1 .event/or E_0x555f3443afc0, E_0x0;
    %wait Ewait_1;
    %fork t_5, S_0x555f3443f920;
    %jmp t_4;
    .scope S_0x555f3443f920;
t_5 ;
    %pushi/vec4 0, 0, 32;
    %store/vec4 v0x555f345fe380_0, 0, 32;
T_1.0 ;
    %load/vec4 v0x555f345fe380_0;
    %cmpi/s 512, 0, 32;
    %jmp/0xz T_1.1, 5;
    %ix/getv/s 4, v0x555f345fe380_0;
    %load/vec4a v0x555f345a05f0, 4;
    %ix/getv/s 4, v0x555f345fe380_0;
    %store/vec4a v0x555f345a1050, 4, 0;
    ; show_stmt_assign_vector: Get l-value for compressed += operand
    %load/vec4 v0x555f345fe380_0;
    %pushi/vec4 1, 0, 32;
    %add;
    %cast2;
    %store/vec4 v0x555f345fe380_0, 0, 32;
    %jmp T_1.0;
T_1.1 ;
    %end;
    .scope S_0x555f34456880;
t_4 %join;
    %jmp T_1;
    .thread T_1, $push;
    .scope S_0x555f34456ab0;
T_2 ;
Ewait_2 .event/or E_0x555f3461c910, E_0x0;
    %wait Ewait_2;
    %fork t_7, S_0x555f3443fb80;
    %jmp t_6;
    .scope S_0x555f3443fb80;
t_7 ;
    %pushi/vec4 0, 0, 32;
    %store/vec4 v0x555f34590cf0_0, 0, 32;
T_2.0 ;
    %load/vec4 v0x555f34590cf0_0;
    %cmpi/s 512, 0, 32;
    %jmp/0xz T_2.1, 5;
    %ix/getv/s 4, v0x555f34590cf0_0;
    %load/vec4a v0x555f34641050, 4;
    %load/vec4 v0x555f34590cf0_0;
    %muli 16, 0, 32;
    %ix/vec4/s 4;
    %store/vec4 v0x555f34672e20_0, 4, 16;
    ; show_stmt_assign_vector: Get l-value for compressed += operand
    %load/vec4 v0x555f34590cf0_0;
    %pushi/vec4 1, 0, 32;
    %add;
    %cast2;
    %store/vec4 v0x555f34590cf0_0, 0, 32;
    %jmp T_2.0;
T_2.1 ;
    %end;
    .scope S_0x555f34456ab0;
t_6 %join;
    %jmp T_2;
    .thread T_2, $push;
    .scope S_0x555f34456ab0;
T_3 ;
Ewait_3 .event/or E_0x555f3461c8d0, E_0x0;
    %wait Ewait_3;
    %load/vec4 v0x555f346787b0_0;
    %flag_set/vec4 8;
    %jmp/0 T_3.0, 8;
    %load/vec4 v0x555f34672e20_0;
    %jmp/1 T_3.1, 8;
T_3.0 ; End of true expr.
    %load/vec4 v0x555f346783b0_0;
    %jmp/0 T_3.1, 8;
 ; End of false expr.
    %blend;
T_3.1;
    %store/vec4 v0x555f34678550_0, 0, 8192;
    %load/vec4 v0x555f346787b0_0;
    %flag_set/vec4 8;
    %jmp/0 T_3.2, 8;
    %load/vec4 v0x555f34672f00_0;
    %jmp/1 T_3.3, 8;
T_3.2 ; End of true expr.
    %load/vec4 v0x555f34678490_0;
    %jmp/0 T_3.3, 8;
 ; End of false expr.
    %blend;
T_3.3;
    %store/vec4 v0x555f34678630_0, 0, 1;
    %jmp T_3;
    .thread T_3, $push;
    .scope S_0x555f34456ab0;
T_4 ;
    %wait E_0x555f3443b5d0;
    %load/vec4 v0x555f346786f0_0;
    %nor/r;
    %flag_set/vec4 8;
    %jmp/0xz  T_4.0, 8;
    %pushi/vec4 0, 0, 1;
    %assign/vec4 v0x555f34640ce0_0, 0;
    %pushi/vec4 0, 0, 8192;
    %assign/vec4 v0x555f34640c20_0, 0;
    %jmp T_4.1;
T_4.0 ;
    %pushi/vec4 0, 0, 1;
    %assign/vec4 v0x555f34640ce0_0, 0;
    %load/vec4 v0x555f34678870_0;
    %load/vec4 v0x555f34678630_0;
    %and;
    %flag_set/vec4 8;
    %jmp/0xz  T_4.2, 8;
    %pushi/vec4 1, 0, 1;
    %assign/vec4 v0x555f34640ce0_0, 0;
    %load/vec4 v0x555f34678550_0;
    %assign/vec4 v0x555f34640c20_0, 0;
T_4.2 ;
T_4.1 ;
    %jmp T_4;
    .thread T_4;
    .scope S_0x555f34456ab0;
T_5 ;
    %wait E_0x555f3443b5d0;
    %load/vec4 v0x555f346786f0_0;
    %nor/r;
    %flag_set/vec4 8;
    %jmp/0xz  T_5.0, 8;
    %pushi/vec4 0, 0, 2;
    %assign/vec4 v0x555f34640f70_0, 0;
    %pushi/vec4 0, 0, 1;
    %assign/vec4 v0x555f346782f0_0, 0;
    %pushi/vec4 0, 0, 8192;
    %assign/vec4 v0x555f34678210_0, 0;
    %jmp T_5.1;
T_5.0 ;
    %pushi/vec4 0, 0, 1;
    %assign/vec4 v0x555f346782f0_0, 0;
    %load/vec4 v0x555f34640ce0_0;
    %flag_set/vec4 8;
    %jmp/0xz  T_5.2, 8;
    %pushi/vec4 2, 0, 2;
    %assign/vec4 v0x555f34640f70_0, 0;
    %jmp T_5.3;
T_5.2 ;
    %load/vec4 v0x555f34640f70_0;
    %cmpi/ne 0, 0, 2;
    %jmp/0xz  T_5.4, 4;
    %load/vec4 v0x555f34640f70_0;
    %subi 1, 0, 2;
    %assign/vec4 v0x555f34640f70_0, 0;
    %load/vec4 v0x555f34640f70_0;
    %cmpi/e 2, 0, 2;
    %jmp/0xz  T_5.6, 4;
    %load/vec4 v0x555f34640c20_0;
    %assign/vec4 v0x555f34678210_0, 0;
    %pushi/vec4 1, 0, 1;
    %assign/vec4 v0x555f346782f0_0, 0;
    %jmp T_5.7;
T_5.6 ;
    %load/vec4 v0x555f34640f70_0;
    %cmpi/e 1, 0, 2;
    %jmp/0xz  T_5.8, 4;
    %pushi/vec4 1, 0, 1;
    %assign/vec4 v0x555f346782f0_0, 0;
T_5.8 ;
T_5.7 ;
T_5.4 ;
T_5.3 ;
T_5.1 ;
    %jmp T_5;
    .thread T_5;
    .scope S_0x555f34456ab0;
T_6 ;
    %wait E_0x555f3443b5d0;
    %load/vec4 v0x555f346786f0_0;
    %nor/r;
    %flag_set/vec4 8;
    %jmp/0xz  T_6.0, 8;
    %pushi/vec4 0, 0, 1;
    %assign/vec4 v0x555f34678490_0, 0;
    %pushi/vec4 0, 0, 8192;
    %assign/vec4 v0x555f346783b0_0, 0;
    %jmp T_6.1;
T_6.0 ;
    %load/vec4 v0x555f34640da0_0;
    %load/vec4 v0x555f346782f0_0;
    %and;
    %flag_set/vec4 8;
    %jmp/0xz  T_6.2, 8;
    %pushi/vec4 1, 0, 1;
    %assign/vec4 v0x555f34678490_0, 0;
    %load/vec4 v0x555f34678210_0;
    %assign/vec4 v0x555f346783b0_0, 0;
T_6.2 ;
T_6.1 ;
    %jmp T_6;
    .thread T_6;
    .scope S_0x555f34447190;
T_7 ;
    %wait E_0x555f34678a70;
    %load/vec4 v0x555f34678ef0_0;
    %nor/r;
    %flag_set/vec4 8;
    %jmp/0xz  T_7.0, 8;
    %pushi/vec4 0, 0, 8;
    %assign/vec4 v0x555f34678c90_0, 0;
    %pushi/vec4 0, 0, 1;
    %assign/vec4 v0x555f34678af0_0, 0;
    %pushi/vec4 0, 0, 1;
    %assign/vec4 v0x555f34678d50_0, 0;
    %jmp T_7.1;
T_7.0 ;
    %pushi/vec4 0, 0, 1;
    %assign/vec4 v0x555f34678d50_0, 0;
    %load/vec4 v0x555f34678fb0_0;
    %flag_set/vec4 8;
    %jmp/0xz  T_7.2, 8;
    %load/vec4 v0x555f34678e10_0;
    %subi 1, 0, 8;
    %assign/vec4 v0x555f34678c90_0, 0;
    %pushi/vec4 1, 0, 1;
    %assign/vec4 v0x555f34678af0_0, 0;
    %jmp T_7.3;
T_7.2 ;
    %load/vec4 v0x555f34678af0_0;
    %flag_set/vec4 8;
    %jmp/0xz  T_7.4, 8;
    %load/vec4 v0x555f34678c90_0;
    %cmpi/e 0, 0, 8;
    %jmp/0xz  T_7.6, 4;
    %pushi/vec4 1, 0, 1;
    %assign/vec4 v0x555f34678d50_0, 0;
    %pushi/vec4 0, 0, 1;
    %assign/vec4 v0x555f34678af0_0, 0;
    %jmp T_7.7;
T_7.6 ;
    %load/vec4 v0x555f34678c90_0;
    %subi 1, 0, 8;
    %assign/vec4 v0x555f34678c90_0, 0;
T_7.7 ;
T_7.4 ;
T_7.3 ;
T_7.1 ;
    %jmp T_7;
    .thread T_7;
    .scope S_0x555f346794f0;
T_8 ;
    %wait E_0x555f346799b0;
    %fork t_9, S_0x555f34679a20;
    %jmp t_8;
    .scope S_0x555f34679a20;
t_9 ;
    %pushi/vec4 0, 0, 32;
    %store/vec4 v0x555f34679c20_0, 0, 32;
T_8.0 ;
    %load/vec4 v0x555f34679c20_0;
    %cmpi/s 4, 0, 32;
    %jmp/0xz T_8.1, 5;
    %ix/getv/s 4, v0x555f34679c20_0;
    %load/vec4a v0x555f3467a0e0, 4;
    %load/vec4 v0x555f34679c20_0;
    %muli 8, 0, 32;
    %ix/vec4/s 4;
    %store/vec4 v0x555f3467a340_0, 4, 8;
    ; show_stmt_assign_vector: Get l-value for compressed += operand
    %load/vec4 v0x555f34679c20_0;
    %pushi/vec4 1, 0, 32;
    %add;
    %cast2;
    %store/vec4 v0x555f34679c20_0, 0, 32;
    %jmp T_8.0;
T_8.1 ;
    %end;
    .scope S_0x555f346794f0;
t_8 %join;
    %jmp T_8;
    .thread T_8, $push;
    .scope S_0x555f346794f0;
T_9 ;
    %wait E_0x555f34679950;
    %load/vec4 v0x555f3467a610_0;
    %nor/r;
    %flag_set/vec4 8;
    %jmp/0xz  T_9.0, 8;
    %pushi/vec4 0, 0, 1;
    %assign/vec4 v0x555f3467a790_0, 0;
    %pushi/vec4 0, 0, 32;
    %assign/vec4 v0x555f3467a420_0, 0;
    %jmp T_9.1;
T_9.0 ;
    %load/vec4 v0x555f3467a550_0;
    %flag_set/vec4 8;
    %jmp/0xz  T_9.2, 8;
    %load/vec4 v0x555f3467a6d0_0;
    %assign/vec4 v0x555f3467a790_0, 0;
    %load/vec4 v0x555f3467a340_0;
    %assign/vec4 v0x555f3467a420_0, 0;
T_9.2 ;
T_9.1 ;
    %jmp T_9;
    .thread T_9;
    .scope S_0x555f346794f0;
T_10 ;
    %wait E_0x555f346798f0;
    %fork t_11, S_0x555f34679d20;
    %jmp t_10;
    .scope S_0x555f34679d20;
t_11 ;
    %pushi/vec4 0, 0, 32;
    %store/vec4 v0x555f34679f20_0, 0, 32;
T_10.0 ;
    %load/vec4 v0x555f34679f20_0;
    %cmpi/s 4, 0, 32;
    %jmp/0xz T_10.1, 5;
    %load/vec4 v0x555f3467a420_0;
    %load/vec4 v0x555f34679f20_0;
    %muli 8, 0, 32;
    %part/s 8;
    %ix/getv/s 4, v0x555f34679f20_0;
    %store/vec4a v0x555f3467a220, 4, 0;
    ; show_stmt_assign_vector: Get l-value for compressed += operand
    %load/vec4 v0x555f34679f20_0;
    %pushi/vec4 1, 0, 32;
    %add;
    %cast2;
    %store/vec4 v0x555f34679f20_0, 0, 32;
    %jmp T_10.0;
T_10.1 ;
    %end;
    .scope S_0x555f346794f0;
t_10 %join;
    %jmp T_10;
    .thread T_10, $push;
    .scope S_0x555f34447370;
T_11 ;
    %pushi/vec4 0, 0, 1;
    %store/vec4 v0x555f3467a970_0, 0, 1;
    %pushi/vec4 0, 0, 32;
    %store/vec4 v0x555f3467add0_0, 0, 32;
    %end;
    .thread T_11, $init;
    .scope S_0x555f34447370;
T_12 ;
    %delay 5000, 0;
    %load/vec4 v0x555f3467a970_0;
    %inv;
    %store/vec4 v0x555f3467a970_0, 0, 1;
    %jmp T_12;
    .thread T_12;
    .scope S_0x555f34447370;
T_13 ;
    %delay 1000, 0;
    %pushi/vec4 0, 0, 1;
    %store/vec4 v0x555f3467ae90_0, 0, 1;
    %pushi/vec4 0, 0, 1;
    %store/vec4 v0x555f3467ad00_0, 0, 1;
    %pushi/vec4 0, 0, 1;
    %store/vec4 v0x555f3467af30_0, 0, 1;
    %fork t_13, S_0x555f346791f0;
    %jmp t_12;
    .scope S_0x555f346791f0;
t_13 ;
    %pushi/vec4 0, 0, 32;
    %store/vec4 v0x555f346793f0_0, 0, 32;
T_13.0 ;
    %load/vec4 v0x555f346793f0_0;
    %cmpi/s 4, 0, 32;
    %jmp/0xz T_13.1, 5;
    %pushi/vec4 0, 0, 8;
    %ix/getv/s 4, v0x555f346793f0_0;
    %store/vec4a v0x555f3467aa30, 4, 0;
    ; show_stmt_assign_vector: Get l-value for compressed += operand
    %load/vec4 v0x555f346793f0_0;
    %pushi/vec4 1, 0, 32;
    %add;
    %cast2;
    %store/vec4 v0x555f346793f0_0, 0, 32;
    %jmp T_13.0;
T_13.1 ;
    %end;
    .scope S_0x555f34447370;
t_12 %join;
    %delay 11000, 0;
    %pushi/vec4 1, 0, 1;
    %store/vec4 v0x555f3467ae90_0, 0, 1;
    %wait E_0x555f34679190;
    %pushi/vec4 16, 0, 8;
    %ix/load 4, 0, 0;
    %flag_set/imm 4, 0;
    %store/vec4a v0x555f3467aa30, 4, 0;
    %pushi/vec4 32, 0, 8;
    %ix/load 4, 1, 0;
    %flag_set/imm 4, 0;
    %store/vec4a v0x555f3467aa30, 4, 0;
    %pushi/vec4 48, 0, 8;
    %ix/load 4, 2, 0;
    %flag_set/imm 4, 0;
    %store/vec4a v0x555f3467aa30, 4, 0;
    %pushi/vec4 64, 0, 8;
    %ix/load 4, 3, 0;
    %flag_set/imm 4, 0;
    %store/vec4a v0x555f3467aa30, 4, 0;
    %pushi/vec4 1, 0, 1;
    %store/vec4 v0x555f3467af30_0, 0, 1;
    %pushi/vec4 1, 0, 1;
    %store/vec4 v0x555f3467ad00_0, 0, 1;
    %wait E_0x555f34679110;
    %delay 1000, 0;
    %ix/load 4, 0, 0;
    %flag_set/imm 4, 0;
    %load/vec4a v0x555f3467ab80, 4;
    %cmpi/ne 16, 0, 8;
    %flag_mov 8, 6;
    %ix/load 4, 3, 0;
    %flag_set/imm 4, 0;
    %load/vec4a v0x555f3467ab80, 4;
    %cmpi/ne 64, 0, 8;
    %flag_or 6, 8;
    %flag_mov 8, 6;
    %load/vec4 v0x555f3467b000_0;
    %cmpi/ne 1, 0, 1;
    %flag_or 6, 8;
    %jmp/0xz  T_13.2, 6;
    %vpi_call/w 6 41 "$error", "test1 failed: data_out(%h,%h) or valid_out(%b) incorrect", v0x555f3467ab80_0, v0x555f3467ab80_3, v0x555f3467b000_0 {0 0 0};
    ; show_stmt_assign_vector: Get l-value for compressed += operand
    %load/vec4 v0x555f3467add0_0;
    %pushi/vec4 1, 0, 32;
    %add;
    %cast2;
    %store/vec4 v0x555f3467add0_0, 0, 32;
T_13.2 ;
    %wait E_0x555f34679190;
    %pushi/vec4 255, 0, 8;
    %ix/load 4, 0, 0;
    %flag_set/imm 4, 0;
    %store/vec4a v0x555f3467aa30, 4, 0;
    %pushi/vec4 0, 0, 1;
    %store/vec4 v0x555f3467af30_0, 0, 1;
    %pushi/vec4 0, 0, 1;
    %store/vec4 v0x555f3467ad00_0, 0, 1;
    %wait E_0x555f34679110;
    %delay 1000, 0;
    %ix/load 4, 0, 0;
    %flag_set/imm 4, 0;
    %load/vec4a v0x555f3467ab80, 4;
    %cmpi/ne 16, 0, 8;
    %jmp/0xz  T_13.4, 6;
    %vpi_call/w 6 53 "$error", "test2 failed: data changed while en=0 (%h)", v0x555f3467ab80_0 {0 0 0};
    ; show_stmt_assign_vector: Get l-value for compressed += operand
    %load/vec4 v0x555f3467add0_0;
    %pushi/vec4 1, 0, 32;
    %add;
    %cast2;
    %store/vec4 v0x555f3467add0_0, 0, 32;
T_13.4 ;
    %wait E_0x555f34679190;
    %pushi/vec4 0, 0, 1;
    %store/vec4 v0x555f3467ae90_0, 0, 1;
    %wait E_0x555f34679110;
    %delay 1000, 0;
    %ix/load 4, 0, 0;
    %flag_set/imm 4, 0;
    %load/vec4a v0x555f3467ab80, 4;
    %cmpi/ne 0, 0, 8;
    %flag_mov 8, 6;
    %load/vec4 v0x555f3467b000_0;
    %cmpi/ne 0, 0, 1;
    %flag_or 6, 8;
    %jmp/0xz  T_13.6, 6;
    %vpi_call/w 6 61 "$error", "test3 failed: reset did not work" {0 0 0};
    ; show_stmt_assign_vector: Get l-value for compressed += operand
    %load/vec4 v0x555f3467add0_0;
    %pushi/vec4 1, 0, 32;
    %add;
    %cast2;
    %store/vec4 v0x555f3467add0_0, 0, 32;
T_13.6 ;
    %load/vec4 v0x555f3467add0_0;
    %cmpi/e 0, 0, 32;
    %jmp/0xz  T_13.8, 4;
    %vpi_call/w 6 66 "$display", "PASS: tb_loopback_register - all tests passed" {0 0 0};
    %jmp T_13.9;
T_13.8 ;
    %vpi_call/w 6 68 "$error", "FAIL: tb_loopback_register - %0d errors", v0x555f3467add0_0 {0 0 0};
T_13.9 ;
    %vpi_call/w 6 70 "$finish" {0 0 0};
    %end;
    .thread T_13;
    .scope S_0x555f34466610;
T_14 ;
    %fork t_15, S_0x555f3467b0f0;
    %jmp t_14;
    .scope S_0x555f3467b0f0;
t_15 ;
    %pushi/vec4 0, 0, 32;
    %store/vec4 v0x555f3467b2d0_0, 0, 32;
T_14.0 ;
    %load/vec4 v0x555f3467b2d0_0;
    %cmpi/s 4096, 0, 32;
    %jmp/0xz T_14.1, 5;
    %pushi/vec4 0, 0, 16;
    %ix/getv/s 4, v0x555f3467b2d0_0;
    %store/vec4a v0x555f3467b970, 4, 0;
    %pushi/vec4 0, 0, 16;
    %ix/getv/s 4, v0x555f3467b2d0_0;
    %store/vec4a v0x555f3467ba30, 4, 0;
    ; show_stmt_assign_vector: Get l-value for compressed += operand
    %load/vec4 v0x555f3467b2d0_0;
    %pushi/vec4 1, 0, 32;
    %add;
    %cast2;
    %store/vec4 v0x555f3467b2d0_0, 0, 32;
    %jmp T_14.0;
T_14.1 ;
    %end;
    .scope S_0x555f34466610;
t_14 %join;
    %end;
    .thread T_14;
    .scope S_0x555f34466610;
T_15 ;
    %wait E_0x555f346798b0;
    %load/vec4 v0x555f3467c2f0_0;
    %nor/r;
    %flag_set/vec4 8;
    %jmp/0xz  T_15.0, 8;
    %pushi/vec4 0, 0, 12;
    %assign/vec4 v0x555f3467bc70_0, 0;
    %pushi/vec4 0, 0, 1;
    %assign/vec4 v0x555f3467bd50_0, 0;
    %pushi/vec4 0, 0, 1;
    %assign/vec4 v0x555f3467bef0_0, 0;
    %jmp T_15.1;
T_15.0 ;
    %pushi/vec4 0, 0, 1;
    %assign/vec4 v0x555f3467bef0_0, 0;
    %load/vec4 v0x555f3467c150_0;
    %flag_set/vec4 8;
    %jmp/0xz  T_15.2, 8;
    %load/vec4 v0x555f3467baf0_0;
    %flag_set/vec4 8;
    %jmp/0xz  T_15.4, 8;
    %load/vec4 v0x555f3467bfb0_0;
    %load/vec4 v0x555f3467bc70_0;
    %pad/u 14;
    %ix/vec4 3;
    %ix/load 4, 0, 0; Constant delay
    %assign/vec4/a/d v0x555f3467b970, 0, 4;
    %jmp T_15.5;
T_15.4 ;
    %load/vec4 v0x555f3467bfb0_0;
    %load/vec4 v0x555f3467bc70_0;
    %pad/u 14;
    %ix/vec4 3;
    %ix/load 4, 0, 0; Constant delay
    %assign/vec4/a/d v0x555f3467ba30, 0, 4;
T_15.5 ;
T_15.2 ;
    %load/vec4 v0x555f3467c150_0;
    %load/vec4 v0x555f3467bd50_0;
    %nor/r;
    %and;
    %flag_set/vec4 8;
    %jmp/0xz  T_15.6, 8;
    %pushi/vec4 1, 0, 1;
    %assign/vec4 v0x555f3467bd50_0, 0;
    %jmp T_15.7;
T_15.6 ;
    %load/vec4 v0x555f3467bd50_0;
    %flag_set/vec4 8;
    %jmp/0xz  T_15.8, 8;
    %load/vec4 v0x555f3467bc70_0;
    %cmpi/e 4095, 0, 12;
    %jmp/0xz  T_15.10, 4;
    %pushi/vec4 0, 0, 12;
    %assign/vec4 v0x555f3467bc70_0, 0;
    %pushi/vec4 0, 0, 1;
    %assign/vec4 v0x555f3467bd50_0, 0;
    %pushi/vec4 1, 0, 1;
    %assign/vec4 v0x555f3467bef0_0, 0;
    %jmp T_15.11;
T_15.10 ;
    %load/vec4 v0x555f3467bc70_0;
    %addi 1, 0, 12;
    %assign/vec4 v0x555f3467bc70_0, 0;
T_15.11 ;
T_15.8 ;
T_15.7 ;
T_15.1 ;
    %jmp T_15;
    .thread T_15;
# The file index is used to find the file name in the following table.
:file_names 9;
    "N/A";
    "<interactive>";
    "-";
    "rtl/recurrent/layer_loopback_mux.sv";
    "rtl/top/recurrent_datapath.sv";
    "rtl/recurrent/sa_done_generator.sv";
    "tb/tb_loopback_register.sv";
    "rtl/recurrent/loopback_register.sv";
    "rtl/recurrent/weight_pingpong.sv";
