#! /usr/bin/vvp
:ivl_version "11.0 (stable)";
:ivl_delay_selection "TYPICAL";
:vpi_time_precision - 12;
:vpi_module "/usr/lib/x86_64-linux-gnu/ivl/system.vpi";
:vpi_module "/usr/lib/x86_64-linux-gnu/ivl/vhdl_sys.vpi";
:vpi_module "/usr/lib/x86_64-linux-gnu/ivl/vhdl_textio.vpi";
:vpi_module "/usr/lib/x86_64-linux-gnu/ivl/v2005_math.vpi";
:vpi_module "/usr/lib/x86_64-linux-gnu/ivl/va_math.vpi";
:vpi_module "/usr/lib/x86_64-linux-gnu/ivl/v2009.vpi";
S_0x5574535e9c70 .scope package, "$unit" "$unit" 2 1;
 .timescale 0 0;
S_0x5574535b1490 .scope module, "loopback_register" "loopback_register" 3 7;
 .timescale -9 -12;
    .port_info 0 /INPUT 1 "clk";
    .port_info 1 /INPUT 1 "rst_n";
    .port_info 2 /INPUT 1 "en";
    .port_info 3 /INPUT 8192 "data_in";
    .port_info 4 /INPUT 1 "valid_in";
    .port_info 5 /OUTPUT 8192 "data_out";
    .port_info 6 /OUTPUT 1 "valid_out";
P_0x5574533de660 .param/l "DATA_WIDTH" 0 3 8, +C4<00000000000000000000000000010000>;
P_0x5574533de6a0 .param/l "FLAT_W" 1 3 21, +C4<00000000000000000010000000000000>;
P_0x5574533de6e0 .param/l "VECTOR_LEN" 0 3 9, +C4<00000000000000000000001000000000>;
o0x7f4e40ae4078 .functor BUFZ 1, C4<z>; HiZ drive
v0x557453429c80_0 .net "clk", 0 0, o0x7f4e40ae4078;  0 drivers
o0x7f4e40ae40a8 .functor BUFZ 16, C4<zzzzzzzzzzzzzzzz>; HiZ drive
v0x5574535b9660 .array "data_in", 511 0;
v0x5574535b9660_0 .net v0x5574535b9660 0, 15 0, o0x7f4e40ae40a8; 0 drivers
o0x7f4e40ae40d8 .functor BUFZ 16, C4<zzzzzzzzzzzzzzzz>; HiZ drive
v0x5574535b9660_1 .net v0x5574535b9660 1, 15 0, o0x7f4e40ae40d8; 0 drivers
o0x7f4e40ae4108 .functor BUFZ 16, C4<zzzzzzzzzzzzzzzz>; HiZ drive
v0x5574535b9660_2 .net v0x5574535b9660 2, 15 0, o0x7f4e40ae4108; 0 drivers
o0x7f4e40ae4138 .functor BUFZ 16, C4<zzzzzzzzzzzzzzzz>; HiZ drive
v0x5574535b9660_3 .net v0x5574535b9660 3, 15 0, o0x7f4e40ae4138; 0 drivers
o0x7f4e40ae4168 .functor BUFZ 16, C4<zzzzzzzzzzzzzzzz>; HiZ drive
v0x5574535b9660_4 .net v0x5574535b9660 4, 15 0, o0x7f4e40ae4168; 0 drivers
o0x7f4e40ae4198 .functor BUFZ 16, C4<zzzzzzzzzzzzzzzz>; HiZ drive
v0x5574535b9660_5 .net v0x5574535b9660 5, 15 0, o0x7f4e40ae4198; 0 drivers
o0x7f4e40ae41c8 .functor BUFZ 16, C4<zzzzzzzzzzzzzzzz>; HiZ drive
v0x5574535b9660_6 .net v0x5574535b9660 6, 15 0, o0x7f4e40ae41c8; 0 drivers
o0x7f4e40ae41f8 .functor BUFZ 16, C4<zzzzzzzzzzzzzzzz>; HiZ drive
v0x5574535b9660_7 .net v0x5574535b9660 7, 15 0, o0x7f4e40ae41f8; 0 drivers
o0x7f4e40ae4228 .functor BUFZ 16, C4<zzzzzzzzzzzzzzzz>; HiZ drive
v0x5574535b9660_8 .net v0x5574535b9660 8, 15 0, o0x7f4e40ae4228; 0 drivers
o0x7f4e40ae4258 .functor BUFZ 16, C4<zzzzzzzzzzzzzzzz>; HiZ drive
v0x5574535b9660_9 .net v0x5574535b9660 9, 15 0, o0x7f4e40ae4258; 0 drivers
o0x7f4e40ae4288 .functor BUFZ 16, C4<zzzzzzzzzzzzzzzz>; HiZ drive
v0x5574535b9660_10 .net v0x5574535b9660 10, 15 0, o0x7f4e40ae4288; 0 drivers
o0x7f4e40ae42b8 .functor BUFZ 16, C4<zzzzzzzzzzzzzzzz>; HiZ drive
v0x5574535b9660_11 .net v0x5574535b9660 11, 15 0, o0x7f4e40ae42b8; 0 drivers
o0x7f4e40ae42e8 .functor BUFZ 16, C4<zzzzzzzzzzzzzzzz>; HiZ drive
v0x5574535b9660_12 .net v0x5574535b9660 12, 15 0, o0x7f4e40ae42e8; 0 drivers
o0x7f4e40ae4318 .functor BUFZ 16, C4<zzzzzzzzzzzzzzzz>; HiZ drive
v0x5574535b9660_13 .net v0x5574535b9660 13, 15 0, o0x7f4e40ae4318; 0 drivers
o0x7f4e40ae4348 .functor BUFZ 16, C4<zzzzzzzzzzzzzzzz>; HiZ drive
v0x5574535b9660_14 .net v0x5574535b9660 14, 15 0, o0x7f4e40ae4348; 0 drivers
o0x7f4e40ae4378 .functor BUFZ 16, C4<zzzzzzzzzzzzzzzz>; HiZ drive
v0x5574535b9660_15 .net v0x5574535b9660 15, 15 0, o0x7f4e40ae4378; 0 drivers
o0x7f4e40ae43a8 .functor BUFZ 16, C4<zzzzzzzzzzzzzzzz>; HiZ drive
v0x5574535b9660_16 .net v0x5574535b9660 16, 15 0, o0x7f4e40ae43a8; 0 drivers
o0x7f4e40ae43d8 .functor BUFZ 16, C4<zzzzzzzzzzzzzzzz>; HiZ drive
v0x5574535b9660_17 .net v0x5574535b9660 17, 15 0, o0x7f4e40ae43d8; 0 drivers
o0x7f4e40ae4408 .functor BUFZ 16, C4<zzzzzzzzzzzzzzzz>; HiZ drive
v0x5574535b9660_18 .net v0x5574535b9660 18, 15 0, o0x7f4e40ae4408; 0 drivers
o0x7f4e40ae4438 .functor BUFZ 16, C4<zzzzzzzzzzzzzzzz>; HiZ drive
v0x5574535b9660_19 .net v0x5574535b9660 19, 15 0, o0x7f4e40ae4438; 0 drivers
o0x7f4e40ae4468 .functor BUFZ 16, C4<zzzzzzzzzzzzzzzz>; HiZ drive
v0x5574535b9660_20 .net v0x5574535b9660 20, 15 0, o0x7f4e40ae4468; 0 drivers
o0x7f4e40ae4498 .functor BUFZ 16, C4<zzzzzzzzzzzzzzzz>; HiZ drive
v0x5574535b9660_21 .net v0x5574535b9660 21, 15 0, o0x7f4e40ae4498; 0 drivers
o0x7f4e40ae44c8 .functor BUFZ 16, C4<zzzzzzzzzzzzzzzz>; HiZ drive
v0x5574535b9660_22 .net v0x5574535b9660 22, 15 0, o0x7f4e40ae44c8; 0 drivers
o0x7f4e40ae44f8 .functor BUFZ 16, C4<zzzzzzzzzzzzzzzz>; HiZ drive
v0x5574535b9660_23 .net v0x5574535b9660 23, 15 0, o0x7f4e40ae44f8; 0 drivers
o0x7f4e40ae4528 .functor BUFZ 16, C4<zzzzzzzzzzzzzzzz>; HiZ drive
v0x5574535b9660_24 .net v0x5574535b9660 24, 15 0, o0x7f4e40ae4528; 0 drivers
o0x7f4e40ae4558 .functor BUFZ 16, C4<zzzzzzzzzzzzzzzz>; HiZ drive
v0x5574535b9660_25 .net v0x5574535b9660 25, 15 0, o0x7f4e40ae4558; 0 drivers
o0x7f4e40ae4588 .functor BUFZ 16, C4<zzzzzzzzzzzzzzzz>; HiZ drive
v0x5574535b9660_26 .net v0x5574535b9660 26, 15 0, o0x7f4e40ae4588; 0 drivers
o0x7f4e40ae45b8 .functor BUFZ 16, C4<zzzzzzzzzzzzzzzz>; HiZ drive
v0x5574535b9660_27 .net v0x5574535b9660 27, 15 0, o0x7f4e40ae45b8; 0 drivers
o0x7f4e40ae45e8 .functor BUFZ 16, C4<zzzzzzzzzzzzzzzz>; HiZ drive
v0x5574535b9660_28 .net v0x5574535b9660 28, 15 0, o0x7f4e40ae45e8; 0 drivers
o0x7f4e40ae4618 .functor BUFZ 16, C4<zzzzzzzzzzzzzzzz>; HiZ drive
v0x5574535b9660_29 .net v0x5574535b9660 29, 15 0, o0x7f4e40ae4618; 0 drivers
o0x7f4e40ae4648 .functor BUFZ 16, C4<zzzzzzzzzzzzzzzz>; HiZ drive
v0x5574535b9660_30 .net v0x5574535b9660 30, 15 0, o0x7f4e40ae4648; 0 drivers
o0x7f4e40ae4678 .functor BUFZ 16, C4<zzzzzzzzzzzzzzzz>; HiZ drive
v0x5574535b9660_31 .net v0x5574535b9660 31, 15 0, o0x7f4e40ae4678; 0 drivers
o0x7f4e40ae46a8 .functor BUFZ 16, C4<zzzzzzzzzzzzzzzz>; HiZ drive
v0x5574535b9660_32 .net v0x5574535b9660 32, 15 0, o0x7f4e40ae46a8; 0 drivers
o0x7f4e40ae46d8 .functor BUFZ 16, C4<zzzzzzzzzzzzzzzz>; HiZ drive
v0x5574535b9660_33 .net v0x5574535b9660 33, 15 0, o0x7f4e40ae46d8; 0 drivers
o0x7f4e40ae4708 .functor BUFZ 16, C4<zzzzzzzzzzzzzzzz>; HiZ drive
v0x5574535b9660_34 .net v0x5574535b9660 34, 15 0, o0x7f4e40ae4708; 0 drivers
o0x7f4e40ae4738 .functor BUFZ 16, C4<zzzzzzzzzzzzzzzz>; HiZ drive
v0x5574535b9660_35 .net v0x5574535b9660 35, 15 0, o0x7f4e40ae4738; 0 drivers
o0x7f4e40ae4768 .functor BUFZ 16, C4<zzzzzzzzzzzzzzzz>; HiZ drive
v0x5574535b9660_36 .net v0x5574535b9660 36, 15 0, o0x7f4e40ae4768; 0 drivers
o0x7f4e40ae4798 .functor BUFZ 16, C4<zzzzzzzzzzzzzzzz>; HiZ drive
v0x5574535b9660_37 .net v0x5574535b9660 37, 15 0, o0x7f4e40ae4798; 0 drivers
o0x7f4e40ae47c8 .functor BUFZ 16, C4<zzzzzzzzzzzzzzzz>; HiZ drive
v0x5574535b9660_38 .net v0x5574535b9660 38, 15 0, o0x7f4e40ae47c8; 0 drivers
o0x7f4e40ae47f8 .functor BUFZ 16, C4<zzzzzzzzzzzzzzzz>; HiZ drive
v0x5574535b9660_39 .net v0x5574535b9660 39, 15 0, o0x7f4e40ae47f8; 0 drivers
o0x7f4e40ae4828 .functor BUFZ 16, C4<zzzzzzzzzzzzzzzz>; HiZ drive
v0x5574535b9660_40 .net v0x5574535b9660 40, 15 0, o0x7f4e40ae4828; 0 drivers
o0x7f4e40ae4858 .functor BUFZ 16, C4<zzzzzzzzzzzzzzzz>; HiZ drive
v0x5574535b9660_41 .net v0x5574535b9660 41, 15 0, o0x7f4e40ae4858; 0 drivers
o0x7f4e40ae4888 .functor BUFZ 16, C4<zzzzzzzzzzzzzzzz>; HiZ drive
v0x5574535b9660_42 .net v0x5574535b9660 42, 15 0, o0x7f4e40ae4888; 0 drivers
o0x7f4e40ae48b8 .functor BUFZ 16, C4<zzzzzzzzzzzzzzzz>; HiZ drive
v0x5574535b9660_43 .net v0x5574535b9660 43, 15 0, o0x7f4e40ae48b8; 0 drivers
o0x7f4e40ae48e8 .functor BUFZ 16, C4<zzzzzzzzzzzzzzzz>; HiZ drive
v0x5574535b9660_44 .net v0x5574535b9660 44, 15 0, o0x7f4e40ae48e8; 0 drivers
o0x7f4e40ae4918 .functor BUFZ 16, C4<zzzzzzzzzzzzzzzz>; HiZ drive
v0x5574535b9660_45 .net v0x5574535b9660 45, 15 0, o0x7f4e40ae4918; 0 drivers
o0x7f4e40ae4948 .functor BUFZ 16, C4<zzzzzzzzzzzzzzzz>; HiZ drive
v0x5574535b9660_46 .net v0x5574535b9660 46, 15 0, o0x7f4e40ae4948; 0 drivers
o0x7f4e40ae4978 .functor BUFZ 16, C4<zzzzzzzzzzzzzzzz>; HiZ drive
v0x5574535b9660_47 .net v0x5574535b9660 47, 15 0, o0x7f4e40ae4978; 0 drivers
o0x7f4e40ae49a8 .functor BUFZ 16, C4<zzzzzzzzzzzzzzzz>; HiZ drive
v0x5574535b9660_48 .net v0x5574535b9660 48, 15 0, o0x7f4e40ae49a8; 0 drivers
o0x7f4e40ae49d8 .functor BUFZ 16, C4<zzzzzzzzzzzzzzzz>; HiZ drive
v0x5574535b9660_49 .net v0x5574535b9660 49, 15 0, o0x7f4e40ae49d8; 0 drivers
o0x7f4e40ae4a08 .functor BUFZ 16, C4<zzzzzzzzzzzzzzzz>; HiZ drive
v0x5574535b9660_50 .net v0x5574535b9660 50, 15 0, o0x7f4e40ae4a08; 0 drivers
o0x7f4e40ae4a38 .functor BUFZ 16, C4<zzzzzzzzzzzzzzzz>; HiZ drive
v0x5574535b9660_51 .net v0x5574535b9660 51, 15 0, o0x7f4e40ae4a38; 0 drivers
o0x7f4e40ae4a68 .functor BUFZ 16, C4<zzzzzzzzzzzzzzzz>; HiZ drive
v0x5574535b9660_52 .net v0x5574535b9660 52, 15 0, o0x7f4e40ae4a68; 0 drivers
o0x7f4e40ae4a98 .functor BUFZ 16, C4<zzzzzzzzzzzzzzzz>; HiZ drive
v0x5574535b9660_53 .net v0x5574535b9660 53, 15 0, o0x7f4e40ae4a98; 0 drivers
o0x7f4e40ae4ac8 .functor BUFZ 16, C4<zzzzzzzzzzzzzzzz>; HiZ drive
v0x5574535b9660_54 .net v0x5574535b9660 54, 15 0, o0x7f4e40ae4ac8; 0 drivers
o0x7f4e40ae4af8 .functor BUFZ 16, C4<zzzzzzzzzzzzzzzz>; HiZ drive
v0x5574535b9660_55 .net v0x5574535b9660 55, 15 0, o0x7f4e40ae4af8; 0 drivers
o0x7f4e40ae4b28 .functor BUFZ 16, C4<zzzzzzzzzzzzzzzz>; HiZ drive
v0x5574535b9660_56 .net v0x5574535b9660 56, 15 0, o0x7f4e40ae4b28; 0 drivers
o0x7f4e40ae4b58 .functor BUFZ 16, C4<zzzzzzzzzzzzzzzz>; HiZ drive
v0x5574535b9660_57 .net v0x5574535b9660 57, 15 0, o0x7f4e40ae4b58; 0 drivers
o0x7f4e40ae4b88 .functor BUFZ 16, C4<zzzzzzzzzzzzzzzz>; HiZ drive
v0x5574535b9660_58 .net v0x5574535b9660 58, 15 0, o0x7f4e40ae4b88; 0 drivers
o0x7f4e40ae4bb8 .functor BUFZ 16, C4<zzzzzzzzzzzzzzzz>; HiZ drive
v0x5574535b9660_59 .net v0x5574535b9660 59, 15 0, o0x7f4e40ae4bb8; 0 drivers
o0x7f4e40ae4be8 .functor BUFZ 16, C4<zzzzzzzzzzzzzzzz>; HiZ drive
v0x5574535b9660_60 .net v0x5574535b9660 60, 15 0, o0x7f4e40ae4be8; 0 drivers
o0x7f4e40ae4c18 .functor BUFZ 16, C4<zzzzzzzzzzzzzzzz>; HiZ drive
v0x5574535b9660_61 .net v0x5574535b9660 61, 15 0, o0x7f4e40ae4c18; 0 drivers
o0x7f4e40ae4c48 .functor BUFZ 16, C4<zzzzzzzzzzzzzzzz>; HiZ drive
v0x5574535b9660_62 .net v0x5574535b9660 62, 15 0, o0x7f4e40ae4c48; 0 drivers
o0x7f4e40ae4c78 .functor BUFZ 16, C4<zzzzzzzzzzzzzzzz>; HiZ drive
v0x5574535b9660_63 .net v0x5574535b9660 63, 15 0, o0x7f4e40ae4c78; 0 drivers
o0x7f4e40ae4ca8 .functor BUFZ 16, C4<zzzzzzzzzzzzzzzz>; HiZ drive
v0x5574535b9660_64 .net v0x5574535b9660 64, 15 0, o0x7f4e40ae4ca8; 0 drivers
o0x7f4e40ae4cd8 .functor BUFZ 16, C4<zzzzzzzzzzzzzzzz>; HiZ drive
v0x5574535b9660_65 .net v0x5574535b9660 65, 15 0, o0x7f4e40ae4cd8; 0 drivers
o0x7f4e40ae4d08 .functor BUFZ 16, C4<zzzzzzzzzzzzzzzz>; HiZ drive
v0x5574535b9660_66 .net v0x5574535b9660 66, 15 0, o0x7f4e40ae4d08; 0 drivers
o0x7f4e40ae4d38 .functor BUFZ 16, C4<zzzzzzzzzzzzzzzz>; HiZ drive
v0x5574535b9660_67 .net v0x5574535b9660 67, 15 0, o0x7f4e40ae4d38; 0 drivers
o0x7f4e40ae4d68 .functor BUFZ 16, C4<zzzzzzzzzzzzzzzz>; HiZ drive
v0x5574535b9660_68 .net v0x5574535b9660 68, 15 0, o0x7f4e40ae4d68; 0 drivers
o0x7f4e40ae4d98 .functor BUFZ 16, C4<zzzzzzzzzzzzzzzz>; HiZ drive
v0x5574535b9660_69 .net v0x5574535b9660 69, 15 0, o0x7f4e40ae4d98; 0 drivers
o0x7f4e40ae4dc8 .functor BUFZ 16, C4<zzzzzzzzzzzzzzzz>; HiZ drive
v0x5574535b9660_70 .net v0x5574535b9660 70, 15 0, o0x7f4e40ae4dc8; 0 drivers
o0x7f4e40ae4df8 .functor BUFZ 16, C4<zzzzzzzzzzzzzzzz>; HiZ drive
v0x5574535b9660_71 .net v0x5574535b9660 71, 15 0, o0x7f4e40ae4df8; 0 drivers
o0x7f4e40ae4e28 .functor BUFZ 16, C4<zzzzzzzzzzzzzzzz>; HiZ drive
v0x5574535b9660_72 .net v0x5574535b9660 72, 15 0, o0x7f4e40ae4e28; 0 drivers
o0x7f4e40ae4e58 .functor BUFZ 16, C4<zzzzzzzzzzzzzzzz>; HiZ drive
v0x5574535b9660_73 .net v0x5574535b9660 73, 15 0, o0x7f4e40ae4e58; 0 drivers
o0x7f4e40ae4e88 .functor BUFZ 16, C4<zzzzzzzzzzzzzzzz>; HiZ drive
v0x5574535b9660_74 .net v0x5574535b9660 74, 15 0, o0x7f4e40ae4e88; 0 drivers
o0x7f4e40ae4eb8 .functor BUFZ 16, C4<zzzzzzzzzzzzzzzz>; HiZ drive
v0x5574535b9660_75 .net v0x5574535b9660 75, 15 0, o0x7f4e40ae4eb8; 0 drivers
o0x7f4e40ae4ee8 .functor BUFZ 16, C4<zzzzzzzzzzzzzzzz>; HiZ drive
v0x5574535b9660_76 .net v0x5574535b9660 76, 15 0, o0x7f4e40ae4ee8; 0 drivers
o0x7f4e40ae4f18 .functor BUFZ 16, C4<zzzzzzzzzzzzzzzz>; HiZ drive
v0x5574535b9660_77 .net v0x5574535b9660 77, 15 0, o0x7f4e40ae4f18; 0 drivers
o0x7f4e40ae4f48 .functor BUFZ 16, C4<zzzzzzzzzzzzzzzz>; HiZ drive
v0x5574535b9660_78 .net v0x5574535b9660 78, 15 0, o0x7f4e40ae4f48; 0 drivers
o0x7f4e40ae4f78 .functor BUFZ 16, C4<zzzzzzzzzzzzzzzz>; HiZ drive
v0x5574535b9660_79 .net v0x5574535b9660 79, 15 0, o0x7f4e40ae4f78; 0 drivers
o0x7f4e40ae4fa8 .functor BUFZ 16, C4<zzzzzzzzzzzzzzzz>; HiZ drive
v0x5574535b9660_80 .net v0x5574535b9660 80, 15 0, o0x7f4e40ae4fa8; 0 drivers
o0x7f4e40ae4fd8 .functor BUFZ 16, C4<zzzzzzzzzzzzzzzz>; HiZ drive
v0x5574535b9660_81 .net v0x5574535b9660 81, 15 0, o0x7f4e40ae4fd8; 0 drivers
o0x7f4e40ae5008 .functor BUFZ 16, C4<zzzzzzzzzzzzzzzz>; HiZ drive
v0x5574535b9660_82 .net v0x5574535b9660 82, 15 0, o0x7f4e40ae5008; 0 drivers
o0x7f4e40ae5038 .functor BUFZ 16, C4<zzzzzzzzzzzzzzzz>; HiZ drive
v0x5574535b9660_83 .net v0x5574535b9660 83, 15 0, o0x7f4e40ae5038; 0 drivers
o0x7f4e40ae5068 .functor BUFZ 16, C4<zzzzzzzzzzzzzzzz>; HiZ drive
v0x5574535b9660_84 .net v0x5574535b9660 84, 15 0, o0x7f4e40ae5068; 0 drivers
o0x7f4e40ae5098 .functor BUFZ 16, C4<zzzzzzzzzzzzzzzz>; HiZ drive
v0x5574535b9660_85 .net v0x5574535b9660 85, 15 0, o0x7f4e40ae5098; 0 drivers
o0x7f4e40ae50c8 .functor BUFZ 16, C4<zzzzzzzzzzzzzzzz>; HiZ drive
v0x5574535b9660_86 .net v0x5574535b9660 86, 15 0, o0x7f4e40ae50c8; 0 drivers
o0x7f4e40ae50f8 .functor BUFZ 16, C4<zzzzzzzzzzzzzzzz>; HiZ drive
v0x5574535b9660_87 .net v0x5574535b9660 87, 15 0, o0x7f4e40ae50f8; 0 drivers
o0x7f4e40ae5128 .functor BUFZ 16, C4<zzzzzzzzzzzzzzzz>; HiZ drive
v0x5574535b9660_88 .net v0x5574535b9660 88, 15 0, o0x7f4e40ae5128; 0 drivers
o0x7f4e40ae5158 .functor BUFZ 16, C4<zzzzzzzzzzzzzzzz>; HiZ drive
v0x5574535b9660_89 .net v0x5574535b9660 89, 15 0, o0x7f4e40ae5158; 0 drivers
o0x7f4e40ae5188 .functor BUFZ 16, C4<zzzzzzzzzzzzzzzz>; HiZ drive
v0x5574535b9660_90 .net v0x5574535b9660 90, 15 0, o0x7f4e40ae5188; 0 drivers
o0x7f4e40ae51b8 .functor BUFZ 16, C4<zzzzzzzzzzzzzzzz>; HiZ drive
v0x5574535b9660_91 .net v0x5574535b9660 91, 15 0, o0x7f4e40ae51b8; 0 drivers
o0x7f4e40ae51e8 .functor BUFZ 16, C4<zzzzzzzzzzzzzzzz>; HiZ drive
v0x5574535b9660_92 .net v0x5574535b9660 92, 15 0, o0x7f4e40ae51e8; 0 drivers
o0x7f4e40ae5218 .functor BUFZ 16, C4<zzzzzzzzzzzzzzzz>; HiZ drive
v0x5574535b9660_93 .net v0x5574535b9660 93, 15 0, o0x7f4e40ae5218; 0 drivers
o0x7f4e40ae5248 .functor BUFZ 16, C4<zzzzzzzzzzzzzzzz>; HiZ drive
v0x5574535b9660_94 .net v0x5574535b9660 94, 15 0, o0x7f4e40ae5248; 0 drivers
o0x7f4e40ae5278 .functor BUFZ 16, C4<zzzzzzzzzzzzzzzz>; HiZ drive
v0x5574535b9660_95 .net v0x5574535b9660 95, 15 0, o0x7f4e40ae5278; 0 drivers
o0x7f4e40ae52a8 .functor BUFZ 16, C4<zzzzzzzzzzzzzzzz>; HiZ drive
v0x5574535b9660_96 .net v0x5574535b9660 96, 15 0, o0x7f4e40ae52a8; 0 drivers
o0x7f4e40ae52d8 .functor BUFZ 16, C4<zzzzzzzzzzzzzzzz>; HiZ drive
v0x5574535b9660_97 .net v0x5574535b9660 97, 15 0, o0x7f4e40ae52d8; 0 drivers
o0x7f4e40ae5308 .functor BUFZ 16, C4<zzzzzzzzzzzzzzzz>; HiZ drive
v0x5574535b9660_98 .net v0x5574535b9660 98, 15 0, o0x7f4e40ae5308; 0 drivers
o0x7f4e40ae5338 .functor BUFZ 16, C4<zzzzzzzzzzzzzzzz>; HiZ drive
v0x5574535b9660_99 .net v0x5574535b9660 99, 15 0, o0x7f4e40ae5338; 0 drivers
o0x7f4e40ae5368 .functor BUFZ 16, C4<zzzzzzzzzzzzzzzz>; HiZ drive
v0x5574535b9660_100 .net v0x5574535b9660 100, 15 0, o0x7f4e40ae5368; 0 drivers
o0x7f4e40ae5398 .functor BUFZ 16, C4<zzzzzzzzzzzzzzzz>; HiZ drive
v0x5574535b9660_101 .net v0x5574535b9660 101, 15 0, o0x7f4e40ae5398; 0 drivers
o0x7f4e40ae53c8 .functor BUFZ 16, C4<zzzzzzzzzzzzzzzz>; HiZ drive
v0x5574535b9660_102 .net v0x5574535b9660 102, 15 0, o0x7f4e40ae53c8; 0 drivers
o0x7f4e40ae53f8 .functor BUFZ 16, C4<zzzzzzzzzzzzzzzz>; HiZ drive
v0x5574535b9660_103 .net v0x5574535b9660 103, 15 0, o0x7f4e40ae53f8; 0 drivers
o0x7f4e40ae5428 .functor BUFZ 16, C4<zzzzzzzzzzzzzzzz>; HiZ drive
v0x5574535b9660_104 .net v0x5574535b9660 104, 15 0, o0x7f4e40ae5428; 0 drivers
o0x7f4e40ae5458 .functor BUFZ 16, C4<zzzzzzzzzzzzzzzz>; HiZ drive
v0x5574535b9660_105 .net v0x5574535b9660 105, 15 0, o0x7f4e40ae5458; 0 drivers
o0x7f4e40ae5488 .functor BUFZ 16, C4<zzzzzzzzzzzzzzzz>; HiZ drive
v0x5574535b9660_106 .net v0x5574535b9660 106, 15 0, o0x7f4e40ae5488; 0 drivers
o0x7f4e40ae54b8 .functor BUFZ 16, C4<zzzzzzzzzzzzzzzz>; HiZ drive
v0x5574535b9660_107 .net v0x5574535b9660 107, 15 0, o0x7f4e40ae54b8; 0 drivers
o0x7f4e40ae54e8 .functor BUFZ 16, C4<zzzzzzzzzzzzzzzz>; HiZ drive
v0x5574535b9660_108 .net v0x5574535b9660 108, 15 0, o0x7f4e40ae54e8; 0 drivers
o0x7f4e40ae5518 .functor BUFZ 16, C4<zzzzzzzzzzzzzzzz>; HiZ drive
v0x5574535b9660_109 .net v0x5574535b9660 109, 15 0, o0x7f4e40ae5518; 0 drivers
o0x7f4e40ae5548 .functor BUFZ 16, C4<zzzzzzzzzzzzzzzz>; HiZ drive
v0x5574535b9660_110 .net v0x5574535b9660 110, 15 0, o0x7f4e40ae5548; 0 drivers
o0x7f4e40ae5578 .functor BUFZ 16, C4<zzzzzzzzzzzzzzzz>; HiZ drive
v0x5574535b9660_111 .net v0x5574535b9660 111, 15 0, o0x7f4e40ae5578; 0 drivers
o0x7f4e40ae55a8 .functor BUFZ 16, C4<zzzzzzzzzzzzzzzz>; HiZ drive
v0x5574535b9660_112 .net v0x5574535b9660 112, 15 0, o0x7f4e40ae55a8; 0 drivers
o0x7f4e40ae55d8 .functor BUFZ 16, C4<zzzzzzzzzzzzzzzz>; HiZ drive
v0x5574535b9660_113 .net v0x5574535b9660 113, 15 0, o0x7f4e40ae55d8; 0 drivers
o0x7f4e40ae5608 .functor BUFZ 16, C4<zzzzzzzzzzzzzzzz>; HiZ drive
v0x5574535b9660_114 .net v0x5574535b9660 114, 15 0, o0x7f4e40ae5608; 0 drivers
o0x7f4e40ae5638 .functor BUFZ 16, C4<zzzzzzzzzzzzzzzz>; HiZ drive
v0x5574535b9660_115 .net v0x5574535b9660 115, 15 0, o0x7f4e40ae5638; 0 drivers
o0x7f4e40ae5668 .functor BUFZ 16, C4<zzzzzzzzzzzzzzzz>; HiZ drive
v0x5574535b9660_116 .net v0x5574535b9660 116, 15 0, o0x7f4e40ae5668; 0 drivers
o0x7f4e40ae5698 .functor BUFZ 16, C4<zzzzzzzzzzzzzzzz>; HiZ drive
v0x5574535b9660_117 .net v0x5574535b9660 117, 15 0, o0x7f4e40ae5698; 0 drivers
o0x7f4e40ae56c8 .functor BUFZ 16, C4<zzzzzzzzzzzzzzzz>; HiZ drive
v0x5574535b9660_118 .net v0x5574535b9660 118, 15 0, o0x7f4e40ae56c8; 0 drivers
o0x7f4e40ae56f8 .functor BUFZ 16, C4<zzzzzzzzzzzzzzzz>; HiZ drive
v0x5574535b9660_119 .net v0x5574535b9660 119, 15 0, o0x7f4e40ae56f8; 0 drivers
o0x7f4e40ae5728 .functor BUFZ 16, C4<zzzzzzzzzzzzzzzz>; HiZ drive
v0x5574535b9660_120 .net v0x5574535b9660 120, 15 0, o0x7f4e40ae5728; 0 drivers
o0x7f4e40ae5758 .functor BUFZ 16, C4<zzzzzzzzzzzzzzzz>; HiZ drive
v0x5574535b9660_121 .net v0x5574535b9660 121, 15 0, o0x7f4e40ae5758; 0 drivers
o0x7f4e40ae5788 .functor BUFZ 16, C4<zzzzzzzzzzzzzzzz>; HiZ drive
v0x5574535b9660_122 .net v0x5574535b9660 122, 15 0, o0x7f4e40ae5788; 0 drivers
o0x7f4e40ae57b8 .functor BUFZ 16, C4<zzzzzzzzzzzzzzzz>; HiZ drive
v0x5574535b9660_123 .net v0x5574535b9660 123, 15 0, o0x7f4e40ae57b8; 0 drivers
o0x7f4e40ae57e8 .functor BUFZ 16, C4<zzzzzzzzzzzzzzzz>; HiZ drive
v0x5574535b9660_124 .net v0x5574535b9660 124, 15 0, o0x7f4e40ae57e8; 0 drivers
o0x7f4e40ae5818 .functor BUFZ 16, C4<zzzzzzzzzzzzzzzz>; HiZ drive
v0x5574535b9660_125 .net v0x5574535b9660 125, 15 0, o0x7f4e40ae5818; 0 drivers
o0x7f4e40ae5848 .functor BUFZ 16, C4<zzzzzzzzzzzzzzzz>; HiZ drive
v0x5574535b9660_126 .net v0x5574535b9660 126, 15 0, o0x7f4e40ae5848; 0 drivers
o0x7f4e40ae5878 .functor BUFZ 16, C4<zzzzzzzzzzzzzzzz>; HiZ drive
v0x5574535b9660_127 .net v0x5574535b9660 127, 15 0, o0x7f4e40ae5878; 0 drivers
o0x7f4e40ae58a8 .functor BUFZ 16, C4<zzzzzzzzzzzzzzzz>; HiZ drive
v0x5574535b9660_128 .net v0x5574535b9660 128, 15 0, o0x7f4e40ae58a8; 0 drivers
o0x7f4e40ae58d8 .functor BUFZ 16, C4<zzzzzzzzzzzzzzzz>; HiZ drive
v0x5574535b9660_129 .net v0x5574535b9660 129, 15 0, o0x7f4e40ae58d8; 0 drivers
o0x7f4e40ae5908 .functor BUFZ 16, C4<zzzzzzzzzzzzzzzz>; HiZ drive
v0x5574535b9660_130 .net v0x5574535b9660 130, 15 0, o0x7f4e40ae5908; 0 drivers
o0x7f4e40ae5938 .functor BUFZ 16, C4<zzzzzzzzzzzzzzzz>; HiZ drive
v0x5574535b9660_131 .net v0x5574535b9660 131, 15 0, o0x7f4e40ae5938; 0 drivers
o0x7f4e40ae5968 .functor BUFZ 16, C4<zzzzzzzzzzzzzzzz>; HiZ drive
v0x5574535b9660_132 .net v0x5574535b9660 132, 15 0, o0x7f4e40ae5968; 0 drivers
o0x7f4e40ae5998 .functor BUFZ 16, C4<zzzzzzzzzzzzzzzz>; HiZ drive
v0x5574535b9660_133 .net v0x5574535b9660 133, 15 0, o0x7f4e40ae5998; 0 drivers
o0x7f4e40ae59c8 .functor BUFZ 16, C4<zzzzzzzzzzzzzzzz>; HiZ drive
v0x5574535b9660_134 .net v0x5574535b9660 134, 15 0, o0x7f4e40ae59c8; 0 drivers
o0x7f4e40ae59f8 .functor BUFZ 16, C4<zzzzzzzzzzzzzzzz>; HiZ drive
v0x5574535b9660_135 .net v0x5574535b9660 135, 15 0, o0x7f4e40ae59f8; 0 drivers
o0x7f4e40ae5a28 .functor BUFZ 16, C4<zzzzzzzzzzzzzzzz>; HiZ drive
v0x5574535b9660_136 .net v0x5574535b9660 136, 15 0, o0x7f4e40ae5a28; 0 drivers
o0x7f4e40ae5a58 .functor BUFZ 16, C4<zzzzzzzzzzzzzzzz>; HiZ drive
v0x5574535b9660_137 .net v0x5574535b9660 137, 15 0, o0x7f4e40ae5a58; 0 drivers
o0x7f4e40ae5a88 .functor BUFZ 16, C4<zzzzzzzzzzzzzzzz>; HiZ drive
v0x5574535b9660_138 .net v0x5574535b9660 138, 15 0, o0x7f4e40ae5a88; 0 drivers
o0x7f4e40ae5ab8 .functor BUFZ 16, C4<zzzzzzzzzzzzzzzz>; HiZ drive
v0x5574535b9660_139 .net v0x5574535b9660 139, 15 0, o0x7f4e40ae5ab8; 0 drivers
o0x7f4e40ae5ae8 .functor BUFZ 16, C4<zzzzzzzzzzzzzzzz>; HiZ drive
v0x5574535b9660_140 .net v0x5574535b9660 140, 15 0, o0x7f4e40ae5ae8; 0 drivers
o0x7f4e40ae5b18 .functor BUFZ 16, C4<zzzzzzzzzzzzzzzz>; HiZ drive
v0x5574535b9660_141 .net v0x5574535b9660 141, 15 0, o0x7f4e40ae5b18; 0 drivers
o0x7f4e40ae5b48 .functor BUFZ 16, C4<zzzzzzzzzzzzzzzz>; HiZ drive
v0x5574535b9660_142 .net v0x5574535b9660 142, 15 0, o0x7f4e40ae5b48; 0 drivers
o0x7f4e40ae5b78 .functor BUFZ 16, C4<zzzzzzzzzzzzzzzz>; HiZ drive
v0x5574535b9660_143 .net v0x5574535b9660 143, 15 0, o0x7f4e40ae5b78; 0 drivers
o0x7f4e40ae5ba8 .functor BUFZ 16, C4<zzzzzzzzzzzzzzzz>; HiZ drive
v0x5574535b9660_144 .net v0x5574535b9660 144, 15 0, o0x7f4e40ae5ba8; 0 drivers
o0x7f4e40ae5bd8 .functor BUFZ 16, C4<zzzzzzzzzzzzzzzz>; HiZ drive
v0x5574535b9660_145 .net v0x5574535b9660 145, 15 0, o0x7f4e40ae5bd8; 0 drivers
o0x7f4e40ae5c08 .functor BUFZ 16, C4<zzzzzzzzzzzzzzzz>; HiZ drive
v0x5574535b9660_146 .net v0x5574535b9660 146, 15 0, o0x7f4e40ae5c08; 0 drivers
o0x7f4e40ae5c38 .functor BUFZ 16, C4<zzzzzzzzzzzzzzzz>; HiZ drive
v0x5574535b9660_147 .net v0x5574535b9660 147, 15 0, o0x7f4e40ae5c38; 0 drivers
o0x7f4e40ae5c68 .functor BUFZ 16, C4<zzzzzzzzzzzzzzzz>; HiZ drive
v0x5574535b9660_148 .net v0x5574535b9660 148, 15 0, o0x7f4e40ae5c68; 0 drivers
o0x7f4e40ae5c98 .functor BUFZ 16, C4<zzzzzzzzzzzzzzzz>; HiZ drive
v0x5574535b9660_149 .net v0x5574535b9660 149, 15 0, o0x7f4e40ae5c98; 0 drivers
o0x7f4e40ae5cc8 .functor BUFZ 16, C4<zzzzzzzzzzzzzzzz>; HiZ drive
v0x5574535b9660_150 .net v0x5574535b9660 150, 15 0, o0x7f4e40ae5cc8; 0 drivers
o0x7f4e40ae5cf8 .functor BUFZ 16, C4<zzzzzzzzzzzzzzzz>; HiZ drive
v0x5574535b9660_151 .net v0x5574535b9660 151, 15 0, o0x7f4e40ae5cf8; 0 drivers
o0x7f4e40ae5d28 .functor BUFZ 16, C4<zzzzzzzzzzzzzzzz>; HiZ drive
v0x5574535b9660_152 .net v0x5574535b9660 152, 15 0, o0x7f4e40ae5d28; 0 drivers
o0x7f4e40ae5d58 .functor BUFZ 16, C4<zzzzzzzzzzzzzzzz>; HiZ drive
v0x5574535b9660_153 .net v0x5574535b9660 153, 15 0, o0x7f4e40ae5d58; 0 drivers
o0x7f4e40ae5d88 .functor BUFZ 16, C4<zzzzzzzzzzzzzzzz>; HiZ drive
v0x5574535b9660_154 .net v0x5574535b9660 154, 15 0, o0x7f4e40ae5d88; 0 drivers
o0x7f4e40ae5db8 .functor BUFZ 16, C4<zzzzzzzzzzzzzzzz>; HiZ drive
v0x5574535b9660_155 .net v0x5574535b9660 155, 15 0, o0x7f4e40ae5db8; 0 drivers
o0x7f4e40ae5de8 .functor BUFZ 16, C4<zzzzzzzzzzzzzzzz>; HiZ drive
v0x5574535b9660_156 .net v0x5574535b9660 156, 15 0, o0x7f4e40ae5de8; 0 drivers
o0x7f4e40ae5e18 .functor BUFZ 16, C4<zzzzzzzzzzzzzzzz>; HiZ drive
v0x5574535b9660_157 .net v0x5574535b9660 157, 15 0, o0x7f4e40ae5e18; 0 drivers
o0x7f4e40ae5e48 .functor BUFZ 16, C4<zzzzzzzzzzzzzzzz>; HiZ drive
v0x5574535b9660_158 .net v0x5574535b9660 158, 15 0, o0x7f4e40ae5e48; 0 drivers
o0x7f4e40ae5e78 .functor BUFZ 16, C4<zzzzzzzzzzzzzzzz>; HiZ drive
v0x5574535b9660_159 .net v0x5574535b9660 159, 15 0, o0x7f4e40ae5e78; 0 drivers
o0x7f4e40ae5ea8 .functor BUFZ 16, C4<zzzzzzzzzzzzzzzz>; HiZ drive
v0x5574535b9660_160 .net v0x5574535b9660 160, 15 0, o0x7f4e40ae5ea8; 0 drivers
o0x7f4e40ae5ed8 .functor BUFZ 16, C4<zzzzzzzzzzzzzzzz>; HiZ drive
v0x5574535b9660_161 .net v0x5574535b9660 161, 15 0, o0x7f4e40ae5ed8; 0 drivers
o0x7f4e40ae5f08 .functor BUFZ 16, C4<zzzzzzzzzzzzzzzz>; HiZ drive
v0x5574535b9660_162 .net v0x5574535b9660 162, 15 0, o0x7f4e40ae5f08; 0 drivers
o0x7f4e40ae5f38 .functor BUFZ 16, C4<zzzzzzzzzzzzzzzz>; HiZ drive
v0x5574535b9660_163 .net v0x5574535b9660 163, 15 0, o0x7f4e40ae5f38; 0 drivers
o0x7f4e40ae5f68 .functor BUFZ 16, C4<zzzzzzzzzzzzzzzz>; HiZ drive
v0x5574535b9660_164 .net v0x5574535b9660 164, 15 0, o0x7f4e40ae5f68; 0 drivers
o0x7f4e40ae5f98 .functor BUFZ 16, C4<zzzzzzzzzzzzzzzz>; HiZ drive
v0x5574535b9660_165 .net v0x5574535b9660 165, 15 0, o0x7f4e40ae5f98; 0 drivers
o0x7f4e40ae5fc8 .functor BUFZ 16, C4<zzzzzzzzzzzzzzzz>; HiZ drive
v0x5574535b9660_166 .net v0x5574535b9660 166, 15 0, o0x7f4e40ae5fc8; 0 drivers
o0x7f4e40ae5ff8 .functor BUFZ 16, C4<zzzzzzzzzzzzzzzz>; HiZ drive
v0x5574535b9660_167 .net v0x5574535b9660 167, 15 0, o0x7f4e40ae5ff8; 0 drivers
o0x7f4e40ae6028 .functor BUFZ 16, C4<zzzzzzzzzzzzzzzz>; HiZ drive
v0x5574535b9660_168 .net v0x5574535b9660 168, 15 0, o0x7f4e40ae6028; 0 drivers
o0x7f4e40ae6058 .functor BUFZ 16, C4<zzzzzzzzzzzzzzzz>; HiZ drive
v0x5574535b9660_169 .net v0x5574535b9660 169, 15 0, o0x7f4e40ae6058; 0 drivers
o0x7f4e40ae6088 .functor BUFZ 16, C4<zzzzzzzzzzzzzzzz>; HiZ drive
v0x5574535b9660_170 .net v0x5574535b9660 170, 15 0, o0x7f4e40ae6088; 0 drivers
o0x7f4e40ae60b8 .functor BUFZ 16, C4<zzzzzzzzzzzzzzzz>; HiZ drive
v0x5574535b9660_171 .net v0x5574535b9660 171, 15 0, o0x7f4e40ae60b8; 0 drivers
o0x7f4e40ae60e8 .functor BUFZ 16, C4<zzzzzzzzzzzzzzzz>; HiZ drive
v0x5574535b9660_172 .net v0x5574535b9660 172, 15 0, o0x7f4e40ae60e8; 0 drivers
o0x7f4e40ae6118 .functor BUFZ 16, C4<zzzzzzzzzzzzzzzz>; HiZ drive
v0x5574535b9660_173 .net v0x5574535b9660 173, 15 0, o0x7f4e40ae6118; 0 drivers
o0x7f4e40ae6148 .functor BUFZ 16, C4<zzzzzzzzzzzzzzzz>; HiZ drive
v0x5574535b9660_174 .net v0x5574535b9660 174, 15 0, o0x7f4e40ae6148; 0 drivers
o0x7f4e40ae6178 .functor BUFZ 16, C4<zzzzzzzzzzzzzzzz>; HiZ drive
v0x5574535b9660_175 .net v0x5574535b9660 175, 15 0, o0x7f4e40ae6178; 0 drivers
o0x7f4e40ae61a8 .functor BUFZ 16, C4<zzzzzzzzzzzzzzzz>; HiZ drive
v0x5574535b9660_176 .net v0x5574535b9660 176, 15 0, o0x7f4e40ae61a8; 0 drivers
o0x7f4e40ae61d8 .functor BUFZ 16, C4<zzzzzzzzzzzzzzzz>; HiZ drive
v0x5574535b9660_177 .net v0x5574535b9660 177, 15 0, o0x7f4e40ae61d8; 0 drivers
o0x7f4e40ae6208 .functor BUFZ 16, C4<zzzzzzzzzzzzzzzz>; HiZ drive
v0x5574535b9660_178 .net v0x5574535b9660 178, 15 0, o0x7f4e40ae6208; 0 drivers
o0x7f4e40ae6238 .functor BUFZ 16, C4<zzzzzzzzzzzzzzzz>; HiZ drive
v0x5574535b9660_179 .net v0x5574535b9660 179, 15 0, o0x7f4e40ae6238; 0 drivers
o0x7f4e40ae6268 .functor BUFZ 16, C4<zzzzzzzzzzzzzzzz>; HiZ drive
v0x5574535b9660_180 .net v0x5574535b9660 180, 15 0, o0x7f4e40ae6268; 0 drivers
o0x7f4e40ae6298 .functor BUFZ 16, C4<zzzzzzzzzzzzzzzz>; HiZ drive
v0x5574535b9660_181 .net v0x5574535b9660 181, 15 0, o0x7f4e40ae6298; 0 drivers
o0x7f4e40ae62c8 .functor BUFZ 16, C4<zzzzzzzzzzzzzzzz>; HiZ drive
v0x5574535b9660_182 .net v0x5574535b9660 182, 15 0, o0x7f4e40ae62c8; 0 drivers
o0x7f4e40ae62f8 .functor BUFZ 16, C4<zzzzzzzzzzzzzzzz>; HiZ drive
v0x5574535b9660_183 .net v0x5574535b9660 183, 15 0, o0x7f4e40ae62f8; 0 drivers
o0x7f4e40ae6328 .functor BUFZ 16, C4<zzzzzzzzzzzzzzzz>; HiZ drive
v0x5574535b9660_184 .net v0x5574535b9660 184, 15 0, o0x7f4e40ae6328; 0 drivers
o0x7f4e40ae6358 .functor BUFZ 16, C4<zzzzzzzzzzzzzzzz>; HiZ drive
v0x5574535b9660_185 .net v0x5574535b9660 185, 15 0, o0x7f4e40ae6358; 0 drivers
o0x7f4e40ae6388 .functor BUFZ 16, C4<zzzzzzzzzzzzzzzz>; HiZ drive
v0x5574535b9660_186 .net v0x5574535b9660 186, 15 0, o0x7f4e40ae6388; 0 drivers
o0x7f4e40ae63b8 .functor BUFZ 16, C4<zzzzzzzzzzzzzzzz>; HiZ drive
v0x5574535b9660_187 .net v0x5574535b9660 187, 15 0, o0x7f4e40ae63b8; 0 drivers
o0x7f4e40ae63e8 .functor BUFZ 16, C4<zzzzzzzzzzzzzzzz>; HiZ drive
v0x5574535b9660_188 .net v0x5574535b9660 188, 15 0, o0x7f4e40ae63e8; 0 drivers
o0x7f4e40ae6418 .functor BUFZ 16, C4<zzzzzzzzzzzzzzzz>; HiZ drive
v0x5574535b9660_189 .net v0x5574535b9660 189, 15 0, o0x7f4e40ae6418; 0 drivers
o0x7f4e40ae6448 .functor BUFZ 16, C4<zzzzzzzzzzzzzzzz>; HiZ drive
v0x5574535b9660_190 .net v0x5574535b9660 190, 15 0, o0x7f4e40ae6448; 0 drivers
o0x7f4e40ae6478 .functor BUFZ 16, C4<zzzzzzzzzzzzzzzz>; HiZ drive
v0x5574535b9660_191 .net v0x5574535b9660 191, 15 0, o0x7f4e40ae6478; 0 drivers
o0x7f4e40ae64a8 .functor BUFZ 16, C4<zzzzzzzzzzzzzzzz>; HiZ drive
v0x5574535b9660_192 .net v0x5574535b9660 192, 15 0, o0x7f4e40ae64a8; 0 drivers
o0x7f4e40ae64d8 .functor BUFZ 16, C4<zzzzzzzzzzzzzzzz>; HiZ drive
v0x5574535b9660_193 .net v0x5574535b9660 193, 15 0, o0x7f4e40ae64d8; 0 drivers
o0x7f4e40ae6508 .functor BUFZ 16, C4<zzzzzzzzzzzzzzzz>; HiZ drive
v0x5574535b9660_194 .net v0x5574535b9660 194, 15 0, o0x7f4e40ae6508; 0 drivers
o0x7f4e40ae6538 .functor BUFZ 16, C4<zzzzzzzzzzzzzzzz>; HiZ drive
v0x5574535b9660_195 .net v0x5574535b9660 195, 15 0, o0x7f4e40ae6538; 0 drivers
o0x7f4e40ae6568 .functor BUFZ 16, C4<zzzzzzzzzzzzzzzz>; HiZ drive
v0x5574535b9660_196 .net v0x5574535b9660 196, 15 0, o0x7f4e40ae6568; 0 drivers
o0x7f4e40ae6598 .functor BUFZ 16, C4<zzzzzzzzzzzzzzzz>; HiZ drive
v0x5574535b9660_197 .net v0x5574535b9660 197, 15 0, o0x7f4e40ae6598; 0 drivers
o0x7f4e40ae65c8 .functor BUFZ 16, C4<zzzzzzzzzzzzzzzz>; HiZ drive
v0x5574535b9660_198 .net v0x5574535b9660 198, 15 0, o0x7f4e40ae65c8; 0 drivers
o0x7f4e40ae65f8 .functor BUFZ 16, C4<zzzzzzzzzzzzzzzz>; HiZ drive
v0x5574535b9660_199 .net v0x5574535b9660 199, 15 0, o0x7f4e40ae65f8; 0 drivers
o0x7f4e40ae6628 .functor BUFZ 16, C4<zzzzzzzzzzzzzzzz>; HiZ drive
v0x5574535b9660_200 .net v0x5574535b9660 200, 15 0, o0x7f4e40ae6628; 0 drivers
o0x7f4e40ae6658 .functor BUFZ 16, C4<zzzzzzzzzzzzzzzz>; HiZ drive
v0x5574535b9660_201 .net v0x5574535b9660 201, 15 0, o0x7f4e40ae6658; 0 drivers
o0x7f4e40ae6688 .functor BUFZ 16, C4<zzzzzzzzzzzzzzzz>; HiZ drive
v0x5574535b9660_202 .net v0x5574535b9660 202, 15 0, o0x7f4e40ae6688; 0 drivers
o0x7f4e40ae66b8 .functor BUFZ 16, C4<zzzzzzzzzzzzzzzz>; HiZ drive
v0x5574535b9660_203 .net v0x5574535b9660 203, 15 0, o0x7f4e40ae66b8; 0 drivers
o0x7f4e40ae66e8 .functor BUFZ 16, C4<zzzzzzzzzzzzzzzz>; HiZ drive
v0x5574535b9660_204 .net v0x5574535b9660 204, 15 0, o0x7f4e40ae66e8; 0 drivers
o0x7f4e40ae6718 .functor BUFZ 16, C4<zzzzzzzzzzzzzzzz>; HiZ drive
v0x5574535b9660_205 .net v0x5574535b9660 205, 15 0, o0x7f4e40ae6718; 0 drivers
o0x7f4e40ae6748 .functor BUFZ 16, C4<zzzzzzzzzzzzzzzz>; HiZ drive
v0x5574535b9660_206 .net v0x5574535b9660 206, 15 0, o0x7f4e40ae6748; 0 drivers
o0x7f4e40ae6778 .functor BUFZ 16, C4<zzzzzzzzzzzzzzzz>; HiZ drive
v0x5574535b9660_207 .net v0x5574535b9660 207, 15 0, o0x7f4e40ae6778; 0 drivers
o0x7f4e40ae67a8 .functor BUFZ 16, C4<zzzzzzzzzzzzzzzz>; HiZ drive
v0x5574535b9660_208 .net v0x5574535b9660 208, 15 0, o0x7f4e40ae67a8; 0 drivers
o0x7f4e40ae67d8 .functor BUFZ 16, C4<zzzzzzzzzzzzzzzz>; HiZ drive
v0x5574535b9660_209 .net v0x5574535b9660 209, 15 0, o0x7f4e40ae67d8; 0 drivers
o0x7f4e40ae6808 .functor BUFZ 16, C4<zzzzzzzzzzzzzzzz>; HiZ drive
v0x5574535b9660_210 .net v0x5574535b9660 210, 15 0, o0x7f4e40ae6808; 0 drivers
o0x7f4e40ae6838 .functor BUFZ 16, C4<zzzzzzzzzzzzzzzz>; HiZ drive
v0x5574535b9660_211 .net v0x5574535b9660 211, 15 0, o0x7f4e40ae6838; 0 drivers
o0x7f4e40ae6868 .functor BUFZ 16, C4<zzzzzzzzzzzzzzzz>; HiZ drive
v0x5574535b9660_212 .net v0x5574535b9660 212, 15 0, o0x7f4e40ae6868; 0 drivers
o0x7f4e40ae6898 .functor BUFZ 16, C4<zzzzzzzzzzzzzzzz>; HiZ drive
v0x5574535b9660_213 .net v0x5574535b9660 213, 15 0, o0x7f4e40ae6898; 0 drivers
o0x7f4e40ae68c8 .functor BUFZ 16, C4<zzzzzzzzzzzzzzzz>; HiZ drive
v0x5574535b9660_214 .net v0x5574535b9660 214, 15 0, o0x7f4e40ae68c8; 0 drivers
o0x7f4e40ae68f8 .functor BUFZ 16, C4<zzzzzzzzzzzzzzzz>; HiZ drive
v0x5574535b9660_215 .net v0x5574535b9660 215, 15 0, o0x7f4e40ae68f8; 0 drivers
o0x7f4e40ae6928 .functor BUFZ 16, C4<zzzzzzzzzzzzzzzz>; HiZ drive
v0x5574535b9660_216 .net v0x5574535b9660 216, 15 0, o0x7f4e40ae6928; 0 drivers
o0x7f4e40ae6958 .functor BUFZ 16, C4<zzzzzzzzzzzzzzzz>; HiZ drive
v0x5574535b9660_217 .net v0x5574535b9660 217, 15 0, o0x7f4e40ae6958; 0 drivers
o0x7f4e40ae6988 .functor BUFZ 16, C4<zzzzzzzzzzzzzzzz>; HiZ drive
v0x5574535b9660_218 .net v0x5574535b9660 218, 15 0, o0x7f4e40ae6988; 0 drivers
o0x7f4e40ae69b8 .functor BUFZ 16, C4<zzzzzzzzzzzzzzzz>; HiZ drive
v0x5574535b9660_219 .net v0x5574535b9660 219, 15 0, o0x7f4e40ae69b8; 0 drivers
o0x7f4e40ae69e8 .functor BUFZ 16, C4<zzzzzzzzzzzzzzzz>; HiZ drive
v0x5574535b9660_220 .net v0x5574535b9660 220, 15 0, o0x7f4e40ae69e8; 0 drivers
o0x7f4e40ae6a18 .functor BUFZ 16, C4<zzzzzzzzzzzzzzzz>; HiZ drive
v0x5574535b9660_221 .net v0x5574535b9660 221, 15 0, o0x7f4e40ae6a18; 0 drivers
o0x7f4e40ae6a48 .functor BUFZ 16, C4<zzzzzzzzzzzzzzzz>; HiZ drive
v0x5574535b9660_222 .net v0x5574535b9660 222, 15 0, o0x7f4e40ae6a48; 0 drivers
o0x7f4e40ae6a78 .functor BUFZ 16, C4<zzzzzzzzzzzzzzzz>; HiZ drive
v0x5574535b9660_223 .net v0x5574535b9660 223, 15 0, o0x7f4e40ae6a78; 0 drivers
o0x7f4e40ae6aa8 .functor BUFZ 16, C4<zzzzzzzzzzzzzzzz>; HiZ drive
v0x5574535b9660_224 .net v0x5574535b9660 224, 15 0, o0x7f4e40ae6aa8; 0 drivers
o0x7f4e40ae6ad8 .functor BUFZ 16, C4<zzzzzzzzzzzzzzzz>; HiZ drive
v0x5574535b9660_225 .net v0x5574535b9660 225, 15 0, o0x7f4e40ae6ad8; 0 drivers
o0x7f4e40ae6b08 .functor BUFZ 16, C4<zzzzzzzzzzzzzzzz>; HiZ drive
v0x5574535b9660_226 .net v0x5574535b9660 226, 15 0, o0x7f4e40ae6b08; 0 drivers
o0x7f4e40ae6b38 .functor BUFZ 16, C4<zzzzzzzzzzzzzzzz>; HiZ drive
v0x5574535b9660_227 .net v0x5574535b9660 227, 15 0, o0x7f4e40ae6b38; 0 drivers
o0x7f4e40ae6b68 .functor BUFZ 16, C4<zzzzzzzzzzzzzzzz>; HiZ drive
v0x5574535b9660_228 .net v0x5574535b9660 228, 15 0, o0x7f4e40ae6b68; 0 drivers
o0x7f4e40ae6b98 .functor BUFZ 16, C4<zzzzzzzzzzzzzzzz>; HiZ drive
v0x5574535b9660_229 .net v0x5574535b9660 229, 15 0, o0x7f4e40ae6b98; 0 drivers
o0x7f4e40ae6bc8 .functor BUFZ 16, C4<zzzzzzzzzzzzzzzz>; HiZ drive
v0x5574535b9660_230 .net v0x5574535b9660 230, 15 0, o0x7f4e40ae6bc8; 0 drivers
o0x7f4e40ae6bf8 .functor BUFZ 16, C4<zzzzzzzzzzzzzzzz>; HiZ drive
v0x5574535b9660_231 .net v0x5574535b9660 231, 15 0, o0x7f4e40ae6bf8; 0 drivers
o0x7f4e40ae6c28 .functor BUFZ 16, C4<zzzzzzzzzzzzzzzz>; HiZ drive
v0x5574535b9660_232 .net v0x5574535b9660 232, 15 0, o0x7f4e40ae6c28; 0 drivers
o0x7f4e40ae6c58 .functor BUFZ 16, C4<zzzzzzzzzzzzzzzz>; HiZ drive
v0x5574535b9660_233 .net v0x5574535b9660 233, 15 0, o0x7f4e40ae6c58; 0 drivers
o0x7f4e40ae6c88 .functor BUFZ 16, C4<zzzzzzzzzzzzzzzz>; HiZ drive
v0x5574535b9660_234 .net v0x5574535b9660 234, 15 0, o0x7f4e40ae6c88; 0 drivers
o0x7f4e40ae6cb8 .functor BUFZ 16, C4<zzzzzzzzzzzzzzzz>; HiZ drive
v0x5574535b9660_235 .net v0x5574535b9660 235, 15 0, o0x7f4e40ae6cb8; 0 drivers
o0x7f4e40ae6ce8 .functor BUFZ 16, C4<zzzzzzzzzzzzzzzz>; HiZ drive
v0x5574535b9660_236 .net v0x5574535b9660 236, 15 0, o0x7f4e40ae6ce8; 0 drivers
o0x7f4e40ae6d18 .functor BUFZ 16, C4<zzzzzzzzzzzzzzzz>; HiZ drive
v0x5574535b9660_237 .net v0x5574535b9660 237, 15 0, o0x7f4e40ae6d18; 0 drivers
o0x7f4e40ae6d48 .functor BUFZ 16, C4<zzzzzzzzzzzzzzzz>; HiZ drive
v0x5574535b9660_238 .net v0x5574535b9660 238, 15 0, o0x7f4e40ae6d48; 0 drivers
o0x7f4e40ae6d78 .functor BUFZ 16, C4<zzzzzzzzzzzzzzzz>; HiZ drive
v0x5574535b9660_239 .net v0x5574535b9660 239, 15 0, o0x7f4e40ae6d78; 0 drivers
o0x7f4e40ae6da8 .functor BUFZ 16, C4<zzzzzzzzzzzzzzzz>; HiZ drive
v0x5574535b9660_240 .net v0x5574535b9660 240, 15 0, o0x7f4e40ae6da8; 0 drivers
o0x7f4e40ae6dd8 .functor BUFZ 16, C4<zzzzzzzzzzzzzzzz>; HiZ drive
v0x5574535b9660_241 .net v0x5574535b9660 241, 15 0, o0x7f4e40ae6dd8; 0 drivers
o0x7f4e40ae6e08 .functor BUFZ 16, C4<zzzzzzzzzzzzzzzz>; HiZ drive
v0x5574535b9660_242 .net v0x5574535b9660 242, 15 0, o0x7f4e40ae6e08; 0 drivers
o0x7f4e40ae6e38 .functor BUFZ 16, C4<zzzzzzzzzzzzzzzz>; HiZ drive
v0x5574535b9660_243 .net v0x5574535b9660 243, 15 0, o0x7f4e40ae6e38; 0 drivers
o0x7f4e40ae6e68 .functor BUFZ 16, C4<zzzzzzzzzzzzzzzz>; HiZ drive
v0x5574535b9660_244 .net v0x5574535b9660 244, 15 0, o0x7f4e40ae6e68; 0 drivers
o0x7f4e40ae6e98 .functor BUFZ 16, C4<zzzzzzzzzzzzzzzz>; HiZ drive
v0x5574535b9660_245 .net v0x5574535b9660 245, 15 0, o0x7f4e40ae6e98; 0 drivers
o0x7f4e40ae6ec8 .functor BUFZ 16, C4<zzzzzzzzzzzzzzzz>; HiZ drive
v0x5574535b9660_246 .net v0x5574535b9660 246, 15 0, o0x7f4e40ae6ec8; 0 drivers
o0x7f4e40ae6ef8 .functor BUFZ 16, C4<zzzzzzzzzzzzzzzz>; HiZ drive
v0x5574535b9660_247 .net v0x5574535b9660 247, 15 0, o0x7f4e40ae6ef8; 0 drivers
o0x7f4e40ae6f28 .functor BUFZ 16, C4<zzzzzzzzzzzzzzzz>; HiZ drive
v0x5574535b9660_248 .net v0x5574535b9660 248, 15 0, o0x7f4e40ae6f28; 0 drivers
o0x7f4e40ae6f58 .functor BUFZ 16, C4<zzzzzzzzzzzzzzzz>; HiZ drive
v0x5574535b9660_249 .net v0x5574535b9660 249, 15 0, o0x7f4e40ae6f58; 0 drivers
o0x7f4e40ae6f88 .functor BUFZ 16, C4<zzzzzzzzzzzzzzzz>; HiZ drive
v0x5574535b9660_250 .net v0x5574535b9660 250, 15 0, o0x7f4e40ae6f88; 0 drivers
o0x7f4e40ae6fb8 .functor BUFZ 16, C4<zzzzzzzzzzzzzzzz>; HiZ drive
v0x5574535b9660_251 .net v0x5574535b9660 251, 15 0, o0x7f4e40ae6fb8; 0 drivers
o0x7f4e40ae6fe8 .functor BUFZ 16, C4<zzzzzzzzzzzzzzzz>; HiZ drive
v0x5574535b9660_252 .net v0x5574535b9660 252, 15 0, o0x7f4e40ae6fe8; 0 drivers
o0x7f4e40ae7018 .functor BUFZ 16, C4<zzzzzzzzzzzzzzzz>; HiZ drive
v0x5574535b9660_253 .net v0x5574535b9660 253, 15 0, o0x7f4e40ae7018; 0 drivers
o0x7f4e40ae7048 .functor BUFZ 16, C4<zzzzzzzzzzzzzzzz>; HiZ drive
v0x5574535b9660_254 .net v0x5574535b9660 254, 15 0, o0x7f4e40ae7048; 0 drivers
o0x7f4e40ae7078 .functor BUFZ 16, C4<zzzzzzzzzzzzzzzz>; HiZ drive
v0x5574535b9660_255 .net v0x5574535b9660 255, 15 0, o0x7f4e40ae7078; 0 drivers
o0x7f4e40ae70a8 .functor BUFZ 16, C4<zzzzzzzzzzzzzzzz>; HiZ drive
v0x5574535b9660_256 .net v0x5574535b9660 256, 15 0, o0x7f4e40ae70a8; 0 drivers
o0x7f4e40ae70d8 .functor BUFZ 16, C4<zzzzzzzzzzzzzzzz>; HiZ drive
v0x5574535b9660_257 .net v0x5574535b9660 257, 15 0, o0x7f4e40ae70d8; 0 drivers
o0x7f4e40ae7108 .functor BUFZ 16, C4<zzzzzzzzzzzzzzzz>; HiZ drive
v0x5574535b9660_258 .net v0x5574535b9660 258, 15 0, o0x7f4e40ae7108; 0 drivers
o0x7f4e40ae7138 .functor BUFZ 16, C4<zzzzzzzzzzzzzzzz>; HiZ drive
v0x5574535b9660_259 .net v0x5574535b9660 259, 15 0, o0x7f4e40ae7138; 0 drivers
o0x7f4e40ae7168 .functor BUFZ 16, C4<zzzzzzzzzzzzzzzz>; HiZ drive
v0x5574535b9660_260 .net v0x5574535b9660 260, 15 0, o0x7f4e40ae7168; 0 drivers
o0x7f4e40ae7198 .functor BUFZ 16, C4<zzzzzzzzzzzzzzzz>; HiZ drive
v0x5574535b9660_261 .net v0x5574535b9660 261, 15 0, o0x7f4e40ae7198; 0 drivers
o0x7f4e40ae71c8 .functor BUFZ 16, C4<zzzzzzzzzzzzzzzz>; HiZ drive
v0x5574535b9660_262 .net v0x5574535b9660 262, 15 0, o0x7f4e40ae71c8; 0 drivers
o0x7f4e40ae71f8 .functor BUFZ 16, C4<zzzzzzzzzzzzzzzz>; HiZ drive
v0x5574535b9660_263 .net v0x5574535b9660 263, 15 0, o0x7f4e40ae71f8; 0 drivers
o0x7f4e40ae7228 .functor BUFZ 16, C4<zzzzzzzzzzzzzzzz>; HiZ drive
v0x5574535b9660_264 .net v0x5574535b9660 264, 15 0, o0x7f4e40ae7228; 0 drivers
o0x7f4e40ae7258 .functor BUFZ 16, C4<zzzzzzzzzzzzzzzz>; HiZ drive
v0x5574535b9660_265 .net v0x5574535b9660 265, 15 0, o0x7f4e40ae7258; 0 drivers
o0x7f4e40ae7288 .functor BUFZ 16, C4<zzzzzzzzzzzzzzzz>; HiZ drive
v0x5574535b9660_266 .net v0x5574535b9660 266, 15 0, o0x7f4e40ae7288; 0 drivers
o0x7f4e40ae72b8 .functor BUFZ 16, C4<zzzzzzzzzzzzzzzz>; HiZ drive
v0x5574535b9660_267 .net v0x5574535b9660 267, 15 0, o0x7f4e40ae72b8; 0 drivers
o0x7f4e40ae72e8 .functor BUFZ 16, C4<zzzzzzzzzzzzzzzz>; HiZ drive
v0x5574535b9660_268 .net v0x5574535b9660 268, 15 0, o0x7f4e40ae72e8; 0 drivers
o0x7f4e40ae7318 .functor BUFZ 16, C4<zzzzzzzzzzzzzzzz>; HiZ drive
v0x5574535b9660_269 .net v0x5574535b9660 269, 15 0, o0x7f4e40ae7318; 0 drivers
o0x7f4e40ae7348 .functor BUFZ 16, C4<zzzzzzzzzzzzzzzz>; HiZ drive
v0x5574535b9660_270 .net v0x5574535b9660 270, 15 0, o0x7f4e40ae7348; 0 drivers
o0x7f4e40ae7378 .functor BUFZ 16, C4<zzzzzzzzzzzzzzzz>; HiZ drive
v0x5574535b9660_271 .net v0x5574535b9660 271, 15 0, o0x7f4e40ae7378; 0 drivers
o0x7f4e40ae73a8 .functor BUFZ 16, C4<zzzzzzzzzzzzzzzz>; HiZ drive
v0x5574535b9660_272 .net v0x5574535b9660 272, 15 0, o0x7f4e40ae73a8; 0 drivers
o0x7f4e40ae73d8 .functor BUFZ 16, C4<zzzzzzzzzzzzzzzz>; HiZ drive
v0x5574535b9660_273 .net v0x5574535b9660 273, 15 0, o0x7f4e40ae73d8; 0 drivers
o0x7f4e40ae7408 .functor BUFZ 16, C4<zzzzzzzzzzzzzzzz>; HiZ drive
v0x5574535b9660_274 .net v0x5574535b9660 274, 15 0, o0x7f4e40ae7408; 0 drivers
o0x7f4e40ae7438 .functor BUFZ 16, C4<zzzzzzzzzzzzzzzz>; HiZ drive
v0x5574535b9660_275 .net v0x5574535b9660 275, 15 0, o0x7f4e40ae7438; 0 drivers
o0x7f4e40ae7468 .functor BUFZ 16, C4<zzzzzzzzzzzzzzzz>; HiZ drive
v0x5574535b9660_276 .net v0x5574535b9660 276, 15 0, o0x7f4e40ae7468; 0 drivers
o0x7f4e40ae7498 .functor BUFZ 16, C4<zzzzzzzzzzzzzzzz>; HiZ drive
v0x5574535b9660_277 .net v0x5574535b9660 277, 15 0, o0x7f4e40ae7498; 0 drivers
o0x7f4e40ae74c8 .functor BUFZ 16, C4<zzzzzzzzzzzzzzzz>; HiZ drive
v0x5574535b9660_278 .net v0x5574535b9660 278, 15 0, o0x7f4e40ae74c8; 0 drivers
o0x7f4e40ae74f8 .functor BUFZ 16, C4<zzzzzzzzzzzzzzzz>; HiZ drive
v0x5574535b9660_279 .net v0x5574535b9660 279, 15 0, o0x7f4e40ae74f8; 0 drivers
o0x7f4e40ae7528 .functor BUFZ 16, C4<zzzzzzzzzzzzzzzz>; HiZ drive
v0x5574535b9660_280 .net v0x5574535b9660 280, 15 0, o0x7f4e40ae7528; 0 drivers
o0x7f4e40ae7558 .functor BUFZ 16, C4<zzzzzzzzzzzzzzzz>; HiZ drive
v0x5574535b9660_281 .net v0x5574535b9660 281, 15 0, o0x7f4e40ae7558; 0 drivers
o0x7f4e40ae7588 .functor BUFZ 16, C4<zzzzzzzzzzzzzzzz>; HiZ drive
v0x5574535b9660_282 .net v0x5574535b9660 282, 15 0, o0x7f4e40ae7588; 0 drivers
o0x7f4e40ae75b8 .functor BUFZ 16, C4<zzzzzzzzzzzzzzzz>; HiZ drive
v0x5574535b9660_283 .net v0x5574535b9660 283, 15 0, o0x7f4e40ae75b8; 0 drivers
o0x7f4e40ae75e8 .functor BUFZ 16, C4<zzzzzzzzzzzzzzzz>; HiZ drive
v0x5574535b9660_284 .net v0x5574535b9660 284, 15 0, o0x7f4e40ae75e8; 0 drivers
o0x7f4e40ae7618 .functor BUFZ 16, C4<zzzzzzzzzzzzzzzz>; HiZ drive
v0x5574535b9660_285 .net v0x5574535b9660 285, 15 0, o0x7f4e40ae7618; 0 drivers
o0x7f4e40ae7648 .functor BUFZ 16, C4<zzzzzzzzzzzzzzzz>; HiZ drive
v0x5574535b9660_286 .net v0x5574535b9660 286, 15 0, o0x7f4e40ae7648; 0 drivers
o0x7f4e40ae7678 .functor BUFZ 16, C4<zzzzzzzzzzzzzzzz>; HiZ drive
v0x5574535b9660_287 .net v0x5574535b9660 287, 15 0, o0x7f4e40ae7678; 0 drivers
o0x7f4e40ae76a8 .functor BUFZ 16, C4<zzzzzzzzzzzzzzzz>; HiZ drive
v0x5574535b9660_288 .net v0x5574535b9660 288, 15 0, o0x7f4e40ae76a8; 0 drivers
o0x7f4e40ae76d8 .functor BUFZ 16, C4<zzzzzzzzzzzzzzzz>; HiZ drive
v0x5574535b9660_289 .net v0x5574535b9660 289, 15 0, o0x7f4e40ae76d8; 0 drivers
o0x7f4e40ae7708 .functor BUFZ 16, C4<zzzzzzzzzzzzzzzz>; HiZ drive
v0x5574535b9660_290 .net v0x5574535b9660 290, 15 0, o0x7f4e40ae7708; 0 drivers
o0x7f4e40ae7738 .functor BUFZ 16, C4<zzzzzzzzzzzzzzzz>; HiZ drive
v0x5574535b9660_291 .net v0x5574535b9660 291, 15 0, o0x7f4e40ae7738; 0 drivers
o0x7f4e40ae7768 .functor BUFZ 16, C4<zzzzzzzzzzzzzzzz>; HiZ drive
v0x5574535b9660_292 .net v0x5574535b9660 292, 15 0, o0x7f4e40ae7768; 0 drivers
o0x7f4e40ae7798 .functor BUFZ 16, C4<zzzzzzzzzzzzzzzz>; HiZ drive
v0x5574535b9660_293 .net v0x5574535b9660 293, 15 0, o0x7f4e40ae7798; 0 drivers
o0x7f4e40ae77c8 .functor BUFZ 16, C4<zzzzzzzzzzzzzzzz>; HiZ drive
v0x5574535b9660_294 .net v0x5574535b9660 294, 15 0, o0x7f4e40ae77c8; 0 drivers
o0x7f4e40ae77f8 .functor BUFZ 16, C4<zzzzzzzzzzzzzzzz>; HiZ drive
v0x5574535b9660_295 .net v0x5574535b9660 295, 15 0, o0x7f4e40ae77f8; 0 drivers
o0x7f4e40ae7828 .functor BUFZ 16, C4<zzzzzzzzzzzzzzzz>; HiZ drive
v0x5574535b9660_296 .net v0x5574535b9660 296, 15 0, o0x7f4e40ae7828; 0 drivers
o0x7f4e40ae7858 .functor BUFZ 16, C4<zzzzzzzzzzzzzzzz>; HiZ drive
v0x5574535b9660_297 .net v0x5574535b9660 297, 15 0, o0x7f4e40ae7858; 0 drivers
o0x7f4e40ae7888 .functor BUFZ 16, C4<zzzzzzzzzzzzzzzz>; HiZ drive
v0x5574535b9660_298 .net v0x5574535b9660 298, 15 0, o0x7f4e40ae7888; 0 drivers
o0x7f4e40ae78b8 .functor BUFZ 16, C4<zzzzzzzzzzzzzzzz>; HiZ drive
v0x5574535b9660_299 .net v0x5574535b9660 299, 15 0, o0x7f4e40ae78b8; 0 drivers
o0x7f4e40ae78e8 .functor BUFZ 16, C4<zzzzzzzzzzzzzzzz>; HiZ drive
v0x5574535b9660_300 .net v0x5574535b9660 300, 15 0, o0x7f4e40ae78e8; 0 drivers
o0x7f4e40ae7918 .functor BUFZ 16, C4<zzzzzzzzzzzzzzzz>; HiZ drive
v0x5574535b9660_301 .net v0x5574535b9660 301, 15 0, o0x7f4e40ae7918; 0 drivers
o0x7f4e40ae7948 .functor BUFZ 16, C4<zzzzzzzzzzzzzzzz>; HiZ drive
v0x5574535b9660_302 .net v0x5574535b9660 302, 15 0, o0x7f4e40ae7948; 0 drivers
o0x7f4e40ae7978 .functor BUFZ 16, C4<zzzzzzzzzzzzzzzz>; HiZ drive
v0x5574535b9660_303 .net v0x5574535b9660 303, 15 0, o0x7f4e40ae7978; 0 drivers
o0x7f4e40ae79a8 .functor BUFZ 16, C4<zzzzzzzzzzzzzzzz>; HiZ drive
v0x5574535b9660_304 .net v0x5574535b9660 304, 15 0, o0x7f4e40ae79a8; 0 drivers
o0x7f4e40ae79d8 .functor BUFZ 16, C4<zzzzzzzzzzzzzzzz>; HiZ drive
v0x5574535b9660_305 .net v0x5574535b9660 305, 15 0, o0x7f4e40ae79d8; 0 drivers
o0x7f4e40ae7a08 .functor BUFZ 16, C4<zzzzzzzzzzzzzzzz>; HiZ drive
v0x5574535b9660_306 .net v0x5574535b9660 306, 15 0, o0x7f4e40ae7a08; 0 drivers
o0x7f4e40ae7a38 .functor BUFZ 16, C4<zzzzzzzzzzzzzzzz>; HiZ drive
v0x5574535b9660_307 .net v0x5574535b9660 307, 15 0, o0x7f4e40ae7a38; 0 drivers
o0x7f4e40ae7a68 .functor BUFZ 16, C4<zzzzzzzzzzzzzzzz>; HiZ drive
v0x5574535b9660_308 .net v0x5574535b9660 308, 15 0, o0x7f4e40ae7a68; 0 drivers
o0x7f4e40ae7a98 .functor BUFZ 16, C4<zzzzzzzzzzzzzzzz>; HiZ drive
v0x5574535b9660_309 .net v0x5574535b9660 309, 15 0, o0x7f4e40ae7a98; 0 drivers
o0x7f4e40ae7ac8 .functor BUFZ 16, C4<zzzzzzzzzzzzzzzz>; HiZ drive
v0x5574535b9660_310 .net v0x5574535b9660 310, 15 0, o0x7f4e40ae7ac8; 0 drivers
o0x7f4e40ae7af8 .functor BUFZ 16, C4<zzzzzzzzzzzzzzzz>; HiZ drive
v0x5574535b9660_311 .net v0x5574535b9660 311, 15 0, o0x7f4e40ae7af8; 0 drivers
o0x7f4e40ae7b28 .functor BUFZ 16, C4<zzzzzzzzzzzzzzzz>; HiZ drive
v0x5574535b9660_312 .net v0x5574535b9660 312, 15 0, o0x7f4e40ae7b28; 0 drivers
o0x7f4e40ae7b58 .functor BUFZ 16, C4<zzzzzzzzzzzzzzzz>; HiZ drive
v0x5574535b9660_313 .net v0x5574535b9660 313, 15 0, o0x7f4e40ae7b58; 0 drivers
o0x7f4e40ae7b88 .functor BUFZ 16, C4<zzzzzzzzzzzzzzzz>; HiZ drive
v0x5574535b9660_314 .net v0x5574535b9660 314, 15 0, o0x7f4e40ae7b88; 0 drivers
o0x7f4e40ae7bb8 .functor BUFZ 16, C4<zzzzzzzzzzzzzzzz>; HiZ drive
v0x5574535b9660_315 .net v0x5574535b9660 315, 15 0, o0x7f4e40ae7bb8; 0 drivers
o0x7f4e40ae7be8 .functor BUFZ 16, C4<zzzzzzzzzzzzzzzz>; HiZ drive
v0x5574535b9660_316 .net v0x5574535b9660 316, 15 0, o0x7f4e40ae7be8; 0 drivers
o0x7f4e40ae7c18 .functor BUFZ 16, C4<zzzzzzzzzzzzzzzz>; HiZ drive
v0x5574535b9660_317 .net v0x5574535b9660 317, 15 0, o0x7f4e40ae7c18; 0 drivers
o0x7f4e40ae7c48 .functor BUFZ 16, C4<zzzzzzzzzzzzzzzz>; HiZ drive
v0x5574535b9660_318 .net v0x5574535b9660 318, 15 0, o0x7f4e40ae7c48; 0 drivers
o0x7f4e40ae7c78 .functor BUFZ 16, C4<zzzzzzzzzzzzzzzz>; HiZ drive
v0x5574535b9660_319 .net v0x5574535b9660 319, 15 0, o0x7f4e40ae7c78; 0 drivers
o0x7f4e40ae7ca8 .functor BUFZ 16, C4<zzzzzzzzzzzzzzzz>; HiZ drive
v0x5574535b9660_320 .net v0x5574535b9660 320, 15 0, o0x7f4e40ae7ca8; 0 drivers
o0x7f4e40ae7cd8 .functor BUFZ 16, C4<zzzzzzzzzzzzzzzz>; HiZ drive
v0x5574535b9660_321 .net v0x5574535b9660 321, 15 0, o0x7f4e40ae7cd8; 0 drivers
o0x7f4e40ae7d08 .functor BUFZ 16, C4<zzzzzzzzzzzzzzzz>; HiZ drive
v0x5574535b9660_322 .net v0x5574535b9660 322, 15 0, o0x7f4e40ae7d08; 0 drivers
o0x7f4e40ae7d38 .functor BUFZ 16, C4<zzzzzzzzzzzzzzzz>; HiZ drive
v0x5574535b9660_323 .net v0x5574535b9660 323, 15 0, o0x7f4e40ae7d38; 0 drivers
o0x7f4e40ae7d68 .functor BUFZ 16, C4<zzzzzzzzzzzzzzzz>; HiZ drive
v0x5574535b9660_324 .net v0x5574535b9660 324, 15 0, o0x7f4e40ae7d68; 0 drivers
o0x7f4e40ae7d98 .functor BUFZ 16, C4<zzzzzzzzzzzzzzzz>; HiZ drive
v0x5574535b9660_325 .net v0x5574535b9660 325, 15 0, o0x7f4e40ae7d98; 0 drivers
o0x7f4e40ae7dc8 .functor BUFZ 16, C4<zzzzzzzzzzzzzzzz>; HiZ drive
v0x5574535b9660_326 .net v0x5574535b9660 326, 15 0, o0x7f4e40ae7dc8; 0 drivers
o0x7f4e40ae7df8 .functor BUFZ 16, C4<zzzzzzzzzzzzzzzz>; HiZ drive
v0x5574535b9660_327 .net v0x5574535b9660 327, 15 0, o0x7f4e40ae7df8; 0 drivers
o0x7f4e40ae7e28 .functor BUFZ 16, C4<zzzzzzzzzzzzzzzz>; HiZ drive
v0x5574535b9660_328 .net v0x5574535b9660 328, 15 0, o0x7f4e40ae7e28; 0 drivers
o0x7f4e40ae7e58 .functor BUFZ 16, C4<zzzzzzzzzzzzzzzz>; HiZ drive
v0x5574535b9660_329 .net v0x5574535b9660 329, 15 0, o0x7f4e40ae7e58; 0 drivers
o0x7f4e40ae7e88 .functor BUFZ 16, C4<zzzzzzzzzzzzzzzz>; HiZ drive
v0x5574535b9660_330 .net v0x5574535b9660 330, 15 0, o0x7f4e40ae7e88; 0 drivers
o0x7f4e40ae7eb8 .functor BUFZ 16, C4<zzzzzzzzzzzzzzzz>; HiZ drive
v0x5574535b9660_331 .net v0x5574535b9660 331, 15 0, o0x7f4e40ae7eb8; 0 drivers
o0x7f4e40ae7ee8 .functor BUFZ 16, C4<zzzzzzzzzzzzzzzz>; HiZ drive
v0x5574535b9660_332 .net v0x5574535b9660 332, 15 0, o0x7f4e40ae7ee8; 0 drivers
o0x7f4e40ae7f18 .functor BUFZ 16, C4<zzzzzzzzzzzzzzzz>; HiZ drive
v0x5574535b9660_333 .net v0x5574535b9660 333, 15 0, o0x7f4e40ae7f18; 0 drivers
o0x7f4e40ae7f48 .functor BUFZ 16, C4<zzzzzzzzzzzzzzzz>; HiZ drive
v0x5574535b9660_334 .net v0x5574535b9660 334, 15 0, o0x7f4e40ae7f48; 0 drivers
o0x7f4e40ae7f78 .functor BUFZ 16, C4<zzzzzzzzzzzzzzzz>; HiZ drive
v0x5574535b9660_335 .net v0x5574535b9660 335, 15 0, o0x7f4e40ae7f78; 0 drivers
o0x7f4e40ae7fa8 .functor BUFZ 16, C4<zzzzzzzzzzzzzzzz>; HiZ drive
v0x5574535b9660_336 .net v0x5574535b9660 336, 15 0, o0x7f4e40ae7fa8; 0 drivers
o0x7f4e40ae7fd8 .functor BUFZ 16, C4<zzzzzzzzzzzzzzzz>; HiZ drive
v0x5574535b9660_337 .net v0x5574535b9660 337, 15 0, o0x7f4e40ae7fd8; 0 drivers
o0x7f4e40ae8008 .functor BUFZ 16, C4<zzzzzzzzzzzzzzzz>; HiZ drive
v0x5574535b9660_338 .net v0x5574535b9660 338, 15 0, o0x7f4e40ae8008; 0 drivers
o0x7f4e40ae8038 .functor BUFZ 16, C4<zzzzzzzzzzzzzzzz>; HiZ drive
v0x5574535b9660_339 .net v0x5574535b9660 339, 15 0, o0x7f4e40ae8038; 0 drivers
o0x7f4e40ae8068 .functor BUFZ 16, C4<zzzzzzzzzzzzzzzz>; HiZ drive
v0x5574535b9660_340 .net v0x5574535b9660 340, 15 0, o0x7f4e40ae8068; 0 drivers
o0x7f4e40ae8098 .functor BUFZ 16, C4<zzzzzzzzzzzzzzzz>; HiZ drive
v0x5574535b9660_341 .net v0x5574535b9660 341, 15 0, o0x7f4e40ae8098; 0 drivers
o0x7f4e40ae80c8 .functor BUFZ 16, C4<zzzzzzzzzzzzzzzz>; HiZ drive
v0x5574535b9660_342 .net v0x5574535b9660 342, 15 0, o0x7f4e40ae80c8; 0 drivers
o0x7f4e40ae80f8 .functor BUFZ 16, C4<zzzzzzzzzzzzzzzz>; HiZ drive
v0x5574535b9660_343 .net v0x5574535b9660 343, 15 0, o0x7f4e40ae80f8; 0 drivers
o0x7f4e40ae8128 .functor BUFZ 16, C4<zzzzzzzzzzzzzzzz>; HiZ drive
v0x5574535b9660_344 .net v0x5574535b9660 344, 15 0, o0x7f4e40ae8128; 0 drivers
o0x7f4e40ae8158 .functor BUFZ 16, C4<zzzzzzzzzzzzzzzz>; HiZ drive
v0x5574535b9660_345 .net v0x5574535b9660 345, 15 0, o0x7f4e40ae8158; 0 drivers
o0x7f4e40ae8188 .functor BUFZ 16, C4<zzzzzzzzzzzzzzzz>; HiZ drive
v0x5574535b9660_346 .net v0x5574535b9660 346, 15 0, o0x7f4e40ae8188; 0 drivers
o0x7f4e40ae81b8 .functor BUFZ 16, C4<zzzzzzzzzzzzzzzz>; HiZ drive
v0x5574535b9660_347 .net v0x5574535b9660 347, 15 0, o0x7f4e40ae81b8; 0 drivers
o0x7f4e40ae81e8 .functor BUFZ 16, C4<zzzzzzzzzzzzzzzz>; HiZ drive
v0x5574535b9660_348 .net v0x5574535b9660 348, 15 0, o0x7f4e40ae81e8; 0 drivers
o0x7f4e40ae8218 .functor BUFZ 16, C4<zzzzzzzzzzzzzzzz>; HiZ drive
v0x5574535b9660_349 .net v0x5574535b9660 349, 15 0, o0x7f4e40ae8218; 0 drivers
o0x7f4e40ae8248 .functor BUFZ 16, C4<zzzzzzzzzzzzzzzz>; HiZ drive
v0x5574535b9660_350 .net v0x5574535b9660 350, 15 0, o0x7f4e40ae8248; 0 drivers
o0x7f4e40ae8278 .functor BUFZ 16, C4<zzzzzzzzzzzzzzzz>; HiZ drive
v0x5574535b9660_351 .net v0x5574535b9660 351, 15 0, o0x7f4e40ae8278; 0 drivers
o0x7f4e40ae82a8 .functor BUFZ 16, C4<zzzzzzzzzzzzzzzz>; HiZ drive
v0x5574535b9660_352 .net v0x5574535b9660 352, 15 0, o0x7f4e40ae82a8; 0 drivers
o0x7f4e40ae82d8 .functor BUFZ 16, C4<zzzzzzzzzzzzzzzz>; HiZ drive
v0x5574535b9660_353 .net v0x5574535b9660 353, 15 0, o0x7f4e40ae82d8; 0 drivers
o0x7f4e40ae8308 .functor BUFZ 16, C4<zzzzzzzzzzzzzzzz>; HiZ drive
v0x5574535b9660_354 .net v0x5574535b9660 354, 15 0, o0x7f4e40ae8308; 0 drivers
o0x7f4e40ae8338 .functor BUFZ 16, C4<zzzzzzzzzzzzzzzz>; HiZ drive
v0x5574535b9660_355 .net v0x5574535b9660 355, 15 0, o0x7f4e40ae8338; 0 drivers
o0x7f4e40ae8368 .functor BUFZ 16, C4<zzzzzzzzzzzzzzzz>; HiZ drive
v0x5574535b9660_356 .net v0x5574535b9660 356, 15 0, o0x7f4e40ae8368; 0 drivers
o0x7f4e40ae8398 .functor BUFZ 16, C4<zzzzzzzzzzzzzzzz>; HiZ drive
v0x5574535b9660_357 .net v0x5574535b9660 357, 15 0, o0x7f4e40ae8398; 0 drivers
o0x7f4e40ae83c8 .functor BUFZ 16, C4<zzzzzzzzzzzzzzzz>; HiZ drive
v0x5574535b9660_358 .net v0x5574535b9660 358, 15 0, o0x7f4e40ae83c8; 0 drivers
o0x7f4e40ae83f8 .functor BUFZ 16, C4<zzzzzzzzzzzzzzzz>; HiZ drive
v0x5574535b9660_359 .net v0x5574535b9660 359, 15 0, o0x7f4e40ae83f8; 0 drivers
o0x7f4e40ae8428 .functor BUFZ 16, C4<zzzzzzzzzzzzzzzz>; HiZ drive
v0x5574535b9660_360 .net v0x5574535b9660 360, 15 0, o0x7f4e40ae8428; 0 drivers
o0x7f4e40ae8458 .functor BUFZ 16, C4<zzzzzzzzzzzzzzzz>; HiZ drive
v0x5574535b9660_361 .net v0x5574535b9660 361, 15 0, o0x7f4e40ae8458; 0 drivers
o0x7f4e40ae8488 .functor BUFZ 16, C4<zzzzzzzzzzzzzzzz>; HiZ drive
v0x5574535b9660_362 .net v0x5574535b9660 362, 15 0, o0x7f4e40ae8488; 0 drivers
o0x7f4e40ae84b8 .functor BUFZ 16, C4<zzzzzzzzzzzzzzzz>; HiZ drive
v0x5574535b9660_363 .net v0x5574535b9660 363, 15 0, o0x7f4e40ae84b8; 0 drivers
o0x7f4e40ae84e8 .functor BUFZ 16, C4<zzzzzzzzzzzzzzzz>; HiZ drive
v0x5574535b9660_364 .net v0x5574535b9660 364, 15 0, o0x7f4e40ae84e8; 0 drivers
o0x7f4e40ae8518 .functor BUFZ 16, C4<zzzzzzzzzzzzzzzz>; HiZ drive
v0x5574535b9660_365 .net v0x5574535b9660 365, 15 0, o0x7f4e40ae8518; 0 drivers
o0x7f4e40ae8548 .functor BUFZ 16, C4<zzzzzzzzzzzzzzzz>; HiZ drive
v0x5574535b9660_366 .net v0x5574535b9660 366, 15 0, o0x7f4e40ae8548; 0 drivers
o0x7f4e40ae8578 .functor BUFZ 16, C4<zzzzzzzzzzzzzzzz>; HiZ drive
v0x5574535b9660_367 .net v0x5574535b9660 367, 15 0, o0x7f4e40ae8578; 0 drivers
o0x7f4e40ae85a8 .functor BUFZ 16, C4<zzzzzzzzzzzzzzzz>; HiZ drive
v0x5574535b9660_368 .net v0x5574535b9660 368, 15 0, o0x7f4e40ae85a8; 0 drivers
o0x7f4e40ae85d8 .functor BUFZ 16, C4<zzzzzzzzzzzzzzzz>; HiZ drive
v0x5574535b9660_369 .net v0x5574535b9660 369, 15 0, o0x7f4e40ae85d8; 0 drivers
o0x7f4e40ae8608 .functor BUFZ 16, C4<zzzzzzzzzzzzzzzz>; HiZ drive
v0x5574535b9660_370 .net v0x5574535b9660 370, 15 0, o0x7f4e40ae8608; 0 drivers
o0x7f4e40ae8638 .functor BUFZ 16, C4<zzzzzzzzzzzzzzzz>; HiZ drive
v0x5574535b9660_371 .net v0x5574535b9660 371, 15 0, o0x7f4e40ae8638; 0 drivers
o0x7f4e40ae8668 .functor BUFZ 16, C4<zzzzzzzzzzzzzzzz>; HiZ drive
v0x5574535b9660_372 .net v0x5574535b9660 372, 15 0, o0x7f4e40ae8668; 0 drivers
o0x7f4e40ae8698 .functor BUFZ 16, C4<zzzzzzzzzzzzzzzz>; HiZ drive
v0x5574535b9660_373 .net v0x5574535b9660 373, 15 0, o0x7f4e40ae8698; 0 drivers
o0x7f4e40ae86c8 .functor BUFZ 16, C4<zzzzzzzzzzzzzzzz>; HiZ drive
v0x5574535b9660_374 .net v0x5574535b9660 374, 15 0, o0x7f4e40ae86c8; 0 drivers
o0x7f4e40ae86f8 .functor BUFZ 16, C4<zzzzzzzzzzzzzzzz>; HiZ drive
v0x5574535b9660_375 .net v0x5574535b9660 375, 15 0, o0x7f4e40ae86f8; 0 drivers
o0x7f4e40ae8728 .functor BUFZ 16, C4<zzzzzzzzzzzzzzzz>; HiZ drive
v0x5574535b9660_376 .net v0x5574535b9660 376, 15 0, o0x7f4e40ae8728; 0 drivers
o0x7f4e40ae8758 .functor BUFZ 16, C4<zzzzzzzzzzzzzzzz>; HiZ drive
v0x5574535b9660_377 .net v0x5574535b9660 377, 15 0, o0x7f4e40ae8758; 0 drivers
o0x7f4e40ae8788 .functor BUFZ 16, C4<zzzzzzzzzzzzzzzz>; HiZ drive
v0x5574535b9660_378 .net v0x5574535b9660 378, 15 0, o0x7f4e40ae8788; 0 drivers
o0x7f4e40ae87b8 .functor BUFZ 16, C4<zzzzzzzzzzzzzzzz>; HiZ drive
v0x5574535b9660_379 .net v0x5574535b9660 379, 15 0, o0x7f4e40ae87b8; 0 drivers
o0x7f4e40ae87e8 .functor BUFZ 16, C4<zzzzzzzzzzzzzzzz>; HiZ drive
v0x5574535b9660_380 .net v0x5574535b9660 380, 15 0, o0x7f4e40ae87e8; 0 drivers
o0x7f4e40ae8818 .functor BUFZ 16, C4<zzzzzzzzzzzzzzzz>; HiZ drive
v0x5574535b9660_381 .net v0x5574535b9660 381, 15 0, o0x7f4e40ae8818; 0 drivers
o0x7f4e40ae8848 .functor BUFZ 16, C4<zzzzzzzzzzzzzzzz>; HiZ drive
v0x5574535b9660_382 .net v0x5574535b9660 382, 15 0, o0x7f4e40ae8848; 0 drivers
o0x7f4e40ae8878 .functor BUFZ 16, C4<zzzzzzzzzzzzzzzz>; HiZ drive
v0x5574535b9660_383 .net v0x5574535b9660 383, 15 0, o0x7f4e40ae8878; 0 drivers
o0x7f4e40ae88a8 .functor BUFZ 16, C4<zzzzzzzzzzzzzzzz>; HiZ drive
v0x5574535b9660_384 .net v0x5574535b9660 384, 15 0, o0x7f4e40ae88a8; 0 drivers
o0x7f4e40ae88d8 .functor BUFZ 16, C4<zzzzzzzzzzzzzzzz>; HiZ drive
v0x5574535b9660_385 .net v0x5574535b9660 385, 15 0, o0x7f4e40ae88d8; 0 drivers
o0x7f4e40ae8908 .functor BUFZ 16, C4<zzzzzzzzzzzzzzzz>; HiZ drive
v0x5574535b9660_386 .net v0x5574535b9660 386, 15 0, o0x7f4e40ae8908; 0 drivers
o0x7f4e40ae8938 .functor BUFZ 16, C4<zzzzzzzzzzzzzzzz>; HiZ drive
v0x5574535b9660_387 .net v0x5574535b9660 387, 15 0, o0x7f4e40ae8938; 0 drivers
o0x7f4e40ae8968 .functor BUFZ 16, C4<zzzzzzzzzzzzzzzz>; HiZ drive
v0x5574535b9660_388 .net v0x5574535b9660 388, 15 0, o0x7f4e40ae8968; 0 drivers
o0x7f4e40ae8998 .functor BUFZ 16, C4<zzzzzzzzzzzzzzzz>; HiZ drive
v0x5574535b9660_389 .net v0x5574535b9660 389, 15 0, o0x7f4e40ae8998; 0 drivers
o0x7f4e40ae89c8 .functor BUFZ 16, C4<zzzzzzzzzzzzzzzz>; HiZ drive
v0x5574535b9660_390 .net v0x5574535b9660 390, 15 0, o0x7f4e40ae89c8; 0 drivers
o0x7f4e40ae89f8 .functor BUFZ 16, C4<zzzzzzzzzzzzzzzz>; HiZ drive
v0x5574535b9660_391 .net v0x5574535b9660 391, 15 0, o0x7f4e40ae89f8; 0 drivers
o0x7f4e40ae8a28 .functor BUFZ 16, C4<zzzzzzzzzzzzzzzz>; HiZ drive
v0x5574535b9660_392 .net v0x5574535b9660 392, 15 0, o0x7f4e40ae8a28; 0 drivers
o0x7f4e40ae8a58 .functor BUFZ 16, C4<zzzzzzzzzzzzzzzz>; HiZ drive
v0x5574535b9660_393 .net v0x5574535b9660 393, 15 0, o0x7f4e40ae8a58; 0 drivers
o0x7f4e40ae8a88 .functor BUFZ 16, C4<zzzzzzzzzzzzzzzz>; HiZ drive
v0x5574535b9660_394 .net v0x5574535b9660 394, 15 0, o0x7f4e40ae8a88; 0 drivers
o0x7f4e40ae8ab8 .functor BUFZ 16, C4<zzzzzzzzzzzzzzzz>; HiZ drive
v0x5574535b9660_395 .net v0x5574535b9660 395, 15 0, o0x7f4e40ae8ab8; 0 drivers
o0x7f4e40ae8ae8 .functor BUFZ 16, C4<zzzzzzzzzzzzzzzz>; HiZ drive
v0x5574535b9660_396 .net v0x5574535b9660 396, 15 0, o0x7f4e40ae8ae8; 0 drivers
o0x7f4e40ae8b18 .functor BUFZ 16, C4<zzzzzzzzzzzzzzzz>; HiZ drive
v0x5574535b9660_397 .net v0x5574535b9660 397, 15 0, o0x7f4e40ae8b18; 0 drivers
o0x7f4e40ae8b48 .functor BUFZ 16, C4<zzzzzzzzzzzzzzzz>; HiZ drive
v0x5574535b9660_398 .net v0x5574535b9660 398, 15 0, o0x7f4e40ae8b48; 0 drivers
o0x7f4e40ae8b78 .functor BUFZ 16, C4<zzzzzzzzzzzzzzzz>; HiZ drive
v0x5574535b9660_399 .net v0x5574535b9660 399, 15 0, o0x7f4e40ae8b78; 0 drivers
o0x7f4e40ae8ba8 .functor BUFZ 16, C4<zzzzzzzzzzzzzzzz>; HiZ drive
v0x5574535b9660_400 .net v0x5574535b9660 400, 15 0, o0x7f4e40ae8ba8; 0 drivers
o0x7f4e40ae8bd8 .functor BUFZ 16, C4<zzzzzzzzzzzzzzzz>; HiZ drive
v0x5574535b9660_401 .net v0x5574535b9660 401, 15 0, o0x7f4e40ae8bd8; 0 drivers
o0x7f4e40ae8c08 .functor BUFZ 16, C4<zzzzzzzzzzzzzzzz>; HiZ drive
v0x5574535b9660_402 .net v0x5574535b9660 402, 15 0, o0x7f4e40ae8c08; 0 drivers
o0x7f4e40ae8c38 .functor BUFZ 16, C4<zzzzzzzzzzzzzzzz>; HiZ drive
v0x5574535b9660_403 .net v0x5574535b9660 403, 15 0, o0x7f4e40ae8c38; 0 drivers
o0x7f4e40ae8c68 .functor BUFZ 16, C4<zzzzzzzzzzzzzzzz>; HiZ drive
v0x5574535b9660_404 .net v0x5574535b9660 404, 15 0, o0x7f4e40ae8c68; 0 drivers
o0x7f4e40ae8c98 .functor BUFZ 16, C4<zzzzzzzzzzzzzzzz>; HiZ drive
v0x5574535b9660_405 .net v0x5574535b9660 405, 15 0, o0x7f4e40ae8c98; 0 drivers
o0x7f4e40ae8cc8 .functor BUFZ 16, C4<zzzzzzzzzzzzzzzz>; HiZ drive
v0x5574535b9660_406 .net v0x5574535b9660 406, 15 0, o0x7f4e40ae8cc8; 0 drivers
o0x7f4e40ae8cf8 .functor BUFZ 16, C4<zzzzzzzzzzzzzzzz>; HiZ drive
v0x5574535b9660_407 .net v0x5574535b9660 407, 15 0, o0x7f4e40ae8cf8; 0 drivers
o0x7f4e40ae8d28 .functor BUFZ 16, C4<zzzzzzzzzzzzzzzz>; HiZ drive
v0x5574535b9660_408 .net v0x5574535b9660 408, 15 0, o0x7f4e40ae8d28; 0 drivers
o0x7f4e40ae8d58 .functor BUFZ 16, C4<zzzzzzzzzzzzzzzz>; HiZ drive
v0x5574535b9660_409 .net v0x5574535b9660 409, 15 0, o0x7f4e40ae8d58; 0 drivers
o0x7f4e40ae8d88 .functor BUFZ 16, C4<zzzzzzzzzzzzzzzz>; HiZ drive
v0x5574535b9660_410 .net v0x5574535b9660 410, 15 0, o0x7f4e40ae8d88; 0 drivers
o0x7f4e40ae8db8 .functor BUFZ 16, C4<zzzzzzzzzzzzzzzz>; HiZ drive
v0x5574535b9660_411 .net v0x5574535b9660 411, 15 0, o0x7f4e40ae8db8; 0 drivers
o0x7f4e40ae8de8 .functor BUFZ 16, C4<zzzzzzzzzzzzzzzz>; HiZ drive
v0x5574535b9660_412 .net v0x5574535b9660 412, 15 0, o0x7f4e40ae8de8; 0 drivers
o0x7f4e40ae8e18 .functor BUFZ 16, C4<zzzzzzzzzzzzzzzz>; HiZ drive
v0x5574535b9660_413 .net v0x5574535b9660 413, 15 0, o0x7f4e40ae8e18; 0 drivers
o0x7f4e40ae8e48 .functor BUFZ 16, C4<zzzzzzzzzzzzzzzz>; HiZ drive
v0x5574535b9660_414 .net v0x5574535b9660 414, 15 0, o0x7f4e40ae8e48; 0 drivers
o0x7f4e40ae8e78 .functor BUFZ 16, C4<zzzzzzzzzzzzzzzz>; HiZ drive
v0x5574535b9660_415 .net v0x5574535b9660 415, 15 0, o0x7f4e40ae8e78; 0 drivers
o0x7f4e40ae8ea8 .functor BUFZ 16, C4<zzzzzzzzzzzzzzzz>; HiZ drive
v0x5574535b9660_416 .net v0x5574535b9660 416, 15 0, o0x7f4e40ae8ea8; 0 drivers
o0x7f4e40ae8ed8 .functor BUFZ 16, C4<zzzzzzzzzzzzzzzz>; HiZ drive
v0x5574535b9660_417 .net v0x5574535b9660 417, 15 0, o0x7f4e40ae8ed8; 0 drivers
o0x7f4e40ae8f08 .functor BUFZ 16, C4<zzzzzzzzzzzzzzzz>; HiZ drive
v0x5574535b9660_418 .net v0x5574535b9660 418, 15 0, o0x7f4e40ae8f08; 0 drivers
o0x7f4e40ae8f38 .functor BUFZ 16, C4<zzzzzzzzzzzzzzzz>; HiZ drive
v0x5574535b9660_419 .net v0x5574535b9660 419, 15 0, o0x7f4e40ae8f38; 0 drivers
o0x7f4e40ae8f68 .functor BUFZ 16, C4<zzzzzzzzzzzzzzzz>; HiZ drive
v0x5574535b9660_420 .net v0x5574535b9660 420, 15 0, o0x7f4e40ae8f68; 0 drivers
o0x7f4e40ae8f98 .functor BUFZ 16, C4<zzzzzzzzzzzzzzzz>; HiZ drive
v0x5574535b9660_421 .net v0x5574535b9660 421, 15 0, o0x7f4e40ae8f98; 0 drivers
o0x7f4e40ae8fc8 .functor BUFZ 16, C4<zzzzzzzzzzzzzzzz>; HiZ drive
v0x5574535b9660_422 .net v0x5574535b9660 422, 15 0, o0x7f4e40ae8fc8; 0 drivers
o0x7f4e40ae8ff8 .functor BUFZ 16, C4<zzzzzzzzzzzzzzzz>; HiZ drive
v0x5574535b9660_423 .net v0x5574535b9660 423, 15 0, o0x7f4e40ae8ff8; 0 drivers
o0x7f4e40ae9028 .functor BUFZ 16, C4<zzzzzzzzzzzzzzzz>; HiZ drive
v0x5574535b9660_424 .net v0x5574535b9660 424, 15 0, o0x7f4e40ae9028; 0 drivers
o0x7f4e40ae9058 .functor BUFZ 16, C4<zzzzzzzzzzzzzzzz>; HiZ drive
v0x5574535b9660_425 .net v0x5574535b9660 425, 15 0, o0x7f4e40ae9058; 0 drivers
o0x7f4e40ae9088 .functor BUFZ 16, C4<zzzzzzzzzzzzzzzz>; HiZ drive
v0x5574535b9660_426 .net v0x5574535b9660 426, 15 0, o0x7f4e40ae9088; 0 drivers
o0x7f4e40ae90b8 .functor BUFZ 16, C4<zzzzzzzzzzzzzzzz>; HiZ drive
v0x5574535b9660_427 .net v0x5574535b9660 427, 15 0, o0x7f4e40ae90b8; 0 drivers
o0x7f4e40ae90e8 .functor BUFZ 16, C4<zzzzzzzzzzzzzzzz>; HiZ drive
v0x5574535b9660_428 .net v0x5574535b9660 428, 15 0, o0x7f4e40ae90e8; 0 drivers
o0x7f4e40ae9118 .functor BUFZ 16, C4<zzzzzzzzzzzzzzzz>; HiZ drive
v0x5574535b9660_429 .net v0x5574535b9660 429, 15 0, o0x7f4e40ae9118; 0 drivers
o0x7f4e40ae9148 .functor BUFZ 16, C4<zzzzzzzzzzzzzzzz>; HiZ drive
v0x5574535b9660_430 .net v0x5574535b9660 430, 15 0, o0x7f4e40ae9148; 0 drivers
o0x7f4e40ae9178 .functor BUFZ 16, C4<zzzzzzzzzzzzzzzz>; HiZ drive
v0x5574535b9660_431 .net v0x5574535b9660 431, 15 0, o0x7f4e40ae9178; 0 drivers
o0x7f4e40ae91a8 .functor BUFZ 16, C4<zzzzzzzzzzzzzzzz>; HiZ drive
v0x5574535b9660_432 .net v0x5574535b9660 432, 15 0, o0x7f4e40ae91a8; 0 drivers
o0x7f4e40ae91d8 .functor BUFZ 16, C4<zzzzzzzzzzzzzzzz>; HiZ drive
v0x5574535b9660_433 .net v0x5574535b9660 433, 15 0, o0x7f4e40ae91d8; 0 drivers
o0x7f4e40ae9208 .functor BUFZ 16, C4<zzzzzzzzzzzzzzzz>; HiZ drive
v0x5574535b9660_434 .net v0x5574535b9660 434, 15 0, o0x7f4e40ae9208; 0 drivers
o0x7f4e40ae9238 .functor BUFZ 16, C4<zzzzzzzzzzzzzzzz>; HiZ drive
v0x5574535b9660_435 .net v0x5574535b9660 435, 15 0, o0x7f4e40ae9238; 0 drivers
o0x7f4e40ae9268 .functor BUFZ 16, C4<zzzzzzzzzzzzzzzz>; HiZ drive
v0x5574535b9660_436 .net v0x5574535b9660 436, 15 0, o0x7f4e40ae9268; 0 drivers
o0x7f4e40ae9298 .functor BUFZ 16, C4<zzzzzzzzzzzzzzzz>; HiZ drive
v0x5574535b9660_437 .net v0x5574535b9660 437, 15 0, o0x7f4e40ae9298; 0 drivers
o0x7f4e40ae92c8 .functor BUFZ 16, C4<zzzzzzzzzzzzzzzz>; HiZ drive
v0x5574535b9660_438 .net v0x5574535b9660 438, 15 0, o0x7f4e40ae92c8; 0 drivers
o0x7f4e40ae92f8 .functor BUFZ 16, C4<zzzzzzzzzzzzzzzz>; HiZ drive
v0x5574535b9660_439 .net v0x5574535b9660 439, 15 0, o0x7f4e40ae92f8; 0 drivers
o0x7f4e40ae9328 .functor BUFZ 16, C4<zzzzzzzzzzzzzzzz>; HiZ drive
v0x5574535b9660_440 .net v0x5574535b9660 440, 15 0, o0x7f4e40ae9328; 0 drivers
o0x7f4e40ae9358 .functor BUFZ 16, C4<zzzzzzzzzzzzzzzz>; HiZ drive
v0x5574535b9660_441 .net v0x5574535b9660 441, 15 0, o0x7f4e40ae9358; 0 drivers
o0x7f4e40ae9388 .functor BUFZ 16, C4<zzzzzzzzzzzzzzzz>; HiZ drive
v0x5574535b9660_442 .net v0x5574535b9660 442, 15 0, o0x7f4e40ae9388; 0 drivers
o0x7f4e40ae93b8 .functor BUFZ 16, C4<zzzzzzzzzzzzzzzz>; HiZ drive
v0x5574535b9660_443 .net v0x5574535b9660 443, 15 0, o0x7f4e40ae93b8; 0 drivers
o0x7f4e40ae93e8 .functor BUFZ 16, C4<zzzzzzzzzzzzzzzz>; HiZ drive
v0x5574535b9660_444 .net v0x5574535b9660 444, 15 0, o0x7f4e40ae93e8; 0 drivers
o0x7f4e40ae9418 .functor BUFZ 16, C4<zzzzzzzzzzzzzzzz>; HiZ drive
v0x5574535b9660_445 .net v0x5574535b9660 445, 15 0, o0x7f4e40ae9418; 0 drivers
o0x7f4e40ae9448 .functor BUFZ 16, C4<zzzzzzzzzzzzzzzz>; HiZ drive
v0x5574535b9660_446 .net v0x5574535b9660 446, 15 0, o0x7f4e40ae9448; 0 drivers
o0x7f4e40ae9478 .functor BUFZ 16, C4<zzzzzzzzzzzzzzzz>; HiZ drive
v0x5574535b9660_447 .net v0x5574535b9660 447, 15 0, o0x7f4e40ae9478; 0 drivers
o0x7f4e40ae94a8 .functor BUFZ 16, C4<zzzzzzzzzzzzzzzz>; HiZ drive
v0x5574535b9660_448 .net v0x5574535b9660 448, 15 0, o0x7f4e40ae94a8; 0 drivers
o0x7f4e40ae94d8 .functor BUFZ 16, C4<zzzzzzzzzzzzzzzz>; HiZ drive
v0x5574535b9660_449 .net v0x5574535b9660 449, 15 0, o0x7f4e40ae94d8; 0 drivers
o0x7f4e40ae9508 .functor BUFZ 16, C4<zzzzzzzzzzzzzzzz>; HiZ drive
v0x5574535b9660_450 .net v0x5574535b9660 450, 15 0, o0x7f4e40ae9508; 0 drivers
o0x7f4e40ae9538 .functor BUFZ 16, C4<zzzzzzzzzzzzzzzz>; HiZ drive
v0x5574535b9660_451 .net v0x5574535b9660 451, 15 0, o0x7f4e40ae9538; 0 drivers
o0x7f4e40ae9568 .functor BUFZ 16, C4<zzzzzzzzzzzzzzzz>; HiZ drive
v0x5574535b9660_452 .net v0x5574535b9660 452, 15 0, o0x7f4e40ae9568; 0 drivers
o0x7f4e40ae9598 .functor BUFZ 16, C4<zzzzzzzzzzzzzzzz>; HiZ drive
v0x5574535b9660_453 .net v0x5574535b9660 453, 15 0, o0x7f4e40ae9598; 0 drivers
o0x7f4e40ae95c8 .functor BUFZ 16, C4<zzzzzzzzzzzzzzzz>; HiZ drive
v0x5574535b9660_454 .net v0x5574535b9660 454, 15 0, o0x7f4e40ae95c8; 0 drivers
o0x7f4e40ae95f8 .functor BUFZ 16, C4<zzzzzzzzzzzzzzzz>; HiZ drive
v0x5574535b9660_455 .net v0x5574535b9660 455, 15 0, o0x7f4e40ae95f8; 0 drivers
o0x7f4e40ae9628 .functor BUFZ 16, C4<zzzzzzzzzzzzzzzz>; HiZ drive
v0x5574535b9660_456 .net v0x5574535b9660 456, 15 0, o0x7f4e40ae9628; 0 drivers
o0x7f4e40ae9658 .functor BUFZ 16, C4<zzzzzzzzzzzzzzzz>; HiZ drive
v0x5574535b9660_457 .net v0x5574535b9660 457, 15 0, o0x7f4e40ae9658; 0 drivers
o0x7f4e40ae9688 .functor BUFZ 16, C4<zzzzzzzzzzzzzzzz>; HiZ drive
v0x5574535b9660_458 .net v0x5574535b9660 458, 15 0, o0x7f4e40ae9688; 0 drivers
o0x7f4e40ae96b8 .functor BUFZ 16, C4<zzzzzzzzzzzzzzzz>; HiZ drive
v0x5574535b9660_459 .net v0x5574535b9660 459, 15 0, o0x7f4e40ae96b8; 0 drivers
o0x7f4e40ae96e8 .functor BUFZ 16, C4<zzzzzzzzzzzzzzzz>; HiZ drive
v0x5574535b9660_460 .net v0x5574535b9660 460, 15 0, o0x7f4e40ae96e8; 0 drivers
o0x7f4e40ae9718 .functor BUFZ 16, C4<zzzzzzzzzzzzzzzz>; HiZ drive
v0x5574535b9660_461 .net v0x5574535b9660 461, 15 0, o0x7f4e40ae9718; 0 drivers
o0x7f4e40ae9748 .functor BUFZ 16, C4<zzzzzzzzzzzzzzzz>; HiZ drive
v0x5574535b9660_462 .net v0x5574535b9660 462, 15 0, o0x7f4e40ae9748; 0 drivers
o0x7f4e40ae9778 .functor BUFZ 16, C4<zzzzzzzzzzzzzzzz>; HiZ drive
v0x5574535b9660_463 .net v0x5574535b9660 463, 15 0, o0x7f4e40ae9778; 0 drivers
o0x7f4e40ae97a8 .functor BUFZ 16, C4<zzzzzzzzzzzzzzzz>; HiZ drive
v0x5574535b9660_464 .net v0x5574535b9660 464, 15 0, o0x7f4e40ae97a8; 0 drivers
o0x7f4e40ae97d8 .functor BUFZ 16, C4<zzzzzzzzzzzzzzzz>; HiZ drive
v0x5574535b9660_465 .net v0x5574535b9660 465, 15 0, o0x7f4e40ae97d8; 0 drivers
o0x7f4e40ae9808 .functor BUFZ 16, C4<zzzzzzzzzzzzzzzz>; HiZ drive
v0x5574535b9660_466 .net v0x5574535b9660 466, 15 0, o0x7f4e40ae9808; 0 drivers
o0x7f4e40ae9838 .functor BUFZ 16, C4<zzzzzzzzzzzzzzzz>; HiZ drive
v0x5574535b9660_467 .net v0x5574535b9660 467, 15 0, o0x7f4e40ae9838; 0 drivers
o0x7f4e40ae9868 .functor BUFZ 16, C4<zzzzzzzzzzzzzzzz>; HiZ drive
v0x5574535b9660_468 .net v0x5574535b9660 468, 15 0, o0x7f4e40ae9868; 0 drivers
o0x7f4e40ae9898 .functor BUFZ 16, C4<zzzzzzzzzzzzzzzz>; HiZ drive
v0x5574535b9660_469 .net v0x5574535b9660 469, 15 0, o0x7f4e40ae9898; 0 drivers
o0x7f4e40ae98c8 .functor BUFZ 16, C4<zzzzzzzzzzzzzzzz>; HiZ drive
v0x5574535b9660_470 .net v0x5574535b9660 470, 15 0, o0x7f4e40ae98c8; 0 drivers
o0x7f4e40ae98f8 .functor BUFZ 16, C4<zzzzzzzzzzzzzzzz>; HiZ drive
v0x5574535b9660_471 .net v0x5574535b9660 471, 15 0, o0x7f4e40ae98f8; 0 drivers
o0x7f4e40ae9928 .functor BUFZ 16, C4<zzzzzzzzzzzzzzzz>; HiZ drive
v0x5574535b9660_472 .net v0x5574535b9660 472, 15 0, o0x7f4e40ae9928; 0 drivers
o0x7f4e40ae9958 .functor BUFZ 16, C4<zzzzzzzzzzzzzzzz>; HiZ drive
v0x5574535b9660_473 .net v0x5574535b9660 473, 15 0, o0x7f4e40ae9958; 0 drivers
o0x7f4e40ae9988 .functor BUFZ 16, C4<zzzzzzzzzzzzzzzz>; HiZ drive
v0x5574535b9660_474 .net v0x5574535b9660 474, 15 0, o0x7f4e40ae9988; 0 drivers
o0x7f4e40ae99b8 .functor BUFZ 16, C4<zzzzzzzzzzzzzzzz>; HiZ drive
v0x5574535b9660_475 .net v0x5574535b9660 475, 15 0, o0x7f4e40ae99b8; 0 drivers
o0x7f4e40ae99e8 .functor BUFZ 16, C4<zzzzzzzzzzzzzzzz>; HiZ drive
v0x5574535b9660_476 .net v0x5574535b9660 476, 15 0, o0x7f4e40ae99e8; 0 drivers
o0x7f4e40ae9a18 .functor BUFZ 16, C4<zzzzzzzzzzzzzzzz>; HiZ drive
v0x5574535b9660_477 .net v0x5574535b9660 477, 15 0, o0x7f4e40ae9a18; 0 drivers
o0x7f4e40ae9a48 .functor BUFZ 16, C4<zzzzzzzzzzzzzzzz>; HiZ drive
v0x5574535b9660_478 .net v0x5574535b9660 478, 15 0, o0x7f4e40ae9a48; 0 drivers
o0x7f4e40ae9a78 .functor BUFZ 16, C4<zzzzzzzzzzzzzzzz>; HiZ drive
v0x5574535b9660_479 .net v0x5574535b9660 479, 15 0, o0x7f4e40ae9a78; 0 drivers
o0x7f4e40ae9aa8 .functor BUFZ 16, C4<zzzzzzzzzzzzzzzz>; HiZ drive
v0x5574535b9660_480 .net v0x5574535b9660 480, 15 0, o0x7f4e40ae9aa8; 0 drivers
o0x7f4e40ae9ad8 .functor BUFZ 16, C4<zzzzzzzzzzzzzzzz>; HiZ drive
v0x5574535b9660_481 .net v0x5574535b9660 481, 15 0, o0x7f4e40ae9ad8; 0 drivers
o0x7f4e40ae9b08 .functor BUFZ 16, C4<zzzzzzzzzzzzzzzz>; HiZ drive
v0x5574535b9660_482 .net v0x5574535b9660 482, 15 0, o0x7f4e40ae9b08; 0 drivers
o0x7f4e40ae9b38 .functor BUFZ 16, C4<zzzzzzzzzzzzzzzz>; HiZ drive
v0x5574535b9660_483 .net v0x5574535b9660 483, 15 0, o0x7f4e40ae9b38; 0 drivers
o0x7f4e40ae9b68 .functor BUFZ 16, C4<zzzzzzzzzzzzzzzz>; HiZ drive
v0x5574535b9660_484 .net v0x5574535b9660 484, 15 0, o0x7f4e40ae9b68; 0 drivers
o0x7f4e40ae9b98 .functor BUFZ 16, C4<zzzzzzzzzzzzzzzz>; HiZ drive
v0x5574535b9660_485 .net v0x5574535b9660 485, 15 0, o0x7f4e40ae9b98; 0 drivers
o0x7f4e40ae9bc8 .functor BUFZ 16, C4<zzzzzzzzzzzzzzzz>; HiZ drive
v0x5574535b9660_486 .net v0x5574535b9660 486, 15 0, o0x7f4e40ae9bc8; 0 drivers
o0x7f4e40ae9bf8 .functor BUFZ 16, C4<zzzzzzzzzzzzzzzz>; HiZ drive
v0x5574535b9660_487 .net v0x5574535b9660 487, 15 0, o0x7f4e40ae9bf8; 0 drivers
o0x7f4e40ae9c28 .functor BUFZ 16, C4<zzzzzzzzzzzzzzzz>; HiZ drive
v0x5574535b9660_488 .net v0x5574535b9660 488, 15 0, o0x7f4e40ae9c28; 0 drivers
o0x7f4e40ae9c58 .functor BUFZ 16, C4<zzzzzzzzzzzzzzzz>; HiZ drive
v0x5574535b9660_489 .net v0x5574535b9660 489, 15 0, o0x7f4e40ae9c58; 0 drivers
o0x7f4e40ae9c88 .functor BUFZ 16, C4<zzzzzzzzzzzzzzzz>; HiZ drive
v0x5574535b9660_490 .net v0x5574535b9660 490, 15 0, o0x7f4e40ae9c88; 0 drivers
o0x7f4e40ae9cb8 .functor BUFZ 16, C4<zzzzzzzzzzzzzzzz>; HiZ drive
v0x5574535b9660_491 .net v0x5574535b9660 491, 15 0, o0x7f4e40ae9cb8; 0 drivers
o0x7f4e40ae9ce8 .functor BUFZ 16, C4<zzzzzzzzzzzzzzzz>; HiZ drive
v0x5574535b9660_492 .net v0x5574535b9660 492, 15 0, o0x7f4e40ae9ce8; 0 drivers
o0x7f4e40ae9d18 .functor BUFZ 16, C4<zzzzzzzzzzzzzzzz>; HiZ drive
v0x5574535b9660_493 .net v0x5574535b9660 493, 15 0, o0x7f4e40ae9d18; 0 drivers
o0x7f4e40ae9d48 .functor BUFZ 16, C4<zzzzzzzzzzzzzzzz>; HiZ drive
v0x5574535b9660_494 .net v0x5574535b9660 494, 15 0, o0x7f4e40ae9d48; 0 drivers
o0x7f4e40ae9d78 .functor BUFZ 16, C4<zzzzzzzzzzzzzzzz>; HiZ drive
v0x5574535b9660_495 .net v0x5574535b9660 495, 15 0, o0x7f4e40ae9d78; 0 drivers
o0x7f4e40ae9da8 .functor BUFZ 16, C4<zzzzzzzzzzzzzzzz>; HiZ drive
v0x5574535b9660_496 .net v0x5574535b9660 496, 15 0, o0x7f4e40ae9da8; 0 drivers
o0x7f4e40ae9dd8 .functor BUFZ 16, C4<zzzzzzzzzzzzzzzz>; HiZ drive
v0x5574535b9660_497 .net v0x5574535b9660 497, 15 0, o0x7f4e40ae9dd8; 0 drivers
o0x7f4e40ae9e08 .functor BUFZ 16, C4<zzzzzzzzzzzzzzzz>; HiZ drive
v0x5574535b9660_498 .net v0x5574535b9660 498, 15 0, o0x7f4e40ae9e08; 0 drivers
o0x7f4e40ae9e38 .functor BUFZ 16, C4<zzzzzzzzzzzzzzzz>; HiZ drive
v0x5574535b9660_499 .net v0x5574535b9660 499, 15 0, o0x7f4e40ae9e38; 0 drivers
o0x7f4e40ae9e68 .functor BUFZ 16, C4<zzzzzzzzzzzzzzzz>; HiZ drive
v0x5574535b9660_500 .net v0x5574535b9660 500, 15 0, o0x7f4e40ae9e68; 0 drivers
o0x7f4e40ae9e98 .functor BUFZ 16, C4<zzzzzzzzzzzzzzzz>; HiZ drive
v0x5574535b9660_501 .net v0x5574535b9660 501, 15 0, o0x7f4e40ae9e98; 0 drivers
o0x7f4e40ae9ec8 .functor BUFZ 16, C4<zzzzzzzzzzzzzzzz>; HiZ drive
v0x5574535b9660_502 .net v0x5574535b9660 502, 15 0, o0x7f4e40ae9ec8; 0 drivers
o0x7f4e40ae9ef8 .functor BUFZ 16, C4<zzzzzzzzzzzzzzzz>; HiZ drive
v0x5574535b9660_503 .net v0x5574535b9660 503, 15 0, o0x7f4e40ae9ef8; 0 drivers
o0x7f4e40ae9f28 .functor BUFZ 16, C4<zzzzzzzzzzzzzzzz>; HiZ drive
v0x5574535b9660_504 .net v0x5574535b9660 504, 15 0, o0x7f4e40ae9f28; 0 drivers
o0x7f4e40ae9f58 .functor BUFZ 16, C4<zzzzzzzzzzzzzzzz>; HiZ drive
v0x5574535b9660_505 .net v0x5574535b9660 505, 15 0, o0x7f4e40ae9f58; 0 drivers
o0x7f4e40ae9f88 .functor BUFZ 16, C4<zzzzzzzzzzzzzzzz>; HiZ drive
v0x5574535b9660_506 .net v0x5574535b9660 506, 15 0, o0x7f4e40ae9f88; 0 drivers
o0x7f4e40ae9fb8 .functor BUFZ 16, C4<zzzzzzzzzzzzzzzz>; HiZ drive
v0x5574535b9660_507 .net v0x5574535b9660 507, 15 0, o0x7f4e40ae9fb8; 0 drivers
o0x7f4e40ae9fe8 .functor BUFZ 16, C4<zzzzzzzzzzzzzzzz>; HiZ drive
v0x5574535b9660_508 .net v0x5574535b9660 508, 15 0, o0x7f4e40ae9fe8; 0 drivers
o0x7f4e40aea018 .functor BUFZ 16, C4<zzzzzzzzzzzzzzzz>; HiZ drive
v0x5574535b9660_509 .net v0x5574535b9660 509, 15 0, o0x7f4e40aea018; 0 drivers
o0x7f4e40aea048 .functor BUFZ 16, C4<zzzzzzzzzzzzzzzz>; HiZ drive
v0x5574535b9660_510 .net v0x5574535b9660 510, 15 0, o0x7f4e40aea048; 0 drivers
o0x7f4e40aea078 .functor BUFZ 16, C4<zzzzzzzzzzzzzzzz>; HiZ drive
v0x5574535b9660_511 .net v0x5574535b9660 511, 15 0, o0x7f4e40aea078; 0 drivers
v0x5574535b9700 .array "data_out", 511 0, 15 0;
v0x5574535c0e50_0 .var "din_flat", 8191 0;
v0x5574535c0ef0_0 .var "dout_flat", 8191 0;
o0x7f4e40aea108 .functor BUFZ 1, C4<z>; HiZ drive
v0x55745357d690_0 .net "en", 0 0, o0x7f4e40aea108;  0 drivers
o0x7f4e40aea138 .functor BUFZ 1, C4<z>; HiZ drive
v0x55745357d750_0 .net "rst_n", 0 0, o0x7f4e40aea138;  0 drivers
o0x7f4e40aea168 .functor BUFZ 1, C4<z>; HiZ drive
v0x55745357d180_0 .net "valid_in", 0 0, o0x7f4e40aea168;  0 drivers
v0x55745357cc30_0 .var "valid_out", 0 0;
E_0x557453417fc0 .event edge, v0x5574535c0ef0_0;
E_0x557453400fa0/0 .event negedge, v0x55745357d750_0;
E_0x557453400fa0/1 .event posedge, v0x557453429c80_0;
E_0x557453400fa0 .event/or E_0x557453400fa0/0, E_0x557453400fa0/1;
E_0x5574535eea30/0 .event edge, v0x5574535b9660_0, v0x5574535b9660_1, v0x5574535b9660_2, v0x5574535b9660_3;
E_0x5574535eea30/1 .event edge, v0x5574535b9660_4, v0x5574535b9660_5, v0x5574535b9660_6, v0x5574535b9660_7;
E_0x5574535eea30/2 .event edge, v0x5574535b9660_8, v0x5574535b9660_9, v0x5574535b9660_10, v0x5574535b9660_11;
E_0x5574535eea30/3 .event edge, v0x5574535b9660_12, v0x5574535b9660_13, v0x5574535b9660_14, v0x5574535b9660_15;
E_0x5574535eea30/4 .event edge, v0x5574535b9660_16, v0x5574535b9660_17, v0x5574535b9660_18, v0x5574535b9660_19;
E_0x5574535eea30/5 .event edge, v0x5574535b9660_20, v0x5574535b9660_21, v0x5574535b9660_22, v0x5574535b9660_23;
E_0x5574535eea30/6 .event edge, v0x5574535b9660_24, v0x5574535b9660_25, v0x5574535b9660_26, v0x5574535b9660_27;
E_0x5574535eea30/7 .event edge, v0x5574535b9660_28, v0x5574535b9660_29, v0x5574535b9660_30, v0x5574535b9660_31;
E_0x5574535eea30/8 .event edge, v0x5574535b9660_32, v0x5574535b9660_33, v0x5574535b9660_34, v0x5574535b9660_35;
E_0x5574535eea30/9 .event edge, v0x5574535b9660_36, v0x5574535b9660_37, v0x5574535b9660_38, v0x5574535b9660_39;
E_0x5574535eea30/10 .event edge, v0x5574535b9660_40, v0x5574535b9660_41, v0x5574535b9660_42, v0x5574535b9660_43;
E_0x5574535eea30/11 .event edge, v0x5574535b9660_44, v0x5574535b9660_45, v0x5574535b9660_46, v0x5574535b9660_47;
E_0x5574535eea30/12 .event edge, v0x5574535b9660_48, v0x5574535b9660_49, v0x5574535b9660_50, v0x5574535b9660_51;
E_0x5574535eea30/13 .event edge, v0x5574535b9660_52, v0x5574535b9660_53, v0x5574535b9660_54, v0x5574535b9660_55;
E_0x5574535eea30/14 .event edge, v0x5574535b9660_56, v0x5574535b9660_57, v0x5574535b9660_58, v0x5574535b9660_59;
E_0x5574535eea30/15 .event edge, v0x5574535b9660_60, v0x5574535b9660_61, v0x5574535b9660_62, v0x5574535b9660_63;
E_0x5574535eea30/16 .event edge, v0x5574535b9660_64, v0x5574535b9660_65, v0x5574535b9660_66, v0x5574535b9660_67;
E_0x5574535eea30/17 .event edge, v0x5574535b9660_68, v0x5574535b9660_69, v0x5574535b9660_70, v0x5574535b9660_71;
E_0x5574535eea30/18 .event edge, v0x5574535b9660_72, v0x5574535b9660_73, v0x5574535b9660_74, v0x5574535b9660_75;
E_0x5574535eea30/19 .event edge, v0x5574535b9660_76, v0x5574535b9660_77, v0x5574535b9660_78, v0x5574535b9660_79;
E_0x5574535eea30/20 .event edge, v0x5574535b9660_80, v0x5574535b9660_81, v0x5574535b9660_82, v0x5574535b9660_83;
E_0x5574535eea30/21 .event edge, v0x5574535b9660_84, v0x5574535b9660_85, v0x5574535b9660_86, v0x5574535b9660_87;
E_0x5574535eea30/22 .event edge, v0x5574535b9660_88, v0x5574535b9660_89, v0x5574535b9660_90, v0x5574535b9660_91;
E_0x5574535eea30/23 .event edge, v0x5574535b9660_92, v0x5574535b9660_93, v0x5574535b9660_94, v0x5574535b9660_95;
E_0x5574535eea30/24 .event edge, v0x5574535b9660_96, v0x5574535b9660_97, v0x5574535b9660_98, v0x5574535b9660_99;
E_0x5574535eea30/25 .event edge, v0x5574535b9660_100, v0x5574535b9660_101, v0x5574535b9660_102, v0x5574535b9660_103;
E_0x5574535eea30/26 .event edge, v0x5574535b9660_104, v0x5574535b9660_105, v0x5574535b9660_106, v0x5574535b9660_107;
E_0x5574535eea30/27 .event edge, v0x5574535b9660_108, v0x5574535b9660_109, v0x5574535b9660_110, v0x5574535b9660_111;
E_0x5574535eea30/28 .event edge, v0x5574535b9660_112, v0x5574535b9660_113, v0x5574535b9660_114, v0x5574535b9660_115;
E_0x5574535eea30/29 .event edge, v0x5574535b9660_116, v0x5574535b9660_117, v0x5574535b9660_118, v0x5574535b9660_119;
E_0x5574535eea30/30 .event edge, v0x5574535b9660_120, v0x5574535b9660_121, v0x5574535b9660_122, v0x5574535b9660_123;
E_0x5574535eea30/31 .event edge, v0x5574535b9660_124, v0x5574535b9660_125, v0x5574535b9660_126, v0x5574535b9660_127;
E_0x5574535eea30/32 .event edge, v0x5574535b9660_128, v0x5574535b9660_129, v0x5574535b9660_130, v0x5574535b9660_131;
E_0x5574535eea30/33 .event edge, v0x5574535b9660_132, v0x5574535b9660_133, v0x5574535b9660_134, v0x5574535b9660_135;
E_0x5574535eea30/34 .event edge, v0x5574535b9660_136, v0x5574535b9660_137, v0x5574535b9660_138, v0x5574535b9660_139;
E_0x5574535eea30/35 .event edge, v0x5574535b9660_140, v0x5574535b9660_141, v0x5574535b9660_142, v0x5574535b9660_143;
E_0x5574535eea30/36 .event edge, v0x5574535b9660_144, v0x5574535b9660_145, v0x5574535b9660_146, v0x5574535b9660_147;
E_0x5574535eea30/37 .event edge, v0x5574535b9660_148, v0x5574535b9660_149, v0x5574535b9660_150, v0x5574535b9660_151;
E_0x5574535eea30/38 .event edge, v0x5574535b9660_152, v0x5574535b9660_153, v0x5574535b9660_154, v0x5574535b9660_155;
E_0x5574535eea30/39 .event edge, v0x5574535b9660_156, v0x5574535b9660_157, v0x5574535b9660_158, v0x5574535b9660_159;
E_0x5574535eea30/40 .event edge, v0x5574535b9660_160, v0x5574535b9660_161, v0x5574535b9660_162, v0x5574535b9660_163;
E_0x5574535eea30/41 .event edge, v0x5574535b9660_164, v0x5574535b9660_165, v0x5574535b9660_166, v0x5574535b9660_167;
E_0x5574535eea30/42 .event edge, v0x5574535b9660_168, v0x5574535b9660_169, v0x5574535b9660_170, v0x5574535b9660_171;
E_0x5574535eea30/43 .event edge, v0x5574535b9660_172, v0x5574535b9660_173, v0x5574535b9660_174, v0x5574535b9660_175;
E_0x5574535eea30/44 .event edge, v0x5574535b9660_176, v0x5574535b9660_177, v0x5574535b9660_178, v0x5574535b9660_179;
E_0x5574535eea30/45 .event edge, v0x5574535b9660_180, v0x5574535b9660_181, v0x5574535b9660_182, v0x5574535b9660_183;
E_0x5574535eea30/46 .event edge, v0x5574535b9660_184, v0x5574535b9660_185, v0x5574535b9660_186, v0x5574535b9660_187;
E_0x5574535eea30/47 .event edge, v0x5574535b9660_188, v0x5574535b9660_189, v0x5574535b9660_190, v0x5574535b9660_191;
E_0x5574535eea30/48 .event edge, v0x5574535b9660_192, v0x5574535b9660_193, v0x5574535b9660_194, v0x5574535b9660_195;
E_0x5574535eea30/49 .event edge, v0x5574535b9660_196, v0x5574535b9660_197, v0x5574535b9660_198, v0x5574535b9660_199;
E_0x5574535eea30/50 .event edge, v0x5574535b9660_200, v0x5574535b9660_201, v0x5574535b9660_202, v0x5574535b9660_203;
E_0x5574535eea30/51 .event edge, v0x5574535b9660_204, v0x5574535b9660_205, v0x5574535b9660_206, v0x5574535b9660_207;
E_0x5574535eea30/52 .event edge, v0x5574535b9660_208, v0x5574535b9660_209, v0x5574535b9660_210, v0x5574535b9660_211;
E_0x5574535eea30/53 .event edge, v0x5574535b9660_212, v0x5574535b9660_213, v0x5574535b9660_214, v0x5574535b9660_215;
E_0x5574535eea30/54 .event edge, v0x5574535b9660_216, v0x5574535b9660_217, v0x5574535b9660_218, v0x5574535b9660_219;
E_0x5574535eea30/55 .event edge, v0x5574535b9660_220, v0x5574535b9660_221, v0x5574535b9660_222, v0x5574535b9660_223;
E_0x5574535eea30/56 .event edge, v0x5574535b9660_224, v0x5574535b9660_225, v0x5574535b9660_226, v0x5574535b9660_227;
E_0x5574535eea30/57 .event edge, v0x5574535b9660_228, v0x5574535b9660_229, v0x5574535b9660_230, v0x5574535b9660_231;
E_0x5574535eea30/58 .event edge, v0x5574535b9660_232, v0x5574535b9660_233, v0x5574535b9660_234, v0x5574535b9660_235;
E_0x5574535eea30/59 .event edge, v0x5574535b9660_236, v0x5574535b9660_237, v0x5574535b9660_238, v0x5574535b9660_239;
E_0x5574535eea30/60 .event edge, v0x5574535b9660_240, v0x5574535b9660_241, v0x5574535b9660_242, v0x5574535b9660_243;
E_0x5574535eea30/61 .event edge, v0x5574535b9660_244, v0x5574535b9660_245, v0x5574535b9660_246, v0x5574535b9660_247;
E_0x5574535eea30/62 .event edge, v0x5574535b9660_248, v0x5574535b9660_249, v0x5574535b9660_250, v0x5574535b9660_251;
E_0x5574535eea30/63 .event edge, v0x5574535b9660_252, v0x5574535b9660_253, v0x5574535b9660_254, v0x5574535b9660_255;
E_0x5574535eea30/64 .event edge, v0x5574535b9660_256, v0x5574535b9660_257, v0x5574535b9660_258, v0x5574535b9660_259;
E_0x5574535eea30/65 .event edge, v0x5574535b9660_260, v0x5574535b9660_261, v0x5574535b9660_262, v0x5574535b9660_263;
E_0x5574535eea30/66 .event edge, v0x5574535b9660_264, v0x5574535b9660_265, v0x5574535b9660_266, v0x5574535b9660_267;
E_0x5574535eea30/67 .event edge, v0x5574535b9660_268, v0x5574535b9660_269, v0x5574535b9660_270, v0x5574535b9660_271;
E_0x5574535eea30/68 .event edge, v0x5574535b9660_272, v0x5574535b9660_273, v0x5574535b9660_274, v0x5574535b9660_275;
E_0x5574535eea30/69 .event edge, v0x5574535b9660_276, v0x5574535b9660_277, v0x5574535b9660_278, v0x5574535b9660_279;
E_0x5574535eea30/70 .event edge, v0x5574535b9660_280, v0x5574535b9660_281, v0x5574535b9660_282, v0x5574535b9660_283;
E_0x5574535eea30/71 .event edge, v0x5574535b9660_284, v0x5574535b9660_285, v0x5574535b9660_286, v0x5574535b9660_287;
E_0x5574535eea30/72 .event edge, v0x5574535b9660_288, v0x5574535b9660_289, v0x5574535b9660_290, v0x5574535b9660_291;
E_0x5574535eea30/73 .event edge, v0x5574535b9660_292, v0x5574535b9660_293, v0x5574535b9660_294, v0x5574535b9660_295;
E_0x5574535eea30/74 .event edge, v0x5574535b9660_296, v0x5574535b9660_297, v0x5574535b9660_298, v0x5574535b9660_299;
E_0x5574535eea30/75 .event edge, v0x5574535b9660_300, v0x5574535b9660_301, v0x5574535b9660_302, v0x5574535b9660_303;
E_0x5574535eea30/76 .event edge, v0x5574535b9660_304, v0x5574535b9660_305, v0x5574535b9660_306, v0x5574535b9660_307;
E_0x5574535eea30/77 .event edge, v0x5574535b9660_308, v0x5574535b9660_309, v0x5574535b9660_310, v0x5574535b9660_311;
E_0x5574535eea30/78 .event edge, v0x5574535b9660_312, v0x5574535b9660_313, v0x5574535b9660_314, v0x5574535b9660_315;
E_0x5574535eea30/79 .event edge, v0x5574535b9660_316, v0x5574535b9660_317, v0x5574535b9660_318, v0x5574535b9660_319;
E_0x5574535eea30/80 .event edge, v0x5574535b9660_320, v0x5574535b9660_321, v0x5574535b9660_322, v0x5574535b9660_323;
E_0x5574535eea30/81 .event edge, v0x5574535b9660_324, v0x5574535b9660_325, v0x5574535b9660_326, v0x5574535b9660_327;
E_0x5574535eea30/82 .event edge, v0x5574535b9660_328, v0x5574535b9660_329, v0x5574535b9660_330, v0x5574535b9660_331;
E_0x5574535eea30/83 .event edge, v0x5574535b9660_332, v0x5574535b9660_333, v0x5574535b9660_334, v0x5574535b9660_335;
E_0x5574535eea30/84 .event edge, v0x5574535b9660_336, v0x5574535b9660_337, v0x5574535b9660_338, v0x5574535b9660_339;
E_0x5574535eea30/85 .event edge, v0x5574535b9660_340, v0x5574535b9660_341, v0x5574535b9660_342, v0x5574535b9660_343;
E_0x5574535eea30/86 .event edge, v0x5574535b9660_344, v0x5574535b9660_345, v0x5574535b9660_346, v0x5574535b9660_347;
E_0x5574535eea30/87 .event edge, v0x5574535b9660_348, v0x5574535b9660_349, v0x5574535b9660_350, v0x5574535b9660_351;
E_0x5574535eea30/88 .event edge, v0x5574535b9660_352, v0x5574535b9660_353, v0x5574535b9660_354, v0x5574535b9660_355;
E_0x5574535eea30/89 .event edge, v0x5574535b9660_356, v0x5574535b9660_357, v0x5574535b9660_358, v0x5574535b9660_359;
E_0x5574535eea30/90 .event edge, v0x5574535b9660_360, v0x5574535b9660_361, v0x5574535b9660_362, v0x5574535b9660_363;
E_0x5574535eea30/91 .event edge, v0x5574535b9660_364, v0x5574535b9660_365, v0x5574535b9660_366, v0x5574535b9660_367;
E_0x5574535eea30/92 .event edge, v0x5574535b9660_368, v0x5574535b9660_369, v0x5574535b9660_370, v0x5574535b9660_371;
E_0x5574535eea30/93 .event edge, v0x5574535b9660_372, v0x5574535b9660_373, v0x5574535b9660_374, v0x5574535b9660_375;
E_0x5574535eea30/94 .event edge, v0x5574535b9660_376, v0x5574535b9660_377, v0x5574535b9660_378, v0x5574535b9660_379;
E_0x5574535eea30/95 .event edge, v0x5574535b9660_380, v0x5574535b9660_381, v0x5574535b9660_382, v0x5574535b9660_383;
E_0x5574535eea30/96 .event edge, v0x5574535b9660_384, v0x5574535b9660_385, v0x5574535b9660_386, v0x5574535b9660_387;
E_0x5574535eea30/97 .event edge, v0x5574535b9660_388, v0x5574535b9660_389, v0x5574535b9660_390, v0x5574535b9660_391;
E_0x5574535eea30/98 .event edge, v0x5574535b9660_392, v0x5574535b9660_393, v0x5574535b9660_394, v0x5574535b9660_395;
E_0x5574535eea30/99 .event edge, v0x5574535b9660_396, v0x5574535b9660_397, v0x5574535b9660_398, v0x5574535b9660_399;
E_0x5574535eea30/100 .event edge, v0x5574535b9660_400, v0x5574535b9660_401, v0x5574535b9660_402, v0x5574535b9660_403;
E_0x5574535eea30/101 .event edge, v0x5574535b9660_404, v0x5574535b9660_405, v0x5574535b9660_406, v0x5574535b9660_407;
E_0x5574535eea30/102 .event edge, v0x5574535b9660_408, v0x5574535b9660_409, v0x5574535b9660_410, v0x5574535b9660_411;
E_0x5574535eea30/103 .event edge, v0x5574535b9660_412, v0x5574535b9660_413, v0x5574535b9660_414, v0x5574535b9660_415;
E_0x5574535eea30/104 .event edge, v0x5574535b9660_416, v0x5574535b9660_417, v0x5574535b9660_418, v0x5574535b9660_419;
E_0x5574535eea30/105 .event edge, v0x5574535b9660_420, v0x5574535b9660_421, v0x5574535b9660_422, v0x5574535b9660_423;
E_0x5574535eea30/106 .event edge, v0x5574535b9660_424, v0x5574535b9660_425, v0x5574535b9660_426, v0x5574535b9660_427;
E_0x5574535eea30/107 .event edge, v0x5574535b9660_428, v0x5574535b9660_429, v0x5574535b9660_430, v0x5574535b9660_431;
E_0x5574535eea30/108 .event edge, v0x5574535b9660_432, v0x5574535b9660_433, v0x5574535b9660_434, v0x5574535b9660_435;
E_0x5574535eea30/109 .event edge, v0x5574535b9660_436, v0x5574535b9660_437, v0x5574535b9660_438, v0x5574535b9660_439;
E_0x5574535eea30/110 .event edge, v0x5574535b9660_440, v0x5574535b9660_441, v0x5574535b9660_442, v0x5574535b9660_443;
E_0x5574535eea30/111 .event edge, v0x5574535b9660_444, v0x5574535b9660_445, v0x5574535b9660_446, v0x5574535b9660_447;
E_0x5574535eea30/112 .event edge, v0x5574535b9660_448, v0x5574535b9660_449, v0x5574535b9660_450, v0x5574535b9660_451;
E_0x5574535eea30/113 .event edge, v0x5574535b9660_452, v0x5574535b9660_453, v0x5574535b9660_454, v0x5574535b9660_455;
E_0x5574535eea30/114 .event edge, v0x5574535b9660_456, v0x5574535b9660_457, v0x5574535b9660_458, v0x5574535b9660_459;
E_0x5574535eea30/115 .event edge, v0x5574535b9660_460, v0x5574535b9660_461, v0x5574535b9660_462, v0x5574535b9660_463;
E_0x5574535eea30/116 .event edge, v0x5574535b9660_464, v0x5574535b9660_465, v0x5574535b9660_466, v0x5574535b9660_467;
E_0x5574535eea30/117 .event edge, v0x5574535b9660_468, v0x5574535b9660_469, v0x5574535b9660_470, v0x5574535b9660_471;
E_0x5574535eea30/118 .event edge, v0x5574535b9660_472, v0x5574535b9660_473, v0x5574535b9660_474, v0x5574535b9660_475;
E_0x5574535eea30/119 .event edge, v0x5574535b9660_476, v0x5574535b9660_477, v0x5574535b9660_478, v0x5574535b9660_479;
E_0x5574535eea30/120 .event edge, v0x5574535b9660_480, v0x5574535b9660_481, v0x5574535b9660_482, v0x5574535b9660_483;
E_0x5574535eea30/121 .event edge, v0x5574535b9660_484, v0x5574535b9660_485, v0x5574535b9660_486, v0x5574535b9660_487;
E_0x5574535eea30/122 .event edge, v0x5574535b9660_488, v0x5574535b9660_489, v0x5574535b9660_490, v0x5574535b9660_491;
E_0x5574535eea30/123 .event edge, v0x5574535b9660_492, v0x5574535b9660_493, v0x5574535b9660_494, v0x5574535b9660_495;
E_0x5574535eea30/124 .event edge, v0x5574535b9660_496, v0x5574535b9660_497, v0x5574535b9660_498, v0x5574535b9660_499;
E_0x5574535eea30/125 .event edge, v0x5574535b9660_500, v0x5574535b9660_501, v0x5574535b9660_502, v0x5574535b9660_503;
E_0x5574535eea30/126 .event edge, v0x5574535b9660_504, v0x5574535b9660_505, v0x5574535b9660_506, v0x5574535b9660_507;
E_0x5574535eea30/127 .event edge, v0x5574535b9660_508, v0x5574535b9660_509, v0x5574535b9660_510, v0x5574535b9660_511;
E_0x5574535eea30 .event/or E_0x5574535eea30/0, E_0x5574535eea30/1, E_0x5574535eea30/2, E_0x5574535eea30/3, E_0x5574535eea30/4, E_0x5574535eea30/5, E_0x5574535eea30/6, E_0x5574535eea30/7, E_0x5574535eea30/8, E_0x5574535eea30/9, E_0x5574535eea30/10, E_0x5574535eea30/11, E_0x5574535eea30/12, E_0x5574535eea30/13, E_0x5574535eea30/14, E_0x5574535eea30/15, E_0x5574535eea30/16, E_0x5574535eea30/17, E_0x5574535eea30/18, E_0x5574535eea30/19, E_0x5574535eea30/20, E_0x5574535eea30/21, E_0x5574535eea30/22, E_0x5574535eea30/23, E_0x5574535eea30/24, E_0x5574535eea30/25, E_0x5574535eea30/26, E_0x5574535eea30/27, E_0x5574535eea30/28, E_0x5574535eea30/29, E_0x5574535eea30/30, E_0x5574535eea30/31, E_0x5574535eea30/32, E_0x5574535eea30/33, E_0x5574535eea30/34, E_0x5574535eea30/35, E_0x5574535eea30/36, E_0x5574535eea30/37, E_0x5574535eea30/38, E_0x5574535eea30/39, E_0x5574535eea30/40, E_0x5574535eea30/41, E_0x5574535eea30/42, E_0x5574535eea30/43, E_0x5574535eea30/44, E_0x5574535eea30/45, E_0x5574535eea30/46, E_0x5574535eea30/47, E_0x5574535eea30/48, E_0x5574535eea30/49, E_0x5574535eea30/50, E_0x5574535eea30/51, E_0x5574535eea30/52, E_0x5574535eea30/53, E_0x5574535eea30/54, E_0x5574535eea30/55, E_0x5574535eea30/56, E_0x5574535eea30/57, E_0x5574535eea30/58, E_0x5574535eea30/59, E_0x5574535eea30/60, E_0x5574535eea30/61, E_0x5574535eea30/62, E_0x5574535eea30/63, E_0x5574535eea30/64, E_0x5574535eea30/65, E_0x5574535eea30/66, E_0x5574535eea30/67, E_0x5574535eea30/68, E_0x5574535eea30/69, E_0x5574535eea30/70, E_0x5574535eea30/71, E_0x5574535eea30/72, E_0x5574535eea30/73, E_0x5574535eea30/74, E_0x5574535eea30/75, E_0x5574535eea30/76, E_0x5574535eea30/77, E_0x5574535eea30/78, E_0x5574535eea30/79, E_0x5574535eea30/80, E_0x5574535eea30/81, E_0x5574535eea30/82, E_0x5574535eea30/83, E_0x5574535eea30/84, E_0x5574535eea30/85, E_0x5574535eea30/86, E_0x5574535eea30/87, E_0x5574535eea30/88, E_0x5574535eea30/89, E_0x5574535eea30/90, E_0x5574535eea30/91, E_0x5574535eea30/92, E_0x5574535eea30/93, E_0x5574535eea30/94, E_0x5574535eea30/95, E_0x5574535eea30/96, E_0x5574535eea30/97, E_0x5574535eea30/98, E_0x5574535eea30/99, E_0x5574535eea30/100, E_0x5574535eea30/101, E_0x5574535eea30/102, E_0x5574535eea30/103, E_0x5574535eea30/104, E_0x5574535eea30/105, E_0x5574535eea30/106, E_0x5574535eea30/107, E_0x5574535eea30/108, E_0x5574535eea30/109, E_0x5574535eea30/110, E_0x5574535eea30/111, E_0x5574535eea30/112, E_0x5574535eea30/113, E_0x5574535eea30/114, E_0x5574535eea30/115, E_0x5574535eea30/116, E_0x5574535eea30/117, E_0x5574535eea30/118, E_0x5574535eea30/119, E_0x5574535eea30/120, E_0x5574535eea30/121, E_0x5574535eea30/122, E_0x5574535eea30/123, E_0x5574535eea30/124, E_0x5574535eea30/125, E_0x5574535eea30/126, E_0x5574535eea30/127;
S_0x557453429080 .scope begin, "$ivl_for_loop3" "$ivl_for_loop3" 3 27, 3 27 0, S_0x5574535b1490;
 .timescale -9 -12;
v0x557453434410_0 .var/2s "i", 31 0;
S_0x557453429260 .scope begin, "$ivl_for_loop4" "$ivl_for_loop4" 3 42, 3 42 0, S_0x5574535b1490;
 .timescale -9 -12;
v0x557453434070_0 .var/2s "i", 31 0;
S_0x557453433880 .scope module, "recurrent_datapath" "recurrent_datapath" 4 10;
 .timescale -9 -12;
    .port_info 0 /INPUT 1 "clk";
    .port_info 1 /INPUT 1 "rst_n";
    .port_info 2 /INPUT 1 "sel_external";
    .port_info 3 /INPUT 1 "capture_loop";
    .port_info 4 /INPUT 1 "start_layer";
    .port_info 5 /OUTPUT 1 "layer_done";
    .port_info 6 /INPUT 8192 "ext_data";
    .port_info 7 /INPUT 1 "ext_valid";
    .port_info 8 /OUTPUT 8192 "final_data";
    .port_info 9 /OUTPUT 1 "final_valid";
P_0x557453433a10 .param/l "DATA_WIDTH" 0 4 11, +C4<00000000000000000000000000010000>;
P_0x557453433a50 .param/l "FLAT_W" 1 4 34, +C4<00000000000000000010000000000000>;
P_0x557453433a90 .param/l "LAT_W" 1 4 33, +C4<00000000000000000000000000000010>;
P_0x557453433ad0 .param/l "LAYER_LATENCY" 0 4 13, +C4<00000000000000000000000000000011>;
P_0x557453433b10 .param/l "VECTOR_LEN" 0 4 12, +C4<00000000000000000000001000000000>;
o0x7f4e40aea408 .functor BUFZ 1, C4<z>; HiZ drive
L_0x557453644a70 .functor NOT 1, o0x7f4e40aea408, C4<0>, C4<0>, C4<0>;
L_0x5574535b9540 .functor AND 1, v0x55745363edc0_0, L_0x557453644a70, C4<1>, C4<1>;
L_0x7f4e40a9b018 .functor BUFT 1, C4<01>, C4<0>, C4<0>, C4<0>;
v0x55745360b680_0 .net/2u *"_ivl_512", 1 0, L_0x7f4e40a9b018;  1 drivers
v0x55745360b780_0 .net *"_ivl_516", 0 0, L_0x557453644a70;  1 drivers
v0x55745360b860_0 .var "cap_flat", 8191 0;
v0x55745360b920_0 .var "cap_valid", 0 0;
v0x55745360b9e0_0 .net "capture_loop", 0 0, o0x7f4e40aea408;  0 drivers
o0x7f4e40aea438 .functor BUFZ 1, C4<z>; HiZ drive
v0x55745360baf0_0 .net "clk", 0 0, o0x7f4e40aea438;  0 drivers
v0x55745360bbb0_0 .var "cnt", 1 0;
o0x7f4e40aea498 .functor BUFZ 16, C4<zzzzzzzzzzzzzzzz>; HiZ drive
v0x55745360bc90 .array "ext_data", 511 0;
v0x55745360bc90_0 .net v0x55745360bc90 0, 15 0, o0x7f4e40aea498; 0 drivers
o0x7f4e40aea4c8 .functor BUFZ 16, C4<zzzzzzzzzzzzzzzz>; HiZ drive
v0x55745360bc90_1 .net v0x55745360bc90 1, 15 0, o0x7f4e40aea4c8; 0 drivers
o0x7f4e40aea4f8 .functor BUFZ 16, C4<zzzzzzzzzzzzzzzz>; HiZ drive
v0x55745360bc90_2 .net v0x55745360bc90 2, 15 0, o0x7f4e40aea4f8; 0 drivers
o0x7f4e40aea528 .functor BUFZ 16, C4<zzzzzzzzzzzzzzzz>; HiZ drive
v0x55745360bc90_3 .net v0x55745360bc90 3, 15 0, o0x7f4e40aea528; 0 drivers
o0x7f4e40aea558 .functor BUFZ 16, C4<zzzzzzzzzzzzzzzz>; HiZ drive
v0x55745360bc90_4 .net v0x55745360bc90 4, 15 0, o0x7f4e40aea558; 0 drivers
o0x7f4e40aea588 .functor BUFZ 16, C4<zzzzzzzzzzzzzzzz>; HiZ drive
v0x55745360bc90_5 .net v0x55745360bc90 5, 15 0, o0x7f4e40aea588; 0 drivers
o0x7f4e40aea5b8 .functor BUFZ 16, C4<zzzzzzzzzzzzzzzz>; HiZ drive
v0x55745360bc90_6 .net v0x55745360bc90 6, 15 0, o0x7f4e40aea5b8; 0 drivers
o0x7f4e40aea5e8 .functor BUFZ 16, C4<zzzzzzzzzzzzzzzz>; HiZ drive
v0x55745360bc90_7 .net v0x55745360bc90 7, 15 0, o0x7f4e40aea5e8; 0 drivers
o0x7f4e40aea618 .functor BUFZ 16, C4<zzzzzzzzzzzzzzzz>; HiZ drive
v0x55745360bc90_8 .net v0x55745360bc90 8, 15 0, o0x7f4e40aea618; 0 drivers
o0x7f4e40aea648 .functor BUFZ 16, C4<zzzzzzzzzzzzzzzz>; HiZ drive
v0x55745360bc90_9 .net v0x55745360bc90 9, 15 0, o0x7f4e40aea648; 0 drivers
o0x7f4e40aea678 .functor BUFZ 16, C4<zzzzzzzzzzzzzzzz>; HiZ drive
v0x55745360bc90_10 .net v0x55745360bc90 10, 15 0, o0x7f4e40aea678; 0 drivers
o0x7f4e40aea6a8 .functor BUFZ 16, C4<zzzzzzzzzzzzzzzz>; HiZ drive
v0x55745360bc90_11 .net v0x55745360bc90 11, 15 0, o0x7f4e40aea6a8; 0 drivers
o0x7f4e40aea6d8 .functor BUFZ 16, C4<zzzzzzzzzzzzzzzz>; HiZ drive
v0x55745360bc90_12 .net v0x55745360bc90 12, 15 0, o0x7f4e40aea6d8; 0 drivers
o0x7f4e40aea708 .functor BUFZ 16, C4<zzzzzzzzzzzzzzzz>; HiZ drive
v0x55745360bc90_13 .net v0x55745360bc90 13, 15 0, o0x7f4e40aea708; 0 drivers
o0x7f4e40aea738 .functor BUFZ 16, C4<zzzzzzzzzzzzzzzz>; HiZ drive
v0x55745360bc90_14 .net v0x55745360bc90 14, 15 0, o0x7f4e40aea738; 0 drivers
o0x7f4e40aea768 .functor BUFZ 16, C4<zzzzzzzzzzzzzzzz>; HiZ drive
v0x55745360bc90_15 .net v0x55745360bc90 15, 15 0, o0x7f4e40aea768; 0 drivers
o0x7f4e40aea798 .functor BUFZ 16, C4<zzzzzzzzzzzzzzzz>; HiZ drive
v0x55745360bc90_16 .net v0x55745360bc90 16, 15 0, o0x7f4e40aea798; 0 drivers
o0x7f4e40aea7c8 .functor BUFZ 16, C4<zzzzzzzzzzzzzzzz>; HiZ drive
v0x55745360bc90_17 .net v0x55745360bc90 17, 15 0, o0x7f4e40aea7c8; 0 drivers
o0x7f4e40aea7f8 .functor BUFZ 16, C4<zzzzzzzzzzzzzzzz>; HiZ drive
v0x55745360bc90_18 .net v0x55745360bc90 18, 15 0, o0x7f4e40aea7f8; 0 drivers
o0x7f4e40aea828 .functor BUFZ 16, C4<zzzzzzzzzzzzzzzz>; HiZ drive
v0x55745360bc90_19 .net v0x55745360bc90 19, 15 0, o0x7f4e40aea828; 0 drivers
o0x7f4e40aea858 .functor BUFZ 16, C4<zzzzzzzzzzzzzzzz>; HiZ drive
v0x55745360bc90_20 .net v0x55745360bc90 20, 15 0, o0x7f4e40aea858; 0 drivers
o0x7f4e40aea888 .functor BUFZ 16, C4<zzzzzzzzzzzzzzzz>; HiZ drive
v0x55745360bc90_21 .net v0x55745360bc90 21, 15 0, o0x7f4e40aea888; 0 drivers
o0x7f4e40aea8b8 .functor BUFZ 16, C4<zzzzzzzzzzzzzzzz>; HiZ drive
v0x55745360bc90_22 .net v0x55745360bc90 22, 15 0, o0x7f4e40aea8b8; 0 drivers
o0x7f4e40aea8e8 .functor BUFZ 16, C4<zzzzzzzzzzzzzzzz>; HiZ drive
v0x55745360bc90_23 .net v0x55745360bc90 23, 15 0, o0x7f4e40aea8e8; 0 drivers
o0x7f4e40aea918 .functor BUFZ 16, C4<zzzzzzzzzzzzzzzz>; HiZ drive
v0x55745360bc90_24 .net v0x55745360bc90 24, 15 0, o0x7f4e40aea918; 0 drivers
o0x7f4e40aea948 .functor BUFZ 16, C4<zzzzzzzzzzzzzzzz>; HiZ drive
v0x55745360bc90_25 .net v0x55745360bc90 25, 15 0, o0x7f4e40aea948; 0 drivers
o0x7f4e40aea978 .functor BUFZ 16, C4<zzzzzzzzzzzzzzzz>; HiZ drive
v0x55745360bc90_26 .net v0x55745360bc90 26, 15 0, o0x7f4e40aea978; 0 drivers
o0x7f4e40aea9a8 .functor BUFZ 16, C4<zzzzzzzzzzzzzzzz>; HiZ drive
v0x55745360bc90_27 .net v0x55745360bc90 27, 15 0, o0x7f4e40aea9a8; 0 drivers
o0x7f4e40aea9d8 .functor BUFZ 16, C4<zzzzzzzzzzzzzzzz>; HiZ drive
v0x55745360bc90_28 .net v0x55745360bc90 28, 15 0, o0x7f4e40aea9d8; 0 drivers
o0x7f4e40aeaa08 .functor BUFZ 16, C4<zzzzzzzzzzzzzzzz>; HiZ drive
v0x55745360bc90_29 .net v0x55745360bc90 29, 15 0, o0x7f4e40aeaa08; 0 drivers
o0x7f4e40aeaa38 .functor BUFZ 16, C4<zzzzzzzzzzzzzzzz>; HiZ drive
v0x55745360bc90_30 .net v0x55745360bc90 30, 15 0, o0x7f4e40aeaa38; 0 drivers
o0x7f4e40aeaa68 .functor BUFZ 16, C4<zzzzzzzzzzzzzzzz>; HiZ drive
v0x55745360bc90_31 .net v0x55745360bc90 31, 15 0, o0x7f4e40aeaa68; 0 drivers
o0x7f4e40aeaa98 .functor BUFZ 16, C4<zzzzzzzzzzzzzzzz>; HiZ drive
v0x55745360bc90_32 .net v0x55745360bc90 32, 15 0, o0x7f4e40aeaa98; 0 drivers
o0x7f4e40aeaac8 .functor BUFZ 16, C4<zzzzzzzzzzzzzzzz>; HiZ drive
v0x55745360bc90_33 .net v0x55745360bc90 33, 15 0, o0x7f4e40aeaac8; 0 drivers
o0x7f4e40aeaaf8 .functor BUFZ 16, C4<zzzzzzzzzzzzzzzz>; HiZ drive
v0x55745360bc90_34 .net v0x55745360bc90 34, 15 0, o0x7f4e40aeaaf8; 0 drivers
o0x7f4e40aeab28 .functor BUFZ 16, C4<zzzzzzzzzzzzzzzz>; HiZ drive
v0x55745360bc90_35 .net v0x55745360bc90 35, 15 0, o0x7f4e40aeab28; 0 drivers
o0x7f4e40aeab58 .functor BUFZ 16, C4<zzzzzzzzzzzzzzzz>; HiZ drive
v0x55745360bc90_36 .net v0x55745360bc90 36, 15 0, o0x7f4e40aeab58; 0 drivers
o0x7f4e40aeab88 .functor BUFZ 16, C4<zzzzzzzzzzzzzzzz>; HiZ drive
v0x55745360bc90_37 .net v0x55745360bc90 37, 15 0, o0x7f4e40aeab88; 0 drivers
o0x7f4e40aeabb8 .functor BUFZ 16, C4<zzzzzzzzzzzzzzzz>; HiZ drive
v0x55745360bc90_38 .net v0x55745360bc90 38, 15 0, o0x7f4e40aeabb8; 0 drivers
o0x7f4e40aeabe8 .functor BUFZ 16, C4<zzzzzzzzzzzzzzzz>; HiZ drive
v0x55745360bc90_39 .net v0x55745360bc90 39, 15 0, o0x7f4e40aeabe8; 0 drivers
o0x7f4e40aeac18 .functor BUFZ 16, C4<zzzzzzzzzzzzzzzz>; HiZ drive
v0x55745360bc90_40 .net v0x55745360bc90 40, 15 0, o0x7f4e40aeac18; 0 drivers
o0x7f4e40aeac48 .functor BUFZ 16, C4<zzzzzzzzzzzzzzzz>; HiZ drive
v0x55745360bc90_41 .net v0x55745360bc90 41, 15 0, o0x7f4e40aeac48; 0 drivers
o0x7f4e40aeac78 .functor BUFZ 16, C4<zzzzzzzzzzzzzzzz>; HiZ drive
v0x55745360bc90_42 .net v0x55745360bc90 42, 15 0, o0x7f4e40aeac78; 0 drivers
o0x7f4e40aeaca8 .functor BUFZ 16, C4<zzzzzzzzzzzzzzzz>; HiZ drive
v0x55745360bc90_43 .net v0x55745360bc90 43, 15 0, o0x7f4e40aeaca8; 0 drivers
o0x7f4e40aeacd8 .functor BUFZ 16, C4<zzzzzzzzzzzzzzzz>; HiZ drive
v0x55745360bc90_44 .net v0x55745360bc90 44, 15 0, o0x7f4e40aeacd8; 0 drivers
o0x7f4e40aead08 .functor BUFZ 16, C4<zzzzzzzzzzzzzzzz>; HiZ drive
v0x55745360bc90_45 .net v0x55745360bc90 45, 15 0, o0x7f4e40aead08; 0 drivers
o0x7f4e40aead38 .functor BUFZ 16, C4<zzzzzzzzzzzzzzzz>; HiZ drive
v0x55745360bc90_46 .net v0x55745360bc90 46, 15 0, o0x7f4e40aead38; 0 drivers
o0x7f4e40aead68 .functor BUFZ 16, C4<zzzzzzzzzzzzzzzz>; HiZ drive
v0x55745360bc90_47 .net v0x55745360bc90 47, 15 0, o0x7f4e40aead68; 0 drivers
o0x7f4e40aead98 .functor BUFZ 16, C4<zzzzzzzzzzzzzzzz>; HiZ drive
v0x55745360bc90_48 .net v0x55745360bc90 48, 15 0, o0x7f4e40aead98; 0 drivers
o0x7f4e40aeadc8 .functor BUFZ 16, C4<zzzzzzzzzzzzzzzz>; HiZ drive
v0x55745360bc90_49 .net v0x55745360bc90 49, 15 0, o0x7f4e40aeadc8; 0 drivers
o0x7f4e40aeadf8 .functor BUFZ 16, C4<zzzzzzzzzzzzzzzz>; HiZ drive
v0x55745360bc90_50 .net v0x55745360bc90 50, 15 0, o0x7f4e40aeadf8; 0 drivers
o0x7f4e40aeae28 .functor BUFZ 16, C4<zzzzzzzzzzzzzzzz>; HiZ drive
v0x55745360bc90_51 .net v0x55745360bc90 51, 15 0, o0x7f4e40aeae28; 0 drivers
o0x7f4e40aeae58 .functor BUFZ 16, C4<zzzzzzzzzzzzzzzz>; HiZ drive
v0x55745360bc90_52 .net v0x55745360bc90 52, 15 0, o0x7f4e40aeae58; 0 drivers
o0x7f4e40aeae88 .functor BUFZ 16, C4<zzzzzzzzzzzzzzzz>; HiZ drive
v0x55745360bc90_53 .net v0x55745360bc90 53, 15 0, o0x7f4e40aeae88; 0 drivers
o0x7f4e40aeaeb8 .functor BUFZ 16, C4<zzzzzzzzzzzzzzzz>; HiZ drive
v0x55745360bc90_54 .net v0x55745360bc90 54, 15 0, o0x7f4e40aeaeb8; 0 drivers
o0x7f4e40aeaee8 .functor BUFZ 16, C4<zzzzzzzzzzzzzzzz>; HiZ drive
v0x55745360bc90_55 .net v0x55745360bc90 55, 15 0, o0x7f4e40aeaee8; 0 drivers
o0x7f4e40aeaf18 .functor BUFZ 16, C4<zzzzzzzzzzzzzzzz>; HiZ drive
v0x55745360bc90_56 .net v0x55745360bc90 56, 15 0, o0x7f4e40aeaf18; 0 drivers
o0x7f4e40aeaf48 .functor BUFZ 16, C4<zzzzzzzzzzzzzzzz>; HiZ drive
v0x55745360bc90_57 .net v0x55745360bc90 57, 15 0, o0x7f4e40aeaf48; 0 drivers
o0x7f4e40aeaf78 .functor BUFZ 16, C4<zzzzzzzzzzzzzzzz>; HiZ drive
v0x55745360bc90_58 .net v0x55745360bc90 58, 15 0, o0x7f4e40aeaf78; 0 drivers
o0x7f4e40aeafa8 .functor BUFZ 16, C4<zzzzzzzzzzzzzzzz>; HiZ drive
v0x55745360bc90_59 .net v0x55745360bc90 59, 15 0, o0x7f4e40aeafa8; 0 drivers
o0x7f4e40aeafd8 .functor BUFZ 16, C4<zzzzzzzzzzzzzzzz>; HiZ drive
v0x55745360bc90_60 .net v0x55745360bc90 60, 15 0, o0x7f4e40aeafd8; 0 drivers
o0x7f4e40aeb008 .functor BUFZ 16, C4<zzzzzzzzzzzzzzzz>; HiZ drive
v0x55745360bc90_61 .net v0x55745360bc90 61, 15 0, o0x7f4e40aeb008; 0 drivers
o0x7f4e40aeb038 .functor BUFZ 16, C4<zzzzzzzzzzzzzzzz>; HiZ drive
v0x55745360bc90_62 .net v0x55745360bc90 62, 15 0, o0x7f4e40aeb038; 0 drivers
o0x7f4e40aeb068 .functor BUFZ 16, C4<zzzzzzzzzzzzzzzz>; HiZ drive
v0x55745360bc90_63 .net v0x55745360bc90 63, 15 0, o0x7f4e40aeb068; 0 drivers
o0x7f4e40aeb098 .functor BUFZ 16, C4<zzzzzzzzzzzzzzzz>; HiZ drive
v0x55745360bc90_64 .net v0x55745360bc90 64, 15 0, o0x7f4e40aeb098; 0 drivers
o0x7f4e40aeb0c8 .functor BUFZ 16, C4<zzzzzzzzzzzzzzzz>; HiZ drive
v0x55745360bc90_65 .net v0x55745360bc90 65, 15 0, o0x7f4e40aeb0c8; 0 drivers
o0x7f4e40aeb0f8 .functor BUFZ 16, C4<zzzzzzzzzzzzzzzz>; HiZ drive
v0x55745360bc90_66 .net v0x55745360bc90 66, 15 0, o0x7f4e40aeb0f8; 0 drivers
o0x7f4e40aeb128 .functor BUFZ 16, C4<zzzzzzzzzzzzzzzz>; HiZ drive
v0x55745360bc90_67 .net v0x55745360bc90 67, 15 0, o0x7f4e40aeb128; 0 drivers
o0x7f4e40aeb158 .functor BUFZ 16, C4<zzzzzzzzzzzzzzzz>; HiZ drive
v0x55745360bc90_68 .net v0x55745360bc90 68, 15 0, o0x7f4e40aeb158; 0 drivers
o0x7f4e40aeb188 .functor BUFZ 16, C4<zzzzzzzzzzzzzzzz>; HiZ drive
v0x55745360bc90_69 .net v0x55745360bc90 69, 15 0, o0x7f4e40aeb188; 0 drivers
o0x7f4e40aeb1b8 .functor BUFZ 16, C4<zzzzzzzzzzzzzzzz>; HiZ drive
v0x55745360bc90_70 .net v0x55745360bc90 70, 15 0, o0x7f4e40aeb1b8; 0 drivers
o0x7f4e40aeb1e8 .functor BUFZ 16, C4<zzzzzzzzzzzzzzzz>; HiZ drive
v0x55745360bc90_71 .net v0x55745360bc90 71, 15 0, o0x7f4e40aeb1e8; 0 drivers
o0x7f4e40aeb218 .functor BUFZ 16, C4<zzzzzzzzzzzzzzzz>; HiZ drive
v0x55745360bc90_72 .net v0x55745360bc90 72, 15 0, o0x7f4e40aeb218; 0 drivers
o0x7f4e40aeb248 .functor BUFZ 16, C4<zzzzzzzzzzzzzzzz>; HiZ drive
v0x55745360bc90_73 .net v0x55745360bc90 73, 15 0, o0x7f4e40aeb248; 0 drivers
o0x7f4e40aeb278 .functor BUFZ 16, C4<zzzzzzzzzzzzzzzz>; HiZ drive
v0x55745360bc90_74 .net v0x55745360bc90 74, 15 0, o0x7f4e40aeb278; 0 drivers
o0x7f4e40aeb2a8 .functor BUFZ 16, C4<zzzzzzzzzzzzzzzz>; HiZ drive
v0x55745360bc90_75 .net v0x55745360bc90 75, 15 0, o0x7f4e40aeb2a8; 0 drivers
o0x7f4e40aeb2d8 .functor BUFZ 16, C4<zzzzzzzzzzzzzzzz>; HiZ drive
v0x55745360bc90_76 .net v0x55745360bc90 76, 15 0, o0x7f4e40aeb2d8; 0 drivers
o0x7f4e40aeb308 .functor BUFZ 16, C4<zzzzzzzzzzzzzzzz>; HiZ drive
v0x55745360bc90_77 .net v0x55745360bc90 77, 15 0, o0x7f4e40aeb308; 0 drivers
o0x7f4e40aeb338 .functor BUFZ 16, C4<zzzzzzzzzzzzzzzz>; HiZ drive
v0x55745360bc90_78 .net v0x55745360bc90 78, 15 0, o0x7f4e40aeb338; 0 drivers
o0x7f4e40aeb368 .functor BUFZ 16, C4<zzzzzzzzzzzzzzzz>; HiZ drive
v0x55745360bc90_79 .net v0x55745360bc90 79, 15 0, o0x7f4e40aeb368; 0 drivers
o0x7f4e40aeb398 .functor BUFZ 16, C4<zzzzzzzzzzzzzzzz>; HiZ drive
v0x55745360bc90_80 .net v0x55745360bc90 80, 15 0, o0x7f4e40aeb398; 0 drivers
o0x7f4e40aeb3c8 .functor BUFZ 16, C4<zzzzzzzzzzzzzzzz>; HiZ drive
v0x55745360bc90_81 .net v0x55745360bc90 81, 15 0, o0x7f4e40aeb3c8; 0 drivers
o0x7f4e40aeb3f8 .functor BUFZ 16, C4<zzzzzzzzzzzzzzzz>; HiZ drive
v0x55745360bc90_82 .net v0x55745360bc90 82, 15 0, o0x7f4e40aeb3f8; 0 drivers
o0x7f4e40aeb428 .functor BUFZ 16, C4<zzzzzzzzzzzzzzzz>; HiZ drive
v0x55745360bc90_83 .net v0x55745360bc90 83, 15 0, o0x7f4e40aeb428; 0 drivers
o0x7f4e40aeb458 .functor BUFZ 16, C4<zzzzzzzzzzzzzzzz>; HiZ drive
v0x55745360bc90_84 .net v0x55745360bc90 84, 15 0, o0x7f4e40aeb458; 0 drivers
o0x7f4e40aeb488 .functor BUFZ 16, C4<zzzzzzzzzzzzzzzz>; HiZ drive
v0x55745360bc90_85 .net v0x55745360bc90 85, 15 0, o0x7f4e40aeb488; 0 drivers
o0x7f4e40aeb4b8 .functor BUFZ 16, C4<zzzzzzzzzzzzzzzz>; HiZ drive
v0x55745360bc90_86 .net v0x55745360bc90 86, 15 0, o0x7f4e40aeb4b8; 0 drivers
o0x7f4e40aeb4e8 .functor BUFZ 16, C4<zzzzzzzzzzzzzzzz>; HiZ drive
v0x55745360bc90_87 .net v0x55745360bc90 87, 15 0, o0x7f4e40aeb4e8; 0 drivers
o0x7f4e40aeb518 .functor BUFZ 16, C4<zzzzzzzzzzzzzzzz>; HiZ drive
v0x55745360bc90_88 .net v0x55745360bc90 88, 15 0, o0x7f4e40aeb518; 0 drivers
o0x7f4e40aeb548 .functor BUFZ 16, C4<zzzzzzzzzzzzzzzz>; HiZ drive
v0x55745360bc90_89 .net v0x55745360bc90 89, 15 0, o0x7f4e40aeb548; 0 drivers
o0x7f4e40aeb578 .functor BUFZ 16, C4<zzzzzzzzzzzzzzzz>; HiZ drive
v0x55745360bc90_90 .net v0x55745360bc90 90, 15 0, o0x7f4e40aeb578; 0 drivers
o0x7f4e40aeb5a8 .functor BUFZ 16, C4<zzzzzzzzzzzzzzzz>; HiZ drive
v0x55745360bc90_91 .net v0x55745360bc90 91, 15 0, o0x7f4e40aeb5a8; 0 drivers
o0x7f4e40aeb5d8 .functor BUFZ 16, C4<zzzzzzzzzzzzzzzz>; HiZ drive
v0x55745360bc90_92 .net v0x55745360bc90 92, 15 0, o0x7f4e40aeb5d8; 0 drivers
o0x7f4e40aeb608 .functor BUFZ 16, C4<zzzzzzzzzzzzzzzz>; HiZ drive
v0x55745360bc90_93 .net v0x55745360bc90 93, 15 0, o0x7f4e40aeb608; 0 drivers
o0x7f4e40aeb638 .functor BUFZ 16, C4<zzzzzzzzzzzzzzzz>; HiZ drive
v0x55745360bc90_94 .net v0x55745360bc90 94, 15 0, o0x7f4e40aeb638; 0 drivers
o0x7f4e40aeb668 .functor BUFZ 16, C4<zzzzzzzzzzzzzzzz>; HiZ drive
v0x55745360bc90_95 .net v0x55745360bc90 95, 15 0, o0x7f4e40aeb668; 0 drivers
o0x7f4e40aeb698 .functor BUFZ 16, C4<zzzzzzzzzzzzzzzz>; HiZ drive
v0x55745360bc90_96 .net v0x55745360bc90 96, 15 0, o0x7f4e40aeb698; 0 drivers
o0x7f4e40aeb6c8 .functor BUFZ 16, C4<zzzzzzzzzzzzzzzz>; HiZ drive
v0x55745360bc90_97 .net v0x55745360bc90 97, 15 0, o0x7f4e40aeb6c8; 0 drivers
o0x7f4e40aeb6f8 .functor BUFZ 16, C4<zzzzzzzzzzzzzzzz>; HiZ drive
v0x55745360bc90_98 .net v0x55745360bc90 98, 15 0, o0x7f4e40aeb6f8; 0 drivers
o0x7f4e40aeb728 .functor BUFZ 16, C4<zzzzzzzzzzzzzzzz>; HiZ drive
v0x55745360bc90_99 .net v0x55745360bc90 99, 15 0, o0x7f4e40aeb728; 0 drivers
o0x7f4e40aeb758 .functor BUFZ 16, C4<zzzzzzzzzzzzzzzz>; HiZ drive
v0x55745360bc90_100 .net v0x55745360bc90 100, 15 0, o0x7f4e40aeb758; 0 drivers
o0x7f4e40aeb788 .functor BUFZ 16, C4<zzzzzzzzzzzzzzzz>; HiZ drive
v0x55745360bc90_101 .net v0x55745360bc90 101, 15 0, o0x7f4e40aeb788; 0 drivers
o0x7f4e40aeb7b8 .functor BUFZ 16, C4<zzzzzzzzzzzzzzzz>; HiZ drive
v0x55745360bc90_102 .net v0x55745360bc90 102, 15 0, o0x7f4e40aeb7b8; 0 drivers
o0x7f4e40aeb7e8 .functor BUFZ 16, C4<zzzzzzzzzzzzzzzz>; HiZ drive
v0x55745360bc90_103 .net v0x55745360bc90 103, 15 0, o0x7f4e40aeb7e8; 0 drivers
o0x7f4e40aeb818 .functor BUFZ 16, C4<zzzzzzzzzzzzzzzz>; HiZ drive
v0x55745360bc90_104 .net v0x55745360bc90 104, 15 0, o0x7f4e40aeb818; 0 drivers
o0x7f4e40aeb848 .functor BUFZ 16, C4<zzzzzzzzzzzzzzzz>; HiZ drive
v0x55745360bc90_105 .net v0x55745360bc90 105, 15 0, o0x7f4e40aeb848; 0 drivers
o0x7f4e40aeb878 .functor BUFZ 16, C4<zzzzzzzzzzzzzzzz>; HiZ drive
v0x55745360bc90_106 .net v0x55745360bc90 106, 15 0, o0x7f4e40aeb878; 0 drivers
o0x7f4e40aeb8a8 .functor BUFZ 16, C4<zzzzzzzzzzzzzzzz>; HiZ drive
v0x55745360bc90_107 .net v0x55745360bc90 107, 15 0, o0x7f4e40aeb8a8; 0 drivers
o0x7f4e40aeb8d8 .functor BUFZ 16, C4<zzzzzzzzzzzzzzzz>; HiZ drive
v0x55745360bc90_108 .net v0x55745360bc90 108, 15 0, o0x7f4e40aeb8d8; 0 drivers
o0x7f4e40aeb908 .functor BUFZ 16, C4<zzzzzzzzzzzzzzzz>; HiZ drive
v0x55745360bc90_109 .net v0x55745360bc90 109, 15 0, o0x7f4e40aeb908; 0 drivers
o0x7f4e40aeb938 .functor BUFZ 16, C4<zzzzzzzzzzzzzzzz>; HiZ drive
v0x55745360bc90_110 .net v0x55745360bc90 110, 15 0, o0x7f4e40aeb938; 0 drivers
o0x7f4e40aeb968 .functor BUFZ 16, C4<zzzzzzzzzzzzzzzz>; HiZ drive
v0x55745360bc90_111 .net v0x55745360bc90 111, 15 0, o0x7f4e40aeb968; 0 drivers
o0x7f4e40aeb998 .functor BUFZ 16, C4<zzzzzzzzzzzzzzzz>; HiZ drive
v0x55745360bc90_112 .net v0x55745360bc90 112, 15 0, o0x7f4e40aeb998; 0 drivers
o0x7f4e40aeb9c8 .functor BUFZ 16, C4<zzzzzzzzzzzzzzzz>; HiZ drive
v0x55745360bc90_113 .net v0x55745360bc90 113, 15 0, o0x7f4e40aeb9c8; 0 drivers
o0x7f4e40aeb9f8 .functor BUFZ 16, C4<zzzzzzzzzzzzzzzz>; HiZ drive
v0x55745360bc90_114 .net v0x55745360bc90 114, 15 0, o0x7f4e40aeb9f8; 0 drivers
o0x7f4e40aeba28 .functor BUFZ 16, C4<zzzzzzzzzzzzzzzz>; HiZ drive
v0x55745360bc90_115 .net v0x55745360bc90 115, 15 0, o0x7f4e40aeba28; 0 drivers
o0x7f4e40aeba58 .functor BUFZ 16, C4<zzzzzzzzzzzzzzzz>; HiZ drive
v0x55745360bc90_116 .net v0x55745360bc90 116, 15 0, o0x7f4e40aeba58; 0 drivers
o0x7f4e40aeba88 .functor BUFZ 16, C4<zzzzzzzzzzzzzzzz>; HiZ drive
v0x55745360bc90_117 .net v0x55745360bc90 117, 15 0, o0x7f4e40aeba88; 0 drivers
o0x7f4e40aebab8 .functor BUFZ 16, C4<zzzzzzzzzzzzzzzz>; HiZ drive
v0x55745360bc90_118 .net v0x55745360bc90 118, 15 0, o0x7f4e40aebab8; 0 drivers
o0x7f4e40aebae8 .functor BUFZ 16, C4<zzzzzzzzzzzzzzzz>; HiZ drive
v0x55745360bc90_119 .net v0x55745360bc90 119, 15 0, o0x7f4e40aebae8; 0 drivers
o0x7f4e40aebb18 .functor BUFZ 16, C4<zzzzzzzzzzzzzzzz>; HiZ drive
v0x55745360bc90_120 .net v0x55745360bc90 120, 15 0, o0x7f4e40aebb18; 0 drivers
o0x7f4e40aebb48 .functor BUFZ 16, C4<zzzzzzzzzzzzzzzz>; HiZ drive
v0x55745360bc90_121 .net v0x55745360bc90 121, 15 0, o0x7f4e40aebb48; 0 drivers
o0x7f4e40aebb78 .functor BUFZ 16, C4<zzzzzzzzzzzzzzzz>; HiZ drive
v0x55745360bc90_122 .net v0x55745360bc90 122, 15 0, o0x7f4e40aebb78; 0 drivers
o0x7f4e40aebba8 .functor BUFZ 16, C4<zzzzzzzzzzzzzzzz>; HiZ drive
v0x55745360bc90_123 .net v0x55745360bc90 123, 15 0, o0x7f4e40aebba8; 0 drivers
o0x7f4e40aebbd8 .functor BUFZ 16, C4<zzzzzzzzzzzzzzzz>; HiZ drive
v0x55745360bc90_124 .net v0x55745360bc90 124, 15 0, o0x7f4e40aebbd8; 0 drivers
o0x7f4e40aebc08 .functor BUFZ 16, C4<zzzzzzzzzzzzzzzz>; HiZ drive
v0x55745360bc90_125 .net v0x55745360bc90 125, 15 0, o0x7f4e40aebc08; 0 drivers
o0x7f4e40aebc38 .functor BUFZ 16, C4<zzzzzzzzzzzzzzzz>; HiZ drive
v0x55745360bc90_126 .net v0x55745360bc90 126, 15 0, o0x7f4e40aebc38; 0 drivers
o0x7f4e40aebc68 .functor BUFZ 16, C4<zzzzzzzzzzzzzzzz>; HiZ drive
v0x55745360bc90_127 .net v0x55745360bc90 127, 15 0, o0x7f4e40aebc68; 0 drivers
o0x7f4e40aebc98 .functor BUFZ 16, C4<zzzzzzzzzzzzzzzz>; HiZ drive
v0x55745360bc90_128 .net v0x55745360bc90 128, 15 0, o0x7f4e40aebc98; 0 drivers
o0x7f4e40aebcc8 .functor BUFZ 16, C4<zzzzzzzzzzzzzzzz>; HiZ drive
v0x55745360bc90_129 .net v0x55745360bc90 129, 15 0, o0x7f4e40aebcc8; 0 drivers
o0x7f4e40aebcf8 .functor BUFZ 16, C4<zzzzzzzzzzzzzzzz>; HiZ drive
v0x55745360bc90_130 .net v0x55745360bc90 130, 15 0, o0x7f4e40aebcf8; 0 drivers
o0x7f4e40aebd28 .functor BUFZ 16, C4<zzzzzzzzzzzzzzzz>; HiZ drive
v0x55745360bc90_131 .net v0x55745360bc90 131, 15 0, o0x7f4e40aebd28; 0 drivers
o0x7f4e40aebd58 .functor BUFZ 16, C4<zzzzzzzzzzzzzzzz>; HiZ drive
v0x55745360bc90_132 .net v0x55745360bc90 132, 15 0, o0x7f4e40aebd58; 0 drivers
o0x7f4e40aebd88 .functor BUFZ 16, C4<zzzzzzzzzzzzzzzz>; HiZ drive
v0x55745360bc90_133 .net v0x55745360bc90 133, 15 0, o0x7f4e40aebd88; 0 drivers
o0x7f4e40aebdb8 .functor BUFZ 16, C4<zzzzzzzzzzzzzzzz>; HiZ drive
v0x55745360bc90_134 .net v0x55745360bc90 134, 15 0, o0x7f4e40aebdb8; 0 drivers
o0x7f4e40aebde8 .functor BUFZ 16, C4<zzzzzzzzzzzzzzzz>; HiZ drive
v0x55745360bc90_135 .net v0x55745360bc90 135, 15 0, o0x7f4e40aebde8; 0 drivers
o0x7f4e40aebe18 .functor BUFZ 16, C4<zzzzzzzzzzzzzzzz>; HiZ drive
v0x55745360bc90_136 .net v0x55745360bc90 136, 15 0, o0x7f4e40aebe18; 0 drivers
o0x7f4e40aebe48 .functor BUFZ 16, C4<zzzzzzzzzzzzzzzz>; HiZ drive
v0x55745360bc90_137 .net v0x55745360bc90 137, 15 0, o0x7f4e40aebe48; 0 drivers
o0x7f4e40aebe78 .functor BUFZ 16, C4<zzzzzzzzzzzzzzzz>; HiZ drive
v0x55745360bc90_138 .net v0x55745360bc90 138, 15 0, o0x7f4e40aebe78; 0 drivers
o0x7f4e40aebea8 .functor BUFZ 16, C4<zzzzzzzzzzzzzzzz>; HiZ drive
v0x55745360bc90_139 .net v0x55745360bc90 139, 15 0, o0x7f4e40aebea8; 0 drivers
o0x7f4e40aebed8 .functor BUFZ 16, C4<zzzzzzzzzzzzzzzz>; HiZ drive
v0x55745360bc90_140 .net v0x55745360bc90 140, 15 0, o0x7f4e40aebed8; 0 drivers
o0x7f4e40aebf08 .functor BUFZ 16, C4<zzzzzzzzzzzzzzzz>; HiZ drive
v0x55745360bc90_141 .net v0x55745360bc90 141, 15 0, o0x7f4e40aebf08; 0 drivers
o0x7f4e40aebf38 .functor BUFZ 16, C4<zzzzzzzzzzzzzzzz>; HiZ drive
v0x55745360bc90_142 .net v0x55745360bc90 142, 15 0, o0x7f4e40aebf38; 0 drivers
o0x7f4e40aebf68 .functor BUFZ 16, C4<zzzzzzzzzzzzzzzz>; HiZ drive
v0x55745360bc90_143 .net v0x55745360bc90 143, 15 0, o0x7f4e40aebf68; 0 drivers
o0x7f4e40aebf98 .functor BUFZ 16, C4<zzzzzzzzzzzzzzzz>; HiZ drive
v0x55745360bc90_144 .net v0x55745360bc90 144, 15 0, o0x7f4e40aebf98; 0 drivers
o0x7f4e40aebfc8 .functor BUFZ 16, C4<zzzzzzzzzzzzzzzz>; HiZ drive
v0x55745360bc90_145 .net v0x55745360bc90 145, 15 0, o0x7f4e40aebfc8; 0 drivers
o0x7f4e40aebff8 .functor BUFZ 16, C4<zzzzzzzzzzzzzzzz>; HiZ drive
v0x55745360bc90_146 .net v0x55745360bc90 146, 15 0, o0x7f4e40aebff8; 0 drivers
o0x7f4e40aec028 .functor BUFZ 16, C4<zzzzzzzzzzzzzzzz>; HiZ drive
v0x55745360bc90_147 .net v0x55745360bc90 147, 15 0, o0x7f4e40aec028; 0 drivers
o0x7f4e40aec058 .functor BUFZ 16, C4<zzzzzzzzzzzzzzzz>; HiZ drive
v0x55745360bc90_148 .net v0x55745360bc90 148, 15 0, o0x7f4e40aec058; 0 drivers
o0x7f4e40aec088 .functor BUFZ 16, C4<zzzzzzzzzzzzzzzz>; HiZ drive
v0x55745360bc90_149 .net v0x55745360bc90 149, 15 0, o0x7f4e40aec088; 0 drivers
o0x7f4e40aec0b8 .functor BUFZ 16, C4<zzzzzzzzzzzzzzzz>; HiZ drive
v0x55745360bc90_150 .net v0x55745360bc90 150, 15 0, o0x7f4e40aec0b8; 0 drivers
o0x7f4e40aec0e8 .functor BUFZ 16, C4<zzzzzzzzzzzzzzzz>; HiZ drive
v0x55745360bc90_151 .net v0x55745360bc90 151, 15 0, o0x7f4e40aec0e8; 0 drivers
o0x7f4e40aec118 .functor BUFZ 16, C4<zzzzzzzzzzzzzzzz>; HiZ drive
v0x55745360bc90_152 .net v0x55745360bc90 152, 15 0, o0x7f4e40aec118; 0 drivers
o0x7f4e40aec148 .functor BUFZ 16, C4<zzzzzzzzzzzzzzzz>; HiZ drive
v0x55745360bc90_153 .net v0x55745360bc90 153, 15 0, o0x7f4e40aec148; 0 drivers
o0x7f4e40aec178 .functor BUFZ 16, C4<zzzzzzzzzzzzzzzz>; HiZ drive
v0x55745360bc90_154 .net v0x55745360bc90 154, 15 0, o0x7f4e40aec178; 0 drivers
o0x7f4e40aec1a8 .functor BUFZ 16, C4<zzzzzzzzzzzzzzzz>; HiZ drive
v0x55745360bc90_155 .net v0x55745360bc90 155, 15 0, o0x7f4e40aec1a8; 0 drivers
o0x7f4e40aec1d8 .functor BUFZ 16, C4<zzzzzzzzzzzzzzzz>; HiZ drive
v0x55745360bc90_156 .net v0x55745360bc90 156, 15 0, o0x7f4e40aec1d8; 0 drivers
o0x7f4e40aec208 .functor BUFZ 16, C4<zzzzzzzzzzzzzzzz>; HiZ drive
v0x55745360bc90_157 .net v0x55745360bc90 157, 15 0, o0x7f4e40aec208; 0 drivers
o0x7f4e40aec238 .functor BUFZ 16, C4<zzzzzzzzzzzzzzzz>; HiZ drive
v0x55745360bc90_158 .net v0x55745360bc90 158, 15 0, o0x7f4e40aec238; 0 drivers
o0x7f4e40aec268 .functor BUFZ 16, C4<zzzzzzzzzzzzzzzz>; HiZ drive
v0x55745360bc90_159 .net v0x55745360bc90 159, 15 0, o0x7f4e40aec268; 0 drivers
o0x7f4e40aec298 .functor BUFZ 16, C4<zzzzzzzzzzzzzzzz>; HiZ drive
v0x55745360bc90_160 .net v0x55745360bc90 160, 15 0, o0x7f4e40aec298; 0 drivers
o0x7f4e40aec2c8 .functor BUFZ 16, C4<zzzzzzzzzzzzzzzz>; HiZ drive
v0x55745360bc90_161 .net v0x55745360bc90 161, 15 0, o0x7f4e40aec2c8; 0 drivers
o0x7f4e40aec2f8 .functor BUFZ 16, C4<zzzzzzzzzzzzzzzz>; HiZ drive
v0x55745360bc90_162 .net v0x55745360bc90 162, 15 0, o0x7f4e40aec2f8; 0 drivers
o0x7f4e40aec328 .functor BUFZ 16, C4<zzzzzzzzzzzzzzzz>; HiZ drive
v0x55745360bc90_163 .net v0x55745360bc90 163, 15 0, o0x7f4e40aec328; 0 drivers
o0x7f4e40aec358 .functor BUFZ 16, C4<zzzzzzzzzzzzzzzz>; HiZ drive
v0x55745360bc90_164 .net v0x55745360bc90 164, 15 0, o0x7f4e40aec358; 0 drivers
o0x7f4e40aec388 .functor BUFZ 16, C4<zzzzzzzzzzzzzzzz>; HiZ drive
v0x55745360bc90_165 .net v0x55745360bc90 165, 15 0, o0x7f4e40aec388; 0 drivers
o0x7f4e40aec3b8 .functor BUFZ 16, C4<zzzzzzzzzzzzzzzz>; HiZ drive
v0x55745360bc90_166 .net v0x55745360bc90 166, 15 0, o0x7f4e40aec3b8; 0 drivers
o0x7f4e40aec3e8 .functor BUFZ 16, C4<zzzzzzzzzzzzzzzz>; HiZ drive
v0x55745360bc90_167 .net v0x55745360bc90 167, 15 0, o0x7f4e40aec3e8; 0 drivers
o0x7f4e40aec418 .functor BUFZ 16, C4<zzzzzzzzzzzzzzzz>; HiZ drive
v0x55745360bc90_168 .net v0x55745360bc90 168, 15 0, o0x7f4e40aec418; 0 drivers
o0x7f4e40aec448 .functor BUFZ 16, C4<zzzzzzzzzzzzzzzz>; HiZ drive
v0x55745360bc90_169 .net v0x55745360bc90 169, 15 0, o0x7f4e40aec448; 0 drivers
o0x7f4e40aec478 .functor BUFZ 16, C4<zzzzzzzzzzzzzzzz>; HiZ drive
v0x55745360bc90_170 .net v0x55745360bc90 170, 15 0, o0x7f4e40aec478; 0 drivers
o0x7f4e40aec4a8 .functor BUFZ 16, C4<zzzzzzzzzzzzzzzz>; HiZ drive
v0x55745360bc90_171 .net v0x55745360bc90 171, 15 0, o0x7f4e40aec4a8; 0 drivers
o0x7f4e40aec4d8 .functor BUFZ 16, C4<zzzzzzzzzzzzzzzz>; HiZ drive
v0x55745360bc90_172 .net v0x55745360bc90 172, 15 0, o0x7f4e40aec4d8; 0 drivers
o0x7f4e40aec508 .functor BUFZ 16, C4<zzzzzzzzzzzzzzzz>; HiZ drive
v0x55745360bc90_173 .net v0x55745360bc90 173, 15 0, o0x7f4e40aec508; 0 drivers
o0x7f4e40aec538 .functor BUFZ 16, C4<zzzzzzzzzzzzzzzz>; HiZ drive
v0x55745360bc90_174 .net v0x55745360bc90 174, 15 0, o0x7f4e40aec538; 0 drivers
o0x7f4e40aec568 .functor BUFZ 16, C4<zzzzzzzzzzzzzzzz>; HiZ drive
v0x55745360bc90_175 .net v0x55745360bc90 175, 15 0, o0x7f4e40aec568; 0 drivers
o0x7f4e40aec598 .functor BUFZ 16, C4<zzzzzzzzzzzzzzzz>; HiZ drive
v0x55745360bc90_176 .net v0x55745360bc90 176, 15 0, o0x7f4e40aec598; 0 drivers
o0x7f4e40aec5c8 .functor BUFZ 16, C4<zzzzzzzzzzzzzzzz>; HiZ drive
v0x55745360bc90_177 .net v0x55745360bc90 177, 15 0, o0x7f4e40aec5c8; 0 drivers
o0x7f4e40aec5f8 .functor BUFZ 16, C4<zzzzzzzzzzzzzzzz>; HiZ drive
v0x55745360bc90_178 .net v0x55745360bc90 178, 15 0, o0x7f4e40aec5f8; 0 drivers
o0x7f4e40aec628 .functor BUFZ 16, C4<zzzzzzzzzzzzzzzz>; HiZ drive
v0x55745360bc90_179 .net v0x55745360bc90 179, 15 0, o0x7f4e40aec628; 0 drivers
o0x7f4e40aec658 .functor BUFZ 16, C4<zzzzzzzzzzzzzzzz>; HiZ drive
v0x55745360bc90_180 .net v0x55745360bc90 180, 15 0, o0x7f4e40aec658; 0 drivers
o0x7f4e40aec688 .functor BUFZ 16, C4<zzzzzzzzzzzzzzzz>; HiZ drive
v0x55745360bc90_181 .net v0x55745360bc90 181, 15 0, o0x7f4e40aec688; 0 drivers
o0x7f4e40aec6b8 .functor BUFZ 16, C4<zzzzzzzzzzzzzzzz>; HiZ drive
v0x55745360bc90_182 .net v0x55745360bc90 182, 15 0, o0x7f4e40aec6b8; 0 drivers
o0x7f4e40aec6e8 .functor BUFZ 16, C4<zzzzzzzzzzzzzzzz>; HiZ drive
v0x55745360bc90_183 .net v0x55745360bc90 183, 15 0, o0x7f4e40aec6e8; 0 drivers
o0x7f4e40aec718 .functor BUFZ 16, C4<zzzzzzzzzzzzzzzz>; HiZ drive
v0x55745360bc90_184 .net v0x55745360bc90 184, 15 0, o0x7f4e40aec718; 0 drivers
o0x7f4e40aec748 .functor BUFZ 16, C4<zzzzzzzzzzzzzzzz>; HiZ drive
v0x55745360bc90_185 .net v0x55745360bc90 185, 15 0, o0x7f4e40aec748; 0 drivers
o0x7f4e40aec778 .functor BUFZ 16, C4<zzzzzzzzzzzzzzzz>; HiZ drive
v0x55745360bc90_186 .net v0x55745360bc90 186, 15 0, o0x7f4e40aec778; 0 drivers
o0x7f4e40aec7a8 .functor BUFZ 16, C4<zzzzzzzzzzzzzzzz>; HiZ drive
v0x55745360bc90_187 .net v0x55745360bc90 187, 15 0, o0x7f4e40aec7a8; 0 drivers
o0x7f4e40aec7d8 .functor BUFZ 16, C4<zzzzzzzzzzzzzzzz>; HiZ drive
v0x55745360bc90_188 .net v0x55745360bc90 188, 15 0, o0x7f4e40aec7d8; 0 drivers
o0x7f4e40aec808 .functor BUFZ 16, C4<zzzzzzzzzzzzzzzz>; HiZ drive
v0x55745360bc90_189 .net v0x55745360bc90 189, 15 0, o0x7f4e40aec808; 0 drivers
o0x7f4e40aec838 .functor BUFZ 16, C4<zzzzzzzzzzzzzzzz>; HiZ drive
v0x55745360bc90_190 .net v0x55745360bc90 190, 15 0, o0x7f4e40aec838; 0 drivers
o0x7f4e40aec868 .functor BUFZ 16, C4<zzzzzzzzzzzzzzzz>; HiZ drive
v0x55745360bc90_191 .net v0x55745360bc90 191, 15 0, o0x7f4e40aec868; 0 drivers
o0x7f4e40aec898 .functor BUFZ 16, C4<zzzzzzzzzzzzzzzz>; HiZ drive
v0x55745360bc90_192 .net v0x55745360bc90 192, 15 0, o0x7f4e40aec898; 0 drivers
o0x7f4e40aec8c8 .functor BUFZ 16, C4<zzzzzzzzzzzzzzzz>; HiZ drive
v0x55745360bc90_193 .net v0x55745360bc90 193, 15 0, o0x7f4e40aec8c8; 0 drivers
o0x7f4e40aec8f8 .functor BUFZ 16, C4<zzzzzzzzzzzzzzzz>; HiZ drive
v0x55745360bc90_194 .net v0x55745360bc90 194, 15 0, o0x7f4e40aec8f8; 0 drivers
o0x7f4e40aec928 .functor BUFZ 16, C4<zzzzzzzzzzzzzzzz>; HiZ drive
v0x55745360bc90_195 .net v0x55745360bc90 195, 15 0, o0x7f4e40aec928; 0 drivers
o0x7f4e40aec958 .functor BUFZ 16, C4<zzzzzzzzzzzzzzzz>; HiZ drive
v0x55745360bc90_196 .net v0x55745360bc90 196, 15 0, o0x7f4e40aec958; 0 drivers
o0x7f4e40aec988 .functor BUFZ 16, C4<zzzzzzzzzzzzzzzz>; HiZ drive
v0x55745360bc90_197 .net v0x55745360bc90 197, 15 0, o0x7f4e40aec988; 0 drivers
o0x7f4e40aec9b8 .functor BUFZ 16, C4<zzzzzzzzzzzzzzzz>; HiZ drive
v0x55745360bc90_198 .net v0x55745360bc90 198, 15 0, o0x7f4e40aec9b8; 0 drivers
o0x7f4e40aec9e8 .functor BUFZ 16, C4<zzzzzzzzzzzzzzzz>; HiZ drive
v0x55745360bc90_199 .net v0x55745360bc90 199, 15 0, o0x7f4e40aec9e8; 0 drivers
o0x7f4e40aeca18 .functor BUFZ 16, C4<zzzzzzzzzzzzzzzz>; HiZ drive
v0x55745360bc90_200 .net v0x55745360bc90 200, 15 0, o0x7f4e40aeca18; 0 drivers
o0x7f4e40aeca48 .functor BUFZ 16, C4<zzzzzzzzzzzzzzzz>; HiZ drive
v0x55745360bc90_201 .net v0x55745360bc90 201, 15 0, o0x7f4e40aeca48; 0 drivers
o0x7f4e40aeca78 .functor BUFZ 16, C4<zzzzzzzzzzzzzzzz>; HiZ drive
v0x55745360bc90_202 .net v0x55745360bc90 202, 15 0, o0x7f4e40aeca78; 0 drivers
o0x7f4e40aecaa8 .functor BUFZ 16, C4<zzzzzzzzzzzzzzzz>; HiZ drive
v0x55745360bc90_203 .net v0x55745360bc90 203, 15 0, o0x7f4e40aecaa8; 0 drivers
o0x7f4e40aecad8 .functor BUFZ 16, C4<zzzzzzzzzzzzzzzz>; HiZ drive
v0x55745360bc90_204 .net v0x55745360bc90 204, 15 0, o0x7f4e40aecad8; 0 drivers
o0x7f4e40aecb08 .functor BUFZ 16, C4<zzzzzzzzzzzzzzzz>; HiZ drive
v0x55745360bc90_205 .net v0x55745360bc90 205, 15 0, o0x7f4e40aecb08; 0 drivers
o0x7f4e40aecb38 .functor BUFZ 16, C4<zzzzzzzzzzzzzzzz>; HiZ drive
v0x55745360bc90_206 .net v0x55745360bc90 206, 15 0, o0x7f4e40aecb38; 0 drivers
o0x7f4e40aecb68 .functor BUFZ 16, C4<zzzzzzzzzzzzzzzz>; HiZ drive
v0x55745360bc90_207 .net v0x55745360bc90 207, 15 0, o0x7f4e40aecb68; 0 drivers
o0x7f4e40aecb98 .functor BUFZ 16, C4<zzzzzzzzzzzzzzzz>; HiZ drive
v0x55745360bc90_208 .net v0x55745360bc90 208, 15 0, o0x7f4e40aecb98; 0 drivers
o0x7f4e40aecbc8 .functor BUFZ 16, C4<zzzzzzzzzzzzzzzz>; HiZ drive
v0x55745360bc90_209 .net v0x55745360bc90 209, 15 0, o0x7f4e40aecbc8; 0 drivers
o0x7f4e40aecbf8 .functor BUFZ 16, C4<zzzzzzzzzzzzzzzz>; HiZ drive
v0x55745360bc90_210 .net v0x55745360bc90 210, 15 0, o0x7f4e40aecbf8; 0 drivers
o0x7f4e40aecc28 .functor BUFZ 16, C4<zzzzzzzzzzzzzzzz>; HiZ drive
v0x55745360bc90_211 .net v0x55745360bc90 211, 15 0, o0x7f4e40aecc28; 0 drivers
o0x7f4e40aecc58 .functor BUFZ 16, C4<zzzzzzzzzzzzzzzz>; HiZ drive
v0x55745360bc90_212 .net v0x55745360bc90 212, 15 0, o0x7f4e40aecc58; 0 drivers
o0x7f4e40aecc88 .functor BUFZ 16, C4<zzzzzzzzzzzzzzzz>; HiZ drive
v0x55745360bc90_213 .net v0x55745360bc90 213, 15 0, o0x7f4e40aecc88; 0 drivers
o0x7f4e40aeccb8 .functor BUFZ 16, C4<zzzzzzzzzzzzzzzz>; HiZ drive
v0x55745360bc90_214 .net v0x55745360bc90 214, 15 0, o0x7f4e40aeccb8; 0 drivers
o0x7f4e40aecce8 .functor BUFZ 16, C4<zzzzzzzzzzzzzzzz>; HiZ drive
v0x55745360bc90_215 .net v0x55745360bc90 215, 15 0, o0x7f4e40aecce8; 0 drivers
o0x7f4e40aecd18 .functor BUFZ 16, C4<zzzzzzzzzzzzzzzz>; HiZ drive
v0x55745360bc90_216 .net v0x55745360bc90 216, 15 0, o0x7f4e40aecd18; 0 drivers
o0x7f4e40aecd48 .functor BUFZ 16, C4<zzzzzzzzzzzzzzzz>; HiZ drive
v0x55745360bc90_217 .net v0x55745360bc90 217, 15 0, o0x7f4e40aecd48; 0 drivers
o0x7f4e40aecd78 .functor BUFZ 16, C4<zzzzzzzzzzzzzzzz>; HiZ drive
v0x55745360bc90_218 .net v0x55745360bc90 218, 15 0, o0x7f4e40aecd78; 0 drivers
o0x7f4e40aecda8 .functor BUFZ 16, C4<zzzzzzzzzzzzzzzz>; HiZ drive
v0x55745360bc90_219 .net v0x55745360bc90 219, 15 0, o0x7f4e40aecda8; 0 drivers
o0x7f4e40aecdd8 .functor BUFZ 16, C4<zzzzzzzzzzzzzzzz>; HiZ drive
v0x55745360bc90_220 .net v0x55745360bc90 220, 15 0, o0x7f4e40aecdd8; 0 drivers
o0x7f4e40aece08 .functor BUFZ 16, C4<zzzzzzzzzzzzzzzz>; HiZ drive
v0x55745360bc90_221 .net v0x55745360bc90 221, 15 0, o0x7f4e40aece08; 0 drivers
o0x7f4e40aece38 .functor BUFZ 16, C4<zzzzzzzzzzzzzzzz>; HiZ drive
v0x55745360bc90_222 .net v0x55745360bc90 222, 15 0, o0x7f4e40aece38; 0 drivers
o0x7f4e40aece68 .functor BUFZ 16, C4<zzzzzzzzzzzzzzzz>; HiZ drive
v0x55745360bc90_223 .net v0x55745360bc90 223, 15 0, o0x7f4e40aece68; 0 drivers
o0x7f4e40aece98 .functor BUFZ 16, C4<zzzzzzzzzzzzzzzz>; HiZ drive
v0x55745360bc90_224 .net v0x55745360bc90 224, 15 0, o0x7f4e40aece98; 0 drivers
o0x7f4e40aecec8 .functor BUFZ 16, C4<zzzzzzzzzzzzzzzz>; HiZ drive
v0x55745360bc90_225 .net v0x55745360bc90 225, 15 0, o0x7f4e40aecec8; 0 drivers
o0x7f4e40aecef8 .functor BUFZ 16, C4<zzzzzzzzzzzzzzzz>; HiZ drive
v0x55745360bc90_226 .net v0x55745360bc90 226, 15 0, o0x7f4e40aecef8; 0 drivers
o0x7f4e40aecf28 .functor BUFZ 16, C4<zzzzzzzzzzzzzzzz>; HiZ drive
v0x55745360bc90_227 .net v0x55745360bc90 227, 15 0, o0x7f4e40aecf28; 0 drivers
o0x7f4e40aecf58 .functor BUFZ 16, C4<zzzzzzzzzzzzzzzz>; HiZ drive
v0x55745360bc90_228 .net v0x55745360bc90 228, 15 0, o0x7f4e40aecf58; 0 drivers
o0x7f4e40aecf88 .functor BUFZ 16, C4<zzzzzzzzzzzzzzzz>; HiZ drive
v0x55745360bc90_229 .net v0x55745360bc90 229, 15 0, o0x7f4e40aecf88; 0 drivers
o0x7f4e40aecfb8 .functor BUFZ 16, C4<zzzzzzzzzzzzzzzz>; HiZ drive
v0x55745360bc90_230 .net v0x55745360bc90 230, 15 0, o0x7f4e40aecfb8; 0 drivers
o0x7f4e40aecfe8 .functor BUFZ 16, C4<zzzzzzzzzzzzzzzz>; HiZ drive
v0x55745360bc90_231 .net v0x55745360bc90 231, 15 0, o0x7f4e40aecfe8; 0 drivers
o0x7f4e40aed018 .functor BUFZ 16, C4<zzzzzzzzzzzzzzzz>; HiZ drive
v0x55745360bc90_232 .net v0x55745360bc90 232, 15 0, o0x7f4e40aed018; 0 drivers
o0x7f4e40aed048 .functor BUFZ 16, C4<zzzzzzzzzzzzzzzz>; HiZ drive
v0x55745360bc90_233 .net v0x55745360bc90 233, 15 0, o0x7f4e40aed048; 0 drivers
o0x7f4e40aed078 .functor BUFZ 16, C4<zzzzzzzzzzzzzzzz>; HiZ drive
v0x55745360bc90_234 .net v0x55745360bc90 234, 15 0, o0x7f4e40aed078; 0 drivers
o0x7f4e40aed0a8 .functor BUFZ 16, C4<zzzzzzzzzzzzzzzz>; HiZ drive
v0x55745360bc90_235 .net v0x55745360bc90 235, 15 0, o0x7f4e40aed0a8; 0 drivers
o0x7f4e40aed0d8 .functor BUFZ 16, C4<zzzzzzzzzzzzzzzz>; HiZ drive
v0x55745360bc90_236 .net v0x55745360bc90 236, 15 0, o0x7f4e40aed0d8; 0 drivers
o0x7f4e40aed108 .functor BUFZ 16, C4<zzzzzzzzzzzzzzzz>; HiZ drive
v0x55745360bc90_237 .net v0x55745360bc90 237, 15 0, o0x7f4e40aed108; 0 drivers
o0x7f4e40aed138 .functor BUFZ 16, C4<zzzzzzzzzzzzzzzz>; HiZ drive
v0x55745360bc90_238 .net v0x55745360bc90 238, 15 0, o0x7f4e40aed138; 0 drivers
o0x7f4e40aed168 .functor BUFZ 16, C4<zzzzzzzzzzzzzzzz>; HiZ drive
v0x55745360bc90_239 .net v0x55745360bc90 239, 15 0, o0x7f4e40aed168; 0 drivers
o0x7f4e40aed198 .functor BUFZ 16, C4<zzzzzzzzzzzzzzzz>; HiZ drive
v0x55745360bc90_240 .net v0x55745360bc90 240, 15 0, o0x7f4e40aed198; 0 drivers
o0x7f4e40aed1c8 .functor BUFZ 16, C4<zzzzzzzzzzzzzzzz>; HiZ drive
v0x55745360bc90_241 .net v0x55745360bc90 241, 15 0, o0x7f4e40aed1c8; 0 drivers
o0x7f4e40aed1f8 .functor BUFZ 16, C4<zzzzzzzzzzzzzzzz>; HiZ drive
v0x55745360bc90_242 .net v0x55745360bc90 242, 15 0, o0x7f4e40aed1f8; 0 drivers
o0x7f4e40aed228 .functor BUFZ 16, C4<zzzzzzzzzzzzzzzz>; HiZ drive
v0x55745360bc90_243 .net v0x55745360bc90 243, 15 0, o0x7f4e40aed228; 0 drivers
o0x7f4e40aed258 .functor BUFZ 16, C4<zzzzzzzzzzzzzzzz>; HiZ drive
v0x55745360bc90_244 .net v0x55745360bc90 244, 15 0, o0x7f4e40aed258; 0 drivers
o0x7f4e40aed288 .functor BUFZ 16, C4<zzzzzzzzzzzzzzzz>; HiZ drive
v0x55745360bc90_245 .net v0x55745360bc90 245, 15 0, o0x7f4e40aed288; 0 drivers
o0x7f4e40aed2b8 .functor BUFZ 16, C4<zzzzzzzzzzzzzzzz>; HiZ drive
v0x55745360bc90_246 .net v0x55745360bc90 246, 15 0, o0x7f4e40aed2b8; 0 drivers
o0x7f4e40aed2e8 .functor BUFZ 16, C4<zzzzzzzzzzzzzzzz>; HiZ drive
v0x55745360bc90_247 .net v0x55745360bc90 247, 15 0, o0x7f4e40aed2e8; 0 drivers
o0x7f4e40aed318 .functor BUFZ 16, C4<zzzzzzzzzzzzzzzz>; HiZ drive
v0x55745360bc90_248 .net v0x55745360bc90 248, 15 0, o0x7f4e40aed318; 0 drivers
o0x7f4e40aed348 .functor BUFZ 16, C4<zzzzzzzzzzzzzzzz>; HiZ drive
v0x55745360bc90_249 .net v0x55745360bc90 249, 15 0, o0x7f4e40aed348; 0 drivers
o0x7f4e40aed378 .functor BUFZ 16, C4<zzzzzzzzzzzzzzzz>; HiZ drive
v0x55745360bc90_250 .net v0x55745360bc90 250, 15 0, o0x7f4e40aed378; 0 drivers
o0x7f4e40aed3a8 .functor BUFZ 16, C4<zzzzzzzzzzzzzzzz>; HiZ drive
v0x55745360bc90_251 .net v0x55745360bc90 251, 15 0, o0x7f4e40aed3a8; 0 drivers
o0x7f4e40aed3d8 .functor BUFZ 16, C4<zzzzzzzzzzzzzzzz>; HiZ drive
v0x55745360bc90_252 .net v0x55745360bc90 252, 15 0, o0x7f4e40aed3d8; 0 drivers
o0x7f4e40aed408 .functor BUFZ 16, C4<zzzzzzzzzzzzzzzz>; HiZ drive
v0x55745360bc90_253 .net v0x55745360bc90 253, 15 0, o0x7f4e40aed408; 0 drivers
o0x7f4e40aed438 .functor BUFZ 16, C4<zzzzzzzzzzzzzzzz>; HiZ drive
v0x55745360bc90_254 .net v0x55745360bc90 254, 15 0, o0x7f4e40aed438; 0 drivers
o0x7f4e40aed468 .functor BUFZ 16, C4<zzzzzzzzzzzzzzzz>; HiZ drive
v0x55745360bc90_255 .net v0x55745360bc90 255, 15 0, o0x7f4e40aed468; 0 drivers
o0x7f4e40aed498 .functor BUFZ 16, C4<zzzzzzzzzzzzzzzz>; HiZ drive
v0x55745360bc90_256 .net v0x55745360bc90 256, 15 0, o0x7f4e40aed498; 0 drivers
o0x7f4e40aed4c8 .functor BUFZ 16, C4<zzzzzzzzzzzzzzzz>; HiZ drive
v0x55745360bc90_257 .net v0x55745360bc90 257, 15 0, o0x7f4e40aed4c8; 0 drivers
o0x7f4e40aed4f8 .functor BUFZ 16, C4<zzzzzzzzzzzzzzzz>; HiZ drive
v0x55745360bc90_258 .net v0x55745360bc90 258, 15 0, o0x7f4e40aed4f8; 0 drivers
o0x7f4e40aed528 .functor BUFZ 16, C4<zzzzzzzzzzzzzzzz>; HiZ drive
v0x55745360bc90_259 .net v0x55745360bc90 259, 15 0, o0x7f4e40aed528; 0 drivers
o0x7f4e40aed558 .functor BUFZ 16, C4<zzzzzzzzzzzzzzzz>; HiZ drive
v0x55745360bc90_260 .net v0x55745360bc90 260, 15 0, o0x7f4e40aed558; 0 drivers
o0x7f4e40aed588 .functor BUFZ 16, C4<zzzzzzzzzzzzzzzz>; HiZ drive
v0x55745360bc90_261 .net v0x55745360bc90 261, 15 0, o0x7f4e40aed588; 0 drivers
o0x7f4e40aed5b8 .functor BUFZ 16, C4<zzzzzzzzzzzzzzzz>; HiZ drive
v0x55745360bc90_262 .net v0x55745360bc90 262, 15 0, o0x7f4e40aed5b8; 0 drivers
o0x7f4e40aed5e8 .functor BUFZ 16, C4<zzzzzzzzzzzzzzzz>; HiZ drive
v0x55745360bc90_263 .net v0x55745360bc90 263, 15 0, o0x7f4e40aed5e8; 0 drivers
o0x7f4e40aed618 .functor BUFZ 16, C4<zzzzzzzzzzzzzzzz>; HiZ drive
v0x55745360bc90_264 .net v0x55745360bc90 264, 15 0, o0x7f4e40aed618; 0 drivers
o0x7f4e40aed648 .functor BUFZ 16, C4<zzzzzzzzzzzzzzzz>; HiZ drive
v0x55745360bc90_265 .net v0x55745360bc90 265, 15 0, o0x7f4e40aed648; 0 drivers
o0x7f4e40aed678 .functor BUFZ 16, C4<zzzzzzzzzzzzzzzz>; HiZ drive
v0x55745360bc90_266 .net v0x55745360bc90 266, 15 0, o0x7f4e40aed678; 0 drivers
o0x7f4e40aed6a8 .functor BUFZ 16, C4<zzzzzzzzzzzzzzzz>; HiZ drive
v0x55745360bc90_267 .net v0x55745360bc90 267, 15 0, o0x7f4e40aed6a8; 0 drivers
o0x7f4e40aed6d8 .functor BUFZ 16, C4<zzzzzzzzzzzzzzzz>; HiZ drive
v0x55745360bc90_268 .net v0x55745360bc90 268, 15 0, o0x7f4e40aed6d8; 0 drivers
o0x7f4e40aed708 .functor BUFZ 16, C4<zzzzzzzzzzzzzzzz>; HiZ drive
v0x55745360bc90_269 .net v0x55745360bc90 269, 15 0, o0x7f4e40aed708; 0 drivers
o0x7f4e40aed738 .functor BUFZ 16, C4<zzzzzzzzzzzzzzzz>; HiZ drive
v0x55745360bc90_270 .net v0x55745360bc90 270, 15 0, o0x7f4e40aed738; 0 drivers
o0x7f4e40aed768 .functor BUFZ 16, C4<zzzzzzzzzzzzzzzz>; HiZ drive
v0x55745360bc90_271 .net v0x55745360bc90 271, 15 0, o0x7f4e40aed768; 0 drivers
o0x7f4e40aed798 .functor BUFZ 16, C4<zzzzzzzzzzzzzzzz>; HiZ drive
v0x55745360bc90_272 .net v0x55745360bc90 272, 15 0, o0x7f4e40aed798; 0 drivers
o0x7f4e40aed7c8 .functor BUFZ 16, C4<zzzzzzzzzzzzzzzz>; HiZ drive
v0x55745360bc90_273 .net v0x55745360bc90 273, 15 0, o0x7f4e40aed7c8; 0 drivers
o0x7f4e40aed7f8 .functor BUFZ 16, C4<zzzzzzzzzzzzzzzz>; HiZ drive
v0x55745360bc90_274 .net v0x55745360bc90 274, 15 0, o0x7f4e40aed7f8; 0 drivers
o0x7f4e40aed828 .functor BUFZ 16, C4<zzzzzzzzzzzzzzzz>; HiZ drive
v0x55745360bc90_275 .net v0x55745360bc90 275, 15 0, o0x7f4e40aed828; 0 drivers
o0x7f4e40aed858 .functor BUFZ 16, C4<zzzzzzzzzzzzzzzz>; HiZ drive
v0x55745360bc90_276 .net v0x55745360bc90 276, 15 0, o0x7f4e40aed858; 0 drivers
o0x7f4e40aed888 .functor BUFZ 16, C4<zzzzzzzzzzzzzzzz>; HiZ drive
v0x55745360bc90_277 .net v0x55745360bc90 277, 15 0, o0x7f4e40aed888; 0 drivers
o0x7f4e40aed8b8 .functor BUFZ 16, C4<zzzzzzzzzzzzzzzz>; HiZ drive
v0x55745360bc90_278 .net v0x55745360bc90 278, 15 0, o0x7f4e40aed8b8; 0 drivers
o0x7f4e40aed8e8 .functor BUFZ 16, C4<zzzzzzzzzzzzzzzz>; HiZ drive
v0x55745360bc90_279 .net v0x55745360bc90 279, 15 0, o0x7f4e40aed8e8; 0 drivers
o0x7f4e40aed918 .functor BUFZ 16, C4<zzzzzzzzzzzzzzzz>; HiZ drive
v0x55745360bc90_280 .net v0x55745360bc90 280, 15 0, o0x7f4e40aed918; 0 drivers
o0x7f4e40aed948 .functor BUFZ 16, C4<zzzzzzzzzzzzzzzz>; HiZ drive
v0x55745360bc90_281 .net v0x55745360bc90 281, 15 0, o0x7f4e40aed948; 0 drivers
o0x7f4e40aed978 .functor BUFZ 16, C4<zzzzzzzzzzzzzzzz>; HiZ drive
v0x55745360bc90_282 .net v0x55745360bc90 282, 15 0, o0x7f4e40aed978; 0 drivers
o0x7f4e40aed9a8 .functor BUFZ 16, C4<zzzzzzzzzzzzzzzz>; HiZ drive
v0x55745360bc90_283 .net v0x55745360bc90 283, 15 0, o0x7f4e40aed9a8; 0 drivers
o0x7f4e40aed9d8 .functor BUFZ 16, C4<zzzzzzzzzzzzzzzz>; HiZ drive
v0x55745360bc90_284 .net v0x55745360bc90 284, 15 0, o0x7f4e40aed9d8; 0 drivers
o0x7f4e40aeda08 .functor BUFZ 16, C4<zzzzzzzzzzzzzzzz>; HiZ drive
v0x55745360bc90_285 .net v0x55745360bc90 285, 15 0, o0x7f4e40aeda08; 0 drivers
o0x7f4e40aeda38 .functor BUFZ 16, C4<zzzzzzzzzzzzzzzz>; HiZ drive
v0x55745360bc90_286 .net v0x55745360bc90 286, 15 0, o0x7f4e40aeda38; 0 drivers
o0x7f4e40aeda68 .functor BUFZ 16, C4<zzzzzzzzzzzzzzzz>; HiZ drive
v0x55745360bc90_287 .net v0x55745360bc90 287, 15 0, o0x7f4e40aeda68; 0 drivers
o0x7f4e40aeda98 .functor BUFZ 16, C4<zzzzzzzzzzzzzzzz>; HiZ drive
v0x55745360bc90_288 .net v0x55745360bc90 288, 15 0, o0x7f4e40aeda98; 0 drivers
o0x7f4e40aedac8 .functor BUFZ 16, C4<zzzzzzzzzzzzzzzz>; HiZ drive
v0x55745360bc90_289 .net v0x55745360bc90 289, 15 0, o0x7f4e40aedac8; 0 drivers
o0x7f4e40aedaf8 .functor BUFZ 16, C4<zzzzzzzzzzzzzzzz>; HiZ drive
v0x55745360bc90_290 .net v0x55745360bc90 290, 15 0, o0x7f4e40aedaf8; 0 drivers
o0x7f4e40aedb28 .functor BUFZ 16, C4<zzzzzzzzzzzzzzzz>; HiZ drive
v0x55745360bc90_291 .net v0x55745360bc90 291, 15 0, o0x7f4e40aedb28; 0 drivers
o0x7f4e40aedb58 .functor BUFZ 16, C4<zzzzzzzzzzzzzzzz>; HiZ drive
v0x55745360bc90_292 .net v0x55745360bc90 292, 15 0, o0x7f4e40aedb58; 0 drivers
o0x7f4e40aedb88 .functor BUFZ 16, C4<zzzzzzzzzzzzzzzz>; HiZ drive
v0x55745360bc90_293 .net v0x55745360bc90 293, 15 0, o0x7f4e40aedb88; 0 drivers
o0x7f4e40aedbb8 .functor BUFZ 16, C4<zzzzzzzzzzzzzzzz>; HiZ drive
v0x55745360bc90_294 .net v0x55745360bc90 294, 15 0, o0x7f4e40aedbb8; 0 drivers
o0x7f4e40aedbe8 .functor BUFZ 16, C4<zzzzzzzzzzzzzzzz>; HiZ drive
v0x55745360bc90_295 .net v0x55745360bc90 295, 15 0, o0x7f4e40aedbe8; 0 drivers
o0x7f4e40aedc18 .functor BUFZ 16, C4<zzzzzzzzzzzzzzzz>; HiZ drive
v0x55745360bc90_296 .net v0x55745360bc90 296, 15 0, o0x7f4e40aedc18; 0 drivers
o0x7f4e40aedc48 .functor BUFZ 16, C4<zzzzzzzzzzzzzzzz>; HiZ drive
v0x55745360bc90_297 .net v0x55745360bc90 297, 15 0, o0x7f4e40aedc48; 0 drivers
o0x7f4e40aedc78 .functor BUFZ 16, C4<zzzzzzzzzzzzzzzz>; HiZ drive
v0x55745360bc90_298 .net v0x55745360bc90 298, 15 0, o0x7f4e40aedc78; 0 drivers
o0x7f4e40aedca8 .functor BUFZ 16, C4<zzzzzzzzzzzzzzzz>; HiZ drive
v0x55745360bc90_299 .net v0x55745360bc90 299, 15 0, o0x7f4e40aedca8; 0 drivers
o0x7f4e40aedcd8 .functor BUFZ 16, C4<zzzzzzzzzzzzzzzz>; HiZ drive
v0x55745360bc90_300 .net v0x55745360bc90 300, 15 0, o0x7f4e40aedcd8; 0 drivers
o0x7f4e40aedd08 .functor BUFZ 16, C4<zzzzzzzzzzzzzzzz>; HiZ drive
v0x55745360bc90_301 .net v0x55745360bc90 301, 15 0, o0x7f4e40aedd08; 0 drivers
o0x7f4e40aedd38 .functor BUFZ 16, C4<zzzzzzzzzzzzzzzz>; HiZ drive
v0x55745360bc90_302 .net v0x55745360bc90 302, 15 0, o0x7f4e40aedd38; 0 drivers
o0x7f4e40aedd68 .functor BUFZ 16, C4<zzzzzzzzzzzzzzzz>; HiZ drive
v0x55745360bc90_303 .net v0x55745360bc90 303, 15 0, o0x7f4e40aedd68; 0 drivers
o0x7f4e40aedd98 .functor BUFZ 16, C4<zzzzzzzzzzzzzzzz>; HiZ drive
v0x55745360bc90_304 .net v0x55745360bc90 304, 15 0, o0x7f4e40aedd98; 0 drivers
o0x7f4e40aeddc8 .functor BUFZ 16, C4<zzzzzzzzzzzzzzzz>; HiZ drive
v0x55745360bc90_305 .net v0x55745360bc90 305, 15 0, o0x7f4e40aeddc8; 0 drivers
o0x7f4e40aeddf8 .functor BUFZ 16, C4<zzzzzzzzzzzzzzzz>; HiZ drive
v0x55745360bc90_306 .net v0x55745360bc90 306, 15 0, o0x7f4e40aeddf8; 0 drivers
o0x7f4e40aede28 .functor BUFZ 16, C4<zzzzzzzzzzzzzzzz>; HiZ drive
v0x55745360bc90_307 .net v0x55745360bc90 307, 15 0, o0x7f4e40aede28; 0 drivers
o0x7f4e40aede58 .functor BUFZ 16, C4<zzzzzzzzzzzzzzzz>; HiZ drive
v0x55745360bc90_308 .net v0x55745360bc90 308, 15 0, o0x7f4e40aede58; 0 drivers
o0x7f4e40aede88 .functor BUFZ 16, C4<zzzzzzzzzzzzzzzz>; HiZ drive
v0x55745360bc90_309 .net v0x55745360bc90 309, 15 0, o0x7f4e40aede88; 0 drivers
o0x7f4e40aedeb8 .functor BUFZ 16, C4<zzzzzzzzzzzzzzzz>; HiZ drive
v0x55745360bc90_310 .net v0x55745360bc90 310, 15 0, o0x7f4e40aedeb8; 0 drivers
o0x7f4e40aedee8 .functor BUFZ 16, C4<zzzzzzzzzzzzzzzz>; HiZ drive
v0x55745360bc90_311 .net v0x55745360bc90 311, 15 0, o0x7f4e40aedee8; 0 drivers
o0x7f4e40aedf18 .functor BUFZ 16, C4<zzzzzzzzzzzzzzzz>; HiZ drive
v0x55745360bc90_312 .net v0x55745360bc90 312, 15 0, o0x7f4e40aedf18; 0 drivers
o0x7f4e40aedf48 .functor BUFZ 16, C4<zzzzzzzzzzzzzzzz>; HiZ drive
v0x55745360bc90_313 .net v0x55745360bc90 313, 15 0, o0x7f4e40aedf48; 0 drivers
o0x7f4e40aedf78 .functor BUFZ 16, C4<zzzzzzzzzzzzzzzz>; HiZ drive
v0x55745360bc90_314 .net v0x55745360bc90 314, 15 0, o0x7f4e40aedf78; 0 drivers
o0x7f4e40aedfa8 .functor BUFZ 16, C4<zzzzzzzzzzzzzzzz>; HiZ drive
v0x55745360bc90_315 .net v0x55745360bc90 315, 15 0, o0x7f4e40aedfa8; 0 drivers
o0x7f4e40aedfd8 .functor BUFZ 16, C4<zzzzzzzzzzzzzzzz>; HiZ drive
v0x55745360bc90_316 .net v0x55745360bc90 316, 15 0, o0x7f4e40aedfd8; 0 drivers
o0x7f4e40aee008 .functor BUFZ 16, C4<zzzzzzzzzzzzzzzz>; HiZ drive
v0x55745360bc90_317 .net v0x55745360bc90 317, 15 0, o0x7f4e40aee008; 0 drivers
o0x7f4e40aee038 .functor BUFZ 16, C4<zzzzzzzzzzzzzzzz>; HiZ drive
v0x55745360bc90_318 .net v0x55745360bc90 318, 15 0, o0x7f4e40aee038; 0 drivers
o0x7f4e40aee068 .functor BUFZ 16, C4<zzzzzzzzzzzzzzzz>; HiZ drive
v0x55745360bc90_319 .net v0x55745360bc90 319, 15 0, o0x7f4e40aee068; 0 drivers
o0x7f4e40aee098 .functor BUFZ 16, C4<zzzzzzzzzzzzzzzz>; HiZ drive
v0x55745360bc90_320 .net v0x55745360bc90 320, 15 0, o0x7f4e40aee098; 0 drivers
o0x7f4e40aee0c8 .functor BUFZ 16, C4<zzzzzzzzzzzzzzzz>; HiZ drive
v0x55745360bc90_321 .net v0x55745360bc90 321, 15 0, o0x7f4e40aee0c8; 0 drivers
o0x7f4e40aee0f8 .functor BUFZ 16, C4<zzzzzzzzzzzzzzzz>; HiZ drive
v0x55745360bc90_322 .net v0x55745360bc90 322, 15 0, o0x7f4e40aee0f8; 0 drivers
o0x7f4e40aee128 .functor BUFZ 16, C4<zzzzzzzzzzzzzzzz>; HiZ drive
v0x55745360bc90_323 .net v0x55745360bc90 323, 15 0, o0x7f4e40aee128; 0 drivers
o0x7f4e40aee158 .functor BUFZ 16, C4<zzzzzzzzzzzzzzzz>; HiZ drive
v0x55745360bc90_324 .net v0x55745360bc90 324, 15 0, o0x7f4e40aee158; 0 drivers
o0x7f4e40aee188 .functor BUFZ 16, C4<zzzzzzzzzzzzzzzz>; HiZ drive
v0x55745360bc90_325 .net v0x55745360bc90 325, 15 0, o0x7f4e40aee188; 0 drivers
o0x7f4e40aee1b8 .functor BUFZ 16, C4<zzzzzzzzzzzzzzzz>; HiZ drive
v0x55745360bc90_326 .net v0x55745360bc90 326, 15 0, o0x7f4e40aee1b8; 0 drivers
o0x7f4e40aee1e8 .functor BUFZ 16, C4<zzzzzzzzzzzzzzzz>; HiZ drive
v0x55745360bc90_327 .net v0x55745360bc90 327, 15 0, o0x7f4e40aee1e8; 0 drivers
o0x7f4e40aee218 .functor BUFZ 16, C4<zzzzzzzzzzzzzzzz>; HiZ drive
v0x55745360bc90_328 .net v0x55745360bc90 328, 15 0, o0x7f4e40aee218; 0 drivers
o0x7f4e40aee248 .functor BUFZ 16, C4<zzzzzzzzzzzzzzzz>; HiZ drive
v0x55745360bc90_329 .net v0x55745360bc90 329, 15 0, o0x7f4e40aee248; 0 drivers
o0x7f4e40aee278 .functor BUFZ 16, C4<zzzzzzzzzzzzzzzz>; HiZ drive
v0x55745360bc90_330 .net v0x55745360bc90 330, 15 0, o0x7f4e40aee278; 0 drivers
o0x7f4e40aee2a8 .functor BUFZ 16, C4<zzzzzzzzzzzzzzzz>; HiZ drive
v0x55745360bc90_331 .net v0x55745360bc90 331, 15 0, o0x7f4e40aee2a8; 0 drivers
o0x7f4e40aee2d8 .functor BUFZ 16, C4<zzzzzzzzzzzzzzzz>; HiZ drive
v0x55745360bc90_332 .net v0x55745360bc90 332, 15 0, o0x7f4e40aee2d8; 0 drivers
o0x7f4e40aee308 .functor BUFZ 16, C4<zzzzzzzzzzzzzzzz>; HiZ drive
v0x55745360bc90_333 .net v0x55745360bc90 333, 15 0, o0x7f4e40aee308; 0 drivers
o0x7f4e40aee338 .functor BUFZ 16, C4<zzzzzzzzzzzzzzzz>; HiZ drive
v0x55745360bc90_334 .net v0x55745360bc90 334, 15 0, o0x7f4e40aee338; 0 drivers
o0x7f4e40aee368 .functor BUFZ 16, C4<zzzzzzzzzzzzzzzz>; HiZ drive
v0x55745360bc90_335 .net v0x55745360bc90 335, 15 0, o0x7f4e40aee368; 0 drivers
o0x7f4e40aee398 .functor BUFZ 16, C4<zzzzzzzzzzzzzzzz>; HiZ drive
v0x55745360bc90_336 .net v0x55745360bc90 336, 15 0, o0x7f4e40aee398; 0 drivers
o0x7f4e40aee3c8 .functor BUFZ 16, C4<zzzzzzzzzzzzzzzz>; HiZ drive
v0x55745360bc90_337 .net v0x55745360bc90 337, 15 0, o0x7f4e40aee3c8; 0 drivers
o0x7f4e40aee3f8 .functor BUFZ 16, C4<zzzzzzzzzzzzzzzz>; HiZ drive
v0x55745360bc90_338 .net v0x55745360bc90 338, 15 0, o0x7f4e40aee3f8; 0 drivers
o0x7f4e40aee428 .functor BUFZ 16, C4<zzzzzzzzzzzzzzzz>; HiZ drive
v0x55745360bc90_339 .net v0x55745360bc90 339, 15 0, o0x7f4e40aee428; 0 drivers
o0x7f4e40aee458 .functor BUFZ 16, C4<zzzzzzzzzzzzzzzz>; HiZ drive
v0x55745360bc90_340 .net v0x55745360bc90 340, 15 0, o0x7f4e40aee458; 0 drivers
o0x7f4e40aee488 .functor BUFZ 16, C4<zzzzzzzzzzzzzzzz>; HiZ drive
v0x55745360bc90_341 .net v0x55745360bc90 341, 15 0, o0x7f4e40aee488; 0 drivers
o0x7f4e40aee4b8 .functor BUFZ 16, C4<zzzzzzzzzzzzzzzz>; HiZ drive
v0x55745360bc90_342 .net v0x55745360bc90 342, 15 0, o0x7f4e40aee4b8; 0 drivers
o0x7f4e40aee4e8 .functor BUFZ 16, C4<zzzzzzzzzzzzzzzz>; HiZ drive
v0x55745360bc90_343 .net v0x55745360bc90 343, 15 0, o0x7f4e40aee4e8; 0 drivers
o0x7f4e40aee518 .functor BUFZ 16, C4<zzzzzzzzzzzzzzzz>; HiZ drive
v0x55745360bc90_344 .net v0x55745360bc90 344, 15 0, o0x7f4e40aee518; 0 drivers
o0x7f4e40aee548 .functor BUFZ 16, C4<zzzzzzzzzzzzzzzz>; HiZ drive
v0x55745360bc90_345 .net v0x55745360bc90 345, 15 0, o0x7f4e40aee548; 0 drivers
o0x7f4e40aee578 .functor BUFZ 16, C4<zzzzzzzzzzzzzzzz>; HiZ drive
v0x55745360bc90_346 .net v0x55745360bc90 346, 15 0, o0x7f4e40aee578; 0 drivers
o0x7f4e40aee5a8 .functor BUFZ 16, C4<zzzzzzzzzzzzzzzz>; HiZ drive
v0x55745360bc90_347 .net v0x55745360bc90 347, 15 0, o0x7f4e40aee5a8; 0 drivers
o0x7f4e40aee5d8 .functor BUFZ 16, C4<zzzzzzzzzzzzzzzz>; HiZ drive
v0x55745360bc90_348 .net v0x55745360bc90 348, 15 0, o0x7f4e40aee5d8; 0 drivers
o0x7f4e40aee608 .functor BUFZ 16, C4<zzzzzzzzzzzzzzzz>; HiZ drive
v0x55745360bc90_349 .net v0x55745360bc90 349, 15 0, o0x7f4e40aee608; 0 drivers
o0x7f4e40aee638 .functor BUFZ 16, C4<zzzzzzzzzzzzzzzz>; HiZ drive
v0x55745360bc90_350 .net v0x55745360bc90 350, 15 0, o0x7f4e40aee638; 0 drivers
o0x7f4e40aee668 .functor BUFZ 16, C4<zzzzzzzzzzzzzzzz>; HiZ drive
v0x55745360bc90_351 .net v0x55745360bc90 351, 15 0, o0x7f4e40aee668; 0 drivers
o0x7f4e40aee698 .functor BUFZ 16, C4<zzzzzzzzzzzzzzzz>; HiZ drive
v0x55745360bc90_352 .net v0x55745360bc90 352, 15 0, o0x7f4e40aee698; 0 drivers
o0x7f4e40aee6c8 .functor BUFZ 16, C4<zzzzzzzzzzzzzzzz>; HiZ drive
v0x55745360bc90_353 .net v0x55745360bc90 353, 15 0, o0x7f4e40aee6c8; 0 drivers
o0x7f4e40aee6f8 .functor BUFZ 16, C4<zzzzzzzzzzzzzzzz>; HiZ drive
v0x55745360bc90_354 .net v0x55745360bc90 354, 15 0, o0x7f4e40aee6f8; 0 drivers
o0x7f4e40aee728 .functor BUFZ 16, C4<zzzzzzzzzzzzzzzz>; HiZ drive
v0x55745360bc90_355 .net v0x55745360bc90 355, 15 0, o0x7f4e40aee728; 0 drivers
o0x7f4e40aee758 .functor BUFZ 16, C4<zzzzzzzzzzzzzzzz>; HiZ drive
v0x55745360bc90_356 .net v0x55745360bc90 356, 15 0, o0x7f4e40aee758; 0 drivers
o0x7f4e40aee788 .functor BUFZ 16, C4<zzzzzzzzzzzzzzzz>; HiZ drive
v0x55745360bc90_357 .net v0x55745360bc90 357, 15 0, o0x7f4e40aee788; 0 drivers
o0x7f4e40aee7b8 .functor BUFZ 16, C4<zzzzzzzzzzzzzzzz>; HiZ drive
v0x55745360bc90_358 .net v0x55745360bc90 358, 15 0, o0x7f4e40aee7b8; 0 drivers
o0x7f4e40aee7e8 .functor BUFZ 16, C4<zzzzzzzzzzzzzzzz>; HiZ drive
v0x55745360bc90_359 .net v0x55745360bc90 359, 15 0, o0x7f4e40aee7e8; 0 drivers
o0x7f4e40aee818 .functor BUFZ 16, C4<zzzzzzzzzzzzzzzz>; HiZ drive
v0x55745360bc90_360 .net v0x55745360bc90 360, 15 0, o0x7f4e40aee818; 0 drivers
o0x7f4e40aee848 .functor BUFZ 16, C4<zzzzzzzzzzzzzzzz>; HiZ drive
v0x55745360bc90_361 .net v0x55745360bc90 361, 15 0, o0x7f4e40aee848; 0 drivers
o0x7f4e40aee878 .functor BUFZ 16, C4<zzzzzzzzzzzzzzzz>; HiZ drive
v0x55745360bc90_362 .net v0x55745360bc90 362, 15 0, o0x7f4e40aee878; 0 drivers
o0x7f4e40aee8a8 .functor BUFZ 16, C4<zzzzzzzzzzzzzzzz>; HiZ drive
v0x55745360bc90_363 .net v0x55745360bc90 363, 15 0, o0x7f4e40aee8a8; 0 drivers
o0x7f4e40aee8d8 .functor BUFZ 16, C4<zzzzzzzzzzzzzzzz>; HiZ drive
v0x55745360bc90_364 .net v0x55745360bc90 364, 15 0, o0x7f4e40aee8d8; 0 drivers
o0x7f4e40aee908 .functor BUFZ 16, C4<zzzzzzzzzzzzzzzz>; HiZ drive
v0x55745360bc90_365 .net v0x55745360bc90 365, 15 0, o0x7f4e40aee908; 0 drivers
o0x7f4e40aee938 .functor BUFZ 16, C4<zzzzzzzzzzzzzzzz>; HiZ drive
v0x55745360bc90_366 .net v0x55745360bc90 366, 15 0, o0x7f4e40aee938; 0 drivers
o0x7f4e40aee968 .functor BUFZ 16, C4<zzzzzzzzzzzzzzzz>; HiZ drive
v0x55745360bc90_367 .net v0x55745360bc90 367, 15 0, o0x7f4e40aee968; 0 drivers
o0x7f4e40aee998 .functor BUFZ 16, C4<zzzzzzzzzzzzzzzz>; HiZ drive
v0x55745360bc90_368 .net v0x55745360bc90 368, 15 0, o0x7f4e40aee998; 0 drivers
o0x7f4e40aee9c8 .functor BUFZ 16, C4<zzzzzzzzzzzzzzzz>; HiZ drive
v0x55745360bc90_369 .net v0x55745360bc90 369, 15 0, o0x7f4e40aee9c8; 0 drivers
o0x7f4e40aee9f8 .functor BUFZ 16, C4<zzzzzzzzzzzzzzzz>; HiZ drive
v0x55745360bc90_370 .net v0x55745360bc90 370, 15 0, o0x7f4e40aee9f8; 0 drivers
o0x7f4e40aeea28 .functor BUFZ 16, C4<zzzzzzzzzzzzzzzz>; HiZ drive
v0x55745360bc90_371 .net v0x55745360bc90 371, 15 0, o0x7f4e40aeea28; 0 drivers
o0x7f4e40aeea58 .functor BUFZ 16, C4<zzzzzzzzzzzzzzzz>; HiZ drive
v0x55745360bc90_372 .net v0x55745360bc90 372, 15 0, o0x7f4e40aeea58; 0 drivers
o0x7f4e40aeea88 .functor BUFZ 16, C4<zzzzzzzzzzzzzzzz>; HiZ drive
v0x55745360bc90_373 .net v0x55745360bc90 373, 15 0, o0x7f4e40aeea88; 0 drivers
o0x7f4e40aeeab8 .functor BUFZ 16, C4<zzzzzzzzzzzzzzzz>; HiZ drive
v0x55745360bc90_374 .net v0x55745360bc90 374, 15 0, o0x7f4e40aeeab8; 0 drivers
o0x7f4e40aeeae8 .functor BUFZ 16, C4<zzzzzzzzzzzzzzzz>; HiZ drive
v0x55745360bc90_375 .net v0x55745360bc90 375, 15 0, o0x7f4e40aeeae8; 0 drivers
o0x7f4e40aeeb18 .functor BUFZ 16, C4<zzzzzzzzzzzzzzzz>; HiZ drive
v0x55745360bc90_376 .net v0x55745360bc90 376, 15 0, o0x7f4e40aeeb18; 0 drivers
o0x7f4e40aeeb48 .functor BUFZ 16, C4<zzzzzzzzzzzzzzzz>; HiZ drive
v0x55745360bc90_377 .net v0x55745360bc90 377, 15 0, o0x7f4e40aeeb48; 0 drivers
o0x7f4e40aeeb78 .functor BUFZ 16, C4<zzzzzzzzzzzzzzzz>; HiZ drive
v0x55745360bc90_378 .net v0x55745360bc90 378, 15 0, o0x7f4e40aeeb78; 0 drivers
o0x7f4e40aeeba8 .functor BUFZ 16, C4<zzzzzzzzzzzzzzzz>; HiZ drive
v0x55745360bc90_379 .net v0x55745360bc90 379, 15 0, o0x7f4e40aeeba8; 0 drivers
o0x7f4e40aeebd8 .functor BUFZ 16, C4<zzzzzzzzzzzzzzzz>; HiZ drive
v0x55745360bc90_380 .net v0x55745360bc90 380, 15 0, o0x7f4e40aeebd8; 0 drivers
o0x7f4e40aeec08 .functor BUFZ 16, C4<zzzzzzzzzzzzzzzz>; HiZ drive
v0x55745360bc90_381 .net v0x55745360bc90 381, 15 0, o0x7f4e40aeec08; 0 drivers
o0x7f4e40aeec38 .functor BUFZ 16, C4<zzzzzzzzzzzzzzzz>; HiZ drive
v0x55745360bc90_382 .net v0x55745360bc90 382, 15 0, o0x7f4e40aeec38; 0 drivers
o0x7f4e40aeec68 .functor BUFZ 16, C4<zzzzzzzzzzzzzzzz>; HiZ drive
v0x55745360bc90_383 .net v0x55745360bc90 383, 15 0, o0x7f4e40aeec68; 0 drivers
o0x7f4e40aeec98 .functor BUFZ 16, C4<zzzzzzzzzzzzzzzz>; HiZ drive
v0x55745360bc90_384 .net v0x55745360bc90 384, 15 0, o0x7f4e40aeec98; 0 drivers
o0x7f4e40aeecc8 .functor BUFZ 16, C4<zzzzzzzzzzzzzzzz>; HiZ drive
v0x55745360bc90_385 .net v0x55745360bc90 385, 15 0, o0x7f4e40aeecc8; 0 drivers
o0x7f4e40aeecf8 .functor BUFZ 16, C4<zzzzzzzzzzzzzzzz>; HiZ drive
v0x55745360bc90_386 .net v0x55745360bc90 386, 15 0, o0x7f4e40aeecf8; 0 drivers
o0x7f4e40aeed28 .functor BUFZ 16, C4<zzzzzzzzzzzzzzzz>; HiZ drive
v0x55745360bc90_387 .net v0x55745360bc90 387, 15 0, o0x7f4e40aeed28; 0 drivers
o0x7f4e40aeed58 .functor BUFZ 16, C4<zzzzzzzzzzzzzzzz>; HiZ drive
v0x55745360bc90_388 .net v0x55745360bc90 388, 15 0, o0x7f4e40aeed58; 0 drivers
o0x7f4e40aeed88 .functor BUFZ 16, C4<zzzzzzzzzzzzzzzz>; HiZ drive
v0x55745360bc90_389 .net v0x55745360bc90 389, 15 0, o0x7f4e40aeed88; 0 drivers
o0x7f4e40aeedb8 .functor BUFZ 16, C4<zzzzzzzzzzzzzzzz>; HiZ drive
v0x55745360bc90_390 .net v0x55745360bc90 390, 15 0, o0x7f4e40aeedb8; 0 drivers
o0x7f4e40aeede8 .functor BUFZ 16, C4<zzzzzzzzzzzzzzzz>; HiZ drive
v0x55745360bc90_391 .net v0x55745360bc90 391, 15 0, o0x7f4e40aeede8; 0 drivers
o0x7f4e40aeee18 .functor BUFZ 16, C4<zzzzzzzzzzzzzzzz>; HiZ drive
v0x55745360bc90_392 .net v0x55745360bc90 392, 15 0, o0x7f4e40aeee18; 0 drivers
o0x7f4e40aeee48 .functor BUFZ 16, C4<zzzzzzzzzzzzzzzz>; HiZ drive
v0x55745360bc90_393 .net v0x55745360bc90 393, 15 0, o0x7f4e40aeee48; 0 drivers
o0x7f4e40aeee78 .functor BUFZ 16, C4<zzzzzzzzzzzzzzzz>; HiZ drive
v0x55745360bc90_394 .net v0x55745360bc90 394, 15 0, o0x7f4e40aeee78; 0 drivers
o0x7f4e40aeeea8 .functor BUFZ 16, C4<zzzzzzzzzzzzzzzz>; HiZ drive
v0x55745360bc90_395 .net v0x55745360bc90 395, 15 0, o0x7f4e40aeeea8; 0 drivers
o0x7f4e40aeeed8 .functor BUFZ 16, C4<zzzzzzzzzzzzzzzz>; HiZ drive
v0x55745360bc90_396 .net v0x55745360bc90 396, 15 0, o0x7f4e40aeeed8; 0 drivers
o0x7f4e40aeef08 .functor BUFZ 16, C4<zzzzzzzzzzzzzzzz>; HiZ drive
v0x55745360bc90_397 .net v0x55745360bc90 397, 15 0, o0x7f4e40aeef08; 0 drivers
o0x7f4e40aeef38 .functor BUFZ 16, C4<zzzzzzzzzzzzzzzz>; HiZ drive
v0x55745360bc90_398 .net v0x55745360bc90 398, 15 0, o0x7f4e40aeef38; 0 drivers
o0x7f4e40aeef68 .functor BUFZ 16, C4<zzzzzzzzzzzzzzzz>; HiZ drive
v0x55745360bc90_399 .net v0x55745360bc90 399, 15 0, o0x7f4e40aeef68; 0 drivers
o0x7f4e40aeef98 .functor BUFZ 16, C4<zzzzzzzzzzzzzzzz>; HiZ drive
v0x55745360bc90_400 .net v0x55745360bc90 400, 15 0, o0x7f4e40aeef98; 0 drivers
o0x7f4e40aeefc8 .functor BUFZ 16, C4<zzzzzzzzzzzzzzzz>; HiZ drive
v0x55745360bc90_401 .net v0x55745360bc90 401, 15 0, o0x7f4e40aeefc8; 0 drivers
o0x7f4e40aeeff8 .functor BUFZ 16, C4<zzzzzzzzzzzzzzzz>; HiZ drive
v0x55745360bc90_402 .net v0x55745360bc90 402, 15 0, o0x7f4e40aeeff8; 0 drivers
o0x7f4e40aef028 .functor BUFZ 16, C4<zzzzzzzzzzzzzzzz>; HiZ drive
v0x55745360bc90_403 .net v0x55745360bc90 403, 15 0, o0x7f4e40aef028; 0 drivers
o0x7f4e40aef058 .functor BUFZ 16, C4<zzzzzzzzzzzzzzzz>; HiZ drive
v0x55745360bc90_404 .net v0x55745360bc90 404, 15 0, o0x7f4e40aef058; 0 drivers
o0x7f4e40aef088 .functor BUFZ 16, C4<zzzzzzzzzzzzzzzz>; HiZ drive
v0x55745360bc90_405 .net v0x55745360bc90 405, 15 0, o0x7f4e40aef088; 0 drivers
o0x7f4e40aef0b8 .functor BUFZ 16, C4<zzzzzzzzzzzzzzzz>; HiZ drive
v0x55745360bc90_406 .net v0x55745360bc90 406, 15 0, o0x7f4e40aef0b8; 0 drivers
o0x7f4e40aef0e8 .functor BUFZ 16, C4<zzzzzzzzzzzzzzzz>; HiZ drive
v0x55745360bc90_407 .net v0x55745360bc90 407, 15 0, o0x7f4e40aef0e8; 0 drivers
o0x7f4e40aef118 .functor BUFZ 16, C4<zzzzzzzzzzzzzzzz>; HiZ drive
v0x55745360bc90_408 .net v0x55745360bc90 408, 15 0, o0x7f4e40aef118; 0 drivers
o0x7f4e40aef148 .functor BUFZ 16, C4<zzzzzzzzzzzzzzzz>; HiZ drive
v0x55745360bc90_409 .net v0x55745360bc90 409, 15 0, o0x7f4e40aef148; 0 drivers
o0x7f4e40aef178 .functor BUFZ 16, C4<zzzzzzzzzzzzzzzz>; HiZ drive
v0x55745360bc90_410 .net v0x55745360bc90 410, 15 0, o0x7f4e40aef178; 0 drivers
o0x7f4e40aef1a8 .functor BUFZ 16, C4<zzzzzzzzzzzzzzzz>; HiZ drive
v0x55745360bc90_411 .net v0x55745360bc90 411, 15 0, o0x7f4e40aef1a8; 0 drivers
o0x7f4e40aef1d8 .functor BUFZ 16, C4<zzzzzzzzzzzzzzzz>; HiZ drive
v0x55745360bc90_412 .net v0x55745360bc90 412, 15 0, o0x7f4e40aef1d8; 0 drivers
o0x7f4e40aef208 .functor BUFZ 16, C4<zzzzzzzzzzzzzzzz>; HiZ drive
v0x55745360bc90_413 .net v0x55745360bc90 413, 15 0, o0x7f4e40aef208; 0 drivers
o0x7f4e40aef238 .functor BUFZ 16, C4<zzzzzzzzzzzzzzzz>; HiZ drive
v0x55745360bc90_414 .net v0x55745360bc90 414, 15 0, o0x7f4e40aef238; 0 drivers
o0x7f4e40aef268 .functor BUFZ 16, C4<zzzzzzzzzzzzzzzz>; HiZ drive
v0x55745360bc90_415 .net v0x55745360bc90 415, 15 0, o0x7f4e40aef268; 0 drivers
o0x7f4e40aef298 .functor BUFZ 16, C4<zzzzzzzzzzzzzzzz>; HiZ drive
v0x55745360bc90_416 .net v0x55745360bc90 416, 15 0, o0x7f4e40aef298; 0 drivers
o0x7f4e40aef2c8 .functor BUFZ 16, C4<zzzzzzzzzzzzzzzz>; HiZ drive
v0x55745360bc90_417 .net v0x55745360bc90 417, 15 0, o0x7f4e40aef2c8; 0 drivers
o0x7f4e40aef2f8 .functor BUFZ 16, C4<zzzzzzzzzzzzzzzz>; HiZ drive
v0x55745360bc90_418 .net v0x55745360bc90 418, 15 0, o0x7f4e40aef2f8; 0 drivers
o0x7f4e40aef328 .functor BUFZ 16, C4<zzzzzzzzzzzzzzzz>; HiZ drive
v0x55745360bc90_419 .net v0x55745360bc90 419, 15 0, o0x7f4e40aef328; 0 drivers
o0x7f4e40aef358 .functor BUFZ 16, C4<zzzzzzzzzzzzzzzz>; HiZ drive
v0x55745360bc90_420 .net v0x55745360bc90 420, 15 0, o0x7f4e40aef358; 0 drivers
o0x7f4e40aef388 .functor BUFZ 16, C4<zzzzzzzzzzzzzzzz>; HiZ drive
v0x55745360bc90_421 .net v0x55745360bc90 421, 15 0, o0x7f4e40aef388; 0 drivers
o0x7f4e40aef3b8 .functor BUFZ 16, C4<zzzzzzzzzzzzzzzz>; HiZ drive
v0x55745360bc90_422 .net v0x55745360bc90 422, 15 0, o0x7f4e40aef3b8; 0 drivers
o0x7f4e40aef3e8 .functor BUFZ 16, C4<zzzzzzzzzzzzzzzz>; HiZ drive
v0x55745360bc90_423 .net v0x55745360bc90 423, 15 0, o0x7f4e40aef3e8; 0 drivers
o0x7f4e40aef418 .functor BUFZ 16, C4<zzzzzzzzzzzzzzzz>; HiZ drive
v0x55745360bc90_424 .net v0x55745360bc90 424, 15 0, o0x7f4e40aef418; 0 drivers
o0x7f4e40aef448 .functor BUFZ 16, C4<zzzzzzzzzzzzzzzz>; HiZ drive
v0x55745360bc90_425 .net v0x55745360bc90 425, 15 0, o0x7f4e40aef448; 0 drivers
o0x7f4e40aef478 .functor BUFZ 16, C4<zzzzzzzzzzzzzzzz>; HiZ drive
v0x55745360bc90_426 .net v0x55745360bc90 426, 15 0, o0x7f4e40aef478; 0 drivers
o0x7f4e40aef4a8 .functor BUFZ 16, C4<zzzzzzzzzzzzzzzz>; HiZ drive
v0x55745360bc90_427 .net v0x55745360bc90 427, 15 0, o0x7f4e40aef4a8; 0 drivers
o0x7f4e40aef4d8 .functor BUFZ 16, C4<zzzzzzzzzzzzzzzz>; HiZ drive
v0x55745360bc90_428 .net v0x55745360bc90 428, 15 0, o0x7f4e40aef4d8; 0 drivers
o0x7f4e40aef508 .functor BUFZ 16, C4<zzzzzzzzzzzzzzzz>; HiZ drive
v0x55745360bc90_429 .net v0x55745360bc90 429, 15 0, o0x7f4e40aef508; 0 drivers
o0x7f4e40aef538 .functor BUFZ 16, C4<zzzzzzzzzzzzzzzz>; HiZ drive
v0x55745360bc90_430 .net v0x55745360bc90 430, 15 0, o0x7f4e40aef538; 0 drivers
o0x7f4e40aef568 .functor BUFZ 16, C4<zzzzzzzzzzzzzzzz>; HiZ drive
v0x55745360bc90_431 .net v0x55745360bc90 431, 15 0, o0x7f4e40aef568; 0 drivers
o0x7f4e40aef598 .functor BUFZ 16, C4<zzzzzzzzzzzzzzzz>; HiZ drive
v0x55745360bc90_432 .net v0x55745360bc90 432, 15 0, o0x7f4e40aef598; 0 drivers
o0x7f4e40aef5c8 .functor BUFZ 16, C4<zzzzzzzzzzzzzzzz>; HiZ drive
v0x55745360bc90_433 .net v0x55745360bc90 433, 15 0, o0x7f4e40aef5c8; 0 drivers
o0x7f4e40aef5f8 .functor BUFZ 16, C4<zzzzzzzzzzzzzzzz>; HiZ drive
v0x55745360bc90_434 .net v0x55745360bc90 434, 15 0, o0x7f4e40aef5f8; 0 drivers
o0x7f4e40aef628 .functor BUFZ 16, C4<zzzzzzzzzzzzzzzz>; HiZ drive
v0x55745360bc90_435 .net v0x55745360bc90 435, 15 0, o0x7f4e40aef628; 0 drivers
o0x7f4e40aef658 .functor BUFZ 16, C4<zzzzzzzzzzzzzzzz>; HiZ drive
v0x55745360bc90_436 .net v0x55745360bc90 436, 15 0, o0x7f4e40aef658; 0 drivers
o0x7f4e40aef688 .functor BUFZ 16, C4<zzzzzzzzzzzzzzzz>; HiZ drive
v0x55745360bc90_437 .net v0x55745360bc90 437, 15 0, o0x7f4e40aef688; 0 drivers
o0x7f4e40aef6b8 .functor BUFZ 16, C4<zzzzzzzzzzzzzzzz>; HiZ drive
v0x55745360bc90_438 .net v0x55745360bc90 438, 15 0, o0x7f4e40aef6b8; 0 drivers
o0x7f4e40aef6e8 .functor BUFZ 16, C4<zzzzzzzzzzzzzzzz>; HiZ drive
v0x55745360bc90_439 .net v0x55745360bc90 439, 15 0, o0x7f4e40aef6e8; 0 drivers
o0x7f4e40aef718 .functor BUFZ 16, C4<zzzzzzzzzzzzzzzz>; HiZ drive
v0x55745360bc90_440 .net v0x55745360bc90 440, 15 0, o0x7f4e40aef718; 0 drivers
o0x7f4e40aef748 .functor BUFZ 16, C4<zzzzzzzzzzzzzzzz>; HiZ drive
v0x55745360bc90_441 .net v0x55745360bc90 441, 15 0, o0x7f4e40aef748; 0 drivers
o0x7f4e40aef778 .functor BUFZ 16, C4<zzzzzzzzzzzzzzzz>; HiZ drive
v0x55745360bc90_442 .net v0x55745360bc90 442, 15 0, o0x7f4e40aef778; 0 drivers
o0x7f4e40aef7a8 .functor BUFZ 16, C4<zzzzzzzzzzzzzzzz>; HiZ drive
v0x55745360bc90_443 .net v0x55745360bc90 443, 15 0, o0x7f4e40aef7a8; 0 drivers
o0x7f4e40aef7d8 .functor BUFZ 16, C4<zzzzzzzzzzzzzzzz>; HiZ drive
v0x55745360bc90_444 .net v0x55745360bc90 444, 15 0, o0x7f4e40aef7d8; 0 drivers
o0x7f4e40aef808 .functor BUFZ 16, C4<zzzzzzzzzzzzzzzz>; HiZ drive
v0x55745360bc90_445 .net v0x55745360bc90 445, 15 0, o0x7f4e40aef808; 0 drivers
o0x7f4e40aef838 .functor BUFZ 16, C4<zzzzzzzzzzzzzzzz>; HiZ drive
v0x55745360bc90_446 .net v0x55745360bc90 446, 15 0, o0x7f4e40aef838; 0 drivers
o0x7f4e40aef868 .functor BUFZ 16, C4<zzzzzzzzzzzzzzzz>; HiZ drive
v0x55745360bc90_447 .net v0x55745360bc90 447, 15 0, o0x7f4e40aef868; 0 drivers
o0x7f4e40aef898 .functor BUFZ 16, C4<zzzzzzzzzzzzzzzz>; HiZ drive
v0x55745360bc90_448 .net v0x55745360bc90 448, 15 0, o0x7f4e40aef898; 0 drivers
o0x7f4e40aef8c8 .functor BUFZ 16, C4<zzzzzzzzzzzzzzzz>; HiZ drive
v0x55745360bc90_449 .net v0x55745360bc90 449, 15 0, o0x7f4e40aef8c8; 0 drivers
o0x7f4e40aef8f8 .functor BUFZ 16, C4<zzzzzzzzzzzzzzzz>; HiZ drive
v0x55745360bc90_450 .net v0x55745360bc90 450, 15 0, o0x7f4e40aef8f8; 0 drivers
o0x7f4e40aef928 .functor BUFZ 16, C4<zzzzzzzzzzzzzzzz>; HiZ drive
v0x55745360bc90_451 .net v0x55745360bc90 451, 15 0, o0x7f4e40aef928; 0 drivers
o0x7f4e40aef958 .functor BUFZ 16, C4<zzzzzzzzzzzzzzzz>; HiZ drive
v0x55745360bc90_452 .net v0x55745360bc90 452, 15 0, o0x7f4e40aef958; 0 drivers
o0x7f4e40aef988 .functor BUFZ 16, C4<zzzzzzzzzzzzzzzz>; HiZ drive
v0x55745360bc90_453 .net v0x55745360bc90 453, 15 0, o0x7f4e40aef988; 0 drivers
o0x7f4e40aef9b8 .functor BUFZ 16, C4<zzzzzzzzzzzzzzzz>; HiZ drive
v0x55745360bc90_454 .net v0x55745360bc90 454, 15 0, o0x7f4e40aef9b8; 0 drivers
o0x7f4e40aef9e8 .functor BUFZ 16, C4<zzzzzzzzzzzzzzzz>; HiZ drive
v0x55745360bc90_455 .net v0x55745360bc90 455, 15 0, o0x7f4e40aef9e8; 0 drivers
o0x7f4e40aefa18 .functor BUFZ 16, C4<zzzzzzzzzzzzzzzz>; HiZ drive
v0x55745360bc90_456 .net v0x55745360bc90 456, 15 0, o0x7f4e40aefa18; 0 drivers
o0x7f4e40aefa48 .functor BUFZ 16, C4<zzzzzzzzzzzzzzzz>; HiZ drive
v0x55745360bc90_457 .net v0x55745360bc90 457, 15 0, o0x7f4e40aefa48; 0 drivers
o0x7f4e40aefa78 .functor BUFZ 16, C4<zzzzzzzzzzzzzzzz>; HiZ drive
v0x55745360bc90_458 .net v0x55745360bc90 458, 15 0, o0x7f4e40aefa78; 0 drivers
o0x7f4e40aefaa8 .functor BUFZ 16, C4<zzzzzzzzzzzzzzzz>; HiZ drive
v0x55745360bc90_459 .net v0x55745360bc90 459, 15 0, o0x7f4e40aefaa8; 0 drivers
o0x7f4e40aefad8 .functor BUFZ 16, C4<zzzzzzzzzzzzzzzz>; HiZ drive
v0x55745360bc90_460 .net v0x55745360bc90 460, 15 0, o0x7f4e40aefad8; 0 drivers
o0x7f4e40aefb08 .functor BUFZ 16, C4<zzzzzzzzzzzzzzzz>; HiZ drive
v0x55745360bc90_461 .net v0x55745360bc90 461, 15 0, o0x7f4e40aefb08; 0 drivers
o0x7f4e40aefb38 .functor BUFZ 16, C4<zzzzzzzzzzzzzzzz>; HiZ drive
v0x55745360bc90_462 .net v0x55745360bc90 462, 15 0, o0x7f4e40aefb38; 0 drivers
o0x7f4e40aefb68 .functor BUFZ 16, C4<zzzzzzzzzzzzzzzz>; HiZ drive
v0x55745360bc90_463 .net v0x55745360bc90 463, 15 0, o0x7f4e40aefb68; 0 drivers
o0x7f4e40aefb98 .functor BUFZ 16, C4<zzzzzzzzzzzzzzzz>; HiZ drive
v0x55745360bc90_464 .net v0x55745360bc90 464, 15 0, o0x7f4e40aefb98; 0 drivers
o0x7f4e40aefbc8 .functor BUFZ 16, C4<zzzzzzzzzzzzzzzz>; HiZ drive
v0x55745360bc90_465 .net v0x55745360bc90 465, 15 0, o0x7f4e40aefbc8; 0 drivers
o0x7f4e40aefbf8 .functor BUFZ 16, C4<zzzzzzzzzzzzzzzz>; HiZ drive
v0x55745360bc90_466 .net v0x55745360bc90 466, 15 0, o0x7f4e40aefbf8; 0 drivers
o0x7f4e40aefc28 .functor BUFZ 16, C4<zzzzzzzzzzzzzzzz>; HiZ drive
v0x55745360bc90_467 .net v0x55745360bc90 467, 15 0, o0x7f4e40aefc28; 0 drivers
o0x7f4e40aefc58 .functor BUFZ 16, C4<zzzzzzzzzzzzzzzz>; HiZ drive
v0x55745360bc90_468 .net v0x55745360bc90 468, 15 0, o0x7f4e40aefc58; 0 drivers
o0x7f4e40aefc88 .functor BUFZ 16, C4<zzzzzzzzzzzzzzzz>; HiZ drive
v0x55745360bc90_469 .net v0x55745360bc90 469, 15 0, o0x7f4e40aefc88; 0 drivers
o0x7f4e40aefcb8 .functor BUFZ 16, C4<zzzzzzzzzzzzzzzz>; HiZ drive
v0x55745360bc90_470 .net v0x55745360bc90 470, 15 0, o0x7f4e40aefcb8; 0 drivers
o0x7f4e40aefce8 .functor BUFZ 16, C4<zzzzzzzzzzzzzzzz>; HiZ drive
v0x55745360bc90_471 .net v0x55745360bc90 471, 15 0, o0x7f4e40aefce8; 0 drivers
o0x7f4e40aefd18 .functor BUFZ 16, C4<zzzzzzzzzzzzzzzz>; HiZ drive
v0x55745360bc90_472 .net v0x55745360bc90 472, 15 0, o0x7f4e40aefd18; 0 drivers
o0x7f4e40aefd48 .functor BUFZ 16, C4<zzzzzzzzzzzzzzzz>; HiZ drive
v0x55745360bc90_473 .net v0x55745360bc90 473, 15 0, o0x7f4e40aefd48; 0 drivers
o0x7f4e40aefd78 .functor BUFZ 16, C4<zzzzzzzzzzzzzzzz>; HiZ drive
v0x55745360bc90_474 .net v0x55745360bc90 474, 15 0, o0x7f4e40aefd78; 0 drivers
o0x7f4e40aefda8 .functor BUFZ 16, C4<zzzzzzzzzzzzzzzz>; HiZ drive
v0x55745360bc90_475 .net v0x55745360bc90 475, 15 0, o0x7f4e40aefda8; 0 drivers
o0x7f4e40aefdd8 .functor BUFZ 16, C4<zzzzzzzzzzzzzzzz>; HiZ drive
v0x55745360bc90_476 .net v0x55745360bc90 476, 15 0, o0x7f4e40aefdd8; 0 drivers
o0x7f4e40aefe08 .functor BUFZ 16, C4<zzzzzzzzzzzzzzzz>; HiZ drive
v0x55745360bc90_477 .net v0x55745360bc90 477, 15 0, o0x7f4e40aefe08; 0 drivers
o0x7f4e40aefe38 .functor BUFZ 16, C4<zzzzzzzzzzzzzzzz>; HiZ drive
v0x55745360bc90_478 .net v0x55745360bc90 478, 15 0, o0x7f4e40aefe38; 0 drivers
o0x7f4e40aefe68 .functor BUFZ 16, C4<zzzzzzzzzzzzzzzz>; HiZ drive
v0x55745360bc90_479 .net v0x55745360bc90 479, 15 0, o0x7f4e40aefe68; 0 drivers
o0x7f4e40aefe98 .functor BUFZ 16, C4<zzzzzzzzzzzzzzzz>; HiZ drive
v0x55745360bc90_480 .net v0x55745360bc90 480, 15 0, o0x7f4e40aefe98; 0 drivers
o0x7f4e40aefec8 .functor BUFZ 16, C4<zzzzzzzzzzzzzzzz>; HiZ drive
v0x55745360bc90_481 .net v0x55745360bc90 481, 15 0, o0x7f4e40aefec8; 0 drivers
o0x7f4e40aefef8 .functor BUFZ 16, C4<zzzzzzzzzzzzzzzz>; HiZ drive
v0x55745360bc90_482 .net v0x55745360bc90 482, 15 0, o0x7f4e40aefef8; 0 drivers
o0x7f4e40aeff28 .functor BUFZ 16, C4<zzzzzzzzzzzzzzzz>; HiZ drive
v0x55745360bc90_483 .net v0x55745360bc90 483, 15 0, o0x7f4e40aeff28; 0 drivers
o0x7f4e40aeff58 .functor BUFZ 16, C4<zzzzzzzzzzzzzzzz>; HiZ drive
v0x55745360bc90_484 .net v0x55745360bc90 484, 15 0, o0x7f4e40aeff58; 0 drivers
o0x7f4e40aeff88 .functor BUFZ 16, C4<zzzzzzzzzzzzzzzz>; HiZ drive
v0x55745360bc90_485 .net v0x55745360bc90 485, 15 0, o0x7f4e40aeff88; 0 drivers
o0x7f4e40aeffb8 .functor BUFZ 16, C4<zzzzzzzzzzzzzzzz>; HiZ drive
v0x55745360bc90_486 .net v0x55745360bc90 486, 15 0, o0x7f4e40aeffb8; 0 drivers
o0x7f4e40aeffe8 .functor BUFZ 16, C4<zzzzzzzzzzzzzzzz>; HiZ drive
v0x55745360bc90_487 .net v0x55745360bc90 487, 15 0, o0x7f4e40aeffe8; 0 drivers
o0x7f4e40af0018 .functor BUFZ 16, C4<zzzzzzzzzzzzzzzz>; HiZ drive
v0x55745360bc90_488 .net v0x55745360bc90 488, 15 0, o0x7f4e40af0018; 0 drivers
o0x7f4e40af0048 .functor BUFZ 16, C4<zzzzzzzzzzzzzzzz>; HiZ drive
v0x55745360bc90_489 .net v0x55745360bc90 489, 15 0, o0x7f4e40af0048; 0 drivers
o0x7f4e40af0078 .functor BUFZ 16, C4<zzzzzzzzzzzzzzzz>; HiZ drive
v0x55745360bc90_490 .net v0x55745360bc90 490, 15 0, o0x7f4e40af0078; 0 drivers
o0x7f4e40af00a8 .functor BUFZ 16, C4<zzzzzzzzzzzzzzzz>; HiZ drive
v0x55745360bc90_491 .net v0x55745360bc90 491, 15 0, o0x7f4e40af00a8; 0 drivers
o0x7f4e40af00d8 .functor BUFZ 16, C4<zzzzzzzzzzzzzzzz>; HiZ drive
v0x55745360bc90_492 .net v0x55745360bc90 492, 15 0, o0x7f4e40af00d8; 0 drivers
o0x7f4e40af0108 .functor BUFZ 16, C4<zzzzzzzzzzzzzzzz>; HiZ drive
v0x55745360bc90_493 .net v0x55745360bc90 493, 15 0, o0x7f4e40af0108; 0 drivers
o0x7f4e40af0138 .functor BUFZ 16, C4<zzzzzzzzzzzzzzzz>; HiZ drive
v0x55745360bc90_494 .net v0x55745360bc90 494, 15 0, o0x7f4e40af0138; 0 drivers
o0x7f4e40af0168 .functor BUFZ 16, C4<zzzzzzzzzzzzzzzz>; HiZ drive
v0x55745360bc90_495 .net v0x55745360bc90 495, 15 0, o0x7f4e40af0168; 0 drivers
o0x7f4e40af0198 .functor BUFZ 16, C4<zzzzzzzzzzzzzzzz>; HiZ drive
v0x55745360bc90_496 .net v0x55745360bc90 496, 15 0, o0x7f4e40af0198; 0 drivers
o0x7f4e40af01c8 .functor BUFZ 16, C4<zzzzzzzzzzzzzzzz>; HiZ drive
v0x55745360bc90_497 .net v0x55745360bc90 497, 15 0, o0x7f4e40af01c8; 0 drivers
o0x7f4e40af01f8 .functor BUFZ 16, C4<zzzzzzzzzzzzzzzz>; HiZ drive
v0x55745360bc90_498 .net v0x55745360bc90 498, 15 0, o0x7f4e40af01f8; 0 drivers
o0x7f4e40af0228 .functor BUFZ 16, C4<zzzzzzzzzzzzzzzz>; HiZ drive
v0x55745360bc90_499 .net v0x55745360bc90 499, 15 0, o0x7f4e40af0228; 0 drivers
o0x7f4e40af0258 .functor BUFZ 16, C4<zzzzzzzzzzzzzzzz>; HiZ drive
v0x55745360bc90_500 .net v0x55745360bc90 500, 15 0, o0x7f4e40af0258; 0 drivers
o0x7f4e40af0288 .functor BUFZ 16, C4<zzzzzzzzzzzzzzzz>; HiZ drive
v0x55745360bc90_501 .net v0x55745360bc90 501, 15 0, o0x7f4e40af0288; 0 drivers
o0x7f4e40af02b8 .functor BUFZ 16, C4<zzzzzzzzzzzzzzzz>; HiZ drive
v0x55745360bc90_502 .net v0x55745360bc90 502, 15 0, o0x7f4e40af02b8; 0 drivers
o0x7f4e40af02e8 .functor BUFZ 16, C4<zzzzzzzzzzzzzzzz>; HiZ drive
v0x55745360bc90_503 .net v0x55745360bc90 503, 15 0, o0x7f4e40af02e8; 0 drivers
o0x7f4e40af0318 .functor BUFZ 16, C4<zzzzzzzzzzzzzzzz>; HiZ drive
v0x55745360bc90_504 .net v0x55745360bc90 504, 15 0, o0x7f4e40af0318; 0 drivers
o0x7f4e40af0348 .functor BUFZ 16, C4<zzzzzzzzzzzzzzzz>; HiZ drive
v0x55745360bc90_505 .net v0x55745360bc90 505, 15 0, o0x7f4e40af0348; 0 drivers
o0x7f4e40af0378 .functor BUFZ 16, C4<zzzzzzzzzzzzzzzz>; HiZ drive
v0x55745360bc90_506 .net v0x55745360bc90 506, 15 0, o0x7f4e40af0378; 0 drivers
o0x7f4e40af03a8 .functor BUFZ 16, C4<zzzzzzzzzzzzzzzz>; HiZ drive
v0x55745360bc90_507 .net v0x55745360bc90 507, 15 0, o0x7f4e40af03a8; 0 drivers
o0x7f4e40af03d8 .functor BUFZ 16, C4<zzzzzzzzzzzzzzzz>; HiZ drive
v0x55745360bc90_508 .net v0x55745360bc90 508, 15 0, o0x7f4e40af03d8; 0 drivers
o0x7f4e40af0408 .functor BUFZ 16, C4<zzzzzzzzzzzzzzzz>; HiZ drive
v0x55745360bc90_509 .net v0x55745360bc90 509, 15 0, o0x7f4e40af0408; 0 drivers
o0x7f4e40af0438 .functor BUFZ 16, C4<zzzzzzzzzzzzzzzz>; HiZ drive
v0x55745360bc90_510 .net v0x55745360bc90 510, 15 0, o0x7f4e40af0438; 0 drivers
o0x7f4e40af0468 .functor BUFZ 16, C4<zzzzzzzzzzzzzzzz>; HiZ drive
v0x55745360bc90_511 .net v0x55745360bc90 511, 15 0, o0x7f4e40af0468; 0 drivers
v0x5574536398f0_0 .var "ext_flat", 8191 0;
o0x7f4e40af04c8 .functor BUFZ 1, C4<z>; HiZ drive
v0x5574536399d0_0 .net "ext_valid", 0 0, o0x7f4e40af04c8;  0 drivers
v0x557453639a90 .array "final_data", 511 0;
v0x557453639a90_0 .net v0x557453639a90 0, 15 0, L_0x557453643ee0; 1 drivers
v0x557453639a90_1 .net v0x557453639a90 1, 15 0, L_0x557453643fb0; 1 drivers
v0x557453639a90_2 .net v0x557453639a90 2, 15 0, L_0x557453644080; 1 drivers
v0x557453639a90_3 .net v0x557453639a90 3, 15 0, L_0x557453644120; 1 drivers
v0x557453639a90_4 .net v0x557453639a90 4, 15 0, L_0x557453644220; 1 drivers
v0x557453639a90_5 .net v0x557453639a90 5, 15 0, L_0x5574536442f0; 1 drivers
v0x557453639a90_6 .net v0x557453639a90 6, 15 0, L_0x557453644400; 1 drivers
v0x557453639a90_7 .net v0x557453639a90 7, 15 0, L_0x5574536444a0; 1 drivers
v0x557453639a90_8 .net v0x557453639a90 8, 15 0, L_0x5574536446d0; 1 drivers
v0x557453639a90_9 .net v0x557453639a90 9, 15 0, L_0x5574536447a0; 1 drivers
v0x557453639a90_10 .net v0x557453639a90 10, 15 0, L_0x5574536448d0; 1 drivers
v0x557453639a90_11 .net v0x557453639a90 11, 15 0, L_0x5574536449a0; 1 drivers
v0x557453639a90_12 .net v0x557453639a90 12, 15 0, L_0x557453644ae0; 1 drivers
v0x557453639a90_13 .net v0x557453639a90 13, 15 0, L_0x557453644bb0; 1 drivers
v0x557453639a90_14 .net v0x557453639a90 14, 15 0, L_0x557453644d00; 1 drivers
v0x557453639a90_15 .net v0x557453639a90 15, 15 0, L_0x557453644dd0; 1 drivers
v0x557453639a90_16 .net v0x557453639a90 16, 15 0, L_0x557453644f30; 1 drivers
v0x557453639a90_17 .net v0x557453639a90 17, 15 0, L_0x557453645000; 1 drivers
v0x557453639a90_18 .net v0x557453639a90 18, 15 0, L_0x557453645170; 1 drivers
v0x557453639a90_19 .net v0x557453639a90 19, 15 0, L_0x557453645240; 1 drivers
v0x557453639a90_20 .net v0x557453639a90 20, 15 0, L_0x5574536450d0; 1 drivers
v0x557453639a90_21 .net v0x557453639a90 21, 15 0, L_0x5574536453f0; 1 drivers
v0x557453639a90_22 .net v0x557453639a90 22, 15 0, L_0x557453645580; 1 drivers
v0x557453639a90_23 .net v0x557453639a90 23, 15 0, L_0x557453645650; 1 drivers
v0x557453639a90_24 .net v0x557453639a90 24, 15 0, L_0x5574536457f0; 1 drivers
v0x557453639a90_25 .net v0x557453639a90 25, 15 0, L_0x5574536458c0; 1 drivers
v0x557453639a90_26 .net v0x557453639a90 26, 15 0, L_0x557453645a70; 1 drivers
v0x557453639a90_27 .net v0x557453639a90 27, 15 0, L_0x557453645b40; 1 drivers
v0x557453639a90_28 .net v0x557453639a90 28, 15 0, L_0x557453645d00; 1 drivers
v0x557453639a90_29 .net v0x557453639a90 29, 15 0, L_0x557453645dd0; 1 drivers
v0x557453639a90_30 .net v0x557453639a90 30, 15 0, L_0x557453645fa0; 1 drivers
v0x557453639a90_31 .net v0x557453639a90 31, 15 0, L_0x557453646070; 1 drivers
v0x557453639a90_32 .net v0x557453639a90 32, 15 0, L_0x557453646250; 1 drivers
v0x557453639a90_33 .net v0x557453639a90 33, 15 0, L_0x557453646320; 1 drivers
v0x557453639a90_34 .net v0x557453639a90 34, 15 0, L_0x557453646510; 1 drivers
v0x557453639a90_35 .net v0x557453639a90 35, 15 0, L_0x5574536465e0; 1 drivers
v0x557453639a90_36 .net v0x557453639a90 36, 15 0, L_0x5574536463f0; 1 drivers
v0x557453639a90_37 .net v0x557453639a90 37, 15 0, L_0x5574536467e0; 1 drivers
v0x557453639a90_38 .net v0x557453639a90 38, 15 0, L_0x5574536469c0; 1 drivers
v0x557453639a90_39 .net v0x557453639a90 39, 15 0, L_0x557453646a90; 1 drivers
v0x557453639a90_40 .net v0x557453639a90 40, 15 0, L_0x557453646cb0; 1 drivers
v0x557453639a90_41 .net v0x557453639a90 41, 15 0, L_0x557453646d80; 1 drivers
v0x557453639a90_42 .net v0x557453639a90 42, 15 0, L_0x557453646fb0; 1 drivers
v0x557453639a90_43 .net v0x557453639a90 43, 15 0, L_0x557453647080; 1 drivers
v0x557453639a90_44 .net v0x557453639a90 44, 15 0, L_0x5574536472c0; 1 drivers
v0x557453639a90_45 .net v0x557453639a90 45, 15 0, L_0x557453647390; 1 drivers
v0x557453639a90_46 .net v0x557453639a90 46, 15 0, L_0x5574536475e0; 1 drivers
v0x557453639a90_47 .net v0x557453639a90 47, 15 0, L_0x5574536476b0; 1 drivers
v0x557453639a90_48 .net v0x557453639a90 48, 15 0, L_0x557453647910; 1 drivers
v0x557453639a90_49 .net v0x557453639a90 49, 15 0, L_0x5574536479e0; 1 drivers
v0x557453639a90_50 .net v0x557453639a90 50, 15 0, L_0x557453647c50; 1 drivers
v0x557453639a90_51 .net v0x557453639a90 51, 15 0, L_0x557453647d20; 1 drivers
v0x557453639a90_52 .net v0x557453639a90 52, 15 0, L_0x557453647fa0; 1 drivers
v0x557453639a90_53 .net v0x557453639a90 53, 15 0, L_0x557453648070; 1 drivers
v0x557453639a90_54 .net v0x557453639a90 54, 15 0, L_0x557453648300; 1 drivers
v0x557453639a90_55 .net v0x557453639a90 55, 15 0, L_0x5574536483d0; 1 drivers
v0x557453639a90_56 .net v0x557453639a90 56, 15 0, L_0x557453648670; 1 drivers
v0x557453639a90_57 .net v0x557453639a90 57, 15 0, L_0x557453648740; 1 drivers
v0x557453639a90_58 .net v0x557453639a90 58, 15 0, L_0x5574536489f0; 1 drivers
v0x557453639a90_59 .net v0x557453639a90 59, 15 0, L_0x557453648ac0; 1 drivers
v0x557453639a90_60 .net v0x557453639a90 60, 15 0, L_0x557453648d80; 1 drivers
v0x557453639a90_61 .net v0x557453639a90 61, 15 0, L_0x557453648e50; 1 drivers
v0x557453639a90_62 .net v0x557453639a90 62, 15 0, L_0x557453649120; 1 drivers
v0x557453639a90_63 .net v0x557453639a90 63, 15 0, L_0x5574536491f0; 1 drivers
v0x557453639a90_64 .net v0x557453639a90 64, 15 0, L_0x55745363ae30; 1 drivers
v0x557453639a90_65 .net v0x557453639a90 65, 15 0, L_0x55745363af00; 1 drivers
v0x557453639a90_66 .net v0x557453639a90 66, 15 0, L_0x55745363b1f0; 1 drivers
v0x557453639a90_67 .net v0x557453639a90 67, 15 0, L_0x55745363b2c0; 1 drivers
v0x557453639a90_68 .net v0x557453639a90 68, 15 0, L_0x557453649d00; 1 drivers
v0x557453639a90_69 .net v0x557453639a90 69, 15 0, L_0x557453649da0; 1 drivers
v0x557453639a90_70 .net v0x557453639a90 70, 15 0, L_0x55745364a0b0; 1 drivers
v0x557453639a90_71 .net v0x557453639a90 71, 15 0, L_0x55745364a180; 1 drivers
v0x557453639a90_72 .net v0x557453639a90 72, 15 0, L_0x55745364a4a0; 1 drivers
v0x557453639a90_73 .net v0x557453639a90 73, 15 0, L_0x55745364a570; 1 drivers
v0x557453639a90_74 .net v0x557453639a90 74, 15 0, L_0x55745364a8a0; 1 drivers
v0x557453639a90_75 .net v0x557453639a90 75, 15 0, L_0x55745364a970; 1 drivers
v0x557453639a90_76 .net v0x557453639a90 76, 15 0, L_0x55745364acb0; 1 drivers
v0x557453639a90_77 .net v0x557453639a90 77, 15 0, L_0x55745364ad80; 1 drivers
v0x557453639a90_78 .net v0x557453639a90 78, 15 0, L_0x55745364b0d0; 1 drivers
v0x557453639a90_79 .net v0x557453639a90 79, 15 0, L_0x55745364b1a0; 1 drivers
v0x557453639a90_80 .net v0x557453639a90 80, 15 0, L_0x55745364b500; 1 drivers
v0x557453639a90_81 .net v0x557453639a90 81, 15 0, L_0x55745364b5d0; 1 drivers
v0x557453639a90_82 .net v0x557453639a90 82, 15 0, L_0x55745364b940; 1 drivers
v0x557453639a90_83 .net v0x557453639a90 83, 15 0, L_0x55745364ba10; 1 drivers
v0x557453639a90_84 .net v0x557453639a90 84, 15 0, L_0x55745364bd90; 1 drivers
v0x557453639a90_85 .net v0x557453639a90 85, 15 0, L_0x55745364be60; 1 drivers
v0x557453639a90_86 .net v0x557453639a90 86, 15 0, L_0x55745364c1f0; 1 drivers
v0x557453639a90_87 .net v0x557453639a90 87, 15 0, L_0x55745364c2c0; 1 drivers
v0x557453639a90_88 .net v0x557453639a90 88, 15 0, L_0x55745364c660; 1 drivers
v0x557453639a90_89 .net v0x557453639a90 89, 15 0, L_0x55745364c730; 1 drivers
v0x557453639a90_90 .net v0x557453639a90 90, 15 0, L_0x55745364cae0; 1 drivers
v0x557453639a90_91 .net v0x557453639a90 91, 15 0, L_0x55745364cbb0; 1 drivers
v0x557453639a90_92 .net v0x557453639a90 92, 15 0, L_0x55745364cf70; 1 drivers
v0x557453639a90_93 .net v0x557453639a90 93, 15 0, L_0x55745364d040; 1 drivers
v0x557453639a90_94 .net v0x557453639a90 94, 15 0, L_0x55745364d410; 1 drivers
v0x557453639a90_95 .net v0x557453639a90 95, 15 0, L_0x55745364d4e0; 1 drivers
v0x557453639a90_96 .net v0x557453639a90 96, 15 0, L_0x55745364d8c0; 1 drivers
v0x557453639a90_97 .net v0x557453639a90 97, 15 0, L_0x55745364d990; 1 drivers
v0x557453639a90_98 .net v0x557453639a90 98, 15 0, L_0x55745364dd80; 1 drivers
v0x557453639a90_99 .net v0x557453639a90 99, 15 0, L_0x55745364de50; 1 drivers
v0x557453639a90_100 .net v0x557453639a90 100, 15 0, L_0x55745364e250; 1 drivers
v0x557453639a90_101 .net v0x557453639a90 101, 15 0, L_0x55745364e320; 1 drivers
v0x557453639a90_102 .net v0x557453639a90 102, 15 0, L_0x55745364e730; 1 drivers
v0x557453639a90_103 .net v0x557453639a90 103, 15 0, L_0x55745364e800; 1 drivers
v0x557453639a90_104 .net v0x557453639a90 104, 15 0, L_0x55745364ec20; 1 drivers
v0x557453639a90_105 .net v0x557453639a90 105, 15 0, L_0x55745364ecf0; 1 drivers
v0x557453639a90_106 .net v0x557453639a90 106, 15 0, L_0x55745364f120; 1 drivers
v0x557453639a90_107 .net v0x557453639a90 107, 15 0, L_0x55745364f1f0; 1 drivers
v0x557453639a90_108 .net v0x557453639a90 108, 15 0, L_0x55745364f630; 1 drivers
v0x557453639a90_109 .net v0x557453639a90 109, 15 0, L_0x55745364f700; 1 drivers
v0x557453639a90_110 .net v0x557453639a90 110, 15 0, L_0x55745364fb50; 1 drivers
v0x557453639a90_111 .net v0x557453639a90 111, 15 0, L_0x55745364fc20; 1 drivers
v0x557453639a90_112 .net v0x557453639a90 112, 15 0, L_0x557453650080; 1 drivers
v0x557453639a90_113 .net v0x557453639a90 113, 15 0, L_0x557453650150; 1 drivers
v0x557453639a90_114 .net v0x557453639a90 114, 15 0, L_0x5574536505c0; 1 drivers
v0x557453639a90_115 .net v0x557453639a90 115, 15 0, L_0x557453650690; 1 drivers
v0x557453639a90_116 .net v0x557453639a90 116, 15 0, L_0x557453650b10; 1 drivers
v0x557453639a90_117 .net v0x557453639a90 117, 15 0, L_0x557453650be0; 1 drivers
v0x557453639a90_118 .net v0x557453639a90 118, 15 0, L_0x557453651070; 1 drivers
v0x557453639a90_119 .net v0x557453639a90 119, 15 0, L_0x557453651140; 1 drivers
v0x557453639a90_120 .net v0x557453639a90 120, 15 0, L_0x5574536515e0; 1 drivers
v0x557453639a90_121 .net v0x557453639a90 121, 15 0, L_0x5574536516b0; 1 drivers
v0x557453639a90_122 .net v0x557453639a90 122, 15 0, L_0x557453651b60; 1 drivers
v0x557453639a90_123 .net v0x557453639a90 123, 15 0, L_0x557453651c30; 1 drivers
v0x557453639a90_124 .net v0x557453639a90 124, 15 0, L_0x5574536520f0; 1 drivers
v0x557453639a90_125 .net v0x557453639a90 125, 15 0, L_0x5574536521c0; 1 drivers
v0x557453639a90_126 .net v0x557453639a90 126, 15 0, L_0x55745363b760; 1 drivers
v0x557453639a90_127 .net v0x557453639a90 127, 15 0, L_0x55745363b830; 1 drivers
v0x557453639a90_128 .net v0x557453639a90 128, 15 0, L_0x55745363b900; 1 drivers
v0x557453639a90_129 .net v0x557453639a90 129, 15 0, L_0x55745363b9d0; 1 drivers
v0x557453639a90_130 .net v0x557453639a90 130, 15 0, L_0x55745363baa0; 1 drivers
v0x557453639a90_131 .net v0x557453639a90 131, 15 0, L_0x5574536532d0; 1 drivers
v0x557453639a90_132 .net v0x557453639a90 132, 15 0, L_0x55745363bb40; 1 drivers
v0x557453639a90_133 .net v0x557453639a90 133, 15 0, L_0x5574536492f0; 1 drivers
v0x557453639a90_134 .net v0x557453639a90 134, 15 0, L_0x5574536493c0; 1 drivers
v0x557453639a90_135 .net v0x557453639a90 135, 15 0, L_0x557453649490; 1 drivers
v0x557453639a90_136 .net v0x557453639a90 136, 15 0, L_0x557453649560; 1 drivers
v0x557453639a90_137 .net v0x557453639a90 137, 15 0, L_0x557453649630; 1 drivers
v0x557453639a90_138 .net v0x557453639a90 138, 15 0, L_0x55745363bbe0; 1 drivers
v0x557453639a90_139 .net v0x557453639a90 139, 15 0, L_0x5574536533d0; 1 drivers
v0x557453639a90_140 .net v0x557453639a90 140, 15 0, L_0x5574536534a0; 1 drivers
v0x557453639a90_141 .net v0x557453639a90 141, 15 0, L_0x557453653570; 1 drivers
v0x557453639a90_142 .net v0x557453639a90 142, 15 0, L_0x557453653640; 1 drivers
v0x557453639a90_143 .net v0x557453639a90 143, 15 0, L_0x557453653710; 1 drivers
v0x557453639a90_144 .net v0x557453639a90 144, 15 0, L_0x557453653cb0; 1 drivers
v0x557453639a90_145 .net v0x557453639a90 145, 15 0, L_0x557453653d80; 1 drivers
v0x557453639a90_146 .net v0x557453639a90 146, 15 0, L_0x55745363bc80; 1 drivers
v0x557453639a90_147 .net v0x557453639a90 147, 15 0, L_0x557453653820; 1 drivers
v0x557453639a90_148 .net v0x557453639a90 148, 15 0, L_0x5574536538f0; 1 drivers
v0x557453639a90_149 .net v0x557453639a90 149, 15 0, L_0x5574536539c0; 1 drivers
v0x557453639a90_150 .net v0x557453639a90 150, 15 0, L_0x557453653a90; 1 drivers
v0x557453639a90_151 .net v0x557453639a90 151, 15 0, L_0x557453653b60; 1 drivers
v0x557453639a90_152 .net v0x557453639a90 152, 15 0, L_0x557453654320; 1 drivers
v0x557453639a90_153 .net v0x557453639a90 153, 15 0, L_0x5574536543c0; 1 drivers
v0x557453639a90_154 .net v0x557453639a90 154, 15 0, L_0x55745363bd80; 1 drivers
v0x557453639a90_155 .net v0x557453639a90 155, 15 0, L_0x557453653e50; 1 drivers
v0x557453639a90_156 .net v0x557453639a90 156, 15 0, L_0x557453653f20; 1 drivers
v0x557453639a90_157 .net v0x557453639a90 157, 15 0, L_0x557453653ff0; 1 drivers
v0x557453639a90_158 .net v0x557453639a90 158, 15 0, L_0x5574536540c0; 1 drivers
v0x557453639a90_159 .net v0x557453639a90 159, 15 0, L_0x557453654190; 1 drivers
v0x557453639a90_160 .net v0x557453639a90 160, 15 0, L_0x557453654260; 1 drivers
v0x557453639a90_161 .net v0x557453639a90 161, 15 0, L_0x557453654970; 1 drivers
v0x557453639a90_162 .net v0x557453639a90 162, 15 0, L_0x55745363be80; 1 drivers
v0x557453639a90_163 .net v0x557453639a90 163, 15 0, L_0x557453654460; 1 drivers
v0x557453639a90_164 .net v0x557453639a90 164, 15 0, L_0x557453654530; 1 drivers
v0x557453639a90_165 .net v0x557453639a90 165, 15 0, L_0x557453654600; 1 drivers
v0x557453639a90_166 .net v0x557453639a90 166, 15 0, L_0x5574536546d0; 1 drivers
v0x557453639a90_167 .net v0x557453639a90 167, 15 0, L_0x5574536547a0; 1 drivers
v0x557453639a90_168 .net v0x557453639a90 168, 15 0, L_0x557453654870; 1 drivers
v0x557453639a90_169 .net v0x557453639a90 169, 15 0, L_0x557453654f60; 1 drivers
v0x557453639a90_170 .net v0x557453639a90 170, 15 0, L_0x55745363bf50; 1 drivers
v0x557453639a90_171 .net v0x557453639a90 171, 15 0, L_0x557453654a10; 1 drivers
v0x557453639a90_172 .net v0x557453639a90 172, 15 0, L_0x557453654ae0; 1 drivers
v0x557453639a90_173 .net v0x557453639a90 173, 15 0, L_0x557453654bb0; 1 drivers
v0x557453639a90_174 .net v0x557453639a90 174, 15 0, L_0x557453654c80; 1 drivers
v0x557453639a90_175 .net v0x557453639a90 175, 15 0, L_0x557453654d50; 1 drivers
v0x557453639a90_176 .net v0x557453639a90 176, 15 0, L_0x557453654e20; 1 drivers
v0x557453639a90_177 .net v0x557453639a90 177, 15 0, L_0x557453655590; 1 drivers
v0x557453639a90_178 .net v0x557453639a90 178, 15 0, L_0x55745363c020; 1 drivers
v0x557453639a90_179 .net v0x557453639a90 179, 15 0, L_0x55745363c0f0; 1 drivers
v0x557453639a90_180 .net v0x557453639a90 180, 15 0, L_0x557453655000; 1 drivers
v0x557453639a90_181 .net v0x557453639a90 181, 15 0, L_0x5574536550d0; 1 drivers
v0x557453639a90_182 .net v0x557453639a90 182, 15 0, L_0x5574536551a0; 1 drivers
v0x557453639a90_183 .net v0x557453639a90 183, 15 0, L_0x557453655270; 1 drivers
v0x557453639a90_184 .net v0x557453639a90 184, 15 0, L_0x557453655340; 1 drivers
v0x557453639a90_185 .net v0x557453639a90 185, 15 0, L_0x557453655410; 1 drivers
v0x557453639a90_186 .net v0x557453639a90 186, 15 0, L_0x5574536554e0; 1 drivers
v0x557453639a90_187 .net v0x557453639a90 187, 15 0, L_0x557453655c40; 1 drivers
v0x557453639a90_188 .net v0x557453639a90 188, 15 0, L_0x55745363c1a0; 1 drivers
v0x557453639a90_189 .net v0x557453639a90 189, 15 0, L_0x557453655630; 1 drivers
v0x557453639a90_190 .net v0x557453639a90 190, 15 0, L_0x557453655700; 1 drivers
v0x557453639a90_191 .net v0x557453639a90 191, 15 0, L_0x5574536557d0; 1 drivers
v0x557453639a90_192 .net v0x557453639a90 192, 15 0, L_0x5574536558a0; 1 drivers
v0x557453639a90_193 .net v0x557453639a90 193, 15 0, L_0x557453655970; 1 drivers
v0x557453639a90_194 .net v0x557453639a90 194, 15 0, L_0x557453655a40; 1 drivers
v0x557453639a90_195 .net v0x557453639a90 195, 15 0, L_0x557453655b10; 1 drivers
v0x557453639a90_196 .net v0x557453639a90 196, 15 0, L_0x557453656340; 1 drivers
v0x557453639a90_197 .net v0x557453639a90 197, 15 0, L_0x5574536563e0; 1 drivers
v0x557453639a90_198 .net v0x557453639a90 198, 15 0, L_0x55745363c2a0; 1 drivers
v0x557453639a90_199 .net v0x557453639a90 199, 15 0, L_0x55745363c370; 1 drivers
v0x557453639a90_200 .net v0x557453639a90 200, 15 0, L_0x557453655d40; 1 drivers
v0x557453639a90_201 .net v0x557453639a90 201, 15 0, L_0x557453655e10; 1 drivers
v0x557453639a90_202 .net v0x557453639a90 202, 15 0, L_0x557453655ee0; 1 drivers
v0x557453639a90_203 .net v0x557453639a90 203, 15 0, L_0x557453655fb0; 1 drivers
v0x557453639a90_204 .net v0x557453639a90 204, 15 0, L_0x557453656080; 1 drivers
v0x557453639a90_205 .net v0x557453639a90 205, 15 0, L_0x557453656150; 1 drivers
v0x557453639a90_206 .net v0x557453639a90 206, 15 0, L_0x557453656220; 1 drivers
v0x557453639a90_207 .net v0x557453639a90 207, 15 0, L_0x557453656b00; 1 drivers
v0x557453639a90_208 .net v0x557453639a90 208, 15 0, L_0x55745363c420; 1 drivers
v0x557453639a90_209 .net v0x557453639a90 209, 15 0, L_0x557453656480; 1 drivers
v0x557453639a90_210 .net v0x557453639a90 210, 15 0, L_0x557453656550; 1 drivers
v0x557453639a90_211 .net v0x557453639a90 211, 15 0, L_0x557453656620; 1 drivers
v0x557453639a90_212 .net v0x557453639a90 212, 15 0, L_0x5574536566f0; 1 drivers
v0x557453639a90_213 .net v0x557453639a90 213, 15 0, L_0x5574536567c0; 1 drivers
v0x557453639a90_214 .net v0x557453639a90 214, 15 0, L_0x557453656890; 1 drivers
v0x557453639a90_215 .net v0x557453639a90 215, 15 0, L_0x557453656960; 1 drivers
v0x557453639a90_216 .net v0x557453639a90 216, 15 0, L_0x557453656a30; 1 drivers
v0x557453639a90_217 .net v0x557453639a90 217, 15 0, L_0x557453657270; 1 drivers
v0x557453639a90_218 .net v0x557453639a90 218, 15 0, L_0x55745363c520; 1 drivers
v0x557453639a90_219 .net v0x557453639a90 219, 15 0, L_0x55745363c5f0; 1 drivers
v0x557453639a90_220 .net v0x557453639a90 220, 15 0, L_0x557453656bd0; 1 drivers
v0x557453639a90_221 .net v0x557453639a90 221, 15 0, L_0x557453656ca0; 1 drivers
v0x557453639a90_222 .net v0x557453639a90 222, 15 0, L_0x557453656d70; 1 drivers
v0x557453639a90_223 .net v0x557453639a90 223, 15 0, L_0x557453656e40; 1 drivers
v0x557453639a90_224 .net v0x557453639a90 224, 15 0, L_0x557453656f10; 1 drivers
v0x557453639a90_225 .net v0x557453639a90 225, 15 0, L_0x557453656fe0; 1 drivers
v0x557453639a90_226 .net v0x557453639a90 226, 15 0, L_0x5574536570b0; 1 drivers
v0x557453639a90_227 .net v0x557453639a90 227, 15 0, L_0x557453657180; 1 drivers
v0x557453639a90_228 .net v0x557453639a90 228, 15 0, L_0x557453657a40; 1 drivers
v0x557453639a90_229 .net v0x557453639a90 229, 15 0, L_0x557453657b10; 1 drivers
v0x557453639a90_230 .net v0x557453639a90 230, 15 0, L_0x55745363c6a0; 1 drivers
v0x557453639a90_231 .net v0x557453639a90 231, 15 0, L_0x55745363c770; 1 drivers
v0x557453639a90_232 .net v0x557453639a90 232, 15 0, L_0x557453657340; 1 drivers
v0x557453639a90_233 .net v0x557453639a90 233, 15 0, L_0x557453657410; 1 drivers
v0x557453639a90_234 .net v0x557453639a90 234, 15 0, L_0x5574536574e0; 1 drivers
v0x557453639a90_235 .net v0x557453639a90 235, 15 0, L_0x5574536575b0; 1 drivers
v0x557453639a90_236 .net v0x557453639a90 236, 15 0, L_0x557453657680; 1 drivers
v0x557453639a90_237 .net v0x557453639a90 237, 15 0, L_0x557453657750; 1 drivers
v0x557453639a90_238 .net v0x557453639a90 238, 15 0, L_0x557453657820; 1 drivers
v0x557453639a90_239 .net v0x557453639a90 239, 15 0, L_0x5574536578f0; 1 drivers
v0x557453639a90_240 .net v0x557453639a90 240, 15 0, L_0x557453658370; 1 drivers
v0x557453639a90_241 .net v0x557453639a90 241, 15 0, L_0x557453658410; 1 drivers
v0x557453639a90_242 .net v0x557453639a90 242, 15 0, L_0x55745363c820; 1 drivers
v0x557453639a90_243 .net v0x557453639a90 243, 15 0, L_0x55745363c8f0; 1 drivers
v0x557453639a90_244 .net v0x557453639a90 244, 15 0, L_0x557453657c10; 1 drivers
v0x557453639a90_245 .net v0x557453639a90 245, 15 0, L_0x557453657ce0; 1 drivers
v0x557453639a90_246 .net v0x557453639a90 246, 15 0, L_0x557453657db0; 1 drivers
v0x557453639a90_247 .net v0x557453639a90 247, 15 0, L_0x557453657e80; 1 drivers
v0x557453639a90_248 .net v0x557453639a90 248, 15 0, L_0x557453657f50; 1 drivers
v0x557453639a90_249 .net v0x557453639a90 249, 15 0, L_0x557453658020; 1 drivers
v0x557453639a90_250 .net v0x557453639a90 250, 15 0, L_0x5574536580f0; 1 drivers
v0x557453639a90_251 .net v0x557453639a90 251, 15 0, L_0x5574536581c0; 1 drivers
v0x557453639a90_252 .net v0x557453639a90 252, 15 0, L_0x557453658290; 1 drivers
v0x557453639a90_253 .net v0x557453639a90 253, 15 0, L_0x557453658ca0; 1 drivers
v0x557453639a90_254 .net v0x557453639a90 254, 15 0, L_0x55745363c9a0; 1 drivers
v0x557453639a90_255 .net v0x557453639a90 255, 15 0, L_0x55745363ca70; 1 drivers
v0x557453639a90_256 .net v0x557453639a90 256, 15 0, L_0x5574536584e0; 1 drivers
v0x557453639a90_257 .net v0x557453639a90 257, 15 0, L_0x5574536585b0; 1 drivers
v0x557453639a90_258 .net v0x557453639a90 258, 15 0, L_0x557453658680; 1 drivers
v0x557453639a90_259 .net v0x557453639a90 259, 15 0, L_0x557453658750; 1 drivers
v0x557453639a90_260 .net v0x557453639a90 260, 15 0, L_0x557453658820; 1 drivers
v0x557453639a90_261 .net v0x557453639a90 261, 15 0, L_0x5574536588f0; 1 drivers
v0x557453639a90_262 .net v0x557453639a90 262, 15 0, L_0x5574536589c0; 1 drivers
v0x557453639a90_263 .net v0x557453639a90 263, 15 0, L_0x557453658a90; 1 drivers
v0x557453639a90_264 .net v0x557453639a90 264, 15 0, L_0x557453658b60; 1 drivers
v0x557453639a90_265 .net v0x557453639a90 265, 15 0, L_0x557453652ae0; 1 drivers
v0x557453639a90_266 .net v0x557453639a90 266, 15 0, L_0x55745363cb20; 1 drivers
v0x557453639a90_267 .net v0x557453639a90 267, 15 0, L_0x55745363cbf0; 1 drivers
v0x557453639a90_268 .net v0x557453639a90 268, 15 0, L_0x557453652bb0; 1 drivers
v0x557453639a90_269 .net v0x557453639a90 269, 15 0, L_0x557453652c80; 1 drivers
v0x557453639a90_270 .net v0x557453639a90 270, 15 0, L_0x557453652d50; 1 drivers
v0x557453639a90_271 .net v0x557453639a90 271, 15 0, L_0x557453652e20; 1 drivers
v0x557453639a90_272 .net v0x557453639a90 272, 15 0, L_0x557453652ef0; 1 drivers
v0x557453639a90_273 .net v0x557453639a90 273, 15 0, L_0x557453652fc0; 1 drivers
v0x557453639a90_274 .net v0x557453639a90 274, 15 0, L_0x557453653090; 1 drivers
v0x557453639a90_275 .net v0x557453639a90 275, 15 0, L_0x557453653160; 1 drivers
v0x557453639a90_276 .net v0x557453639a90 276, 15 0, L_0x557453658d70; 1 drivers
v0x557453639a90_277 .net v0x557453639a90 277, 15 0, L_0x557453658e40; 1 drivers
v0x557453639a90_278 .net v0x557453639a90 278, 15 0, L_0x557453658f10; 1 drivers
v0x557453639a90_279 .net v0x557453639a90 279, 15 0, L_0x557453658fe0; 1 drivers
v0x557453639a90_280 .net v0x557453639a90 280, 15 0, L_0x5574536590b0; 1 drivers
v0x557453639a90_281 .net v0x557453639a90 281, 15 0, L_0x557453659180; 1 drivers
v0x557453639a90_282 .net v0x557453639a90 282, 15 0, L_0x557453659250; 1 drivers
v0x557453639a90_283 .net v0x557453639a90 283, 15 0, L_0x557453659320; 1 drivers
v0x557453639a90_284 .net v0x557453639a90 284, 15 0, L_0x5574536593f0; 1 drivers
v0x557453639a90_285 .net v0x557453639a90 285, 15 0, L_0x5574536594c0; 1 drivers
v0x557453639a90_286 .net v0x557453639a90 286, 15 0, L_0x557453652290; 1 drivers
v0x557453639a90_287 .net v0x557453639a90 287, 15 0, L_0x557453652360; 1 drivers
v0x557453639a90_288 .net v0x557453639a90 288, 15 0, L_0x557453652430; 1 drivers
v0x557453639a90_289 .net v0x557453639a90 289, 15 0, L_0x557453652500; 1 drivers
v0x557453639a90_290 .net v0x557453639a90 290, 15 0, L_0x5574536525d0; 1 drivers
v0x557453639a90_291 .net v0x557453639a90 291, 15 0, L_0x5574536526a0; 1 drivers
v0x557453639a90_292 .net v0x557453639a90 292, 15 0, L_0x557453652770; 1 drivers
v0x557453639a90_293 .net v0x557453639a90 293, 15 0, L_0x557453652840; 1 drivers
v0x557453639a90_294 .net v0x557453639a90 294, 15 0, L_0x557453652910; 1 drivers
v0x557453639a90_295 .net v0x557453639a90 295, 15 0, L_0x5574536529e0; 1 drivers
v0x557453639a90_296 .net v0x557453639a90 296, 15 0, L_0x55745365bed0; 1 drivers
v0x557453639a90_297 .net v0x557453639a90 297, 15 0, L_0x55745365bf70; 1 drivers
v0x557453639a90_298 .net v0x557453639a90 298, 15 0, L_0x55745363cca0; 1 drivers
v0x557453639a90_299 .net v0x557453639a90 299, 15 0, L_0x55745363cd70; 1 drivers
v0x557453639a90_300 .net v0x557453639a90 300, 15 0, L_0x55745363ce40; 1 drivers
v0x557453639a90_301 .net v0x557453639a90 301, 15 0, L_0x55745363cf10; 1 drivers
v0x557453639a90_302 .net v0x557453639a90 302, 15 0, L_0x55745363cfe0; 1 drivers
v0x557453639a90_303 .net v0x557453639a90 303, 15 0, L_0x55745365b580; 1 drivers
v0x557453639a90_304 .net v0x557453639a90 304, 15 0, L_0x55745365b650; 1 drivers
v0x557453639a90_305 .net v0x557453639a90 305, 15 0, L_0x55745365b720; 1 drivers
v0x557453639a90_306 .net v0x557453639a90 306, 15 0, L_0x55745365b7f0; 1 drivers
v0x557453639a90_307 .net v0x557453639a90 307, 15 0, L_0x55745365b8c0; 1 drivers
v0x557453639a90_308 .net v0x557453639a90 308, 15 0, L_0x55745365b990; 1 drivers
v0x557453639a90_309 .net v0x557453639a90 309, 15 0, L_0x55745365ba60; 1 drivers
v0x557453639a90_310 .net v0x557453639a90 310, 15 0, L_0x55745365bb30; 1 drivers
v0x557453639a90_311 .net v0x557453639a90 311, 15 0, L_0x55745365bc00; 1 drivers
v0x557453639a90_312 .net v0x557453639a90 312, 15 0, L_0x55745365bcd0; 1 drivers
v0x557453639a90_313 .net v0x557453639a90 313, 15 0, L_0x55745365bda0; 1 drivers
v0x557453639a90_314 .net v0x557453639a90 314, 15 0, L_0x55745365c9f0; 1 drivers
v0x557453639a90_315 .net v0x557453639a90 315, 15 0, L_0x55745365ca90; 1 drivers
v0x557453639a90_316 .net v0x557453639a90 316, 15 0, L_0x55745363d080; 1 drivers
v0x557453639a90_317 .net v0x557453639a90 317, 15 0, L_0x55745363d150; 1 drivers
v0x557453639a90_318 .net v0x557453639a90 318, 15 0, L_0x55745363d220; 1 drivers
v0x557453639a90_319 .net v0x557453639a90 319, 15 0, L_0x55745365c040; 1 drivers
v0x557453639a90_320 .net v0x557453639a90 320, 15 0, L_0x55745365c110; 1 drivers
v0x557453639a90_321 .net v0x557453639a90 321, 15 0, L_0x55745365c1e0; 1 drivers
v0x557453639a90_322 .net v0x557453639a90 322, 15 0, L_0x55745365c2b0; 1 drivers
v0x557453639a90_323 .net v0x557453639a90 323, 15 0, L_0x55745365c380; 1 drivers
v0x557453639a90_324 .net v0x557453639a90 324, 15 0, L_0x55745365c450; 1 drivers
v0x557453639a90_325 .net v0x557453639a90 325, 15 0, L_0x55745365c520; 1 drivers
v0x557453639a90_326 .net v0x557453639a90 326, 15 0, L_0x55745365c5f0; 1 drivers
v0x557453639a90_327 .net v0x557453639a90 327, 15 0, L_0x55745365c6c0; 1 drivers
v0x557453639a90_328 .net v0x557453639a90 328, 15 0, L_0x55745365c790; 1 drivers
v0x557453639a90_329 .net v0x557453639a90 329, 15 0, L_0x55745365c860; 1 drivers
v0x557453639a90_330 .net v0x557453639a90 330, 15 0, L_0x55745365c930; 1 drivers
v0x557453639a90_331 .net v0x557453639a90 331, 15 0, L_0x55745365d5c0; 1 drivers
v0x557453639a90_332 .net v0x557453639a90 332, 15 0, L_0x55745363d2c0; 1 drivers
v0x557453639a90_333 .net v0x557453639a90 333, 15 0, L_0x55745363d390; 1 drivers
v0x557453639a90_334 .net v0x557453639a90 334, 15 0, L_0x55745365cb30; 1 drivers
v0x557453639a90_335 .net v0x557453639a90 335, 15 0, L_0x55745365cc00; 1 drivers
v0x557453639a90_336 .net v0x557453639a90 336, 15 0, L_0x55745365ccd0; 1 drivers
v0x557453639a90_337 .net v0x557453639a90 337, 15 0, L_0x55745365cda0; 1 drivers
v0x557453639a90_338 .net v0x557453639a90 338, 15 0, L_0x55745365ce70; 1 drivers
v0x557453639a90_339 .net v0x557453639a90 339, 15 0, L_0x55745365cf40; 1 drivers
v0x557453639a90_340 .net v0x557453639a90 340, 15 0, L_0x55745365d010; 1 drivers
v0x557453639a90_341 .net v0x557453639a90 341, 15 0, L_0x55745365d0e0; 1 drivers
v0x557453639a90_342 .net v0x557453639a90 342, 15 0, L_0x55745365d1b0; 1 drivers
v0x557453639a90_343 .net v0x557453639a90 343, 15 0, L_0x55745365d280; 1 drivers
v0x557453639a90_344 .net v0x557453639a90 344, 15 0, L_0x55745365d350; 1 drivers
v0x557453639a90_345 .net v0x557453639a90 345, 15 0, L_0x55745365d420; 1 drivers
v0x557453639a90_346 .net v0x557453639a90 346, 15 0, L_0x55745365d4f0; 1 drivers
v0x557453639a90_347 .net v0x557453639a90 347, 15 0, L_0x55745365e170; 1 drivers
v0x557453639a90_348 .net v0x557453639a90 348, 15 0, L_0x55745363d4c0; 1 drivers
v0x557453639a90_349 .net v0x557453639a90 349, 15 0, L_0x55745363d590; 1 drivers
v0x557453639a90_350 .net v0x557453639a90 350, 15 0, L_0x55745365d690; 1 drivers
v0x557453639a90_351 .net v0x557453639a90 351, 15 0, L_0x55745365d760; 1 drivers
v0x557453639a90_352 .net v0x557453639a90 352, 15 0, L_0x55745365d830; 1 drivers
v0x557453639a90_353 .net v0x557453639a90 353, 15 0, L_0x55745365d900; 1 drivers
v0x557453639a90_354 .net v0x557453639a90 354, 15 0, L_0x55745365d9d0; 1 drivers
v0x557453639a90_355 .net v0x557453639a90 355, 15 0, L_0x55745365daa0; 1 drivers
v0x557453639a90_356 .net v0x557453639a90 356, 15 0, L_0x55745365db70; 1 drivers
v0x557453639a90_357 .net v0x557453639a90 357, 15 0, L_0x55745365dc40; 1 drivers
v0x557453639a90_358 .net v0x557453639a90 358, 15 0, L_0x55745365dd10; 1 drivers
v0x557453639a90_359 .net v0x557453639a90 359, 15 0, L_0x55745365dde0; 1 drivers
v0x557453639a90_360 .net v0x557453639a90 360, 15 0, L_0x55745365deb0; 1 drivers
v0x557453639a90_361 .net v0x557453639a90 361, 15 0, L_0x55745365df80; 1 drivers
v0x557453639a90_362 .net v0x557453639a90 362, 15 0, L_0x55745365e050; 1 drivers
v0x557453639a90_363 .net v0x557453639a90 363, 15 0, L_0x55745365ed70; 1 drivers
v0x557453639a90_364 .net v0x557453639a90 364, 15 0, L_0x55745363d660; 1 drivers
v0x557453639a90_365 .net v0x557453639a90 365, 15 0, L_0x55745363d730; 1 drivers
v0x557453639a90_366 .net v0x557453639a90 366, 15 0, L_0x55745363d800; 1 drivers
v0x557453639a90_367 .net v0x557453639a90 367, 15 0, L_0x55745365e210; 1 drivers
v0x557453639a90_368 .net v0x557453639a90 368, 15 0, L_0x55745365e2e0; 1 drivers
v0x557453639a90_369 .net v0x557453639a90 369, 15 0, L_0x55745365e3b0; 1 drivers
v0x557453639a90_370 .net v0x557453639a90 370, 15 0, L_0x55745365e480; 1 drivers
v0x557453639a90_371 .net v0x557453639a90 371, 15 0, L_0x55745365e550; 1 drivers
v0x557453639a90_372 .net v0x557453639a90 372, 15 0, L_0x55745365e620; 1 drivers
v0x557453639a90_373 .net v0x557453639a90 373, 15 0, L_0x55745365e6f0; 1 drivers
v0x557453639a90_374 .net v0x557453639a90 374, 15 0, L_0x55745365e7c0; 1 drivers
v0x557453639a90_375 .net v0x557453639a90 375, 15 0, L_0x55745365e890; 1 drivers
v0x557453639a90_376 .net v0x557453639a90 376, 15 0, L_0x55745365e960; 1 drivers
v0x557453639a90_377 .net v0x557453639a90 377, 15 0, L_0x55745365ea30; 1 drivers
v0x557453639a90_378 .net v0x557453639a90 378, 15 0, L_0x55745365eb00; 1 drivers
v0x557453639a90_379 .net v0x557453639a90 379, 15 0, L_0x55745365ebd0; 1 drivers
v0x557453639a90_380 .net v0x557453639a90 380, 15 0, L_0x55745365eca0; 1 drivers
v0x557453639a90_381 .net v0x557453639a90 381, 15 0, L_0x55745365fa00; 1 drivers
v0x557453639a90_382 .net v0x557453639a90 382, 15 0, L_0x55745363d8e0; 1 drivers
v0x557453639a90_383 .net v0x557453639a90 383, 15 0, L_0x55745363d9b0; 1 drivers
v0x557453639a90_384 .net v0x557453639a90 384, 15 0, L_0x55745363da80; 1 drivers
v0x557453639a90_385 .net v0x557453639a90 385, 15 0, L_0x55745365ee40; 1 drivers
v0x557453639a90_386 .net v0x557453639a90 386, 15 0, L_0x55745365ef10; 1 drivers
v0x557453639a90_387 .net v0x557453639a90 387, 15 0, L_0x55745365efe0; 1 drivers
v0x557453639a90_388 .net v0x557453639a90 388, 15 0, L_0x55745365f0b0; 1 drivers
v0x557453639a90_389 .net v0x557453639a90 389, 15 0, L_0x55745365f180; 1 drivers
v0x557453639a90_390 .net v0x557453639a90 390, 15 0, L_0x55745365f250; 1 drivers
v0x557453639a90_391 .net v0x557453639a90 391, 15 0, L_0x55745365f320; 1 drivers
v0x557453639a90_392 .net v0x557453639a90 392, 15 0, L_0x55745365f3f0; 1 drivers
v0x557453639a90_393 .net v0x557453639a90 393, 15 0, L_0x55745365f4c0; 1 drivers
v0x557453639a90_394 .net v0x557453639a90 394, 15 0, L_0x55745365f590; 1 drivers
v0x557453639a90_395 .net v0x557453639a90 395, 15 0, L_0x55745365f660; 1 drivers
v0x557453639a90_396 .net v0x557453639a90 396, 15 0, L_0x55745365f730; 1 drivers
v0x557453639a90_397 .net v0x557453639a90 397, 15 0, L_0x55745365f800; 1 drivers
v0x557453639a90_398 .net v0x557453639a90 398, 15 0, L_0x55745365f8d0; 1 drivers
v0x557453639a90_399 .net v0x557453639a90 399, 15 0, L_0x557453660750; 1 drivers
v0x557453639a90_400 .net v0x557453639a90 400, 15 0, L_0x55745363db20; 1 drivers
v0x557453639a90_401 .net v0x557453639a90 401, 15 0, L_0x55745363dbc0; 1 drivers
v0x557453639a90_402 .net v0x557453639a90 402, 15 0, L_0x55745363dc90; 1 drivers
v0x557453639a90_403 .net v0x557453639a90 403, 15 0, L_0x55745365fad0; 1 drivers
v0x557453639a90_404 .net v0x557453639a90 404, 15 0, L_0x55745365fba0; 1 drivers
v0x557453639a90_405 .net v0x557453639a90 405, 15 0, L_0x55745365fc70; 1 drivers
v0x557453639a90_406 .net v0x557453639a90 406, 15 0, L_0x55745365fd40; 1 drivers
v0x557453639a90_407 .net v0x557453639a90 407, 15 0, L_0x55745365fe10; 1 drivers
v0x557453639a90_408 .net v0x557453639a90 408, 15 0, L_0x55745365fee0; 1 drivers
v0x557453639a90_409 .net v0x557453639a90 409, 15 0, L_0x55745365ffb0; 1 drivers
v0x557453639a90_410 .net v0x557453639a90 410, 15 0, L_0x557453660080; 1 drivers
v0x557453639a90_411 .net v0x557453639a90 411, 15 0, L_0x557453660150; 1 drivers
v0x557453639a90_412 .net v0x557453639a90 412, 15 0, L_0x557453660220; 1 drivers
v0x557453639a90_413 .net v0x557453639a90 413, 15 0, L_0x5574536602f0; 1 drivers
v0x557453639a90_414 .net v0x557453639a90 414, 15 0, L_0x5574536603c0; 1 drivers
v0x557453639a90_415 .net v0x557453639a90 415, 15 0, L_0x557453660490; 1 drivers
v0x557453639a90_416 .net v0x557453639a90 416, 15 0, L_0x557453660560; 1 drivers
v0x557453639a90_417 .net v0x557453639a90 417, 15 0, L_0x557453660630; 1 drivers
v0x557453639a90_418 .net v0x557453639a90 418, 15 0, L_0x557453661510; 1 drivers
v0x557453639a90_419 .net v0x557453639a90 419, 15 0, L_0x5574536615b0; 1 drivers
v0x557453639a90_420 .net v0x557453639a90 420, 15 0, L_0x55745363dd60; 1 drivers
v0x557453639a90_421 .net v0x557453639a90 421, 15 0, L_0x55745363de30; 1 drivers
v0x557453639a90_422 .net v0x557453639a90 422, 15 0, L_0x55745363df00; 1 drivers
v0x557453639a90_423 .net v0x557453639a90 423, 15 0, L_0x5574536607f0; 1 drivers
v0x557453639a90_424 .net v0x557453639a90 424, 15 0, L_0x5574536608c0; 1 drivers
v0x557453639a90_425 .net v0x557453639a90 425, 15 0, L_0x557453660990; 1 drivers
v0x557453639a90_426 .net v0x557453639a90 426, 15 0, L_0x557453660a60; 1 drivers
v0x557453639a90_427 .net v0x557453639a90 427, 15 0, L_0x557453660b30; 1 drivers
v0x557453639a90_428 .net v0x557453639a90 428, 15 0, L_0x557453660c00; 1 drivers
v0x557453639a90_429 .net v0x557453639a90 429, 15 0, L_0x557453660cd0; 1 drivers
v0x557453639a90_430 .net v0x557453639a90 430, 15 0, L_0x557453660da0; 1 drivers
v0x557453639a90_431 .net v0x557453639a90 431, 15 0, L_0x557453660e70; 1 drivers
v0x557453639a90_432 .net v0x557453639a90 432, 15 0, L_0x557453660f40; 1 drivers
v0x557453639a90_433 .net v0x557453639a90 433, 15 0, L_0x557453661010; 1 drivers
v0x557453639a90_434 .net v0x557453639a90 434, 15 0, L_0x5574536610e0; 1 drivers
v0x557453639a90_435 .net v0x557453639a90 435, 15 0, L_0x5574536611b0; 1 drivers
v0x557453639a90_436 .net v0x557453639a90 436, 15 0, L_0x557453661280; 1 drivers
v0x557453639a90_437 .net v0x557453639a90 437, 15 0, L_0x557453661350; 1 drivers
v0x557453639a90_438 .net v0x557453639a90 438, 15 0, L_0x557453661420; 1 drivers
v0x557453639a90_439 .net v0x557453639a90 439, 15 0, L_0x557453662440; 1 drivers
v0x557453639a90_440 .net v0x557453639a90 440, 15 0, L_0x55745363dfe0; 1 drivers
v0x557453639a90_441 .net v0x557453639a90 441, 15 0, L_0x55745363e0b0; 1 drivers
v0x557453639a90_442 .net v0x557453639a90 442, 15 0, L_0x55745363e180; 1 drivers
v0x557453639a90_443 .net v0x557453639a90 443, 15 0, L_0x557453661680; 1 drivers
v0x557453639a90_444 .net v0x557453639a90 444, 15 0, L_0x557453661750; 1 drivers
v0x557453639a90_445 .net v0x557453639a90 445, 15 0, L_0x557453661820; 1 drivers
v0x557453639a90_446 .net v0x557453639a90 446, 15 0, L_0x5574536618f0; 1 drivers
v0x557453639a90_447 .net v0x557453639a90 447, 15 0, L_0x5574536619c0; 1 drivers
v0x557453639a90_448 .net v0x557453639a90 448, 15 0, L_0x557453661a90; 1 drivers
v0x557453639a90_449 .net v0x557453639a90 449, 15 0, L_0x557453661b60; 1 drivers
v0x557453639a90_450 .net v0x557453639a90 450, 15 0, L_0x557453661c30; 1 drivers
v0x557453639a90_451 .net v0x557453639a90 451, 15 0, L_0x557453661d00; 1 drivers
v0x557453639a90_452 .net v0x557453639a90 452, 15 0, L_0x557453661dd0; 1 drivers
v0x557453639a90_453 .net v0x557453639a90 453, 15 0, L_0x557453661ea0; 1 drivers
v0x557453639a90_454 .net v0x557453639a90 454, 15 0, L_0x557453661f70; 1 drivers
v0x557453639a90_455 .net v0x557453639a90 455, 15 0, L_0x557453662040; 1 drivers
v0x557453639a90_456 .net v0x557453639a90 456, 15 0, L_0x557453662110; 1 drivers
v0x557453639a90_457 .net v0x557453639a90 457, 15 0, L_0x5574536621e0; 1 drivers
v0x557453639a90_458 .net v0x557453639a90 458, 15 0, L_0x5574536622b0; 1 drivers
v0x557453639a90_459 .net v0x557453639a90 459, 15 0, L_0x557453662380; 1 drivers
v0x557453639a90_460 .net v0x557453639a90 460, 15 0, L_0x55745363e260; 1 drivers
v0x557453639a90_461 .net v0x557453639a90 461, 15 0, L_0x55745363e330; 1 drivers
v0x557453639a90_462 .net v0x557453639a90 462, 15 0, L_0x55745363e400; 1 drivers
v0x557453639a90_463 .net v0x557453639a90 463, 15 0, L_0x557453662510; 1 drivers
v0x557453639a90_464 .net v0x557453639a90 464, 15 0, L_0x5574536625e0; 1 drivers
v0x557453639a90_465 .net v0x557453639a90 465, 15 0, L_0x5574536626b0; 1 drivers
v0x557453639a90_466 .net v0x557453639a90 466, 15 0, L_0x557453662780; 1 drivers
v0x557453639a90_467 .net v0x557453639a90 467, 15 0, L_0x557453662850; 1 drivers
v0x557453639a90_468 .net v0x557453639a90 468, 15 0, L_0x557453662920; 1 drivers
v0x557453639a90_469 .net v0x557453639a90 469, 15 0, L_0x5574536629f0; 1 drivers
v0x557453639a90_470 .net v0x557453639a90 470, 15 0, L_0x557453662ac0; 1 drivers
v0x557453639a90_471 .net v0x557453639a90 471, 15 0, L_0x557453662b90; 1 drivers
v0x557453639a90_472 .net v0x557453639a90 472, 15 0, L_0x557453662c60; 1 drivers
v0x557453639a90_473 .net v0x557453639a90 473, 15 0, L_0x557453662d30; 1 drivers
v0x557453639a90_474 .net v0x557453639a90 474, 15 0, L_0x557453662e00; 1 drivers
v0x557453639a90_475 .net v0x557453639a90 475, 15 0, L_0x557453662ed0; 1 drivers
v0x557453639a90_476 .net v0x557453639a90 476, 15 0, L_0x557453662fa0; 1 drivers
v0x557453639a90_477 .net v0x557453639a90 477, 15 0, L_0x557453663070; 1 drivers
v0x557453639a90_478 .net v0x557453639a90 478, 15 0, L_0x557453663140; 1 drivers
v0x557453639a90_479 .net v0x557453639a90 479, 15 0, L_0x557453663210; 1 drivers
v0x557453639a90_480 .net v0x557453639a90 480, 15 0, L_0x5574536642b0; 1 drivers
v0x557453639a90_481 .net v0x557453639a90 481, 15 0, L_0x557453664350; 1 drivers
v0x557453639a90_482 .net v0x557453639a90 482, 15 0, L_0x55745363e4e0; 1 drivers
v0x557453639a90_483 .net v0x557453639a90 483, 15 0, L_0x55745363e580; 1 drivers
v0x557453639a90_484 .net v0x557453639a90 484, 15 0, L_0x55745363e650; 1 drivers
v0x557453639a90_485 .net v0x557453639a90 485, 15 0, L_0x5574536633a0; 1 drivers
v0x557453639a90_486 .net v0x557453639a90 486, 15 0, L_0x557453663470; 1 drivers
v0x557453639a90_487 .net v0x557453639a90 487, 15 0, L_0x557453663540; 1 drivers
v0x557453639a90_488 .net v0x557453639a90 488, 15 0, L_0x557453663610; 1 drivers
v0x557453639a90_489 .net v0x557453639a90 489, 15 0, L_0x5574536636e0; 1 drivers
v0x557453639a90_490 .net v0x557453639a90 490, 15 0, L_0x5574536637b0; 1 drivers
v0x557453639a90_491 .net v0x557453639a90 491, 15 0, L_0x557453663880; 1 drivers
v0x557453639a90_492 .net v0x557453639a90 492, 15 0, L_0x557453663950; 1 drivers
v0x557453639a90_493 .net v0x557453639a90 493, 15 0, L_0x557453663a20; 1 drivers
v0x557453639a90_494 .net v0x557453639a90 494, 15 0, L_0x557453663af0; 1 drivers
v0x557453639a90_495 .net v0x557453639a90 495, 15 0, L_0x557453663bc0; 1 drivers
v0x557453639a90_496 .net v0x557453639a90 496, 15 0, L_0x557453663c90; 1 drivers
v0x557453639a90_497 .net v0x557453639a90 497, 15 0, L_0x557453663d60; 1 drivers
v0x557453639a90_498 .net v0x557453639a90 498, 15 0, L_0x557453663e30; 1 drivers
v0x557453639a90_499 .net v0x557453639a90 499, 15 0, L_0x557453663f00; 1 drivers
v0x557453639a90_500 .net v0x557453639a90 500, 15 0, L_0x557453663fd0; 1 drivers
v0x557453639a90_501 .net v0x557453639a90 501, 15 0, L_0x5574536640a0; 1 drivers
v0x557453639a90_502 .net v0x557453639a90 502, 15 0, L_0x557453664170; 1 drivers
v0x557453639a90_503 .net v0x557453639a90 503, 15 0, L_0x5574536653b0; 1 drivers
v0x557453639a90_504 .net v0x557453639a90 504, 15 0, L_0x55745363e720; 1 drivers
v0x557453639a90_505 .net v0x557453639a90 505, 15 0, L_0x55745363e7f0; 1 drivers
v0x557453639a90_506 .net v0x557453639a90 506, 15 0, L_0x55745363e8c0; 1 drivers
v0x557453639a90_507 .net v0x557453639a90 507, 15 0, L_0x55745363e990; 1 drivers
v0x557453639a90_508 .net v0x557453639a90 508, 15 0, L_0x5574536643f0; 1 drivers
v0x557453639a90_509 .net v0x557453639a90 509, 15 0, L_0x5574536644c0; 1 drivers
v0x557453639a90_510 .net v0x557453639a90 510, 15 0, L_0x557453664590; 1 drivers
v0x557453639a90_511 .net v0x557453639a90 511, 15 0, L_0x557453664660; 1 drivers
v0x55745363eb60_0 .net "final_valid", 0 0, L_0x5574535b9540;  1 drivers
v0x55745363ec20_0 .net "layer_done", 0 0, L_0x55745363ea60;  1 drivers
v0x55745363ece0_0 .var "layer_flat", 8191 0;
v0x55745363edc0_0 .var "layer_valid", 0 0;
v0x55745363ee80_0 .var "loop_flat", 8191 0;
v0x55745363ef60_0 .var "loop_valid", 0 0;
v0x55745363f020_0 .var "mux_flat", 8191 0;
v0x55745363f100_0 .var "mux_valid", 0 0;
o0x7f4e40af6678 .functor BUFZ 1, C4<z>; HiZ drive
v0x55745363f1c0_0 .net "rst_n", 0 0, o0x7f4e40af6678;  0 drivers
o0x7f4e40af66a8 .functor BUFZ 1, C4<z>; HiZ drive
v0x55745363f280_0 .net "sel_external", 0 0, o0x7f4e40af66a8;  0 drivers
o0x7f4e40af66d8 .functor BUFZ 1, C4<z>; HiZ drive
v0x55745363f340_0 .net "start_layer", 0 0, o0x7f4e40af66d8;  0 drivers
E_0x5574534185d0/0 .event negedge, v0x55745363f1c0_0;
E_0x5574534185d0/1 .event posedge, v0x55745360baf0_0;
E_0x5574534185d0 .event/or E_0x5574534185d0/0, E_0x5574534185d0/1;
E_0x5574535eeab0/0 .event edge, v0x55745363f280_0, v0x5574536398f0_0, v0x55745363ee80_0, v0x5574536399d0_0;
E_0x5574535eeab0/1 .event edge, v0x55745363ef60_0;
E_0x5574535eeab0 .event/or E_0x5574535eeab0/0, E_0x5574535eeab0/1;
E_0x55745357c730/0 .event edge, v0x55745360bc90_0, v0x55745360bc90_1, v0x55745360bc90_2, v0x55745360bc90_3;
E_0x55745357c730/1 .event edge, v0x55745360bc90_4, v0x55745360bc90_5, v0x55745360bc90_6, v0x55745360bc90_7;
E_0x55745357c730/2 .event edge, v0x55745360bc90_8, v0x55745360bc90_9, v0x55745360bc90_10, v0x55745360bc90_11;
E_0x55745357c730/3 .event edge, v0x55745360bc90_12, v0x55745360bc90_13, v0x55745360bc90_14, v0x55745360bc90_15;
E_0x55745357c730/4 .event edge, v0x55745360bc90_16, v0x55745360bc90_17, v0x55745360bc90_18, v0x55745360bc90_19;
E_0x55745357c730/5 .event edge, v0x55745360bc90_20, v0x55745360bc90_21, v0x55745360bc90_22, v0x55745360bc90_23;
E_0x55745357c730/6 .event edge, v0x55745360bc90_24, v0x55745360bc90_25, v0x55745360bc90_26, v0x55745360bc90_27;
E_0x55745357c730/7 .event edge, v0x55745360bc90_28, v0x55745360bc90_29, v0x55745360bc90_30, v0x55745360bc90_31;
E_0x55745357c730/8 .event edge, v0x55745360bc90_32, v0x55745360bc90_33, v0x55745360bc90_34, v0x55745360bc90_35;
E_0x55745357c730/9 .event edge, v0x55745360bc90_36, v0x55745360bc90_37, v0x55745360bc90_38, v0x55745360bc90_39;
E_0x55745357c730/10 .event edge, v0x55745360bc90_40, v0x55745360bc90_41, v0x55745360bc90_42, v0x55745360bc90_43;
E_0x55745357c730/11 .event edge, v0x55745360bc90_44, v0x55745360bc90_45, v0x55745360bc90_46, v0x55745360bc90_47;
E_0x55745357c730/12 .event edge, v0x55745360bc90_48, v0x55745360bc90_49, v0x55745360bc90_50, v0x55745360bc90_51;
E_0x55745357c730/13 .event edge, v0x55745360bc90_52, v0x55745360bc90_53, v0x55745360bc90_54, v0x55745360bc90_55;
E_0x55745357c730/14 .event edge, v0x55745360bc90_56, v0x55745360bc90_57, v0x55745360bc90_58, v0x55745360bc90_59;
E_0x55745357c730/15 .event edge, v0x55745360bc90_60, v0x55745360bc90_61, v0x55745360bc90_62, v0x55745360bc90_63;
E_0x55745357c730/16 .event edge, v0x55745360bc90_64, v0x55745360bc90_65, v0x55745360bc90_66, v0x55745360bc90_67;
E_0x55745357c730/17 .event edge, v0x55745360bc90_68, v0x55745360bc90_69, v0x55745360bc90_70, v0x55745360bc90_71;
E_0x55745357c730/18 .event edge, v0x55745360bc90_72, v0x55745360bc90_73, v0x55745360bc90_74, v0x55745360bc90_75;
E_0x55745357c730/19 .event edge, v0x55745360bc90_76, v0x55745360bc90_77, v0x55745360bc90_78, v0x55745360bc90_79;
E_0x55745357c730/20 .event edge, v0x55745360bc90_80, v0x55745360bc90_81, v0x55745360bc90_82, v0x55745360bc90_83;
E_0x55745357c730/21 .event edge, v0x55745360bc90_84, v0x55745360bc90_85, v0x55745360bc90_86, v0x55745360bc90_87;
E_0x55745357c730/22 .event edge, v0x55745360bc90_88, v0x55745360bc90_89, v0x55745360bc90_90, v0x55745360bc90_91;
E_0x55745357c730/23 .event edge, v0x55745360bc90_92, v0x55745360bc90_93, v0x55745360bc90_94, v0x55745360bc90_95;
E_0x55745357c730/24 .event edge, v0x55745360bc90_96, v0x55745360bc90_97, v0x55745360bc90_98, v0x55745360bc90_99;
E_0x55745357c730/25 .event edge, v0x55745360bc90_100, v0x55745360bc90_101, v0x55745360bc90_102, v0x55745360bc90_103;
E_0x55745357c730/26 .event edge, v0x55745360bc90_104, v0x55745360bc90_105, v0x55745360bc90_106, v0x55745360bc90_107;
E_0x55745357c730/27 .event edge, v0x55745360bc90_108, v0x55745360bc90_109, v0x55745360bc90_110, v0x55745360bc90_111;
E_0x55745357c730/28 .event edge, v0x55745360bc90_112, v0x55745360bc90_113, v0x55745360bc90_114, v0x55745360bc90_115;
E_0x55745357c730/29 .event edge, v0x55745360bc90_116, v0x55745360bc90_117, v0x55745360bc90_118, v0x55745360bc90_119;
E_0x55745357c730/30 .event edge, v0x55745360bc90_120, v0x55745360bc90_121, v0x55745360bc90_122, v0x55745360bc90_123;
E_0x55745357c730/31 .event edge, v0x55745360bc90_124, v0x55745360bc90_125, v0x55745360bc90_126, v0x55745360bc90_127;
E_0x55745357c730/32 .event edge, v0x55745360bc90_128, v0x55745360bc90_129, v0x55745360bc90_130, v0x55745360bc90_131;
E_0x55745357c730/33 .event edge, v0x55745360bc90_132, v0x55745360bc90_133, v0x55745360bc90_134, v0x55745360bc90_135;
E_0x55745357c730/34 .event edge, v0x55745360bc90_136, v0x55745360bc90_137, v0x55745360bc90_138, v0x55745360bc90_139;
E_0x55745357c730/35 .event edge, v0x55745360bc90_140, v0x55745360bc90_141, v0x55745360bc90_142, v0x55745360bc90_143;
E_0x55745357c730/36 .event edge, v0x55745360bc90_144, v0x55745360bc90_145, v0x55745360bc90_146, v0x55745360bc90_147;
E_0x55745357c730/37 .event edge, v0x55745360bc90_148, v0x55745360bc90_149, v0x55745360bc90_150, v0x55745360bc90_151;
E_0x55745357c730/38 .event edge, v0x55745360bc90_152, v0x55745360bc90_153, v0x55745360bc90_154, v0x55745360bc90_155;
E_0x55745357c730/39 .event edge, v0x55745360bc90_156, v0x55745360bc90_157, v0x55745360bc90_158, v0x55745360bc90_159;
E_0x55745357c730/40 .event edge, v0x55745360bc90_160, v0x55745360bc90_161, v0x55745360bc90_162, v0x55745360bc90_163;
E_0x55745357c730/41 .event edge, v0x55745360bc90_164, v0x55745360bc90_165, v0x55745360bc90_166, v0x55745360bc90_167;
E_0x55745357c730/42 .event edge, v0x55745360bc90_168, v0x55745360bc90_169, v0x55745360bc90_170, v0x55745360bc90_171;
E_0x55745357c730/43 .event edge, v0x55745360bc90_172, v0x55745360bc90_173, v0x55745360bc90_174, v0x55745360bc90_175;
E_0x55745357c730/44 .event edge, v0x55745360bc90_176, v0x55745360bc90_177, v0x55745360bc90_178, v0x55745360bc90_179;
E_0x55745357c730/45 .event edge, v0x55745360bc90_180, v0x55745360bc90_181, v0x55745360bc90_182, v0x55745360bc90_183;
E_0x55745357c730/46 .event edge, v0x55745360bc90_184, v0x55745360bc90_185, v0x55745360bc90_186, v0x55745360bc90_187;
E_0x55745357c730/47 .event edge, v0x55745360bc90_188, v0x55745360bc90_189, v0x55745360bc90_190, v0x55745360bc90_191;
E_0x55745357c730/48 .event edge, v0x55745360bc90_192, v0x55745360bc90_193, v0x55745360bc90_194, v0x55745360bc90_195;
E_0x55745357c730/49 .event edge, v0x55745360bc90_196, v0x55745360bc90_197, v0x55745360bc90_198, v0x55745360bc90_199;
E_0x55745357c730/50 .event edge, v0x55745360bc90_200, v0x55745360bc90_201, v0x55745360bc90_202, v0x55745360bc90_203;
E_0x55745357c730/51 .event edge, v0x55745360bc90_204, v0x55745360bc90_205, v0x55745360bc90_206, v0x55745360bc90_207;
E_0x55745357c730/52 .event edge, v0x55745360bc90_208, v0x55745360bc90_209, v0x55745360bc90_210, v0x55745360bc90_211;
E_0x55745357c730/53 .event edge, v0x55745360bc90_212, v0x55745360bc90_213, v0x55745360bc90_214, v0x55745360bc90_215;
E_0x55745357c730/54 .event edge, v0x55745360bc90_216, v0x55745360bc90_217, v0x55745360bc90_218, v0x55745360bc90_219;
E_0x55745357c730/55 .event edge, v0x55745360bc90_220, v0x55745360bc90_221, v0x55745360bc90_222, v0x55745360bc90_223;
E_0x55745357c730/56 .event edge, v0x55745360bc90_224, v0x55745360bc90_225, v0x55745360bc90_226, v0x55745360bc90_227;
E_0x55745357c730/57 .event edge, v0x55745360bc90_228, v0x55745360bc90_229, v0x55745360bc90_230, v0x55745360bc90_231;
E_0x55745357c730/58 .event edge, v0x55745360bc90_232, v0x55745360bc90_233, v0x55745360bc90_234, v0x55745360bc90_235;
E_0x55745357c730/59 .event edge, v0x55745360bc90_236, v0x55745360bc90_237, v0x55745360bc90_238, v0x55745360bc90_239;
E_0x55745357c730/60 .event edge, v0x55745360bc90_240, v0x55745360bc90_241, v0x55745360bc90_242, v0x55745360bc90_243;
E_0x55745357c730/61 .event edge, v0x55745360bc90_244, v0x55745360bc90_245, v0x55745360bc90_246, v0x55745360bc90_247;
E_0x55745357c730/62 .event edge, v0x55745360bc90_248, v0x55745360bc90_249, v0x55745360bc90_250, v0x55745360bc90_251;
E_0x55745357c730/63 .event edge, v0x55745360bc90_252, v0x55745360bc90_253, v0x55745360bc90_254, v0x55745360bc90_255;
E_0x55745357c730/64 .event edge, v0x55745360bc90_256, v0x55745360bc90_257, v0x55745360bc90_258, v0x55745360bc90_259;
E_0x55745357c730/65 .event edge, v0x55745360bc90_260, v0x55745360bc90_261, v0x55745360bc90_262, v0x55745360bc90_263;
E_0x55745357c730/66 .event edge, v0x55745360bc90_264, v0x55745360bc90_265, v0x55745360bc90_266, v0x55745360bc90_267;
E_0x55745357c730/67 .event edge, v0x55745360bc90_268, v0x55745360bc90_269, v0x55745360bc90_270, v0x55745360bc90_271;
E_0x55745357c730/68 .event edge, v0x55745360bc90_272, v0x55745360bc90_273, v0x55745360bc90_274, v0x55745360bc90_275;
E_0x55745357c730/69 .event edge, v0x55745360bc90_276, v0x55745360bc90_277, v0x55745360bc90_278, v0x55745360bc90_279;
E_0x55745357c730/70 .event edge, v0x55745360bc90_280, v0x55745360bc90_281, v0x55745360bc90_282, v0x55745360bc90_283;
E_0x55745357c730/71 .event edge, v0x55745360bc90_284, v0x55745360bc90_285, v0x55745360bc90_286, v0x55745360bc90_287;
E_0x55745357c730/72 .event edge, v0x55745360bc90_288, v0x55745360bc90_289, v0x55745360bc90_290, v0x55745360bc90_291;
E_0x55745357c730/73 .event edge, v0x55745360bc90_292, v0x55745360bc90_293, v0x55745360bc90_294, v0x55745360bc90_295;
E_0x55745357c730/74 .event edge, v0x55745360bc90_296, v0x55745360bc90_297, v0x55745360bc90_298, v0x55745360bc90_299;
E_0x55745357c730/75 .event edge, v0x55745360bc90_300, v0x55745360bc90_301, v0x55745360bc90_302, v0x55745360bc90_303;
E_0x55745357c730/76 .event edge, v0x55745360bc90_304, v0x55745360bc90_305, v0x55745360bc90_306, v0x55745360bc90_307;
E_0x55745357c730/77 .event edge, v0x55745360bc90_308, v0x55745360bc90_309, v0x55745360bc90_310, v0x55745360bc90_311;
E_0x55745357c730/78 .event edge, v0x55745360bc90_312, v0x55745360bc90_313, v0x55745360bc90_314, v0x55745360bc90_315;
E_0x55745357c730/79 .event edge, v0x55745360bc90_316, v0x55745360bc90_317, v0x55745360bc90_318, v0x55745360bc90_319;
E_0x55745357c730/80 .event edge, v0x55745360bc90_320, v0x55745360bc90_321, v0x55745360bc90_322, v0x55745360bc90_323;
E_0x55745357c730/81 .event edge, v0x55745360bc90_324, v0x55745360bc90_325, v0x55745360bc90_326, v0x55745360bc90_327;
E_0x55745357c730/82 .event edge, v0x55745360bc90_328, v0x55745360bc90_329, v0x55745360bc90_330, v0x55745360bc90_331;
E_0x55745357c730/83 .event edge, v0x55745360bc90_332, v0x55745360bc90_333, v0x55745360bc90_334, v0x55745360bc90_335;
E_0x55745357c730/84 .event edge, v0x55745360bc90_336, v0x55745360bc90_337, v0x55745360bc90_338, v0x55745360bc90_339;
E_0x55745357c730/85 .event edge, v0x55745360bc90_340, v0x55745360bc90_341, v0x55745360bc90_342, v0x55745360bc90_343;
E_0x55745357c730/86 .event edge, v0x55745360bc90_344, v0x55745360bc90_345, v0x55745360bc90_346, v0x55745360bc90_347;
E_0x55745357c730/87 .event edge, v0x55745360bc90_348, v0x55745360bc90_349, v0x55745360bc90_350, v0x55745360bc90_351;
E_0x55745357c730/88 .event edge, v0x55745360bc90_352, v0x55745360bc90_353, v0x55745360bc90_354, v0x55745360bc90_355;
E_0x55745357c730/89 .event edge, v0x55745360bc90_356, v0x55745360bc90_357, v0x55745360bc90_358, v0x55745360bc90_359;
E_0x55745357c730/90 .event edge, v0x55745360bc90_360, v0x55745360bc90_361, v0x55745360bc90_362, v0x55745360bc90_363;
E_0x55745357c730/91 .event edge, v0x55745360bc90_364, v0x55745360bc90_365, v0x55745360bc90_366, v0x55745360bc90_367;
E_0x55745357c730/92 .event edge, v0x55745360bc90_368, v0x55745360bc90_369, v0x55745360bc90_370, v0x55745360bc90_371;
E_0x55745357c730/93 .event edge, v0x55745360bc90_372, v0x55745360bc90_373, v0x55745360bc90_374, v0x55745360bc90_375;
E_0x55745357c730/94 .event edge, v0x55745360bc90_376, v0x55745360bc90_377, v0x55745360bc90_378, v0x55745360bc90_379;
E_0x55745357c730/95 .event edge, v0x55745360bc90_380, v0x55745360bc90_381, v0x55745360bc90_382, v0x55745360bc90_383;
E_0x55745357c730/96 .event edge, v0x55745360bc90_384, v0x55745360bc90_385, v0x55745360bc90_386, v0x55745360bc90_387;
E_0x55745357c730/97 .event edge, v0x55745360bc90_388, v0x55745360bc90_389, v0x55745360bc90_390, v0x55745360bc90_391;
E_0x55745357c730/98 .event edge, v0x55745360bc90_392, v0x55745360bc90_393, v0x55745360bc90_394, v0x55745360bc90_395;
E_0x55745357c730/99 .event edge, v0x55745360bc90_396, v0x55745360bc90_397, v0x55745360bc90_398, v0x55745360bc90_399;
E_0x55745357c730/100 .event edge, v0x55745360bc90_400, v0x55745360bc90_401, v0x55745360bc90_402, v0x55745360bc90_403;
E_0x55745357c730/101 .event edge, v0x55745360bc90_404, v0x55745360bc90_405, v0x55745360bc90_406, v0x55745360bc90_407;
E_0x55745357c730/102 .event edge, v0x55745360bc90_408, v0x55745360bc90_409, v0x55745360bc90_410, v0x55745360bc90_411;
E_0x55745357c730/103 .event edge, v0x55745360bc90_412, v0x55745360bc90_413, v0x55745360bc90_414, v0x55745360bc90_415;
E_0x55745357c730/104 .event edge, v0x55745360bc90_416, v0x55745360bc90_417, v0x55745360bc90_418, v0x55745360bc90_419;
E_0x55745357c730/105 .event edge, v0x55745360bc90_420, v0x55745360bc90_421, v0x55745360bc90_422, v0x55745360bc90_423;
E_0x55745357c730/106 .event edge, v0x55745360bc90_424, v0x55745360bc90_425, v0x55745360bc90_426, v0x55745360bc90_427;
E_0x55745357c730/107 .event edge, v0x55745360bc90_428, v0x55745360bc90_429, v0x55745360bc90_430, v0x55745360bc90_431;
E_0x55745357c730/108 .event edge, v0x55745360bc90_432, v0x55745360bc90_433, v0x55745360bc90_434, v0x55745360bc90_435;
E_0x55745357c730/109 .event edge, v0x55745360bc90_436, v0x55745360bc90_437, v0x55745360bc90_438, v0x55745360bc90_439;
E_0x55745357c730/110 .event edge, v0x55745360bc90_440, v0x55745360bc90_441, v0x55745360bc90_442, v0x55745360bc90_443;
E_0x55745357c730/111 .event edge, v0x55745360bc90_444, v0x55745360bc90_445, v0x55745360bc90_446, v0x55745360bc90_447;
E_0x55745357c730/112 .event edge, v0x55745360bc90_448, v0x55745360bc90_449, v0x55745360bc90_450, v0x55745360bc90_451;
E_0x55745357c730/113 .event edge, v0x55745360bc90_452, v0x55745360bc90_453, v0x55745360bc90_454, v0x55745360bc90_455;
E_0x55745357c730/114 .event edge, v0x55745360bc90_456, v0x55745360bc90_457, v0x55745360bc90_458, v0x55745360bc90_459;
E_0x55745357c730/115 .event edge, v0x55745360bc90_460, v0x55745360bc90_461, v0x55745360bc90_462, v0x55745360bc90_463;
E_0x55745357c730/116 .event edge, v0x55745360bc90_464, v0x55745360bc90_465, v0x55745360bc90_466, v0x55745360bc90_467;
E_0x55745357c730/117 .event edge, v0x55745360bc90_468, v0x55745360bc90_469, v0x55745360bc90_470, v0x55745360bc90_471;
E_0x55745357c730/118 .event edge, v0x55745360bc90_472, v0x55745360bc90_473, v0x55745360bc90_474, v0x55745360bc90_475;
E_0x55745357c730/119 .event edge, v0x55745360bc90_476, v0x55745360bc90_477, v0x55745360bc90_478, v0x55745360bc90_479;
E_0x55745357c730/120 .event edge, v0x55745360bc90_480, v0x55745360bc90_481, v0x55745360bc90_482, v0x55745360bc90_483;
E_0x55745357c730/121 .event edge, v0x55745360bc90_484, v0x55745360bc90_485, v0x55745360bc90_486, v0x55745360bc90_487;
E_0x55745357c730/122 .event edge, v0x55745360bc90_488, v0x55745360bc90_489, v0x55745360bc90_490, v0x55745360bc90_491;
E_0x55745357c730/123 .event edge, v0x55745360bc90_492, v0x55745360bc90_493, v0x55745360bc90_494, v0x55745360bc90_495;
E_0x55745357c730/124 .event edge, v0x55745360bc90_496, v0x55745360bc90_497, v0x55745360bc90_498, v0x55745360bc90_499;
E_0x55745357c730/125 .event edge, v0x55745360bc90_500, v0x55745360bc90_501, v0x55745360bc90_502, v0x55745360bc90_503;
E_0x55745357c730/126 .event edge, v0x55745360bc90_504, v0x55745360bc90_505, v0x55745360bc90_506, v0x55745360bc90_507;
E_0x55745357c730/127 .event edge, v0x55745360bc90_508, v0x55745360bc90_509, v0x55745360bc90_510, v0x55745360bc90_511;
E_0x55745357c730 .event/or E_0x55745357c730/0, E_0x55745357c730/1, E_0x55745357c730/2, E_0x55745357c730/3, E_0x55745357c730/4, E_0x55745357c730/5, E_0x55745357c730/6, E_0x55745357c730/7, E_0x55745357c730/8, E_0x55745357c730/9, E_0x55745357c730/10, E_0x55745357c730/11, E_0x55745357c730/12, E_0x55745357c730/13, E_0x55745357c730/14, E_0x55745357c730/15, E_0x55745357c730/16, E_0x55745357c730/17, E_0x55745357c730/18, E_0x55745357c730/19, E_0x55745357c730/20, E_0x55745357c730/21, E_0x55745357c730/22, E_0x55745357c730/23, E_0x55745357c730/24, E_0x55745357c730/25, E_0x55745357c730/26, E_0x55745357c730/27, E_0x55745357c730/28, E_0x55745357c730/29, E_0x55745357c730/30, E_0x55745357c730/31, E_0x55745357c730/32, E_0x55745357c730/33, E_0x55745357c730/34, E_0x55745357c730/35, E_0x55745357c730/36, E_0x55745357c730/37, E_0x55745357c730/38, E_0x55745357c730/39, E_0x55745357c730/40, E_0x55745357c730/41, E_0x55745357c730/42, E_0x55745357c730/43, E_0x55745357c730/44, E_0x55745357c730/45, E_0x55745357c730/46, E_0x55745357c730/47, E_0x55745357c730/48, E_0x55745357c730/49, E_0x55745357c730/50, E_0x55745357c730/51, E_0x55745357c730/52, E_0x55745357c730/53, E_0x55745357c730/54, E_0x55745357c730/55, E_0x55745357c730/56, E_0x55745357c730/57, E_0x55745357c730/58, E_0x55745357c730/59, E_0x55745357c730/60, E_0x55745357c730/61, E_0x55745357c730/62, E_0x55745357c730/63, E_0x55745357c730/64, E_0x55745357c730/65, E_0x55745357c730/66, E_0x55745357c730/67, E_0x55745357c730/68, E_0x55745357c730/69, E_0x55745357c730/70, E_0x55745357c730/71, E_0x55745357c730/72, E_0x55745357c730/73, E_0x55745357c730/74, E_0x55745357c730/75, E_0x55745357c730/76, E_0x55745357c730/77, E_0x55745357c730/78, E_0x55745357c730/79, E_0x55745357c730/80, E_0x55745357c730/81, E_0x55745357c730/82, E_0x55745357c730/83, E_0x55745357c730/84, E_0x55745357c730/85, E_0x55745357c730/86, E_0x55745357c730/87, E_0x55745357c730/88, E_0x55745357c730/89, E_0x55745357c730/90, E_0x55745357c730/91, E_0x55745357c730/92, E_0x55745357c730/93, E_0x55745357c730/94, E_0x55745357c730/95, E_0x55745357c730/96, E_0x55745357c730/97, E_0x55745357c730/98, E_0x55745357c730/99, E_0x55745357c730/100, E_0x55745357c730/101, E_0x55745357c730/102, E_0x55745357c730/103, E_0x55745357c730/104, E_0x55745357c730/105, E_0x55745357c730/106, E_0x55745357c730/107, E_0x55745357c730/108, E_0x55745357c730/109, E_0x55745357c730/110, E_0x55745357c730/111, E_0x55745357c730/112, E_0x55745357c730/113, E_0x55745357c730/114, E_0x55745357c730/115, E_0x55745357c730/116, E_0x55745357c730/117, E_0x55745357c730/118, E_0x55745357c730/119, E_0x55745357c730/120, E_0x55745357c730/121, E_0x55745357c730/122, E_0x55745357c730/123, E_0x55745357c730/124, E_0x55745357c730/125, E_0x55745357c730/126, E_0x55745357c730/127;
L_0x557453643ee0 .part v0x55745363ece0_0, 0, 16;
L_0x557453643fb0 .part v0x55745363ece0_0, 16, 16;
L_0x557453644080 .part v0x55745363ece0_0, 32, 16;
L_0x557453644120 .part v0x55745363ece0_0, 48, 16;
L_0x557453644220 .part v0x55745363ece0_0, 64, 16;
L_0x5574536442f0 .part v0x55745363ece0_0, 80, 16;
L_0x557453644400 .part v0x55745363ece0_0, 96, 16;
L_0x5574536444a0 .part v0x55745363ece0_0, 112, 16;
L_0x5574536446d0 .part v0x55745363ece0_0, 128, 16;
L_0x5574536447a0 .part v0x55745363ece0_0, 144, 16;
L_0x5574536448d0 .part v0x55745363ece0_0, 160, 16;
L_0x5574536449a0 .part v0x55745363ece0_0, 176, 16;
L_0x557453644ae0 .part v0x55745363ece0_0, 192, 16;
L_0x557453644bb0 .part v0x55745363ece0_0, 208, 16;
L_0x557453644d00 .part v0x55745363ece0_0, 224, 16;
L_0x557453644dd0 .part v0x55745363ece0_0, 240, 16;
L_0x557453644f30 .part v0x55745363ece0_0, 256, 16;
L_0x557453645000 .part v0x55745363ece0_0, 272, 16;
L_0x557453645170 .part v0x55745363ece0_0, 288, 16;
L_0x557453645240 .part v0x55745363ece0_0, 304, 16;
L_0x5574536450d0 .part v0x55745363ece0_0, 320, 16;
L_0x5574536453f0 .part v0x55745363ece0_0, 336, 16;
L_0x557453645580 .part v0x55745363ece0_0, 352, 16;
L_0x557453645650 .part v0x55745363ece0_0, 368, 16;
L_0x5574536457f0 .part v0x55745363ece0_0, 384, 16;
L_0x5574536458c0 .part v0x55745363ece0_0, 400, 16;
L_0x557453645a70 .part v0x55745363ece0_0, 416, 16;
L_0x557453645b40 .part v0x55745363ece0_0, 432, 16;
L_0x557453645d00 .part v0x55745363ece0_0, 448, 16;
L_0x557453645dd0 .part v0x55745363ece0_0, 464, 16;
L_0x557453645fa0 .part v0x55745363ece0_0, 480, 16;
L_0x557453646070 .part v0x55745363ece0_0, 496, 16;
L_0x557453646250 .part v0x55745363ece0_0, 512, 16;
L_0x557453646320 .part v0x55745363ece0_0, 528, 16;
L_0x557453646510 .part v0x55745363ece0_0, 544, 16;
L_0x5574536465e0 .part v0x55745363ece0_0, 560, 16;
L_0x5574536463f0 .part v0x55745363ece0_0, 576, 16;
L_0x5574536467e0 .part v0x55745363ece0_0, 592, 16;
L_0x5574536469c0 .part v0x55745363ece0_0, 608, 16;
L_0x557453646a90 .part v0x55745363ece0_0, 624, 16;
L_0x557453646cb0 .part v0x55745363ece0_0, 640, 16;
L_0x557453646d80 .part v0x55745363ece0_0, 656, 16;
L_0x557453646fb0 .part v0x55745363ece0_0, 672, 16;
L_0x557453647080 .part v0x55745363ece0_0, 688, 16;
L_0x5574536472c0 .part v0x55745363ece0_0, 704, 16;
L_0x557453647390 .part v0x55745363ece0_0, 720, 16;
L_0x5574536475e0 .part v0x55745363ece0_0, 736, 16;
L_0x5574536476b0 .part v0x55745363ece0_0, 752, 16;
L_0x557453647910 .part v0x55745363ece0_0, 768, 16;
L_0x5574536479e0 .part v0x55745363ece0_0, 784, 16;
L_0x557453647c50 .part v0x55745363ece0_0, 800, 16;
L_0x557453647d20 .part v0x55745363ece0_0, 816, 16;
L_0x557453647fa0 .part v0x55745363ece0_0, 832, 16;
L_0x557453648070 .part v0x55745363ece0_0, 848, 16;
L_0x557453648300 .part v0x55745363ece0_0, 864, 16;
L_0x5574536483d0 .part v0x55745363ece0_0, 880, 16;
L_0x557453648670 .part v0x55745363ece0_0, 896, 16;
L_0x557453648740 .part v0x55745363ece0_0, 912, 16;
L_0x5574536489f0 .part v0x55745363ece0_0, 928, 16;
L_0x557453648ac0 .part v0x55745363ece0_0, 944, 16;
L_0x557453648d80 .part v0x55745363ece0_0, 960, 16;
L_0x557453648e50 .part v0x55745363ece0_0, 976, 16;
L_0x557453649120 .part v0x55745363ece0_0, 992, 16;
L_0x5574536491f0 .part v0x55745363ece0_0, 1008, 16;
L_0x55745363ae30 .part v0x55745363ece0_0, 1024, 16;
L_0x55745363af00 .part v0x55745363ece0_0, 1040, 16;
L_0x55745363b1f0 .part v0x55745363ece0_0, 1056, 16;
L_0x55745363b2c0 .part v0x55745363ece0_0, 1072, 16;
L_0x557453649d00 .part v0x55745363ece0_0, 1088, 16;
L_0x557453649da0 .part v0x55745363ece0_0, 1104, 16;
L_0x55745364a0b0 .part v0x55745363ece0_0, 1120, 16;
L_0x55745364a180 .part v0x55745363ece0_0, 1136, 16;
L_0x55745364a4a0 .part v0x55745363ece0_0, 1152, 16;
L_0x55745364a570 .part v0x55745363ece0_0, 1168, 16;
L_0x55745364a8a0 .part v0x55745363ece0_0, 1184, 16;
L_0x55745364a970 .part v0x55745363ece0_0, 1200, 16;
L_0x55745364acb0 .part v0x55745363ece0_0, 1216, 16;
L_0x55745364ad80 .part v0x55745363ece0_0, 1232, 16;
L_0x55745364b0d0 .part v0x55745363ece0_0, 1248, 16;
L_0x55745364b1a0 .part v0x55745363ece0_0, 1264, 16;
L_0x55745364b500 .part v0x55745363ece0_0, 1280, 16;
L_0x55745364b5d0 .part v0x55745363ece0_0, 1296, 16;
L_0x55745364b940 .part v0x55745363ece0_0, 1312, 16;
L_0x55745364ba10 .part v0x55745363ece0_0, 1328, 16;
L_0x55745364bd90 .part v0x55745363ece0_0, 1344, 16;
L_0x55745364be60 .part v0x55745363ece0_0, 1360, 16;
L_0x55745364c1f0 .part v0x55745363ece0_0, 1376, 16;
L_0x55745364c2c0 .part v0x55745363ece0_0, 1392, 16;
L_0x55745364c660 .part v0x55745363ece0_0, 1408, 16;
L_0x55745364c730 .part v0x55745363ece0_0, 1424, 16;
L_0x55745364cae0 .part v0x55745363ece0_0, 1440, 16;
L_0x55745364cbb0 .part v0x55745363ece0_0, 1456, 16;
L_0x55745364cf70 .part v0x55745363ece0_0, 1472, 16;
L_0x55745364d040 .part v0x55745363ece0_0, 1488, 16;
L_0x55745364d410 .part v0x55745363ece0_0, 1504, 16;
L_0x55745364d4e0 .part v0x55745363ece0_0, 1520, 16;
L_0x55745364d8c0 .part v0x55745363ece0_0, 1536, 16;
L_0x55745364d990 .part v0x55745363ece0_0, 1552, 16;
L_0x55745364dd80 .part v0x55745363ece0_0, 1568, 16;
L_0x55745364de50 .part v0x55745363ece0_0, 1584, 16;
L_0x55745364e250 .part v0x55745363ece0_0, 1600, 16;
L_0x55745364e320 .part v0x55745363ece0_0, 1616, 16;
L_0x55745364e730 .part v0x55745363ece0_0, 1632, 16;
L_0x55745364e800 .part v0x55745363ece0_0, 1648, 16;
L_0x55745364ec20 .part v0x55745363ece0_0, 1664, 16;
L_0x55745364ecf0 .part v0x55745363ece0_0, 1680, 16;
L_0x55745364f120 .part v0x55745363ece0_0, 1696, 16;
L_0x55745364f1f0 .part v0x55745363ece0_0, 1712, 16;
L_0x55745364f630 .part v0x55745363ece0_0, 1728, 16;
L_0x55745364f700 .part v0x55745363ece0_0, 1744, 16;
L_0x55745364fb50 .part v0x55745363ece0_0, 1760, 16;
L_0x55745364fc20 .part v0x55745363ece0_0, 1776, 16;
L_0x557453650080 .part v0x55745363ece0_0, 1792, 16;
L_0x557453650150 .part v0x55745363ece0_0, 1808, 16;
L_0x5574536505c0 .part v0x55745363ece0_0, 1824, 16;
L_0x557453650690 .part v0x55745363ece0_0, 1840, 16;
L_0x557453650b10 .part v0x55745363ece0_0, 1856, 16;
L_0x557453650be0 .part v0x55745363ece0_0, 1872, 16;
L_0x557453651070 .part v0x55745363ece0_0, 1888, 16;
L_0x557453651140 .part v0x55745363ece0_0, 1904, 16;
L_0x5574536515e0 .part v0x55745363ece0_0, 1920, 16;
L_0x5574536516b0 .part v0x55745363ece0_0, 1936, 16;
L_0x557453651b60 .part v0x55745363ece0_0, 1952, 16;
L_0x557453651c30 .part v0x55745363ece0_0, 1968, 16;
L_0x5574536520f0 .part v0x55745363ece0_0, 1984, 16;
L_0x5574536521c0 .part v0x55745363ece0_0, 2000, 16;
L_0x55745363b760 .part v0x55745363ece0_0, 2016, 16;
L_0x55745363b830 .part v0x55745363ece0_0, 2032, 16;
L_0x55745363b900 .part v0x55745363ece0_0, 2048, 16;
L_0x55745363b9d0 .part v0x55745363ece0_0, 2064, 16;
L_0x55745363baa0 .part v0x55745363ece0_0, 2080, 16;
L_0x5574536532d0 .part v0x55745363ece0_0, 2096, 16;
L_0x55745363bb40 .part v0x55745363ece0_0, 2112, 16;
L_0x5574536492f0 .part v0x55745363ece0_0, 2128, 16;
L_0x5574536493c0 .part v0x55745363ece0_0, 2144, 16;
L_0x557453649490 .part v0x55745363ece0_0, 2160, 16;
L_0x557453649560 .part v0x55745363ece0_0, 2176, 16;
L_0x557453649630 .part v0x55745363ece0_0, 2192, 16;
L_0x55745363bbe0 .part v0x55745363ece0_0, 2208, 16;
L_0x5574536533d0 .part v0x55745363ece0_0, 2224, 16;
L_0x5574536534a0 .part v0x55745363ece0_0, 2240, 16;
L_0x557453653570 .part v0x55745363ece0_0, 2256, 16;
L_0x557453653640 .part v0x55745363ece0_0, 2272, 16;
L_0x557453653710 .part v0x55745363ece0_0, 2288, 16;
L_0x557453653cb0 .part v0x55745363ece0_0, 2304, 16;
L_0x557453653d80 .part v0x55745363ece0_0, 2320, 16;
L_0x55745363bc80 .part v0x55745363ece0_0, 2336, 16;
L_0x557453653820 .part v0x55745363ece0_0, 2352, 16;
L_0x5574536538f0 .part v0x55745363ece0_0, 2368, 16;
L_0x5574536539c0 .part v0x55745363ece0_0, 2384, 16;
L_0x557453653a90 .part v0x55745363ece0_0, 2400, 16;
L_0x557453653b60 .part v0x55745363ece0_0, 2416, 16;
L_0x557453654320 .part v0x55745363ece0_0, 2432, 16;
L_0x5574536543c0 .part v0x55745363ece0_0, 2448, 16;
L_0x55745363bd80 .part v0x55745363ece0_0, 2464, 16;
L_0x557453653e50 .part v0x55745363ece0_0, 2480, 16;
L_0x557453653f20 .part v0x55745363ece0_0, 2496, 16;
L_0x557453653ff0 .part v0x55745363ece0_0, 2512, 16;
L_0x5574536540c0 .part v0x55745363ece0_0, 2528, 16;
L_0x557453654190 .part v0x55745363ece0_0, 2544, 16;
L_0x557453654260 .part v0x55745363ece0_0, 2560, 16;
L_0x557453654970 .part v0x55745363ece0_0, 2576, 16;
L_0x55745363be80 .part v0x55745363ece0_0, 2592, 16;
L_0x557453654460 .part v0x55745363ece0_0, 2608, 16;
L_0x557453654530 .part v0x55745363ece0_0, 2624, 16;
L_0x557453654600 .part v0x55745363ece0_0, 2640, 16;
L_0x5574536546d0 .part v0x55745363ece0_0, 2656, 16;
L_0x5574536547a0 .part v0x55745363ece0_0, 2672, 16;
L_0x557453654870 .part v0x55745363ece0_0, 2688, 16;
L_0x557453654f60 .part v0x55745363ece0_0, 2704, 16;
L_0x55745363bf50 .part v0x55745363ece0_0, 2720, 16;
L_0x557453654a10 .part v0x55745363ece0_0, 2736, 16;
L_0x557453654ae0 .part v0x55745363ece0_0, 2752, 16;
L_0x557453654bb0 .part v0x55745363ece0_0, 2768, 16;
L_0x557453654c80 .part v0x55745363ece0_0, 2784, 16;
L_0x557453654d50 .part v0x55745363ece0_0, 2800, 16;
L_0x557453654e20 .part v0x55745363ece0_0, 2816, 16;
L_0x557453655590 .part v0x55745363ece0_0, 2832, 16;
L_0x55745363c020 .part v0x55745363ece0_0, 2848, 16;
L_0x55745363c0f0 .part v0x55745363ece0_0, 2864, 16;
L_0x557453655000 .part v0x55745363ece0_0, 2880, 16;
L_0x5574536550d0 .part v0x55745363ece0_0, 2896, 16;
L_0x5574536551a0 .part v0x55745363ece0_0, 2912, 16;
L_0x557453655270 .part v0x55745363ece0_0, 2928, 16;
L_0x557453655340 .part v0x55745363ece0_0, 2944, 16;
L_0x557453655410 .part v0x55745363ece0_0, 2960, 16;
L_0x5574536554e0 .part v0x55745363ece0_0, 2976, 16;
L_0x557453655c40 .part v0x55745363ece0_0, 2992, 16;
L_0x55745363c1a0 .part v0x55745363ece0_0, 3008, 16;
L_0x557453655630 .part v0x55745363ece0_0, 3024, 16;
L_0x557453655700 .part v0x55745363ece0_0, 3040, 16;
L_0x5574536557d0 .part v0x55745363ece0_0, 3056, 16;
L_0x5574536558a0 .part v0x55745363ece0_0, 3072, 16;
L_0x557453655970 .part v0x55745363ece0_0, 3088, 16;
L_0x557453655a40 .part v0x55745363ece0_0, 3104, 16;
L_0x557453655b10 .part v0x55745363ece0_0, 3120, 16;
L_0x557453656340 .part v0x55745363ece0_0, 3136, 16;
L_0x5574536563e0 .part v0x55745363ece0_0, 3152, 16;
L_0x55745363c2a0 .part v0x55745363ece0_0, 3168, 16;
L_0x55745363c370 .part v0x55745363ece0_0, 3184, 16;
L_0x557453655d40 .part v0x55745363ece0_0, 3200, 16;
L_0x557453655e10 .part v0x55745363ece0_0, 3216, 16;
L_0x557453655ee0 .part v0x55745363ece0_0, 3232, 16;
L_0x557453655fb0 .part v0x55745363ece0_0, 3248, 16;
L_0x557453656080 .part v0x55745363ece0_0, 3264, 16;
L_0x557453656150 .part v0x55745363ece0_0, 3280, 16;
L_0x557453656220 .part v0x55745363ece0_0, 3296, 16;
L_0x557453656b00 .part v0x55745363ece0_0, 3312, 16;
L_0x55745363c420 .part v0x55745363ece0_0, 3328, 16;
L_0x557453656480 .part v0x55745363ece0_0, 3344, 16;
L_0x557453656550 .part v0x55745363ece0_0, 3360, 16;
L_0x557453656620 .part v0x55745363ece0_0, 3376, 16;
L_0x5574536566f0 .part v0x55745363ece0_0, 3392, 16;
L_0x5574536567c0 .part v0x55745363ece0_0, 3408, 16;
L_0x557453656890 .part v0x55745363ece0_0, 3424, 16;
L_0x557453656960 .part v0x55745363ece0_0, 3440, 16;
L_0x557453656a30 .part v0x55745363ece0_0, 3456, 16;
L_0x557453657270 .part v0x55745363ece0_0, 3472, 16;
L_0x55745363c520 .part v0x55745363ece0_0, 3488, 16;
L_0x55745363c5f0 .part v0x55745363ece0_0, 3504, 16;
L_0x557453656bd0 .part v0x55745363ece0_0, 3520, 16;
L_0x557453656ca0 .part v0x55745363ece0_0, 3536, 16;
L_0x557453656d70 .part v0x55745363ece0_0, 3552, 16;
L_0x557453656e40 .part v0x55745363ece0_0, 3568, 16;
L_0x557453656f10 .part v0x55745363ece0_0, 3584, 16;
L_0x557453656fe0 .part v0x55745363ece0_0, 3600, 16;
L_0x5574536570b0 .part v0x55745363ece0_0, 3616, 16;
L_0x557453657180 .part v0x55745363ece0_0, 3632, 16;
L_0x557453657a40 .part v0x55745363ece0_0, 3648, 16;
L_0x557453657b10 .part v0x55745363ece0_0, 3664, 16;
L_0x55745363c6a0 .part v0x55745363ece0_0, 3680, 16;
L_0x55745363c770 .part v0x55745363ece0_0, 3696, 16;
L_0x557453657340 .part v0x55745363ece0_0, 3712, 16;
L_0x557453657410 .part v0x55745363ece0_0, 3728, 16;
L_0x5574536574e0 .part v0x55745363ece0_0, 3744, 16;
L_0x5574536575b0 .part v0x55745363ece0_0, 3760, 16;
L_0x557453657680 .part v0x55745363ece0_0, 3776, 16;
L_0x557453657750 .part v0x55745363ece0_0, 3792, 16;
L_0x557453657820 .part v0x55745363ece0_0, 3808, 16;
L_0x5574536578f0 .part v0x55745363ece0_0, 3824, 16;
L_0x557453658370 .part v0x55745363ece0_0, 3840, 16;
L_0x557453658410 .part v0x55745363ece0_0, 3856, 16;
L_0x55745363c820 .part v0x55745363ece0_0, 3872, 16;
L_0x55745363c8f0 .part v0x55745363ece0_0, 3888, 16;
L_0x557453657c10 .part v0x55745363ece0_0, 3904, 16;
L_0x557453657ce0 .part v0x55745363ece0_0, 3920, 16;
L_0x557453657db0 .part v0x55745363ece0_0, 3936, 16;
L_0x557453657e80 .part v0x55745363ece0_0, 3952, 16;
L_0x557453657f50 .part v0x55745363ece0_0, 3968, 16;
L_0x557453658020 .part v0x55745363ece0_0, 3984, 16;
L_0x5574536580f0 .part v0x55745363ece0_0, 4000, 16;
L_0x5574536581c0 .part v0x55745363ece0_0, 4016, 16;
L_0x557453658290 .part v0x55745363ece0_0, 4032, 16;
L_0x557453658ca0 .part v0x55745363ece0_0, 4048, 16;
L_0x55745363c9a0 .part v0x55745363ece0_0, 4064, 16;
L_0x55745363ca70 .part v0x55745363ece0_0, 4080, 16;
L_0x5574536584e0 .part v0x55745363ece0_0, 4096, 16;
L_0x5574536585b0 .part v0x55745363ece0_0, 4112, 16;
L_0x557453658680 .part v0x55745363ece0_0, 4128, 16;
L_0x557453658750 .part v0x55745363ece0_0, 4144, 16;
L_0x557453658820 .part v0x55745363ece0_0, 4160, 16;
L_0x5574536588f0 .part v0x55745363ece0_0, 4176, 16;
L_0x5574536589c0 .part v0x55745363ece0_0, 4192, 16;
L_0x557453658a90 .part v0x55745363ece0_0, 4208, 16;
L_0x557453658b60 .part v0x55745363ece0_0, 4224, 16;
L_0x557453652ae0 .part v0x55745363ece0_0, 4240, 16;
L_0x55745363cb20 .part v0x55745363ece0_0, 4256, 16;
L_0x55745363cbf0 .part v0x55745363ece0_0, 4272, 16;
L_0x557453652bb0 .part v0x55745363ece0_0, 4288, 16;
L_0x557453652c80 .part v0x55745363ece0_0, 4304, 16;
L_0x557453652d50 .part v0x55745363ece0_0, 4320, 16;
L_0x557453652e20 .part v0x55745363ece0_0, 4336, 16;
L_0x557453652ef0 .part v0x55745363ece0_0, 4352, 16;
L_0x557453652fc0 .part v0x55745363ece0_0, 4368, 16;
L_0x557453653090 .part v0x55745363ece0_0, 4384, 16;
L_0x557453653160 .part v0x55745363ece0_0, 4400, 16;
L_0x557453658d70 .part v0x55745363ece0_0, 4416, 16;
L_0x557453658e40 .part v0x55745363ece0_0, 4432, 16;
L_0x557453658f10 .part v0x55745363ece0_0, 4448, 16;
L_0x557453658fe0 .part v0x55745363ece0_0, 4464, 16;
L_0x5574536590b0 .part v0x55745363ece0_0, 4480, 16;
L_0x557453659180 .part v0x55745363ece0_0, 4496, 16;
L_0x557453659250 .part v0x55745363ece0_0, 4512, 16;
L_0x557453659320 .part v0x55745363ece0_0, 4528, 16;
L_0x5574536593f0 .part v0x55745363ece0_0, 4544, 16;
L_0x5574536594c0 .part v0x55745363ece0_0, 4560, 16;
L_0x557453652290 .part v0x55745363ece0_0, 4576, 16;
L_0x557453652360 .part v0x55745363ece0_0, 4592, 16;
L_0x557453652430 .part v0x55745363ece0_0, 4608, 16;
L_0x557453652500 .part v0x55745363ece0_0, 4624, 16;
L_0x5574536525d0 .part v0x55745363ece0_0, 4640, 16;
L_0x5574536526a0 .part v0x55745363ece0_0, 4656, 16;
L_0x557453652770 .part v0x55745363ece0_0, 4672, 16;
L_0x557453652840 .part v0x55745363ece0_0, 4688, 16;
L_0x557453652910 .part v0x55745363ece0_0, 4704, 16;
L_0x5574536529e0 .part v0x55745363ece0_0, 4720, 16;
L_0x55745365bed0 .part v0x55745363ece0_0, 4736, 16;
L_0x55745365bf70 .part v0x55745363ece0_0, 4752, 16;
L_0x55745363cca0 .part v0x55745363ece0_0, 4768, 16;
L_0x55745363cd70 .part v0x55745363ece0_0, 4784, 16;
L_0x55745363ce40 .part v0x55745363ece0_0, 4800, 16;
L_0x55745363cf10 .part v0x55745363ece0_0, 4816, 16;
L_0x55745363cfe0 .part v0x55745363ece0_0, 4832, 16;
L_0x55745365b580 .part v0x55745363ece0_0, 4848, 16;
L_0x55745365b650 .part v0x55745363ece0_0, 4864, 16;
L_0x55745365b720 .part v0x55745363ece0_0, 4880, 16;
L_0x55745365b7f0 .part v0x55745363ece0_0, 4896, 16;
L_0x55745365b8c0 .part v0x55745363ece0_0, 4912, 16;
L_0x55745365b990 .part v0x55745363ece0_0, 4928, 16;
L_0x55745365ba60 .part v0x55745363ece0_0, 4944, 16;
L_0x55745365bb30 .part v0x55745363ece0_0, 4960, 16;
L_0x55745365bc00 .part v0x55745363ece0_0, 4976, 16;
L_0x55745365bcd0 .part v0x55745363ece0_0, 4992, 16;
L_0x55745365bda0 .part v0x55745363ece0_0, 5008, 16;
L_0x55745365c9f0 .part v0x55745363ece0_0, 5024, 16;
L_0x55745365ca90 .part v0x55745363ece0_0, 5040, 16;
L_0x55745363d080 .part v0x55745363ece0_0, 5056, 16;
L_0x55745363d150 .part v0x55745363ece0_0, 5072, 16;
L_0x55745363d220 .part v0x55745363ece0_0, 5088, 16;
L_0x55745365c040 .part v0x55745363ece0_0, 5104, 16;
L_0x55745365c110 .part v0x55745363ece0_0, 5120, 16;
L_0x55745365c1e0 .part v0x55745363ece0_0, 5136, 16;
L_0x55745365c2b0 .part v0x55745363ece0_0, 5152, 16;
L_0x55745365c380 .part v0x55745363ece0_0, 5168, 16;
L_0x55745365c450 .part v0x55745363ece0_0, 5184, 16;
L_0x55745365c520 .part v0x55745363ece0_0, 5200, 16;
L_0x55745365c5f0 .part v0x55745363ece0_0, 5216, 16;
L_0x55745365c6c0 .part v0x55745363ece0_0, 5232, 16;
L_0x55745365c790 .part v0x55745363ece0_0, 5248, 16;
L_0x55745365c860 .part v0x55745363ece0_0, 5264, 16;
L_0x55745365c930 .part v0x55745363ece0_0, 5280, 16;
L_0x55745365d5c0 .part v0x55745363ece0_0, 5296, 16;
L_0x55745363d2c0 .part v0x55745363ece0_0, 5312, 16;
L_0x55745363d390 .part v0x55745363ece0_0, 5328, 16;
L_0x55745365cb30 .part v0x55745363ece0_0, 5344, 16;
L_0x55745365cc00 .part v0x55745363ece0_0, 5360, 16;
L_0x55745365ccd0 .part v0x55745363ece0_0, 5376, 16;
L_0x55745365cda0 .part v0x55745363ece0_0, 5392, 16;
L_0x55745365ce70 .part v0x55745363ece0_0, 5408, 16;
L_0x55745365cf40 .part v0x55745363ece0_0, 5424, 16;
L_0x55745365d010 .part v0x55745363ece0_0, 5440, 16;
L_0x55745365d0e0 .part v0x55745363ece0_0, 5456, 16;
L_0x55745365d1b0 .part v0x55745363ece0_0, 5472, 16;
L_0x55745365d280 .part v0x55745363ece0_0, 5488, 16;
L_0x55745365d350 .part v0x55745363ece0_0, 5504, 16;
L_0x55745365d420 .part v0x55745363ece0_0, 5520, 16;
L_0x55745365d4f0 .part v0x55745363ece0_0, 5536, 16;
L_0x55745365e170 .part v0x55745363ece0_0, 5552, 16;
L_0x55745363d4c0 .part v0x55745363ece0_0, 5568, 16;
L_0x55745363d590 .part v0x55745363ece0_0, 5584, 16;
L_0x55745365d690 .part v0x55745363ece0_0, 5600, 16;
L_0x55745365d760 .part v0x55745363ece0_0, 5616, 16;
L_0x55745365d830 .part v0x55745363ece0_0, 5632, 16;
L_0x55745365d900 .part v0x55745363ece0_0, 5648, 16;
L_0x55745365d9d0 .part v0x55745363ece0_0, 5664, 16;
L_0x55745365daa0 .part v0x55745363ece0_0, 5680, 16;
L_0x55745365db70 .part v0x55745363ece0_0, 5696, 16;
L_0x55745365dc40 .part v0x55745363ece0_0, 5712, 16;
L_0x55745365dd10 .part v0x55745363ece0_0, 5728, 16;
L_0x55745365dde0 .part v0x55745363ece0_0, 5744, 16;
L_0x55745365deb0 .part v0x55745363ece0_0, 5760, 16;
L_0x55745365df80 .part v0x55745363ece0_0, 5776, 16;
L_0x55745365e050 .part v0x55745363ece0_0, 5792, 16;
L_0x55745365ed70 .part v0x55745363ece0_0, 5808, 16;
L_0x55745363d660 .part v0x55745363ece0_0, 5824, 16;
L_0x55745363d730 .part v0x55745363ece0_0, 5840, 16;
L_0x55745363d800 .part v0x55745363ece0_0, 5856, 16;
L_0x55745365e210 .part v0x55745363ece0_0, 5872, 16;
L_0x55745365e2e0 .part v0x55745363ece0_0, 5888, 16;
L_0x55745365e3b0 .part v0x55745363ece0_0, 5904, 16;
L_0x55745365e480 .part v0x55745363ece0_0, 5920, 16;
L_0x55745365e550 .part v0x55745363ece0_0, 5936, 16;
L_0x55745365e620 .part v0x55745363ece0_0, 5952, 16;
L_0x55745365e6f0 .part v0x55745363ece0_0, 5968, 16;
L_0x55745365e7c0 .part v0x55745363ece0_0, 5984, 16;
L_0x55745365e890 .part v0x55745363ece0_0, 6000, 16;
L_0x55745365e960 .part v0x55745363ece0_0, 6016, 16;
L_0x55745365ea30 .part v0x55745363ece0_0, 6032, 16;
L_0x55745365eb00 .part v0x55745363ece0_0, 6048, 16;
L_0x55745365ebd0 .part v0x55745363ece0_0, 6064, 16;
L_0x55745365eca0 .part v0x55745363ece0_0, 6080, 16;
L_0x55745365fa00 .part v0x55745363ece0_0, 6096, 16;
L_0x55745363d8e0 .part v0x55745363ece0_0, 6112, 16;
L_0x55745363d9b0 .part v0x55745363ece0_0, 6128, 16;
L_0x55745363da80 .part v0x55745363ece0_0, 6144, 16;
L_0x55745365ee40 .part v0x55745363ece0_0, 6160, 16;
L_0x55745365ef10 .part v0x55745363ece0_0, 6176, 16;
L_0x55745365efe0 .part v0x55745363ece0_0, 6192, 16;
L_0x55745365f0b0 .part v0x55745363ece0_0, 6208, 16;
L_0x55745365f180 .part v0x55745363ece0_0, 6224, 16;
L_0x55745365f250 .part v0x55745363ece0_0, 6240, 16;
L_0x55745365f320 .part v0x55745363ece0_0, 6256, 16;
L_0x55745365f3f0 .part v0x55745363ece0_0, 6272, 16;
L_0x55745365f4c0 .part v0x55745363ece0_0, 6288, 16;
L_0x55745365f590 .part v0x55745363ece0_0, 6304, 16;
L_0x55745365f660 .part v0x55745363ece0_0, 6320, 16;
L_0x55745365f730 .part v0x55745363ece0_0, 6336, 16;
L_0x55745365f800 .part v0x55745363ece0_0, 6352, 16;
L_0x55745365f8d0 .part v0x55745363ece0_0, 6368, 16;
L_0x557453660750 .part v0x55745363ece0_0, 6384, 16;
L_0x55745363db20 .part v0x55745363ece0_0, 6400, 16;
L_0x55745363dbc0 .part v0x55745363ece0_0, 6416, 16;
L_0x55745363dc90 .part v0x55745363ece0_0, 6432, 16;
L_0x55745365fad0 .part v0x55745363ece0_0, 6448, 16;
L_0x55745365fba0 .part v0x55745363ece0_0, 6464, 16;
L_0x55745365fc70 .part v0x55745363ece0_0, 6480, 16;
L_0x55745365fd40 .part v0x55745363ece0_0, 6496, 16;
L_0x55745365fe10 .part v0x55745363ece0_0, 6512, 16;
L_0x55745365fee0 .part v0x55745363ece0_0, 6528, 16;
L_0x55745365ffb0 .part v0x55745363ece0_0, 6544, 16;
L_0x557453660080 .part v0x55745363ece0_0, 6560, 16;
L_0x557453660150 .part v0x55745363ece0_0, 6576, 16;
L_0x557453660220 .part v0x55745363ece0_0, 6592, 16;
L_0x5574536602f0 .part v0x55745363ece0_0, 6608, 16;
L_0x5574536603c0 .part v0x55745363ece0_0, 6624, 16;
L_0x557453660490 .part v0x55745363ece0_0, 6640, 16;
L_0x557453660560 .part v0x55745363ece0_0, 6656, 16;
L_0x557453660630 .part v0x55745363ece0_0, 6672, 16;
L_0x557453661510 .part v0x55745363ece0_0, 6688, 16;
L_0x5574536615b0 .part v0x55745363ece0_0, 6704, 16;
L_0x55745363dd60 .part v0x55745363ece0_0, 6720, 16;
L_0x55745363de30 .part v0x55745363ece0_0, 6736, 16;
L_0x55745363df00 .part v0x55745363ece0_0, 6752, 16;
L_0x5574536607f0 .part v0x55745363ece0_0, 6768, 16;
L_0x5574536608c0 .part v0x55745363ece0_0, 6784, 16;
L_0x557453660990 .part v0x55745363ece0_0, 6800, 16;
L_0x557453660a60 .part v0x55745363ece0_0, 6816, 16;
L_0x557453660b30 .part v0x55745363ece0_0, 6832, 16;
L_0x557453660c00 .part v0x55745363ece0_0, 6848, 16;
L_0x557453660cd0 .part v0x55745363ece0_0, 6864, 16;
L_0x557453660da0 .part v0x55745363ece0_0, 6880, 16;
L_0x557453660e70 .part v0x55745363ece0_0, 6896, 16;
L_0x557453660f40 .part v0x55745363ece0_0, 6912, 16;
L_0x557453661010 .part v0x55745363ece0_0, 6928, 16;
L_0x5574536610e0 .part v0x55745363ece0_0, 6944, 16;
L_0x5574536611b0 .part v0x55745363ece0_0, 6960, 16;
L_0x557453661280 .part v0x55745363ece0_0, 6976, 16;
L_0x557453661350 .part v0x55745363ece0_0, 6992, 16;
L_0x557453661420 .part v0x55745363ece0_0, 7008, 16;
L_0x557453662440 .part v0x55745363ece0_0, 7024, 16;
L_0x55745363dfe0 .part v0x55745363ece0_0, 7040, 16;
L_0x55745363e0b0 .part v0x55745363ece0_0, 7056, 16;
L_0x55745363e180 .part v0x55745363ece0_0, 7072, 16;
L_0x557453661680 .part v0x55745363ece0_0, 7088, 16;
L_0x557453661750 .part v0x55745363ece0_0, 7104, 16;
L_0x557453661820 .part v0x55745363ece0_0, 7120, 16;
L_0x5574536618f0 .part v0x55745363ece0_0, 7136, 16;
L_0x5574536619c0 .part v0x55745363ece0_0, 7152, 16;
L_0x557453661a90 .part v0x55745363ece0_0, 7168, 16;
L_0x557453661b60 .part v0x55745363ece0_0, 7184, 16;
L_0x557453661c30 .part v0x55745363ece0_0, 7200, 16;
L_0x557453661d00 .part v0x55745363ece0_0, 7216, 16;
L_0x557453661dd0 .part v0x55745363ece0_0, 7232, 16;
L_0x557453661ea0 .part v0x55745363ece0_0, 7248, 16;
L_0x557453661f70 .part v0x55745363ece0_0, 7264, 16;
L_0x557453662040 .part v0x55745363ece0_0, 7280, 16;
L_0x557453662110 .part v0x55745363ece0_0, 7296, 16;
L_0x5574536621e0 .part v0x55745363ece0_0, 7312, 16;
L_0x5574536622b0 .part v0x55745363ece0_0, 7328, 16;
L_0x557453662380 .part v0x55745363ece0_0, 7344, 16;
L_0x55745363e260 .part v0x55745363ece0_0, 7360, 16;
L_0x55745363e330 .part v0x55745363ece0_0, 7376, 16;
L_0x55745363e400 .part v0x55745363ece0_0, 7392, 16;
L_0x557453662510 .part v0x55745363ece0_0, 7408, 16;
L_0x5574536625e0 .part v0x55745363ece0_0, 7424, 16;
L_0x5574536626b0 .part v0x55745363ece0_0, 7440, 16;
L_0x557453662780 .part v0x55745363ece0_0, 7456, 16;
L_0x557453662850 .part v0x55745363ece0_0, 7472, 16;
L_0x557453662920 .part v0x55745363ece0_0, 7488, 16;
L_0x5574536629f0 .part v0x55745363ece0_0, 7504, 16;
L_0x557453662ac0 .part v0x55745363ece0_0, 7520, 16;
L_0x557453662b90 .part v0x55745363ece0_0, 7536, 16;
L_0x557453662c60 .part v0x55745363ece0_0, 7552, 16;
L_0x557453662d30 .part v0x55745363ece0_0, 7568, 16;
L_0x557453662e00 .part v0x55745363ece0_0, 7584, 16;
L_0x557453662ed0 .part v0x55745363ece0_0, 7600, 16;
L_0x557453662fa0 .part v0x55745363ece0_0, 7616, 16;
L_0x557453663070 .part v0x55745363ece0_0, 7632, 16;
L_0x557453663140 .part v0x55745363ece0_0, 7648, 16;
L_0x557453663210 .part v0x55745363ece0_0, 7664, 16;
L_0x5574536642b0 .part v0x55745363ece0_0, 7680, 16;
L_0x557453664350 .part v0x55745363ece0_0, 7696, 16;
L_0x55745363e4e0 .part v0x55745363ece0_0, 7712, 16;
L_0x55745363e580 .part v0x55745363ece0_0, 7728, 16;
L_0x55745363e650 .part v0x55745363ece0_0, 7744, 16;
L_0x5574536633a0 .part v0x55745363ece0_0, 7760, 16;
L_0x557453663470 .part v0x55745363ece0_0, 7776, 16;
L_0x557453663540 .part v0x55745363ece0_0, 7792, 16;
L_0x557453663610 .part v0x55745363ece0_0, 7808, 16;
L_0x5574536636e0 .part v0x55745363ece0_0, 7824, 16;
L_0x5574536637b0 .part v0x55745363ece0_0, 7840, 16;
L_0x557453663880 .part v0x55745363ece0_0, 7856, 16;
L_0x557453663950 .part v0x55745363ece0_0, 7872, 16;
L_0x557453663a20 .part v0x55745363ece0_0, 7888, 16;
L_0x557453663af0 .part v0x55745363ece0_0, 7904, 16;
L_0x557453663bc0 .part v0x55745363ece0_0, 7920, 16;
L_0x557453663c90 .part v0x55745363ece0_0, 7936, 16;
L_0x557453663d60 .part v0x55745363ece0_0, 7952, 16;
L_0x557453663e30 .part v0x55745363ece0_0, 7968, 16;
L_0x557453663f00 .part v0x55745363ece0_0, 7984, 16;
L_0x557453663fd0 .part v0x55745363ece0_0, 8000, 16;
L_0x5574536640a0 .part v0x55745363ece0_0, 8016, 16;
L_0x557453664170 .part v0x55745363ece0_0, 8032, 16;
L_0x5574536653b0 .part v0x55745363ece0_0, 8048, 16;
L_0x55745363e720 .part v0x55745363ece0_0, 8064, 16;
L_0x55745363e7f0 .part v0x55745363ece0_0, 8080, 16;
L_0x55745363e8c0 .part v0x55745363ece0_0, 8096, 16;
L_0x55745363e990 .part v0x55745363ece0_0, 8112, 16;
L_0x5574536643f0 .part v0x55745363ece0_0, 8128, 16;
L_0x5574536644c0 .part v0x55745363ece0_0, 8144, 16;
L_0x557453664590 .part v0x55745363ece0_0, 8160, 16;
L_0x557453664660 .part v0x55745363ece0_0, 8176, 16;
L_0x55745363ea60 .cmp/eq 2, v0x55745360bbb0_0, L_0x7f4e40a9b018;
S_0x55745341c920 .scope begin, "$ivl_for_loop6" "$ivl_for_loop6" 4 54, 4 54 0, S_0x557453433880;
 .timescale -9 -12;
v0x55745341cad0_0 .var/2s "i", 31 0;
S_0x55745341cbd0 .scope generate, "g_unflat_final[0]" "g_unflat_final[0]" 4 135, 4 135 0, S_0x557453433880;
 .timescale -9 -12;
P_0x55745357c790 .param/l "gi" 0 4 135, +C4<00>;
S_0x5574535f1f40 .scope generate, "g_unflat_final[1]" "g_unflat_final[1]" 4 135, 4 135 0, S_0x557453433880;
 .timescale -9 -12;
P_0x55745357c220 .param/l "gi" 0 4 135, +C4<01>;
S_0x5574535f20d0 .scope generate, "g_unflat_final[2]" "g_unflat_final[2]" 4 135, 4 135 0, S_0x557453433880;
 .timescale -9 -12;
P_0x55745357bca0 .param/l "gi" 0 4 135, +C4<010>;
S_0x5574535f2260 .scope generate, "g_unflat_final[3]" "g_unflat_final[3]" 4 135, 4 135 0, S_0x557453433880;
 .timescale -9 -12;
P_0x55745357b7c0 .param/l "gi" 0 4 135, +C4<011>;
S_0x5574535f23f0 .scope generate, "g_unflat_final[4]" "g_unflat_final[4]" 4 135, 4 135 0, S_0x557453433880;
 .timescale -9 -12;
P_0x55745357b290 .param/l "gi" 0 4 135, +C4<0100>;
S_0x5574535f2580 .scope generate, "g_unflat_final[5]" "g_unflat_final[5]" 4 135, 4 135 0, S_0x557453433880;
 .timescale -9 -12;
P_0x55745357ad60 .param/l "gi" 0 4 135, +C4<0101>;
S_0x5574535f2710 .scope generate, "g_unflat_final[6]" "g_unflat_final[6]" 4 135, 4 135 0, S_0x557453433880;
 .timescale -9 -12;
P_0x55745357a830 .param/l "gi" 0 4 135, +C4<0110>;
S_0x5574535f28a0 .scope generate, "g_unflat_final[7]" "g_unflat_final[7]" 4 135, 4 135 0, S_0x557453433880;
 .timescale -9 -12;
P_0x55745357b770 .param/l "gi" 0 4 135, +C4<0111>;
S_0x5574535f2a30 .scope generate, "g_unflat_final[8]" "g_unflat_final[8]" 4 135, 4 135 0, S_0x557453433880;
 .timescale -9 -12;
P_0x557453579d80 .param/l "gi" 0 4 135, +C4<01000>;
S_0x5574535f2bc0 .scope generate, "g_unflat_final[9]" "g_unflat_final[9]" 4 135, 4 135 0, S_0x557453433880;
 .timescale -9 -12;
P_0x557453579850 .param/l "gi" 0 4 135, +C4<01001>;
S_0x5574535f2d50 .scope generate, "g_unflat_final[10]" "g_unflat_final[10]" 4 135, 4 135 0, S_0x557453433880;
 .timescale -9 -12;
P_0x557453579320 .param/l "gi" 0 4 135, +C4<01010>;
S_0x5574535f2ee0 .scope generate, "g_unflat_final[11]" "g_unflat_final[11]" 4 135, 4 135 0, S_0x557453433880;
 .timescale -9 -12;
P_0x557453578df0 .param/l "gi" 0 4 135, +C4<01011>;
S_0x5574535f3070 .scope generate, "g_unflat_final[12]" "g_unflat_final[12]" 4 135, 4 135 0, S_0x557453433880;
 .timescale -9 -12;
P_0x5574535788c0 .param/l "gi" 0 4 135, +C4<01100>;
S_0x5574535f3200 .scope generate, "g_unflat_final[13]" "g_unflat_final[13]" 4 135, 4 135 0, S_0x557453433880;
 .timescale -9 -12;
P_0x557453578390 .param/l "gi" 0 4 135, +C4<01101>;
S_0x5574535f3390 .scope generate, "g_unflat_final[14]" "g_unflat_final[14]" 4 135, 4 135 0, S_0x557453433880;
 .timescale -9 -12;
P_0x557453577e60 .param/l "gi" 0 4 135, +C4<01110>;
S_0x5574535f3520 .scope generate, "g_unflat_final[15]" "g_unflat_final[15]" 4 135, 4 135 0, S_0x557453433880;
 .timescale -9 -12;
P_0x557453577930 .param/l "gi" 0 4 135, +C4<01111>;
S_0x5574535f36b0 .scope generate, "g_unflat_final[16]" "g_unflat_final[16]" 4 135, 4 135 0, S_0x557453433880;
 .timescale -9 -12;
P_0x557453577400 .param/l "gi" 0 4 135, +C4<010000>;
S_0x5574535f3840 .scope generate, "g_unflat_final[17]" "g_unflat_final[17]" 4 135, 4 135 0, S_0x557453433880;
 .timescale -9 -12;
P_0x557453576ed0 .param/l "gi" 0 4 135, +C4<010001>;
S_0x5574535f39d0 .scope generate, "g_unflat_final[18]" "g_unflat_final[18]" 4 135, 4 135 0, S_0x557453433880;
 .timescale -9 -12;
P_0x5574535769a0 .param/l "gi" 0 4 135, +C4<010010>;
S_0x5574535f3b60 .scope generate, "g_unflat_final[19]" "g_unflat_final[19]" 4 135, 4 135 0, S_0x557453433880;
 .timescale -9 -12;
P_0x557453576470 .param/l "gi" 0 4 135, +C4<010011>;
S_0x5574535f3cf0 .scope generate, "g_unflat_final[20]" "g_unflat_final[20]" 4 135, 4 135 0, S_0x557453433880;
 .timescale -9 -12;
P_0x557453575f40 .param/l "gi" 0 4 135, +C4<010100>;
S_0x5574535f3e80 .scope generate, "g_unflat_final[21]" "g_unflat_final[21]" 4 135, 4 135 0, S_0x557453433880;
 .timescale -9 -12;
P_0x557453575a10 .param/l "gi" 0 4 135, +C4<010101>;
S_0x5574535f4010 .scope generate, "g_unflat_final[22]" "g_unflat_final[22]" 4 135, 4 135 0, S_0x557453433880;
 .timescale -9 -12;
P_0x5574535754e0 .param/l "gi" 0 4 135, +C4<010110>;
S_0x5574535f41a0 .scope generate, "g_unflat_final[23]" "g_unflat_final[23]" 4 135, 4 135 0, S_0x557453433880;
 .timescale -9 -12;
P_0x557453574fb0 .param/l "gi" 0 4 135, +C4<010111>;
S_0x5574535f4330 .scope generate, "g_unflat_final[24]" "g_unflat_final[24]" 4 135, 4 135 0, S_0x557453433880;
 .timescale -9 -12;
P_0x557453574a80 .param/l "gi" 0 4 135, +C4<011000>;
S_0x5574535f44c0 .scope generate, "g_unflat_final[25]" "g_unflat_final[25]" 4 135, 4 135 0, S_0x557453433880;
 .timescale -9 -12;
P_0x557453574550 .param/l "gi" 0 4 135, +C4<011001>;
S_0x5574535f4650 .scope generate, "g_unflat_final[26]" "g_unflat_final[26]" 4 135, 4 135 0, S_0x557453433880;
 .timescale -9 -12;
P_0x557453574020 .param/l "gi" 0 4 135, +C4<011010>;
S_0x5574535f47e0 .scope generate, "g_unflat_final[27]" "g_unflat_final[27]" 4 135, 4 135 0, S_0x557453433880;
 .timescale -9 -12;
P_0x557453573af0 .param/l "gi" 0 4 135, +C4<011011>;
S_0x5574535f4970 .scope generate, "g_unflat_final[28]" "g_unflat_final[28]" 4 135, 4 135 0, S_0x557453433880;
 .timescale -9 -12;
P_0x5574535735c0 .param/l "gi" 0 4 135, +C4<011100>;
S_0x5574535f4b00 .scope generate, "g_unflat_final[29]" "g_unflat_final[29]" 4 135, 4 135 0, S_0x557453433880;
 .timescale -9 -12;
P_0x557453573090 .param/l "gi" 0 4 135, +C4<011101>;
S_0x5574535f4c90 .scope generate, "g_unflat_final[30]" "g_unflat_final[30]" 4 135, 4 135 0, S_0x557453433880;
 .timescale -9 -12;
P_0x557453572b60 .param/l "gi" 0 4 135, +C4<011110>;
S_0x5574535f4e20 .scope generate, "g_unflat_final[31]" "g_unflat_final[31]" 4 135, 4 135 0, S_0x557453433880;
 .timescale -9 -12;
P_0x557453572630 .param/l "gi" 0 4 135, +C4<011111>;
S_0x5574535f4fb0 .scope generate, "g_unflat_final[32]" "g_unflat_final[32]" 4 135, 4 135 0, S_0x557453433880;
 .timescale -9 -12;
P_0x557453572100 .param/l "gi" 0 4 135, +C4<0100000>;
S_0x5574535f5140 .scope generate, "g_unflat_final[33]" "g_unflat_final[33]" 4 135, 4 135 0, S_0x557453433880;
 .timescale -9 -12;
P_0x557453571bd0 .param/l "gi" 0 4 135, +C4<0100001>;
S_0x5574535f52d0 .scope generate, "g_unflat_final[34]" "g_unflat_final[34]" 4 135, 4 135 0, S_0x557453433880;
 .timescale -9 -12;
P_0x5574535716a0 .param/l "gi" 0 4 135, +C4<0100010>;
S_0x5574535f5460 .scope generate, "g_unflat_final[35]" "g_unflat_final[35]" 4 135, 4 135 0, S_0x557453433880;
 .timescale -9 -12;
P_0x557453571170 .param/l "gi" 0 4 135, +C4<0100011>;
S_0x5574535f55f0 .scope generate, "g_unflat_final[36]" "g_unflat_final[36]" 4 135, 4 135 0, S_0x557453433880;
 .timescale -9 -12;
P_0x557453570c40 .param/l "gi" 0 4 135, +C4<0100100>;
S_0x5574535f5780 .scope generate, "g_unflat_final[37]" "g_unflat_final[37]" 4 135, 4 135 0, S_0x557453433880;
 .timescale -9 -12;
P_0x557453570710 .param/l "gi" 0 4 135, +C4<0100101>;
S_0x5574535f5910 .scope generate, "g_unflat_final[38]" "g_unflat_final[38]" 4 135, 4 135 0, S_0x557453433880;
 .timescale -9 -12;
P_0x5574535701e0 .param/l "gi" 0 4 135, +C4<0100110>;
S_0x5574535f5aa0 .scope generate, "g_unflat_final[39]" "g_unflat_final[39]" 4 135, 4 135 0, S_0x557453433880;
 .timescale -9 -12;
P_0x55745356fcb0 .param/l "gi" 0 4 135, +C4<0100111>;
S_0x5574535f5c30 .scope generate, "g_unflat_final[40]" "g_unflat_final[40]" 4 135, 4 135 0, S_0x557453433880;
 .timescale -9 -12;
P_0x55745356f780 .param/l "gi" 0 4 135, +C4<0101000>;
S_0x5574535f5dc0 .scope generate, "g_unflat_final[41]" "g_unflat_final[41]" 4 135, 4 135 0, S_0x557453433880;
 .timescale -9 -12;
P_0x55745356f250 .param/l "gi" 0 4 135, +C4<0101001>;
S_0x5574535f5f50 .scope generate, "g_unflat_final[42]" "g_unflat_final[42]" 4 135, 4 135 0, S_0x557453433880;
 .timescale -9 -12;
P_0x55745356ed20 .param/l "gi" 0 4 135, +C4<0101010>;
S_0x5574535f60e0 .scope generate, "g_unflat_final[43]" "g_unflat_final[43]" 4 135, 4 135 0, S_0x557453433880;
 .timescale -9 -12;
P_0x55745356e7f0 .param/l "gi" 0 4 135, +C4<0101011>;
S_0x5574535f6270 .scope generate, "g_unflat_final[44]" "g_unflat_final[44]" 4 135, 4 135 0, S_0x557453433880;
 .timescale -9 -12;
P_0x55745356e2c0 .param/l "gi" 0 4 135, +C4<0101100>;
S_0x5574535f6400 .scope generate, "g_unflat_final[45]" "g_unflat_final[45]" 4 135, 4 135 0, S_0x557453433880;
 .timescale -9 -12;
P_0x55745356dd90 .param/l "gi" 0 4 135, +C4<0101101>;
S_0x5574535f6590 .scope generate, "g_unflat_final[46]" "g_unflat_final[46]" 4 135, 4 135 0, S_0x557453433880;
 .timescale -9 -12;
P_0x55745356d860 .param/l "gi" 0 4 135, +C4<0101110>;
S_0x5574535f6720 .scope generate, "g_unflat_final[47]" "g_unflat_final[47]" 4 135, 4 135 0, S_0x557453433880;
 .timescale -9 -12;
P_0x55745356d330 .param/l "gi" 0 4 135, +C4<0101111>;
S_0x5574535f68b0 .scope generate, "g_unflat_final[48]" "g_unflat_final[48]" 4 135, 4 135 0, S_0x557453433880;
 .timescale -9 -12;
P_0x55745356ce00 .param/l "gi" 0 4 135, +C4<0110000>;
S_0x5574535f6a40 .scope generate, "g_unflat_final[49]" "g_unflat_final[49]" 4 135, 4 135 0, S_0x557453433880;
 .timescale -9 -12;
P_0x55745356c8d0 .param/l "gi" 0 4 135, +C4<0110001>;
S_0x5574535f6bd0 .scope generate, "g_unflat_final[50]" "g_unflat_final[50]" 4 135, 4 135 0, S_0x557453433880;
 .timescale -9 -12;
P_0x55745356c3a0 .param/l "gi" 0 4 135, +C4<0110010>;
S_0x5574535f6d60 .scope generate, "g_unflat_final[51]" "g_unflat_final[51]" 4 135, 4 135 0, S_0x557453433880;
 .timescale -9 -12;
P_0x55745356be70 .param/l "gi" 0 4 135, +C4<0110011>;
S_0x5574535f6ef0 .scope generate, "g_unflat_final[52]" "g_unflat_final[52]" 4 135, 4 135 0, S_0x557453433880;
 .timescale -9 -12;
P_0x55745356b940 .param/l "gi" 0 4 135, +C4<0110100>;
S_0x5574535f7080 .scope generate, "g_unflat_final[53]" "g_unflat_final[53]" 4 135, 4 135 0, S_0x557453433880;
 .timescale -9 -12;
P_0x55745356b410 .param/l "gi" 0 4 135, +C4<0110101>;
S_0x5574535f7210 .scope generate, "g_unflat_final[54]" "g_unflat_final[54]" 4 135, 4 135 0, S_0x557453433880;
 .timescale -9 -12;
P_0x55745356aee0 .param/l "gi" 0 4 135, +C4<0110110>;
S_0x5574535f73a0 .scope generate, "g_unflat_final[55]" "g_unflat_final[55]" 4 135, 4 135 0, S_0x557453433880;
 .timescale -9 -12;
P_0x55745356a9b0 .param/l "gi" 0 4 135, +C4<0110111>;
S_0x5574535f7530 .scope generate, "g_unflat_final[56]" "g_unflat_final[56]" 4 135, 4 135 0, S_0x557453433880;
 .timescale -9 -12;
P_0x55745356a480 .param/l "gi" 0 4 135, +C4<0111000>;
S_0x5574535f76c0 .scope generate, "g_unflat_final[57]" "g_unflat_final[57]" 4 135, 4 135 0, S_0x557453433880;
 .timescale -9 -12;
P_0x557453569f50 .param/l "gi" 0 4 135, +C4<0111001>;
S_0x5574535f7850 .scope generate, "g_unflat_final[58]" "g_unflat_final[58]" 4 135, 4 135 0, S_0x557453433880;
 .timescale -9 -12;
P_0x557453569a20 .param/l "gi" 0 4 135, +C4<0111010>;
S_0x5574535f79e0 .scope generate, "g_unflat_final[59]" "g_unflat_final[59]" 4 135, 4 135 0, S_0x557453433880;
 .timescale -9 -12;
P_0x5574535694f0 .param/l "gi" 0 4 135, +C4<0111011>;
S_0x5574535f7b70 .scope generate, "g_unflat_final[60]" "g_unflat_final[60]" 4 135, 4 135 0, S_0x557453433880;
 .timescale -9 -12;
P_0x557453568fc0 .param/l "gi" 0 4 135, +C4<0111100>;
S_0x5574535f7d00 .scope generate, "g_unflat_final[61]" "g_unflat_final[61]" 4 135, 4 135 0, S_0x557453433880;
 .timescale -9 -12;
P_0x557453568a90 .param/l "gi" 0 4 135, +C4<0111101>;
S_0x5574535f7e90 .scope generate, "g_unflat_final[62]" "g_unflat_final[62]" 4 135, 4 135 0, S_0x557453433880;
 .timescale -9 -12;
P_0x557453568560 .param/l "gi" 0 4 135, +C4<0111110>;
S_0x5574535f8020 .scope generate, "g_unflat_final[63]" "g_unflat_final[63]" 4 135, 4 135 0, S_0x557453433880;
 .timescale -9 -12;
P_0x557453568030 .param/l "gi" 0 4 135, +C4<0111111>;
S_0x5574535f81b0 .scope generate, "g_unflat_final[64]" "g_unflat_final[64]" 4 135, 4 135 0, S_0x557453433880;
 .timescale -9 -12;
P_0x557453567b00 .param/l "gi" 0 4 135, +C4<01000000>;
S_0x5574535f8340 .scope generate, "g_unflat_final[65]" "g_unflat_final[65]" 4 135, 4 135 0, S_0x557453433880;
 .timescale -9 -12;
P_0x5574535675d0 .param/l "gi" 0 4 135, +C4<01000001>;
S_0x5574535f84d0 .scope generate, "g_unflat_final[66]" "g_unflat_final[66]" 4 135, 4 135 0, S_0x557453433880;
 .timescale -9 -12;
P_0x5574535670a0 .param/l "gi" 0 4 135, +C4<01000010>;
S_0x5574535f8660 .scope generate, "g_unflat_final[67]" "g_unflat_final[67]" 4 135, 4 135 0, S_0x557453433880;
 .timescale -9 -12;
P_0x557453566b70 .param/l "gi" 0 4 135, +C4<01000011>;
S_0x5574535f87f0 .scope generate, "g_unflat_final[68]" "g_unflat_final[68]" 4 135, 4 135 0, S_0x557453433880;
 .timescale -9 -12;
P_0x557453566640 .param/l "gi" 0 4 135, +C4<01000100>;
S_0x5574535f8980 .scope generate, "g_unflat_final[69]" "g_unflat_final[69]" 4 135, 4 135 0, S_0x557453433880;
 .timescale -9 -12;
P_0x557453566110 .param/l "gi" 0 4 135, +C4<01000101>;
S_0x5574535f8b10 .scope generate, "g_unflat_final[70]" "g_unflat_final[70]" 4 135, 4 135 0, S_0x557453433880;
 .timescale -9 -12;
P_0x557453565be0 .param/l "gi" 0 4 135, +C4<01000110>;
S_0x5574535f8ca0 .scope generate, "g_unflat_final[71]" "g_unflat_final[71]" 4 135, 4 135 0, S_0x557453433880;
 .timescale -9 -12;
P_0x5574535656b0 .param/l "gi" 0 4 135, +C4<01000111>;
S_0x5574535f8e30 .scope generate, "g_unflat_final[72]" "g_unflat_final[72]" 4 135, 4 135 0, S_0x557453433880;
 .timescale -9 -12;
P_0x557453565180 .param/l "gi" 0 4 135, +C4<01001000>;
S_0x5574535f8fc0 .scope generate, "g_unflat_final[73]" "g_unflat_final[73]" 4 135, 4 135 0, S_0x557453433880;
 .timescale -9 -12;
P_0x557453564c50 .param/l "gi" 0 4 135, +C4<01001001>;
S_0x5574535f9150 .scope generate, "g_unflat_final[74]" "g_unflat_final[74]" 4 135, 4 135 0, S_0x557453433880;
 .timescale -9 -12;
P_0x557453564720 .param/l "gi" 0 4 135, +C4<01001010>;
S_0x5574535f92e0 .scope generate, "g_unflat_final[75]" "g_unflat_final[75]" 4 135, 4 135 0, S_0x557453433880;
 .timescale -9 -12;
P_0x5574535641f0 .param/l "gi" 0 4 135, +C4<01001011>;
S_0x5574535f9470 .scope generate, "g_unflat_final[76]" "g_unflat_final[76]" 4 135, 4 135 0, S_0x557453433880;
 .timescale -9 -12;
P_0x557453563cc0 .param/l "gi" 0 4 135, +C4<01001100>;
S_0x5574535f9600 .scope generate, "g_unflat_final[77]" "g_unflat_final[77]" 4 135, 4 135 0, S_0x557453433880;
 .timescale -9 -12;
P_0x557453563790 .param/l "gi" 0 4 135, +C4<01001101>;
S_0x5574535f9790 .scope generate, "g_unflat_final[78]" "g_unflat_final[78]" 4 135, 4 135 0, S_0x557453433880;
 .timescale -9 -12;
P_0x557453563260 .param/l "gi" 0 4 135, +C4<01001110>;
S_0x5574535f9920 .scope generate, "g_unflat_final[79]" "g_unflat_final[79]" 4 135, 4 135 0, S_0x557453433880;
 .timescale -9 -12;
P_0x557453562d30 .param/l "gi" 0 4 135, +C4<01001111>;
S_0x5574535f9ab0 .scope generate, "g_unflat_final[80]" "g_unflat_final[80]" 4 135, 4 135 0, S_0x557453433880;
 .timescale -9 -12;
P_0x557453562800 .param/l "gi" 0 4 135, +C4<01010000>;
S_0x5574535f9c40 .scope generate, "g_unflat_final[81]" "g_unflat_final[81]" 4 135, 4 135 0, S_0x557453433880;
 .timescale -9 -12;
P_0x5574535622d0 .param/l "gi" 0 4 135, +C4<01010001>;
S_0x5574535f9dd0 .scope generate, "g_unflat_final[82]" "g_unflat_final[82]" 4 135, 4 135 0, S_0x557453433880;
 .timescale -9 -12;
P_0x557453561da0 .param/l "gi" 0 4 135, +C4<01010010>;
S_0x5574535f9f60 .scope generate, "g_unflat_final[83]" "g_unflat_final[83]" 4 135, 4 135 0, S_0x557453433880;
 .timescale -9 -12;
P_0x557453561870 .param/l "gi" 0 4 135, +C4<01010011>;
S_0x5574535fa0f0 .scope generate, "g_unflat_final[84]" "g_unflat_final[84]" 4 135, 4 135 0, S_0x557453433880;
 .timescale -9 -12;
P_0x557453561340 .param/l "gi" 0 4 135, +C4<01010100>;
S_0x5574535fa280 .scope generate, "g_unflat_final[85]" "g_unflat_final[85]" 4 135, 4 135 0, S_0x557453433880;
 .timescale -9 -12;
P_0x557453560e10 .param/l "gi" 0 4 135, +C4<01010101>;
S_0x5574535fa410 .scope generate, "g_unflat_final[86]" "g_unflat_final[86]" 4 135, 4 135 0, S_0x557453433880;
 .timescale -9 -12;
P_0x5574535608e0 .param/l "gi" 0 4 135, +C4<01010110>;
S_0x5574535fa5a0 .scope generate, "g_unflat_final[87]" "g_unflat_final[87]" 4 135, 4 135 0, S_0x557453433880;
 .timescale -9 -12;
P_0x5574535603b0 .param/l "gi" 0 4 135, +C4<01010111>;
S_0x5574535fa730 .scope generate, "g_unflat_final[88]" "g_unflat_final[88]" 4 135, 4 135 0, S_0x557453433880;
 .timescale -9 -12;
P_0x55745355fe80 .param/l "gi" 0 4 135, +C4<01011000>;
S_0x5574535fa8c0 .scope generate, "g_unflat_final[89]" "g_unflat_final[89]" 4 135, 4 135 0, S_0x557453433880;
 .timescale -9 -12;
P_0x55745355f950 .param/l "gi" 0 4 135, +C4<01011001>;
S_0x5574535faa50 .scope generate, "g_unflat_final[90]" "g_unflat_final[90]" 4 135, 4 135 0, S_0x557453433880;
 .timescale -9 -12;
P_0x55745355f420 .param/l "gi" 0 4 135, +C4<01011010>;
S_0x5574535fabe0 .scope generate, "g_unflat_final[91]" "g_unflat_final[91]" 4 135, 4 135 0, S_0x557453433880;
 .timescale -9 -12;
P_0x55745355eef0 .param/l "gi" 0 4 135, +C4<01011011>;
S_0x5574535fad70 .scope generate, "g_unflat_final[92]" "g_unflat_final[92]" 4 135, 4 135 0, S_0x557453433880;
 .timescale -9 -12;
P_0x55745355e9c0 .param/l "gi" 0 4 135, +C4<01011100>;
S_0x5574535faf00 .scope generate, "g_unflat_final[93]" "g_unflat_final[93]" 4 135, 4 135 0, S_0x557453433880;
 .timescale -9 -12;
P_0x55745355e490 .param/l "gi" 0 4 135, +C4<01011101>;
S_0x5574535fb090 .scope generate, "g_unflat_final[94]" "g_unflat_final[94]" 4 135, 4 135 0, S_0x557453433880;
 .timescale -9 -12;
P_0x55745355df60 .param/l "gi" 0 4 135, +C4<01011110>;
S_0x5574535fb220 .scope generate, "g_unflat_final[95]" "g_unflat_final[95]" 4 135, 4 135 0, S_0x557453433880;
 .timescale -9 -12;
P_0x55745355da30 .param/l "gi" 0 4 135, +C4<01011111>;
S_0x5574535fb3b0 .scope generate, "g_unflat_final[96]" "g_unflat_final[96]" 4 135, 4 135 0, S_0x557453433880;
 .timescale -9 -12;
P_0x55745355d500 .param/l "gi" 0 4 135, +C4<01100000>;
S_0x5574535fb540 .scope generate, "g_unflat_final[97]" "g_unflat_final[97]" 4 135, 4 135 0, S_0x557453433880;
 .timescale -9 -12;
P_0x55745355cfd0 .param/l "gi" 0 4 135, +C4<01100001>;
S_0x5574535fb6d0 .scope generate, "g_unflat_final[98]" "g_unflat_final[98]" 4 135, 4 135 0, S_0x557453433880;
 .timescale -9 -12;
P_0x55745355caa0 .param/l "gi" 0 4 135, +C4<01100010>;
S_0x5574535fb860 .scope generate, "g_unflat_final[99]" "g_unflat_final[99]" 4 135, 4 135 0, S_0x557453433880;
 .timescale -9 -12;
P_0x55745355c570 .param/l "gi" 0 4 135, +C4<01100011>;
S_0x5574535fb9f0 .scope generate, "g_unflat_final[100]" "g_unflat_final[100]" 4 135, 4 135 0, S_0x557453433880;
 .timescale -9 -12;
P_0x55745355c040 .param/l "gi" 0 4 135, +C4<01100100>;
S_0x5574535fbb80 .scope generate, "g_unflat_final[101]" "g_unflat_final[101]" 4 135, 4 135 0, S_0x557453433880;
 .timescale -9 -12;
P_0x55745355bb10 .param/l "gi" 0 4 135, +C4<01100101>;
S_0x5574535fbd10 .scope generate, "g_unflat_final[102]" "g_unflat_final[102]" 4 135, 4 135 0, S_0x557453433880;
 .timescale -9 -12;
P_0x55745355b5e0 .param/l "gi" 0 4 135, +C4<01100110>;
S_0x5574535fbea0 .scope generate, "g_unflat_final[103]" "g_unflat_final[103]" 4 135, 4 135 0, S_0x557453433880;
 .timescale -9 -12;
P_0x55745355b0b0 .param/l "gi" 0 4 135, +C4<01100111>;
S_0x5574535fc030 .scope generate, "g_unflat_final[104]" "g_unflat_final[104]" 4 135, 4 135 0, S_0x557453433880;
 .timescale -9 -12;
P_0x55745355ab80 .param/l "gi" 0 4 135, +C4<01101000>;
S_0x5574535fc1c0 .scope generate, "g_unflat_final[105]" "g_unflat_final[105]" 4 135, 4 135 0, S_0x557453433880;
 .timescale -9 -12;
P_0x55745355a650 .param/l "gi" 0 4 135, +C4<01101001>;
S_0x5574535fc350 .scope generate, "g_unflat_final[106]" "g_unflat_final[106]" 4 135, 4 135 0, S_0x557453433880;
 .timescale -9 -12;
P_0x55745355a120 .param/l "gi" 0 4 135, +C4<01101010>;
S_0x5574535fc4e0 .scope generate, "g_unflat_final[107]" "g_unflat_final[107]" 4 135, 4 135 0, S_0x557453433880;
 .timescale -9 -12;
P_0x557453559bf0 .param/l "gi" 0 4 135, +C4<01101011>;
S_0x5574535fc670 .scope generate, "g_unflat_final[108]" "g_unflat_final[108]" 4 135, 4 135 0, S_0x557453433880;
 .timescale -9 -12;
P_0x5574535596c0 .param/l "gi" 0 4 135, +C4<01101100>;
S_0x5574535fc800 .scope generate, "g_unflat_final[109]" "g_unflat_final[109]" 4 135, 4 135 0, S_0x557453433880;
 .timescale -9 -12;
P_0x557453559190 .param/l "gi" 0 4 135, +C4<01101101>;
S_0x5574535fc990 .scope generate, "g_unflat_final[110]" "g_unflat_final[110]" 4 135, 4 135 0, S_0x557453433880;
 .timescale -9 -12;
P_0x557453558c60 .param/l "gi" 0 4 135, +C4<01101110>;
S_0x5574535fcb20 .scope generate, "g_unflat_final[111]" "g_unflat_final[111]" 4 135, 4 135 0, S_0x557453433880;
 .timescale -9 -12;
P_0x557453558730 .param/l "gi" 0 4 135, +C4<01101111>;
S_0x5574535fccb0 .scope generate, "g_unflat_final[112]" "g_unflat_final[112]" 4 135, 4 135 0, S_0x557453433880;
 .timescale -9 -12;
P_0x557453558200 .param/l "gi" 0 4 135, +C4<01110000>;
S_0x5574535fce40 .scope generate, "g_unflat_final[113]" "g_unflat_final[113]" 4 135, 4 135 0, S_0x557453433880;
 .timescale -9 -12;
P_0x557453557cd0 .param/l "gi" 0 4 135, +C4<01110001>;
S_0x5574535fcfd0 .scope generate, "g_unflat_final[114]" "g_unflat_final[114]" 4 135, 4 135 0, S_0x557453433880;
 .timescale -9 -12;
P_0x5574535577a0 .param/l "gi" 0 4 135, +C4<01110010>;
S_0x5574535fd160 .scope generate, "g_unflat_final[115]" "g_unflat_final[115]" 4 135, 4 135 0, S_0x557453433880;
 .timescale -9 -12;
P_0x557453557270 .param/l "gi" 0 4 135, +C4<01110011>;
S_0x5574535fd2f0 .scope generate, "g_unflat_final[116]" "g_unflat_final[116]" 4 135, 4 135 0, S_0x557453433880;
 .timescale -9 -12;
P_0x557453556d40 .param/l "gi" 0 4 135, +C4<01110100>;
S_0x5574535fd480 .scope generate, "g_unflat_final[117]" "g_unflat_final[117]" 4 135, 4 135 0, S_0x557453433880;
 .timescale -9 -12;
P_0x557453556810 .param/l "gi" 0 4 135, +C4<01110101>;
S_0x5574535fd610 .scope generate, "g_unflat_final[118]" "g_unflat_final[118]" 4 135, 4 135 0, S_0x557453433880;
 .timescale -9 -12;
P_0x5574535562e0 .param/l "gi" 0 4 135, +C4<01110110>;
S_0x5574535fd7a0 .scope generate, "g_unflat_final[119]" "g_unflat_final[119]" 4 135, 4 135 0, S_0x557453433880;
 .timescale -9 -12;
P_0x557453555db0 .param/l "gi" 0 4 135, +C4<01110111>;
S_0x5574535fd930 .scope generate, "g_unflat_final[120]" "g_unflat_final[120]" 4 135, 4 135 0, S_0x557453433880;
 .timescale -9 -12;
P_0x557453555880 .param/l "gi" 0 4 135, +C4<01111000>;
S_0x5574535fdac0 .scope generate, "g_unflat_final[121]" "g_unflat_final[121]" 4 135, 4 135 0, S_0x557453433880;
 .timescale -9 -12;
P_0x557453555350 .param/l "gi" 0 4 135, +C4<01111001>;
S_0x5574535fdc50 .scope generate, "g_unflat_final[122]" "g_unflat_final[122]" 4 135, 4 135 0, S_0x557453433880;
 .timescale -9 -12;
P_0x557453554e20 .param/l "gi" 0 4 135, +C4<01111010>;
S_0x5574535fdde0 .scope generate, "g_unflat_final[123]" "g_unflat_final[123]" 4 135, 4 135 0, S_0x557453433880;
 .timescale -9 -12;
P_0x5574535548f0 .param/l "gi" 0 4 135, +C4<01111011>;
S_0x5574535fdf70 .scope generate, "g_unflat_final[124]" "g_unflat_final[124]" 4 135, 4 135 0, S_0x557453433880;
 .timescale -9 -12;
P_0x5574535543c0 .param/l "gi" 0 4 135, +C4<01111100>;
S_0x5574535fe100 .scope generate, "g_unflat_final[125]" "g_unflat_final[125]" 4 135, 4 135 0, S_0x557453433880;
 .timescale -9 -12;
P_0x557453553e90 .param/l "gi" 0 4 135, +C4<01111101>;
S_0x5574535fe290 .scope generate, "g_unflat_final[126]" "g_unflat_final[126]" 4 135, 4 135 0, S_0x557453433880;
 .timescale -9 -12;
P_0x557453553960 .param/l "gi" 0 4 135, +C4<01111110>;
S_0x5574535fe420 .scope generate, "g_unflat_final[127]" "g_unflat_final[127]" 4 135, 4 135 0, S_0x557453433880;
 .timescale -9 -12;
P_0x557453553430 .param/l "gi" 0 4 135, +C4<01111111>;
S_0x5574535fedc0 .scope generate, "g_unflat_final[128]" "g_unflat_final[128]" 4 135, 4 135 0, S_0x557453433880;
 .timescale -9 -12;
P_0x557453552f00 .param/l "gi" 0 4 135, +C4<010000000>;
S_0x5574535fef50 .scope generate, "g_unflat_final[129]" "g_unflat_final[129]" 4 135, 4 135 0, S_0x557453433880;
 .timescale -9 -12;
P_0x5574535529d0 .param/l "gi" 0 4 135, +C4<010000001>;
S_0x5574535ff0e0 .scope generate, "g_unflat_final[130]" "g_unflat_final[130]" 4 135, 4 135 0, S_0x557453433880;
 .timescale -9 -12;
P_0x5574535524a0 .param/l "gi" 0 4 135, +C4<010000010>;
S_0x5574535ff270 .scope generate, "g_unflat_final[131]" "g_unflat_final[131]" 4 135, 4 135 0, S_0x557453433880;
 .timescale -9 -12;
P_0x557453551f70 .param/l "gi" 0 4 135, +C4<010000011>;
S_0x5574535ff400 .scope generate, "g_unflat_final[132]" "g_unflat_final[132]" 4 135, 4 135 0, S_0x557453433880;
 .timescale -9 -12;
P_0x557453551a40 .param/l "gi" 0 4 135, +C4<010000100>;
S_0x5574535ff590 .scope generate, "g_unflat_final[133]" "g_unflat_final[133]" 4 135, 4 135 0, S_0x557453433880;
 .timescale -9 -12;
P_0x557453551510 .param/l "gi" 0 4 135, +C4<010000101>;
S_0x5574535ff720 .scope generate, "g_unflat_final[134]" "g_unflat_final[134]" 4 135, 4 135 0, S_0x557453433880;
 .timescale -9 -12;
P_0x557453550fe0 .param/l "gi" 0 4 135, +C4<010000110>;
S_0x5574535ff8b0 .scope generate, "g_unflat_final[135]" "g_unflat_final[135]" 4 135, 4 135 0, S_0x557453433880;
 .timescale -9 -12;
P_0x557453550ab0 .param/l "gi" 0 4 135, +C4<010000111>;
S_0x5574535ffa40 .scope generate, "g_unflat_final[136]" "g_unflat_final[136]" 4 135, 4 135 0, S_0x557453433880;
 .timescale -9 -12;
P_0x557453550580 .param/l "gi" 0 4 135, +C4<010001000>;
S_0x5574535ffbd0 .scope generate, "g_unflat_final[137]" "g_unflat_final[137]" 4 135, 4 135 0, S_0x557453433880;
 .timescale -9 -12;
P_0x557453550050 .param/l "gi" 0 4 135, +C4<010001001>;
S_0x5574535ffd60 .scope generate, "g_unflat_final[138]" "g_unflat_final[138]" 4 135, 4 135 0, S_0x557453433880;
 .timescale -9 -12;
P_0x55745354fb20 .param/l "gi" 0 4 135, +C4<010001010>;
S_0x5574535ffef0 .scope generate, "g_unflat_final[139]" "g_unflat_final[139]" 4 135, 4 135 0, S_0x557453433880;
 .timescale -9 -12;
P_0x55745354f5f0 .param/l "gi" 0 4 135, +C4<010001011>;
S_0x557453600080 .scope generate, "g_unflat_final[140]" "g_unflat_final[140]" 4 135, 4 135 0, S_0x557453433880;
 .timescale -9 -12;
P_0x55745354f0c0 .param/l "gi" 0 4 135, +C4<010001100>;
S_0x557453600210 .scope generate, "g_unflat_final[141]" "g_unflat_final[141]" 4 135, 4 135 0, S_0x557453433880;
 .timescale -9 -12;
P_0x55745354eb90 .param/l "gi" 0 4 135, +C4<010001101>;
S_0x5574536003a0 .scope generate, "g_unflat_final[142]" "g_unflat_final[142]" 4 135, 4 135 0, S_0x557453433880;
 .timescale -9 -12;
P_0x55745354e660 .param/l "gi" 0 4 135, +C4<010001110>;
S_0x557453600530 .scope generate, "g_unflat_final[143]" "g_unflat_final[143]" 4 135, 4 135 0, S_0x557453433880;
 .timescale -9 -12;
P_0x55745354e130 .param/l "gi" 0 4 135, +C4<010001111>;
S_0x5574536006c0 .scope generate, "g_unflat_final[144]" "g_unflat_final[144]" 4 135, 4 135 0, S_0x557453433880;
 .timescale -9 -12;
P_0x55745354dc00 .param/l "gi" 0 4 135, +C4<010010000>;
S_0x557453600850 .scope generate, "g_unflat_final[145]" "g_unflat_final[145]" 4 135, 4 135 0, S_0x557453433880;
 .timescale -9 -12;
P_0x55745354d6d0 .param/l "gi" 0 4 135, +C4<010010001>;
S_0x5574536009e0 .scope generate, "g_unflat_final[146]" "g_unflat_final[146]" 4 135, 4 135 0, S_0x557453433880;
 .timescale -9 -12;
P_0x55745354d1a0 .param/l "gi" 0 4 135, +C4<010010010>;
S_0x557453600b70 .scope generate, "g_unflat_final[147]" "g_unflat_final[147]" 4 135, 4 135 0, S_0x557453433880;
 .timescale -9 -12;
P_0x55745354cc70 .param/l "gi" 0 4 135, +C4<010010011>;
S_0x557453600d00 .scope generate, "g_unflat_final[148]" "g_unflat_final[148]" 4 135, 4 135 0, S_0x557453433880;
 .timescale -9 -12;
P_0x55745354c740 .param/l "gi" 0 4 135, +C4<010010100>;
S_0x557453600e90 .scope generate, "g_unflat_final[149]" "g_unflat_final[149]" 4 135, 4 135 0, S_0x557453433880;
 .timescale -9 -12;
P_0x55745354c210 .param/l "gi" 0 4 135, +C4<010010101>;
S_0x557453601020 .scope generate, "g_unflat_final[150]" "g_unflat_final[150]" 4 135, 4 135 0, S_0x557453433880;
 .timescale -9 -12;
P_0x55745354bce0 .param/l "gi" 0 4 135, +C4<010010110>;
S_0x5574536011b0 .scope generate, "g_unflat_final[151]" "g_unflat_final[151]" 4 135, 4 135 0, S_0x557453433880;
 .timescale -9 -12;
P_0x55745354b7b0 .param/l "gi" 0 4 135, +C4<010010111>;
S_0x557453601340 .scope generate, "g_unflat_final[152]" "g_unflat_final[152]" 4 135, 4 135 0, S_0x557453433880;
 .timescale -9 -12;
P_0x55745354b280 .param/l "gi" 0 4 135, +C4<010011000>;
S_0x5574536014d0 .scope generate, "g_unflat_final[153]" "g_unflat_final[153]" 4 135, 4 135 0, S_0x557453433880;
 .timescale -9 -12;
P_0x55745354ad50 .param/l "gi" 0 4 135, +C4<010011001>;
S_0x557453601660 .scope generate, "g_unflat_final[154]" "g_unflat_final[154]" 4 135, 4 135 0, S_0x557453433880;
 .timescale -9 -12;
P_0x55745354a820 .param/l "gi" 0 4 135, +C4<010011010>;
S_0x5574536017f0 .scope generate, "g_unflat_final[155]" "g_unflat_final[155]" 4 135, 4 135 0, S_0x557453433880;
 .timescale -9 -12;
P_0x55745354a2f0 .param/l "gi" 0 4 135, +C4<010011011>;
S_0x557453601980 .scope generate, "g_unflat_final[156]" "g_unflat_final[156]" 4 135, 4 135 0, S_0x557453433880;
 .timescale -9 -12;
P_0x557453549dc0 .param/l "gi" 0 4 135, +C4<010011100>;
S_0x557453601b10 .scope generate, "g_unflat_final[157]" "g_unflat_final[157]" 4 135, 4 135 0, S_0x557453433880;
 .timescale -9 -12;
P_0x557453549890 .param/l "gi" 0 4 135, +C4<010011101>;
S_0x557453601ca0 .scope generate, "g_unflat_final[158]" "g_unflat_final[158]" 4 135, 4 135 0, S_0x557453433880;
 .timescale -9 -12;
P_0x557453549360 .param/l "gi" 0 4 135, +C4<010011110>;
S_0x557453601e30 .scope generate, "g_unflat_final[159]" "g_unflat_final[159]" 4 135, 4 135 0, S_0x557453433880;
 .timescale -9 -12;
P_0x557453548e30 .param/l "gi" 0 4 135, +C4<010011111>;
S_0x557453601fc0 .scope generate, "g_unflat_final[160]" "g_unflat_final[160]" 4 135, 4 135 0, S_0x557453433880;
 .timescale -9 -12;
P_0x557453548900 .param/l "gi" 0 4 135, +C4<010100000>;
S_0x557453602150 .scope generate, "g_unflat_final[161]" "g_unflat_final[161]" 4 135, 4 135 0, S_0x557453433880;
 .timescale -9 -12;
P_0x5574535483d0 .param/l "gi" 0 4 135, +C4<010100001>;
S_0x5574536022e0 .scope generate, "g_unflat_final[162]" "g_unflat_final[162]" 4 135, 4 135 0, S_0x557453433880;
 .timescale -9 -12;
P_0x557453547ea0 .param/l "gi" 0 4 135, +C4<010100010>;
S_0x557453602470 .scope generate, "g_unflat_final[163]" "g_unflat_final[163]" 4 135, 4 135 0, S_0x557453433880;
 .timescale -9 -12;
P_0x557453547970 .param/l "gi" 0 4 135, +C4<010100011>;
S_0x557453602600 .scope generate, "g_unflat_final[164]" "g_unflat_final[164]" 4 135, 4 135 0, S_0x557453433880;
 .timescale -9 -12;
P_0x557453547440 .param/l "gi" 0 4 135, +C4<010100100>;
S_0x557453602790 .scope generate, "g_unflat_final[165]" "g_unflat_final[165]" 4 135, 4 135 0, S_0x557453433880;
 .timescale -9 -12;
P_0x557453546f10 .param/l "gi" 0 4 135, +C4<010100101>;
S_0x557453602920 .scope generate, "g_unflat_final[166]" "g_unflat_final[166]" 4 135, 4 135 0, S_0x557453433880;
 .timescale -9 -12;
P_0x5574535469e0 .param/l "gi" 0 4 135, +C4<010100110>;
S_0x557453602ab0 .scope generate, "g_unflat_final[167]" "g_unflat_final[167]" 4 135, 4 135 0, S_0x557453433880;
 .timescale -9 -12;
P_0x5574535464b0 .param/l "gi" 0 4 135, +C4<010100111>;
S_0x557453602c40 .scope generate, "g_unflat_final[168]" "g_unflat_final[168]" 4 135, 4 135 0, S_0x557453433880;
 .timescale -9 -12;
P_0x557453545f80 .param/l "gi" 0 4 135, +C4<010101000>;
S_0x557453602dd0 .scope generate, "g_unflat_final[169]" "g_unflat_final[169]" 4 135, 4 135 0, S_0x557453433880;
 .timescale -9 -12;
P_0x557453545a50 .param/l "gi" 0 4 135, +C4<010101001>;
S_0x557453602f60 .scope generate, "g_unflat_final[170]" "g_unflat_final[170]" 4 135, 4 135 0, S_0x557453433880;
 .timescale -9 -12;
P_0x557453545520 .param/l "gi" 0 4 135, +C4<010101010>;
S_0x5574536030f0 .scope generate, "g_unflat_final[171]" "g_unflat_final[171]" 4 135, 4 135 0, S_0x557453433880;
 .timescale -9 -12;
P_0x557453544ff0 .param/l "gi" 0 4 135, +C4<010101011>;
S_0x557453603280 .scope generate, "g_unflat_final[172]" "g_unflat_final[172]" 4 135, 4 135 0, S_0x557453433880;
 .timescale -9 -12;
P_0x557453544ac0 .param/l "gi" 0 4 135, +C4<010101100>;
S_0x557453603410 .scope generate, "g_unflat_final[173]" "g_unflat_final[173]" 4 135, 4 135 0, S_0x557453433880;
 .timescale -9 -12;
P_0x557453544590 .param/l "gi" 0 4 135, +C4<010101101>;
S_0x5574536035a0 .scope generate, "g_unflat_final[174]" "g_unflat_final[174]" 4 135, 4 135 0, S_0x557453433880;
 .timescale -9 -12;
P_0x557453544060 .param/l "gi" 0 4 135, +C4<010101110>;
S_0x557453603730 .scope generate, "g_unflat_final[175]" "g_unflat_final[175]" 4 135, 4 135 0, S_0x557453433880;
 .timescale -9 -12;
P_0x557453543b30 .param/l "gi" 0 4 135, +C4<010101111>;
S_0x5574536038c0 .scope generate, "g_unflat_final[176]" "g_unflat_final[176]" 4 135, 4 135 0, S_0x557453433880;
 .timescale -9 -12;
P_0x557453543600 .param/l "gi" 0 4 135, +C4<010110000>;
S_0x557453603a50 .scope generate, "g_unflat_final[177]" "g_unflat_final[177]" 4 135, 4 135 0, S_0x557453433880;
 .timescale -9 -12;
P_0x5574535430d0 .param/l "gi" 0 4 135, +C4<010110001>;
S_0x557453603be0 .scope generate, "g_unflat_final[178]" "g_unflat_final[178]" 4 135, 4 135 0, S_0x557453433880;
 .timescale -9 -12;
P_0x557453542ba0 .param/l "gi" 0 4 135, +C4<010110010>;
S_0x557453603d70 .scope generate, "g_unflat_final[179]" "g_unflat_final[179]" 4 135, 4 135 0, S_0x557453433880;
 .timescale -9 -12;
P_0x557453542670 .param/l "gi" 0 4 135, +C4<010110011>;
S_0x557453603f00 .scope generate, "g_unflat_final[180]" "g_unflat_final[180]" 4 135, 4 135 0, S_0x557453433880;
 .timescale -9 -12;
P_0x557453542140 .param/l "gi" 0 4 135, +C4<010110100>;
S_0x557453604090 .scope generate, "g_unflat_final[181]" "g_unflat_final[181]" 4 135, 4 135 0, S_0x557453433880;
 .timescale -9 -12;
P_0x557453541c10 .param/l "gi" 0 4 135, +C4<010110101>;
S_0x557453604220 .scope generate, "g_unflat_final[182]" "g_unflat_final[182]" 4 135, 4 135 0, S_0x557453433880;
 .timescale -9 -12;
P_0x5574535416e0 .param/l "gi" 0 4 135, +C4<010110110>;
S_0x5574536043b0 .scope generate, "g_unflat_final[183]" "g_unflat_final[183]" 4 135, 4 135 0, S_0x557453433880;
 .timescale -9 -12;
P_0x5574535411b0 .param/l "gi" 0 4 135, +C4<010110111>;
S_0x557453604540 .scope generate, "g_unflat_final[184]" "g_unflat_final[184]" 4 135, 4 135 0, S_0x557453433880;
 .timescale -9 -12;
P_0x557453540c80 .param/l "gi" 0 4 135, +C4<010111000>;
S_0x5574536046d0 .scope generate, "g_unflat_final[185]" "g_unflat_final[185]" 4 135, 4 135 0, S_0x557453433880;
 .timescale -9 -12;
P_0x557453540750 .param/l "gi" 0 4 135, +C4<010111001>;
S_0x557453604860 .scope generate, "g_unflat_final[186]" "g_unflat_final[186]" 4 135, 4 135 0, S_0x557453433880;
 .timescale -9 -12;
P_0x557453540220 .param/l "gi" 0 4 135, +C4<010111010>;
S_0x5574536049f0 .scope generate, "g_unflat_final[187]" "g_unflat_final[187]" 4 135, 4 135 0, S_0x557453433880;
 .timescale -9 -12;
P_0x55745353fcf0 .param/l "gi" 0 4 135, +C4<010111011>;
S_0x557453604b80 .scope generate, "g_unflat_final[188]" "g_unflat_final[188]" 4 135, 4 135 0, S_0x557453433880;
 .timescale -9 -12;
P_0x55745353f7c0 .param/l "gi" 0 4 135, +C4<010111100>;
S_0x557453604d10 .scope generate, "g_unflat_final[189]" "g_unflat_final[189]" 4 135, 4 135 0, S_0x557453433880;
 .timescale -9 -12;
P_0x55745353f290 .param/l "gi" 0 4 135, +C4<010111101>;
S_0x557453604ea0 .scope generate, "g_unflat_final[190]" "g_unflat_final[190]" 4 135, 4 135 0, S_0x557453433880;
 .timescale -9 -12;
P_0x55745353ed60 .param/l "gi" 0 4 135, +C4<010111110>;
S_0x557453605030 .scope generate, "g_unflat_final[191]" "g_unflat_final[191]" 4 135, 4 135 0, S_0x557453433880;
 .timescale -9 -12;
P_0x55745353e830 .param/l "gi" 0 4 135, +C4<010111111>;
S_0x5574536051c0 .scope generate, "g_unflat_final[192]" "g_unflat_final[192]" 4 135, 4 135 0, S_0x557453433880;
 .timescale -9 -12;
P_0x55745353e300 .param/l "gi" 0 4 135, +C4<011000000>;
S_0x557453605350 .scope generate, "g_unflat_final[193]" "g_unflat_final[193]" 4 135, 4 135 0, S_0x557453433880;
 .timescale -9 -12;
P_0x55745353ddd0 .param/l "gi" 0 4 135, +C4<011000001>;
S_0x5574536054e0 .scope generate, "g_unflat_final[194]" "g_unflat_final[194]" 4 135, 4 135 0, S_0x557453433880;
 .timescale -9 -12;
P_0x55745353d8a0 .param/l "gi" 0 4 135, +C4<011000010>;
S_0x557453605670 .scope generate, "g_unflat_final[195]" "g_unflat_final[195]" 4 135, 4 135 0, S_0x557453433880;
 .timescale -9 -12;
P_0x55745353d370 .param/l "gi" 0 4 135, +C4<011000011>;
S_0x557453605800 .scope generate, "g_unflat_final[196]" "g_unflat_final[196]" 4 135, 4 135 0, S_0x557453433880;
 .timescale -9 -12;
P_0x55745353ce40 .param/l "gi" 0 4 135, +C4<011000100>;
S_0x557453605990 .scope generate, "g_unflat_final[197]" "g_unflat_final[197]" 4 135, 4 135 0, S_0x557453433880;
 .timescale -9 -12;
P_0x55745353c910 .param/l "gi" 0 4 135, +C4<011000101>;
S_0x557453605b20 .scope generate, "g_unflat_final[198]" "g_unflat_final[198]" 4 135, 4 135 0, S_0x557453433880;
 .timescale -9 -12;
P_0x55745353c3e0 .param/l "gi" 0 4 135, +C4<011000110>;
S_0x557453605cb0 .scope generate, "g_unflat_final[199]" "g_unflat_final[199]" 4 135, 4 135 0, S_0x557453433880;
 .timescale -9 -12;
P_0x55745353beb0 .param/l "gi" 0 4 135, +C4<011000111>;
S_0x557453605e40 .scope generate, "g_unflat_final[200]" "g_unflat_final[200]" 4 135, 4 135 0, S_0x557453433880;
 .timescale -9 -12;
P_0x55745353b980 .param/l "gi" 0 4 135, +C4<011001000>;
S_0x557453605fd0 .scope generate, "g_unflat_final[201]" "g_unflat_final[201]" 4 135, 4 135 0, S_0x557453433880;
 .timescale -9 -12;
P_0x55745353b450 .param/l "gi" 0 4 135, +C4<011001001>;
S_0x557453606160 .scope generate, "g_unflat_final[202]" "g_unflat_final[202]" 4 135, 4 135 0, S_0x557453433880;
 .timescale -9 -12;
P_0x55745353af20 .param/l "gi" 0 4 135, +C4<011001010>;
S_0x5574536062f0 .scope generate, "g_unflat_final[203]" "g_unflat_final[203]" 4 135, 4 135 0, S_0x557453433880;
 .timescale -9 -12;
P_0x55745353a9f0 .param/l "gi" 0 4 135, +C4<011001011>;
S_0x557453606480 .scope generate, "g_unflat_final[204]" "g_unflat_final[204]" 4 135, 4 135 0, S_0x557453433880;
 .timescale -9 -12;
P_0x55745353a4c0 .param/l "gi" 0 4 135, +C4<011001100>;
S_0x557453606610 .scope generate, "g_unflat_final[205]" "g_unflat_final[205]" 4 135, 4 135 0, S_0x557453433880;
 .timescale -9 -12;
P_0x557453539f90 .param/l "gi" 0 4 135, +C4<011001101>;
S_0x5574536067a0 .scope generate, "g_unflat_final[206]" "g_unflat_final[206]" 4 135, 4 135 0, S_0x557453433880;
 .timescale -9 -12;
P_0x557453539a60 .param/l "gi" 0 4 135, +C4<011001110>;
S_0x557453606930 .scope generate, "g_unflat_final[207]" "g_unflat_final[207]" 4 135, 4 135 0, S_0x557453433880;
 .timescale -9 -12;
P_0x557453539530 .param/l "gi" 0 4 135, +C4<011001111>;
S_0x557453606ac0 .scope generate, "g_unflat_final[208]" "g_unflat_final[208]" 4 135, 4 135 0, S_0x557453433880;
 .timescale -9 -12;
P_0x557453539000 .param/l "gi" 0 4 135, +C4<011010000>;
S_0x557453606c50 .scope generate, "g_unflat_final[209]" "g_unflat_final[209]" 4 135, 4 135 0, S_0x557453433880;
 .timescale -9 -12;
P_0x557453538ad0 .param/l "gi" 0 4 135, +C4<011010001>;
S_0x557453606de0 .scope generate, "g_unflat_final[210]" "g_unflat_final[210]" 4 135, 4 135 0, S_0x557453433880;
 .timescale -9 -12;
P_0x5574535385a0 .param/l "gi" 0 4 135, +C4<011010010>;
S_0x557453606f70 .scope generate, "g_unflat_final[211]" "g_unflat_final[211]" 4 135, 4 135 0, S_0x557453433880;
 .timescale -9 -12;
P_0x557453538070 .param/l "gi" 0 4 135, +C4<011010011>;
S_0x557453607100 .scope generate, "g_unflat_final[212]" "g_unflat_final[212]" 4 135, 4 135 0, S_0x557453433880;
 .timescale -9 -12;
P_0x557453537b40 .param/l "gi" 0 4 135, +C4<011010100>;
S_0x557453607290 .scope generate, "g_unflat_final[213]" "g_unflat_final[213]" 4 135, 4 135 0, S_0x557453433880;
 .timescale -9 -12;
P_0x557453537610 .param/l "gi" 0 4 135, +C4<011010101>;
S_0x557453607420 .scope generate, "g_unflat_final[214]" "g_unflat_final[214]" 4 135, 4 135 0, S_0x557453433880;
 .timescale -9 -12;
P_0x5574535370e0 .param/l "gi" 0 4 135, +C4<011010110>;
S_0x5574536075b0 .scope generate, "g_unflat_final[215]" "g_unflat_final[215]" 4 135, 4 135 0, S_0x557453433880;
 .timescale -9 -12;
P_0x557453536bb0 .param/l "gi" 0 4 135, +C4<011010111>;
S_0x557453607740 .scope generate, "g_unflat_final[216]" "g_unflat_final[216]" 4 135, 4 135 0, S_0x557453433880;
 .timescale -9 -12;
P_0x557453536680 .param/l "gi" 0 4 135, +C4<011011000>;
S_0x5574536078d0 .scope generate, "g_unflat_final[217]" "g_unflat_final[217]" 4 135, 4 135 0, S_0x557453433880;
 .timescale -9 -12;
P_0x557453536150 .param/l "gi" 0 4 135, +C4<011011001>;
S_0x557453607a60 .scope generate, "g_unflat_final[218]" "g_unflat_final[218]" 4 135, 4 135 0, S_0x557453433880;
 .timescale -9 -12;
P_0x557453535c20 .param/l "gi" 0 4 135, +C4<011011010>;
S_0x557453607bf0 .scope generate, "g_unflat_final[219]" "g_unflat_final[219]" 4 135, 4 135 0, S_0x557453433880;
 .timescale -9 -12;
P_0x5574535356f0 .param/l "gi" 0 4 135, +C4<011011011>;
S_0x557453607d80 .scope generate, "g_unflat_final[220]" "g_unflat_final[220]" 4 135, 4 135 0, S_0x557453433880;
 .timescale -9 -12;
P_0x5574535351c0 .param/l "gi" 0 4 135, +C4<011011100>;
S_0x557453607f10 .scope generate, "g_unflat_final[221]" "g_unflat_final[221]" 4 135, 4 135 0, S_0x557453433880;
 .timescale -9 -12;
P_0x557453534c90 .param/l "gi" 0 4 135, +C4<011011101>;
S_0x5574536080a0 .scope generate, "g_unflat_final[222]" "g_unflat_final[222]" 4 135, 4 135 0, S_0x557453433880;
 .timescale -9 -12;
P_0x557453534760 .param/l "gi" 0 4 135, +C4<011011110>;
S_0x557453608230 .scope generate, "g_unflat_final[223]" "g_unflat_final[223]" 4 135, 4 135 0, S_0x557453433880;
 .timescale -9 -12;
P_0x557453534230 .param/l "gi" 0 4 135, +C4<011011111>;
S_0x5574536083c0 .scope generate, "g_unflat_final[224]" "g_unflat_final[224]" 4 135, 4 135 0, S_0x557453433880;
 .timescale -9 -12;
P_0x557453533d00 .param/l "gi" 0 4 135, +C4<011100000>;
S_0x557453608550 .scope generate, "g_unflat_final[225]" "g_unflat_final[225]" 4 135, 4 135 0, S_0x557453433880;
 .timescale -9 -12;
P_0x5574535337d0 .param/l "gi" 0 4 135, +C4<011100001>;
S_0x5574536086e0 .scope generate, "g_unflat_final[226]" "g_unflat_final[226]" 4 135, 4 135 0, S_0x557453433880;
 .timescale -9 -12;
P_0x5574535332a0 .param/l "gi" 0 4 135, +C4<011100010>;
S_0x557453608870 .scope generate, "g_unflat_final[227]" "g_unflat_final[227]" 4 135, 4 135 0, S_0x557453433880;
 .timescale -9 -12;
P_0x557453532d70 .param/l "gi" 0 4 135, +C4<011100011>;
S_0x557453608a00 .scope generate, "g_unflat_final[228]" "g_unflat_final[228]" 4 135, 4 135 0, S_0x557453433880;
 .timescale -9 -12;
P_0x557453532840 .param/l "gi" 0 4 135, +C4<011100100>;
S_0x557453608b90 .scope generate, "g_unflat_final[229]" "g_unflat_final[229]" 4 135, 4 135 0, S_0x557453433880;
 .timescale -9 -12;
P_0x557453532310 .param/l "gi" 0 4 135, +C4<011100101>;
S_0x557453608d20 .scope generate, "g_unflat_final[230]" "g_unflat_final[230]" 4 135, 4 135 0, S_0x557453433880;
 .timescale -9 -12;
P_0x557453531de0 .param/l "gi" 0 4 135, +C4<011100110>;
S_0x557453608eb0 .scope generate, "g_unflat_final[231]" "g_unflat_final[231]" 4 135, 4 135 0, S_0x557453433880;
 .timescale -9 -12;
P_0x5574535318b0 .param/l "gi" 0 4 135, +C4<011100111>;
S_0x557453609040 .scope generate, "g_unflat_final[232]" "g_unflat_final[232]" 4 135, 4 135 0, S_0x557453433880;
 .timescale -9 -12;
P_0x557453531380 .param/l "gi" 0 4 135, +C4<011101000>;
S_0x5574536091d0 .scope generate, "g_unflat_final[233]" "g_unflat_final[233]" 4 135, 4 135 0, S_0x557453433880;
 .timescale -9 -12;
P_0x557453530e50 .param/l "gi" 0 4 135, +C4<011101001>;
S_0x557453609360 .scope generate, "g_unflat_final[234]" "g_unflat_final[234]" 4 135, 4 135 0, S_0x557453433880;
 .timescale -9 -12;
P_0x557453530920 .param/l "gi" 0 4 135, +C4<011101010>;
S_0x5574536094f0 .scope generate, "g_unflat_final[235]" "g_unflat_final[235]" 4 135, 4 135 0, S_0x557453433880;
 .timescale -9 -12;
P_0x5574535303f0 .param/l "gi" 0 4 135, +C4<011101011>;
S_0x557453609680 .scope generate, "g_unflat_final[236]" "g_unflat_final[236]" 4 135, 4 135 0, S_0x557453433880;
 .timescale -9 -12;
P_0x55745352fec0 .param/l "gi" 0 4 135, +C4<011101100>;
S_0x557453609810 .scope generate, "g_unflat_final[237]" "g_unflat_final[237]" 4 135, 4 135 0, S_0x557453433880;
 .timescale -9 -12;
P_0x55745352f990 .param/l "gi" 0 4 135, +C4<011101101>;
S_0x5574536099a0 .scope generate, "g_unflat_final[238]" "g_unflat_final[238]" 4 135, 4 135 0, S_0x557453433880;
 .timescale -9 -12;
P_0x55745352f460 .param/l "gi" 0 4 135, +C4<011101110>;
S_0x557453609b30 .scope generate, "g_unflat_final[239]" "g_unflat_final[239]" 4 135, 4 135 0, S_0x557453433880;
 .timescale -9 -12;
P_0x55745352ef30 .param/l "gi" 0 4 135, +C4<011101111>;
S_0x557453609cc0 .scope generate, "g_unflat_final[240]" "g_unflat_final[240]" 4 135, 4 135 0, S_0x557453433880;
 .timescale -9 -12;
P_0x55745352ea00 .param/l "gi" 0 4 135, +C4<011110000>;
S_0x557453609e50 .scope generate, "g_unflat_final[241]" "g_unflat_final[241]" 4 135, 4 135 0, S_0x557453433880;
 .timescale -9 -12;
P_0x55745352e4d0 .param/l "gi" 0 4 135, +C4<011110001>;
S_0x557453609fe0 .scope generate, "g_unflat_final[242]" "g_unflat_final[242]" 4 135, 4 135 0, S_0x557453433880;
 .timescale -9 -12;
P_0x55745352dfa0 .param/l "gi" 0 4 135, +C4<011110010>;
S_0x55745360a170 .scope generate, "g_unflat_final[243]" "g_unflat_final[243]" 4 135, 4 135 0, S_0x557453433880;
 .timescale -9 -12;
P_0x55745352da70 .param/l "gi" 0 4 135, +C4<011110011>;
S_0x55745360a300 .scope generate, "g_unflat_final[244]" "g_unflat_final[244]" 4 135, 4 135 0, S_0x557453433880;
 .timescale -9 -12;
P_0x55745352d540 .param/l "gi" 0 4 135, +C4<011110100>;
S_0x55745360a490 .scope generate, "g_unflat_final[245]" "g_unflat_final[245]" 4 135, 4 135 0, S_0x557453433880;
 .timescale -9 -12;
P_0x55745352d010 .param/l "gi" 0 4 135, +C4<011110101>;
S_0x55745360a620 .scope generate, "g_unflat_final[246]" "g_unflat_final[246]" 4 135, 4 135 0, S_0x557453433880;
 .timescale -9 -12;
P_0x55745352cae0 .param/l "gi" 0 4 135, +C4<011110110>;
S_0x55745360a7b0 .scope generate, "g_unflat_final[247]" "g_unflat_final[247]" 4 135, 4 135 0, S_0x557453433880;
 .timescale -9 -12;
P_0x55745352c5b0 .param/l "gi" 0 4 135, +C4<011110111>;
S_0x55745360a940 .scope generate, "g_unflat_final[248]" "g_unflat_final[248]" 4 135, 4 135 0, S_0x557453433880;
 .timescale -9 -12;
P_0x55745352c080 .param/l "gi" 0 4 135, +C4<011111000>;
S_0x55745360aad0 .scope generate, "g_unflat_final[249]" "g_unflat_final[249]" 4 135, 4 135 0, S_0x557453433880;
 .timescale -9 -12;
P_0x55745352bb50 .param/l "gi" 0 4 135, +C4<011111001>;
S_0x55745360ac60 .scope generate, "g_unflat_final[250]" "g_unflat_final[250]" 4 135, 4 135 0, S_0x557453433880;
 .timescale -9 -12;
P_0x55745352b620 .param/l "gi" 0 4 135, +C4<011111010>;
S_0x55745360adf0 .scope generate, "g_unflat_final[251]" "g_unflat_final[251]" 4 135, 4 135 0, S_0x557453433880;
 .timescale -9 -12;
P_0x55745352b0f0 .param/l "gi" 0 4 135, +C4<011111011>;
S_0x55745360af80 .scope generate, "g_unflat_final[252]" "g_unflat_final[252]" 4 135, 4 135 0, S_0x557453433880;
 .timescale -9 -12;
P_0x55745352abc0 .param/l "gi" 0 4 135, +C4<011111100>;
S_0x55745360b110 .scope generate, "g_unflat_final[253]" "g_unflat_final[253]" 4 135, 4 135 0, S_0x557453433880;
 .timescale -9 -12;
P_0x55745352a690 .param/l "gi" 0 4 135, +C4<011111101>;
S_0x55745360b2a0 .scope generate, "g_unflat_final[254]" "g_unflat_final[254]" 4 135, 4 135 0, S_0x557453433880;
 .timescale -9 -12;
P_0x55745352a160 .param/l "gi" 0 4 135, +C4<011111110>;
S_0x55745360b430 .scope generate, "g_unflat_final[255]" "g_unflat_final[255]" 4 135, 4 135 0, S_0x557453433880;
 .timescale -9 -12;
P_0x557453529c30 .param/l "gi" 0 4 135, +C4<011111111>;
S_0x5574535fe5b0 .scope generate, "g_unflat_final[256]" "g_unflat_final[256]" 4 135, 4 135 0, S_0x557453433880;
 .timescale -9 -12;
P_0x5574535fe7b0 .param/l "gi" 0 4 135, +C4<0100000000>;
S_0x5574535fe870 .scope generate, "g_unflat_final[257]" "g_unflat_final[257]" 4 135, 4 135 0, S_0x557453433880;
 .timescale -9 -12;
P_0x5574535fea70 .param/l "gi" 0 4 135, +C4<0100000001>;
S_0x5574535feb30 .scope generate, "g_unflat_final[258]" "g_unflat_final[258]" 4 135, 4 135 0, S_0x557453433880;
 .timescale -9 -12;
P_0x5574535fed30 .param/l "gi" 0 4 135, +C4<0100000010>;
S_0x55745360c5d0 .scope generate, "g_unflat_final[259]" "g_unflat_final[259]" 4 135, 4 135 0, S_0x557453433880;
 .timescale -9 -12;
P_0x557453529770 .param/l "gi" 0 4 135, +C4<0100000011>;
S_0x55745360c760 .scope generate, "g_unflat_final[260]" "g_unflat_final[260]" 4 135, 4 135 0, S_0x557453433880;
 .timescale -9 -12;
P_0x557453529240 .param/l "gi" 0 4 135, +C4<0100000100>;
S_0x55745360c8f0 .scope generate, "g_unflat_final[261]" "g_unflat_final[261]" 4 135, 4 135 0, S_0x557453433880;
 .timescale -9 -12;
P_0x557453528d10 .param/l "gi" 0 4 135, +C4<0100000101>;
S_0x55745360ca80 .scope generate, "g_unflat_final[262]" "g_unflat_final[262]" 4 135, 4 135 0, S_0x557453433880;
 .timescale -9 -12;
P_0x5574535287e0 .param/l "gi" 0 4 135, +C4<0100000110>;
S_0x55745360cc10 .scope generate, "g_unflat_final[263]" "g_unflat_final[263]" 4 135, 4 135 0, S_0x557453433880;
 .timescale -9 -12;
P_0x5574535282b0 .param/l "gi" 0 4 135, +C4<0100000111>;
S_0x55745360cda0 .scope generate, "g_unflat_final[264]" "g_unflat_final[264]" 4 135, 4 135 0, S_0x557453433880;
 .timescale -9 -12;
P_0x557453527d80 .param/l "gi" 0 4 135, +C4<0100001000>;
S_0x55745360cf30 .scope generate, "g_unflat_final[265]" "g_unflat_final[265]" 4 135, 4 135 0, S_0x557453433880;
 .timescale -9 -12;
P_0x557453527850 .param/l "gi" 0 4 135, +C4<0100001001>;
S_0x55745360d0c0 .scope generate, "g_unflat_final[266]" "g_unflat_final[266]" 4 135, 4 135 0, S_0x557453433880;
 .timescale -9 -12;
P_0x557453527320 .param/l "gi" 0 4 135, +C4<0100001010>;
S_0x55745360d250 .scope generate, "g_unflat_final[267]" "g_unflat_final[267]" 4 135, 4 135 0, S_0x557453433880;
 .timescale -9 -12;
P_0x557453526df0 .param/l "gi" 0 4 135, +C4<0100001011>;
S_0x55745360d3e0 .scope generate, "g_unflat_final[268]" "g_unflat_final[268]" 4 135, 4 135 0, S_0x557453433880;
 .timescale -9 -12;
P_0x5574535268c0 .param/l "gi" 0 4 135, +C4<0100001100>;
S_0x55745360d570 .scope generate, "g_unflat_final[269]" "g_unflat_final[269]" 4 135, 4 135 0, S_0x557453433880;
 .timescale -9 -12;
P_0x557453526390 .param/l "gi" 0 4 135, +C4<0100001101>;
S_0x55745360d700 .scope generate, "g_unflat_final[270]" "g_unflat_final[270]" 4 135, 4 135 0, S_0x557453433880;
 .timescale -9 -12;
P_0x557453525e60 .param/l "gi" 0 4 135, +C4<0100001110>;
S_0x55745360d890 .scope generate, "g_unflat_final[271]" "g_unflat_final[271]" 4 135, 4 135 0, S_0x557453433880;
 .timescale -9 -12;
P_0x557453525930 .param/l "gi" 0 4 135, +C4<0100001111>;
S_0x55745360da20 .scope generate, "g_unflat_final[272]" "g_unflat_final[272]" 4 135, 4 135 0, S_0x557453433880;
 .timescale -9 -12;
P_0x557453525400 .param/l "gi" 0 4 135, +C4<0100010000>;
S_0x55745360dbb0 .scope generate, "g_unflat_final[273]" "g_unflat_final[273]" 4 135, 4 135 0, S_0x557453433880;
 .timescale -9 -12;
P_0x557453524ed0 .param/l "gi" 0 4 135, +C4<0100010001>;
S_0x55745360dd40 .scope generate, "g_unflat_final[274]" "g_unflat_final[274]" 4 135, 4 135 0, S_0x557453433880;
 .timescale -9 -12;
P_0x5574535249a0 .param/l "gi" 0 4 135, +C4<0100010010>;
S_0x55745360ded0 .scope generate, "g_unflat_final[275]" "g_unflat_final[275]" 4 135, 4 135 0, S_0x557453433880;
 .timescale -9 -12;
P_0x557453524470 .param/l "gi" 0 4 135, +C4<0100010011>;
S_0x55745360e060 .scope generate, "g_unflat_final[276]" "g_unflat_final[276]" 4 135, 4 135 0, S_0x557453433880;
 .timescale -9 -12;
P_0x557453523f40 .param/l "gi" 0 4 135, +C4<0100010100>;
S_0x55745360e1f0 .scope generate, "g_unflat_final[277]" "g_unflat_final[277]" 4 135, 4 135 0, S_0x557453433880;
 .timescale -9 -12;
P_0x557453523a10 .param/l "gi" 0 4 135, +C4<0100010101>;
S_0x55745360e380 .scope generate, "g_unflat_final[278]" "g_unflat_final[278]" 4 135, 4 135 0, S_0x557453433880;
 .timescale -9 -12;
P_0x5574535234e0 .param/l "gi" 0 4 135, +C4<0100010110>;
S_0x55745360e510 .scope generate, "g_unflat_final[279]" "g_unflat_final[279]" 4 135, 4 135 0, S_0x557453433880;
 .timescale -9 -12;
P_0x557453522fb0 .param/l "gi" 0 4 135, +C4<0100010111>;
S_0x55745360e6a0 .scope generate, "g_unflat_final[280]" "g_unflat_final[280]" 4 135, 4 135 0, S_0x557453433880;
 .timescale -9 -12;
P_0x557453522a80 .param/l "gi" 0 4 135, +C4<0100011000>;
S_0x55745360e830 .scope generate, "g_unflat_final[281]" "g_unflat_final[281]" 4 135, 4 135 0, S_0x557453433880;
 .timescale -9 -12;
P_0x557453522550 .param/l "gi" 0 4 135, +C4<0100011001>;
S_0x55745360e9c0 .scope generate, "g_unflat_final[282]" "g_unflat_final[282]" 4 135, 4 135 0, S_0x557453433880;
 .timescale -9 -12;
P_0x557453522020 .param/l "gi" 0 4 135, +C4<0100011010>;
S_0x55745360eb50 .scope generate, "g_unflat_final[283]" "g_unflat_final[283]" 4 135, 4 135 0, S_0x557453433880;
 .timescale -9 -12;
P_0x557453521af0 .param/l "gi" 0 4 135, +C4<0100011011>;
S_0x55745360ece0 .scope generate, "g_unflat_final[284]" "g_unflat_final[284]" 4 135, 4 135 0, S_0x557453433880;
 .timescale -9 -12;
P_0x5574535215c0 .param/l "gi" 0 4 135, +C4<0100011100>;
S_0x55745360ee70 .scope generate, "g_unflat_final[285]" "g_unflat_final[285]" 4 135, 4 135 0, S_0x557453433880;
 .timescale -9 -12;
P_0x557453521090 .param/l "gi" 0 4 135, +C4<0100011101>;
S_0x55745360f000 .scope generate, "g_unflat_final[286]" "g_unflat_final[286]" 4 135, 4 135 0, S_0x557453433880;
 .timescale -9 -12;
P_0x557453520b60 .param/l "gi" 0 4 135, +C4<0100011110>;
S_0x55745360f190 .scope generate, "g_unflat_final[287]" "g_unflat_final[287]" 4 135, 4 135 0, S_0x557453433880;
 .timescale -9 -12;
P_0x557453520630 .param/l "gi" 0 4 135, +C4<0100011111>;
S_0x55745360f320 .scope generate, "g_unflat_final[288]" "g_unflat_final[288]" 4 135, 4 135 0, S_0x557453433880;
 .timescale -9 -12;
P_0x557453520100 .param/l "gi" 0 4 135, +C4<0100100000>;
S_0x55745360f4b0 .scope generate, "g_unflat_final[289]" "g_unflat_final[289]" 4 135, 4 135 0, S_0x557453433880;
 .timescale -9 -12;
P_0x55745351fbd0 .param/l "gi" 0 4 135, +C4<0100100001>;
S_0x55745360f640 .scope generate, "g_unflat_final[290]" "g_unflat_final[290]" 4 135, 4 135 0, S_0x557453433880;
 .timescale -9 -12;
P_0x5574535ec460 .param/l "gi" 0 4 135, +C4<0100100010>;
S_0x55745360f7d0 .scope generate, "g_unflat_final[291]" "g_unflat_final[291]" 4 135, 4 135 0, S_0x557453433880;
 .timescale -9 -12;
P_0x55745350dba0 .param/l "gi" 0 4 135, +C4<0100100011>;
S_0x55745360f960 .scope generate, "g_unflat_final[292]" "g_unflat_final[292]" 4 135, 4 135 0, S_0x557453433880;
 .timescale -9 -12;
P_0x55745360faf0 .param/l "gi" 0 4 135, +C4<0100100100>;
S_0x55745360fb90 .scope generate, "g_unflat_final[293]" "g_unflat_final[293]" 4 135, 4 135 0, S_0x557453433880;
 .timescale -9 -12;
P_0x55745360fd70 .param/l "gi" 0 4 135, +C4<0100100101>;
S_0x55745360fe10 .scope generate, "g_unflat_final[294]" "g_unflat_final[294]" 4 135, 4 135 0, S_0x557453433880;
 .timescale -9 -12;
P_0x55745360fff0 .param/l "gi" 0 4 135, +C4<0100100110>;
S_0x557453610090 .scope generate, "g_unflat_final[295]" "g_unflat_final[295]" 4 135, 4 135 0, S_0x557453433880;
 .timescale -9 -12;
P_0x557453610270 .param/l "gi" 0 4 135, +C4<0100100111>;
S_0x557453610310 .scope generate, "g_unflat_final[296]" "g_unflat_final[296]" 4 135, 4 135 0, S_0x557453433880;
 .timescale -9 -12;
P_0x5574536104f0 .param/l "gi" 0 4 135, +C4<0100101000>;
S_0x557453610590 .scope generate, "g_unflat_final[297]" "g_unflat_final[297]" 4 135, 4 135 0, S_0x557453433880;
 .timescale -9 -12;
P_0x557453610770 .param/l "gi" 0 4 135, +C4<0100101001>;
S_0x557453610810 .scope generate, "g_unflat_final[298]" "g_unflat_final[298]" 4 135, 4 135 0, S_0x557453433880;
 .timescale -9 -12;
P_0x5574536109f0 .param/l "gi" 0 4 135, +C4<0100101010>;
S_0x557453610a90 .scope generate, "g_unflat_final[299]" "g_unflat_final[299]" 4 135, 4 135 0, S_0x557453433880;
 .timescale -9 -12;
P_0x557453610c70 .param/l "gi" 0 4 135, +C4<0100101011>;
S_0x557453610d10 .scope generate, "g_unflat_final[300]" "g_unflat_final[300]" 4 135, 4 135 0, S_0x557453433880;
 .timescale -9 -12;
P_0x557453610ef0 .param/l "gi" 0 4 135, +C4<0100101100>;
S_0x557453610f90 .scope generate, "g_unflat_final[301]" "g_unflat_final[301]" 4 135, 4 135 0, S_0x557453433880;
 .timescale -9 -12;
P_0x557453611170 .param/l "gi" 0 4 135, +C4<0100101101>;
S_0x557453611210 .scope generate, "g_unflat_final[302]" "g_unflat_final[302]" 4 135, 4 135 0, S_0x557453433880;
 .timescale -9 -12;
P_0x5574536113f0 .param/l "gi" 0 4 135, +C4<0100101110>;
S_0x557453611490 .scope generate, "g_unflat_final[303]" "g_unflat_final[303]" 4 135, 4 135 0, S_0x557453433880;
 .timescale -9 -12;
P_0x557453611670 .param/l "gi" 0 4 135, +C4<0100101111>;
S_0x557453611710 .scope generate, "g_unflat_final[304]" "g_unflat_final[304]" 4 135, 4 135 0, S_0x557453433880;
 .timescale -9 -12;
P_0x5574536118f0 .param/l "gi" 0 4 135, +C4<0100110000>;
S_0x557453611990 .scope generate, "g_unflat_final[305]" "g_unflat_final[305]" 4 135, 4 135 0, S_0x557453433880;
 .timescale -9 -12;
P_0x557453611b70 .param/l "gi" 0 4 135, +C4<0100110001>;
S_0x557453611c10 .scope generate, "g_unflat_final[306]" "g_unflat_final[306]" 4 135, 4 135 0, S_0x557453433880;
 .timescale -9 -12;
P_0x557453611df0 .param/l "gi" 0 4 135, +C4<0100110010>;
S_0x557453611e90 .scope generate, "g_unflat_final[307]" "g_unflat_final[307]" 4 135, 4 135 0, S_0x557453433880;
 .timescale -9 -12;
P_0x557453612070 .param/l "gi" 0 4 135, +C4<0100110011>;
S_0x557453612110 .scope generate, "g_unflat_final[308]" "g_unflat_final[308]" 4 135, 4 135 0, S_0x557453433880;
 .timescale -9 -12;
P_0x5574536122f0 .param/l "gi" 0 4 135, +C4<0100110100>;
S_0x557453612390 .scope generate, "g_unflat_final[309]" "g_unflat_final[309]" 4 135, 4 135 0, S_0x557453433880;
 .timescale -9 -12;
P_0x557453612570 .param/l "gi" 0 4 135, +C4<0100110101>;
S_0x557453612610 .scope generate, "g_unflat_final[310]" "g_unflat_final[310]" 4 135, 4 135 0, S_0x557453433880;
 .timescale -9 -12;
P_0x5574536127f0 .param/l "gi" 0 4 135, +C4<0100110110>;
S_0x557453612890 .scope generate, "g_unflat_final[311]" "g_unflat_final[311]" 4 135, 4 135 0, S_0x557453433880;
 .timescale -9 -12;
P_0x557453612a70 .param/l "gi" 0 4 135, +C4<0100110111>;
S_0x557453612b10 .scope generate, "g_unflat_final[312]" "g_unflat_final[312]" 4 135, 4 135 0, S_0x557453433880;
 .timescale -9 -12;
P_0x557453612cf0 .param/l "gi" 0 4 135, +C4<0100111000>;
S_0x557453612d90 .scope generate, "g_unflat_final[313]" "g_unflat_final[313]" 4 135, 4 135 0, S_0x557453433880;
 .timescale -9 -12;
P_0x557453612f70 .param/l "gi" 0 4 135, +C4<0100111001>;
S_0x557453613010 .scope generate, "g_unflat_final[314]" "g_unflat_final[314]" 4 135, 4 135 0, S_0x557453433880;
 .timescale -9 -12;
P_0x5574536131f0 .param/l "gi" 0 4 135, +C4<0100111010>;
S_0x557453613290 .scope generate, "g_unflat_final[315]" "g_unflat_final[315]" 4 135, 4 135 0, S_0x557453433880;
 .timescale -9 -12;
P_0x557453613470 .param/l "gi" 0 4 135, +C4<0100111011>;
S_0x557453613510 .scope generate, "g_unflat_final[316]" "g_unflat_final[316]" 4 135, 4 135 0, S_0x557453433880;
 .timescale -9 -12;
P_0x5574536136f0 .param/l "gi" 0 4 135, +C4<0100111100>;
S_0x557453613790 .scope generate, "g_unflat_final[317]" "g_unflat_final[317]" 4 135, 4 135 0, S_0x557453433880;
 .timescale -9 -12;
P_0x557453613970 .param/l "gi" 0 4 135, +C4<0100111101>;
S_0x557453613a10 .scope generate, "g_unflat_final[318]" "g_unflat_final[318]" 4 135, 4 135 0, S_0x557453433880;
 .timescale -9 -12;
P_0x557453613bf0 .param/l "gi" 0 4 135, +C4<0100111110>;
S_0x557453613c90 .scope generate, "g_unflat_final[319]" "g_unflat_final[319]" 4 135, 4 135 0, S_0x557453433880;
 .timescale -9 -12;
P_0x557453613e70 .param/l "gi" 0 4 135, +C4<0100111111>;
S_0x557453613f10 .scope generate, "g_unflat_final[320]" "g_unflat_final[320]" 4 135, 4 135 0, S_0x557453433880;
 .timescale -9 -12;
P_0x5574536140f0 .param/l "gi" 0 4 135, +C4<0101000000>;
S_0x557453614190 .scope generate, "g_unflat_final[321]" "g_unflat_final[321]" 4 135, 4 135 0, S_0x557453433880;
 .timescale -9 -12;
P_0x557453614370 .param/l "gi" 0 4 135, +C4<0101000001>;
S_0x557453614410 .scope generate, "g_unflat_final[322]" "g_unflat_final[322]" 4 135, 4 135 0, S_0x557453433880;
 .timescale -9 -12;
P_0x5574536145f0 .param/l "gi" 0 4 135, +C4<0101000010>;
S_0x557453614690 .scope generate, "g_unflat_final[323]" "g_unflat_final[323]" 4 135, 4 135 0, S_0x557453433880;
 .timescale -9 -12;
P_0x557453614870 .param/l "gi" 0 4 135, +C4<0101000011>;
S_0x557453614910 .scope generate, "g_unflat_final[324]" "g_unflat_final[324]" 4 135, 4 135 0, S_0x557453433880;
 .timescale -9 -12;
P_0x557453614af0 .param/l "gi" 0 4 135, +C4<0101000100>;
S_0x557453614b90 .scope generate, "g_unflat_final[325]" "g_unflat_final[325]" 4 135, 4 135 0, S_0x557453433880;
 .timescale -9 -12;
P_0x557453614d70 .param/l "gi" 0 4 135, +C4<0101000101>;
S_0x557453614e10 .scope generate, "g_unflat_final[326]" "g_unflat_final[326]" 4 135, 4 135 0, S_0x557453433880;
 .timescale -9 -12;
P_0x557453614ff0 .param/l "gi" 0 4 135, +C4<0101000110>;
S_0x557453615090 .scope generate, "g_unflat_final[327]" "g_unflat_final[327]" 4 135, 4 135 0, S_0x557453433880;
 .timescale -9 -12;
P_0x557453615270 .param/l "gi" 0 4 135, +C4<0101000111>;
S_0x557453615310 .scope generate, "g_unflat_final[328]" "g_unflat_final[328]" 4 135, 4 135 0, S_0x557453433880;
 .timescale -9 -12;
P_0x5574536154f0 .param/l "gi" 0 4 135, +C4<0101001000>;
S_0x557453615590 .scope generate, "g_unflat_final[329]" "g_unflat_final[329]" 4 135, 4 135 0, S_0x557453433880;
 .timescale -9 -12;
P_0x557453615770 .param/l "gi" 0 4 135, +C4<0101001001>;
S_0x557453615810 .scope generate, "g_unflat_final[330]" "g_unflat_final[330]" 4 135, 4 135 0, S_0x557453433880;
 .timescale -9 -12;
P_0x5574536159f0 .param/l "gi" 0 4 135, +C4<0101001010>;
S_0x557453615a90 .scope generate, "g_unflat_final[331]" "g_unflat_final[331]" 4 135, 4 135 0, S_0x557453433880;
 .timescale -9 -12;
P_0x557453615c70 .param/l "gi" 0 4 135, +C4<0101001011>;
S_0x557453615d10 .scope generate, "g_unflat_final[332]" "g_unflat_final[332]" 4 135, 4 135 0, S_0x557453433880;
 .timescale -9 -12;
P_0x557453615ef0 .param/l "gi" 0 4 135, +C4<0101001100>;
S_0x557453615f90 .scope generate, "g_unflat_final[333]" "g_unflat_final[333]" 4 135, 4 135 0, S_0x557453433880;
 .timescale -9 -12;
P_0x557453616170 .param/l "gi" 0 4 135, +C4<0101001101>;
S_0x557453616210 .scope generate, "g_unflat_final[334]" "g_unflat_final[334]" 4 135, 4 135 0, S_0x557453433880;
 .timescale -9 -12;
P_0x5574536163f0 .param/l "gi" 0 4 135, +C4<0101001110>;
S_0x557453616490 .scope generate, "g_unflat_final[335]" "g_unflat_final[335]" 4 135, 4 135 0, S_0x557453433880;
 .timescale -9 -12;
P_0x557453616670 .param/l "gi" 0 4 135, +C4<0101001111>;
S_0x557453616710 .scope generate, "g_unflat_final[336]" "g_unflat_final[336]" 4 135, 4 135 0, S_0x557453433880;
 .timescale -9 -12;
P_0x5574536168f0 .param/l "gi" 0 4 135, +C4<0101010000>;
S_0x557453616990 .scope generate, "g_unflat_final[337]" "g_unflat_final[337]" 4 135, 4 135 0, S_0x557453433880;
 .timescale -9 -12;
P_0x557453616b70 .param/l "gi" 0 4 135, +C4<0101010001>;
S_0x557453616c10 .scope generate, "g_unflat_final[338]" "g_unflat_final[338]" 4 135, 4 135 0, S_0x557453433880;
 .timescale -9 -12;
P_0x557453616df0 .param/l "gi" 0 4 135, +C4<0101010010>;
S_0x557453616e90 .scope generate, "g_unflat_final[339]" "g_unflat_final[339]" 4 135, 4 135 0, S_0x557453433880;
 .timescale -9 -12;
P_0x557453617070 .param/l "gi" 0 4 135, +C4<0101010011>;
S_0x557453617110 .scope generate, "g_unflat_final[340]" "g_unflat_final[340]" 4 135, 4 135 0, S_0x557453433880;
 .timescale -9 -12;
P_0x5574536172f0 .param/l "gi" 0 4 135, +C4<0101010100>;
S_0x557453617390 .scope generate, "g_unflat_final[341]" "g_unflat_final[341]" 4 135, 4 135 0, S_0x557453433880;
 .timescale -9 -12;
P_0x557453617570 .param/l "gi" 0 4 135, +C4<0101010101>;
S_0x557453617610 .scope generate, "g_unflat_final[342]" "g_unflat_final[342]" 4 135, 4 135 0, S_0x557453433880;
 .timescale -9 -12;
P_0x5574536177f0 .param/l "gi" 0 4 135, +C4<0101010110>;
S_0x557453617890 .scope generate, "g_unflat_final[343]" "g_unflat_final[343]" 4 135, 4 135 0, S_0x557453433880;
 .timescale -9 -12;
P_0x557453617a70 .param/l "gi" 0 4 135, +C4<0101010111>;
S_0x557453617b10 .scope generate, "g_unflat_final[344]" "g_unflat_final[344]" 4 135, 4 135 0, S_0x557453433880;
 .timescale -9 -12;
P_0x557453617cf0 .param/l "gi" 0 4 135, +C4<0101011000>;
S_0x557453617d90 .scope generate, "g_unflat_final[345]" "g_unflat_final[345]" 4 135, 4 135 0, S_0x557453433880;
 .timescale -9 -12;
P_0x557453617f70 .param/l "gi" 0 4 135, +C4<0101011001>;
S_0x557453618010 .scope generate, "g_unflat_final[346]" "g_unflat_final[346]" 4 135, 4 135 0, S_0x557453433880;
 .timescale -9 -12;
P_0x5574536181f0 .param/l "gi" 0 4 135, +C4<0101011010>;
S_0x557453618290 .scope generate, "g_unflat_final[347]" "g_unflat_final[347]" 4 135, 4 135 0, S_0x557453433880;
 .timescale -9 -12;
P_0x557453618470 .param/l "gi" 0 4 135, +C4<0101011011>;
S_0x557453618510 .scope generate, "g_unflat_final[348]" "g_unflat_final[348]" 4 135, 4 135 0, S_0x557453433880;
 .timescale -9 -12;
P_0x5574536186f0 .param/l "gi" 0 4 135, +C4<0101011100>;
S_0x557453618790 .scope generate, "g_unflat_final[349]" "g_unflat_final[349]" 4 135, 4 135 0, S_0x557453433880;
 .timescale -9 -12;
P_0x557453618970 .param/l "gi" 0 4 135, +C4<0101011101>;
S_0x557453618a10 .scope generate, "g_unflat_final[350]" "g_unflat_final[350]" 4 135, 4 135 0, S_0x557453433880;
 .timescale -9 -12;
P_0x557453618bf0 .param/l "gi" 0 4 135, +C4<0101011110>;
S_0x557453618c90 .scope generate, "g_unflat_final[351]" "g_unflat_final[351]" 4 135, 4 135 0, S_0x557453433880;
 .timescale -9 -12;
P_0x557453618e70 .param/l "gi" 0 4 135, +C4<0101011111>;
S_0x557453618f10 .scope generate, "g_unflat_final[352]" "g_unflat_final[352]" 4 135, 4 135 0, S_0x557453433880;
 .timescale -9 -12;
P_0x5574536190f0 .param/l "gi" 0 4 135, +C4<0101100000>;
S_0x557453619190 .scope generate, "g_unflat_final[353]" "g_unflat_final[353]" 4 135, 4 135 0, S_0x557453433880;
 .timescale -9 -12;
P_0x557453619370 .param/l "gi" 0 4 135, +C4<0101100001>;
S_0x557453619410 .scope generate, "g_unflat_final[354]" "g_unflat_final[354]" 4 135, 4 135 0, S_0x557453433880;
 .timescale -9 -12;
P_0x5574536195f0 .param/l "gi" 0 4 135, +C4<0101100010>;
S_0x557453619690 .scope generate, "g_unflat_final[355]" "g_unflat_final[355]" 4 135, 4 135 0, S_0x557453433880;
 .timescale -9 -12;
P_0x557453619870 .param/l "gi" 0 4 135, +C4<0101100011>;
S_0x557453619910 .scope generate, "g_unflat_final[356]" "g_unflat_final[356]" 4 135, 4 135 0, S_0x557453433880;
 .timescale -9 -12;
P_0x557453619af0 .param/l "gi" 0 4 135, +C4<0101100100>;
S_0x557453619b90 .scope generate, "g_unflat_final[357]" "g_unflat_final[357]" 4 135, 4 135 0, S_0x557453433880;
 .timescale -9 -12;
P_0x557453619d70 .param/l "gi" 0 4 135, +C4<0101100101>;
S_0x557453619e10 .scope generate, "g_unflat_final[358]" "g_unflat_final[358]" 4 135, 4 135 0, S_0x557453433880;
 .timescale -9 -12;
P_0x557453619ff0 .param/l "gi" 0 4 135, +C4<0101100110>;
S_0x55745361a090 .scope generate, "g_unflat_final[359]" "g_unflat_final[359]" 4 135, 4 135 0, S_0x557453433880;
 .timescale -9 -12;
P_0x55745361a270 .param/l "gi" 0 4 135, +C4<0101100111>;
S_0x55745361a310 .scope generate, "g_unflat_final[360]" "g_unflat_final[360]" 4 135, 4 135 0, S_0x557453433880;
 .timescale -9 -12;
P_0x55745361a4f0 .param/l "gi" 0 4 135, +C4<0101101000>;
S_0x55745361a590 .scope generate, "g_unflat_final[361]" "g_unflat_final[361]" 4 135, 4 135 0, S_0x557453433880;
 .timescale -9 -12;
P_0x55745361a770 .param/l "gi" 0 4 135, +C4<0101101001>;
S_0x55745361a810 .scope generate, "g_unflat_final[362]" "g_unflat_final[362]" 4 135, 4 135 0, S_0x557453433880;
 .timescale -9 -12;
P_0x55745361a9f0 .param/l "gi" 0 4 135, +C4<0101101010>;
S_0x55745361aa90 .scope generate, "g_unflat_final[363]" "g_unflat_final[363]" 4 135, 4 135 0, S_0x557453433880;
 .timescale -9 -12;
P_0x55745361ac70 .param/l "gi" 0 4 135, +C4<0101101011>;
S_0x55745361ad10 .scope generate, "g_unflat_final[364]" "g_unflat_final[364]" 4 135, 4 135 0, S_0x557453433880;
 .timescale -9 -12;
P_0x55745361aef0 .param/l "gi" 0 4 135, +C4<0101101100>;
S_0x55745361af90 .scope generate, "g_unflat_final[365]" "g_unflat_final[365]" 4 135, 4 135 0, S_0x557453433880;
 .timescale -9 -12;
P_0x55745361b170 .param/l "gi" 0 4 135, +C4<0101101101>;
S_0x55745361b210 .scope generate, "g_unflat_final[366]" "g_unflat_final[366]" 4 135, 4 135 0, S_0x557453433880;
 .timescale -9 -12;
P_0x55745361b3f0 .param/l "gi" 0 4 135, +C4<0101101110>;
S_0x55745361b490 .scope generate, "g_unflat_final[367]" "g_unflat_final[367]" 4 135, 4 135 0, S_0x557453433880;
 .timescale -9 -12;
P_0x55745361b670 .param/l "gi" 0 4 135, +C4<0101101111>;
S_0x55745361b710 .scope generate, "g_unflat_final[368]" "g_unflat_final[368]" 4 135, 4 135 0, S_0x557453433880;
 .timescale -9 -12;
P_0x55745361b8f0 .param/l "gi" 0 4 135, +C4<0101110000>;
S_0x55745361b990 .scope generate, "g_unflat_final[369]" "g_unflat_final[369]" 4 135, 4 135 0, S_0x557453433880;
 .timescale -9 -12;
P_0x55745361bb70 .param/l "gi" 0 4 135, +C4<0101110001>;
S_0x55745361bc10 .scope generate, "g_unflat_final[370]" "g_unflat_final[370]" 4 135, 4 135 0, S_0x557453433880;
 .timescale -9 -12;
P_0x55745361bdf0 .param/l "gi" 0 4 135, +C4<0101110010>;
S_0x55745361be90 .scope generate, "g_unflat_final[371]" "g_unflat_final[371]" 4 135, 4 135 0, S_0x557453433880;
 .timescale -9 -12;
P_0x55745361c070 .param/l "gi" 0 4 135, +C4<0101110011>;
S_0x55745361c110 .scope generate, "g_unflat_final[372]" "g_unflat_final[372]" 4 135, 4 135 0, S_0x557453433880;
 .timescale -9 -12;
P_0x55745361c2f0 .param/l "gi" 0 4 135, +C4<0101110100>;
S_0x55745361c390 .scope generate, "g_unflat_final[373]" "g_unflat_final[373]" 4 135, 4 135 0, S_0x557453433880;
 .timescale -9 -12;
P_0x55745361c570 .param/l "gi" 0 4 135, +C4<0101110101>;
S_0x55745361c610 .scope generate, "g_unflat_final[374]" "g_unflat_final[374]" 4 135, 4 135 0, S_0x557453433880;
 .timescale -9 -12;
P_0x55745361c7f0 .param/l "gi" 0 4 135, +C4<0101110110>;
S_0x55745361c890 .scope generate, "g_unflat_final[375]" "g_unflat_final[375]" 4 135, 4 135 0, S_0x557453433880;
 .timescale -9 -12;
P_0x55745361ca70 .param/l "gi" 0 4 135, +C4<0101110111>;
S_0x55745361cb10 .scope generate, "g_unflat_final[376]" "g_unflat_final[376]" 4 135, 4 135 0, S_0x557453433880;
 .timescale -9 -12;
P_0x55745361ccf0 .param/l "gi" 0 4 135, +C4<0101111000>;
S_0x55745361cd90 .scope generate, "g_unflat_final[377]" "g_unflat_final[377]" 4 135, 4 135 0, S_0x557453433880;
 .timescale -9 -12;
P_0x55745361cf70 .param/l "gi" 0 4 135, +C4<0101111001>;
S_0x55745361d010 .scope generate, "g_unflat_final[378]" "g_unflat_final[378]" 4 135, 4 135 0, S_0x557453433880;
 .timescale -9 -12;
P_0x55745361d1f0 .param/l "gi" 0 4 135, +C4<0101111010>;
S_0x55745361d290 .scope generate, "g_unflat_final[379]" "g_unflat_final[379]" 4 135, 4 135 0, S_0x557453433880;
 .timescale -9 -12;
P_0x55745361d470 .param/l "gi" 0 4 135, +C4<0101111011>;
S_0x55745361d510 .scope generate, "g_unflat_final[380]" "g_unflat_final[380]" 4 135, 4 135 0, S_0x557453433880;
 .timescale -9 -12;
P_0x55745361d6f0 .param/l "gi" 0 4 135, +C4<0101111100>;
S_0x55745361d790 .scope generate, "g_unflat_final[381]" "g_unflat_final[381]" 4 135, 4 135 0, S_0x557453433880;
 .timescale -9 -12;
P_0x55745361d970 .param/l "gi" 0 4 135, +C4<0101111101>;
S_0x55745361da10 .scope generate, "g_unflat_final[382]" "g_unflat_final[382]" 4 135, 4 135 0, S_0x557453433880;
 .timescale -9 -12;
P_0x55745361dbf0 .param/l "gi" 0 4 135, +C4<0101111110>;
S_0x55745361dc90 .scope generate, "g_unflat_final[383]" "g_unflat_final[383]" 4 135, 4 135 0, S_0x557453433880;
 .timescale -9 -12;
P_0x55745361de70 .param/l "gi" 0 4 135, +C4<0101111111>;
S_0x55745361df10 .scope generate, "g_unflat_final[384]" "g_unflat_final[384]" 4 135, 4 135 0, S_0x557453433880;
 .timescale -9 -12;
P_0x55745361e0f0 .param/l "gi" 0 4 135, +C4<0110000000>;
S_0x55745361e190 .scope generate, "g_unflat_final[385]" "g_unflat_final[385]" 4 135, 4 135 0, S_0x557453433880;
 .timescale -9 -12;
P_0x55745361e370 .param/l "gi" 0 4 135, +C4<0110000001>;
S_0x55745361e410 .scope generate, "g_unflat_final[386]" "g_unflat_final[386]" 4 135, 4 135 0, S_0x557453433880;
 .timescale -9 -12;
P_0x55745361e5f0 .param/l "gi" 0 4 135, +C4<0110000010>;
S_0x55745361e690 .scope generate, "g_unflat_final[387]" "g_unflat_final[387]" 4 135, 4 135 0, S_0x557453433880;
 .timescale -9 -12;
P_0x55745361e870 .param/l "gi" 0 4 135, +C4<0110000011>;
S_0x55745361e910 .scope generate, "g_unflat_final[388]" "g_unflat_final[388]" 4 135, 4 135 0, S_0x557453433880;
 .timescale -9 -12;
P_0x55745361eaf0 .param/l "gi" 0 4 135, +C4<0110000100>;
S_0x55745361eb90 .scope generate, "g_unflat_final[389]" "g_unflat_final[389]" 4 135, 4 135 0, S_0x557453433880;
 .timescale -9 -12;
P_0x55745361ed70 .param/l "gi" 0 4 135, +C4<0110000101>;
S_0x55745361ee10 .scope generate, "g_unflat_final[390]" "g_unflat_final[390]" 4 135, 4 135 0, S_0x557453433880;
 .timescale -9 -12;
P_0x55745361eff0 .param/l "gi" 0 4 135, +C4<0110000110>;
S_0x55745361f090 .scope generate, "g_unflat_final[391]" "g_unflat_final[391]" 4 135, 4 135 0, S_0x557453433880;
 .timescale -9 -12;
P_0x55745361f270 .param/l "gi" 0 4 135, +C4<0110000111>;
S_0x55745361f310 .scope generate, "g_unflat_final[392]" "g_unflat_final[392]" 4 135, 4 135 0, S_0x557453433880;
 .timescale -9 -12;
P_0x55745361f4f0 .param/l "gi" 0 4 135, +C4<0110001000>;
S_0x55745361f590 .scope generate, "g_unflat_final[393]" "g_unflat_final[393]" 4 135, 4 135 0, S_0x557453433880;
 .timescale -9 -12;
P_0x55745361f770 .param/l "gi" 0 4 135, +C4<0110001001>;
S_0x55745361f810 .scope generate, "g_unflat_final[394]" "g_unflat_final[394]" 4 135, 4 135 0, S_0x557453433880;
 .timescale -9 -12;
P_0x55745361f9f0 .param/l "gi" 0 4 135, +C4<0110001010>;
S_0x55745361fa90 .scope generate, "g_unflat_final[395]" "g_unflat_final[395]" 4 135, 4 135 0, S_0x557453433880;
 .timescale -9 -12;
P_0x55745361fc70 .param/l "gi" 0 4 135, +C4<0110001011>;
S_0x55745361fd10 .scope generate, "g_unflat_final[396]" "g_unflat_final[396]" 4 135, 4 135 0, S_0x557453433880;
 .timescale -9 -12;
P_0x55745361fef0 .param/l "gi" 0 4 135, +C4<0110001100>;
S_0x55745361ff90 .scope generate, "g_unflat_final[397]" "g_unflat_final[397]" 4 135, 4 135 0, S_0x557453433880;
 .timescale -9 -12;
P_0x557453620170 .param/l "gi" 0 4 135, +C4<0110001101>;
S_0x557453620210 .scope generate, "g_unflat_final[398]" "g_unflat_final[398]" 4 135, 4 135 0, S_0x557453433880;
 .timescale -9 -12;
P_0x5574536203f0 .param/l "gi" 0 4 135, +C4<0110001110>;
S_0x557453620490 .scope generate, "g_unflat_final[399]" "g_unflat_final[399]" 4 135, 4 135 0, S_0x557453433880;
 .timescale -9 -12;
P_0x557453620670 .param/l "gi" 0 4 135, +C4<0110001111>;
S_0x557453620710 .scope generate, "g_unflat_final[400]" "g_unflat_final[400]" 4 135, 4 135 0, S_0x557453433880;
 .timescale -9 -12;
P_0x5574536208f0 .param/l "gi" 0 4 135, +C4<0110010000>;
S_0x557453620990 .scope generate, "g_unflat_final[401]" "g_unflat_final[401]" 4 135, 4 135 0, S_0x557453433880;
 .timescale -9 -12;
P_0x557453620b70 .param/l "gi" 0 4 135, +C4<0110010001>;
S_0x557453620c10 .scope generate, "g_unflat_final[402]" "g_unflat_final[402]" 4 135, 4 135 0, S_0x557453433880;
 .timescale -9 -12;
P_0x557453620df0 .param/l "gi" 0 4 135, +C4<0110010010>;
S_0x557453620e90 .scope generate, "g_unflat_final[403]" "g_unflat_final[403]" 4 135, 4 135 0, S_0x557453433880;
 .timescale -9 -12;
P_0x557453621070 .param/l "gi" 0 4 135, +C4<0110010011>;
S_0x557453621110 .scope generate, "g_unflat_final[404]" "g_unflat_final[404]" 4 135, 4 135 0, S_0x557453433880;
 .timescale -9 -12;
P_0x5574536212f0 .param/l "gi" 0 4 135, +C4<0110010100>;
S_0x557453621390 .scope generate, "g_unflat_final[405]" "g_unflat_final[405]" 4 135, 4 135 0, S_0x557453433880;
 .timescale -9 -12;
P_0x557453621570 .param/l "gi" 0 4 135, +C4<0110010101>;
S_0x557453621610 .scope generate, "g_unflat_final[406]" "g_unflat_final[406]" 4 135, 4 135 0, S_0x557453433880;
 .timescale -9 -12;
P_0x5574536217f0 .param/l "gi" 0 4 135, +C4<0110010110>;
S_0x557453621890 .scope generate, "g_unflat_final[407]" "g_unflat_final[407]" 4 135, 4 135 0, S_0x557453433880;
 .timescale -9 -12;
P_0x557453621a70 .param/l "gi" 0 4 135, +C4<0110010111>;
S_0x557453621b10 .scope generate, "g_unflat_final[408]" "g_unflat_final[408]" 4 135, 4 135 0, S_0x557453433880;
 .timescale -9 -12;
P_0x557453621cf0 .param/l "gi" 0 4 135, +C4<0110011000>;
S_0x557453621d90 .scope generate, "g_unflat_final[409]" "g_unflat_final[409]" 4 135, 4 135 0, S_0x557453433880;
 .timescale -9 -12;
P_0x557453621f70 .param/l "gi" 0 4 135, +C4<0110011001>;
S_0x557453622010 .scope generate, "g_unflat_final[410]" "g_unflat_final[410]" 4 135, 4 135 0, S_0x557453433880;
 .timescale -9 -12;
P_0x5574536221f0 .param/l "gi" 0 4 135, +C4<0110011010>;
S_0x557453622290 .scope generate, "g_unflat_final[411]" "g_unflat_final[411]" 4 135, 4 135 0, S_0x557453433880;
 .timescale -9 -12;
P_0x557453622470 .param/l "gi" 0 4 135, +C4<0110011011>;
S_0x557453622510 .scope generate, "g_unflat_final[412]" "g_unflat_final[412]" 4 135, 4 135 0, S_0x557453433880;
 .timescale -9 -12;
P_0x5574536226f0 .param/l "gi" 0 4 135, +C4<0110011100>;
S_0x557453622790 .scope generate, "g_unflat_final[413]" "g_unflat_final[413]" 4 135, 4 135 0, S_0x557453433880;
 .timescale -9 -12;
P_0x557453622970 .param/l "gi" 0 4 135, +C4<0110011101>;
S_0x557453622a10 .scope generate, "g_unflat_final[414]" "g_unflat_final[414]" 4 135, 4 135 0, S_0x557453433880;
 .timescale -9 -12;
P_0x557453622bf0 .param/l "gi" 0 4 135, +C4<0110011110>;
S_0x557453622c90 .scope generate, "g_unflat_final[415]" "g_unflat_final[415]" 4 135, 4 135 0, S_0x557453433880;
 .timescale -9 -12;
P_0x557453622e70 .param/l "gi" 0 4 135, +C4<0110011111>;
S_0x557453622f10 .scope generate, "g_unflat_final[416]" "g_unflat_final[416]" 4 135, 4 135 0, S_0x557453433880;
 .timescale -9 -12;
P_0x5574536230f0 .param/l "gi" 0 4 135, +C4<0110100000>;
S_0x557453623190 .scope generate, "g_unflat_final[417]" "g_unflat_final[417]" 4 135, 4 135 0, S_0x557453433880;
 .timescale -9 -12;
P_0x557453623370 .param/l "gi" 0 4 135, +C4<0110100001>;
S_0x557453623410 .scope generate, "g_unflat_final[418]" "g_unflat_final[418]" 4 135, 4 135 0, S_0x557453433880;
 .timescale -9 -12;
P_0x5574536235f0 .param/l "gi" 0 4 135, +C4<0110100010>;
S_0x557453623690 .scope generate, "g_unflat_final[419]" "g_unflat_final[419]" 4 135, 4 135 0, S_0x557453433880;
 .timescale -9 -12;
P_0x557453623870 .param/l "gi" 0 4 135, +C4<0110100011>;
S_0x557453623910 .scope generate, "g_unflat_final[420]" "g_unflat_final[420]" 4 135, 4 135 0, S_0x557453433880;
 .timescale -9 -12;
P_0x557453623af0 .param/l "gi" 0 4 135, +C4<0110100100>;
S_0x557453623b90 .scope generate, "g_unflat_final[421]" "g_unflat_final[421]" 4 135, 4 135 0, S_0x557453433880;
 .timescale -9 -12;
P_0x557453623d70 .param/l "gi" 0 4 135, +C4<0110100101>;
S_0x557453623e10 .scope generate, "g_unflat_final[422]" "g_unflat_final[422]" 4 135, 4 135 0, S_0x557453433880;
 .timescale -9 -12;
P_0x557453623ff0 .param/l "gi" 0 4 135, +C4<0110100110>;
S_0x557453624090 .scope generate, "g_unflat_final[423]" "g_unflat_final[423]" 4 135, 4 135 0, S_0x557453433880;
 .timescale -9 -12;
P_0x557453624270 .param/l "gi" 0 4 135, +C4<0110100111>;
S_0x557453624310 .scope generate, "g_unflat_final[424]" "g_unflat_final[424]" 4 135, 4 135 0, S_0x557453433880;
 .timescale -9 -12;
P_0x5574536244f0 .param/l "gi" 0 4 135, +C4<0110101000>;
S_0x557453624590 .scope generate, "g_unflat_final[425]" "g_unflat_final[425]" 4 135, 4 135 0, S_0x557453433880;
 .timescale -9 -12;
P_0x557453624770 .param/l "gi" 0 4 135, +C4<0110101001>;
S_0x557453624810 .scope generate, "g_unflat_final[426]" "g_unflat_final[426]" 4 135, 4 135 0, S_0x557453433880;
 .timescale -9 -12;
P_0x5574536249f0 .param/l "gi" 0 4 135, +C4<0110101010>;
S_0x557453624a90 .scope generate, "g_unflat_final[427]" "g_unflat_final[427]" 4 135, 4 135 0, S_0x557453433880;
 .timescale -9 -12;
P_0x557453624c70 .param/l "gi" 0 4 135, +C4<0110101011>;
S_0x557453624d10 .scope generate, "g_unflat_final[428]" "g_unflat_final[428]" 4 135, 4 135 0, S_0x557453433880;
 .timescale -9 -12;
P_0x557453624ef0 .param/l "gi" 0 4 135, +C4<0110101100>;
S_0x557453624f90 .scope generate, "g_unflat_final[429]" "g_unflat_final[429]" 4 135, 4 135 0, S_0x557453433880;
 .timescale -9 -12;
P_0x557453625170 .param/l "gi" 0 4 135, +C4<0110101101>;
S_0x557453625210 .scope generate, "g_unflat_final[430]" "g_unflat_final[430]" 4 135, 4 135 0, S_0x557453433880;
 .timescale -9 -12;
P_0x5574536253f0 .param/l "gi" 0 4 135, +C4<0110101110>;
S_0x557453625490 .scope generate, "g_unflat_final[431]" "g_unflat_final[431]" 4 135, 4 135 0, S_0x557453433880;
 .timescale -9 -12;
P_0x557453625670 .param/l "gi" 0 4 135, +C4<0110101111>;
S_0x557453625710 .scope generate, "g_unflat_final[432]" "g_unflat_final[432]" 4 135, 4 135 0, S_0x557453433880;
 .timescale -9 -12;
P_0x5574536258f0 .param/l "gi" 0 4 135, +C4<0110110000>;
S_0x557453625990 .scope generate, "g_unflat_final[433]" "g_unflat_final[433]" 4 135, 4 135 0, S_0x557453433880;
 .timescale -9 -12;
P_0x557453625b70 .param/l "gi" 0 4 135, +C4<0110110001>;
S_0x557453625c10 .scope generate, "g_unflat_final[434]" "g_unflat_final[434]" 4 135, 4 135 0, S_0x557453433880;
 .timescale -9 -12;
P_0x557453625df0 .param/l "gi" 0 4 135, +C4<0110110010>;
S_0x557453625e90 .scope generate, "g_unflat_final[435]" "g_unflat_final[435]" 4 135, 4 135 0, S_0x557453433880;
 .timescale -9 -12;
P_0x557453626070 .param/l "gi" 0 4 135, +C4<0110110011>;
S_0x557453626110 .scope generate, "g_unflat_final[436]" "g_unflat_final[436]" 4 135, 4 135 0, S_0x557453433880;
 .timescale -9 -12;
P_0x557453626310 .param/l "gi" 0 4 135, +C4<0110110100>;
S_0x5574536263d0 .scope generate, "g_unflat_final[437]" "g_unflat_final[437]" 4 135, 4 135 0, S_0x557453433880;
 .timescale -9 -12;
P_0x5574536265d0 .param/l "gi" 0 4 135, +C4<0110110101>;
S_0x557453626690 .scope generate, "g_unflat_final[438]" "g_unflat_final[438]" 4 135, 4 135 0, S_0x557453433880;
 .timescale -9 -12;
P_0x557453626890 .param/l "gi" 0 4 135, +C4<0110110110>;
S_0x557453626950 .scope generate, "g_unflat_final[439]" "g_unflat_final[439]" 4 135, 4 135 0, S_0x557453433880;
 .timescale -9 -12;
P_0x557453626b50 .param/l "gi" 0 4 135, +C4<0110110111>;
S_0x557453626c10 .scope generate, "g_unflat_final[440]" "g_unflat_final[440]" 4 135, 4 135 0, S_0x557453433880;
 .timescale -9 -12;
P_0x557453626e10 .param/l "gi" 0 4 135, +C4<0110111000>;
S_0x557453626ed0 .scope generate, "g_unflat_final[441]" "g_unflat_final[441]" 4 135, 4 135 0, S_0x557453433880;
 .timescale -9 -12;
P_0x5574536270d0 .param/l "gi" 0 4 135, +C4<0110111001>;
S_0x557453627190 .scope generate, "g_unflat_final[442]" "g_unflat_final[442]" 4 135, 4 135 0, S_0x557453433880;
 .timescale -9 -12;
P_0x557453627390 .param/l "gi" 0 4 135, +C4<0110111010>;
S_0x557453627450 .scope generate, "g_unflat_final[443]" "g_unflat_final[443]" 4 135, 4 135 0, S_0x557453433880;
 .timescale -9 -12;
P_0x557453627650 .param/l "gi" 0 4 135, +C4<0110111011>;
S_0x557453627710 .scope generate, "g_unflat_final[444]" "g_unflat_final[444]" 4 135, 4 135 0, S_0x557453433880;
 .timescale -9 -12;
P_0x557453627910 .param/l "gi" 0 4 135, +C4<0110111100>;
S_0x5574536279d0 .scope generate, "g_unflat_final[445]" "g_unflat_final[445]" 4 135, 4 135 0, S_0x557453433880;
 .timescale -9 -12;
P_0x557453627bd0 .param/l "gi" 0 4 135, +C4<0110111101>;
S_0x557453627c90 .scope generate, "g_unflat_final[446]" "g_unflat_final[446]" 4 135, 4 135 0, S_0x557453433880;
 .timescale -9 -12;
P_0x557453627e90 .param/l "gi" 0 4 135, +C4<0110111110>;
S_0x557453627f50 .scope generate, "g_unflat_final[447]" "g_unflat_final[447]" 4 135, 4 135 0, S_0x557453433880;
 .timescale -9 -12;
P_0x557453628150 .param/l "gi" 0 4 135, +C4<0110111111>;
S_0x557453628210 .scope generate, "g_unflat_final[448]" "g_unflat_final[448]" 4 135, 4 135 0, S_0x557453433880;
 .timescale -9 -12;
P_0x557453628410 .param/l "gi" 0 4 135, +C4<0111000000>;
S_0x5574536284d0 .scope generate, "g_unflat_final[449]" "g_unflat_final[449]" 4 135, 4 135 0, S_0x557453433880;
 .timescale -9 -12;
P_0x5574536286d0 .param/l "gi" 0 4 135, +C4<0111000001>;
S_0x557453628790 .scope generate, "g_unflat_final[450]" "g_unflat_final[450]" 4 135, 4 135 0, S_0x557453433880;
 .timescale -9 -12;
P_0x557453628990 .param/l "gi" 0 4 135, +C4<0111000010>;
S_0x557453628a50 .scope generate, "g_unflat_final[451]" "g_unflat_final[451]" 4 135, 4 135 0, S_0x557453433880;
 .timescale -9 -12;
P_0x557453628c50 .param/l "gi" 0 4 135, +C4<0111000011>;
S_0x557453628d10 .scope generate, "g_unflat_final[452]" "g_unflat_final[452]" 4 135, 4 135 0, S_0x557453433880;
 .timescale -9 -12;
P_0x557453628f10 .param/l "gi" 0 4 135, +C4<0111000100>;
S_0x557453628fd0 .scope generate, "g_unflat_final[453]" "g_unflat_final[453]" 4 135, 4 135 0, S_0x557453433880;
 .timescale -9 -12;
P_0x5574536291d0 .param/l "gi" 0 4 135, +C4<0111000101>;
S_0x557453629290 .scope generate, "g_unflat_final[454]" "g_unflat_final[454]" 4 135, 4 135 0, S_0x557453433880;
 .timescale -9 -12;
P_0x557453629490 .param/l "gi" 0 4 135, +C4<0111000110>;
S_0x557453629550 .scope generate, "g_unflat_final[455]" "g_unflat_final[455]" 4 135, 4 135 0, S_0x557453433880;
 .timescale -9 -12;
P_0x557453629750 .param/l "gi" 0 4 135, +C4<0111000111>;
S_0x557453629810 .scope generate, "g_unflat_final[456]" "g_unflat_final[456]" 4 135, 4 135 0, S_0x557453433880;
 .timescale -9 -12;
P_0x557453629a10 .param/l "gi" 0 4 135, +C4<0111001000>;
S_0x557453629ad0 .scope generate, "g_unflat_final[457]" "g_unflat_final[457]" 4 135, 4 135 0, S_0x557453433880;
 .timescale -9 -12;
P_0x557453629cd0 .param/l "gi" 0 4 135, +C4<0111001001>;
S_0x557453629d90 .scope generate, "g_unflat_final[458]" "g_unflat_final[458]" 4 135, 4 135 0, S_0x557453433880;
 .timescale -9 -12;
P_0x557453629f90 .param/l "gi" 0 4 135, +C4<0111001010>;
S_0x55745362a050 .scope generate, "g_unflat_final[459]" "g_unflat_final[459]" 4 135, 4 135 0, S_0x557453433880;
 .timescale -9 -12;
P_0x55745362a250 .param/l "gi" 0 4 135, +C4<0111001011>;
S_0x55745362a310 .scope generate, "g_unflat_final[460]" "g_unflat_final[460]" 4 135, 4 135 0, S_0x557453433880;
 .timescale -9 -12;
P_0x55745362a510 .param/l "gi" 0 4 135, +C4<0111001100>;
S_0x55745362a5d0 .scope generate, "g_unflat_final[461]" "g_unflat_final[461]" 4 135, 4 135 0, S_0x557453433880;
 .timescale -9 -12;
P_0x55745362a7d0 .param/l "gi" 0 4 135, +C4<0111001101>;
S_0x55745362a890 .scope generate, "g_unflat_final[462]" "g_unflat_final[462]" 4 135, 4 135 0, S_0x557453433880;
 .timescale -9 -12;
P_0x55745362aa90 .param/l "gi" 0 4 135, +C4<0111001110>;
S_0x55745362ab50 .scope generate, "g_unflat_final[463]" "g_unflat_final[463]" 4 135, 4 135 0, S_0x557453433880;
 .timescale -9 -12;
P_0x55745362ad50 .param/l "gi" 0 4 135, +C4<0111001111>;
S_0x55745362ae10 .scope generate, "g_unflat_final[464]" "g_unflat_final[464]" 4 135, 4 135 0, S_0x557453433880;
 .timescale -9 -12;
P_0x55745362b010 .param/l "gi" 0 4 135, +C4<0111010000>;
S_0x55745362b0d0 .scope generate, "g_unflat_final[465]" "g_unflat_final[465]" 4 135, 4 135 0, S_0x557453433880;
 .timescale -9 -12;
P_0x55745362b2d0 .param/l "gi" 0 4 135, +C4<0111010001>;
S_0x55745362b390 .scope generate, "g_unflat_final[466]" "g_unflat_final[466]" 4 135, 4 135 0, S_0x557453433880;
 .timescale -9 -12;
P_0x55745362b590 .param/l "gi" 0 4 135, +C4<0111010010>;
S_0x55745362b650 .scope generate, "g_unflat_final[467]" "g_unflat_final[467]" 4 135, 4 135 0, S_0x557453433880;
 .timescale -9 -12;
P_0x55745362b850 .param/l "gi" 0 4 135, +C4<0111010011>;
S_0x55745362b910 .scope generate, "g_unflat_final[468]" "g_unflat_final[468]" 4 135, 4 135 0, S_0x557453433880;
 .timescale -9 -12;
P_0x55745362bb10 .param/l "gi" 0 4 135, +C4<0111010100>;
S_0x55745362bbd0 .scope generate, "g_unflat_final[469]" "g_unflat_final[469]" 4 135, 4 135 0, S_0x557453433880;
 .timescale -9 -12;
P_0x55745362bdd0 .param/l "gi" 0 4 135, +C4<0111010101>;
S_0x55745362be90 .scope generate, "g_unflat_final[470]" "g_unflat_final[470]" 4 135, 4 135 0, S_0x557453433880;
 .timescale -9 -12;
P_0x55745362c090 .param/l "gi" 0 4 135, +C4<0111010110>;
S_0x55745362c150 .scope generate, "g_unflat_final[471]" "g_unflat_final[471]" 4 135, 4 135 0, S_0x557453433880;
 .timescale -9 -12;
P_0x55745362c350 .param/l "gi" 0 4 135, +C4<0111010111>;
S_0x55745362c410 .scope generate, "g_unflat_final[472]" "g_unflat_final[472]" 4 135, 4 135 0, S_0x557453433880;
 .timescale -9 -12;
P_0x55745362c610 .param/l "gi" 0 4 135, +C4<0111011000>;
S_0x55745362c6d0 .scope generate, "g_unflat_final[473]" "g_unflat_final[473]" 4 135, 4 135 0, S_0x557453433880;
 .timescale -9 -12;
P_0x55745362c8d0 .param/l "gi" 0 4 135, +C4<0111011001>;
S_0x55745362c990 .scope generate, "g_unflat_final[474]" "g_unflat_final[474]" 4 135, 4 135 0, S_0x557453433880;
 .timescale -9 -12;
P_0x55745362cb90 .param/l "gi" 0 4 135, +C4<0111011010>;
S_0x55745362cc50 .scope generate, "g_unflat_final[475]" "g_unflat_final[475]" 4 135, 4 135 0, S_0x557453433880;
 .timescale -9 -12;
P_0x55745362ce50 .param/l "gi" 0 4 135, +C4<0111011011>;
S_0x55745362cf10 .scope generate, "g_unflat_final[476]" "g_unflat_final[476]" 4 135, 4 135 0, S_0x557453433880;
 .timescale -9 -12;
P_0x55745362d110 .param/l "gi" 0 4 135, +C4<0111011100>;
S_0x55745362d1d0 .scope generate, "g_unflat_final[477]" "g_unflat_final[477]" 4 135, 4 135 0, S_0x557453433880;
 .timescale -9 -12;
P_0x55745362d3d0 .param/l "gi" 0 4 135, +C4<0111011101>;
S_0x55745362d490 .scope generate, "g_unflat_final[478]" "g_unflat_final[478]" 4 135, 4 135 0, S_0x557453433880;
 .timescale -9 -12;
P_0x55745362d690 .param/l "gi" 0 4 135, +C4<0111011110>;
S_0x55745362d750 .scope generate, "g_unflat_final[479]" "g_unflat_final[479]" 4 135, 4 135 0, S_0x557453433880;
 .timescale -9 -12;
P_0x55745362d950 .param/l "gi" 0 4 135, +C4<0111011111>;
S_0x55745362da10 .scope generate, "g_unflat_final[480]" "g_unflat_final[480]" 4 135, 4 135 0, S_0x557453433880;
 .timescale -9 -12;
P_0x55745362dc10 .param/l "gi" 0 4 135, +C4<0111100000>;
S_0x55745362dcd0 .scope generate, "g_unflat_final[481]" "g_unflat_final[481]" 4 135, 4 135 0, S_0x557453433880;
 .timescale -9 -12;
P_0x55745362ded0 .param/l "gi" 0 4 135, +C4<0111100001>;
S_0x55745362df90 .scope generate, "g_unflat_final[482]" "g_unflat_final[482]" 4 135, 4 135 0, S_0x557453433880;
 .timescale -9 -12;
P_0x55745362e190 .param/l "gi" 0 4 135, +C4<0111100010>;
S_0x55745362e250 .scope generate, "g_unflat_final[483]" "g_unflat_final[483]" 4 135, 4 135 0, S_0x557453433880;
 .timescale -9 -12;
P_0x55745362e450 .param/l "gi" 0 4 135, +C4<0111100011>;
S_0x55745362e510 .scope generate, "g_unflat_final[484]" "g_unflat_final[484]" 4 135, 4 135 0, S_0x557453433880;
 .timescale -9 -12;
P_0x55745362e710 .param/l "gi" 0 4 135, +C4<0111100100>;
S_0x55745362e7d0 .scope generate, "g_unflat_final[485]" "g_unflat_final[485]" 4 135, 4 135 0, S_0x557453433880;
 .timescale -9 -12;
P_0x55745362e9d0 .param/l "gi" 0 4 135, +C4<0111100101>;
S_0x55745362ea90 .scope generate, "g_unflat_final[486]" "g_unflat_final[486]" 4 135, 4 135 0, S_0x557453433880;
 .timescale -9 -12;
P_0x55745362ec90 .param/l "gi" 0 4 135, +C4<0111100110>;
S_0x55745362ed50 .scope generate, "g_unflat_final[487]" "g_unflat_final[487]" 4 135, 4 135 0, S_0x557453433880;
 .timescale -9 -12;
P_0x55745362ef50 .param/l "gi" 0 4 135, +C4<0111100111>;
S_0x55745362f010 .scope generate, "g_unflat_final[488]" "g_unflat_final[488]" 4 135, 4 135 0, S_0x557453433880;
 .timescale -9 -12;
P_0x55745362f210 .param/l "gi" 0 4 135, +C4<0111101000>;
S_0x55745362f2d0 .scope generate, "g_unflat_final[489]" "g_unflat_final[489]" 4 135, 4 135 0, S_0x557453433880;
 .timescale -9 -12;
P_0x55745362f4d0 .param/l "gi" 0 4 135, +C4<0111101001>;
S_0x55745362f590 .scope generate, "g_unflat_final[490]" "g_unflat_final[490]" 4 135, 4 135 0, S_0x557453433880;
 .timescale -9 -12;
P_0x55745362f790 .param/l "gi" 0 4 135, +C4<0111101010>;
S_0x55745362f850 .scope generate, "g_unflat_final[491]" "g_unflat_final[491]" 4 135, 4 135 0, S_0x557453433880;
 .timescale -9 -12;
P_0x55745362fa50 .param/l "gi" 0 4 135, +C4<0111101011>;
S_0x55745362fb10 .scope generate, "g_unflat_final[492]" "g_unflat_final[492]" 4 135, 4 135 0, S_0x557453433880;
 .timescale -9 -12;
P_0x55745362fd10 .param/l "gi" 0 4 135, +C4<0111101100>;
S_0x55745362fdd0 .scope generate, "g_unflat_final[493]" "g_unflat_final[493]" 4 135, 4 135 0, S_0x557453433880;
 .timescale -9 -12;
P_0x55745362ffd0 .param/l "gi" 0 4 135, +C4<0111101101>;
S_0x557453630090 .scope generate, "g_unflat_final[494]" "g_unflat_final[494]" 4 135, 4 135 0, S_0x557453433880;
 .timescale -9 -12;
P_0x557453630290 .param/l "gi" 0 4 135, +C4<0111101110>;
S_0x557453630350 .scope generate, "g_unflat_final[495]" "g_unflat_final[495]" 4 135, 4 135 0, S_0x557453433880;
 .timescale -9 -12;
P_0x557453630550 .param/l "gi" 0 4 135, +C4<0111101111>;
S_0x557453630610 .scope generate, "g_unflat_final[496]" "g_unflat_final[496]" 4 135, 4 135 0, S_0x557453433880;
 .timescale -9 -12;
P_0x557453630810 .param/l "gi" 0 4 135, +C4<0111110000>;
S_0x5574536308d0 .scope generate, "g_unflat_final[497]" "g_unflat_final[497]" 4 135, 4 135 0, S_0x557453433880;
 .timescale -9 -12;
P_0x557453630ad0 .param/l "gi" 0 4 135, +C4<0111110001>;
S_0x557453630b90 .scope generate, "g_unflat_final[498]" "g_unflat_final[498]" 4 135, 4 135 0, S_0x557453433880;
 .timescale -9 -12;
P_0x557453630d90 .param/l "gi" 0 4 135, +C4<0111110010>;
S_0x557453630e50 .scope generate, "g_unflat_final[499]" "g_unflat_final[499]" 4 135, 4 135 0, S_0x557453433880;
 .timescale -9 -12;
P_0x557453631050 .param/l "gi" 0 4 135, +C4<0111110011>;
S_0x557453631110 .scope generate, "g_unflat_final[500]" "g_unflat_final[500]" 4 135, 4 135 0, S_0x557453433880;
 .timescale -9 -12;
P_0x557453631310 .param/l "gi" 0 4 135, +C4<0111110100>;
S_0x5574536313d0 .scope generate, "g_unflat_final[501]" "g_unflat_final[501]" 4 135, 4 135 0, S_0x557453433880;
 .timescale -9 -12;
P_0x5574536315d0 .param/l "gi" 0 4 135, +C4<0111110101>;
S_0x557453631690 .scope generate, "g_unflat_final[502]" "g_unflat_final[502]" 4 135, 4 135 0, S_0x557453433880;
 .timescale -9 -12;
P_0x557453631890 .param/l "gi" 0 4 135, +C4<0111110110>;
S_0x557453631950 .scope generate, "g_unflat_final[503]" "g_unflat_final[503]" 4 135, 4 135 0, S_0x557453433880;
 .timescale -9 -12;
P_0x557453631b50 .param/l "gi" 0 4 135, +C4<0111110111>;
S_0x557453631c10 .scope generate, "g_unflat_final[504]" "g_unflat_final[504]" 4 135, 4 135 0, S_0x557453433880;
 .timescale -9 -12;
P_0x557453631e10 .param/l "gi" 0 4 135, +C4<0111111000>;
S_0x557453631ed0 .scope generate, "g_unflat_final[505]" "g_unflat_final[505]" 4 135, 4 135 0, S_0x557453433880;
 .timescale -9 -12;
P_0x5574536320d0 .param/l "gi" 0 4 135, +C4<0111111001>;
S_0x557453632190 .scope generate, "g_unflat_final[506]" "g_unflat_final[506]" 4 135, 4 135 0, S_0x557453433880;
 .timescale -9 -12;
P_0x557453632390 .param/l "gi" 0 4 135, +C4<0111111010>;
S_0x557453632450 .scope generate, "g_unflat_final[507]" "g_unflat_final[507]" 4 135, 4 135 0, S_0x557453433880;
 .timescale -9 -12;
P_0x557453632650 .param/l "gi" 0 4 135, +C4<0111111011>;
S_0x557453632710 .scope generate, "g_unflat_final[508]" "g_unflat_final[508]" 4 135, 4 135 0, S_0x557453433880;
 .timescale -9 -12;
P_0x557453632910 .param/l "gi" 0 4 135, +C4<0111111100>;
S_0x5574536329d0 .scope generate, "g_unflat_final[509]" "g_unflat_final[509]" 4 135, 4 135 0, S_0x557453433880;
 .timescale -9 -12;
P_0x557453632bd0 .param/l "gi" 0 4 135, +C4<0111111101>;
S_0x557453632c90 .scope generate, "g_unflat_final[510]" "g_unflat_final[510]" 4 135, 4 135 0, S_0x557453433880;
 .timescale -9 -12;
P_0x557453632e90 .param/l "gi" 0 4 135, +C4<0111111110>;
S_0x557453632f50 .scope generate, "g_unflat_final[511]" "g_unflat_final[511]" 4 135, 4 135 0, S_0x557453433880;
 .timescale -9 -12;
P_0x55745360b5c0 .param/l "gi" 0 4 135, +C4<0111111111>;
S_0x557453424190 .scope module, "sa_done_generator" "sa_done_generator" 5 7;
 .timescale -9 -12;
    .port_info 0 /INPUT 1 "clk";
    .port_info 1 /INPUT 1 "rst_n";
    .port_info 2 /INPUT 1 "start";
    .port_info 3 /INPUT 8 "latency_cfg";
    .port_info 4 /OUTPUT 1 "done";
P_0x557453429b30 .param/l "LATENCY_WIDTH" 0 5 8, +C4<00000000000000000000000000001000>;
v0x55745363f5c0_0 .var "active", 0 0;
o0x7f4e40af6918 .functor BUFZ 1, C4<z>; HiZ drive
v0x55745363f6a0_0 .net "clk", 0 0, o0x7f4e40af6918;  0 drivers
v0x55745363f760_0 .var "counter", 7 0;
v0x55745363f820_0 .var "done", 0 0;
o0x7f4e40af69a8 .functor BUFZ 8, C4<zzzzzzzz>; HiZ drive
v0x55745363f8e0_0 .net "latency_cfg", 7 0, o0x7f4e40af69a8;  0 drivers
o0x7f4e40af69d8 .functor BUFZ 1, C4<z>; HiZ drive
v0x55745363f9c0_0 .net "rst_n", 0 0, o0x7f4e40af69d8;  0 drivers
o0x7f4e40af6a08 .functor BUFZ 1, C4<z>; HiZ drive
v0x55745363fa80_0 .net "start", 0 0, o0x7f4e40af6a08;  0 drivers
E_0x55745363f540/0 .event negedge, v0x55745363f9c0_0;
E_0x55745363f540/1 .event posedge, v0x55745363f6a0_0;
E_0x55745363f540 .event/or E_0x55745363f540/0, E_0x55745363f540/1;
S_0x557453424320 .scope module, "tb_layer_loopback_mux" "tb_layer_loopback_mux" 6 3;
 .timescale -9 -12;
P_0x5574535ee1a0 .param/l "DATA_WIDTH" 1 6 5, +C4<00000000000000000000000000001000>;
P_0x5574535ee1e0 .param/l "VECTOR_LEN" 1 6 6, +C4<00000000000000000000000000000100>;
v0x557453642260_0 .array/port v0x557453642260, 0;
L_0x5574535c0cf0 .functor BUFZ 8, v0x557453642260_0, C4<00000000>, C4<00000000>, C4<00000000>;
v0x557453642260_1 .array/port v0x557453642260, 1;
L_0x557453664820 .functor BUFZ 8, v0x557453642260_1, C4<00000000>, C4<00000000>, C4<00000000>;
v0x557453642260_2 .array/port v0x557453642260, 2;
L_0x5574536648f0 .functor BUFZ 8, v0x557453642260_2, C4<00000000>, C4<00000000>, C4<00000000>;
v0x557453642260_3 .array/port v0x557453642260, 3;
L_0x5574536649c0 .functor BUFZ 8, v0x557453642260_3, C4<00000000>, C4<00000000>, C4<00000000>;
v0x5574536424d0_0 .array/port v0x5574536424d0, 0;
L_0x557453664ac0 .functor BUFZ 8, v0x5574536424d0_0, C4<00000000>, C4<00000000>, C4<00000000>;
v0x5574536424d0_1 .array/port v0x5574536424d0, 1;
L_0x557453664b90 .functor BUFZ 8, v0x5574536424d0_1, C4<00000000>, C4<00000000>, C4<00000000>;
v0x5574536424d0_2 .array/port v0x5574536424d0, 2;
L_0x557453664ca0 .functor BUFZ 8, v0x5574536424d0_2, C4<00000000>, C4<00000000>, C4<00000000>;
v0x5574536424d0_3 .array/port v0x5574536424d0, 3;
L_0x557453664d40 .functor BUFZ 8, v0x5574536424d0_3, C4<00000000>, C4<00000000>, C4<00000000>;
v0x557453641bc0_0 .array/port v0x557453641bc0, 0;
L_0x557453664e60 .functor BUFZ 8, v0x557453641bc0_0, C4<00000000>, C4<00000000>, C4<00000000>;
v0x557453641bc0_1 .array/port v0x557453641bc0, 1;
L_0x557453664f30 .functor BUFZ 8, v0x557453641bc0_1, C4<00000000>, C4<00000000>, C4<00000000>;
v0x557453641bc0_2 .array/port v0x557453641bc0, 2;
L_0x557453665060 .functor BUFZ 8, v0x557453641bc0_2, C4<00000000>, C4<00000000>, C4<00000000>;
v0x557453641bc0_3 .array/port v0x557453641bc0, 3;
L_0x557453665130 .functor BUFZ 8, v0x557453641bc0_3, C4<00000000>, C4<00000000>, C4<00000000>;
v0x557453642160_0 .var/2s "error_count", 31 0;
v0x557453642260 .array "ext_data", 3 0, 7 0;
v0x5574536423d0_0 .var "ext_valid", 0 0;
v0x5574536424d0 .array "loop_data", 3 0, 7 0;
v0x557453642600_0 .var "loop_valid", 0 0;
v0x5574536426f0 .array "mux_data", 3 0;
v0x5574536426f0_0 .net v0x5574536426f0 0, 7 0, L_0x557453664e60; 1 drivers
v0x5574536426f0_1 .net v0x5574536426f0 1, 7 0, L_0x557453664f30; 1 drivers
v0x5574536426f0_2 .net v0x5574536426f0 2, 7 0, L_0x557453665060; 1 drivers
v0x5574536426f0_3 .net v0x5574536426f0 3, 7 0, L_0x557453665130; 1 drivers
v0x557453642840_0 .net "mux_valid", 0 0, v0x557453641d50_0;  1 drivers
v0x557453642910_0 .var "sel_external", 0 0;
S_0x55745363fbe0 .scope begin, "$ivl_for_loop10" "$ivl_for_loop10" 6 74, 6 74 0, S_0x557453424320;
 .timescale -9 -12;
v0x55745363fde0_0 .var/2s "i", 31 0;
S_0x55745363fee0 .scope begin, "$ivl_for_loop7" "$ivl_for_loop7" 6 42, 6 42 0, S_0x557453424320;
 .timescale -9 -12;
v0x5574536400e0_0 .var/2s "i", 31 0;
S_0x5574536401c0 .scope begin, "$ivl_for_loop8" "$ivl_for_loop8" 6 52, 6 52 0, S_0x557453424320;
 .timescale -9 -12;
v0x5574536403a0_0 .var/2s "i", 31 0;
S_0x557453640480 .scope begin, "$ivl_for_loop9" "$ivl_for_loop9" 6 63, 6 63 0, S_0x557453424320;
 .timescale -9 -12;
v0x557453640660_0 .var/2s "i", 31 0;
S_0x557453640760 .scope autotask, "check_valid" "check_valid" 6 24, 6 24 0, S_0x557453424320;
 .timescale -9 -12;
v0x557453640990_0 .var "exp_valid", 0 0;
v0x557453640a70_0 .var/str "name";
TD_tb_layer_loopback_mux.check_valid ;
    %load/vec4 v0x557453642840_0;
    %load/vec4 v0x557453640990_0;
    %cmp/ne;
    %jmp/0xz  T_0.0, 6;
    %vpi_call/w 6 26 "$error", "[%s] mux_valid = %b, expected %b", v0x557453640a70_0, v0x557453642840_0, v0x557453640990_0 {0 0 0};
    ; show_stmt_assign_vector: Get l-value for compressed += operand
    %load/vec4 v0x557453642160_0;
    %pushi/vec4 1, 0, 32;
    %add;
    %cast2;
    %store/vec4 v0x557453642160_0, 0, 32;
T_0.0 ;
    %end;
S_0x557453640b30 .scope module, "dut" "layer_loopback_mux" 6 20, 7 10 0, S_0x557453424320;
 .timescale -9 -12;
    .port_info 0 /INPUT 1 "sel_external";
    .port_info 1 /INPUT 32 "ext_data";
    .port_info 2 /INPUT 1 "ext_valid";
    .port_info 3 /INPUT 32 "loop_data";
    .port_info 4 /INPUT 1 "loop_valid";
    .port_info 5 /OUTPUT 32 "mux_data";
    .port_info 6 /OUTPUT 1 "mux_valid";
P_0x5574535ec760 .param/l "DATA_WIDTH" 0 7 11, +C4<00000000000000000000000000001000>;
P_0x5574535ec7a0 .param/l "VECTOR_LEN" 0 7 12, +C4<00000000000000000000000000000100>;
v0x5574536417c0 .array "ext_data", 3 0;
v0x5574536417c0_0 .net v0x5574536417c0 0, 7 0, L_0x5574535c0cf0; 1 drivers
v0x5574536417c0_1 .net v0x5574536417c0 1, 7 0, L_0x557453664820; 1 drivers
v0x5574536417c0_2 .net v0x5574536417c0 2, 7 0, L_0x5574536648f0; 1 drivers
v0x5574536417c0_3 .net v0x5574536417c0 3, 7 0, L_0x5574536649c0; 1 drivers
v0x557453641920_0 .net "ext_valid", 0 0, v0x5574536423d0_0;  1 drivers
v0x5574536419e0 .array "loop_data", 3 0;
v0x5574536419e0_0 .net v0x5574536419e0 0, 7 0, L_0x557453664ac0; 1 drivers
v0x5574536419e0_1 .net v0x5574536419e0 1, 7 0, L_0x557453664b90; 1 drivers
v0x5574536419e0_2 .net v0x5574536419e0 2, 7 0, L_0x557453664ca0; 1 drivers
v0x5574536419e0_3 .net v0x5574536419e0 3, 7 0, L_0x557453664d40; 1 drivers
v0x557453641b00_0 .net "loop_valid", 0 0, v0x557453642600_0;  1 drivers
v0x557453641bc0 .array "mux_data", 3 0, 7 0;
v0x557453641d50_0 .var "mux_valid", 0 0;
v0x557453641e10_0 .net "sel_external", 0 0, v0x557453642910_0;  1 drivers
v0x557453641ed0 .array "tmp", 3 0, 7 0;
v0x557453641ed0_0 .array/port v0x557453641ed0, 0;
v0x557453641ed0_1 .array/port v0x557453641ed0, 1;
v0x557453641ed0_2 .array/port v0x557453641ed0, 2;
v0x557453641ed0_3 .array/port v0x557453641ed0, 3;
E_0x557453640df0 .event edge, v0x557453641ed0_0, v0x557453641ed0_1, v0x557453641ed0_2, v0x557453641ed0_3;
E_0x557453640e80/0 .event edge, v0x557453641e10_0, v0x5574536417c0_0, v0x5574536417c0_1, v0x5574536417c0_2;
E_0x557453640e80/1 .event edge, v0x5574536417c0_3, v0x557453641920_0, v0x5574536419e0_0, v0x5574536419e0_1;
E_0x557453640e80/2 .event edge, v0x5574536419e0_2, v0x5574536419e0_3, v0x557453641b00_0;
E_0x557453640e80 .event/or E_0x557453640e80/0, E_0x557453640e80/1, E_0x557453640e80/2;
S_0x557453640f20 .scope begin, "$ivl_for_loop0" "$ivl_for_loop0" 7 27, 7 27 0, S_0x557453640b30;
 .timescale -9 -12;
v0x557453641120_0 .var/2s "i", 31 0;
S_0x557453641220 .scope begin, "$ivl_for_loop1" "$ivl_for_loop1" 7 30, 7 30 0, S_0x557453640b30;
 .timescale -9 -12;
v0x557453641420_0 .var/2s "i", 31 0;
S_0x557453641500 .scope begin, "$ivl_for_loop2" "$ivl_for_loop2" 7 36, 7 36 0, S_0x557453640b30;
 .timescale -9 -12;
v0x5574536416e0_0 .var/2s "i", 31 0;
S_0x557453443610 .scope module, "weight_pingpong" "weight_pingpong" 8 11;
 .timescale -9 -12;
    .port_info 0 /INPUT 1 "clk";
    .port_info 1 /INPUT 1 "rst_n";
    .port_info 2 /INPUT 1 "buf_sel";
    .port_info 3 /INPUT 1 "load_en";
    .port_info 4 /INPUT 16 "load_data";
    .port_info 5 /OUTPUT 12 "dma_addr";
    .port_info 6 /INPUT 12 "read_addr";
    .port_info 7 /OUTPUT 16 "weight_out";
    .port_info 8 /OUTPUT 1 "load_done";
P_0x5574534437a0 .param/l "AW" 1 8 34, +C4<00000000000000000000000000001100>;
P_0x5574534437e0 .param/l "DATA_WIDTH" 0 8 12, +C4<00000000000000000000000000010000>;
P_0x557453443820 .param/l "WEIGHT_DEPTH" 0 8 13, +C4<00000000000000000001000000000000>;
L_0x557453665270 .functor BUFZ 12, v0x5574536435a0_0, C4<000000000000>, C4<000000000000>, C4<000000000000>;
L_0x557453665340 .functor BUFZ 1, v0x557453643820_0, C4<0>, C4<0>, C4<0>;
v0x557453642ce0_0 .net *"_ivl_10", 15 0, L_0x5574536656d0;  1 drivers
v0x557453642de0_0 .net *"_ivl_12", 13 0, L_0x5574536657a0;  1 drivers
L_0x7f4e40a9b0a8 .functor BUFT 1, C4<00>, C4<0>, C4<0>, C4<0>;
v0x557453642ec0_0 .net *"_ivl_15", 1 0, L_0x7f4e40a9b0a8;  1 drivers
v0x557453642fb0_0 .net *"_ivl_4", 15 0, L_0x5574536654b0;  1 drivers
v0x557453643090_0 .net *"_ivl_6", 13 0, L_0x5574536655b0;  1 drivers
L_0x7f4e40a9b060 .functor BUFT 1, C4<00>, C4<0>, C4<0>, C4<0>;
v0x5574536431c0_0 .net *"_ivl_9", 1 0, L_0x7f4e40a9b060;  1 drivers
v0x5574536432a0 .array "buf_a", 4095 0, 15 0;
v0x557453643360 .array "buf_b", 4095 0, 15 0;
o0x7f4e40af75a8 .functor BUFZ 1, C4<z>; HiZ drive
v0x557453643420_0 .net "buf_sel", 0 0, o0x7f4e40af75a8;  0 drivers
o0x7f4e40af75d8 .functor BUFZ 1, C4<z>; HiZ drive
v0x5574536434e0_0 .net "clk", 0 0, o0x7f4e40af75d8;  0 drivers
v0x5574536435a0_0 .var "cnt", 11 0;
v0x557453643680_0 .var "counting", 0 0;
v0x557453643740_0 .net "dma_addr", 11 0, L_0x557453665270;  1 drivers
v0x557453643820_0 .var "done_r", 0 0;
o0x7f4e40af76c8 .functor BUFZ 16, C4<zzzzzzzzzzzzzzzz>; HiZ drive
v0x5574536438e0_0 .net "load_data", 15 0, o0x7f4e40af76c8;  0 drivers
v0x5574536439c0_0 .net "load_done", 0 0, L_0x557453665340;  1 drivers
o0x7f4e40af7728 .functor BUFZ 1, C4<z>; HiZ drive
v0x557453643a80_0 .net "load_en", 0 0, o0x7f4e40af7728;  0 drivers
o0x7f4e40af7758 .functor BUFZ 12, C4<zzzzzzzzzzzz>; HiZ drive
v0x557453643b40_0 .net "read_addr", 11 0, o0x7f4e40af7758;  0 drivers
o0x7f4e40af7788 .functor BUFZ 1, C4<z>; HiZ drive
v0x557453643c20_0 .net "rst_n", 0 0, o0x7f4e40af7788;  0 drivers
v0x557453643ce0_0 .net "weight_out", 15 0, L_0x557453665960;  1 drivers
E_0x557453640db0/0 .event negedge, v0x557453643c20_0;
E_0x557453640db0/1 .event posedge, v0x5574536434e0_0;
E_0x557453640db0 .event/or E_0x557453640db0/0, E_0x557453640db0/1;
L_0x5574536654b0 .array/port v0x557453643360, L_0x5574536655b0;
L_0x5574536655b0 .concat [ 12 2 0 0], o0x7f4e40af7758, L_0x7f4e40a9b060;
L_0x5574536656d0 .array/port v0x5574536432a0, L_0x5574536657a0;
L_0x5574536657a0 .concat [ 12 2 0 0], o0x7f4e40af7758, L_0x7f4e40a9b0a8;
L_0x557453665960 .functor MUXZ 16, L_0x5574536656d0, L_0x5574536654b0, o0x7f4e40af75a8, C4<>;
S_0x557453642a00 .scope begin, "$ivl_for_loop5" "$ivl_for_loop5" 8 41, 8 41 0, S_0x557453443610;
 .timescale -9 -12;
v0x557453642be0_0 .var/2s "i", 31 0;
    .scope S_0x5574535b1490;
T_1 ;
    %wait E_0x5574535eea30;
    %fork t_1, S_0x557453429080;
    %jmp t_0;
    .scope S_0x557453429080;
t_1 ;
    %pushi/vec4 0, 0, 32;
    %store/vec4 v0x557453434410_0, 0, 32;
T_1.0 ;
    %load/vec4 v0x557453434410_0;
    %cmpi/s 512, 0, 32;
    %jmp/0xz T_1.1, 5;
    %ix/getv/s 4, v0x557453434410_0;
    %load/vec4a v0x5574535b9660, 4;
    %load/vec4 v0x557453434410_0;
    %muli 16, 0, 32;
    %ix/vec4/s 4;
    %store/vec4 v0x5574535c0e50_0, 4, 16;
    ; show_stmt_assign_vector: Get l-value for compressed += operand
    %load/vec4 v0x557453434410_0;
    %pushi/vec4 1, 0, 32;
    %add;
    %cast2;
    %store/vec4 v0x557453434410_0, 0, 32;
    %jmp T_1.0;
T_1.1 ;
    %end;
    .scope S_0x5574535b1490;
t_0 %join;
    %jmp T_1;
    .thread T_1, $push;
    .scope S_0x5574535b1490;
T_2 ;
    %wait E_0x557453400fa0;
    %load/vec4 v0x55745357d750_0;
    %nor/r;
    %flag_set/vec4 8;
    %jmp/0xz  T_2.0, 8;
    %pushi/vec4 0, 0, 1;
    %assign/vec4 v0x55745357cc30_0, 0;
    %pushi/vec4 0, 0, 8192;
    %assign/vec4 v0x5574535c0ef0_0, 0;
    %jmp T_2.1;
T_2.0 ;
    %load/vec4 v0x55745357d690_0;
    %flag_set/vec4 8;
    %jmp/0xz  T_2.2, 8;
    %load/vec4 v0x55745357d180_0;
    %assign/vec4 v0x55745357cc30_0, 0;
    %load/vec4 v0x5574535c0e50_0;
    %assign/vec4 v0x5574535c0ef0_0, 0;
T_2.2 ;
T_2.1 ;
    %jmp T_2;
    .thread T_2;
    .scope S_0x5574535b1490;
T_3 ;
    %wait E_0x557453417fc0;
    %fork t_3, S_0x557453429260;
    %jmp t_2;
    .scope S_0x557453429260;
t_3 ;
    %pushi/vec4 0, 0, 32;
    %store/vec4 v0x557453434070_0, 0, 32;
T_3.0 ;
    %load/vec4 v0x557453434070_0;
    %cmpi/s 512, 0, 32;
    %jmp/0xz T_3.1, 5;
    %load/vec4 v0x5574535c0ef0_0;
    %load/vec4 v0x557453434070_0;
    %muli 16, 0, 32;
    %part/s 16;
    %ix/getv/s 4, v0x557453434070_0;
    %store/vec4a v0x5574535b9700, 4, 0;
    ; show_stmt_assign_vector: Get l-value for compressed += operand
    %load/vec4 v0x557453434070_0;
    %pushi/vec4 1, 0, 32;
    %add;
    %cast2;
    %store/vec4 v0x557453434070_0, 0, 32;
    %jmp T_3.0;
T_3.1 ;
    %end;
    .scope S_0x5574535b1490;
t_2 %join;
    %jmp T_3;
    .thread T_3, $push;
    .scope S_0x557453433880;
T_4 ;
Ewait_0 .event/or E_0x55745357c730, E_0x0;
    %wait Ewait_0;
    %fork t_5, S_0x55745341c920;
    %jmp t_4;
    .scope S_0x55745341c920;
t_5 ;
    %pushi/vec4 0, 0, 32;
    %store/vec4 v0x55745341cad0_0, 0, 32;
T_4.0 ;
    %load/vec4 v0x55745341cad0_0;
    %cmpi/s 512, 0, 32;
    %jmp/0xz T_4.1, 5;
    %ix/getv/s 4, v0x55745341cad0_0;
    %load/vec4a v0x55745360bc90, 4;
    %load/vec4 v0x55745341cad0_0;
    %muli 16, 0, 32;
    %ix/vec4/s 4;
    %store/vec4 v0x5574536398f0_0, 4, 16;
    ; show_stmt_assign_vector: Get l-value for compressed += operand
    %load/vec4 v0x55745341cad0_0;
    %pushi/vec4 1, 0, 32;
    %add;
    %cast2;
    %store/vec4 v0x55745341cad0_0, 0, 32;
    %jmp T_4.0;
T_4.1 ;
    %end;
    .scope S_0x557453433880;
t_4 %join;
    %jmp T_4;
    .thread T_4, $push;
    .scope S_0x557453433880;
T_5 ;
Ewait_1 .event/or E_0x5574535eeab0, E_0x0;
    %wait Ewait_1;
    %load/vec4 v0x55745363f280_0;
    %flag_set/vec4 8;
    %jmp/0 T_5.0, 8;
    %load/vec4 v0x5574536398f0_0;
    %jmp/1 T_5.1, 8;
T_5.0 ; End of true expr.
    %load/vec4 v0x55745363ee80_0;
    %jmp/0 T_5.1, 8;
 ; End of false expr.
    %blend;
T_5.1;
    %store/vec4 v0x55745363f020_0, 0, 8192;
    %load/vec4 v0x55745363f280_0;
    %flag_set/vec4 8;
    %jmp/0 T_5.2, 8;
    %load/vec4 v0x5574536399d0_0;
    %jmp/1 T_5.3, 8;
T_5.2 ; End of true expr.
    %load/vec4 v0x55745363ef60_0;
    %jmp/0 T_5.3, 8;
 ; End of false expr.
    %blend;
T_5.3;
    %store/vec4 v0x55745363f100_0, 0, 1;
    %jmp T_5;
    .thread T_5, $push;
    .scope S_0x557453433880;
T_6 ;
    %wait E_0x5574534185d0;
    %load/vec4 v0x55745363f1c0_0;
    %nor/r;
    %flag_set/vec4 8;
    %jmp/0xz  T_6.0, 8;
    %pushi/vec4 0, 0, 1;
    %assign/vec4 v0x55745360b920_0, 0;
    %pushi/vec4 0, 0, 8192;
    %assign/vec4 v0x55745360b860_0, 0;
    %jmp T_6.1;
T_6.0 ;
    %pushi/vec4 0, 0, 1;
    %assign/vec4 v0x55745360b920_0, 0;
    %load/vec4 v0x55745363f340_0;
    %load/vec4 v0x55745363f100_0;
    %and;
    %flag_set/vec4 8;
    %jmp/0xz  T_6.2, 8;
    %pushi/vec4 1, 0, 1;
    %assign/vec4 v0x55745360b920_0, 0;
    %load/vec4 v0x55745363f020_0;
    %assign/vec4 v0x55745360b860_0, 0;
T_6.2 ;
T_6.1 ;
    %jmp T_6;
    .thread T_6;
    .scope S_0x557453433880;
T_7 ;
    %wait E_0x5574534185d0;
    %load/vec4 v0x55745363f1c0_0;
    %nor/r;
    %flag_set/vec4 8;
    %jmp/0xz  T_7.0, 8;
    %pushi/vec4 0, 0, 2;
    %assign/vec4 v0x55745360bbb0_0, 0;
    %pushi/vec4 0, 0, 1;
    %assign/vec4 v0x55745363edc0_0, 0;
    %pushi/vec4 0, 0, 8192;
    %assign/vec4 v0x55745363ece0_0, 0;
    %jmp T_7.1;
T_7.0 ;
    %pushi/vec4 0, 0, 1;
    %assign/vec4 v0x55745363edc0_0, 0;
    %load/vec4 v0x55745360b920_0;
    %flag_set/vec4 8;
    %jmp/0xz  T_7.2, 8;
    %pushi/vec4 2, 0, 2;
    %assign/vec4 v0x55745360bbb0_0, 0;
    %jmp T_7.3;
T_7.2 ;
    %load/vec4 v0x55745360bbb0_0;
    %cmpi/ne 0, 0, 2;
    %jmp/0xz  T_7.4, 4;
    %load/vec4 v0x55745360bbb0_0;
    %subi 1, 0, 2;
    %assign/vec4 v0x55745360bbb0_0, 0;
    %load/vec4 v0x55745360bbb0_0;
    %cmpi/e 2, 0, 2;
    %jmp/0xz  T_7.6, 4;
    %load/vec4 v0x55745360b860_0;
    %assign/vec4 v0x55745363ece0_0, 0;
    %pushi/vec4 1, 0, 1;
    %assign/vec4 v0x55745363edc0_0, 0;
    %jmp T_7.7;
T_7.6 ;
    %load/vec4 v0x55745360bbb0_0;
    %cmpi/e 1, 0, 2;
    %jmp/0xz  T_7.8, 4;
    %pushi/vec4 1, 0, 1;
    %assign/vec4 v0x55745363edc0_0, 0;
T_7.8 ;
T_7.7 ;
T_7.4 ;
T_7.3 ;
T_7.1 ;
    %jmp T_7;
    .thread T_7;
    .scope S_0x557453433880;
T_8 ;
    %wait E_0x5574534185d0;
    %load/vec4 v0x55745363f1c0_0;
    %nor/r;
    %flag_set/vec4 8;
    %jmp/0xz  T_8.0, 8;
    %pushi/vec4 0, 0, 1;
    %assign/vec4 v0x55745363ef60_0, 0;
    %pushi/vec4 0, 0, 8192;
    %assign/vec4 v0x55745363ee80_0, 0;
    %jmp T_8.1;
T_8.0 ;
    %load/vec4 v0x55745360b9e0_0;
    %load/vec4 v0x55745363edc0_0;
    %and;
    %flag_set/vec4 8;
    %jmp/0xz  T_8.2, 8;
    %pushi/vec4 1, 0, 1;
    %assign/vec4 v0x55745363ef60_0, 0;
    %load/vec4 v0x55745363ece0_0;
    %assign/vec4 v0x55745363ee80_0, 0;
T_8.2 ;
T_8.1 ;
    %jmp T_8;
    .thread T_8;
    .scope S_0x557453424190;
T_9 ;
    %wait E_0x55745363f540;
    %load/vec4 v0x55745363f9c0_0;
    %nor/r;
    %flag_set/vec4 8;
    %jmp/0xz  T_9.0, 8;
    %pushi/vec4 0, 0, 8;
    %assign/vec4 v0x55745363f760_0, 0;
    %pushi/vec4 0, 0, 1;
    %assign/vec4 v0x55745363f5c0_0, 0;
    %pushi/vec4 0, 0, 1;
    %assign/vec4 v0x55745363f820_0, 0;
    %jmp T_9.1;
T_9.0 ;
    %pushi/vec4 0, 0, 1;
    %assign/vec4 v0x55745363f820_0, 0;
    %load/vec4 v0x55745363fa80_0;
    %flag_set/vec4 8;
    %jmp/0xz  T_9.2, 8;
    %load/vec4 v0x55745363f8e0_0;
    %subi 1, 0, 8;
    %assign/vec4 v0x55745363f760_0, 0;
    %pushi/vec4 1, 0, 1;
    %assign/vec4 v0x55745363f5c0_0, 0;
    %jmp T_9.3;
T_9.2 ;
    %load/vec4 v0x55745363f5c0_0;
    %flag_set/vec4 8;
    %jmp/0xz  T_9.4, 8;
    %load/vec4 v0x55745363f760_0;
    %cmpi/e 0, 0, 8;
    %jmp/0xz  T_9.6, 4;
    %pushi/vec4 1, 0, 1;
    %assign/vec4 v0x55745363f820_0, 0;
    %pushi/vec4 0, 0, 1;
    %assign/vec4 v0x55745363f5c0_0, 0;
    %jmp T_9.7;
T_9.6 ;
    %load/vec4 v0x55745363f760_0;
    %subi 1, 0, 8;
    %assign/vec4 v0x55745363f760_0, 0;
T_9.7 ;
T_9.4 ;
T_9.3 ;
T_9.1 ;
    %jmp T_9;
    .thread T_9;
    .scope S_0x557453640b30;
T_10 ;
Ewait_2 .event/or E_0x557453640e80, E_0x0;
    %wait Ewait_2;
    %load/vec4 v0x557453641e10_0;
    %flag_set/vec4 8;
    %jmp/0xz  T_10.0, 8;
    %fork t_7, S_0x557453640f20;
    %jmp t_6;
    .scope S_0x557453640f20;
t_7 ;
    %pushi/vec4 0, 0, 32;
    %store/vec4 v0x557453641120_0, 0, 32;
T_10.2 ;
    %load/vec4 v0x557453641120_0;
    %cmpi/s 4, 0, 32;
    %jmp/0xz T_10.3, 5;
    %ix/getv/s 4, v0x557453641120_0;
    %load/vec4a v0x5574536417c0, 4;
    %ix/getv/s 4, v0x557453641120_0;
    %store/vec4a v0x557453641ed0, 4, 0;
    ; show_stmt_assign_vector: Get l-value for compressed += operand
    %load/vec4 v0x557453641120_0;
    %pushi/vec4 1, 0, 32;
    %add;
    %cast2;
    %store/vec4 v0x557453641120_0, 0, 32;
    %jmp T_10.2;
T_10.3 ;
    %end;
    .scope S_0x557453640b30;
t_6 %join;
    %load/vec4 v0x557453641920_0;
    %store/vec4 v0x557453641d50_0, 0, 1;
    %jmp T_10.1;
T_10.0 ;
    %fork t_9, S_0x557453641220;
    %jmp t_8;
    .scope S_0x557453641220;
t_9 ;
    %pushi/vec4 0, 0, 32;
    %store/vec4 v0x557453641420_0, 0, 32;
T_10.4 ;
    %load/vec4 v0x557453641420_0;
    %cmpi/s 4, 0, 32;
    %jmp/0xz T_10.5, 5;
    %ix/getv/s 4, v0x557453641420_0;
    %load/vec4a v0x5574536419e0, 4;
    %ix/getv/s 4, v0x557453641420_0;
    %store/vec4a v0x557453641ed0, 4, 0;
    ; show_stmt_assign_vector: Get l-value for compressed += operand
    %load/vec4 v0x557453641420_0;
    %pushi/vec4 1, 0, 32;
    %add;
    %cast2;
    %store/vec4 v0x557453641420_0, 0, 32;
    %jmp T_10.4;
T_10.5 ;
    %end;
    .scope S_0x557453640b30;
t_8 %join;
    %load/vec4 v0x557453641b00_0;
    %store/vec4 v0x557453641d50_0, 0, 1;
T_10.1 ;
    %jmp T_10;
    .thread T_10, $push;
    .scope S_0x557453640b30;
T_11 ;
Ewait_3 .event/or E_0x557453640df0, E_0x0;
    %wait Ewait_3;
    %fork t_11, S_0x557453641500;
    %jmp t_10;
    .scope S_0x557453641500;
t_11 ;
    %pushi/vec4 0, 0, 32;
    %store/vec4 v0x5574536416e0_0, 0, 32;
T_11.0 ;
    %load/vec4 v0x5574536416e0_0;
    %cmpi/s 4, 0, 32;
    %jmp/0xz T_11.1, 5;
    %ix/getv/s 4, v0x5574536416e0_0;
    %load/vec4a v0x557453641ed0, 4;
    %ix/getv/s 4, v0x5574536416e0_0;
    %store/vec4a v0x557453641bc0, 4, 0;
    ; show_stmt_assign_vector: Get l-value for compressed += operand
    %load/vec4 v0x5574536416e0_0;
    %pushi/vec4 1, 0, 32;
    %add;
    %cast2;
    %store/vec4 v0x5574536416e0_0, 0, 32;
    %jmp T_11.0;
T_11.1 ;
    %end;
    .scope S_0x557453640b30;
t_10 %join;
    %jmp T_11;
    .thread T_11, $push;
    .scope S_0x557453424320;
T_12 ;
    %pushi/vec4 0, 0, 32;
    %store/vec4 v0x557453642160_0, 0, 32;
    %end;
    .thread T_12, $init;
    .scope S_0x557453424320;
T_13 ;
    %delay 1000, 0;
    %pushi/vec4 170, 0, 8;
    %ix/load 4, 0, 0;
    %flag_set/imm 4, 0;
    %store/vec4a v0x557453642260, 4, 0;
    %pushi/vec4 187, 0, 8;
    %ix/load 4, 1, 0;
    %flag_set/imm 4, 0;
    %store/vec4a v0x557453642260, 4, 0;
    %pushi/vec4 204, 0, 8;
    %ix/load 4, 2, 0;
    %flag_set/imm 4, 0;
    %store/vec4a v0x557453642260, 4, 0;
    %pushi/vec4 221, 0, 8;
    %ix/load 4, 3, 0;
    %flag_set/imm 4, 0;
    %store/vec4a v0x557453642260, 4, 0;
    %pushi/vec4 17, 0, 8;
    %ix/load 4, 0, 0;
    %flag_set/imm 4, 0;
    %store/vec4a v0x5574536424d0, 4, 0;
    %pushi/vec4 34, 0, 8;
    %ix/load 4, 1, 0;
    %flag_set/imm 4, 0;
    %store/vec4a v0x5574536424d0, 4, 0;
    %pushi/vec4 51, 0, 8;
    %ix/load 4, 2, 0;
    %flag_set/imm 4, 0;
    %store/vec4a v0x5574536424d0, 4, 0;
    %pushi/vec4 68, 0, 8;
    %ix/load 4, 3, 0;
    %flag_set/imm 4, 0;
    %store/vec4a v0x5574536424d0, 4, 0;
    %pushi/vec4 1, 0, 1;
    %store/vec4 v0x5574536423d0_0, 0, 1;
    %pushi/vec4 1, 0, 1;
    %store/vec4 v0x557453642600_0, 0, 1;
    %pushi/vec4 1, 0, 1;
    %store/vec4 v0x557453642910_0, 0, 1;
    %delay 1000, 0;
    %fork t_13, S_0x55745363fee0;
    %jmp t_12;
    .scope S_0x55745363fee0;
t_13 ;
    %pushi/vec4 0, 0, 32;
    %store/vec4 v0x5574536400e0_0, 0, 32;
T_13.0 ;
    %load/vec4 v0x5574536400e0_0;
    %cmpi/s 4, 0, 32;
    %jmp/0xz T_13.1, 5;
    %ix/getv/s 4, v0x5574536400e0_0;
    %load/vec4a v0x5574536426f0, 4;
    %ix/getv/s 4, v0x5574536400e0_0;
    %load/vec4a v0x557453642260, 4;
    %cmp/ne;
    %jmp/0xz  T_13.2, 6;
    %vpi_call/w 6 44 "$error", "[external_path] mux_data[%0d] = %h, expected %h", v0x5574536400e0_0, &A<v0x5574536426f0, v0x5574536400e0_0 >, &A<v0x557453642260, v0x5574536400e0_0 > {0 0 0};
    ; show_stmt_assign_vector: Get l-value for compressed += operand
    %load/vec4 v0x557453642160_0;
    %pushi/vec4 1, 0, 32;
    %add;
    %cast2;
    %store/vec4 v0x557453642160_0, 0, 32;
T_13.2 ;
    ; show_stmt_assign_vector: Get l-value for compressed += operand
    %load/vec4 v0x5574536400e0_0;
    %pushi/vec4 1, 0, 32;
    %add;
    %cast2;
    %store/vec4 v0x5574536400e0_0, 0, 32;
    %jmp T_13.0;
T_13.1 ;
    %end;
    .scope S_0x557453424320;
t_12 %join;
    %alloc S_0x557453640760;
    %pushi/str "external_path";
    %store/str v0x557453640a70_0;
    %pushi/vec4 1, 0, 1;
    %store/vec4 v0x557453640990_0, 0, 1;
    %fork TD_tb_layer_loopback_mux.check_valid, S_0x557453640760;
    %join;
    %free S_0x557453640760;
    %pushi/vec4 0, 0, 1;
    %store/vec4 v0x557453642910_0, 0, 1;
    %delay 1000, 0;
    %fork t_15, S_0x5574536401c0;
    %jmp t_14;
    .scope S_0x5574536401c0;
t_15 ;
    %pushi/vec4 0, 0, 32;
    %store/vec4 v0x5574536403a0_0, 0, 32;
T_13.4 ;
    %load/vec4 v0x5574536403a0_0;
    %cmpi/s 4, 0, 32;
    %jmp/0xz T_13.5, 5;
    %ix/getv/s 4, v0x5574536403a0_0;
    %load/vec4a v0x5574536426f0, 4;
    %ix/getv/s 4, v0x5574536403a0_0;
    %load/vec4a v0x5574536424d0, 4;
    %cmp/ne;
    %jmp/0xz  T_13.6, 6;
    %vpi_call/w 6 54 "$error", "[loop_path] mux_data[%0d] = %h, expected %h", v0x5574536403a0_0, &A<v0x5574536426f0, v0x5574536403a0_0 >, &A<v0x5574536424d0, v0x5574536403a0_0 > {0 0 0};
    ; show_stmt_assign_vector: Get l-value for compressed += operand
    %load/vec4 v0x557453642160_0;
    %pushi/vec4 1, 0, 32;
    %add;
    %cast2;
    %store/vec4 v0x557453642160_0, 0, 32;
T_13.6 ;
    ; show_stmt_assign_vector: Get l-value for compressed += operand
    %load/vec4 v0x5574536403a0_0;
    %pushi/vec4 1, 0, 32;
    %add;
    %cast2;
    %store/vec4 v0x5574536403a0_0, 0, 32;
    %jmp T_13.4;
T_13.5 ;
    %end;
    .scope S_0x557453424320;
t_14 %join;
    %alloc S_0x557453640760;
    %pushi/str "loop_path";
    %store/str v0x557453640a70_0;
    %pushi/vec4 1, 0, 1;
    %store/vec4 v0x557453640990_0, 0, 1;
    %fork TD_tb_layer_loopback_mux.check_valid, S_0x557453640760;
    %join;
    %free S_0x557453640760;
    %pushi/vec4 0, 0, 1;
    %store/vec4 v0x5574536423d0_0, 0, 1;
    %pushi/vec4 1, 0, 1;
    %store/vec4 v0x557453642910_0, 0, 1;
    %delay 1000, 0;
    %fork t_17, S_0x557453640480;
    %jmp t_16;
    .scope S_0x557453640480;
t_17 ;
    %pushi/vec4 0, 0, 32;
    %store/vec4 v0x557453640660_0, 0, 32;
T_13.8 ;
    %load/vec4 v0x557453640660_0;
    %cmpi/s 4, 0, 32;
    %jmp/0xz T_13.9, 5;
    %ix/getv/s 4, v0x557453640660_0;
    %load/vec4a v0x5574536426f0, 4;
    %ix/getv/s 4, v0x557453640660_0;
    %load/vec4a v0x557453642260, 4;
    %cmp/ne;
    %jmp/0xz  T_13.10, 6;
    %vpi_call/w 6 65 "$error", "[ext_invalid] mux_data[%0d] = %h, expected %h", v0x557453640660_0, &A<v0x5574536426f0, v0x557453640660_0 >, &A<v0x557453642260, v0x557453640660_0 > {0 0 0};
    ; show_stmt_assign_vector: Get l-value for compressed += operand
    %load/vec4 v0x557453642160_0;
    %pushi/vec4 1, 0, 32;
    %add;
    %cast2;
    %store/vec4 v0x557453642160_0, 0, 32;
T_13.10 ;
    ; show_stmt_assign_vector: Get l-value for compressed += operand
    %load/vec4 v0x557453640660_0;
    %pushi/vec4 1, 0, 32;
    %add;
    %cast2;
    %store/vec4 v0x557453640660_0, 0, 32;
    %jmp T_13.8;
T_13.9 ;
    %end;
    .scope S_0x557453424320;
t_16 %join;
    %alloc S_0x557453640760;
    %pushi/str "ext_invalid";
    %store/str v0x557453640a70_0;
    %pushi/vec4 0, 0, 1;
    %store/vec4 v0x557453640990_0, 0, 1;
    %fork TD_tb_layer_loopback_mux.check_valid, S_0x557453640760;
    %join;
    %free S_0x557453640760;
    %pushi/vec4 0, 0, 1;
    %store/vec4 v0x557453642600_0, 0, 1;
    %pushi/vec4 0, 0, 1;
    %store/vec4 v0x557453642910_0, 0, 1;
    %delay 1000, 0;
    %fork t_19, S_0x55745363fbe0;
    %jmp t_18;
    .scope S_0x55745363fbe0;
t_19 ;
    %pushi/vec4 0, 0, 32;
    %store/vec4 v0x55745363fde0_0, 0, 32;
T_13.12 ;
    %load/vec4 v0x55745363fde0_0;
    %cmpi/s 4, 0, 32;
    %jmp/0xz T_13.13, 5;
    %ix/getv/s 4, v0x55745363fde0_0;
    %load/vec4a v0x5574536426f0, 4;
    %ix/getv/s 4, v0x55745363fde0_0;
    %load/vec4a v0x5574536424d0, 4;
    %cmp/ne;
    %jmp/0xz  T_13.14, 6;
    %vpi_call/w 6 76 "$error", "[loop_invalid] mux_data[%0d] = %h, expected %h", v0x55745363fde0_0, &A<v0x5574536426f0, v0x55745363fde0_0 >, &A<v0x5574536424d0, v0x55745363fde0_0 > {0 0 0};
    ; show_stmt_assign_vector: Get l-value for compressed += operand
    %load/vec4 v0x557453642160_0;
    %pushi/vec4 1, 0, 32;
    %add;
    %cast2;
    %store/vec4 v0x557453642160_0, 0, 32;
T_13.14 ;
    ; show_stmt_assign_vector: Get l-value for compressed += operand
    %load/vec4 v0x55745363fde0_0;
    %pushi/vec4 1, 0, 32;
    %add;
    %cast2;
    %store/vec4 v0x55745363fde0_0, 0, 32;
    %jmp T_13.12;
T_13.13 ;
    %end;
    .scope S_0x557453424320;
t_18 %join;
    %alloc S_0x557453640760;
    %pushi/str "loop_invalid";
    %store/str v0x557453640a70_0;
    %pushi/vec4 0, 0, 1;
    %store/vec4 v0x557453640990_0, 0, 1;
    %fork TD_tb_layer_loopback_mux.check_valid, S_0x557453640760;
    %join;
    %free S_0x557453640760;
    %load/vec4 v0x557453642160_0;
    %cmpi/e 0, 0, 32;
    %jmp/0xz  T_13.16, 4;
    %vpi_call/w 6 82 "$display", "PASS: tb_layer_loopback_mux - all tests passed" {0 0 0};
    %jmp T_13.17;
T_13.16 ;
    %vpi_call/w 6 84 "$error", "FAIL: tb_layer_loopback_mux - %0d errors", v0x557453642160_0 {0 0 0};
T_13.17 ;
    %vpi_call/w 6 86 "$finish" {0 0 0};
    %end;
    .thread T_13;
    .scope S_0x557453443610;
T_14 ;
    %fork t_21, S_0x557453642a00;
    %jmp t_20;
    .scope S_0x557453642a00;
t_21 ;
    %pushi/vec4 0, 0, 32;
    %store/vec4 v0x557453642be0_0, 0, 32;
T_14.0 ;
    %load/vec4 v0x557453642be0_0;
    %cmpi/s 4096, 0, 32;
    %jmp/0xz T_14.1, 5;
    %pushi/vec4 0, 0, 16;
    %ix/getv/s 4, v0x557453642be0_0;
    %store/vec4a v0x5574536432a0, 4, 0;
    %pushi/vec4 0, 0, 16;
    %ix/getv/s 4, v0x557453642be0_0;
    %store/vec4a v0x557453643360, 4, 0;
    ; show_stmt_assign_vector: Get l-value for compressed += operand
    %load/vec4 v0x557453642be0_0;
    %pushi/vec4 1, 0, 32;
    %add;
    %cast2;
    %store/vec4 v0x557453642be0_0, 0, 32;
    %jmp T_14.0;
T_14.1 ;
    %end;
    .scope S_0x557453443610;
t_20 %join;
    %end;
    .thread T_14;
    .scope S_0x557453443610;
T_15 ;
    %wait E_0x557453640db0;
    %load/vec4 v0x557453643c20_0;
    %nor/r;
    %flag_set/vec4 8;
    %jmp/0xz  T_15.0, 8;
    %pushi/vec4 0, 0, 12;
    %assign/vec4 v0x5574536435a0_0, 0;
    %pushi/vec4 0, 0, 1;
    %assign/vec4 v0x557453643680_0, 0;
    %pushi/vec4 0, 0, 1;
    %assign/vec4 v0x557453643820_0, 0;
    %jmp T_15.1;
T_15.0 ;
    %pushi/vec4 0, 0, 1;
    %assign/vec4 v0x557453643820_0, 0;
    %load/vec4 v0x557453643a80_0;
    %flag_set/vec4 8;
    %jmp/0xz  T_15.2, 8;
    %load/vec4 v0x557453643420_0;
    %flag_set/vec4 8;
    %jmp/0xz  T_15.4, 8;
    %load/vec4 v0x5574536438e0_0;
    %load/vec4 v0x5574536435a0_0;
    %pad/u 14;
    %ix/vec4 3;
    %ix/load 4, 0, 0; Constant delay
    %assign/vec4/a/d v0x5574536432a0, 0, 4;
    %jmp T_15.5;
T_15.4 ;
    %load/vec4 v0x5574536438e0_0;
    %load/vec4 v0x5574536435a0_0;
    %pad/u 14;
    %ix/vec4 3;
    %ix/load 4, 0, 0; Constant delay
    %assign/vec4/a/d v0x557453643360, 0, 4;
T_15.5 ;
T_15.2 ;
    %load/vec4 v0x557453643a80_0;
    %load/vec4 v0x557453643680_0;
    %nor/r;
    %and;
    %flag_set/vec4 8;
    %jmp/0xz  T_15.6, 8;
    %pushi/vec4 1, 0, 1;
    %assign/vec4 v0x557453643680_0, 0;
    %jmp T_15.7;
T_15.6 ;
    %load/vec4 v0x557453643680_0;
    %flag_set/vec4 8;
    %jmp/0xz  T_15.8, 8;
    %load/vec4 v0x5574536435a0_0;
    %cmpi/e 4095, 0, 12;
    %jmp/0xz  T_15.10, 4;
    %pushi/vec4 0, 0, 12;
    %assign/vec4 v0x5574536435a0_0, 0;
    %pushi/vec4 0, 0, 1;
    %assign/vec4 v0x557453643680_0, 0;
    %pushi/vec4 1, 0, 1;
    %assign/vec4 v0x557453643820_0, 0;
    %jmp T_15.11;
T_15.10 ;
    %load/vec4 v0x5574536435a0_0;
    %addi 1, 0, 12;
    %assign/vec4 v0x5574536435a0_0, 0;
T_15.11 ;
T_15.8 ;
T_15.7 ;
T_15.1 ;
    %jmp T_15;
    .thread T_15;
# The file index is used to find the file name in the following table.
:file_names 9;
    "N/A";
    "<interactive>";
    "-";
    "rtl/recurrent/loopback_register.sv";
    "rtl/top/recurrent_datapath.sv";
    "rtl/recurrent/sa_done_generator.sv";
    "tb/tb_layer_loopback_mux.sv";
    "rtl/recurrent/layer_loopback_mux.sv";
    "rtl/recurrent/weight_pingpong.sv";
