#! /usr/bin/vvp
:ivl_version "11.0 (stable)";
:ivl_delay_selection "TYPICAL";
:vpi_time_precision - 12;
:vpi_module "/usr/lib/x86_64-linux-gnu/ivl/system.vpi";
:vpi_module "/usr/lib/x86_64-linux-gnu/ivl/vhdl_sys.vpi";
:vpi_module "/usr/lib/x86_64-linux-gnu/ivl/vhdl_textio.vpi";
:vpi_module "/usr/lib/x86_64-linux-gnu/ivl/v2005_math.vpi";
:vpi_module "/usr/lib/x86_64-linux-gnu/ivl/va_math.vpi";
:vpi_module "/usr/lib/x86_64-linux-gnu/ivl/v2009.vpi";
S_0x5633f8d87120 .scope package, "$unit" "$unit" 2 1;
 .timescale 0 0;
S_0x5633f8d19880 .scope module, "layer_loopback_mux" "layer_loopback_mux" 3 10;
 .timescale -9 -12;
    .port_info 0 /INPUT 1 "sel_external";
    .port_info 1 /INPUT 8192 "ext_data";
    .port_info 2 /INPUT 1 "ext_valid";
    .port_info 3 /INPUT 8192 "loop_data";
    .port_info 4 /INPUT 1 "loop_valid";
    .port_info 5 /OUTPUT 8192 "mux_data";
    .port_info 6 /OUTPUT 1 "mux_valid";
P_0x5633f8d90f60 .param/l "DATA_WIDTH" 0 3 11, +C4<00000000000000000000000000010000>;
P_0x5633f8d90fa0 .param/l "VECTOR_LEN" 0 3 12, +C4<00000000000000000000001000000000>;
o0x7f0051d590a8 .functor BUFZ 16, C4<zzzzzzzzzzzzzzzz>; HiZ drive
v0x5633f8d63ea0 .array "ext_data", 511 0;
v0x5633f8d63ea0_0 .net v0x5633f8d63ea0 0, 15 0, o0x7f0051d590a8; 0 drivers
o0x7f0051d590d8 .functor BUFZ 16, C4<zzzzzzzzzzzzzzzz>; HiZ drive
v0x5633f8d63ea0_1 .net v0x5633f8d63ea0 1, 15 0, o0x7f0051d590d8; 0 drivers
o0x7f0051d59108 .functor BUFZ 16, C4<zzzzzzzzzzzzzzzz>; HiZ drive
v0x5633f8d63ea0_2 .net v0x5633f8d63ea0 2, 15 0, o0x7f0051d59108; 0 drivers
o0x7f0051d59138 .functor BUFZ 16, C4<zzzzzzzzzzzzzzzz>; HiZ drive
v0x5633f8d63ea0_3 .net v0x5633f8d63ea0 3, 15 0, o0x7f0051d59138; 0 drivers
o0x7f0051d59168 .functor BUFZ 16, C4<zzzzzzzzzzzzzzzz>; HiZ drive
v0x5633f8d63ea0_4 .net v0x5633f8d63ea0 4, 15 0, o0x7f0051d59168; 0 drivers
o0x7f0051d59198 .functor BUFZ 16, C4<zzzzzzzzzzzzzzzz>; HiZ drive
v0x5633f8d63ea0_5 .net v0x5633f8d63ea0 5, 15 0, o0x7f0051d59198; 0 drivers
o0x7f0051d591c8 .functor BUFZ 16, C4<zzzzzzzzzzzzzzzz>; HiZ drive
v0x5633f8d63ea0_6 .net v0x5633f8d63ea0 6, 15 0, o0x7f0051d591c8; 0 drivers
o0x7f0051d591f8 .functor BUFZ 16, C4<zzzzzzzzzzzzzzzz>; HiZ drive
v0x5633f8d63ea0_7 .net v0x5633f8d63ea0 7, 15 0, o0x7f0051d591f8; 0 drivers
o0x7f0051d59228 .functor BUFZ 16, C4<zzzzzzzzzzzzzzzz>; HiZ drive
v0x5633f8d63ea0_8 .net v0x5633f8d63ea0 8, 15 0, o0x7f0051d59228; 0 drivers
o0x7f0051d59258 .functor BUFZ 16, C4<zzzzzzzzzzzzzzzz>; HiZ drive
v0x5633f8d63ea0_9 .net v0x5633f8d63ea0 9, 15 0, o0x7f0051d59258; 0 drivers
o0x7f0051d59288 .functor BUFZ 16, C4<zzzzzzzzzzzzzzzz>; HiZ drive
v0x5633f8d63ea0_10 .net v0x5633f8d63ea0 10, 15 0, o0x7f0051d59288; 0 drivers
o0x7f0051d592b8 .functor BUFZ 16, C4<zzzzzzzzzzzzzzzz>; HiZ drive
v0x5633f8d63ea0_11 .net v0x5633f8d63ea0 11, 15 0, o0x7f0051d592b8; 0 drivers
o0x7f0051d592e8 .functor BUFZ 16, C4<zzzzzzzzzzzzzzzz>; HiZ drive
v0x5633f8d63ea0_12 .net v0x5633f8d63ea0 12, 15 0, o0x7f0051d592e8; 0 drivers
o0x7f0051d59318 .functor BUFZ 16, C4<zzzzzzzzzzzzzzzz>; HiZ drive
v0x5633f8d63ea0_13 .net v0x5633f8d63ea0 13, 15 0, o0x7f0051d59318; 0 drivers
o0x7f0051d59348 .functor BUFZ 16, C4<zzzzzzzzzzzzzzzz>; HiZ drive
v0x5633f8d63ea0_14 .net v0x5633f8d63ea0 14, 15 0, o0x7f0051d59348; 0 drivers
o0x7f0051d59378 .functor BUFZ 16, C4<zzzzzzzzzzzzzzzz>; HiZ drive
v0x5633f8d63ea0_15 .net v0x5633f8d63ea0 15, 15 0, o0x7f0051d59378; 0 drivers
o0x7f0051d593a8 .functor BUFZ 16, C4<zzzzzzzzzzzzzzzz>; HiZ drive
v0x5633f8d63ea0_16 .net v0x5633f8d63ea0 16, 15 0, o0x7f0051d593a8; 0 drivers
o0x7f0051d593d8 .functor BUFZ 16, C4<zzzzzzzzzzzzzzzz>; HiZ drive
v0x5633f8d63ea0_17 .net v0x5633f8d63ea0 17, 15 0, o0x7f0051d593d8; 0 drivers
o0x7f0051d59408 .functor BUFZ 16, C4<zzzzzzzzzzzzzzzz>; HiZ drive
v0x5633f8d63ea0_18 .net v0x5633f8d63ea0 18, 15 0, o0x7f0051d59408; 0 drivers
o0x7f0051d59438 .functor BUFZ 16, C4<zzzzzzzzzzzzzzzz>; HiZ drive
v0x5633f8d63ea0_19 .net v0x5633f8d63ea0 19, 15 0, o0x7f0051d59438; 0 drivers
o0x7f0051d59468 .functor BUFZ 16, C4<zzzzzzzzzzzzzzzz>; HiZ drive
v0x5633f8d63ea0_20 .net v0x5633f8d63ea0 20, 15 0, o0x7f0051d59468; 0 drivers
o0x7f0051d59498 .functor BUFZ 16, C4<zzzzzzzzzzzzzzzz>; HiZ drive
v0x5633f8d63ea0_21 .net v0x5633f8d63ea0 21, 15 0, o0x7f0051d59498; 0 drivers
o0x7f0051d594c8 .functor BUFZ 16, C4<zzzzzzzzzzzzzzzz>; HiZ drive
v0x5633f8d63ea0_22 .net v0x5633f8d63ea0 22, 15 0, o0x7f0051d594c8; 0 drivers
o0x7f0051d594f8 .functor BUFZ 16, C4<zzzzzzzzzzzzzzzz>; HiZ drive
v0x5633f8d63ea0_23 .net v0x5633f8d63ea0 23, 15 0, o0x7f0051d594f8; 0 drivers
o0x7f0051d59528 .functor BUFZ 16, C4<zzzzzzzzzzzzzzzz>; HiZ drive
v0x5633f8d63ea0_24 .net v0x5633f8d63ea0 24, 15 0, o0x7f0051d59528; 0 drivers
o0x7f0051d59558 .functor BUFZ 16, C4<zzzzzzzzzzzzzzzz>; HiZ drive
v0x5633f8d63ea0_25 .net v0x5633f8d63ea0 25, 15 0, o0x7f0051d59558; 0 drivers
o0x7f0051d59588 .functor BUFZ 16, C4<zzzzzzzzzzzzzzzz>; HiZ drive
v0x5633f8d63ea0_26 .net v0x5633f8d63ea0 26, 15 0, o0x7f0051d59588; 0 drivers
o0x7f0051d595b8 .functor BUFZ 16, C4<zzzzzzzzzzzzzzzz>; HiZ drive
v0x5633f8d63ea0_27 .net v0x5633f8d63ea0 27, 15 0, o0x7f0051d595b8; 0 drivers
o0x7f0051d595e8 .functor BUFZ 16, C4<zzzzzzzzzzzzzzzz>; HiZ drive
v0x5633f8d63ea0_28 .net v0x5633f8d63ea0 28, 15 0, o0x7f0051d595e8; 0 drivers
o0x7f0051d59618 .functor BUFZ 16, C4<zzzzzzzzzzzzzzzz>; HiZ drive
v0x5633f8d63ea0_29 .net v0x5633f8d63ea0 29, 15 0, o0x7f0051d59618; 0 drivers
o0x7f0051d59648 .functor BUFZ 16, C4<zzzzzzzzzzzzzzzz>; HiZ drive
v0x5633f8d63ea0_30 .net v0x5633f8d63ea0 30, 15 0, o0x7f0051d59648; 0 drivers
o0x7f0051d59678 .functor BUFZ 16, C4<zzzzzzzzzzzzzzzz>; HiZ drive
v0x5633f8d63ea0_31 .net v0x5633f8d63ea0 31, 15 0, o0x7f0051d59678; 0 drivers
o0x7f0051d596a8 .functor BUFZ 16, C4<zzzzzzzzzzzzzzzz>; HiZ drive
v0x5633f8d63ea0_32 .net v0x5633f8d63ea0 32, 15 0, o0x7f0051d596a8; 0 drivers
o0x7f0051d596d8 .functor BUFZ 16, C4<zzzzzzzzzzzzzzzz>; HiZ drive
v0x5633f8d63ea0_33 .net v0x5633f8d63ea0 33, 15 0, o0x7f0051d596d8; 0 drivers
o0x7f0051d59708 .functor BUFZ 16, C4<zzzzzzzzzzzzzzzz>; HiZ drive
v0x5633f8d63ea0_34 .net v0x5633f8d63ea0 34, 15 0, o0x7f0051d59708; 0 drivers
o0x7f0051d59738 .functor BUFZ 16, C4<zzzzzzzzzzzzzzzz>; HiZ drive
v0x5633f8d63ea0_35 .net v0x5633f8d63ea0 35, 15 0, o0x7f0051d59738; 0 drivers
o0x7f0051d59768 .functor BUFZ 16, C4<zzzzzzzzzzzzzzzz>; HiZ drive
v0x5633f8d63ea0_36 .net v0x5633f8d63ea0 36, 15 0, o0x7f0051d59768; 0 drivers
o0x7f0051d59798 .functor BUFZ 16, C4<zzzzzzzzzzzzzzzz>; HiZ drive
v0x5633f8d63ea0_37 .net v0x5633f8d63ea0 37, 15 0, o0x7f0051d59798; 0 drivers
o0x7f0051d597c8 .functor BUFZ 16, C4<zzzzzzzzzzzzzzzz>; HiZ drive
v0x5633f8d63ea0_38 .net v0x5633f8d63ea0 38, 15 0, o0x7f0051d597c8; 0 drivers
o0x7f0051d597f8 .functor BUFZ 16, C4<zzzzzzzzzzzzzzzz>; HiZ drive
v0x5633f8d63ea0_39 .net v0x5633f8d63ea0 39, 15 0, o0x7f0051d597f8; 0 drivers
o0x7f0051d59828 .functor BUFZ 16, C4<zzzzzzzzzzzzzzzz>; HiZ drive
v0x5633f8d63ea0_40 .net v0x5633f8d63ea0 40, 15 0, o0x7f0051d59828; 0 drivers
o0x7f0051d59858 .functor BUFZ 16, C4<zzzzzzzzzzzzzzzz>; HiZ drive
v0x5633f8d63ea0_41 .net v0x5633f8d63ea0 41, 15 0, o0x7f0051d59858; 0 drivers
o0x7f0051d59888 .functor BUFZ 16, C4<zzzzzzzzzzzzzzzz>; HiZ drive
v0x5633f8d63ea0_42 .net v0x5633f8d63ea0 42, 15 0, o0x7f0051d59888; 0 drivers
o0x7f0051d598b8 .functor BUFZ 16, C4<zzzzzzzzzzzzzzzz>; HiZ drive
v0x5633f8d63ea0_43 .net v0x5633f8d63ea0 43, 15 0, o0x7f0051d598b8; 0 drivers
o0x7f0051d598e8 .functor BUFZ 16, C4<zzzzzzzzzzzzzzzz>; HiZ drive
v0x5633f8d63ea0_44 .net v0x5633f8d63ea0 44, 15 0, o0x7f0051d598e8; 0 drivers
o0x7f0051d59918 .functor BUFZ 16, C4<zzzzzzzzzzzzzzzz>; HiZ drive
v0x5633f8d63ea0_45 .net v0x5633f8d63ea0 45, 15 0, o0x7f0051d59918; 0 drivers
o0x7f0051d59948 .functor BUFZ 16, C4<zzzzzzzzzzzzzzzz>; HiZ drive
v0x5633f8d63ea0_46 .net v0x5633f8d63ea0 46, 15 0, o0x7f0051d59948; 0 drivers
o0x7f0051d59978 .functor BUFZ 16, C4<zzzzzzzzzzzzzzzz>; HiZ drive
v0x5633f8d63ea0_47 .net v0x5633f8d63ea0 47, 15 0, o0x7f0051d59978; 0 drivers
o0x7f0051d599a8 .functor BUFZ 16, C4<zzzzzzzzzzzzzzzz>; HiZ drive
v0x5633f8d63ea0_48 .net v0x5633f8d63ea0 48, 15 0, o0x7f0051d599a8; 0 drivers
o0x7f0051d599d8 .functor BUFZ 16, C4<zzzzzzzzzzzzzzzz>; HiZ drive
v0x5633f8d63ea0_49 .net v0x5633f8d63ea0 49, 15 0, o0x7f0051d599d8; 0 drivers
o0x7f0051d59a08 .functor BUFZ 16, C4<zzzzzzzzzzzzzzzz>; HiZ drive
v0x5633f8d63ea0_50 .net v0x5633f8d63ea0 50, 15 0, o0x7f0051d59a08; 0 drivers
o0x7f0051d59a38 .functor BUFZ 16, C4<zzzzzzzzzzzzzzzz>; HiZ drive
v0x5633f8d63ea0_51 .net v0x5633f8d63ea0 51, 15 0, o0x7f0051d59a38; 0 drivers
o0x7f0051d59a68 .functor BUFZ 16, C4<zzzzzzzzzzzzzzzz>; HiZ drive
v0x5633f8d63ea0_52 .net v0x5633f8d63ea0 52, 15 0, o0x7f0051d59a68; 0 drivers
o0x7f0051d59a98 .functor BUFZ 16, C4<zzzzzzzzzzzzzzzz>; HiZ drive
v0x5633f8d63ea0_53 .net v0x5633f8d63ea0 53, 15 0, o0x7f0051d59a98; 0 drivers
o0x7f0051d59ac8 .functor BUFZ 16, C4<zzzzzzzzzzzzzzzz>; HiZ drive
v0x5633f8d63ea0_54 .net v0x5633f8d63ea0 54, 15 0, o0x7f0051d59ac8; 0 drivers
o0x7f0051d59af8 .functor BUFZ 16, C4<zzzzzzzzzzzzzzzz>; HiZ drive
v0x5633f8d63ea0_55 .net v0x5633f8d63ea0 55, 15 0, o0x7f0051d59af8; 0 drivers
o0x7f0051d59b28 .functor BUFZ 16, C4<zzzzzzzzzzzzzzzz>; HiZ drive
v0x5633f8d63ea0_56 .net v0x5633f8d63ea0 56, 15 0, o0x7f0051d59b28; 0 drivers
o0x7f0051d59b58 .functor BUFZ 16, C4<zzzzzzzzzzzzzzzz>; HiZ drive
v0x5633f8d63ea0_57 .net v0x5633f8d63ea0 57, 15 0, o0x7f0051d59b58; 0 drivers
o0x7f0051d59b88 .functor BUFZ 16, C4<zzzzzzzzzzzzzzzz>; HiZ drive
v0x5633f8d63ea0_58 .net v0x5633f8d63ea0 58, 15 0, o0x7f0051d59b88; 0 drivers
o0x7f0051d59bb8 .functor BUFZ 16, C4<zzzzzzzzzzzzzzzz>; HiZ drive
v0x5633f8d63ea0_59 .net v0x5633f8d63ea0 59, 15 0, o0x7f0051d59bb8; 0 drivers
o0x7f0051d59be8 .functor BUFZ 16, C4<zzzzzzzzzzzzzzzz>; HiZ drive
v0x5633f8d63ea0_60 .net v0x5633f8d63ea0 60, 15 0, o0x7f0051d59be8; 0 drivers
o0x7f0051d59c18 .functor BUFZ 16, C4<zzzzzzzzzzzzzzzz>; HiZ drive
v0x5633f8d63ea0_61 .net v0x5633f8d63ea0 61, 15 0, o0x7f0051d59c18; 0 drivers
o0x7f0051d59c48 .functor BUFZ 16, C4<zzzzzzzzzzzzzzzz>; HiZ drive
v0x5633f8d63ea0_62 .net v0x5633f8d63ea0 62, 15 0, o0x7f0051d59c48; 0 drivers
o0x7f0051d59c78 .functor BUFZ 16, C4<zzzzzzzzzzzzzzzz>; HiZ drive
v0x5633f8d63ea0_63 .net v0x5633f8d63ea0 63, 15 0, o0x7f0051d59c78; 0 drivers
o0x7f0051d59ca8 .functor BUFZ 16, C4<zzzzzzzzzzzzzzzz>; HiZ drive
v0x5633f8d63ea0_64 .net v0x5633f8d63ea0 64, 15 0, o0x7f0051d59ca8; 0 drivers
o0x7f0051d59cd8 .functor BUFZ 16, C4<zzzzzzzzzzzzzzzz>; HiZ drive
v0x5633f8d63ea0_65 .net v0x5633f8d63ea0 65, 15 0, o0x7f0051d59cd8; 0 drivers
o0x7f0051d59d08 .functor BUFZ 16, C4<zzzzzzzzzzzzzzzz>; HiZ drive
v0x5633f8d63ea0_66 .net v0x5633f8d63ea0 66, 15 0, o0x7f0051d59d08; 0 drivers
o0x7f0051d59d38 .functor BUFZ 16, C4<zzzzzzzzzzzzzzzz>; HiZ drive
v0x5633f8d63ea0_67 .net v0x5633f8d63ea0 67, 15 0, o0x7f0051d59d38; 0 drivers
o0x7f0051d59d68 .functor BUFZ 16, C4<zzzzzzzzzzzzzzzz>; HiZ drive
v0x5633f8d63ea0_68 .net v0x5633f8d63ea0 68, 15 0, o0x7f0051d59d68; 0 drivers
o0x7f0051d59d98 .functor BUFZ 16, C4<zzzzzzzzzzzzzzzz>; HiZ drive
v0x5633f8d63ea0_69 .net v0x5633f8d63ea0 69, 15 0, o0x7f0051d59d98; 0 drivers
o0x7f0051d59dc8 .functor BUFZ 16, C4<zzzzzzzzzzzzzzzz>; HiZ drive
v0x5633f8d63ea0_70 .net v0x5633f8d63ea0 70, 15 0, o0x7f0051d59dc8; 0 drivers
o0x7f0051d59df8 .functor BUFZ 16, C4<zzzzzzzzzzzzzzzz>; HiZ drive
v0x5633f8d63ea0_71 .net v0x5633f8d63ea0 71, 15 0, o0x7f0051d59df8; 0 drivers
o0x7f0051d59e28 .functor BUFZ 16, C4<zzzzzzzzzzzzzzzz>; HiZ drive
v0x5633f8d63ea0_72 .net v0x5633f8d63ea0 72, 15 0, o0x7f0051d59e28; 0 drivers
o0x7f0051d59e58 .functor BUFZ 16, C4<zzzzzzzzzzzzzzzz>; HiZ drive
v0x5633f8d63ea0_73 .net v0x5633f8d63ea0 73, 15 0, o0x7f0051d59e58; 0 drivers
o0x7f0051d59e88 .functor BUFZ 16, C4<zzzzzzzzzzzzzzzz>; HiZ drive
v0x5633f8d63ea0_74 .net v0x5633f8d63ea0 74, 15 0, o0x7f0051d59e88; 0 drivers
o0x7f0051d59eb8 .functor BUFZ 16, C4<zzzzzzzzzzzzzzzz>; HiZ drive
v0x5633f8d63ea0_75 .net v0x5633f8d63ea0 75, 15 0, o0x7f0051d59eb8; 0 drivers
o0x7f0051d59ee8 .functor BUFZ 16, C4<zzzzzzzzzzzzzzzz>; HiZ drive
v0x5633f8d63ea0_76 .net v0x5633f8d63ea0 76, 15 0, o0x7f0051d59ee8; 0 drivers
o0x7f0051d59f18 .functor BUFZ 16, C4<zzzzzzzzzzzzzzzz>; HiZ drive
v0x5633f8d63ea0_77 .net v0x5633f8d63ea0 77, 15 0, o0x7f0051d59f18; 0 drivers
o0x7f0051d59f48 .functor BUFZ 16, C4<zzzzzzzzzzzzzzzz>; HiZ drive
v0x5633f8d63ea0_78 .net v0x5633f8d63ea0 78, 15 0, o0x7f0051d59f48; 0 drivers
o0x7f0051d59f78 .functor BUFZ 16, C4<zzzzzzzzzzzzzzzz>; HiZ drive
v0x5633f8d63ea0_79 .net v0x5633f8d63ea0 79, 15 0, o0x7f0051d59f78; 0 drivers
o0x7f0051d59fa8 .functor BUFZ 16, C4<zzzzzzzzzzzzzzzz>; HiZ drive
v0x5633f8d63ea0_80 .net v0x5633f8d63ea0 80, 15 0, o0x7f0051d59fa8; 0 drivers
o0x7f0051d59fd8 .functor BUFZ 16, C4<zzzzzzzzzzzzzzzz>; HiZ drive
v0x5633f8d63ea0_81 .net v0x5633f8d63ea0 81, 15 0, o0x7f0051d59fd8; 0 drivers
o0x7f0051d5a008 .functor BUFZ 16, C4<zzzzzzzzzzzzzzzz>; HiZ drive
v0x5633f8d63ea0_82 .net v0x5633f8d63ea0 82, 15 0, o0x7f0051d5a008; 0 drivers
o0x7f0051d5a038 .functor BUFZ 16, C4<zzzzzzzzzzzzzzzz>; HiZ drive
v0x5633f8d63ea0_83 .net v0x5633f8d63ea0 83, 15 0, o0x7f0051d5a038; 0 drivers
o0x7f0051d5a068 .functor BUFZ 16, C4<zzzzzzzzzzzzzzzz>; HiZ drive
v0x5633f8d63ea0_84 .net v0x5633f8d63ea0 84, 15 0, o0x7f0051d5a068; 0 drivers
o0x7f0051d5a098 .functor BUFZ 16, C4<zzzzzzzzzzzzzzzz>; HiZ drive
v0x5633f8d63ea0_85 .net v0x5633f8d63ea0 85, 15 0, o0x7f0051d5a098; 0 drivers
o0x7f0051d5a0c8 .functor BUFZ 16, C4<zzzzzzzzzzzzzzzz>; HiZ drive
v0x5633f8d63ea0_86 .net v0x5633f8d63ea0 86, 15 0, o0x7f0051d5a0c8; 0 drivers
o0x7f0051d5a0f8 .functor BUFZ 16, C4<zzzzzzzzzzzzzzzz>; HiZ drive
v0x5633f8d63ea0_87 .net v0x5633f8d63ea0 87, 15 0, o0x7f0051d5a0f8; 0 drivers
o0x7f0051d5a128 .functor BUFZ 16, C4<zzzzzzzzzzzzzzzz>; HiZ drive
v0x5633f8d63ea0_88 .net v0x5633f8d63ea0 88, 15 0, o0x7f0051d5a128; 0 drivers
o0x7f0051d5a158 .functor BUFZ 16, C4<zzzzzzzzzzzzzzzz>; HiZ drive
v0x5633f8d63ea0_89 .net v0x5633f8d63ea0 89, 15 0, o0x7f0051d5a158; 0 drivers
o0x7f0051d5a188 .functor BUFZ 16, C4<zzzzzzzzzzzzzzzz>; HiZ drive
v0x5633f8d63ea0_90 .net v0x5633f8d63ea0 90, 15 0, o0x7f0051d5a188; 0 drivers
o0x7f0051d5a1b8 .functor BUFZ 16, C4<zzzzzzzzzzzzzzzz>; HiZ drive
v0x5633f8d63ea0_91 .net v0x5633f8d63ea0 91, 15 0, o0x7f0051d5a1b8; 0 drivers
o0x7f0051d5a1e8 .functor BUFZ 16, C4<zzzzzzzzzzzzzzzz>; HiZ drive
v0x5633f8d63ea0_92 .net v0x5633f8d63ea0 92, 15 0, o0x7f0051d5a1e8; 0 drivers
o0x7f0051d5a218 .functor BUFZ 16, C4<zzzzzzzzzzzzzzzz>; HiZ drive
v0x5633f8d63ea0_93 .net v0x5633f8d63ea0 93, 15 0, o0x7f0051d5a218; 0 drivers
o0x7f0051d5a248 .functor BUFZ 16, C4<zzzzzzzzzzzzzzzz>; HiZ drive
v0x5633f8d63ea0_94 .net v0x5633f8d63ea0 94, 15 0, o0x7f0051d5a248; 0 drivers
o0x7f0051d5a278 .functor BUFZ 16, C4<zzzzzzzzzzzzzzzz>; HiZ drive
v0x5633f8d63ea0_95 .net v0x5633f8d63ea0 95, 15 0, o0x7f0051d5a278; 0 drivers
o0x7f0051d5a2a8 .functor BUFZ 16, C4<zzzzzzzzzzzzzzzz>; HiZ drive
v0x5633f8d63ea0_96 .net v0x5633f8d63ea0 96, 15 0, o0x7f0051d5a2a8; 0 drivers
o0x7f0051d5a2d8 .functor BUFZ 16, C4<zzzzzzzzzzzzzzzz>; HiZ drive
v0x5633f8d63ea0_97 .net v0x5633f8d63ea0 97, 15 0, o0x7f0051d5a2d8; 0 drivers
o0x7f0051d5a308 .functor BUFZ 16, C4<zzzzzzzzzzzzzzzz>; HiZ drive
v0x5633f8d63ea0_98 .net v0x5633f8d63ea0 98, 15 0, o0x7f0051d5a308; 0 drivers
o0x7f0051d5a338 .functor BUFZ 16, C4<zzzzzzzzzzzzzzzz>; HiZ drive
v0x5633f8d63ea0_99 .net v0x5633f8d63ea0 99, 15 0, o0x7f0051d5a338; 0 drivers
o0x7f0051d5a368 .functor BUFZ 16, C4<zzzzzzzzzzzzzzzz>; HiZ drive
v0x5633f8d63ea0_100 .net v0x5633f8d63ea0 100, 15 0, o0x7f0051d5a368; 0 drivers
o0x7f0051d5a398 .functor BUFZ 16, C4<zzzzzzzzzzzzzzzz>; HiZ drive
v0x5633f8d63ea0_101 .net v0x5633f8d63ea0 101, 15 0, o0x7f0051d5a398; 0 drivers
o0x7f0051d5a3c8 .functor BUFZ 16, C4<zzzzzzzzzzzzzzzz>; HiZ drive
v0x5633f8d63ea0_102 .net v0x5633f8d63ea0 102, 15 0, o0x7f0051d5a3c8; 0 drivers
o0x7f0051d5a3f8 .functor BUFZ 16, C4<zzzzzzzzzzzzzzzz>; HiZ drive
v0x5633f8d63ea0_103 .net v0x5633f8d63ea0 103, 15 0, o0x7f0051d5a3f8; 0 drivers
o0x7f0051d5a428 .functor BUFZ 16, C4<zzzzzzzzzzzzzzzz>; HiZ drive
v0x5633f8d63ea0_104 .net v0x5633f8d63ea0 104, 15 0, o0x7f0051d5a428; 0 drivers
o0x7f0051d5a458 .functor BUFZ 16, C4<zzzzzzzzzzzzzzzz>; HiZ drive
v0x5633f8d63ea0_105 .net v0x5633f8d63ea0 105, 15 0, o0x7f0051d5a458; 0 drivers
o0x7f0051d5a488 .functor BUFZ 16, C4<zzzzzzzzzzzzzzzz>; HiZ drive
v0x5633f8d63ea0_106 .net v0x5633f8d63ea0 106, 15 0, o0x7f0051d5a488; 0 drivers
o0x7f0051d5a4b8 .functor BUFZ 16, C4<zzzzzzzzzzzzzzzz>; HiZ drive
v0x5633f8d63ea0_107 .net v0x5633f8d63ea0 107, 15 0, o0x7f0051d5a4b8; 0 drivers
o0x7f0051d5a4e8 .functor BUFZ 16, C4<zzzzzzzzzzzzzzzz>; HiZ drive
v0x5633f8d63ea0_108 .net v0x5633f8d63ea0 108, 15 0, o0x7f0051d5a4e8; 0 drivers
o0x7f0051d5a518 .functor BUFZ 16, C4<zzzzzzzzzzzzzzzz>; HiZ drive
v0x5633f8d63ea0_109 .net v0x5633f8d63ea0 109, 15 0, o0x7f0051d5a518; 0 drivers
o0x7f0051d5a548 .functor BUFZ 16, C4<zzzzzzzzzzzzzzzz>; HiZ drive
v0x5633f8d63ea0_110 .net v0x5633f8d63ea0 110, 15 0, o0x7f0051d5a548; 0 drivers
o0x7f0051d5a578 .functor BUFZ 16, C4<zzzzzzzzzzzzzzzz>; HiZ drive
v0x5633f8d63ea0_111 .net v0x5633f8d63ea0 111, 15 0, o0x7f0051d5a578; 0 drivers
o0x7f0051d5a5a8 .functor BUFZ 16, C4<zzzzzzzzzzzzzzzz>; HiZ drive
v0x5633f8d63ea0_112 .net v0x5633f8d63ea0 112, 15 0, o0x7f0051d5a5a8; 0 drivers
o0x7f0051d5a5d8 .functor BUFZ 16, C4<zzzzzzzzzzzzzzzz>; HiZ drive
v0x5633f8d63ea0_113 .net v0x5633f8d63ea0 113, 15 0, o0x7f0051d5a5d8; 0 drivers
o0x7f0051d5a608 .functor BUFZ 16, C4<zzzzzzzzzzzzzzzz>; HiZ drive
v0x5633f8d63ea0_114 .net v0x5633f8d63ea0 114, 15 0, o0x7f0051d5a608; 0 drivers
o0x7f0051d5a638 .functor BUFZ 16, C4<zzzzzzzzzzzzzzzz>; HiZ drive
v0x5633f8d63ea0_115 .net v0x5633f8d63ea0 115, 15 0, o0x7f0051d5a638; 0 drivers
o0x7f0051d5a668 .functor BUFZ 16, C4<zzzzzzzzzzzzzzzz>; HiZ drive
v0x5633f8d63ea0_116 .net v0x5633f8d63ea0 116, 15 0, o0x7f0051d5a668; 0 drivers
o0x7f0051d5a698 .functor BUFZ 16, C4<zzzzzzzzzzzzzzzz>; HiZ drive
v0x5633f8d63ea0_117 .net v0x5633f8d63ea0 117, 15 0, o0x7f0051d5a698; 0 drivers
o0x7f0051d5a6c8 .functor BUFZ 16, C4<zzzzzzzzzzzzzzzz>; HiZ drive
v0x5633f8d63ea0_118 .net v0x5633f8d63ea0 118, 15 0, o0x7f0051d5a6c8; 0 drivers
o0x7f0051d5a6f8 .functor BUFZ 16, C4<zzzzzzzzzzzzzzzz>; HiZ drive
v0x5633f8d63ea0_119 .net v0x5633f8d63ea0 119, 15 0, o0x7f0051d5a6f8; 0 drivers
o0x7f0051d5a728 .functor BUFZ 16, C4<zzzzzzzzzzzzzzzz>; HiZ drive
v0x5633f8d63ea0_120 .net v0x5633f8d63ea0 120, 15 0, o0x7f0051d5a728; 0 drivers
o0x7f0051d5a758 .functor BUFZ 16, C4<zzzzzzzzzzzzzzzz>; HiZ drive
v0x5633f8d63ea0_121 .net v0x5633f8d63ea0 121, 15 0, o0x7f0051d5a758; 0 drivers
o0x7f0051d5a788 .functor BUFZ 16, C4<zzzzzzzzzzzzzzzz>; HiZ drive
v0x5633f8d63ea0_122 .net v0x5633f8d63ea0 122, 15 0, o0x7f0051d5a788; 0 drivers
o0x7f0051d5a7b8 .functor BUFZ 16, C4<zzzzzzzzzzzzzzzz>; HiZ drive
v0x5633f8d63ea0_123 .net v0x5633f8d63ea0 123, 15 0, o0x7f0051d5a7b8; 0 drivers
o0x7f0051d5a7e8 .functor BUFZ 16, C4<zzzzzzzzzzzzzzzz>; HiZ drive
v0x5633f8d63ea0_124 .net v0x5633f8d63ea0 124, 15 0, o0x7f0051d5a7e8; 0 drivers
o0x7f0051d5a818 .functor BUFZ 16, C4<zzzzzzzzzzzzzzzz>; HiZ drive
v0x5633f8d63ea0_125 .net v0x5633f8d63ea0 125, 15 0, o0x7f0051d5a818; 0 drivers
o0x7f0051d5a848 .functor BUFZ 16, C4<zzzzzzzzzzzzzzzz>; HiZ drive
v0x5633f8d63ea0_126 .net v0x5633f8d63ea0 126, 15 0, o0x7f0051d5a848; 0 drivers
o0x7f0051d5a878 .functor BUFZ 16, C4<zzzzzzzzzzzzzzzz>; HiZ drive
v0x5633f8d63ea0_127 .net v0x5633f8d63ea0 127, 15 0, o0x7f0051d5a878; 0 drivers
o0x7f0051d5a8a8 .functor BUFZ 16, C4<zzzzzzzzzzzzzzzz>; HiZ drive
v0x5633f8d63ea0_128 .net v0x5633f8d63ea0 128, 15 0, o0x7f0051d5a8a8; 0 drivers
o0x7f0051d5a8d8 .functor BUFZ 16, C4<zzzzzzzzzzzzzzzz>; HiZ drive
v0x5633f8d63ea0_129 .net v0x5633f8d63ea0 129, 15 0, o0x7f0051d5a8d8; 0 drivers
o0x7f0051d5a908 .functor BUFZ 16, C4<zzzzzzzzzzzzzzzz>; HiZ drive
v0x5633f8d63ea0_130 .net v0x5633f8d63ea0 130, 15 0, o0x7f0051d5a908; 0 drivers
o0x7f0051d5a938 .functor BUFZ 16, C4<zzzzzzzzzzzzzzzz>; HiZ drive
v0x5633f8d63ea0_131 .net v0x5633f8d63ea0 131, 15 0, o0x7f0051d5a938; 0 drivers
o0x7f0051d5a968 .functor BUFZ 16, C4<zzzzzzzzzzzzzzzz>; HiZ drive
v0x5633f8d63ea0_132 .net v0x5633f8d63ea0 132, 15 0, o0x7f0051d5a968; 0 drivers
o0x7f0051d5a998 .functor BUFZ 16, C4<zzzzzzzzzzzzzzzz>; HiZ drive
v0x5633f8d63ea0_133 .net v0x5633f8d63ea0 133, 15 0, o0x7f0051d5a998; 0 drivers
o0x7f0051d5a9c8 .functor BUFZ 16, C4<zzzzzzzzzzzzzzzz>; HiZ drive
v0x5633f8d63ea0_134 .net v0x5633f8d63ea0 134, 15 0, o0x7f0051d5a9c8; 0 drivers
o0x7f0051d5a9f8 .functor BUFZ 16, C4<zzzzzzzzzzzzzzzz>; HiZ drive
v0x5633f8d63ea0_135 .net v0x5633f8d63ea0 135, 15 0, o0x7f0051d5a9f8; 0 drivers
o0x7f0051d5aa28 .functor BUFZ 16, C4<zzzzzzzzzzzzzzzz>; HiZ drive
v0x5633f8d63ea0_136 .net v0x5633f8d63ea0 136, 15 0, o0x7f0051d5aa28; 0 drivers
o0x7f0051d5aa58 .functor BUFZ 16, C4<zzzzzzzzzzzzzzzz>; HiZ drive
v0x5633f8d63ea0_137 .net v0x5633f8d63ea0 137, 15 0, o0x7f0051d5aa58; 0 drivers
o0x7f0051d5aa88 .functor BUFZ 16, C4<zzzzzzzzzzzzzzzz>; HiZ drive
v0x5633f8d63ea0_138 .net v0x5633f8d63ea0 138, 15 0, o0x7f0051d5aa88; 0 drivers
o0x7f0051d5aab8 .functor BUFZ 16, C4<zzzzzzzzzzzzzzzz>; HiZ drive
v0x5633f8d63ea0_139 .net v0x5633f8d63ea0 139, 15 0, o0x7f0051d5aab8; 0 drivers
o0x7f0051d5aae8 .functor BUFZ 16, C4<zzzzzzzzzzzzzzzz>; HiZ drive
v0x5633f8d63ea0_140 .net v0x5633f8d63ea0 140, 15 0, o0x7f0051d5aae8; 0 drivers
o0x7f0051d5ab18 .functor BUFZ 16, C4<zzzzzzzzzzzzzzzz>; HiZ drive
v0x5633f8d63ea0_141 .net v0x5633f8d63ea0 141, 15 0, o0x7f0051d5ab18; 0 drivers
o0x7f0051d5ab48 .functor BUFZ 16, C4<zzzzzzzzzzzzzzzz>; HiZ drive
v0x5633f8d63ea0_142 .net v0x5633f8d63ea0 142, 15 0, o0x7f0051d5ab48; 0 drivers
o0x7f0051d5ab78 .functor BUFZ 16, C4<zzzzzzzzzzzzzzzz>; HiZ drive
v0x5633f8d63ea0_143 .net v0x5633f8d63ea0 143, 15 0, o0x7f0051d5ab78; 0 drivers
o0x7f0051d5aba8 .functor BUFZ 16, C4<zzzzzzzzzzzzzzzz>; HiZ drive
v0x5633f8d63ea0_144 .net v0x5633f8d63ea0 144, 15 0, o0x7f0051d5aba8; 0 drivers
o0x7f0051d5abd8 .functor BUFZ 16, C4<zzzzzzzzzzzzzzzz>; HiZ drive
v0x5633f8d63ea0_145 .net v0x5633f8d63ea0 145, 15 0, o0x7f0051d5abd8; 0 drivers
o0x7f0051d5ac08 .functor BUFZ 16, C4<zzzzzzzzzzzzzzzz>; HiZ drive
v0x5633f8d63ea0_146 .net v0x5633f8d63ea0 146, 15 0, o0x7f0051d5ac08; 0 drivers
o0x7f0051d5ac38 .functor BUFZ 16, C4<zzzzzzzzzzzzzzzz>; HiZ drive
v0x5633f8d63ea0_147 .net v0x5633f8d63ea0 147, 15 0, o0x7f0051d5ac38; 0 drivers
o0x7f0051d5ac68 .functor BUFZ 16, C4<zzzzzzzzzzzzzzzz>; HiZ drive
v0x5633f8d63ea0_148 .net v0x5633f8d63ea0 148, 15 0, o0x7f0051d5ac68; 0 drivers
o0x7f0051d5ac98 .functor BUFZ 16, C4<zzzzzzzzzzzzzzzz>; HiZ drive
v0x5633f8d63ea0_149 .net v0x5633f8d63ea0 149, 15 0, o0x7f0051d5ac98; 0 drivers
o0x7f0051d5acc8 .functor BUFZ 16, C4<zzzzzzzzzzzzzzzz>; HiZ drive
v0x5633f8d63ea0_150 .net v0x5633f8d63ea0 150, 15 0, o0x7f0051d5acc8; 0 drivers
o0x7f0051d5acf8 .functor BUFZ 16, C4<zzzzzzzzzzzzzzzz>; HiZ drive
v0x5633f8d63ea0_151 .net v0x5633f8d63ea0 151, 15 0, o0x7f0051d5acf8; 0 drivers
o0x7f0051d5ad28 .functor BUFZ 16, C4<zzzzzzzzzzzzzzzz>; HiZ drive
v0x5633f8d63ea0_152 .net v0x5633f8d63ea0 152, 15 0, o0x7f0051d5ad28; 0 drivers
o0x7f0051d5ad58 .functor BUFZ 16, C4<zzzzzzzzzzzzzzzz>; HiZ drive
v0x5633f8d63ea0_153 .net v0x5633f8d63ea0 153, 15 0, o0x7f0051d5ad58; 0 drivers
o0x7f0051d5ad88 .functor BUFZ 16, C4<zzzzzzzzzzzzzzzz>; HiZ drive
v0x5633f8d63ea0_154 .net v0x5633f8d63ea0 154, 15 0, o0x7f0051d5ad88; 0 drivers
o0x7f0051d5adb8 .functor BUFZ 16, C4<zzzzzzzzzzzzzzzz>; HiZ drive
v0x5633f8d63ea0_155 .net v0x5633f8d63ea0 155, 15 0, o0x7f0051d5adb8; 0 drivers
o0x7f0051d5ade8 .functor BUFZ 16, C4<zzzzzzzzzzzzzzzz>; HiZ drive
v0x5633f8d63ea0_156 .net v0x5633f8d63ea0 156, 15 0, o0x7f0051d5ade8; 0 drivers
o0x7f0051d5ae18 .functor BUFZ 16, C4<zzzzzzzzzzzzzzzz>; HiZ drive
v0x5633f8d63ea0_157 .net v0x5633f8d63ea0 157, 15 0, o0x7f0051d5ae18; 0 drivers
o0x7f0051d5ae48 .functor BUFZ 16, C4<zzzzzzzzzzzzzzzz>; HiZ drive
v0x5633f8d63ea0_158 .net v0x5633f8d63ea0 158, 15 0, o0x7f0051d5ae48; 0 drivers
o0x7f0051d5ae78 .functor BUFZ 16, C4<zzzzzzzzzzzzzzzz>; HiZ drive
v0x5633f8d63ea0_159 .net v0x5633f8d63ea0 159, 15 0, o0x7f0051d5ae78; 0 drivers
o0x7f0051d5aea8 .functor BUFZ 16, C4<zzzzzzzzzzzzzzzz>; HiZ drive
v0x5633f8d63ea0_160 .net v0x5633f8d63ea0 160, 15 0, o0x7f0051d5aea8; 0 drivers
o0x7f0051d5aed8 .functor BUFZ 16, C4<zzzzzzzzzzzzzzzz>; HiZ drive
v0x5633f8d63ea0_161 .net v0x5633f8d63ea0 161, 15 0, o0x7f0051d5aed8; 0 drivers
o0x7f0051d5af08 .functor BUFZ 16, C4<zzzzzzzzzzzzzzzz>; HiZ drive
v0x5633f8d63ea0_162 .net v0x5633f8d63ea0 162, 15 0, o0x7f0051d5af08; 0 drivers
o0x7f0051d5af38 .functor BUFZ 16, C4<zzzzzzzzzzzzzzzz>; HiZ drive
v0x5633f8d63ea0_163 .net v0x5633f8d63ea0 163, 15 0, o0x7f0051d5af38; 0 drivers
o0x7f0051d5af68 .functor BUFZ 16, C4<zzzzzzzzzzzzzzzz>; HiZ drive
v0x5633f8d63ea0_164 .net v0x5633f8d63ea0 164, 15 0, o0x7f0051d5af68; 0 drivers
o0x7f0051d5af98 .functor BUFZ 16, C4<zzzzzzzzzzzzzzzz>; HiZ drive
v0x5633f8d63ea0_165 .net v0x5633f8d63ea0 165, 15 0, o0x7f0051d5af98; 0 drivers
o0x7f0051d5afc8 .functor BUFZ 16, C4<zzzzzzzzzzzzzzzz>; HiZ drive
v0x5633f8d63ea0_166 .net v0x5633f8d63ea0 166, 15 0, o0x7f0051d5afc8; 0 drivers
o0x7f0051d5aff8 .functor BUFZ 16, C4<zzzzzzzzzzzzzzzz>; HiZ drive
v0x5633f8d63ea0_167 .net v0x5633f8d63ea0 167, 15 0, o0x7f0051d5aff8; 0 drivers
o0x7f0051d5b028 .functor BUFZ 16, C4<zzzzzzzzzzzzzzzz>; HiZ drive
v0x5633f8d63ea0_168 .net v0x5633f8d63ea0 168, 15 0, o0x7f0051d5b028; 0 drivers
o0x7f0051d5b058 .functor BUFZ 16, C4<zzzzzzzzzzzzzzzz>; HiZ drive
v0x5633f8d63ea0_169 .net v0x5633f8d63ea0 169, 15 0, o0x7f0051d5b058; 0 drivers
o0x7f0051d5b088 .functor BUFZ 16, C4<zzzzzzzzzzzzzzzz>; HiZ drive
v0x5633f8d63ea0_170 .net v0x5633f8d63ea0 170, 15 0, o0x7f0051d5b088; 0 drivers
o0x7f0051d5b0b8 .functor BUFZ 16, C4<zzzzzzzzzzzzzzzz>; HiZ drive
v0x5633f8d63ea0_171 .net v0x5633f8d63ea0 171, 15 0, o0x7f0051d5b0b8; 0 drivers
o0x7f0051d5b0e8 .functor BUFZ 16, C4<zzzzzzzzzzzzzzzz>; HiZ drive
v0x5633f8d63ea0_172 .net v0x5633f8d63ea0 172, 15 0, o0x7f0051d5b0e8; 0 drivers
o0x7f0051d5b118 .functor BUFZ 16, C4<zzzzzzzzzzzzzzzz>; HiZ drive
v0x5633f8d63ea0_173 .net v0x5633f8d63ea0 173, 15 0, o0x7f0051d5b118; 0 drivers
o0x7f0051d5b148 .functor BUFZ 16, C4<zzzzzzzzzzzzzzzz>; HiZ drive
v0x5633f8d63ea0_174 .net v0x5633f8d63ea0 174, 15 0, o0x7f0051d5b148; 0 drivers
o0x7f0051d5b178 .functor BUFZ 16, C4<zzzzzzzzzzzzzzzz>; HiZ drive
v0x5633f8d63ea0_175 .net v0x5633f8d63ea0 175, 15 0, o0x7f0051d5b178; 0 drivers
o0x7f0051d5b1a8 .functor BUFZ 16, C4<zzzzzzzzzzzzzzzz>; HiZ drive
v0x5633f8d63ea0_176 .net v0x5633f8d63ea0 176, 15 0, o0x7f0051d5b1a8; 0 drivers
o0x7f0051d5b1d8 .functor BUFZ 16, C4<zzzzzzzzzzzzzzzz>; HiZ drive
v0x5633f8d63ea0_177 .net v0x5633f8d63ea0 177, 15 0, o0x7f0051d5b1d8; 0 drivers
o0x7f0051d5b208 .functor BUFZ 16, C4<zzzzzzzzzzzzzzzz>; HiZ drive
v0x5633f8d63ea0_178 .net v0x5633f8d63ea0 178, 15 0, o0x7f0051d5b208; 0 drivers
o0x7f0051d5b238 .functor BUFZ 16, C4<zzzzzzzzzzzzzzzz>; HiZ drive
v0x5633f8d63ea0_179 .net v0x5633f8d63ea0 179, 15 0, o0x7f0051d5b238; 0 drivers
o0x7f0051d5b268 .functor BUFZ 16, C4<zzzzzzzzzzzzzzzz>; HiZ drive
v0x5633f8d63ea0_180 .net v0x5633f8d63ea0 180, 15 0, o0x7f0051d5b268; 0 drivers
o0x7f0051d5b298 .functor BUFZ 16, C4<zzzzzzzzzzzzzzzz>; HiZ drive
v0x5633f8d63ea0_181 .net v0x5633f8d63ea0 181, 15 0, o0x7f0051d5b298; 0 drivers
o0x7f0051d5b2c8 .functor BUFZ 16, C4<zzzzzzzzzzzzzzzz>; HiZ drive
v0x5633f8d63ea0_182 .net v0x5633f8d63ea0 182, 15 0, o0x7f0051d5b2c8; 0 drivers
o0x7f0051d5b2f8 .functor BUFZ 16, C4<zzzzzzzzzzzzzzzz>; HiZ drive
v0x5633f8d63ea0_183 .net v0x5633f8d63ea0 183, 15 0, o0x7f0051d5b2f8; 0 drivers
o0x7f0051d5b328 .functor BUFZ 16, C4<zzzzzzzzzzzzzzzz>; HiZ drive
v0x5633f8d63ea0_184 .net v0x5633f8d63ea0 184, 15 0, o0x7f0051d5b328; 0 drivers
o0x7f0051d5b358 .functor BUFZ 16, C4<zzzzzzzzzzzzzzzz>; HiZ drive
v0x5633f8d63ea0_185 .net v0x5633f8d63ea0 185, 15 0, o0x7f0051d5b358; 0 drivers
o0x7f0051d5b388 .functor BUFZ 16, C4<zzzzzzzzzzzzzzzz>; HiZ drive
v0x5633f8d63ea0_186 .net v0x5633f8d63ea0 186, 15 0, o0x7f0051d5b388; 0 drivers
o0x7f0051d5b3b8 .functor BUFZ 16, C4<zzzzzzzzzzzzzzzz>; HiZ drive
v0x5633f8d63ea0_187 .net v0x5633f8d63ea0 187, 15 0, o0x7f0051d5b3b8; 0 drivers
o0x7f0051d5b3e8 .functor BUFZ 16, C4<zzzzzzzzzzzzzzzz>; HiZ drive
v0x5633f8d63ea0_188 .net v0x5633f8d63ea0 188, 15 0, o0x7f0051d5b3e8; 0 drivers
o0x7f0051d5b418 .functor BUFZ 16, C4<zzzzzzzzzzzzzzzz>; HiZ drive
v0x5633f8d63ea0_189 .net v0x5633f8d63ea0 189, 15 0, o0x7f0051d5b418; 0 drivers
o0x7f0051d5b448 .functor BUFZ 16, C4<zzzzzzzzzzzzzzzz>; HiZ drive
v0x5633f8d63ea0_190 .net v0x5633f8d63ea0 190, 15 0, o0x7f0051d5b448; 0 drivers
o0x7f0051d5b478 .functor BUFZ 16, C4<zzzzzzzzzzzzzzzz>; HiZ drive
v0x5633f8d63ea0_191 .net v0x5633f8d63ea0 191, 15 0, o0x7f0051d5b478; 0 drivers
o0x7f0051d5b4a8 .functor BUFZ 16, C4<zzzzzzzzzzzzzzzz>; HiZ drive
v0x5633f8d63ea0_192 .net v0x5633f8d63ea0 192, 15 0, o0x7f0051d5b4a8; 0 drivers
o0x7f0051d5b4d8 .functor BUFZ 16, C4<zzzzzzzzzzzzzzzz>; HiZ drive
v0x5633f8d63ea0_193 .net v0x5633f8d63ea0 193, 15 0, o0x7f0051d5b4d8; 0 drivers
o0x7f0051d5b508 .functor BUFZ 16, C4<zzzzzzzzzzzzzzzz>; HiZ drive
v0x5633f8d63ea0_194 .net v0x5633f8d63ea0 194, 15 0, o0x7f0051d5b508; 0 drivers
o0x7f0051d5b538 .functor BUFZ 16, C4<zzzzzzzzzzzzzzzz>; HiZ drive
v0x5633f8d63ea0_195 .net v0x5633f8d63ea0 195, 15 0, o0x7f0051d5b538; 0 drivers
o0x7f0051d5b568 .functor BUFZ 16, C4<zzzzzzzzzzzzzzzz>; HiZ drive
v0x5633f8d63ea0_196 .net v0x5633f8d63ea0 196, 15 0, o0x7f0051d5b568; 0 drivers
o0x7f0051d5b598 .functor BUFZ 16, C4<zzzzzzzzzzzzzzzz>; HiZ drive
v0x5633f8d63ea0_197 .net v0x5633f8d63ea0 197, 15 0, o0x7f0051d5b598; 0 drivers
o0x7f0051d5b5c8 .functor BUFZ 16, C4<zzzzzzzzzzzzzzzz>; HiZ drive
v0x5633f8d63ea0_198 .net v0x5633f8d63ea0 198, 15 0, o0x7f0051d5b5c8; 0 drivers
o0x7f0051d5b5f8 .functor BUFZ 16, C4<zzzzzzzzzzzzzzzz>; HiZ drive
v0x5633f8d63ea0_199 .net v0x5633f8d63ea0 199, 15 0, o0x7f0051d5b5f8; 0 drivers
o0x7f0051d5b628 .functor BUFZ 16, C4<zzzzzzzzzzzzzzzz>; HiZ drive
v0x5633f8d63ea0_200 .net v0x5633f8d63ea0 200, 15 0, o0x7f0051d5b628; 0 drivers
o0x7f0051d5b658 .functor BUFZ 16, C4<zzzzzzzzzzzzzzzz>; HiZ drive
v0x5633f8d63ea0_201 .net v0x5633f8d63ea0 201, 15 0, o0x7f0051d5b658; 0 drivers
o0x7f0051d5b688 .functor BUFZ 16, C4<zzzzzzzzzzzzzzzz>; HiZ drive
v0x5633f8d63ea0_202 .net v0x5633f8d63ea0 202, 15 0, o0x7f0051d5b688; 0 drivers
o0x7f0051d5b6b8 .functor BUFZ 16, C4<zzzzzzzzzzzzzzzz>; HiZ drive
v0x5633f8d63ea0_203 .net v0x5633f8d63ea0 203, 15 0, o0x7f0051d5b6b8; 0 drivers
o0x7f0051d5b6e8 .functor BUFZ 16, C4<zzzzzzzzzzzzzzzz>; HiZ drive
v0x5633f8d63ea0_204 .net v0x5633f8d63ea0 204, 15 0, o0x7f0051d5b6e8; 0 drivers
o0x7f0051d5b718 .functor BUFZ 16, C4<zzzzzzzzzzzzzzzz>; HiZ drive
v0x5633f8d63ea0_205 .net v0x5633f8d63ea0 205, 15 0, o0x7f0051d5b718; 0 drivers
o0x7f0051d5b748 .functor BUFZ 16, C4<zzzzzzzzzzzzzzzz>; HiZ drive
v0x5633f8d63ea0_206 .net v0x5633f8d63ea0 206, 15 0, o0x7f0051d5b748; 0 drivers
o0x7f0051d5b778 .functor BUFZ 16, C4<zzzzzzzzzzzzzzzz>; HiZ drive
v0x5633f8d63ea0_207 .net v0x5633f8d63ea0 207, 15 0, o0x7f0051d5b778; 0 drivers
o0x7f0051d5b7a8 .functor BUFZ 16, C4<zzzzzzzzzzzzzzzz>; HiZ drive
v0x5633f8d63ea0_208 .net v0x5633f8d63ea0 208, 15 0, o0x7f0051d5b7a8; 0 drivers
o0x7f0051d5b7d8 .functor BUFZ 16, C4<zzzzzzzzzzzzzzzz>; HiZ drive
v0x5633f8d63ea0_209 .net v0x5633f8d63ea0 209, 15 0, o0x7f0051d5b7d8; 0 drivers
o0x7f0051d5b808 .functor BUFZ 16, C4<zzzzzzzzzzzzzzzz>; HiZ drive
v0x5633f8d63ea0_210 .net v0x5633f8d63ea0 210, 15 0, o0x7f0051d5b808; 0 drivers
o0x7f0051d5b838 .functor BUFZ 16, C4<zzzzzzzzzzzzzzzz>; HiZ drive
v0x5633f8d63ea0_211 .net v0x5633f8d63ea0 211, 15 0, o0x7f0051d5b838; 0 drivers
o0x7f0051d5b868 .functor BUFZ 16, C4<zzzzzzzzzzzzzzzz>; HiZ drive
v0x5633f8d63ea0_212 .net v0x5633f8d63ea0 212, 15 0, o0x7f0051d5b868; 0 drivers
o0x7f0051d5b898 .functor BUFZ 16, C4<zzzzzzzzzzzzzzzz>; HiZ drive
v0x5633f8d63ea0_213 .net v0x5633f8d63ea0 213, 15 0, o0x7f0051d5b898; 0 drivers
o0x7f0051d5b8c8 .functor BUFZ 16, C4<zzzzzzzzzzzzzzzz>; HiZ drive
v0x5633f8d63ea0_214 .net v0x5633f8d63ea0 214, 15 0, o0x7f0051d5b8c8; 0 drivers
o0x7f0051d5b8f8 .functor BUFZ 16, C4<zzzzzzzzzzzzzzzz>; HiZ drive
v0x5633f8d63ea0_215 .net v0x5633f8d63ea0 215, 15 0, o0x7f0051d5b8f8; 0 drivers
o0x7f0051d5b928 .functor BUFZ 16, C4<zzzzzzzzzzzzzzzz>; HiZ drive
v0x5633f8d63ea0_216 .net v0x5633f8d63ea0 216, 15 0, o0x7f0051d5b928; 0 drivers
o0x7f0051d5b958 .functor BUFZ 16, C4<zzzzzzzzzzzzzzzz>; HiZ drive
v0x5633f8d63ea0_217 .net v0x5633f8d63ea0 217, 15 0, o0x7f0051d5b958; 0 drivers
o0x7f0051d5b988 .functor BUFZ 16, C4<zzzzzzzzzzzzzzzz>; HiZ drive
v0x5633f8d63ea0_218 .net v0x5633f8d63ea0 218, 15 0, o0x7f0051d5b988; 0 drivers
o0x7f0051d5b9b8 .functor BUFZ 16, C4<zzzzzzzzzzzzzzzz>; HiZ drive
v0x5633f8d63ea0_219 .net v0x5633f8d63ea0 219, 15 0, o0x7f0051d5b9b8; 0 drivers
o0x7f0051d5b9e8 .functor BUFZ 16, C4<zzzzzzzzzzzzzzzz>; HiZ drive
v0x5633f8d63ea0_220 .net v0x5633f8d63ea0 220, 15 0, o0x7f0051d5b9e8; 0 drivers
o0x7f0051d5ba18 .functor BUFZ 16, C4<zzzzzzzzzzzzzzzz>; HiZ drive
v0x5633f8d63ea0_221 .net v0x5633f8d63ea0 221, 15 0, o0x7f0051d5ba18; 0 drivers
o0x7f0051d5ba48 .functor BUFZ 16, C4<zzzzzzzzzzzzzzzz>; HiZ drive
v0x5633f8d63ea0_222 .net v0x5633f8d63ea0 222, 15 0, o0x7f0051d5ba48; 0 drivers
o0x7f0051d5ba78 .functor BUFZ 16, C4<zzzzzzzzzzzzzzzz>; HiZ drive
v0x5633f8d63ea0_223 .net v0x5633f8d63ea0 223, 15 0, o0x7f0051d5ba78; 0 drivers
o0x7f0051d5baa8 .functor BUFZ 16, C4<zzzzzzzzzzzzzzzz>; HiZ drive
v0x5633f8d63ea0_224 .net v0x5633f8d63ea0 224, 15 0, o0x7f0051d5baa8; 0 drivers
o0x7f0051d5bad8 .functor BUFZ 16, C4<zzzzzzzzzzzzzzzz>; HiZ drive
v0x5633f8d63ea0_225 .net v0x5633f8d63ea0 225, 15 0, o0x7f0051d5bad8; 0 drivers
o0x7f0051d5bb08 .functor BUFZ 16, C4<zzzzzzzzzzzzzzzz>; HiZ drive
v0x5633f8d63ea0_226 .net v0x5633f8d63ea0 226, 15 0, o0x7f0051d5bb08; 0 drivers
o0x7f0051d5bb38 .functor BUFZ 16, C4<zzzzzzzzzzzzzzzz>; HiZ drive
v0x5633f8d63ea0_227 .net v0x5633f8d63ea0 227, 15 0, o0x7f0051d5bb38; 0 drivers
o0x7f0051d5bb68 .functor BUFZ 16, C4<zzzzzzzzzzzzzzzz>; HiZ drive
v0x5633f8d63ea0_228 .net v0x5633f8d63ea0 228, 15 0, o0x7f0051d5bb68; 0 drivers
o0x7f0051d5bb98 .functor BUFZ 16, C4<zzzzzzzzzzzzzzzz>; HiZ drive
v0x5633f8d63ea0_229 .net v0x5633f8d63ea0 229, 15 0, o0x7f0051d5bb98; 0 drivers
o0x7f0051d5bbc8 .functor BUFZ 16, C4<zzzzzzzzzzzzzzzz>; HiZ drive
v0x5633f8d63ea0_230 .net v0x5633f8d63ea0 230, 15 0, o0x7f0051d5bbc8; 0 drivers
o0x7f0051d5bbf8 .functor BUFZ 16, C4<zzzzzzzzzzzzzzzz>; HiZ drive
v0x5633f8d63ea0_231 .net v0x5633f8d63ea0 231, 15 0, o0x7f0051d5bbf8; 0 drivers
o0x7f0051d5bc28 .functor BUFZ 16, C4<zzzzzzzzzzzzzzzz>; HiZ drive
v0x5633f8d63ea0_232 .net v0x5633f8d63ea0 232, 15 0, o0x7f0051d5bc28; 0 drivers
o0x7f0051d5bc58 .functor BUFZ 16, C4<zzzzzzzzzzzzzzzz>; HiZ drive
v0x5633f8d63ea0_233 .net v0x5633f8d63ea0 233, 15 0, o0x7f0051d5bc58; 0 drivers
o0x7f0051d5bc88 .functor BUFZ 16, C4<zzzzzzzzzzzzzzzz>; HiZ drive
v0x5633f8d63ea0_234 .net v0x5633f8d63ea0 234, 15 0, o0x7f0051d5bc88; 0 drivers
o0x7f0051d5bcb8 .functor BUFZ 16, C4<zzzzzzzzzzzzzzzz>; HiZ drive
v0x5633f8d63ea0_235 .net v0x5633f8d63ea0 235, 15 0, o0x7f0051d5bcb8; 0 drivers
o0x7f0051d5bce8 .functor BUFZ 16, C4<zzzzzzzzzzzzzzzz>; HiZ drive
v0x5633f8d63ea0_236 .net v0x5633f8d63ea0 236, 15 0, o0x7f0051d5bce8; 0 drivers
o0x7f0051d5bd18 .functor BUFZ 16, C4<zzzzzzzzzzzzzzzz>; HiZ drive
v0x5633f8d63ea0_237 .net v0x5633f8d63ea0 237, 15 0, o0x7f0051d5bd18; 0 drivers
o0x7f0051d5bd48 .functor BUFZ 16, C4<zzzzzzzzzzzzzzzz>; HiZ drive
v0x5633f8d63ea0_238 .net v0x5633f8d63ea0 238, 15 0, o0x7f0051d5bd48; 0 drivers
o0x7f0051d5bd78 .functor BUFZ 16, C4<zzzzzzzzzzzzzzzz>; HiZ drive
v0x5633f8d63ea0_239 .net v0x5633f8d63ea0 239, 15 0, o0x7f0051d5bd78; 0 drivers
o0x7f0051d5bda8 .functor BUFZ 16, C4<zzzzzzzzzzzzzzzz>; HiZ drive
v0x5633f8d63ea0_240 .net v0x5633f8d63ea0 240, 15 0, o0x7f0051d5bda8; 0 drivers
o0x7f0051d5bdd8 .functor BUFZ 16, C4<zzzzzzzzzzzzzzzz>; HiZ drive
v0x5633f8d63ea0_241 .net v0x5633f8d63ea0 241, 15 0, o0x7f0051d5bdd8; 0 drivers
o0x7f0051d5be08 .functor BUFZ 16, C4<zzzzzzzzzzzzzzzz>; HiZ drive
v0x5633f8d63ea0_242 .net v0x5633f8d63ea0 242, 15 0, o0x7f0051d5be08; 0 drivers
o0x7f0051d5be38 .functor BUFZ 16, C4<zzzzzzzzzzzzzzzz>; HiZ drive
v0x5633f8d63ea0_243 .net v0x5633f8d63ea0 243, 15 0, o0x7f0051d5be38; 0 drivers
o0x7f0051d5be68 .functor BUFZ 16, C4<zzzzzzzzzzzzzzzz>; HiZ drive
v0x5633f8d63ea0_244 .net v0x5633f8d63ea0 244, 15 0, o0x7f0051d5be68; 0 drivers
o0x7f0051d5be98 .functor BUFZ 16, C4<zzzzzzzzzzzzzzzz>; HiZ drive
v0x5633f8d63ea0_245 .net v0x5633f8d63ea0 245, 15 0, o0x7f0051d5be98; 0 drivers
o0x7f0051d5bec8 .functor BUFZ 16, C4<zzzzzzzzzzzzzzzz>; HiZ drive
v0x5633f8d63ea0_246 .net v0x5633f8d63ea0 246, 15 0, o0x7f0051d5bec8; 0 drivers
o0x7f0051d5bef8 .functor BUFZ 16, C4<zzzzzzzzzzzzzzzz>; HiZ drive
v0x5633f8d63ea0_247 .net v0x5633f8d63ea0 247, 15 0, o0x7f0051d5bef8; 0 drivers
o0x7f0051d5bf28 .functor BUFZ 16, C4<zzzzzzzzzzzzzzzz>; HiZ drive
v0x5633f8d63ea0_248 .net v0x5633f8d63ea0 248, 15 0, o0x7f0051d5bf28; 0 drivers
o0x7f0051d5bf58 .functor BUFZ 16, C4<zzzzzzzzzzzzzzzz>; HiZ drive
v0x5633f8d63ea0_249 .net v0x5633f8d63ea0 249, 15 0, o0x7f0051d5bf58; 0 drivers
o0x7f0051d5bf88 .functor BUFZ 16, C4<zzzzzzzzzzzzzzzz>; HiZ drive
v0x5633f8d63ea0_250 .net v0x5633f8d63ea0 250, 15 0, o0x7f0051d5bf88; 0 drivers
o0x7f0051d5bfb8 .functor BUFZ 16, C4<zzzzzzzzzzzzzzzz>; HiZ drive
v0x5633f8d63ea0_251 .net v0x5633f8d63ea0 251, 15 0, o0x7f0051d5bfb8; 0 drivers
o0x7f0051d5bfe8 .functor BUFZ 16, C4<zzzzzzzzzzzzzzzz>; HiZ drive
v0x5633f8d63ea0_252 .net v0x5633f8d63ea0 252, 15 0, o0x7f0051d5bfe8; 0 drivers
o0x7f0051d5c018 .functor BUFZ 16, C4<zzzzzzzzzzzzzzzz>; HiZ drive
v0x5633f8d63ea0_253 .net v0x5633f8d63ea0 253, 15 0, o0x7f0051d5c018; 0 drivers
o0x7f0051d5c048 .functor BUFZ 16, C4<zzzzzzzzzzzzzzzz>; HiZ drive
v0x5633f8d63ea0_254 .net v0x5633f8d63ea0 254, 15 0, o0x7f0051d5c048; 0 drivers
o0x7f0051d5c078 .functor BUFZ 16, C4<zzzzzzzzzzzzzzzz>; HiZ drive
v0x5633f8d63ea0_255 .net v0x5633f8d63ea0 255, 15 0, o0x7f0051d5c078; 0 drivers
o0x7f0051d5c0a8 .functor BUFZ 16, C4<zzzzzzzzzzzzzzzz>; HiZ drive
v0x5633f8d63ea0_256 .net v0x5633f8d63ea0 256, 15 0, o0x7f0051d5c0a8; 0 drivers
o0x7f0051d5c0d8 .functor BUFZ 16, C4<zzzzzzzzzzzzzzzz>; HiZ drive
v0x5633f8d63ea0_257 .net v0x5633f8d63ea0 257, 15 0, o0x7f0051d5c0d8; 0 drivers
o0x7f0051d5c108 .functor BUFZ 16, C4<zzzzzzzzzzzzzzzz>; HiZ drive
v0x5633f8d63ea0_258 .net v0x5633f8d63ea0 258, 15 0, o0x7f0051d5c108; 0 drivers
o0x7f0051d5c138 .functor BUFZ 16, C4<zzzzzzzzzzzzzzzz>; HiZ drive
v0x5633f8d63ea0_259 .net v0x5633f8d63ea0 259, 15 0, o0x7f0051d5c138; 0 drivers
o0x7f0051d5c168 .functor BUFZ 16, C4<zzzzzzzzzzzzzzzz>; HiZ drive
v0x5633f8d63ea0_260 .net v0x5633f8d63ea0 260, 15 0, o0x7f0051d5c168; 0 drivers
o0x7f0051d5c198 .functor BUFZ 16, C4<zzzzzzzzzzzzzzzz>; HiZ drive
v0x5633f8d63ea0_261 .net v0x5633f8d63ea0 261, 15 0, o0x7f0051d5c198; 0 drivers
o0x7f0051d5c1c8 .functor BUFZ 16, C4<zzzzzzzzzzzzzzzz>; HiZ drive
v0x5633f8d63ea0_262 .net v0x5633f8d63ea0 262, 15 0, o0x7f0051d5c1c8; 0 drivers
o0x7f0051d5c1f8 .functor BUFZ 16, C4<zzzzzzzzzzzzzzzz>; HiZ drive
v0x5633f8d63ea0_263 .net v0x5633f8d63ea0 263, 15 0, o0x7f0051d5c1f8; 0 drivers
o0x7f0051d5c228 .functor BUFZ 16, C4<zzzzzzzzzzzzzzzz>; HiZ drive
v0x5633f8d63ea0_264 .net v0x5633f8d63ea0 264, 15 0, o0x7f0051d5c228; 0 drivers
o0x7f0051d5c258 .functor BUFZ 16, C4<zzzzzzzzzzzzzzzz>; HiZ drive
v0x5633f8d63ea0_265 .net v0x5633f8d63ea0 265, 15 0, o0x7f0051d5c258; 0 drivers
o0x7f0051d5c288 .functor BUFZ 16, C4<zzzzzzzzzzzzzzzz>; HiZ drive
v0x5633f8d63ea0_266 .net v0x5633f8d63ea0 266, 15 0, o0x7f0051d5c288; 0 drivers
o0x7f0051d5c2b8 .functor BUFZ 16, C4<zzzzzzzzzzzzzzzz>; HiZ drive
v0x5633f8d63ea0_267 .net v0x5633f8d63ea0 267, 15 0, o0x7f0051d5c2b8; 0 drivers
o0x7f0051d5c2e8 .functor BUFZ 16, C4<zzzzzzzzzzzzzzzz>; HiZ drive
v0x5633f8d63ea0_268 .net v0x5633f8d63ea0 268, 15 0, o0x7f0051d5c2e8; 0 drivers
o0x7f0051d5c318 .functor BUFZ 16, C4<zzzzzzzzzzzzzzzz>; HiZ drive
v0x5633f8d63ea0_269 .net v0x5633f8d63ea0 269, 15 0, o0x7f0051d5c318; 0 drivers
o0x7f0051d5c348 .functor BUFZ 16, C4<zzzzzzzzzzzzzzzz>; HiZ drive
v0x5633f8d63ea0_270 .net v0x5633f8d63ea0 270, 15 0, o0x7f0051d5c348; 0 drivers
o0x7f0051d5c378 .functor BUFZ 16, C4<zzzzzzzzzzzzzzzz>; HiZ drive
v0x5633f8d63ea0_271 .net v0x5633f8d63ea0 271, 15 0, o0x7f0051d5c378; 0 drivers
o0x7f0051d5c3a8 .functor BUFZ 16, C4<zzzzzzzzzzzzzzzz>; HiZ drive
v0x5633f8d63ea0_272 .net v0x5633f8d63ea0 272, 15 0, o0x7f0051d5c3a8; 0 drivers
o0x7f0051d5c3d8 .functor BUFZ 16, C4<zzzzzzzzzzzzzzzz>; HiZ drive
v0x5633f8d63ea0_273 .net v0x5633f8d63ea0 273, 15 0, o0x7f0051d5c3d8; 0 drivers
o0x7f0051d5c408 .functor BUFZ 16, C4<zzzzzzzzzzzzzzzz>; HiZ drive
v0x5633f8d63ea0_274 .net v0x5633f8d63ea0 274, 15 0, o0x7f0051d5c408; 0 drivers
o0x7f0051d5c438 .functor BUFZ 16, C4<zzzzzzzzzzzzzzzz>; HiZ drive
v0x5633f8d63ea0_275 .net v0x5633f8d63ea0 275, 15 0, o0x7f0051d5c438; 0 drivers
o0x7f0051d5c468 .functor BUFZ 16, C4<zzzzzzzzzzzzzzzz>; HiZ drive
v0x5633f8d63ea0_276 .net v0x5633f8d63ea0 276, 15 0, o0x7f0051d5c468; 0 drivers
o0x7f0051d5c498 .functor BUFZ 16, C4<zzzzzzzzzzzzzzzz>; HiZ drive
v0x5633f8d63ea0_277 .net v0x5633f8d63ea0 277, 15 0, o0x7f0051d5c498; 0 drivers
o0x7f0051d5c4c8 .functor BUFZ 16, C4<zzzzzzzzzzzzzzzz>; HiZ drive
v0x5633f8d63ea0_278 .net v0x5633f8d63ea0 278, 15 0, o0x7f0051d5c4c8; 0 drivers
o0x7f0051d5c4f8 .functor BUFZ 16, C4<zzzzzzzzzzzzzzzz>; HiZ drive
v0x5633f8d63ea0_279 .net v0x5633f8d63ea0 279, 15 0, o0x7f0051d5c4f8; 0 drivers
o0x7f0051d5c528 .functor BUFZ 16, C4<zzzzzzzzzzzzzzzz>; HiZ drive
v0x5633f8d63ea0_280 .net v0x5633f8d63ea0 280, 15 0, o0x7f0051d5c528; 0 drivers
o0x7f0051d5c558 .functor BUFZ 16, C4<zzzzzzzzzzzzzzzz>; HiZ drive
v0x5633f8d63ea0_281 .net v0x5633f8d63ea0 281, 15 0, o0x7f0051d5c558; 0 drivers
o0x7f0051d5c588 .functor BUFZ 16, C4<zzzzzzzzzzzzzzzz>; HiZ drive
v0x5633f8d63ea0_282 .net v0x5633f8d63ea0 282, 15 0, o0x7f0051d5c588; 0 drivers
o0x7f0051d5c5b8 .functor BUFZ 16, C4<zzzzzzzzzzzzzzzz>; HiZ drive
v0x5633f8d63ea0_283 .net v0x5633f8d63ea0 283, 15 0, o0x7f0051d5c5b8; 0 drivers
o0x7f0051d5c5e8 .functor BUFZ 16, C4<zzzzzzzzzzzzzzzz>; HiZ drive
v0x5633f8d63ea0_284 .net v0x5633f8d63ea0 284, 15 0, o0x7f0051d5c5e8; 0 drivers
o0x7f0051d5c618 .functor BUFZ 16, C4<zzzzzzzzzzzzzzzz>; HiZ drive
v0x5633f8d63ea0_285 .net v0x5633f8d63ea0 285, 15 0, o0x7f0051d5c618; 0 drivers
o0x7f0051d5c648 .functor BUFZ 16, C4<zzzzzzzzzzzzzzzz>; HiZ drive
v0x5633f8d63ea0_286 .net v0x5633f8d63ea0 286, 15 0, o0x7f0051d5c648; 0 drivers
o0x7f0051d5c678 .functor BUFZ 16, C4<zzzzzzzzzzzzzzzz>; HiZ drive
v0x5633f8d63ea0_287 .net v0x5633f8d63ea0 287, 15 0, o0x7f0051d5c678; 0 drivers
o0x7f0051d5c6a8 .functor BUFZ 16, C4<zzzzzzzzzzzzzzzz>; HiZ drive
v0x5633f8d63ea0_288 .net v0x5633f8d63ea0 288, 15 0, o0x7f0051d5c6a8; 0 drivers
o0x7f0051d5c6d8 .functor BUFZ 16, C4<zzzzzzzzzzzzzzzz>; HiZ drive
v0x5633f8d63ea0_289 .net v0x5633f8d63ea0 289, 15 0, o0x7f0051d5c6d8; 0 drivers
o0x7f0051d5c708 .functor BUFZ 16, C4<zzzzzzzzzzzzzzzz>; HiZ drive
v0x5633f8d63ea0_290 .net v0x5633f8d63ea0 290, 15 0, o0x7f0051d5c708; 0 drivers
o0x7f0051d5c738 .functor BUFZ 16, C4<zzzzzzzzzzzzzzzz>; HiZ drive
v0x5633f8d63ea0_291 .net v0x5633f8d63ea0 291, 15 0, o0x7f0051d5c738; 0 drivers
o0x7f0051d5c768 .functor BUFZ 16, C4<zzzzzzzzzzzzzzzz>; HiZ drive
v0x5633f8d63ea0_292 .net v0x5633f8d63ea0 292, 15 0, o0x7f0051d5c768; 0 drivers
o0x7f0051d5c798 .functor BUFZ 16, C4<zzzzzzzzzzzzzzzz>; HiZ drive
v0x5633f8d63ea0_293 .net v0x5633f8d63ea0 293, 15 0, o0x7f0051d5c798; 0 drivers
o0x7f0051d5c7c8 .functor BUFZ 16, C4<zzzzzzzzzzzzzzzz>; HiZ drive
v0x5633f8d63ea0_294 .net v0x5633f8d63ea0 294, 15 0, o0x7f0051d5c7c8; 0 drivers
o0x7f0051d5c7f8 .functor BUFZ 16, C4<zzzzzzzzzzzzzzzz>; HiZ drive
v0x5633f8d63ea0_295 .net v0x5633f8d63ea0 295, 15 0, o0x7f0051d5c7f8; 0 drivers
o0x7f0051d5c828 .functor BUFZ 16, C4<zzzzzzzzzzzzzzzz>; HiZ drive
v0x5633f8d63ea0_296 .net v0x5633f8d63ea0 296, 15 0, o0x7f0051d5c828; 0 drivers
o0x7f0051d5c858 .functor BUFZ 16, C4<zzzzzzzzzzzzzzzz>; HiZ drive
v0x5633f8d63ea0_297 .net v0x5633f8d63ea0 297, 15 0, o0x7f0051d5c858; 0 drivers
o0x7f0051d5c888 .functor BUFZ 16, C4<zzzzzzzzzzzzzzzz>; HiZ drive
v0x5633f8d63ea0_298 .net v0x5633f8d63ea0 298, 15 0, o0x7f0051d5c888; 0 drivers
o0x7f0051d5c8b8 .functor BUFZ 16, C4<zzzzzzzzzzzzzzzz>; HiZ drive
v0x5633f8d63ea0_299 .net v0x5633f8d63ea0 299, 15 0, o0x7f0051d5c8b8; 0 drivers
o0x7f0051d5c8e8 .functor BUFZ 16, C4<zzzzzzzzzzzzzzzz>; HiZ drive
v0x5633f8d63ea0_300 .net v0x5633f8d63ea0 300, 15 0, o0x7f0051d5c8e8; 0 drivers
o0x7f0051d5c918 .functor BUFZ 16, C4<zzzzzzzzzzzzzzzz>; HiZ drive
v0x5633f8d63ea0_301 .net v0x5633f8d63ea0 301, 15 0, o0x7f0051d5c918; 0 drivers
o0x7f0051d5c948 .functor BUFZ 16, C4<zzzzzzzzzzzzzzzz>; HiZ drive
v0x5633f8d63ea0_302 .net v0x5633f8d63ea0 302, 15 0, o0x7f0051d5c948; 0 drivers
o0x7f0051d5c978 .functor BUFZ 16, C4<zzzzzzzzzzzzzzzz>; HiZ drive
v0x5633f8d63ea0_303 .net v0x5633f8d63ea0 303, 15 0, o0x7f0051d5c978; 0 drivers
o0x7f0051d5c9a8 .functor BUFZ 16, C4<zzzzzzzzzzzzzzzz>; HiZ drive
v0x5633f8d63ea0_304 .net v0x5633f8d63ea0 304, 15 0, o0x7f0051d5c9a8; 0 drivers
o0x7f0051d5c9d8 .functor BUFZ 16, C4<zzzzzzzzzzzzzzzz>; HiZ drive
v0x5633f8d63ea0_305 .net v0x5633f8d63ea0 305, 15 0, o0x7f0051d5c9d8; 0 drivers
o0x7f0051d5ca08 .functor BUFZ 16, C4<zzzzzzzzzzzzzzzz>; HiZ drive
v0x5633f8d63ea0_306 .net v0x5633f8d63ea0 306, 15 0, o0x7f0051d5ca08; 0 drivers
o0x7f0051d5ca38 .functor BUFZ 16, C4<zzzzzzzzzzzzzzzz>; HiZ drive
v0x5633f8d63ea0_307 .net v0x5633f8d63ea0 307, 15 0, o0x7f0051d5ca38; 0 drivers
o0x7f0051d5ca68 .functor BUFZ 16, C4<zzzzzzzzzzzzzzzz>; HiZ drive
v0x5633f8d63ea0_308 .net v0x5633f8d63ea0 308, 15 0, o0x7f0051d5ca68; 0 drivers
o0x7f0051d5ca98 .functor BUFZ 16, C4<zzzzzzzzzzzzzzzz>; HiZ drive
v0x5633f8d63ea0_309 .net v0x5633f8d63ea0 309, 15 0, o0x7f0051d5ca98; 0 drivers
o0x7f0051d5cac8 .functor BUFZ 16, C4<zzzzzzzzzzzzzzzz>; HiZ drive
v0x5633f8d63ea0_310 .net v0x5633f8d63ea0 310, 15 0, o0x7f0051d5cac8; 0 drivers
o0x7f0051d5caf8 .functor BUFZ 16, C4<zzzzzzzzzzzzzzzz>; HiZ drive
v0x5633f8d63ea0_311 .net v0x5633f8d63ea0 311, 15 0, o0x7f0051d5caf8; 0 drivers
o0x7f0051d5cb28 .functor BUFZ 16, C4<zzzzzzzzzzzzzzzz>; HiZ drive
v0x5633f8d63ea0_312 .net v0x5633f8d63ea0 312, 15 0, o0x7f0051d5cb28; 0 drivers
o0x7f0051d5cb58 .functor BUFZ 16, C4<zzzzzzzzzzzzzzzz>; HiZ drive
v0x5633f8d63ea0_313 .net v0x5633f8d63ea0 313, 15 0, o0x7f0051d5cb58; 0 drivers
o0x7f0051d5cb88 .functor BUFZ 16, C4<zzzzzzzzzzzzzzzz>; HiZ drive
v0x5633f8d63ea0_314 .net v0x5633f8d63ea0 314, 15 0, o0x7f0051d5cb88; 0 drivers
o0x7f0051d5cbb8 .functor BUFZ 16, C4<zzzzzzzzzzzzzzzz>; HiZ drive
v0x5633f8d63ea0_315 .net v0x5633f8d63ea0 315, 15 0, o0x7f0051d5cbb8; 0 drivers
o0x7f0051d5cbe8 .functor BUFZ 16, C4<zzzzzzzzzzzzzzzz>; HiZ drive
v0x5633f8d63ea0_316 .net v0x5633f8d63ea0 316, 15 0, o0x7f0051d5cbe8; 0 drivers
o0x7f0051d5cc18 .functor BUFZ 16, C4<zzzzzzzzzzzzzzzz>; HiZ drive
v0x5633f8d63ea0_317 .net v0x5633f8d63ea0 317, 15 0, o0x7f0051d5cc18; 0 drivers
o0x7f0051d5cc48 .functor BUFZ 16, C4<zzzzzzzzzzzzzzzz>; HiZ drive
v0x5633f8d63ea0_318 .net v0x5633f8d63ea0 318, 15 0, o0x7f0051d5cc48; 0 drivers
o0x7f0051d5cc78 .functor BUFZ 16, C4<zzzzzzzzzzzzzzzz>; HiZ drive
v0x5633f8d63ea0_319 .net v0x5633f8d63ea0 319, 15 0, o0x7f0051d5cc78; 0 drivers
o0x7f0051d5cca8 .functor BUFZ 16, C4<zzzzzzzzzzzzzzzz>; HiZ drive
v0x5633f8d63ea0_320 .net v0x5633f8d63ea0 320, 15 0, o0x7f0051d5cca8; 0 drivers
o0x7f0051d5ccd8 .functor BUFZ 16, C4<zzzzzzzzzzzzzzzz>; HiZ drive
v0x5633f8d63ea0_321 .net v0x5633f8d63ea0 321, 15 0, o0x7f0051d5ccd8; 0 drivers
o0x7f0051d5cd08 .functor BUFZ 16, C4<zzzzzzzzzzzzzzzz>; HiZ drive
v0x5633f8d63ea0_322 .net v0x5633f8d63ea0 322, 15 0, o0x7f0051d5cd08; 0 drivers
o0x7f0051d5cd38 .functor BUFZ 16, C4<zzzzzzzzzzzzzzzz>; HiZ drive
v0x5633f8d63ea0_323 .net v0x5633f8d63ea0 323, 15 0, o0x7f0051d5cd38; 0 drivers
o0x7f0051d5cd68 .functor BUFZ 16, C4<zzzzzzzzzzzzzzzz>; HiZ drive
v0x5633f8d63ea0_324 .net v0x5633f8d63ea0 324, 15 0, o0x7f0051d5cd68; 0 drivers
o0x7f0051d5cd98 .functor BUFZ 16, C4<zzzzzzzzzzzzzzzz>; HiZ drive
v0x5633f8d63ea0_325 .net v0x5633f8d63ea0 325, 15 0, o0x7f0051d5cd98; 0 drivers
o0x7f0051d5cdc8 .functor BUFZ 16, C4<zzzzzzzzzzzzzzzz>; HiZ drive
v0x5633f8d63ea0_326 .net v0x5633f8d63ea0 326, 15 0, o0x7f0051d5cdc8; 0 drivers
o0x7f0051d5cdf8 .functor BUFZ 16, C4<zzzzzzzzzzzzzzzz>; HiZ drive
v0x5633f8d63ea0_327 .net v0x5633f8d63ea0 327, 15 0, o0x7f0051d5cdf8; 0 drivers
o0x7f0051d5ce28 .functor BUFZ 16, C4<zzzzzzzzzzzzzzzz>; HiZ drive
v0x5633f8d63ea0_328 .net v0x5633f8d63ea0 328, 15 0, o0x7f0051d5ce28; 0 drivers
o0x7f0051d5ce58 .functor BUFZ 16, C4<zzzzzzzzzzzzzzzz>; HiZ drive
v0x5633f8d63ea0_329 .net v0x5633f8d63ea0 329, 15 0, o0x7f0051d5ce58; 0 drivers
o0x7f0051d5ce88 .functor BUFZ 16, C4<zzzzzzzzzzzzzzzz>; HiZ drive
v0x5633f8d63ea0_330 .net v0x5633f8d63ea0 330, 15 0, o0x7f0051d5ce88; 0 drivers
o0x7f0051d5ceb8 .functor BUFZ 16, C4<zzzzzzzzzzzzzzzz>; HiZ drive
v0x5633f8d63ea0_331 .net v0x5633f8d63ea0 331, 15 0, o0x7f0051d5ceb8; 0 drivers
o0x7f0051d5cee8 .functor BUFZ 16, C4<zzzzzzzzzzzzzzzz>; HiZ drive
v0x5633f8d63ea0_332 .net v0x5633f8d63ea0 332, 15 0, o0x7f0051d5cee8; 0 drivers
o0x7f0051d5cf18 .functor BUFZ 16, C4<zzzzzzzzzzzzzzzz>; HiZ drive
v0x5633f8d63ea0_333 .net v0x5633f8d63ea0 333, 15 0, o0x7f0051d5cf18; 0 drivers
o0x7f0051d5cf48 .functor BUFZ 16, C4<zzzzzzzzzzzzzzzz>; HiZ drive
v0x5633f8d63ea0_334 .net v0x5633f8d63ea0 334, 15 0, o0x7f0051d5cf48; 0 drivers
o0x7f0051d5cf78 .functor BUFZ 16, C4<zzzzzzzzzzzzzzzz>; HiZ drive
v0x5633f8d63ea0_335 .net v0x5633f8d63ea0 335, 15 0, o0x7f0051d5cf78; 0 drivers
o0x7f0051d5cfa8 .functor BUFZ 16, C4<zzzzzzzzzzzzzzzz>; HiZ drive
v0x5633f8d63ea0_336 .net v0x5633f8d63ea0 336, 15 0, o0x7f0051d5cfa8; 0 drivers
o0x7f0051d5cfd8 .functor BUFZ 16, C4<zzzzzzzzzzzzzzzz>; HiZ drive
v0x5633f8d63ea0_337 .net v0x5633f8d63ea0 337, 15 0, o0x7f0051d5cfd8; 0 drivers
o0x7f0051d5d008 .functor BUFZ 16, C4<zzzzzzzzzzzzzzzz>; HiZ drive
v0x5633f8d63ea0_338 .net v0x5633f8d63ea0 338, 15 0, o0x7f0051d5d008; 0 drivers
o0x7f0051d5d038 .functor BUFZ 16, C4<zzzzzzzzzzzzzzzz>; HiZ drive
v0x5633f8d63ea0_339 .net v0x5633f8d63ea0 339, 15 0, o0x7f0051d5d038; 0 drivers
o0x7f0051d5d068 .functor BUFZ 16, C4<zzzzzzzzzzzzzzzz>; HiZ drive
v0x5633f8d63ea0_340 .net v0x5633f8d63ea0 340, 15 0, o0x7f0051d5d068; 0 drivers
o0x7f0051d5d098 .functor BUFZ 16, C4<zzzzzzzzzzzzzzzz>; HiZ drive
v0x5633f8d63ea0_341 .net v0x5633f8d63ea0 341, 15 0, o0x7f0051d5d098; 0 drivers
o0x7f0051d5d0c8 .functor BUFZ 16, C4<zzzzzzzzzzzzzzzz>; HiZ drive
v0x5633f8d63ea0_342 .net v0x5633f8d63ea0 342, 15 0, o0x7f0051d5d0c8; 0 drivers
o0x7f0051d5d0f8 .functor BUFZ 16, C4<zzzzzzzzzzzzzzzz>; HiZ drive
v0x5633f8d63ea0_343 .net v0x5633f8d63ea0 343, 15 0, o0x7f0051d5d0f8; 0 drivers
o0x7f0051d5d128 .functor BUFZ 16, C4<zzzzzzzzzzzzzzzz>; HiZ drive
v0x5633f8d63ea0_344 .net v0x5633f8d63ea0 344, 15 0, o0x7f0051d5d128; 0 drivers
o0x7f0051d5d158 .functor BUFZ 16, C4<zzzzzzzzzzzzzzzz>; HiZ drive
v0x5633f8d63ea0_345 .net v0x5633f8d63ea0 345, 15 0, o0x7f0051d5d158; 0 drivers
o0x7f0051d5d188 .functor BUFZ 16, C4<zzzzzzzzzzzzzzzz>; HiZ drive
v0x5633f8d63ea0_346 .net v0x5633f8d63ea0 346, 15 0, o0x7f0051d5d188; 0 drivers
o0x7f0051d5d1b8 .functor BUFZ 16, C4<zzzzzzzzzzzzzzzz>; HiZ drive
v0x5633f8d63ea0_347 .net v0x5633f8d63ea0 347, 15 0, o0x7f0051d5d1b8; 0 drivers
o0x7f0051d5d1e8 .functor BUFZ 16, C4<zzzzzzzzzzzzzzzz>; HiZ drive
v0x5633f8d63ea0_348 .net v0x5633f8d63ea0 348, 15 0, o0x7f0051d5d1e8; 0 drivers
o0x7f0051d5d218 .functor BUFZ 16, C4<zzzzzzzzzzzzzzzz>; HiZ drive
v0x5633f8d63ea0_349 .net v0x5633f8d63ea0 349, 15 0, o0x7f0051d5d218; 0 drivers
o0x7f0051d5d248 .functor BUFZ 16, C4<zzzzzzzzzzzzzzzz>; HiZ drive
v0x5633f8d63ea0_350 .net v0x5633f8d63ea0 350, 15 0, o0x7f0051d5d248; 0 drivers
o0x7f0051d5d278 .functor BUFZ 16, C4<zzzzzzzzzzzzzzzz>; HiZ drive
v0x5633f8d63ea0_351 .net v0x5633f8d63ea0 351, 15 0, o0x7f0051d5d278; 0 drivers
o0x7f0051d5d2a8 .functor BUFZ 16, C4<zzzzzzzzzzzzzzzz>; HiZ drive
v0x5633f8d63ea0_352 .net v0x5633f8d63ea0 352, 15 0, o0x7f0051d5d2a8; 0 drivers
o0x7f0051d5d2d8 .functor BUFZ 16, C4<zzzzzzzzzzzzzzzz>; HiZ drive
v0x5633f8d63ea0_353 .net v0x5633f8d63ea0 353, 15 0, o0x7f0051d5d2d8; 0 drivers
o0x7f0051d5d308 .functor BUFZ 16, C4<zzzzzzzzzzzzzzzz>; HiZ drive
v0x5633f8d63ea0_354 .net v0x5633f8d63ea0 354, 15 0, o0x7f0051d5d308; 0 drivers
o0x7f0051d5d338 .functor BUFZ 16, C4<zzzzzzzzzzzzzzzz>; HiZ drive
v0x5633f8d63ea0_355 .net v0x5633f8d63ea0 355, 15 0, o0x7f0051d5d338; 0 drivers
o0x7f0051d5d368 .functor BUFZ 16, C4<zzzzzzzzzzzzzzzz>; HiZ drive
v0x5633f8d63ea0_356 .net v0x5633f8d63ea0 356, 15 0, o0x7f0051d5d368; 0 drivers
o0x7f0051d5d398 .functor BUFZ 16, C4<zzzzzzzzzzzzzzzz>; HiZ drive
v0x5633f8d63ea0_357 .net v0x5633f8d63ea0 357, 15 0, o0x7f0051d5d398; 0 drivers
o0x7f0051d5d3c8 .functor BUFZ 16, C4<zzzzzzzzzzzzzzzz>; HiZ drive
v0x5633f8d63ea0_358 .net v0x5633f8d63ea0 358, 15 0, o0x7f0051d5d3c8; 0 drivers
o0x7f0051d5d3f8 .functor BUFZ 16, C4<zzzzzzzzzzzzzzzz>; HiZ drive
v0x5633f8d63ea0_359 .net v0x5633f8d63ea0 359, 15 0, o0x7f0051d5d3f8; 0 drivers
o0x7f0051d5d428 .functor BUFZ 16, C4<zzzzzzzzzzzzzzzz>; HiZ drive
v0x5633f8d63ea0_360 .net v0x5633f8d63ea0 360, 15 0, o0x7f0051d5d428; 0 drivers
o0x7f0051d5d458 .functor BUFZ 16, C4<zzzzzzzzzzzzzzzz>; HiZ drive
v0x5633f8d63ea0_361 .net v0x5633f8d63ea0 361, 15 0, o0x7f0051d5d458; 0 drivers
o0x7f0051d5d488 .functor BUFZ 16, C4<zzzzzzzzzzzzzzzz>; HiZ drive
v0x5633f8d63ea0_362 .net v0x5633f8d63ea0 362, 15 0, o0x7f0051d5d488; 0 drivers
o0x7f0051d5d4b8 .functor BUFZ 16, C4<zzzzzzzzzzzzzzzz>; HiZ drive
v0x5633f8d63ea0_363 .net v0x5633f8d63ea0 363, 15 0, o0x7f0051d5d4b8; 0 drivers
o0x7f0051d5d4e8 .functor BUFZ 16, C4<zzzzzzzzzzzzzzzz>; HiZ drive
v0x5633f8d63ea0_364 .net v0x5633f8d63ea0 364, 15 0, o0x7f0051d5d4e8; 0 drivers
o0x7f0051d5d518 .functor BUFZ 16, C4<zzzzzzzzzzzzzzzz>; HiZ drive
v0x5633f8d63ea0_365 .net v0x5633f8d63ea0 365, 15 0, o0x7f0051d5d518; 0 drivers
o0x7f0051d5d548 .functor BUFZ 16, C4<zzzzzzzzzzzzzzzz>; HiZ drive
v0x5633f8d63ea0_366 .net v0x5633f8d63ea0 366, 15 0, o0x7f0051d5d548; 0 drivers
o0x7f0051d5d578 .functor BUFZ 16, C4<zzzzzzzzzzzzzzzz>; HiZ drive
v0x5633f8d63ea0_367 .net v0x5633f8d63ea0 367, 15 0, o0x7f0051d5d578; 0 drivers
o0x7f0051d5d5a8 .functor BUFZ 16, C4<zzzzzzzzzzzzzzzz>; HiZ drive
v0x5633f8d63ea0_368 .net v0x5633f8d63ea0 368, 15 0, o0x7f0051d5d5a8; 0 drivers
o0x7f0051d5d5d8 .functor BUFZ 16, C4<zzzzzzzzzzzzzzzz>; HiZ drive
v0x5633f8d63ea0_369 .net v0x5633f8d63ea0 369, 15 0, o0x7f0051d5d5d8; 0 drivers
o0x7f0051d5d608 .functor BUFZ 16, C4<zzzzzzzzzzzzzzzz>; HiZ drive
v0x5633f8d63ea0_370 .net v0x5633f8d63ea0 370, 15 0, o0x7f0051d5d608; 0 drivers
o0x7f0051d5d638 .functor BUFZ 16, C4<zzzzzzzzzzzzzzzz>; HiZ drive
v0x5633f8d63ea0_371 .net v0x5633f8d63ea0 371, 15 0, o0x7f0051d5d638; 0 drivers
o0x7f0051d5d668 .functor BUFZ 16, C4<zzzzzzzzzzzzzzzz>; HiZ drive
v0x5633f8d63ea0_372 .net v0x5633f8d63ea0 372, 15 0, o0x7f0051d5d668; 0 drivers
o0x7f0051d5d698 .functor BUFZ 16, C4<zzzzzzzzzzzzzzzz>; HiZ drive
v0x5633f8d63ea0_373 .net v0x5633f8d63ea0 373, 15 0, o0x7f0051d5d698; 0 drivers
o0x7f0051d5d6c8 .functor BUFZ 16, C4<zzzzzzzzzzzzzzzz>; HiZ drive
v0x5633f8d63ea0_374 .net v0x5633f8d63ea0 374, 15 0, o0x7f0051d5d6c8; 0 drivers
o0x7f0051d5d6f8 .functor BUFZ 16, C4<zzzzzzzzzzzzzzzz>; HiZ drive
v0x5633f8d63ea0_375 .net v0x5633f8d63ea0 375, 15 0, o0x7f0051d5d6f8; 0 drivers
o0x7f0051d5d728 .functor BUFZ 16, C4<zzzzzzzzzzzzzzzz>; HiZ drive
v0x5633f8d63ea0_376 .net v0x5633f8d63ea0 376, 15 0, o0x7f0051d5d728; 0 drivers
o0x7f0051d5d758 .functor BUFZ 16, C4<zzzzzzzzzzzzzzzz>; HiZ drive
v0x5633f8d63ea0_377 .net v0x5633f8d63ea0 377, 15 0, o0x7f0051d5d758; 0 drivers
o0x7f0051d5d788 .functor BUFZ 16, C4<zzzzzzzzzzzzzzzz>; HiZ drive
v0x5633f8d63ea0_378 .net v0x5633f8d63ea0 378, 15 0, o0x7f0051d5d788; 0 drivers
o0x7f0051d5d7b8 .functor BUFZ 16, C4<zzzzzzzzzzzzzzzz>; HiZ drive
v0x5633f8d63ea0_379 .net v0x5633f8d63ea0 379, 15 0, o0x7f0051d5d7b8; 0 drivers
o0x7f0051d5d7e8 .functor BUFZ 16, C4<zzzzzzzzzzzzzzzz>; HiZ drive
v0x5633f8d63ea0_380 .net v0x5633f8d63ea0 380, 15 0, o0x7f0051d5d7e8; 0 drivers
o0x7f0051d5d818 .functor BUFZ 16, C4<zzzzzzzzzzzzzzzz>; HiZ drive
v0x5633f8d63ea0_381 .net v0x5633f8d63ea0 381, 15 0, o0x7f0051d5d818; 0 drivers
o0x7f0051d5d848 .functor BUFZ 16, C4<zzzzzzzzzzzzzzzz>; HiZ drive
v0x5633f8d63ea0_382 .net v0x5633f8d63ea0 382, 15 0, o0x7f0051d5d848; 0 drivers
o0x7f0051d5d878 .functor BUFZ 16, C4<zzzzzzzzzzzzzzzz>; HiZ drive
v0x5633f8d63ea0_383 .net v0x5633f8d63ea0 383, 15 0, o0x7f0051d5d878; 0 drivers
o0x7f0051d5d8a8 .functor BUFZ 16, C4<zzzzzzzzzzzzzzzz>; HiZ drive
v0x5633f8d63ea0_384 .net v0x5633f8d63ea0 384, 15 0, o0x7f0051d5d8a8; 0 drivers
o0x7f0051d5d8d8 .functor BUFZ 16, C4<zzzzzzzzzzzzzzzz>; HiZ drive
v0x5633f8d63ea0_385 .net v0x5633f8d63ea0 385, 15 0, o0x7f0051d5d8d8; 0 drivers
o0x7f0051d5d908 .functor BUFZ 16, C4<zzzzzzzzzzzzzzzz>; HiZ drive
v0x5633f8d63ea0_386 .net v0x5633f8d63ea0 386, 15 0, o0x7f0051d5d908; 0 drivers
o0x7f0051d5d938 .functor BUFZ 16, C4<zzzzzzzzzzzzzzzz>; HiZ drive
v0x5633f8d63ea0_387 .net v0x5633f8d63ea0 387, 15 0, o0x7f0051d5d938; 0 drivers
o0x7f0051d5d968 .functor BUFZ 16, C4<zzzzzzzzzzzzzzzz>; HiZ drive
v0x5633f8d63ea0_388 .net v0x5633f8d63ea0 388, 15 0, o0x7f0051d5d968; 0 drivers
o0x7f0051d5d998 .functor BUFZ 16, C4<zzzzzzzzzzzzzzzz>; HiZ drive
v0x5633f8d63ea0_389 .net v0x5633f8d63ea0 389, 15 0, o0x7f0051d5d998; 0 drivers
o0x7f0051d5d9c8 .functor BUFZ 16, C4<zzzzzzzzzzzzzzzz>; HiZ drive
v0x5633f8d63ea0_390 .net v0x5633f8d63ea0 390, 15 0, o0x7f0051d5d9c8; 0 drivers
o0x7f0051d5d9f8 .functor BUFZ 16, C4<zzzzzzzzzzzzzzzz>; HiZ drive
v0x5633f8d63ea0_391 .net v0x5633f8d63ea0 391, 15 0, o0x7f0051d5d9f8; 0 drivers
o0x7f0051d5da28 .functor BUFZ 16, C4<zzzzzzzzzzzzzzzz>; HiZ drive
v0x5633f8d63ea0_392 .net v0x5633f8d63ea0 392, 15 0, o0x7f0051d5da28; 0 drivers
o0x7f0051d5da58 .functor BUFZ 16, C4<zzzzzzzzzzzzzzzz>; HiZ drive
v0x5633f8d63ea0_393 .net v0x5633f8d63ea0 393, 15 0, o0x7f0051d5da58; 0 drivers
o0x7f0051d5da88 .functor BUFZ 16, C4<zzzzzzzzzzzzzzzz>; HiZ drive
v0x5633f8d63ea0_394 .net v0x5633f8d63ea0 394, 15 0, o0x7f0051d5da88; 0 drivers
o0x7f0051d5dab8 .functor BUFZ 16, C4<zzzzzzzzzzzzzzzz>; HiZ drive
v0x5633f8d63ea0_395 .net v0x5633f8d63ea0 395, 15 0, o0x7f0051d5dab8; 0 drivers
o0x7f0051d5dae8 .functor BUFZ 16, C4<zzzzzzzzzzzzzzzz>; HiZ drive
v0x5633f8d63ea0_396 .net v0x5633f8d63ea0 396, 15 0, o0x7f0051d5dae8; 0 drivers
o0x7f0051d5db18 .functor BUFZ 16, C4<zzzzzzzzzzzzzzzz>; HiZ drive
v0x5633f8d63ea0_397 .net v0x5633f8d63ea0 397, 15 0, o0x7f0051d5db18; 0 drivers
o0x7f0051d5db48 .functor BUFZ 16, C4<zzzzzzzzzzzzzzzz>; HiZ drive
v0x5633f8d63ea0_398 .net v0x5633f8d63ea0 398, 15 0, o0x7f0051d5db48; 0 drivers
o0x7f0051d5db78 .functor BUFZ 16, C4<zzzzzzzzzzzzzzzz>; HiZ drive
v0x5633f8d63ea0_399 .net v0x5633f8d63ea0 399, 15 0, o0x7f0051d5db78; 0 drivers
o0x7f0051d5dba8 .functor BUFZ 16, C4<zzzzzzzzzzzzzzzz>; HiZ drive
v0x5633f8d63ea0_400 .net v0x5633f8d63ea0 400, 15 0, o0x7f0051d5dba8; 0 drivers
o0x7f0051d5dbd8 .functor BUFZ 16, C4<zzzzzzzzzzzzzzzz>; HiZ drive
v0x5633f8d63ea0_401 .net v0x5633f8d63ea0 401, 15 0, o0x7f0051d5dbd8; 0 drivers
o0x7f0051d5dc08 .functor BUFZ 16, C4<zzzzzzzzzzzzzzzz>; HiZ drive
v0x5633f8d63ea0_402 .net v0x5633f8d63ea0 402, 15 0, o0x7f0051d5dc08; 0 drivers
o0x7f0051d5dc38 .functor BUFZ 16, C4<zzzzzzzzzzzzzzzz>; HiZ drive
v0x5633f8d63ea0_403 .net v0x5633f8d63ea0 403, 15 0, o0x7f0051d5dc38; 0 drivers
o0x7f0051d5dc68 .functor BUFZ 16, C4<zzzzzzzzzzzzzzzz>; HiZ drive
v0x5633f8d63ea0_404 .net v0x5633f8d63ea0 404, 15 0, o0x7f0051d5dc68; 0 drivers
o0x7f0051d5dc98 .functor BUFZ 16, C4<zzzzzzzzzzzzzzzz>; HiZ drive
v0x5633f8d63ea0_405 .net v0x5633f8d63ea0 405, 15 0, o0x7f0051d5dc98; 0 drivers
o0x7f0051d5dcc8 .functor BUFZ 16, C4<zzzzzzzzzzzzzzzz>; HiZ drive
v0x5633f8d63ea0_406 .net v0x5633f8d63ea0 406, 15 0, o0x7f0051d5dcc8; 0 drivers
o0x7f0051d5dcf8 .functor BUFZ 16, C4<zzzzzzzzzzzzzzzz>; HiZ drive
v0x5633f8d63ea0_407 .net v0x5633f8d63ea0 407, 15 0, o0x7f0051d5dcf8; 0 drivers
o0x7f0051d5dd28 .functor BUFZ 16, C4<zzzzzzzzzzzzzzzz>; HiZ drive
v0x5633f8d63ea0_408 .net v0x5633f8d63ea0 408, 15 0, o0x7f0051d5dd28; 0 drivers
o0x7f0051d5dd58 .functor BUFZ 16, C4<zzzzzzzzzzzzzzzz>; HiZ drive
v0x5633f8d63ea0_409 .net v0x5633f8d63ea0 409, 15 0, o0x7f0051d5dd58; 0 drivers
o0x7f0051d5dd88 .functor BUFZ 16, C4<zzzzzzzzzzzzzzzz>; HiZ drive
v0x5633f8d63ea0_410 .net v0x5633f8d63ea0 410, 15 0, o0x7f0051d5dd88; 0 drivers
o0x7f0051d5ddb8 .functor BUFZ 16, C4<zzzzzzzzzzzzzzzz>; HiZ drive
v0x5633f8d63ea0_411 .net v0x5633f8d63ea0 411, 15 0, o0x7f0051d5ddb8; 0 drivers
o0x7f0051d5dde8 .functor BUFZ 16, C4<zzzzzzzzzzzzzzzz>; HiZ drive
v0x5633f8d63ea0_412 .net v0x5633f8d63ea0 412, 15 0, o0x7f0051d5dde8; 0 drivers
o0x7f0051d5de18 .functor BUFZ 16, C4<zzzzzzzzzzzzzzzz>; HiZ drive
v0x5633f8d63ea0_413 .net v0x5633f8d63ea0 413, 15 0, o0x7f0051d5de18; 0 drivers
o0x7f0051d5de48 .functor BUFZ 16, C4<zzzzzzzzzzzzzzzz>; HiZ drive
v0x5633f8d63ea0_414 .net v0x5633f8d63ea0 414, 15 0, o0x7f0051d5de48; 0 drivers
o0x7f0051d5de78 .functor BUFZ 16, C4<zzzzzzzzzzzzzzzz>; HiZ drive
v0x5633f8d63ea0_415 .net v0x5633f8d63ea0 415, 15 0, o0x7f0051d5de78; 0 drivers
o0x7f0051d5dea8 .functor BUFZ 16, C4<zzzzzzzzzzzzzzzz>; HiZ drive
v0x5633f8d63ea0_416 .net v0x5633f8d63ea0 416, 15 0, o0x7f0051d5dea8; 0 drivers
o0x7f0051d5ded8 .functor BUFZ 16, C4<zzzzzzzzzzzzzzzz>; HiZ drive
v0x5633f8d63ea0_417 .net v0x5633f8d63ea0 417, 15 0, o0x7f0051d5ded8; 0 drivers
o0x7f0051d5df08 .functor BUFZ 16, C4<zzzzzzzzzzzzzzzz>; HiZ drive
v0x5633f8d63ea0_418 .net v0x5633f8d63ea0 418, 15 0, o0x7f0051d5df08; 0 drivers
o0x7f0051d5df38 .functor BUFZ 16, C4<zzzzzzzzzzzzzzzz>; HiZ drive
v0x5633f8d63ea0_419 .net v0x5633f8d63ea0 419, 15 0, o0x7f0051d5df38; 0 drivers
o0x7f0051d5df68 .functor BUFZ 16, C4<zzzzzzzzzzzzzzzz>; HiZ drive
v0x5633f8d63ea0_420 .net v0x5633f8d63ea0 420, 15 0, o0x7f0051d5df68; 0 drivers
o0x7f0051d5df98 .functor BUFZ 16, C4<zzzzzzzzzzzzzzzz>; HiZ drive
v0x5633f8d63ea0_421 .net v0x5633f8d63ea0 421, 15 0, o0x7f0051d5df98; 0 drivers
o0x7f0051d5dfc8 .functor BUFZ 16, C4<zzzzzzzzzzzzzzzz>; HiZ drive
v0x5633f8d63ea0_422 .net v0x5633f8d63ea0 422, 15 0, o0x7f0051d5dfc8; 0 drivers
o0x7f0051d5dff8 .functor BUFZ 16, C4<zzzzzzzzzzzzzzzz>; HiZ drive
v0x5633f8d63ea0_423 .net v0x5633f8d63ea0 423, 15 0, o0x7f0051d5dff8; 0 drivers
o0x7f0051d5e028 .functor BUFZ 16, C4<zzzzzzzzzzzzzzzz>; HiZ drive
v0x5633f8d63ea0_424 .net v0x5633f8d63ea0 424, 15 0, o0x7f0051d5e028; 0 drivers
o0x7f0051d5e058 .functor BUFZ 16, C4<zzzzzzzzzzzzzzzz>; HiZ drive
v0x5633f8d63ea0_425 .net v0x5633f8d63ea0 425, 15 0, o0x7f0051d5e058; 0 drivers
o0x7f0051d5e088 .functor BUFZ 16, C4<zzzzzzzzzzzzzzzz>; HiZ drive
v0x5633f8d63ea0_426 .net v0x5633f8d63ea0 426, 15 0, o0x7f0051d5e088; 0 drivers
o0x7f0051d5e0b8 .functor BUFZ 16, C4<zzzzzzzzzzzzzzzz>; HiZ drive
v0x5633f8d63ea0_427 .net v0x5633f8d63ea0 427, 15 0, o0x7f0051d5e0b8; 0 drivers
o0x7f0051d5e0e8 .functor BUFZ 16, C4<zzzzzzzzzzzzzzzz>; HiZ drive
v0x5633f8d63ea0_428 .net v0x5633f8d63ea0 428, 15 0, o0x7f0051d5e0e8; 0 drivers
o0x7f0051d5e118 .functor BUFZ 16, C4<zzzzzzzzzzzzzzzz>; HiZ drive
v0x5633f8d63ea0_429 .net v0x5633f8d63ea0 429, 15 0, o0x7f0051d5e118; 0 drivers
o0x7f0051d5e148 .functor BUFZ 16, C4<zzzzzzzzzzzzzzzz>; HiZ drive
v0x5633f8d63ea0_430 .net v0x5633f8d63ea0 430, 15 0, o0x7f0051d5e148; 0 drivers
o0x7f0051d5e178 .functor BUFZ 16, C4<zzzzzzzzzzzzzzzz>; HiZ drive
v0x5633f8d63ea0_431 .net v0x5633f8d63ea0 431, 15 0, o0x7f0051d5e178; 0 drivers
o0x7f0051d5e1a8 .functor BUFZ 16, C4<zzzzzzzzzzzzzzzz>; HiZ drive
v0x5633f8d63ea0_432 .net v0x5633f8d63ea0 432, 15 0, o0x7f0051d5e1a8; 0 drivers
o0x7f0051d5e1d8 .functor BUFZ 16, C4<zzzzzzzzzzzzzzzz>; HiZ drive
v0x5633f8d63ea0_433 .net v0x5633f8d63ea0 433, 15 0, o0x7f0051d5e1d8; 0 drivers
o0x7f0051d5e208 .functor BUFZ 16, C4<zzzzzzzzzzzzzzzz>; HiZ drive
v0x5633f8d63ea0_434 .net v0x5633f8d63ea0 434, 15 0, o0x7f0051d5e208; 0 drivers
o0x7f0051d5e238 .functor BUFZ 16, C4<zzzzzzzzzzzzzzzz>; HiZ drive
v0x5633f8d63ea0_435 .net v0x5633f8d63ea0 435, 15 0, o0x7f0051d5e238; 0 drivers
o0x7f0051d5e268 .functor BUFZ 16, C4<zzzzzzzzzzzzzzzz>; HiZ drive
v0x5633f8d63ea0_436 .net v0x5633f8d63ea0 436, 15 0, o0x7f0051d5e268; 0 drivers
o0x7f0051d5e298 .functor BUFZ 16, C4<zzzzzzzzzzzzzzzz>; HiZ drive
v0x5633f8d63ea0_437 .net v0x5633f8d63ea0 437, 15 0, o0x7f0051d5e298; 0 drivers
o0x7f0051d5e2c8 .functor BUFZ 16, C4<zzzzzzzzzzzzzzzz>; HiZ drive
v0x5633f8d63ea0_438 .net v0x5633f8d63ea0 438, 15 0, o0x7f0051d5e2c8; 0 drivers
o0x7f0051d5e2f8 .functor BUFZ 16, C4<zzzzzzzzzzzzzzzz>; HiZ drive
v0x5633f8d63ea0_439 .net v0x5633f8d63ea0 439, 15 0, o0x7f0051d5e2f8; 0 drivers
o0x7f0051d5e328 .functor BUFZ 16, C4<zzzzzzzzzzzzzzzz>; HiZ drive
v0x5633f8d63ea0_440 .net v0x5633f8d63ea0 440, 15 0, o0x7f0051d5e328; 0 drivers
o0x7f0051d5e358 .functor BUFZ 16, C4<zzzzzzzzzzzzzzzz>; HiZ drive
v0x5633f8d63ea0_441 .net v0x5633f8d63ea0 441, 15 0, o0x7f0051d5e358; 0 drivers
o0x7f0051d5e388 .functor BUFZ 16, C4<zzzzzzzzzzzzzzzz>; HiZ drive
v0x5633f8d63ea0_442 .net v0x5633f8d63ea0 442, 15 0, o0x7f0051d5e388; 0 drivers
o0x7f0051d5e3b8 .functor BUFZ 16, C4<zzzzzzzzzzzzzzzz>; HiZ drive
v0x5633f8d63ea0_443 .net v0x5633f8d63ea0 443, 15 0, o0x7f0051d5e3b8; 0 drivers
o0x7f0051d5e3e8 .functor BUFZ 16, C4<zzzzzzzzzzzzzzzz>; HiZ drive
v0x5633f8d63ea0_444 .net v0x5633f8d63ea0 444, 15 0, o0x7f0051d5e3e8; 0 drivers
o0x7f0051d5e418 .functor BUFZ 16, C4<zzzzzzzzzzzzzzzz>; HiZ drive
v0x5633f8d63ea0_445 .net v0x5633f8d63ea0 445, 15 0, o0x7f0051d5e418; 0 drivers
o0x7f0051d5e448 .functor BUFZ 16, C4<zzzzzzzzzzzzzzzz>; HiZ drive
v0x5633f8d63ea0_446 .net v0x5633f8d63ea0 446, 15 0, o0x7f0051d5e448; 0 drivers
o0x7f0051d5e478 .functor BUFZ 16, C4<zzzzzzzzzzzzzzzz>; HiZ drive
v0x5633f8d63ea0_447 .net v0x5633f8d63ea0 447, 15 0, o0x7f0051d5e478; 0 drivers
o0x7f0051d5e4a8 .functor BUFZ 16, C4<zzzzzzzzzzzzzzzz>; HiZ drive
v0x5633f8d63ea0_448 .net v0x5633f8d63ea0 448, 15 0, o0x7f0051d5e4a8; 0 drivers
o0x7f0051d5e4d8 .functor BUFZ 16, C4<zzzzzzzzzzzzzzzz>; HiZ drive
v0x5633f8d63ea0_449 .net v0x5633f8d63ea0 449, 15 0, o0x7f0051d5e4d8; 0 drivers
o0x7f0051d5e508 .functor BUFZ 16, C4<zzzzzzzzzzzzzzzz>; HiZ drive
v0x5633f8d63ea0_450 .net v0x5633f8d63ea0 450, 15 0, o0x7f0051d5e508; 0 drivers
o0x7f0051d5e538 .functor BUFZ 16, C4<zzzzzzzzzzzzzzzz>; HiZ drive
v0x5633f8d63ea0_451 .net v0x5633f8d63ea0 451, 15 0, o0x7f0051d5e538; 0 drivers
o0x7f0051d5e568 .functor BUFZ 16, C4<zzzzzzzzzzzzzzzz>; HiZ drive
v0x5633f8d63ea0_452 .net v0x5633f8d63ea0 452, 15 0, o0x7f0051d5e568; 0 drivers
o0x7f0051d5e598 .functor BUFZ 16, C4<zzzzzzzzzzzzzzzz>; HiZ drive
v0x5633f8d63ea0_453 .net v0x5633f8d63ea0 453, 15 0, o0x7f0051d5e598; 0 drivers
o0x7f0051d5e5c8 .functor BUFZ 16, C4<zzzzzzzzzzzzzzzz>; HiZ drive
v0x5633f8d63ea0_454 .net v0x5633f8d63ea0 454, 15 0, o0x7f0051d5e5c8; 0 drivers
o0x7f0051d5e5f8 .functor BUFZ 16, C4<zzzzzzzzzzzzzzzz>; HiZ drive
v0x5633f8d63ea0_455 .net v0x5633f8d63ea0 455, 15 0, o0x7f0051d5e5f8; 0 drivers
o0x7f0051d5e628 .functor BUFZ 16, C4<zzzzzzzzzzzzzzzz>; HiZ drive
v0x5633f8d63ea0_456 .net v0x5633f8d63ea0 456, 15 0, o0x7f0051d5e628; 0 drivers
o0x7f0051d5e658 .functor BUFZ 16, C4<zzzzzzzzzzzzzzzz>; HiZ drive
v0x5633f8d63ea0_457 .net v0x5633f8d63ea0 457, 15 0, o0x7f0051d5e658; 0 drivers
o0x7f0051d5e688 .functor BUFZ 16, C4<zzzzzzzzzzzzzzzz>; HiZ drive
v0x5633f8d63ea0_458 .net v0x5633f8d63ea0 458, 15 0, o0x7f0051d5e688; 0 drivers
o0x7f0051d5e6b8 .functor BUFZ 16, C4<zzzzzzzzzzzzzzzz>; HiZ drive
v0x5633f8d63ea0_459 .net v0x5633f8d63ea0 459, 15 0, o0x7f0051d5e6b8; 0 drivers
o0x7f0051d5e6e8 .functor BUFZ 16, C4<zzzzzzzzzzzzzzzz>; HiZ drive
v0x5633f8d63ea0_460 .net v0x5633f8d63ea0 460, 15 0, o0x7f0051d5e6e8; 0 drivers
o0x7f0051d5e718 .functor BUFZ 16, C4<zzzzzzzzzzzzzzzz>; HiZ drive
v0x5633f8d63ea0_461 .net v0x5633f8d63ea0 461, 15 0, o0x7f0051d5e718; 0 drivers
o0x7f0051d5e748 .functor BUFZ 16, C4<zzzzzzzzzzzzzzzz>; HiZ drive
v0x5633f8d63ea0_462 .net v0x5633f8d63ea0 462, 15 0, o0x7f0051d5e748; 0 drivers
o0x7f0051d5e778 .functor BUFZ 16, C4<zzzzzzzzzzzzzzzz>; HiZ drive
v0x5633f8d63ea0_463 .net v0x5633f8d63ea0 463, 15 0, o0x7f0051d5e778; 0 drivers
o0x7f0051d5e7a8 .functor BUFZ 16, C4<zzzzzzzzzzzzzzzz>; HiZ drive
v0x5633f8d63ea0_464 .net v0x5633f8d63ea0 464, 15 0, o0x7f0051d5e7a8; 0 drivers
o0x7f0051d5e7d8 .functor BUFZ 16, C4<zzzzzzzzzzzzzzzz>; HiZ drive
v0x5633f8d63ea0_465 .net v0x5633f8d63ea0 465, 15 0, o0x7f0051d5e7d8; 0 drivers
o0x7f0051d5e808 .functor BUFZ 16, C4<zzzzzzzzzzzzzzzz>; HiZ drive
v0x5633f8d63ea0_466 .net v0x5633f8d63ea0 466, 15 0, o0x7f0051d5e808; 0 drivers
o0x7f0051d5e838 .functor BUFZ 16, C4<zzzzzzzzzzzzzzzz>; HiZ drive
v0x5633f8d63ea0_467 .net v0x5633f8d63ea0 467, 15 0, o0x7f0051d5e838; 0 drivers
o0x7f0051d5e868 .functor BUFZ 16, C4<zzzzzzzzzzzzzzzz>; HiZ drive
v0x5633f8d63ea0_468 .net v0x5633f8d63ea0 468, 15 0, o0x7f0051d5e868; 0 drivers
o0x7f0051d5e898 .functor BUFZ 16, C4<zzzzzzzzzzzzzzzz>; HiZ drive
v0x5633f8d63ea0_469 .net v0x5633f8d63ea0 469, 15 0, o0x7f0051d5e898; 0 drivers
o0x7f0051d5e8c8 .functor BUFZ 16, C4<zzzzzzzzzzzzzzzz>; HiZ drive
v0x5633f8d63ea0_470 .net v0x5633f8d63ea0 470, 15 0, o0x7f0051d5e8c8; 0 drivers
o0x7f0051d5e8f8 .functor BUFZ 16, C4<zzzzzzzzzzzzzzzz>; HiZ drive
v0x5633f8d63ea0_471 .net v0x5633f8d63ea0 471, 15 0, o0x7f0051d5e8f8; 0 drivers
o0x7f0051d5e928 .functor BUFZ 16, C4<zzzzzzzzzzzzzzzz>; HiZ drive
v0x5633f8d63ea0_472 .net v0x5633f8d63ea0 472, 15 0, o0x7f0051d5e928; 0 drivers
o0x7f0051d5e958 .functor BUFZ 16, C4<zzzzzzzzzzzzzzzz>; HiZ drive
v0x5633f8d63ea0_473 .net v0x5633f8d63ea0 473, 15 0, o0x7f0051d5e958; 0 drivers
o0x7f0051d5e988 .functor BUFZ 16, C4<zzzzzzzzzzzzzzzz>; HiZ drive
v0x5633f8d63ea0_474 .net v0x5633f8d63ea0 474, 15 0, o0x7f0051d5e988; 0 drivers
o0x7f0051d5e9b8 .functor BUFZ 16, C4<zzzzzzzzzzzzzzzz>; HiZ drive
v0x5633f8d63ea0_475 .net v0x5633f8d63ea0 475, 15 0, o0x7f0051d5e9b8; 0 drivers
o0x7f0051d5e9e8 .functor BUFZ 16, C4<zzzzzzzzzzzzzzzz>; HiZ drive
v0x5633f8d63ea0_476 .net v0x5633f8d63ea0 476, 15 0, o0x7f0051d5e9e8; 0 drivers
o0x7f0051d5ea18 .functor BUFZ 16, C4<zzzzzzzzzzzzzzzz>; HiZ drive
v0x5633f8d63ea0_477 .net v0x5633f8d63ea0 477, 15 0, o0x7f0051d5ea18; 0 drivers
o0x7f0051d5ea48 .functor BUFZ 16, C4<zzzzzzzzzzzzzzzz>; HiZ drive
v0x5633f8d63ea0_478 .net v0x5633f8d63ea0 478, 15 0, o0x7f0051d5ea48; 0 drivers
o0x7f0051d5ea78 .functor BUFZ 16, C4<zzzzzzzzzzzzzzzz>; HiZ drive
v0x5633f8d63ea0_479 .net v0x5633f8d63ea0 479, 15 0, o0x7f0051d5ea78; 0 drivers
o0x7f0051d5eaa8 .functor BUFZ 16, C4<zzzzzzzzzzzzzzzz>; HiZ drive
v0x5633f8d63ea0_480 .net v0x5633f8d63ea0 480, 15 0, o0x7f0051d5eaa8; 0 drivers
o0x7f0051d5ead8 .functor BUFZ 16, C4<zzzzzzzzzzzzzzzz>; HiZ drive
v0x5633f8d63ea0_481 .net v0x5633f8d63ea0 481, 15 0, o0x7f0051d5ead8; 0 drivers
o0x7f0051d5eb08 .functor BUFZ 16, C4<zzzzzzzzzzzzzzzz>; HiZ drive
v0x5633f8d63ea0_482 .net v0x5633f8d63ea0 482, 15 0, o0x7f0051d5eb08; 0 drivers
o0x7f0051d5eb38 .functor BUFZ 16, C4<zzzzzzzzzzzzzzzz>; HiZ drive
v0x5633f8d63ea0_483 .net v0x5633f8d63ea0 483, 15 0, o0x7f0051d5eb38; 0 drivers
o0x7f0051d5eb68 .functor BUFZ 16, C4<zzzzzzzzzzzzzzzz>; HiZ drive
v0x5633f8d63ea0_484 .net v0x5633f8d63ea0 484, 15 0, o0x7f0051d5eb68; 0 drivers
o0x7f0051d5eb98 .functor BUFZ 16, C4<zzzzzzzzzzzzzzzz>; HiZ drive
v0x5633f8d63ea0_485 .net v0x5633f8d63ea0 485, 15 0, o0x7f0051d5eb98; 0 drivers
o0x7f0051d5ebc8 .functor BUFZ 16, C4<zzzzzzzzzzzzzzzz>; HiZ drive
v0x5633f8d63ea0_486 .net v0x5633f8d63ea0 486, 15 0, o0x7f0051d5ebc8; 0 drivers
o0x7f0051d5ebf8 .functor BUFZ 16, C4<zzzzzzzzzzzzzzzz>; HiZ drive
v0x5633f8d63ea0_487 .net v0x5633f8d63ea0 487, 15 0, o0x7f0051d5ebf8; 0 drivers
o0x7f0051d5ec28 .functor BUFZ 16, C4<zzzzzzzzzzzzzzzz>; HiZ drive
v0x5633f8d63ea0_488 .net v0x5633f8d63ea0 488, 15 0, o0x7f0051d5ec28; 0 drivers
o0x7f0051d5ec58 .functor BUFZ 16, C4<zzzzzzzzzzzzzzzz>; HiZ drive
v0x5633f8d63ea0_489 .net v0x5633f8d63ea0 489, 15 0, o0x7f0051d5ec58; 0 drivers
o0x7f0051d5ec88 .functor BUFZ 16, C4<zzzzzzzzzzzzzzzz>; HiZ drive
v0x5633f8d63ea0_490 .net v0x5633f8d63ea0 490, 15 0, o0x7f0051d5ec88; 0 drivers
o0x7f0051d5ecb8 .functor BUFZ 16, C4<zzzzzzzzzzzzzzzz>; HiZ drive
v0x5633f8d63ea0_491 .net v0x5633f8d63ea0 491, 15 0, o0x7f0051d5ecb8; 0 drivers
o0x7f0051d5ece8 .functor BUFZ 16, C4<zzzzzzzzzzzzzzzz>; HiZ drive
v0x5633f8d63ea0_492 .net v0x5633f8d63ea0 492, 15 0, o0x7f0051d5ece8; 0 drivers
o0x7f0051d5ed18 .functor BUFZ 16, C4<zzzzzzzzzzzzzzzz>; HiZ drive
v0x5633f8d63ea0_493 .net v0x5633f8d63ea0 493, 15 0, o0x7f0051d5ed18; 0 drivers
o0x7f0051d5ed48 .functor BUFZ 16, C4<zzzzzzzzzzzzzzzz>; HiZ drive
v0x5633f8d63ea0_494 .net v0x5633f8d63ea0 494, 15 0, o0x7f0051d5ed48; 0 drivers
o0x7f0051d5ed78 .functor BUFZ 16, C4<zzzzzzzzzzzzzzzz>; HiZ drive
v0x5633f8d63ea0_495 .net v0x5633f8d63ea0 495, 15 0, o0x7f0051d5ed78; 0 drivers
o0x7f0051d5eda8 .functor BUFZ 16, C4<zzzzzzzzzzzzzzzz>; HiZ drive
v0x5633f8d63ea0_496 .net v0x5633f8d63ea0 496, 15 0, o0x7f0051d5eda8; 0 drivers
o0x7f0051d5edd8 .functor BUFZ 16, C4<zzzzzzzzzzzzzzzz>; HiZ drive
v0x5633f8d63ea0_497 .net v0x5633f8d63ea0 497, 15 0, o0x7f0051d5edd8; 0 drivers
o0x7f0051d5ee08 .functor BUFZ 16, C4<zzzzzzzzzzzzzzzz>; HiZ drive
v0x5633f8d63ea0_498 .net v0x5633f8d63ea0 498, 15 0, o0x7f0051d5ee08; 0 drivers
o0x7f0051d5ee38 .functor BUFZ 16, C4<zzzzzzzzzzzzzzzz>; HiZ drive
v0x5633f8d63ea0_499 .net v0x5633f8d63ea0 499, 15 0, o0x7f0051d5ee38; 0 drivers
o0x7f0051d5ee68 .functor BUFZ 16, C4<zzzzzzzzzzzzzzzz>; HiZ drive
v0x5633f8d63ea0_500 .net v0x5633f8d63ea0 500, 15 0, o0x7f0051d5ee68; 0 drivers
o0x7f0051d5ee98 .functor BUFZ 16, C4<zzzzzzzzzzzzzzzz>; HiZ drive
v0x5633f8d63ea0_501 .net v0x5633f8d63ea0 501, 15 0, o0x7f0051d5ee98; 0 drivers
o0x7f0051d5eec8 .functor BUFZ 16, C4<zzzzzzzzzzzzzzzz>; HiZ drive
v0x5633f8d63ea0_502 .net v0x5633f8d63ea0 502, 15 0, o0x7f0051d5eec8; 0 drivers
o0x7f0051d5eef8 .functor BUFZ 16, C4<zzzzzzzzzzzzzzzz>; HiZ drive
v0x5633f8d63ea0_503 .net v0x5633f8d63ea0 503, 15 0, o0x7f0051d5eef8; 0 drivers
o0x7f0051d5ef28 .functor BUFZ 16, C4<zzzzzzzzzzzzzzzz>; HiZ drive
v0x5633f8d63ea0_504 .net v0x5633f8d63ea0 504, 15 0, o0x7f0051d5ef28; 0 drivers
o0x7f0051d5ef58 .functor BUFZ 16, C4<zzzzzzzzzzzzzzzz>; HiZ drive
v0x5633f8d63ea0_505 .net v0x5633f8d63ea0 505, 15 0, o0x7f0051d5ef58; 0 drivers
o0x7f0051d5ef88 .functor BUFZ 16, C4<zzzzzzzzzzzzzzzz>; HiZ drive
v0x5633f8d63ea0_506 .net v0x5633f8d63ea0 506, 15 0, o0x7f0051d5ef88; 0 drivers
o0x7f0051d5efb8 .functor BUFZ 16, C4<zzzzzzzzzzzzzzzz>; HiZ drive
v0x5633f8d63ea0_507 .net v0x5633f8d63ea0 507, 15 0, o0x7f0051d5efb8; 0 drivers
o0x7f0051d5efe8 .functor BUFZ 16, C4<zzzzzzzzzzzzzzzz>; HiZ drive
v0x5633f8d63ea0_508 .net v0x5633f8d63ea0 508, 15 0, o0x7f0051d5efe8; 0 drivers
o0x7f0051d5f018 .functor BUFZ 16, C4<zzzzzzzzzzzzzzzz>; HiZ drive
v0x5633f8d63ea0_509 .net v0x5633f8d63ea0 509, 15 0, o0x7f0051d5f018; 0 drivers
o0x7f0051d5f048 .functor BUFZ 16, C4<zzzzzzzzzzzzzzzz>; HiZ drive
v0x5633f8d63ea0_510 .net v0x5633f8d63ea0 510, 15 0, o0x7f0051d5f048; 0 drivers
o0x7f0051d5f078 .functor BUFZ 16, C4<zzzzzzzzzzzzzzzz>; HiZ drive
v0x5633f8d63ea0_511 .net v0x5633f8d63ea0 511, 15 0, o0x7f0051d5f078; 0 drivers
o0x7f0051d5f0a8 .functor BUFZ 1, C4<z>; HiZ drive
v0x5633f8d63f40_0 .net "ext_valid", 0 0, o0x7f0051d5f0a8;  0 drivers
o0x7f0051d5f0d8 .functor BUFZ 16, C4<zzzzzzzzzzzzzzzz>; HiZ drive
v0x5633f8d65660 .array "loop_data", 511 0;
v0x5633f8d65660_0 .net v0x5633f8d65660 0, 15 0, o0x7f0051d5f0d8; 0 drivers
o0x7f0051d5f108 .functor BUFZ 16, C4<zzzzzzzzzzzzzzzz>; HiZ drive
v0x5633f8d65660_1 .net v0x5633f8d65660 1, 15 0, o0x7f0051d5f108; 0 drivers
o0x7f0051d5f138 .functor BUFZ 16, C4<zzzzzzzzzzzzzzzz>; HiZ drive
v0x5633f8d65660_2 .net v0x5633f8d65660 2, 15 0, o0x7f0051d5f138; 0 drivers
o0x7f0051d5f168 .functor BUFZ 16, C4<zzzzzzzzzzzzzzzz>; HiZ drive
v0x5633f8d65660_3 .net v0x5633f8d65660 3, 15 0, o0x7f0051d5f168; 0 drivers
o0x7f0051d5f198 .functor BUFZ 16, C4<zzzzzzzzzzzzzzzz>; HiZ drive
v0x5633f8d65660_4 .net v0x5633f8d65660 4, 15 0, o0x7f0051d5f198; 0 drivers
o0x7f0051d5f1c8 .functor BUFZ 16, C4<zzzzzzzzzzzzzzzz>; HiZ drive
v0x5633f8d65660_5 .net v0x5633f8d65660 5, 15 0, o0x7f0051d5f1c8; 0 drivers
o0x7f0051d5f1f8 .functor BUFZ 16, C4<zzzzzzzzzzzzzzzz>; HiZ drive
v0x5633f8d65660_6 .net v0x5633f8d65660 6, 15 0, o0x7f0051d5f1f8; 0 drivers
o0x7f0051d5f228 .functor BUFZ 16, C4<zzzzzzzzzzzzzzzz>; HiZ drive
v0x5633f8d65660_7 .net v0x5633f8d65660 7, 15 0, o0x7f0051d5f228; 0 drivers
o0x7f0051d5f258 .functor BUFZ 16, C4<zzzzzzzzzzzzzzzz>; HiZ drive
v0x5633f8d65660_8 .net v0x5633f8d65660 8, 15 0, o0x7f0051d5f258; 0 drivers
o0x7f0051d5f288 .functor BUFZ 16, C4<zzzzzzzzzzzzzzzz>; HiZ drive
v0x5633f8d65660_9 .net v0x5633f8d65660 9, 15 0, o0x7f0051d5f288; 0 drivers
o0x7f0051d5f2b8 .functor BUFZ 16, C4<zzzzzzzzzzzzzzzz>; HiZ drive
v0x5633f8d65660_10 .net v0x5633f8d65660 10, 15 0, o0x7f0051d5f2b8; 0 drivers
o0x7f0051d5f2e8 .functor BUFZ 16, C4<zzzzzzzzzzzzzzzz>; HiZ drive
v0x5633f8d65660_11 .net v0x5633f8d65660 11, 15 0, o0x7f0051d5f2e8; 0 drivers
o0x7f0051d5f318 .functor BUFZ 16, C4<zzzzzzzzzzzzzzzz>; HiZ drive
v0x5633f8d65660_12 .net v0x5633f8d65660 12, 15 0, o0x7f0051d5f318; 0 drivers
o0x7f0051d5f348 .functor BUFZ 16, C4<zzzzzzzzzzzzzzzz>; HiZ drive
v0x5633f8d65660_13 .net v0x5633f8d65660 13, 15 0, o0x7f0051d5f348; 0 drivers
o0x7f0051d5f378 .functor BUFZ 16, C4<zzzzzzzzzzzzzzzz>; HiZ drive
v0x5633f8d65660_14 .net v0x5633f8d65660 14, 15 0, o0x7f0051d5f378; 0 drivers
o0x7f0051d5f3a8 .functor BUFZ 16, C4<zzzzzzzzzzzzzzzz>; HiZ drive
v0x5633f8d65660_15 .net v0x5633f8d65660 15, 15 0, o0x7f0051d5f3a8; 0 drivers
o0x7f0051d5f3d8 .functor BUFZ 16, C4<zzzzzzzzzzzzzzzz>; HiZ drive
v0x5633f8d65660_16 .net v0x5633f8d65660 16, 15 0, o0x7f0051d5f3d8; 0 drivers
o0x7f0051d5f408 .functor BUFZ 16, C4<zzzzzzzzzzzzzzzz>; HiZ drive
v0x5633f8d65660_17 .net v0x5633f8d65660 17, 15 0, o0x7f0051d5f408; 0 drivers
o0x7f0051d5f438 .functor BUFZ 16, C4<zzzzzzzzzzzzzzzz>; HiZ drive
v0x5633f8d65660_18 .net v0x5633f8d65660 18, 15 0, o0x7f0051d5f438; 0 drivers
o0x7f0051d5f468 .functor BUFZ 16, C4<zzzzzzzzzzzzzzzz>; HiZ drive
v0x5633f8d65660_19 .net v0x5633f8d65660 19, 15 0, o0x7f0051d5f468; 0 drivers
o0x7f0051d5f498 .functor BUFZ 16, C4<zzzzzzzzzzzzzzzz>; HiZ drive
v0x5633f8d65660_20 .net v0x5633f8d65660 20, 15 0, o0x7f0051d5f498; 0 drivers
o0x7f0051d5f4c8 .functor BUFZ 16, C4<zzzzzzzzzzzzzzzz>; HiZ drive
v0x5633f8d65660_21 .net v0x5633f8d65660 21, 15 0, o0x7f0051d5f4c8; 0 drivers
o0x7f0051d5f4f8 .functor BUFZ 16, C4<zzzzzzzzzzzzzzzz>; HiZ drive
v0x5633f8d65660_22 .net v0x5633f8d65660 22, 15 0, o0x7f0051d5f4f8; 0 drivers
o0x7f0051d5f528 .functor BUFZ 16, C4<zzzzzzzzzzzzzzzz>; HiZ drive
v0x5633f8d65660_23 .net v0x5633f8d65660 23, 15 0, o0x7f0051d5f528; 0 drivers
o0x7f0051d5f558 .functor BUFZ 16, C4<zzzzzzzzzzzzzzzz>; HiZ drive
v0x5633f8d65660_24 .net v0x5633f8d65660 24, 15 0, o0x7f0051d5f558; 0 drivers
o0x7f0051d5f588 .functor BUFZ 16, C4<zzzzzzzzzzzzzzzz>; HiZ drive
v0x5633f8d65660_25 .net v0x5633f8d65660 25, 15 0, o0x7f0051d5f588; 0 drivers
o0x7f0051d5f5b8 .functor BUFZ 16, C4<zzzzzzzzzzzzzzzz>; HiZ drive
v0x5633f8d65660_26 .net v0x5633f8d65660 26, 15 0, o0x7f0051d5f5b8; 0 drivers
o0x7f0051d5f5e8 .functor BUFZ 16, C4<zzzzzzzzzzzzzzzz>; HiZ drive
v0x5633f8d65660_27 .net v0x5633f8d65660 27, 15 0, o0x7f0051d5f5e8; 0 drivers
o0x7f0051d5f618 .functor BUFZ 16, C4<zzzzzzzzzzzzzzzz>; HiZ drive
v0x5633f8d65660_28 .net v0x5633f8d65660 28, 15 0, o0x7f0051d5f618; 0 drivers
o0x7f0051d5f648 .functor BUFZ 16, C4<zzzzzzzzzzzzzzzz>; HiZ drive
v0x5633f8d65660_29 .net v0x5633f8d65660 29, 15 0, o0x7f0051d5f648; 0 drivers
o0x7f0051d5f678 .functor BUFZ 16, C4<zzzzzzzzzzzzzzzz>; HiZ drive
v0x5633f8d65660_30 .net v0x5633f8d65660 30, 15 0, o0x7f0051d5f678; 0 drivers
o0x7f0051d5f6a8 .functor BUFZ 16, C4<zzzzzzzzzzzzzzzz>; HiZ drive
v0x5633f8d65660_31 .net v0x5633f8d65660 31, 15 0, o0x7f0051d5f6a8; 0 drivers
o0x7f0051d5f6d8 .functor BUFZ 16, C4<zzzzzzzzzzzzzzzz>; HiZ drive
v0x5633f8d65660_32 .net v0x5633f8d65660 32, 15 0, o0x7f0051d5f6d8; 0 drivers
o0x7f0051d5f708 .functor BUFZ 16, C4<zzzzzzzzzzzzzzzz>; HiZ drive
v0x5633f8d65660_33 .net v0x5633f8d65660 33, 15 0, o0x7f0051d5f708; 0 drivers
o0x7f0051d5f738 .functor BUFZ 16, C4<zzzzzzzzzzzzzzzz>; HiZ drive
v0x5633f8d65660_34 .net v0x5633f8d65660 34, 15 0, o0x7f0051d5f738; 0 drivers
o0x7f0051d5f768 .functor BUFZ 16, C4<zzzzzzzzzzzzzzzz>; HiZ drive
v0x5633f8d65660_35 .net v0x5633f8d65660 35, 15 0, o0x7f0051d5f768; 0 drivers
o0x7f0051d5f798 .functor BUFZ 16, C4<zzzzzzzzzzzzzzzz>; HiZ drive
v0x5633f8d65660_36 .net v0x5633f8d65660 36, 15 0, o0x7f0051d5f798; 0 drivers
o0x7f0051d5f7c8 .functor BUFZ 16, C4<zzzzzzzzzzzzzzzz>; HiZ drive
v0x5633f8d65660_37 .net v0x5633f8d65660 37, 15 0, o0x7f0051d5f7c8; 0 drivers
o0x7f0051d5f7f8 .functor BUFZ 16, C4<zzzzzzzzzzzzzzzz>; HiZ drive
v0x5633f8d65660_38 .net v0x5633f8d65660 38, 15 0, o0x7f0051d5f7f8; 0 drivers
o0x7f0051d5f828 .functor BUFZ 16, C4<zzzzzzzzzzzzzzzz>; HiZ drive
v0x5633f8d65660_39 .net v0x5633f8d65660 39, 15 0, o0x7f0051d5f828; 0 drivers
o0x7f0051d5f858 .functor BUFZ 16, C4<zzzzzzzzzzzzzzzz>; HiZ drive
v0x5633f8d65660_40 .net v0x5633f8d65660 40, 15 0, o0x7f0051d5f858; 0 drivers
o0x7f0051d5f888 .functor BUFZ 16, C4<zzzzzzzzzzzzzzzz>; HiZ drive
v0x5633f8d65660_41 .net v0x5633f8d65660 41, 15 0, o0x7f0051d5f888; 0 drivers
o0x7f0051d5f8b8 .functor BUFZ 16, C4<zzzzzzzzzzzzzzzz>; HiZ drive
v0x5633f8d65660_42 .net v0x5633f8d65660 42, 15 0, o0x7f0051d5f8b8; 0 drivers
o0x7f0051d5f8e8 .functor BUFZ 16, C4<zzzzzzzzzzzzzzzz>; HiZ drive
v0x5633f8d65660_43 .net v0x5633f8d65660 43, 15 0, o0x7f0051d5f8e8; 0 drivers
o0x7f0051d5f918 .functor BUFZ 16, C4<zzzzzzzzzzzzzzzz>; HiZ drive
v0x5633f8d65660_44 .net v0x5633f8d65660 44, 15 0, o0x7f0051d5f918; 0 drivers
o0x7f0051d5f948 .functor BUFZ 16, C4<zzzzzzzzzzzzzzzz>; HiZ drive
v0x5633f8d65660_45 .net v0x5633f8d65660 45, 15 0, o0x7f0051d5f948; 0 drivers
o0x7f0051d5f978 .functor BUFZ 16, C4<zzzzzzzzzzzzzzzz>; HiZ drive
v0x5633f8d65660_46 .net v0x5633f8d65660 46, 15 0, o0x7f0051d5f978; 0 drivers
o0x7f0051d5f9a8 .functor BUFZ 16, C4<zzzzzzzzzzzzzzzz>; HiZ drive
v0x5633f8d65660_47 .net v0x5633f8d65660 47, 15 0, o0x7f0051d5f9a8; 0 drivers
o0x7f0051d5f9d8 .functor BUFZ 16, C4<zzzzzzzzzzzzzzzz>; HiZ drive
v0x5633f8d65660_48 .net v0x5633f8d65660 48, 15 0, o0x7f0051d5f9d8; 0 drivers
o0x7f0051d5fa08 .functor BUFZ 16, C4<zzzzzzzzzzzzzzzz>; HiZ drive
v0x5633f8d65660_49 .net v0x5633f8d65660 49, 15 0, o0x7f0051d5fa08; 0 drivers
o0x7f0051d5fa38 .functor BUFZ 16, C4<zzzzzzzzzzzzzzzz>; HiZ drive
v0x5633f8d65660_50 .net v0x5633f8d65660 50, 15 0, o0x7f0051d5fa38; 0 drivers
o0x7f0051d5fa68 .functor BUFZ 16, C4<zzzzzzzzzzzzzzzz>; HiZ drive
v0x5633f8d65660_51 .net v0x5633f8d65660 51, 15 0, o0x7f0051d5fa68; 0 drivers
o0x7f0051d5fa98 .functor BUFZ 16, C4<zzzzzzzzzzzzzzzz>; HiZ drive
v0x5633f8d65660_52 .net v0x5633f8d65660 52, 15 0, o0x7f0051d5fa98; 0 drivers
o0x7f0051d5fac8 .functor BUFZ 16, C4<zzzzzzzzzzzzzzzz>; HiZ drive
v0x5633f8d65660_53 .net v0x5633f8d65660 53, 15 0, o0x7f0051d5fac8; 0 drivers
o0x7f0051d5faf8 .functor BUFZ 16, C4<zzzzzzzzzzzzzzzz>; HiZ drive
v0x5633f8d65660_54 .net v0x5633f8d65660 54, 15 0, o0x7f0051d5faf8; 0 drivers
o0x7f0051d5fb28 .functor BUFZ 16, C4<zzzzzzzzzzzzzzzz>; HiZ drive
v0x5633f8d65660_55 .net v0x5633f8d65660 55, 15 0, o0x7f0051d5fb28; 0 drivers
o0x7f0051d5fb58 .functor BUFZ 16, C4<zzzzzzzzzzzzzzzz>; HiZ drive
v0x5633f8d65660_56 .net v0x5633f8d65660 56, 15 0, o0x7f0051d5fb58; 0 drivers
o0x7f0051d5fb88 .functor BUFZ 16, C4<zzzzzzzzzzzzzzzz>; HiZ drive
v0x5633f8d65660_57 .net v0x5633f8d65660 57, 15 0, o0x7f0051d5fb88; 0 drivers
o0x7f0051d5fbb8 .functor BUFZ 16, C4<zzzzzzzzzzzzzzzz>; HiZ drive
v0x5633f8d65660_58 .net v0x5633f8d65660 58, 15 0, o0x7f0051d5fbb8; 0 drivers
o0x7f0051d5fbe8 .functor BUFZ 16, C4<zzzzzzzzzzzzzzzz>; HiZ drive
v0x5633f8d65660_59 .net v0x5633f8d65660 59, 15 0, o0x7f0051d5fbe8; 0 drivers
o0x7f0051d5fc18 .functor BUFZ 16, C4<zzzzzzzzzzzzzzzz>; HiZ drive
v0x5633f8d65660_60 .net v0x5633f8d65660 60, 15 0, o0x7f0051d5fc18; 0 drivers
o0x7f0051d5fc48 .functor BUFZ 16, C4<zzzzzzzzzzzzzzzz>; HiZ drive
v0x5633f8d65660_61 .net v0x5633f8d65660 61, 15 0, o0x7f0051d5fc48; 0 drivers
o0x7f0051d5fc78 .functor BUFZ 16, C4<zzzzzzzzzzzzzzzz>; HiZ drive
v0x5633f8d65660_62 .net v0x5633f8d65660 62, 15 0, o0x7f0051d5fc78; 0 drivers
o0x7f0051d5fca8 .functor BUFZ 16, C4<zzzzzzzzzzzzzzzz>; HiZ drive
v0x5633f8d65660_63 .net v0x5633f8d65660 63, 15 0, o0x7f0051d5fca8; 0 drivers
o0x7f0051d5fcd8 .functor BUFZ 16, C4<zzzzzzzzzzzzzzzz>; HiZ drive
v0x5633f8d65660_64 .net v0x5633f8d65660 64, 15 0, o0x7f0051d5fcd8; 0 drivers
o0x7f0051d5fd08 .functor BUFZ 16, C4<zzzzzzzzzzzzzzzz>; HiZ drive
v0x5633f8d65660_65 .net v0x5633f8d65660 65, 15 0, o0x7f0051d5fd08; 0 drivers
o0x7f0051d5fd38 .functor BUFZ 16, C4<zzzzzzzzzzzzzzzz>; HiZ drive
v0x5633f8d65660_66 .net v0x5633f8d65660 66, 15 0, o0x7f0051d5fd38; 0 drivers
o0x7f0051d5fd68 .functor BUFZ 16, C4<zzzzzzzzzzzzzzzz>; HiZ drive
v0x5633f8d65660_67 .net v0x5633f8d65660 67, 15 0, o0x7f0051d5fd68; 0 drivers
o0x7f0051d5fd98 .functor BUFZ 16, C4<zzzzzzzzzzzzzzzz>; HiZ drive
v0x5633f8d65660_68 .net v0x5633f8d65660 68, 15 0, o0x7f0051d5fd98; 0 drivers
o0x7f0051d5fdc8 .functor BUFZ 16, C4<zzzzzzzzzzzzzzzz>; HiZ drive
v0x5633f8d65660_69 .net v0x5633f8d65660 69, 15 0, o0x7f0051d5fdc8; 0 drivers
o0x7f0051d5fdf8 .functor BUFZ 16, C4<zzzzzzzzzzzzzzzz>; HiZ drive
v0x5633f8d65660_70 .net v0x5633f8d65660 70, 15 0, o0x7f0051d5fdf8; 0 drivers
o0x7f0051d5fe28 .functor BUFZ 16, C4<zzzzzzzzzzzzzzzz>; HiZ drive
v0x5633f8d65660_71 .net v0x5633f8d65660 71, 15 0, o0x7f0051d5fe28; 0 drivers
o0x7f0051d5fe58 .functor BUFZ 16, C4<zzzzzzzzzzzzzzzz>; HiZ drive
v0x5633f8d65660_72 .net v0x5633f8d65660 72, 15 0, o0x7f0051d5fe58; 0 drivers
o0x7f0051d5fe88 .functor BUFZ 16, C4<zzzzzzzzzzzzzzzz>; HiZ drive
v0x5633f8d65660_73 .net v0x5633f8d65660 73, 15 0, o0x7f0051d5fe88; 0 drivers
o0x7f0051d5feb8 .functor BUFZ 16, C4<zzzzzzzzzzzzzzzz>; HiZ drive
v0x5633f8d65660_74 .net v0x5633f8d65660 74, 15 0, o0x7f0051d5feb8; 0 drivers
o0x7f0051d5fee8 .functor BUFZ 16, C4<zzzzzzzzzzzzzzzz>; HiZ drive
v0x5633f8d65660_75 .net v0x5633f8d65660 75, 15 0, o0x7f0051d5fee8; 0 drivers
o0x7f0051d5ff18 .functor BUFZ 16, C4<zzzzzzzzzzzzzzzz>; HiZ drive
v0x5633f8d65660_76 .net v0x5633f8d65660 76, 15 0, o0x7f0051d5ff18; 0 drivers
o0x7f0051d5ff48 .functor BUFZ 16, C4<zzzzzzzzzzzzzzzz>; HiZ drive
v0x5633f8d65660_77 .net v0x5633f8d65660 77, 15 0, o0x7f0051d5ff48; 0 drivers
o0x7f0051d5ff78 .functor BUFZ 16, C4<zzzzzzzzzzzzzzzz>; HiZ drive
v0x5633f8d65660_78 .net v0x5633f8d65660 78, 15 0, o0x7f0051d5ff78; 0 drivers
o0x7f0051d5ffa8 .functor BUFZ 16, C4<zzzzzzzzzzzzzzzz>; HiZ drive
v0x5633f8d65660_79 .net v0x5633f8d65660 79, 15 0, o0x7f0051d5ffa8; 0 drivers
o0x7f0051d5ffd8 .functor BUFZ 16, C4<zzzzzzzzzzzzzzzz>; HiZ drive
v0x5633f8d65660_80 .net v0x5633f8d65660 80, 15 0, o0x7f0051d5ffd8; 0 drivers
o0x7f0051d60008 .functor BUFZ 16, C4<zzzzzzzzzzzzzzzz>; HiZ drive
v0x5633f8d65660_81 .net v0x5633f8d65660 81, 15 0, o0x7f0051d60008; 0 drivers
o0x7f0051d60038 .functor BUFZ 16, C4<zzzzzzzzzzzzzzzz>; HiZ drive
v0x5633f8d65660_82 .net v0x5633f8d65660 82, 15 0, o0x7f0051d60038; 0 drivers
o0x7f0051d60068 .functor BUFZ 16, C4<zzzzzzzzzzzzzzzz>; HiZ drive
v0x5633f8d65660_83 .net v0x5633f8d65660 83, 15 0, o0x7f0051d60068; 0 drivers
o0x7f0051d60098 .functor BUFZ 16, C4<zzzzzzzzzzzzzzzz>; HiZ drive
v0x5633f8d65660_84 .net v0x5633f8d65660 84, 15 0, o0x7f0051d60098; 0 drivers
o0x7f0051d600c8 .functor BUFZ 16, C4<zzzzzzzzzzzzzzzz>; HiZ drive
v0x5633f8d65660_85 .net v0x5633f8d65660 85, 15 0, o0x7f0051d600c8; 0 drivers
o0x7f0051d600f8 .functor BUFZ 16, C4<zzzzzzzzzzzzzzzz>; HiZ drive
v0x5633f8d65660_86 .net v0x5633f8d65660 86, 15 0, o0x7f0051d600f8; 0 drivers
o0x7f0051d60128 .functor BUFZ 16, C4<zzzzzzzzzzzzzzzz>; HiZ drive
v0x5633f8d65660_87 .net v0x5633f8d65660 87, 15 0, o0x7f0051d60128; 0 drivers
o0x7f0051d60158 .functor BUFZ 16, C4<zzzzzzzzzzzzzzzz>; HiZ drive
v0x5633f8d65660_88 .net v0x5633f8d65660 88, 15 0, o0x7f0051d60158; 0 drivers
o0x7f0051d60188 .functor BUFZ 16, C4<zzzzzzzzzzzzzzzz>; HiZ drive
v0x5633f8d65660_89 .net v0x5633f8d65660 89, 15 0, o0x7f0051d60188; 0 drivers
o0x7f0051d601b8 .functor BUFZ 16, C4<zzzzzzzzzzzzzzzz>; HiZ drive
v0x5633f8d65660_90 .net v0x5633f8d65660 90, 15 0, o0x7f0051d601b8; 0 drivers
o0x7f0051d601e8 .functor BUFZ 16, C4<zzzzzzzzzzzzzzzz>; HiZ drive
v0x5633f8d65660_91 .net v0x5633f8d65660 91, 15 0, o0x7f0051d601e8; 0 drivers
o0x7f0051d60218 .functor BUFZ 16, C4<zzzzzzzzzzzzzzzz>; HiZ drive
v0x5633f8d65660_92 .net v0x5633f8d65660 92, 15 0, o0x7f0051d60218; 0 drivers
o0x7f0051d60248 .functor BUFZ 16, C4<zzzzzzzzzzzzzzzz>; HiZ drive
v0x5633f8d65660_93 .net v0x5633f8d65660 93, 15 0, o0x7f0051d60248; 0 drivers
o0x7f0051d60278 .functor BUFZ 16, C4<zzzzzzzzzzzzzzzz>; HiZ drive
v0x5633f8d65660_94 .net v0x5633f8d65660 94, 15 0, o0x7f0051d60278; 0 drivers
o0x7f0051d602a8 .functor BUFZ 16, C4<zzzzzzzzzzzzzzzz>; HiZ drive
v0x5633f8d65660_95 .net v0x5633f8d65660 95, 15 0, o0x7f0051d602a8; 0 drivers
o0x7f0051d602d8 .functor BUFZ 16, C4<zzzzzzzzzzzzzzzz>; HiZ drive
v0x5633f8d65660_96 .net v0x5633f8d65660 96, 15 0, o0x7f0051d602d8; 0 drivers
o0x7f0051d60308 .functor BUFZ 16, C4<zzzzzzzzzzzzzzzz>; HiZ drive
v0x5633f8d65660_97 .net v0x5633f8d65660 97, 15 0, o0x7f0051d60308; 0 drivers
o0x7f0051d60338 .functor BUFZ 16, C4<zzzzzzzzzzzzzzzz>; HiZ drive
v0x5633f8d65660_98 .net v0x5633f8d65660 98, 15 0, o0x7f0051d60338; 0 drivers
o0x7f0051d60368 .functor BUFZ 16, C4<zzzzzzzzzzzzzzzz>; HiZ drive
v0x5633f8d65660_99 .net v0x5633f8d65660 99, 15 0, o0x7f0051d60368; 0 drivers
o0x7f0051d60398 .functor BUFZ 16, C4<zzzzzzzzzzzzzzzz>; HiZ drive
v0x5633f8d65660_100 .net v0x5633f8d65660 100, 15 0, o0x7f0051d60398; 0 drivers
o0x7f0051d603c8 .functor BUFZ 16, C4<zzzzzzzzzzzzzzzz>; HiZ drive
v0x5633f8d65660_101 .net v0x5633f8d65660 101, 15 0, o0x7f0051d603c8; 0 drivers
o0x7f0051d603f8 .functor BUFZ 16, C4<zzzzzzzzzzzzzzzz>; HiZ drive
v0x5633f8d65660_102 .net v0x5633f8d65660 102, 15 0, o0x7f0051d603f8; 0 drivers
o0x7f0051d60428 .functor BUFZ 16, C4<zzzzzzzzzzzzzzzz>; HiZ drive
v0x5633f8d65660_103 .net v0x5633f8d65660 103, 15 0, o0x7f0051d60428; 0 drivers
o0x7f0051d60458 .functor BUFZ 16, C4<zzzzzzzzzzzzzzzz>; HiZ drive
v0x5633f8d65660_104 .net v0x5633f8d65660 104, 15 0, o0x7f0051d60458; 0 drivers
o0x7f0051d60488 .functor BUFZ 16, C4<zzzzzzzzzzzzzzzz>; HiZ drive
v0x5633f8d65660_105 .net v0x5633f8d65660 105, 15 0, o0x7f0051d60488; 0 drivers
o0x7f0051d604b8 .functor BUFZ 16, C4<zzzzzzzzzzzzzzzz>; HiZ drive
v0x5633f8d65660_106 .net v0x5633f8d65660 106, 15 0, o0x7f0051d604b8; 0 drivers
o0x7f0051d604e8 .functor BUFZ 16, C4<zzzzzzzzzzzzzzzz>; HiZ drive
v0x5633f8d65660_107 .net v0x5633f8d65660 107, 15 0, o0x7f0051d604e8; 0 drivers
o0x7f0051d60518 .functor BUFZ 16, C4<zzzzzzzzzzzzzzzz>; HiZ drive
v0x5633f8d65660_108 .net v0x5633f8d65660 108, 15 0, o0x7f0051d60518; 0 drivers
o0x7f0051d60548 .functor BUFZ 16, C4<zzzzzzzzzzzzzzzz>; HiZ drive
v0x5633f8d65660_109 .net v0x5633f8d65660 109, 15 0, o0x7f0051d60548; 0 drivers
o0x7f0051d60578 .functor BUFZ 16, C4<zzzzzzzzzzzzzzzz>; HiZ drive
v0x5633f8d65660_110 .net v0x5633f8d65660 110, 15 0, o0x7f0051d60578; 0 drivers
o0x7f0051d605a8 .functor BUFZ 16, C4<zzzzzzzzzzzzzzzz>; HiZ drive
v0x5633f8d65660_111 .net v0x5633f8d65660 111, 15 0, o0x7f0051d605a8; 0 drivers
o0x7f0051d605d8 .functor BUFZ 16, C4<zzzzzzzzzzzzzzzz>; HiZ drive
v0x5633f8d65660_112 .net v0x5633f8d65660 112, 15 0, o0x7f0051d605d8; 0 drivers
o0x7f0051d60608 .functor BUFZ 16, C4<zzzzzzzzzzzzzzzz>; HiZ drive
v0x5633f8d65660_113 .net v0x5633f8d65660 113, 15 0, o0x7f0051d60608; 0 drivers
o0x7f0051d60638 .functor BUFZ 16, C4<zzzzzzzzzzzzzzzz>; HiZ drive
v0x5633f8d65660_114 .net v0x5633f8d65660 114, 15 0, o0x7f0051d60638; 0 drivers
o0x7f0051d60668 .functor BUFZ 16, C4<zzzzzzzzzzzzzzzz>; HiZ drive
v0x5633f8d65660_115 .net v0x5633f8d65660 115, 15 0, o0x7f0051d60668; 0 drivers
o0x7f0051d60698 .functor BUFZ 16, C4<zzzzzzzzzzzzzzzz>; HiZ drive
v0x5633f8d65660_116 .net v0x5633f8d65660 116, 15 0, o0x7f0051d60698; 0 drivers
o0x7f0051d606c8 .functor BUFZ 16, C4<zzzzzzzzzzzzzzzz>; HiZ drive
v0x5633f8d65660_117 .net v0x5633f8d65660 117, 15 0, o0x7f0051d606c8; 0 drivers
o0x7f0051d606f8 .functor BUFZ 16, C4<zzzzzzzzzzzzzzzz>; HiZ drive
v0x5633f8d65660_118 .net v0x5633f8d65660 118, 15 0, o0x7f0051d606f8; 0 drivers
o0x7f0051d60728 .functor BUFZ 16, C4<zzzzzzzzzzzzzzzz>; HiZ drive
v0x5633f8d65660_119 .net v0x5633f8d65660 119, 15 0, o0x7f0051d60728; 0 drivers
o0x7f0051d60758 .functor BUFZ 16, C4<zzzzzzzzzzzzzzzz>; HiZ drive
v0x5633f8d65660_120 .net v0x5633f8d65660 120, 15 0, o0x7f0051d60758; 0 drivers
o0x7f0051d60788 .functor BUFZ 16, C4<zzzzzzzzzzzzzzzz>; HiZ drive
v0x5633f8d65660_121 .net v0x5633f8d65660 121, 15 0, o0x7f0051d60788; 0 drivers
o0x7f0051d607b8 .functor BUFZ 16, C4<zzzzzzzzzzzzzzzz>; HiZ drive
v0x5633f8d65660_122 .net v0x5633f8d65660 122, 15 0, o0x7f0051d607b8; 0 drivers
o0x7f0051d607e8 .functor BUFZ 16, C4<zzzzzzzzzzzzzzzz>; HiZ drive
v0x5633f8d65660_123 .net v0x5633f8d65660 123, 15 0, o0x7f0051d607e8; 0 drivers
o0x7f0051d60818 .functor BUFZ 16, C4<zzzzzzzzzzzzzzzz>; HiZ drive
v0x5633f8d65660_124 .net v0x5633f8d65660 124, 15 0, o0x7f0051d60818; 0 drivers
o0x7f0051d60848 .functor BUFZ 16, C4<zzzzzzzzzzzzzzzz>; HiZ drive
v0x5633f8d65660_125 .net v0x5633f8d65660 125, 15 0, o0x7f0051d60848; 0 drivers
o0x7f0051d60878 .functor BUFZ 16, C4<zzzzzzzzzzzzzzzz>; HiZ drive
v0x5633f8d65660_126 .net v0x5633f8d65660 126, 15 0, o0x7f0051d60878; 0 drivers
o0x7f0051d608a8 .functor BUFZ 16, C4<zzzzzzzzzzzzzzzz>; HiZ drive
v0x5633f8d65660_127 .net v0x5633f8d65660 127, 15 0, o0x7f0051d608a8; 0 drivers
o0x7f0051d608d8 .functor BUFZ 16, C4<zzzzzzzzzzzzzzzz>; HiZ drive
v0x5633f8d65660_128 .net v0x5633f8d65660 128, 15 0, o0x7f0051d608d8; 0 drivers
o0x7f0051d60908 .functor BUFZ 16, C4<zzzzzzzzzzzzzzzz>; HiZ drive
v0x5633f8d65660_129 .net v0x5633f8d65660 129, 15 0, o0x7f0051d60908; 0 drivers
o0x7f0051d60938 .functor BUFZ 16, C4<zzzzzzzzzzzzzzzz>; HiZ drive
v0x5633f8d65660_130 .net v0x5633f8d65660 130, 15 0, o0x7f0051d60938; 0 drivers
o0x7f0051d60968 .functor BUFZ 16, C4<zzzzzzzzzzzzzzzz>; HiZ drive
v0x5633f8d65660_131 .net v0x5633f8d65660 131, 15 0, o0x7f0051d60968; 0 drivers
o0x7f0051d60998 .functor BUFZ 16, C4<zzzzzzzzzzzzzzzz>; HiZ drive
v0x5633f8d65660_132 .net v0x5633f8d65660 132, 15 0, o0x7f0051d60998; 0 drivers
o0x7f0051d609c8 .functor BUFZ 16, C4<zzzzzzzzzzzzzzzz>; HiZ drive
v0x5633f8d65660_133 .net v0x5633f8d65660 133, 15 0, o0x7f0051d609c8; 0 drivers
o0x7f0051d609f8 .functor BUFZ 16, C4<zzzzzzzzzzzzzzzz>; HiZ drive
v0x5633f8d65660_134 .net v0x5633f8d65660 134, 15 0, o0x7f0051d609f8; 0 drivers
o0x7f0051d60a28 .functor BUFZ 16, C4<zzzzzzzzzzzzzzzz>; HiZ drive
v0x5633f8d65660_135 .net v0x5633f8d65660 135, 15 0, o0x7f0051d60a28; 0 drivers
o0x7f0051d60a58 .functor BUFZ 16, C4<zzzzzzzzzzzzzzzz>; HiZ drive
v0x5633f8d65660_136 .net v0x5633f8d65660 136, 15 0, o0x7f0051d60a58; 0 drivers
o0x7f0051d60a88 .functor BUFZ 16, C4<zzzzzzzzzzzzzzzz>; HiZ drive
v0x5633f8d65660_137 .net v0x5633f8d65660 137, 15 0, o0x7f0051d60a88; 0 drivers
o0x7f0051d60ab8 .functor BUFZ 16, C4<zzzzzzzzzzzzzzzz>; HiZ drive
v0x5633f8d65660_138 .net v0x5633f8d65660 138, 15 0, o0x7f0051d60ab8; 0 drivers
o0x7f0051d60ae8 .functor BUFZ 16, C4<zzzzzzzzzzzzzzzz>; HiZ drive
v0x5633f8d65660_139 .net v0x5633f8d65660 139, 15 0, o0x7f0051d60ae8; 0 drivers
o0x7f0051d60b18 .functor BUFZ 16, C4<zzzzzzzzzzzzzzzz>; HiZ drive
v0x5633f8d65660_140 .net v0x5633f8d65660 140, 15 0, o0x7f0051d60b18; 0 drivers
o0x7f0051d60b48 .functor BUFZ 16, C4<zzzzzzzzzzzzzzzz>; HiZ drive
v0x5633f8d65660_141 .net v0x5633f8d65660 141, 15 0, o0x7f0051d60b48; 0 drivers
o0x7f0051d60b78 .functor BUFZ 16, C4<zzzzzzzzzzzzzzzz>; HiZ drive
v0x5633f8d65660_142 .net v0x5633f8d65660 142, 15 0, o0x7f0051d60b78; 0 drivers
o0x7f0051d60ba8 .functor BUFZ 16, C4<zzzzzzzzzzzzzzzz>; HiZ drive
v0x5633f8d65660_143 .net v0x5633f8d65660 143, 15 0, o0x7f0051d60ba8; 0 drivers
o0x7f0051d60bd8 .functor BUFZ 16, C4<zzzzzzzzzzzzzzzz>; HiZ drive
v0x5633f8d65660_144 .net v0x5633f8d65660 144, 15 0, o0x7f0051d60bd8; 0 drivers
o0x7f0051d60c08 .functor BUFZ 16, C4<zzzzzzzzzzzzzzzz>; HiZ drive
v0x5633f8d65660_145 .net v0x5633f8d65660 145, 15 0, o0x7f0051d60c08; 0 drivers
o0x7f0051d60c38 .functor BUFZ 16, C4<zzzzzzzzzzzzzzzz>; HiZ drive
v0x5633f8d65660_146 .net v0x5633f8d65660 146, 15 0, o0x7f0051d60c38; 0 drivers
o0x7f0051d60c68 .functor BUFZ 16, C4<zzzzzzzzzzzzzzzz>; HiZ drive
v0x5633f8d65660_147 .net v0x5633f8d65660 147, 15 0, o0x7f0051d60c68; 0 drivers
o0x7f0051d60c98 .functor BUFZ 16, C4<zzzzzzzzzzzzzzzz>; HiZ drive
v0x5633f8d65660_148 .net v0x5633f8d65660 148, 15 0, o0x7f0051d60c98; 0 drivers
o0x7f0051d60cc8 .functor BUFZ 16, C4<zzzzzzzzzzzzzzzz>; HiZ drive
v0x5633f8d65660_149 .net v0x5633f8d65660 149, 15 0, o0x7f0051d60cc8; 0 drivers
o0x7f0051d60cf8 .functor BUFZ 16, C4<zzzzzzzzzzzzzzzz>; HiZ drive
v0x5633f8d65660_150 .net v0x5633f8d65660 150, 15 0, o0x7f0051d60cf8; 0 drivers
o0x7f0051d60d28 .functor BUFZ 16, C4<zzzzzzzzzzzzzzzz>; HiZ drive
v0x5633f8d65660_151 .net v0x5633f8d65660 151, 15 0, o0x7f0051d60d28; 0 drivers
o0x7f0051d60d58 .functor BUFZ 16, C4<zzzzzzzzzzzzzzzz>; HiZ drive
v0x5633f8d65660_152 .net v0x5633f8d65660 152, 15 0, o0x7f0051d60d58; 0 drivers
o0x7f0051d60d88 .functor BUFZ 16, C4<zzzzzzzzzzzzzzzz>; HiZ drive
v0x5633f8d65660_153 .net v0x5633f8d65660 153, 15 0, o0x7f0051d60d88; 0 drivers
o0x7f0051d60db8 .functor BUFZ 16, C4<zzzzzzzzzzzzzzzz>; HiZ drive
v0x5633f8d65660_154 .net v0x5633f8d65660 154, 15 0, o0x7f0051d60db8; 0 drivers
o0x7f0051d60de8 .functor BUFZ 16, C4<zzzzzzzzzzzzzzzz>; HiZ drive
v0x5633f8d65660_155 .net v0x5633f8d65660 155, 15 0, o0x7f0051d60de8; 0 drivers
o0x7f0051d60e18 .functor BUFZ 16, C4<zzzzzzzzzzzzzzzz>; HiZ drive
v0x5633f8d65660_156 .net v0x5633f8d65660 156, 15 0, o0x7f0051d60e18; 0 drivers
o0x7f0051d60e48 .functor BUFZ 16, C4<zzzzzzzzzzzzzzzz>; HiZ drive
v0x5633f8d65660_157 .net v0x5633f8d65660 157, 15 0, o0x7f0051d60e48; 0 drivers
o0x7f0051d60e78 .functor BUFZ 16, C4<zzzzzzzzzzzzzzzz>; HiZ drive
v0x5633f8d65660_158 .net v0x5633f8d65660 158, 15 0, o0x7f0051d60e78; 0 drivers
o0x7f0051d60ea8 .functor BUFZ 16, C4<zzzzzzzzzzzzzzzz>; HiZ drive
v0x5633f8d65660_159 .net v0x5633f8d65660 159, 15 0, o0x7f0051d60ea8; 0 drivers
o0x7f0051d60ed8 .functor BUFZ 16, C4<zzzzzzzzzzzzzzzz>; HiZ drive
v0x5633f8d65660_160 .net v0x5633f8d65660 160, 15 0, o0x7f0051d60ed8; 0 drivers
o0x7f0051d60f08 .functor BUFZ 16, C4<zzzzzzzzzzzzzzzz>; HiZ drive
v0x5633f8d65660_161 .net v0x5633f8d65660 161, 15 0, o0x7f0051d60f08; 0 drivers
o0x7f0051d60f38 .functor BUFZ 16, C4<zzzzzzzzzzzzzzzz>; HiZ drive
v0x5633f8d65660_162 .net v0x5633f8d65660 162, 15 0, o0x7f0051d60f38; 0 drivers
o0x7f0051d60f68 .functor BUFZ 16, C4<zzzzzzzzzzzzzzzz>; HiZ drive
v0x5633f8d65660_163 .net v0x5633f8d65660 163, 15 0, o0x7f0051d60f68; 0 drivers
o0x7f0051d60f98 .functor BUFZ 16, C4<zzzzzzzzzzzzzzzz>; HiZ drive
v0x5633f8d65660_164 .net v0x5633f8d65660 164, 15 0, o0x7f0051d60f98; 0 drivers
o0x7f0051d60fc8 .functor BUFZ 16, C4<zzzzzzzzzzzzzzzz>; HiZ drive
v0x5633f8d65660_165 .net v0x5633f8d65660 165, 15 0, o0x7f0051d60fc8; 0 drivers
o0x7f0051d60ff8 .functor BUFZ 16, C4<zzzzzzzzzzzzzzzz>; HiZ drive
v0x5633f8d65660_166 .net v0x5633f8d65660 166, 15 0, o0x7f0051d60ff8; 0 drivers
o0x7f0051d61028 .functor BUFZ 16, C4<zzzzzzzzzzzzzzzz>; HiZ drive
v0x5633f8d65660_167 .net v0x5633f8d65660 167, 15 0, o0x7f0051d61028; 0 drivers
o0x7f0051d61058 .functor BUFZ 16, C4<zzzzzzzzzzzzzzzz>; HiZ drive
v0x5633f8d65660_168 .net v0x5633f8d65660 168, 15 0, o0x7f0051d61058; 0 drivers
o0x7f0051d61088 .functor BUFZ 16, C4<zzzzzzzzzzzzzzzz>; HiZ drive
v0x5633f8d65660_169 .net v0x5633f8d65660 169, 15 0, o0x7f0051d61088; 0 drivers
o0x7f0051d610b8 .functor BUFZ 16, C4<zzzzzzzzzzzzzzzz>; HiZ drive
v0x5633f8d65660_170 .net v0x5633f8d65660 170, 15 0, o0x7f0051d610b8; 0 drivers
o0x7f0051d610e8 .functor BUFZ 16, C4<zzzzzzzzzzzzzzzz>; HiZ drive
v0x5633f8d65660_171 .net v0x5633f8d65660 171, 15 0, o0x7f0051d610e8; 0 drivers
o0x7f0051d61118 .functor BUFZ 16, C4<zzzzzzzzzzzzzzzz>; HiZ drive
v0x5633f8d65660_172 .net v0x5633f8d65660 172, 15 0, o0x7f0051d61118; 0 drivers
o0x7f0051d61148 .functor BUFZ 16, C4<zzzzzzzzzzzzzzzz>; HiZ drive
v0x5633f8d65660_173 .net v0x5633f8d65660 173, 15 0, o0x7f0051d61148; 0 drivers
o0x7f0051d61178 .functor BUFZ 16, C4<zzzzzzzzzzzzzzzz>; HiZ drive
v0x5633f8d65660_174 .net v0x5633f8d65660 174, 15 0, o0x7f0051d61178; 0 drivers
o0x7f0051d611a8 .functor BUFZ 16, C4<zzzzzzzzzzzzzzzz>; HiZ drive
v0x5633f8d65660_175 .net v0x5633f8d65660 175, 15 0, o0x7f0051d611a8; 0 drivers
o0x7f0051d611d8 .functor BUFZ 16, C4<zzzzzzzzzzzzzzzz>; HiZ drive
v0x5633f8d65660_176 .net v0x5633f8d65660 176, 15 0, o0x7f0051d611d8; 0 drivers
o0x7f0051d61208 .functor BUFZ 16, C4<zzzzzzzzzzzzzzzz>; HiZ drive
v0x5633f8d65660_177 .net v0x5633f8d65660 177, 15 0, o0x7f0051d61208; 0 drivers
o0x7f0051d61238 .functor BUFZ 16, C4<zzzzzzzzzzzzzzzz>; HiZ drive
v0x5633f8d65660_178 .net v0x5633f8d65660 178, 15 0, o0x7f0051d61238; 0 drivers
o0x7f0051d61268 .functor BUFZ 16, C4<zzzzzzzzzzzzzzzz>; HiZ drive
v0x5633f8d65660_179 .net v0x5633f8d65660 179, 15 0, o0x7f0051d61268; 0 drivers
o0x7f0051d61298 .functor BUFZ 16, C4<zzzzzzzzzzzzzzzz>; HiZ drive
v0x5633f8d65660_180 .net v0x5633f8d65660 180, 15 0, o0x7f0051d61298; 0 drivers
o0x7f0051d612c8 .functor BUFZ 16, C4<zzzzzzzzzzzzzzzz>; HiZ drive
v0x5633f8d65660_181 .net v0x5633f8d65660 181, 15 0, o0x7f0051d612c8; 0 drivers
o0x7f0051d612f8 .functor BUFZ 16, C4<zzzzzzzzzzzzzzzz>; HiZ drive
v0x5633f8d65660_182 .net v0x5633f8d65660 182, 15 0, o0x7f0051d612f8; 0 drivers
o0x7f0051d61328 .functor BUFZ 16, C4<zzzzzzzzzzzzzzzz>; HiZ drive
v0x5633f8d65660_183 .net v0x5633f8d65660 183, 15 0, o0x7f0051d61328; 0 drivers
o0x7f0051d61358 .functor BUFZ 16, C4<zzzzzzzzzzzzzzzz>; HiZ drive
v0x5633f8d65660_184 .net v0x5633f8d65660 184, 15 0, o0x7f0051d61358; 0 drivers
o0x7f0051d61388 .functor BUFZ 16, C4<zzzzzzzzzzzzzzzz>; HiZ drive
v0x5633f8d65660_185 .net v0x5633f8d65660 185, 15 0, o0x7f0051d61388; 0 drivers
o0x7f0051d613b8 .functor BUFZ 16, C4<zzzzzzzzzzzzzzzz>; HiZ drive
v0x5633f8d65660_186 .net v0x5633f8d65660 186, 15 0, o0x7f0051d613b8; 0 drivers
o0x7f0051d613e8 .functor BUFZ 16, C4<zzzzzzzzzzzzzzzz>; HiZ drive
v0x5633f8d65660_187 .net v0x5633f8d65660 187, 15 0, o0x7f0051d613e8; 0 drivers
o0x7f0051d61418 .functor BUFZ 16, C4<zzzzzzzzzzzzzzzz>; HiZ drive
v0x5633f8d65660_188 .net v0x5633f8d65660 188, 15 0, o0x7f0051d61418; 0 drivers
o0x7f0051d61448 .functor BUFZ 16, C4<zzzzzzzzzzzzzzzz>; HiZ drive
v0x5633f8d65660_189 .net v0x5633f8d65660 189, 15 0, o0x7f0051d61448; 0 drivers
o0x7f0051d61478 .functor BUFZ 16, C4<zzzzzzzzzzzzzzzz>; HiZ drive
v0x5633f8d65660_190 .net v0x5633f8d65660 190, 15 0, o0x7f0051d61478; 0 drivers
o0x7f0051d614a8 .functor BUFZ 16, C4<zzzzzzzzzzzzzzzz>; HiZ drive
v0x5633f8d65660_191 .net v0x5633f8d65660 191, 15 0, o0x7f0051d614a8; 0 drivers
o0x7f0051d614d8 .functor BUFZ 16, C4<zzzzzzzzzzzzzzzz>; HiZ drive
v0x5633f8d65660_192 .net v0x5633f8d65660 192, 15 0, o0x7f0051d614d8; 0 drivers
o0x7f0051d61508 .functor BUFZ 16, C4<zzzzzzzzzzzzzzzz>; HiZ drive
v0x5633f8d65660_193 .net v0x5633f8d65660 193, 15 0, o0x7f0051d61508; 0 drivers
o0x7f0051d61538 .functor BUFZ 16, C4<zzzzzzzzzzzzzzzz>; HiZ drive
v0x5633f8d65660_194 .net v0x5633f8d65660 194, 15 0, o0x7f0051d61538; 0 drivers
o0x7f0051d61568 .functor BUFZ 16, C4<zzzzzzzzzzzzzzzz>; HiZ drive
v0x5633f8d65660_195 .net v0x5633f8d65660 195, 15 0, o0x7f0051d61568; 0 drivers
o0x7f0051d61598 .functor BUFZ 16, C4<zzzzzzzzzzzzzzzz>; HiZ drive
v0x5633f8d65660_196 .net v0x5633f8d65660 196, 15 0, o0x7f0051d61598; 0 drivers
o0x7f0051d615c8 .functor BUFZ 16, C4<zzzzzzzzzzzzzzzz>; HiZ drive
v0x5633f8d65660_197 .net v0x5633f8d65660 197, 15 0, o0x7f0051d615c8; 0 drivers
o0x7f0051d615f8 .functor BUFZ 16, C4<zzzzzzzzzzzzzzzz>; HiZ drive
v0x5633f8d65660_198 .net v0x5633f8d65660 198, 15 0, o0x7f0051d615f8; 0 drivers
o0x7f0051d61628 .functor BUFZ 16, C4<zzzzzzzzzzzzzzzz>; HiZ drive
v0x5633f8d65660_199 .net v0x5633f8d65660 199, 15 0, o0x7f0051d61628; 0 drivers
o0x7f0051d61658 .functor BUFZ 16, C4<zzzzzzzzzzzzzzzz>; HiZ drive
v0x5633f8d65660_200 .net v0x5633f8d65660 200, 15 0, o0x7f0051d61658; 0 drivers
o0x7f0051d61688 .functor BUFZ 16, C4<zzzzzzzzzzzzzzzz>; HiZ drive
v0x5633f8d65660_201 .net v0x5633f8d65660 201, 15 0, o0x7f0051d61688; 0 drivers
o0x7f0051d616b8 .functor BUFZ 16, C4<zzzzzzzzzzzzzzzz>; HiZ drive
v0x5633f8d65660_202 .net v0x5633f8d65660 202, 15 0, o0x7f0051d616b8; 0 drivers
o0x7f0051d616e8 .functor BUFZ 16, C4<zzzzzzzzzzzzzzzz>; HiZ drive
v0x5633f8d65660_203 .net v0x5633f8d65660 203, 15 0, o0x7f0051d616e8; 0 drivers
o0x7f0051d61718 .functor BUFZ 16, C4<zzzzzzzzzzzzzzzz>; HiZ drive
v0x5633f8d65660_204 .net v0x5633f8d65660 204, 15 0, o0x7f0051d61718; 0 drivers
o0x7f0051d61748 .functor BUFZ 16, C4<zzzzzzzzzzzzzzzz>; HiZ drive
v0x5633f8d65660_205 .net v0x5633f8d65660 205, 15 0, o0x7f0051d61748; 0 drivers
o0x7f0051d61778 .functor BUFZ 16, C4<zzzzzzzzzzzzzzzz>; HiZ drive
v0x5633f8d65660_206 .net v0x5633f8d65660 206, 15 0, o0x7f0051d61778; 0 drivers
o0x7f0051d617a8 .functor BUFZ 16, C4<zzzzzzzzzzzzzzzz>; HiZ drive
v0x5633f8d65660_207 .net v0x5633f8d65660 207, 15 0, o0x7f0051d617a8; 0 drivers
o0x7f0051d617d8 .functor BUFZ 16, C4<zzzzzzzzzzzzzzzz>; HiZ drive
v0x5633f8d65660_208 .net v0x5633f8d65660 208, 15 0, o0x7f0051d617d8; 0 drivers
o0x7f0051d61808 .functor BUFZ 16, C4<zzzzzzzzzzzzzzzz>; HiZ drive
v0x5633f8d65660_209 .net v0x5633f8d65660 209, 15 0, o0x7f0051d61808; 0 drivers
o0x7f0051d61838 .functor BUFZ 16, C4<zzzzzzzzzzzzzzzz>; HiZ drive
v0x5633f8d65660_210 .net v0x5633f8d65660 210, 15 0, o0x7f0051d61838; 0 drivers
o0x7f0051d61868 .functor BUFZ 16, C4<zzzzzzzzzzzzzzzz>; HiZ drive
v0x5633f8d65660_211 .net v0x5633f8d65660 211, 15 0, o0x7f0051d61868; 0 drivers
o0x7f0051d61898 .functor BUFZ 16, C4<zzzzzzzzzzzzzzzz>; HiZ drive
v0x5633f8d65660_212 .net v0x5633f8d65660 212, 15 0, o0x7f0051d61898; 0 drivers
o0x7f0051d618c8 .functor BUFZ 16, C4<zzzzzzzzzzzzzzzz>; HiZ drive
v0x5633f8d65660_213 .net v0x5633f8d65660 213, 15 0, o0x7f0051d618c8; 0 drivers
o0x7f0051d618f8 .functor BUFZ 16, C4<zzzzzzzzzzzzzzzz>; HiZ drive
v0x5633f8d65660_214 .net v0x5633f8d65660 214, 15 0, o0x7f0051d618f8; 0 drivers
o0x7f0051d61928 .functor BUFZ 16, C4<zzzzzzzzzzzzzzzz>; HiZ drive
v0x5633f8d65660_215 .net v0x5633f8d65660 215, 15 0, o0x7f0051d61928; 0 drivers
o0x7f0051d61958 .functor BUFZ 16, C4<zzzzzzzzzzzzzzzz>; HiZ drive
v0x5633f8d65660_216 .net v0x5633f8d65660 216, 15 0, o0x7f0051d61958; 0 drivers
o0x7f0051d61988 .functor BUFZ 16, C4<zzzzzzzzzzzzzzzz>; HiZ drive
v0x5633f8d65660_217 .net v0x5633f8d65660 217, 15 0, o0x7f0051d61988; 0 drivers
o0x7f0051d619b8 .functor BUFZ 16, C4<zzzzzzzzzzzzzzzz>; HiZ drive
v0x5633f8d65660_218 .net v0x5633f8d65660 218, 15 0, o0x7f0051d619b8; 0 drivers
o0x7f0051d619e8 .functor BUFZ 16, C4<zzzzzzzzzzzzzzzz>; HiZ drive
v0x5633f8d65660_219 .net v0x5633f8d65660 219, 15 0, o0x7f0051d619e8; 0 drivers
o0x7f0051d61a18 .functor BUFZ 16, C4<zzzzzzzzzzzzzzzz>; HiZ drive
v0x5633f8d65660_220 .net v0x5633f8d65660 220, 15 0, o0x7f0051d61a18; 0 drivers
o0x7f0051d61a48 .functor BUFZ 16, C4<zzzzzzzzzzzzzzzz>; HiZ drive
v0x5633f8d65660_221 .net v0x5633f8d65660 221, 15 0, o0x7f0051d61a48; 0 drivers
o0x7f0051d61a78 .functor BUFZ 16, C4<zzzzzzzzzzzzzzzz>; HiZ drive
v0x5633f8d65660_222 .net v0x5633f8d65660 222, 15 0, o0x7f0051d61a78; 0 drivers
o0x7f0051d61aa8 .functor BUFZ 16, C4<zzzzzzzzzzzzzzzz>; HiZ drive
v0x5633f8d65660_223 .net v0x5633f8d65660 223, 15 0, o0x7f0051d61aa8; 0 drivers
o0x7f0051d61ad8 .functor BUFZ 16, C4<zzzzzzzzzzzzzzzz>; HiZ drive
v0x5633f8d65660_224 .net v0x5633f8d65660 224, 15 0, o0x7f0051d61ad8; 0 drivers
o0x7f0051d61b08 .functor BUFZ 16, C4<zzzzzzzzzzzzzzzz>; HiZ drive
v0x5633f8d65660_225 .net v0x5633f8d65660 225, 15 0, o0x7f0051d61b08; 0 drivers
o0x7f0051d61b38 .functor BUFZ 16, C4<zzzzzzzzzzzzzzzz>; HiZ drive
v0x5633f8d65660_226 .net v0x5633f8d65660 226, 15 0, o0x7f0051d61b38; 0 drivers
o0x7f0051d61b68 .functor BUFZ 16, C4<zzzzzzzzzzzzzzzz>; HiZ drive
v0x5633f8d65660_227 .net v0x5633f8d65660 227, 15 0, o0x7f0051d61b68; 0 drivers
o0x7f0051d61b98 .functor BUFZ 16, C4<zzzzzzzzzzzzzzzz>; HiZ drive
v0x5633f8d65660_228 .net v0x5633f8d65660 228, 15 0, o0x7f0051d61b98; 0 drivers
o0x7f0051d61bc8 .functor BUFZ 16, C4<zzzzzzzzzzzzzzzz>; HiZ drive
v0x5633f8d65660_229 .net v0x5633f8d65660 229, 15 0, o0x7f0051d61bc8; 0 drivers
o0x7f0051d61bf8 .functor BUFZ 16, C4<zzzzzzzzzzzzzzzz>; HiZ drive
v0x5633f8d65660_230 .net v0x5633f8d65660 230, 15 0, o0x7f0051d61bf8; 0 drivers
o0x7f0051d61c28 .functor BUFZ 16, C4<zzzzzzzzzzzzzzzz>; HiZ drive
v0x5633f8d65660_231 .net v0x5633f8d65660 231, 15 0, o0x7f0051d61c28; 0 drivers
o0x7f0051d61c58 .functor BUFZ 16, C4<zzzzzzzzzzzzzzzz>; HiZ drive
v0x5633f8d65660_232 .net v0x5633f8d65660 232, 15 0, o0x7f0051d61c58; 0 drivers
o0x7f0051d61c88 .functor BUFZ 16, C4<zzzzzzzzzzzzzzzz>; HiZ drive
v0x5633f8d65660_233 .net v0x5633f8d65660 233, 15 0, o0x7f0051d61c88; 0 drivers
o0x7f0051d61cb8 .functor BUFZ 16, C4<zzzzzzzzzzzzzzzz>; HiZ drive
v0x5633f8d65660_234 .net v0x5633f8d65660 234, 15 0, o0x7f0051d61cb8; 0 drivers
o0x7f0051d61ce8 .functor BUFZ 16, C4<zzzzzzzzzzzzzzzz>; HiZ drive
v0x5633f8d65660_235 .net v0x5633f8d65660 235, 15 0, o0x7f0051d61ce8; 0 drivers
o0x7f0051d61d18 .functor BUFZ 16, C4<zzzzzzzzzzzzzzzz>; HiZ drive
v0x5633f8d65660_236 .net v0x5633f8d65660 236, 15 0, o0x7f0051d61d18; 0 drivers
o0x7f0051d61d48 .functor BUFZ 16, C4<zzzzzzzzzzzzzzzz>; HiZ drive
v0x5633f8d65660_237 .net v0x5633f8d65660 237, 15 0, o0x7f0051d61d48; 0 drivers
o0x7f0051d61d78 .functor BUFZ 16, C4<zzzzzzzzzzzzzzzz>; HiZ drive
v0x5633f8d65660_238 .net v0x5633f8d65660 238, 15 0, o0x7f0051d61d78; 0 drivers
o0x7f0051d61da8 .functor BUFZ 16, C4<zzzzzzzzzzzzzzzz>; HiZ drive
v0x5633f8d65660_239 .net v0x5633f8d65660 239, 15 0, o0x7f0051d61da8; 0 drivers
o0x7f0051d61dd8 .functor BUFZ 16, C4<zzzzzzzzzzzzzzzz>; HiZ drive
v0x5633f8d65660_240 .net v0x5633f8d65660 240, 15 0, o0x7f0051d61dd8; 0 drivers
o0x7f0051d61e08 .functor BUFZ 16, C4<zzzzzzzzzzzzzzzz>; HiZ drive
v0x5633f8d65660_241 .net v0x5633f8d65660 241, 15 0, o0x7f0051d61e08; 0 drivers
o0x7f0051d61e38 .functor BUFZ 16, C4<zzzzzzzzzzzzzzzz>; HiZ drive
v0x5633f8d65660_242 .net v0x5633f8d65660 242, 15 0, o0x7f0051d61e38; 0 drivers
o0x7f0051d61e68 .functor BUFZ 16, C4<zzzzzzzzzzzzzzzz>; HiZ drive
v0x5633f8d65660_243 .net v0x5633f8d65660 243, 15 0, o0x7f0051d61e68; 0 drivers
o0x7f0051d61e98 .functor BUFZ 16, C4<zzzzzzzzzzzzzzzz>; HiZ drive
v0x5633f8d65660_244 .net v0x5633f8d65660 244, 15 0, o0x7f0051d61e98; 0 drivers
o0x7f0051d61ec8 .functor BUFZ 16, C4<zzzzzzzzzzzzzzzz>; HiZ drive
v0x5633f8d65660_245 .net v0x5633f8d65660 245, 15 0, o0x7f0051d61ec8; 0 drivers
o0x7f0051d61ef8 .functor BUFZ 16, C4<zzzzzzzzzzzzzzzz>; HiZ drive
v0x5633f8d65660_246 .net v0x5633f8d65660 246, 15 0, o0x7f0051d61ef8; 0 drivers
o0x7f0051d61f28 .functor BUFZ 16, C4<zzzzzzzzzzzzzzzz>; HiZ drive
v0x5633f8d65660_247 .net v0x5633f8d65660 247, 15 0, o0x7f0051d61f28; 0 drivers
o0x7f0051d61f58 .functor BUFZ 16, C4<zzzzzzzzzzzzzzzz>; HiZ drive
v0x5633f8d65660_248 .net v0x5633f8d65660 248, 15 0, o0x7f0051d61f58; 0 drivers
o0x7f0051d61f88 .functor BUFZ 16, C4<zzzzzzzzzzzzzzzz>; HiZ drive
v0x5633f8d65660_249 .net v0x5633f8d65660 249, 15 0, o0x7f0051d61f88; 0 drivers
o0x7f0051d61fb8 .functor BUFZ 16, C4<zzzzzzzzzzzzzzzz>; HiZ drive
v0x5633f8d65660_250 .net v0x5633f8d65660 250, 15 0, o0x7f0051d61fb8; 0 drivers
o0x7f0051d61fe8 .functor BUFZ 16, C4<zzzzzzzzzzzzzzzz>; HiZ drive
v0x5633f8d65660_251 .net v0x5633f8d65660 251, 15 0, o0x7f0051d61fe8; 0 drivers
o0x7f0051d62018 .functor BUFZ 16, C4<zzzzzzzzzzzzzzzz>; HiZ drive
v0x5633f8d65660_252 .net v0x5633f8d65660 252, 15 0, o0x7f0051d62018; 0 drivers
o0x7f0051d62048 .functor BUFZ 16, C4<zzzzzzzzzzzzzzzz>; HiZ drive
v0x5633f8d65660_253 .net v0x5633f8d65660 253, 15 0, o0x7f0051d62048; 0 drivers
o0x7f0051d62078 .functor BUFZ 16, C4<zzzzzzzzzzzzzzzz>; HiZ drive
v0x5633f8d65660_254 .net v0x5633f8d65660 254, 15 0, o0x7f0051d62078; 0 drivers
o0x7f0051d620a8 .functor BUFZ 16, C4<zzzzzzzzzzzzzzzz>; HiZ drive
v0x5633f8d65660_255 .net v0x5633f8d65660 255, 15 0, o0x7f0051d620a8; 0 drivers
o0x7f0051d620d8 .functor BUFZ 16, C4<zzzzzzzzzzzzzzzz>; HiZ drive
v0x5633f8d65660_256 .net v0x5633f8d65660 256, 15 0, o0x7f0051d620d8; 0 drivers
o0x7f0051d62108 .functor BUFZ 16, C4<zzzzzzzzzzzzzzzz>; HiZ drive
v0x5633f8d65660_257 .net v0x5633f8d65660 257, 15 0, o0x7f0051d62108; 0 drivers
o0x7f0051d62138 .functor BUFZ 16, C4<zzzzzzzzzzzzzzzz>; HiZ drive
v0x5633f8d65660_258 .net v0x5633f8d65660 258, 15 0, o0x7f0051d62138; 0 drivers
o0x7f0051d62168 .functor BUFZ 16, C4<zzzzzzzzzzzzzzzz>; HiZ drive
v0x5633f8d65660_259 .net v0x5633f8d65660 259, 15 0, o0x7f0051d62168; 0 drivers
o0x7f0051d62198 .functor BUFZ 16, C4<zzzzzzzzzzzzzzzz>; HiZ drive
v0x5633f8d65660_260 .net v0x5633f8d65660 260, 15 0, o0x7f0051d62198; 0 drivers
o0x7f0051d621c8 .functor BUFZ 16, C4<zzzzzzzzzzzzzzzz>; HiZ drive
v0x5633f8d65660_261 .net v0x5633f8d65660 261, 15 0, o0x7f0051d621c8; 0 drivers
o0x7f0051d621f8 .functor BUFZ 16, C4<zzzzzzzzzzzzzzzz>; HiZ drive
v0x5633f8d65660_262 .net v0x5633f8d65660 262, 15 0, o0x7f0051d621f8; 0 drivers
o0x7f0051d62228 .functor BUFZ 16, C4<zzzzzzzzzzzzzzzz>; HiZ drive
v0x5633f8d65660_263 .net v0x5633f8d65660 263, 15 0, o0x7f0051d62228; 0 drivers
o0x7f0051d62258 .functor BUFZ 16, C4<zzzzzzzzzzzzzzzz>; HiZ drive
v0x5633f8d65660_264 .net v0x5633f8d65660 264, 15 0, o0x7f0051d62258; 0 drivers
o0x7f0051d62288 .functor BUFZ 16, C4<zzzzzzzzzzzzzzzz>; HiZ drive
v0x5633f8d65660_265 .net v0x5633f8d65660 265, 15 0, o0x7f0051d62288; 0 drivers
o0x7f0051d622b8 .functor BUFZ 16, C4<zzzzzzzzzzzzzzzz>; HiZ drive
v0x5633f8d65660_266 .net v0x5633f8d65660 266, 15 0, o0x7f0051d622b8; 0 drivers
o0x7f0051d622e8 .functor BUFZ 16, C4<zzzzzzzzzzzzzzzz>; HiZ drive
v0x5633f8d65660_267 .net v0x5633f8d65660 267, 15 0, o0x7f0051d622e8; 0 drivers
o0x7f0051d62318 .functor BUFZ 16, C4<zzzzzzzzzzzzzzzz>; HiZ drive
v0x5633f8d65660_268 .net v0x5633f8d65660 268, 15 0, o0x7f0051d62318; 0 drivers
o0x7f0051d62348 .functor BUFZ 16, C4<zzzzzzzzzzzzzzzz>; HiZ drive
v0x5633f8d65660_269 .net v0x5633f8d65660 269, 15 0, o0x7f0051d62348; 0 drivers
o0x7f0051d62378 .functor BUFZ 16, C4<zzzzzzzzzzzzzzzz>; HiZ drive
v0x5633f8d65660_270 .net v0x5633f8d65660 270, 15 0, o0x7f0051d62378; 0 drivers
o0x7f0051d623a8 .functor BUFZ 16, C4<zzzzzzzzzzzzzzzz>; HiZ drive
v0x5633f8d65660_271 .net v0x5633f8d65660 271, 15 0, o0x7f0051d623a8; 0 drivers
o0x7f0051d623d8 .functor BUFZ 16, C4<zzzzzzzzzzzzzzzz>; HiZ drive
v0x5633f8d65660_272 .net v0x5633f8d65660 272, 15 0, o0x7f0051d623d8; 0 drivers
o0x7f0051d62408 .functor BUFZ 16, C4<zzzzzzzzzzzzzzzz>; HiZ drive
v0x5633f8d65660_273 .net v0x5633f8d65660 273, 15 0, o0x7f0051d62408; 0 drivers
o0x7f0051d62438 .functor BUFZ 16, C4<zzzzzzzzzzzzzzzz>; HiZ drive
v0x5633f8d65660_274 .net v0x5633f8d65660 274, 15 0, o0x7f0051d62438; 0 drivers
o0x7f0051d62468 .functor BUFZ 16, C4<zzzzzzzzzzzzzzzz>; HiZ drive
v0x5633f8d65660_275 .net v0x5633f8d65660 275, 15 0, o0x7f0051d62468; 0 drivers
o0x7f0051d62498 .functor BUFZ 16, C4<zzzzzzzzzzzzzzzz>; HiZ drive
v0x5633f8d65660_276 .net v0x5633f8d65660 276, 15 0, o0x7f0051d62498; 0 drivers
o0x7f0051d624c8 .functor BUFZ 16, C4<zzzzzzzzzzzzzzzz>; HiZ drive
v0x5633f8d65660_277 .net v0x5633f8d65660 277, 15 0, o0x7f0051d624c8; 0 drivers
o0x7f0051d624f8 .functor BUFZ 16, C4<zzzzzzzzzzzzzzzz>; HiZ drive
v0x5633f8d65660_278 .net v0x5633f8d65660 278, 15 0, o0x7f0051d624f8; 0 drivers
o0x7f0051d62528 .functor BUFZ 16, C4<zzzzzzzzzzzzzzzz>; HiZ drive
v0x5633f8d65660_279 .net v0x5633f8d65660 279, 15 0, o0x7f0051d62528; 0 drivers
o0x7f0051d62558 .functor BUFZ 16, C4<zzzzzzzzzzzzzzzz>; HiZ drive
v0x5633f8d65660_280 .net v0x5633f8d65660 280, 15 0, o0x7f0051d62558; 0 drivers
o0x7f0051d62588 .functor BUFZ 16, C4<zzzzzzzzzzzzzzzz>; HiZ drive
v0x5633f8d65660_281 .net v0x5633f8d65660 281, 15 0, o0x7f0051d62588; 0 drivers
o0x7f0051d625b8 .functor BUFZ 16, C4<zzzzzzzzzzzzzzzz>; HiZ drive
v0x5633f8d65660_282 .net v0x5633f8d65660 282, 15 0, o0x7f0051d625b8; 0 drivers
o0x7f0051d625e8 .functor BUFZ 16, C4<zzzzzzzzzzzzzzzz>; HiZ drive
v0x5633f8d65660_283 .net v0x5633f8d65660 283, 15 0, o0x7f0051d625e8; 0 drivers
o0x7f0051d62618 .functor BUFZ 16, C4<zzzzzzzzzzzzzzzz>; HiZ drive
v0x5633f8d65660_284 .net v0x5633f8d65660 284, 15 0, o0x7f0051d62618; 0 drivers
o0x7f0051d62648 .functor BUFZ 16, C4<zzzzzzzzzzzzzzzz>; HiZ drive
v0x5633f8d65660_285 .net v0x5633f8d65660 285, 15 0, o0x7f0051d62648; 0 drivers
o0x7f0051d62678 .functor BUFZ 16, C4<zzzzzzzzzzzzzzzz>; HiZ drive
v0x5633f8d65660_286 .net v0x5633f8d65660 286, 15 0, o0x7f0051d62678; 0 drivers
o0x7f0051d626a8 .functor BUFZ 16, C4<zzzzzzzzzzzzzzzz>; HiZ drive
v0x5633f8d65660_287 .net v0x5633f8d65660 287, 15 0, o0x7f0051d626a8; 0 drivers
o0x7f0051d626d8 .functor BUFZ 16, C4<zzzzzzzzzzzzzzzz>; HiZ drive
v0x5633f8d65660_288 .net v0x5633f8d65660 288, 15 0, o0x7f0051d626d8; 0 drivers
o0x7f0051d62708 .functor BUFZ 16, C4<zzzzzzzzzzzzzzzz>; HiZ drive
v0x5633f8d65660_289 .net v0x5633f8d65660 289, 15 0, o0x7f0051d62708; 0 drivers
o0x7f0051d62738 .functor BUFZ 16, C4<zzzzzzzzzzzzzzzz>; HiZ drive
v0x5633f8d65660_290 .net v0x5633f8d65660 290, 15 0, o0x7f0051d62738; 0 drivers
o0x7f0051d62768 .functor BUFZ 16, C4<zzzzzzzzzzzzzzzz>; HiZ drive
v0x5633f8d65660_291 .net v0x5633f8d65660 291, 15 0, o0x7f0051d62768; 0 drivers
o0x7f0051d62798 .functor BUFZ 16, C4<zzzzzzzzzzzzzzzz>; HiZ drive
v0x5633f8d65660_292 .net v0x5633f8d65660 292, 15 0, o0x7f0051d62798; 0 drivers
o0x7f0051d627c8 .functor BUFZ 16, C4<zzzzzzzzzzzzzzzz>; HiZ drive
v0x5633f8d65660_293 .net v0x5633f8d65660 293, 15 0, o0x7f0051d627c8; 0 drivers
o0x7f0051d627f8 .functor BUFZ 16, C4<zzzzzzzzzzzzzzzz>; HiZ drive
v0x5633f8d65660_294 .net v0x5633f8d65660 294, 15 0, o0x7f0051d627f8; 0 drivers
o0x7f0051d62828 .functor BUFZ 16, C4<zzzzzzzzzzzzzzzz>; HiZ drive
v0x5633f8d65660_295 .net v0x5633f8d65660 295, 15 0, o0x7f0051d62828; 0 drivers
o0x7f0051d62858 .functor BUFZ 16, C4<zzzzzzzzzzzzzzzz>; HiZ drive
v0x5633f8d65660_296 .net v0x5633f8d65660 296, 15 0, o0x7f0051d62858; 0 drivers
o0x7f0051d62888 .functor BUFZ 16, C4<zzzzzzzzzzzzzzzz>; HiZ drive
v0x5633f8d65660_297 .net v0x5633f8d65660 297, 15 0, o0x7f0051d62888; 0 drivers
o0x7f0051d628b8 .functor BUFZ 16, C4<zzzzzzzzzzzzzzzz>; HiZ drive
v0x5633f8d65660_298 .net v0x5633f8d65660 298, 15 0, o0x7f0051d628b8; 0 drivers
o0x7f0051d628e8 .functor BUFZ 16, C4<zzzzzzzzzzzzzzzz>; HiZ drive
v0x5633f8d65660_299 .net v0x5633f8d65660 299, 15 0, o0x7f0051d628e8; 0 drivers
o0x7f0051d62918 .functor BUFZ 16, C4<zzzzzzzzzzzzzzzz>; HiZ drive
v0x5633f8d65660_300 .net v0x5633f8d65660 300, 15 0, o0x7f0051d62918; 0 drivers
o0x7f0051d62948 .functor BUFZ 16, C4<zzzzzzzzzzzzzzzz>; HiZ drive
v0x5633f8d65660_301 .net v0x5633f8d65660 301, 15 0, o0x7f0051d62948; 0 drivers
o0x7f0051d62978 .functor BUFZ 16, C4<zzzzzzzzzzzzzzzz>; HiZ drive
v0x5633f8d65660_302 .net v0x5633f8d65660 302, 15 0, o0x7f0051d62978; 0 drivers
o0x7f0051d629a8 .functor BUFZ 16, C4<zzzzzzzzzzzzzzzz>; HiZ drive
v0x5633f8d65660_303 .net v0x5633f8d65660 303, 15 0, o0x7f0051d629a8; 0 drivers
o0x7f0051d629d8 .functor BUFZ 16, C4<zzzzzzzzzzzzzzzz>; HiZ drive
v0x5633f8d65660_304 .net v0x5633f8d65660 304, 15 0, o0x7f0051d629d8; 0 drivers
o0x7f0051d62a08 .functor BUFZ 16, C4<zzzzzzzzzzzzzzzz>; HiZ drive
v0x5633f8d65660_305 .net v0x5633f8d65660 305, 15 0, o0x7f0051d62a08; 0 drivers
o0x7f0051d62a38 .functor BUFZ 16, C4<zzzzzzzzzzzzzzzz>; HiZ drive
v0x5633f8d65660_306 .net v0x5633f8d65660 306, 15 0, o0x7f0051d62a38; 0 drivers
o0x7f0051d62a68 .functor BUFZ 16, C4<zzzzzzzzzzzzzzzz>; HiZ drive
v0x5633f8d65660_307 .net v0x5633f8d65660 307, 15 0, o0x7f0051d62a68; 0 drivers
o0x7f0051d62a98 .functor BUFZ 16, C4<zzzzzzzzzzzzzzzz>; HiZ drive
v0x5633f8d65660_308 .net v0x5633f8d65660 308, 15 0, o0x7f0051d62a98; 0 drivers
o0x7f0051d62ac8 .functor BUFZ 16, C4<zzzzzzzzzzzzzzzz>; HiZ drive
v0x5633f8d65660_309 .net v0x5633f8d65660 309, 15 0, o0x7f0051d62ac8; 0 drivers
o0x7f0051d62af8 .functor BUFZ 16, C4<zzzzzzzzzzzzzzzz>; HiZ drive
v0x5633f8d65660_310 .net v0x5633f8d65660 310, 15 0, o0x7f0051d62af8; 0 drivers
o0x7f0051d62b28 .functor BUFZ 16, C4<zzzzzzzzzzzzzzzz>; HiZ drive
v0x5633f8d65660_311 .net v0x5633f8d65660 311, 15 0, o0x7f0051d62b28; 0 drivers
o0x7f0051d62b58 .functor BUFZ 16, C4<zzzzzzzzzzzzzzzz>; HiZ drive
v0x5633f8d65660_312 .net v0x5633f8d65660 312, 15 0, o0x7f0051d62b58; 0 drivers
o0x7f0051d62b88 .functor BUFZ 16, C4<zzzzzzzzzzzzzzzz>; HiZ drive
v0x5633f8d65660_313 .net v0x5633f8d65660 313, 15 0, o0x7f0051d62b88; 0 drivers
o0x7f0051d62bb8 .functor BUFZ 16, C4<zzzzzzzzzzzzzzzz>; HiZ drive
v0x5633f8d65660_314 .net v0x5633f8d65660 314, 15 0, o0x7f0051d62bb8; 0 drivers
o0x7f0051d62be8 .functor BUFZ 16, C4<zzzzzzzzzzzzzzzz>; HiZ drive
v0x5633f8d65660_315 .net v0x5633f8d65660 315, 15 0, o0x7f0051d62be8; 0 drivers
o0x7f0051d62c18 .functor BUFZ 16, C4<zzzzzzzzzzzzzzzz>; HiZ drive
v0x5633f8d65660_316 .net v0x5633f8d65660 316, 15 0, o0x7f0051d62c18; 0 drivers
o0x7f0051d62c48 .functor BUFZ 16, C4<zzzzzzzzzzzzzzzz>; HiZ drive
v0x5633f8d65660_317 .net v0x5633f8d65660 317, 15 0, o0x7f0051d62c48; 0 drivers
o0x7f0051d62c78 .functor BUFZ 16, C4<zzzzzzzzzzzzzzzz>; HiZ drive
v0x5633f8d65660_318 .net v0x5633f8d65660 318, 15 0, o0x7f0051d62c78; 0 drivers
o0x7f0051d62ca8 .functor BUFZ 16, C4<zzzzzzzzzzzzzzzz>; HiZ drive
v0x5633f8d65660_319 .net v0x5633f8d65660 319, 15 0, o0x7f0051d62ca8; 0 drivers
o0x7f0051d62cd8 .functor BUFZ 16, C4<zzzzzzzzzzzzzzzz>; HiZ drive
v0x5633f8d65660_320 .net v0x5633f8d65660 320, 15 0, o0x7f0051d62cd8; 0 drivers
o0x7f0051d62d08 .functor BUFZ 16, C4<zzzzzzzzzzzzzzzz>; HiZ drive
v0x5633f8d65660_321 .net v0x5633f8d65660 321, 15 0, o0x7f0051d62d08; 0 drivers
o0x7f0051d62d38 .functor BUFZ 16, C4<zzzzzzzzzzzzzzzz>; HiZ drive
v0x5633f8d65660_322 .net v0x5633f8d65660 322, 15 0, o0x7f0051d62d38; 0 drivers
o0x7f0051d62d68 .functor BUFZ 16, C4<zzzzzzzzzzzzzzzz>; HiZ drive
v0x5633f8d65660_323 .net v0x5633f8d65660 323, 15 0, o0x7f0051d62d68; 0 drivers
o0x7f0051d62d98 .functor BUFZ 16, C4<zzzzzzzzzzzzzzzz>; HiZ drive
v0x5633f8d65660_324 .net v0x5633f8d65660 324, 15 0, o0x7f0051d62d98; 0 drivers
o0x7f0051d62dc8 .functor BUFZ 16, C4<zzzzzzzzzzzzzzzz>; HiZ drive
v0x5633f8d65660_325 .net v0x5633f8d65660 325, 15 0, o0x7f0051d62dc8; 0 drivers
o0x7f0051d62df8 .functor BUFZ 16, C4<zzzzzzzzzzzzzzzz>; HiZ drive
v0x5633f8d65660_326 .net v0x5633f8d65660 326, 15 0, o0x7f0051d62df8; 0 drivers
o0x7f0051d62e28 .functor BUFZ 16, C4<zzzzzzzzzzzzzzzz>; HiZ drive
v0x5633f8d65660_327 .net v0x5633f8d65660 327, 15 0, o0x7f0051d62e28; 0 drivers
o0x7f0051d62e58 .functor BUFZ 16, C4<zzzzzzzzzzzzzzzz>; HiZ drive
v0x5633f8d65660_328 .net v0x5633f8d65660 328, 15 0, o0x7f0051d62e58; 0 drivers
o0x7f0051d62e88 .functor BUFZ 16, C4<zzzzzzzzzzzzzzzz>; HiZ drive
v0x5633f8d65660_329 .net v0x5633f8d65660 329, 15 0, o0x7f0051d62e88; 0 drivers
o0x7f0051d62eb8 .functor BUFZ 16, C4<zzzzzzzzzzzzzzzz>; HiZ drive
v0x5633f8d65660_330 .net v0x5633f8d65660 330, 15 0, o0x7f0051d62eb8; 0 drivers
o0x7f0051d62ee8 .functor BUFZ 16, C4<zzzzzzzzzzzzzzzz>; HiZ drive
v0x5633f8d65660_331 .net v0x5633f8d65660 331, 15 0, o0x7f0051d62ee8; 0 drivers
o0x7f0051d62f18 .functor BUFZ 16, C4<zzzzzzzzzzzzzzzz>; HiZ drive
v0x5633f8d65660_332 .net v0x5633f8d65660 332, 15 0, o0x7f0051d62f18; 0 drivers
o0x7f0051d62f48 .functor BUFZ 16, C4<zzzzzzzzzzzzzzzz>; HiZ drive
v0x5633f8d65660_333 .net v0x5633f8d65660 333, 15 0, o0x7f0051d62f48; 0 drivers
o0x7f0051d62f78 .functor BUFZ 16, C4<zzzzzzzzzzzzzzzz>; HiZ drive
v0x5633f8d65660_334 .net v0x5633f8d65660 334, 15 0, o0x7f0051d62f78; 0 drivers
o0x7f0051d62fa8 .functor BUFZ 16, C4<zzzzzzzzzzzzzzzz>; HiZ drive
v0x5633f8d65660_335 .net v0x5633f8d65660 335, 15 0, o0x7f0051d62fa8; 0 drivers
o0x7f0051d62fd8 .functor BUFZ 16, C4<zzzzzzzzzzzzzzzz>; HiZ drive
v0x5633f8d65660_336 .net v0x5633f8d65660 336, 15 0, o0x7f0051d62fd8; 0 drivers
o0x7f0051d63008 .functor BUFZ 16, C4<zzzzzzzzzzzzzzzz>; HiZ drive
v0x5633f8d65660_337 .net v0x5633f8d65660 337, 15 0, o0x7f0051d63008; 0 drivers
o0x7f0051d63038 .functor BUFZ 16, C4<zzzzzzzzzzzzzzzz>; HiZ drive
v0x5633f8d65660_338 .net v0x5633f8d65660 338, 15 0, o0x7f0051d63038; 0 drivers
o0x7f0051d63068 .functor BUFZ 16, C4<zzzzzzzzzzzzzzzz>; HiZ drive
v0x5633f8d65660_339 .net v0x5633f8d65660 339, 15 0, o0x7f0051d63068; 0 drivers
o0x7f0051d63098 .functor BUFZ 16, C4<zzzzzzzzzzzzzzzz>; HiZ drive
v0x5633f8d65660_340 .net v0x5633f8d65660 340, 15 0, o0x7f0051d63098; 0 drivers
o0x7f0051d630c8 .functor BUFZ 16, C4<zzzzzzzzzzzzzzzz>; HiZ drive
v0x5633f8d65660_341 .net v0x5633f8d65660 341, 15 0, o0x7f0051d630c8; 0 drivers
o0x7f0051d630f8 .functor BUFZ 16, C4<zzzzzzzzzzzzzzzz>; HiZ drive
v0x5633f8d65660_342 .net v0x5633f8d65660 342, 15 0, o0x7f0051d630f8; 0 drivers
o0x7f0051d63128 .functor BUFZ 16, C4<zzzzzzzzzzzzzzzz>; HiZ drive
v0x5633f8d65660_343 .net v0x5633f8d65660 343, 15 0, o0x7f0051d63128; 0 drivers
o0x7f0051d63158 .functor BUFZ 16, C4<zzzzzzzzzzzzzzzz>; HiZ drive
v0x5633f8d65660_344 .net v0x5633f8d65660 344, 15 0, o0x7f0051d63158; 0 drivers
o0x7f0051d63188 .functor BUFZ 16, C4<zzzzzzzzzzzzzzzz>; HiZ drive
v0x5633f8d65660_345 .net v0x5633f8d65660 345, 15 0, o0x7f0051d63188; 0 drivers
o0x7f0051d631b8 .functor BUFZ 16, C4<zzzzzzzzzzzzzzzz>; HiZ drive
v0x5633f8d65660_346 .net v0x5633f8d65660 346, 15 0, o0x7f0051d631b8; 0 drivers
o0x7f0051d631e8 .functor BUFZ 16, C4<zzzzzzzzzzzzzzzz>; HiZ drive
v0x5633f8d65660_347 .net v0x5633f8d65660 347, 15 0, o0x7f0051d631e8; 0 drivers
o0x7f0051d63218 .functor BUFZ 16, C4<zzzzzzzzzzzzzzzz>; HiZ drive
v0x5633f8d65660_348 .net v0x5633f8d65660 348, 15 0, o0x7f0051d63218; 0 drivers
o0x7f0051d63248 .functor BUFZ 16, C4<zzzzzzzzzzzzzzzz>; HiZ drive
v0x5633f8d65660_349 .net v0x5633f8d65660 349, 15 0, o0x7f0051d63248; 0 drivers
o0x7f0051d63278 .functor BUFZ 16, C4<zzzzzzzzzzzzzzzz>; HiZ drive
v0x5633f8d65660_350 .net v0x5633f8d65660 350, 15 0, o0x7f0051d63278; 0 drivers
o0x7f0051d632a8 .functor BUFZ 16, C4<zzzzzzzzzzzzzzzz>; HiZ drive
v0x5633f8d65660_351 .net v0x5633f8d65660 351, 15 0, o0x7f0051d632a8; 0 drivers
o0x7f0051d632d8 .functor BUFZ 16, C4<zzzzzzzzzzzzzzzz>; HiZ drive
v0x5633f8d65660_352 .net v0x5633f8d65660 352, 15 0, o0x7f0051d632d8; 0 drivers
o0x7f0051d63308 .functor BUFZ 16, C4<zzzzzzzzzzzzzzzz>; HiZ drive
v0x5633f8d65660_353 .net v0x5633f8d65660 353, 15 0, o0x7f0051d63308; 0 drivers
o0x7f0051d63338 .functor BUFZ 16, C4<zzzzzzzzzzzzzzzz>; HiZ drive
v0x5633f8d65660_354 .net v0x5633f8d65660 354, 15 0, o0x7f0051d63338; 0 drivers
o0x7f0051d63368 .functor BUFZ 16, C4<zzzzzzzzzzzzzzzz>; HiZ drive
v0x5633f8d65660_355 .net v0x5633f8d65660 355, 15 0, o0x7f0051d63368; 0 drivers
o0x7f0051d63398 .functor BUFZ 16, C4<zzzzzzzzzzzzzzzz>; HiZ drive
v0x5633f8d65660_356 .net v0x5633f8d65660 356, 15 0, o0x7f0051d63398; 0 drivers
o0x7f0051d633c8 .functor BUFZ 16, C4<zzzzzzzzzzzzzzzz>; HiZ drive
v0x5633f8d65660_357 .net v0x5633f8d65660 357, 15 0, o0x7f0051d633c8; 0 drivers
o0x7f0051d633f8 .functor BUFZ 16, C4<zzzzzzzzzzzzzzzz>; HiZ drive
v0x5633f8d65660_358 .net v0x5633f8d65660 358, 15 0, o0x7f0051d633f8; 0 drivers
o0x7f0051d63428 .functor BUFZ 16, C4<zzzzzzzzzzzzzzzz>; HiZ drive
v0x5633f8d65660_359 .net v0x5633f8d65660 359, 15 0, o0x7f0051d63428; 0 drivers
o0x7f0051d63458 .functor BUFZ 16, C4<zzzzzzzzzzzzzzzz>; HiZ drive
v0x5633f8d65660_360 .net v0x5633f8d65660 360, 15 0, o0x7f0051d63458; 0 drivers
o0x7f0051d63488 .functor BUFZ 16, C4<zzzzzzzzzzzzzzzz>; HiZ drive
v0x5633f8d65660_361 .net v0x5633f8d65660 361, 15 0, o0x7f0051d63488; 0 drivers
o0x7f0051d634b8 .functor BUFZ 16, C4<zzzzzzzzzzzzzzzz>; HiZ drive
v0x5633f8d65660_362 .net v0x5633f8d65660 362, 15 0, o0x7f0051d634b8; 0 drivers
o0x7f0051d634e8 .functor BUFZ 16, C4<zzzzzzzzzzzzzzzz>; HiZ drive
v0x5633f8d65660_363 .net v0x5633f8d65660 363, 15 0, o0x7f0051d634e8; 0 drivers
o0x7f0051d63518 .functor BUFZ 16, C4<zzzzzzzzzzzzzzzz>; HiZ drive
v0x5633f8d65660_364 .net v0x5633f8d65660 364, 15 0, o0x7f0051d63518; 0 drivers
o0x7f0051d63548 .functor BUFZ 16, C4<zzzzzzzzzzzzzzzz>; HiZ drive
v0x5633f8d65660_365 .net v0x5633f8d65660 365, 15 0, o0x7f0051d63548; 0 drivers
o0x7f0051d63578 .functor BUFZ 16, C4<zzzzzzzzzzzzzzzz>; HiZ drive
v0x5633f8d65660_366 .net v0x5633f8d65660 366, 15 0, o0x7f0051d63578; 0 drivers
o0x7f0051d635a8 .functor BUFZ 16, C4<zzzzzzzzzzzzzzzz>; HiZ drive
v0x5633f8d65660_367 .net v0x5633f8d65660 367, 15 0, o0x7f0051d635a8; 0 drivers
o0x7f0051d635d8 .functor BUFZ 16, C4<zzzzzzzzzzzzzzzz>; HiZ drive
v0x5633f8d65660_368 .net v0x5633f8d65660 368, 15 0, o0x7f0051d635d8; 0 drivers
o0x7f0051d63608 .functor BUFZ 16, C4<zzzzzzzzzzzzzzzz>; HiZ drive
v0x5633f8d65660_369 .net v0x5633f8d65660 369, 15 0, o0x7f0051d63608; 0 drivers
o0x7f0051d63638 .functor BUFZ 16, C4<zzzzzzzzzzzzzzzz>; HiZ drive
v0x5633f8d65660_370 .net v0x5633f8d65660 370, 15 0, o0x7f0051d63638; 0 drivers
o0x7f0051d63668 .functor BUFZ 16, C4<zzzzzzzzzzzzzzzz>; HiZ drive
v0x5633f8d65660_371 .net v0x5633f8d65660 371, 15 0, o0x7f0051d63668; 0 drivers
o0x7f0051d63698 .functor BUFZ 16, C4<zzzzzzzzzzzzzzzz>; HiZ drive
v0x5633f8d65660_372 .net v0x5633f8d65660 372, 15 0, o0x7f0051d63698; 0 drivers
o0x7f0051d636c8 .functor BUFZ 16, C4<zzzzzzzzzzzzzzzz>; HiZ drive
v0x5633f8d65660_373 .net v0x5633f8d65660 373, 15 0, o0x7f0051d636c8; 0 drivers
o0x7f0051d636f8 .functor BUFZ 16, C4<zzzzzzzzzzzzzzzz>; HiZ drive
v0x5633f8d65660_374 .net v0x5633f8d65660 374, 15 0, o0x7f0051d636f8; 0 drivers
o0x7f0051d63728 .functor BUFZ 16, C4<zzzzzzzzzzzzzzzz>; HiZ drive
v0x5633f8d65660_375 .net v0x5633f8d65660 375, 15 0, o0x7f0051d63728; 0 drivers
o0x7f0051d63758 .functor BUFZ 16, C4<zzzzzzzzzzzzzzzz>; HiZ drive
v0x5633f8d65660_376 .net v0x5633f8d65660 376, 15 0, o0x7f0051d63758; 0 drivers
o0x7f0051d63788 .functor BUFZ 16, C4<zzzzzzzzzzzzzzzz>; HiZ drive
v0x5633f8d65660_377 .net v0x5633f8d65660 377, 15 0, o0x7f0051d63788; 0 drivers
o0x7f0051d637b8 .functor BUFZ 16, C4<zzzzzzzzzzzzzzzz>; HiZ drive
v0x5633f8d65660_378 .net v0x5633f8d65660 378, 15 0, o0x7f0051d637b8; 0 drivers
o0x7f0051d637e8 .functor BUFZ 16, C4<zzzzzzzzzzzzzzzz>; HiZ drive
v0x5633f8d65660_379 .net v0x5633f8d65660 379, 15 0, o0x7f0051d637e8; 0 drivers
o0x7f0051d63818 .functor BUFZ 16, C4<zzzzzzzzzzzzzzzz>; HiZ drive
v0x5633f8d65660_380 .net v0x5633f8d65660 380, 15 0, o0x7f0051d63818; 0 drivers
o0x7f0051d63848 .functor BUFZ 16, C4<zzzzzzzzzzzzzzzz>; HiZ drive
v0x5633f8d65660_381 .net v0x5633f8d65660 381, 15 0, o0x7f0051d63848; 0 drivers
o0x7f0051d63878 .functor BUFZ 16, C4<zzzzzzzzzzzzzzzz>; HiZ drive
v0x5633f8d65660_382 .net v0x5633f8d65660 382, 15 0, o0x7f0051d63878; 0 drivers
o0x7f0051d638a8 .functor BUFZ 16, C4<zzzzzzzzzzzzzzzz>; HiZ drive
v0x5633f8d65660_383 .net v0x5633f8d65660 383, 15 0, o0x7f0051d638a8; 0 drivers
o0x7f0051d638d8 .functor BUFZ 16, C4<zzzzzzzzzzzzzzzz>; HiZ drive
v0x5633f8d65660_384 .net v0x5633f8d65660 384, 15 0, o0x7f0051d638d8; 0 drivers
o0x7f0051d63908 .functor BUFZ 16, C4<zzzzzzzzzzzzzzzz>; HiZ drive
v0x5633f8d65660_385 .net v0x5633f8d65660 385, 15 0, o0x7f0051d63908; 0 drivers
o0x7f0051d63938 .functor BUFZ 16, C4<zzzzzzzzzzzzzzzz>; HiZ drive
v0x5633f8d65660_386 .net v0x5633f8d65660 386, 15 0, o0x7f0051d63938; 0 drivers
o0x7f0051d63968 .functor BUFZ 16, C4<zzzzzzzzzzzzzzzz>; HiZ drive
v0x5633f8d65660_387 .net v0x5633f8d65660 387, 15 0, o0x7f0051d63968; 0 drivers
o0x7f0051d63998 .functor BUFZ 16, C4<zzzzzzzzzzzzzzzz>; HiZ drive
v0x5633f8d65660_388 .net v0x5633f8d65660 388, 15 0, o0x7f0051d63998; 0 drivers
o0x7f0051d639c8 .functor BUFZ 16, C4<zzzzzzzzzzzzzzzz>; HiZ drive
v0x5633f8d65660_389 .net v0x5633f8d65660 389, 15 0, o0x7f0051d639c8; 0 drivers
o0x7f0051d639f8 .functor BUFZ 16, C4<zzzzzzzzzzzzzzzz>; HiZ drive
v0x5633f8d65660_390 .net v0x5633f8d65660 390, 15 0, o0x7f0051d639f8; 0 drivers
o0x7f0051d63a28 .functor BUFZ 16, C4<zzzzzzzzzzzzzzzz>; HiZ drive
v0x5633f8d65660_391 .net v0x5633f8d65660 391, 15 0, o0x7f0051d63a28; 0 drivers
o0x7f0051d63a58 .functor BUFZ 16, C4<zzzzzzzzzzzzzzzz>; HiZ drive
v0x5633f8d65660_392 .net v0x5633f8d65660 392, 15 0, o0x7f0051d63a58; 0 drivers
o0x7f0051d63a88 .functor BUFZ 16, C4<zzzzzzzzzzzzzzzz>; HiZ drive
v0x5633f8d65660_393 .net v0x5633f8d65660 393, 15 0, o0x7f0051d63a88; 0 drivers
o0x7f0051d63ab8 .functor BUFZ 16, C4<zzzzzzzzzzzzzzzz>; HiZ drive
v0x5633f8d65660_394 .net v0x5633f8d65660 394, 15 0, o0x7f0051d63ab8; 0 drivers
o0x7f0051d63ae8 .functor BUFZ 16, C4<zzzzzzzzzzzzzzzz>; HiZ drive
v0x5633f8d65660_395 .net v0x5633f8d65660 395, 15 0, o0x7f0051d63ae8; 0 drivers
o0x7f0051d63b18 .functor BUFZ 16, C4<zzzzzzzzzzzzzzzz>; HiZ drive
v0x5633f8d65660_396 .net v0x5633f8d65660 396, 15 0, o0x7f0051d63b18; 0 drivers
o0x7f0051d63b48 .functor BUFZ 16, C4<zzzzzzzzzzzzzzzz>; HiZ drive
v0x5633f8d65660_397 .net v0x5633f8d65660 397, 15 0, o0x7f0051d63b48; 0 drivers
o0x7f0051d63b78 .functor BUFZ 16, C4<zzzzzzzzzzzzzzzz>; HiZ drive
v0x5633f8d65660_398 .net v0x5633f8d65660 398, 15 0, o0x7f0051d63b78; 0 drivers
o0x7f0051d63ba8 .functor BUFZ 16, C4<zzzzzzzzzzzzzzzz>; HiZ drive
v0x5633f8d65660_399 .net v0x5633f8d65660 399, 15 0, o0x7f0051d63ba8; 0 drivers
o0x7f0051d63bd8 .functor BUFZ 16, C4<zzzzzzzzzzzzzzzz>; HiZ drive
v0x5633f8d65660_400 .net v0x5633f8d65660 400, 15 0, o0x7f0051d63bd8; 0 drivers
o0x7f0051d63c08 .functor BUFZ 16, C4<zzzzzzzzzzzzzzzz>; HiZ drive
v0x5633f8d65660_401 .net v0x5633f8d65660 401, 15 0, o0x7f0051d63c08; 0 drivers
o0x7f0051d63c38 .functor BUFZ 16, C4<zzzzzzzzzzzzzzzz>; HiZ drive
v0x5633f8d65660_402 .net v0x5633f8d65660 402, 15 0, o0x7f0051d63c38; 0 drivers
o0x7f0051d63c68 .functor BUFZ 16, C4<zzzzzzzzzzzzzzzz>; HiZ drive
v0x5633f8d65660_403 .net v0x5633f8d65660 403, 15 0, o0x7f0051d63c68; 0 drivers
o0x7f0051d63c98 .functor BUFZ 16, C4<zzzzzzzzzzzzzzzz>; HiZ drive
v0x5633f8d65660_404 .net v0x5633f8d65660 404, 15 0, o0x7f0051d63c98; 0 drivers
o0x7f0051d63cc8 .functor BUFZ 16, C4<zzzzzzzzzzzzzzzz>; HiZ drive
v0x5633f8d65660_405 .net v0x5633f8d65660 405, 15 0, o0x7f0051d63cc8; 0 drivers
o0x7f0051d63cf8 .functor BUFZ 16, C4<zzzzzzzzzzzzzzzz>; HiZ drive
v0x5633f8d65660_406 .net v0x5633f8d65660 406, 15 0, o0x7f0051d63cf8; 0 drivers
o0x7f0051d63d28 .functor BUFZ 16, C4<zzzzzzzzzzzzzzzz>; HiZ drive
v0x5633f8d65660_407 .net v0x5633f8d65660 407, 15 0, o0x7f0051d63d28; 0 drivers
o0x7f0051d63d58 .functor BUFZ 16, C4<zzzzzzzzzzzzzzzz>; HiZ drive
v0x5633f8d65660_408 .net v0x5633f8d65660 408, 15 0, o0x7f0051d63d58; 0 drivers
o0x7f0051d63d88 .functor BUFZ 16, C4<zzzzzzzzzzzzzzzz>; HiZ drive
v0x5633f8d65660_409 .net v0x5633f8d65660 409, 15 0, o0x7f0051d63d88; 0 drivers
o0x7f0051d63db8 .functor BUFZ 16, C4<zzzzzzzzzzzzzzzz>; HiZ drive
v0x5633f8d65660_410 .net v0x5633f8d65660 410, 15 0, o0x7f0051d63db8; 0 drivers
o0x7f0051d63de8 .functor BUFZ 16, C4<zzzzzzzzzzzzzzzz>; HiZ drive
v0x5633f8d65660_411 .net v0x5633f8d65660 411, 15 0, o0x7f0051d63de8; 0 drivers
o0x7f0051d63e18 .functor BUFZ 16, C4<zzzzzzzzzzzzzzzz>; HiZ drive
v0x5633f8d65660_412 .net v0x5633f8d65660 412, 15 0, o0x7f0051d63e18; 0 drivers
o0x7f0051d63e48 .functor BUFZ 16, C4<zzzzzzzzzzzzzzzz>; HiZ drive
v0x5633f8d65660_413 .net v0x5633f8d65660 413, 15 0, o0x7f0051d63e48; 0 drivers
o0x7f0051d63e78 .functor BUFZ 16, C4<zzzzzzzzzzzzzzzz>; HiZ drive
v0x5633f8d65660_414 .net v0x5633f8d65660 414, 15 0, o0x7f0051d63e78; 0 drivers
o0x7f0051d63ea8 .functor BUFZ 16, C4<zzzzzzzzzzzzzzzz>; HiZ drive
v0x5633f8d65660_415 .net v0x5633f8d65660 415, 15 0, o0x7f0051d63ea8; 0 drivers
o0x7f0051d63ed8 .functor BUFZ 16, C4<zzzzzzzzzzzzzzzz>; HiZ drive
v0x5633f8d65660_416 .net v0x5633f8d65660 416, 15 0, o0x7f0051d63ed8; 0 drivers
o0x7f0051d63f08 .functor BUFZ 16, C4<zzzzzzzzzzzzzzzz>; HiZ drive
v0x5633f8d65660_417 .net v0x5633f8d65660 417, 15 0, o0x7f0051d63f08; 0 drivers
o0x7f0051d63f38 .functor BUFZ 16, C4<zzzzzzzzzzzzzzzz>; HiZ drive
v0x5633f8d65660_418 .net v0x5633f8d65660 418, 15 0, o0x7f0051d63f38; 0 drivers
o0x7f0051d63f68 .functor BUFZ 16, C4<zzzzzzzzzzzzzzzz>; HiZ drive
v0x5633f8d65660_419 .net v0x5633f8d65660 419, 15 0, o0x7f0051d63f68; 0 drivers
o0x7f0051d63f98 .functor BUFZ 16, C4<zzzzzzzzzzzzzzzz>; HiZ drive
v0x5633f8d65660_420 .net v0x5633f8d65660 420, 15 0, o0x7f0051d63f98; 0 drivers
o0x7f0051d63fc8 .functor BUFZ 16, C4<zzzzzzzzzzzzzzzz>; HiZ drive
v0x5633f8d65660_421 .net v0x5633f8d65660 421, 15 0, o0x7f0051d63fc8; 0 drivers
o0x7f0051d63ff8 .functor BUFZ 16, C4<zzzzzzzzzzzzzzzz>; HiZ drive
v0x5633f8d65660_422 .net v0x5633f8d65660 422, 15 0, o0x7f0051d63ff8; 0 drivers
o0x7f0051d64028 .functor BUFZ 16, C4<zzzzzzzzzzzzzzzz>; HiZ drive
v0x5633f8d65660_423 .net v0x5633f8d65660 423, 15 0, o0x7f0051d64028; 0 drivers
o0x7f0051d64058 .functor BUFZ 16, C4<zzzzzzzzzzzzzzzz>; HiZ drive
v0x5633f8d65660_424 .net v0x5633f8d65660 424, 15 0, o0x7f0051d64058; 0 drivers
o0x7f0051d64088 .functor BUFZ 16, C4<zzzzzzzzzzzzzzzz>; HiZ drive
v0x5633f8d65660_425 .net v0x5633f8d65660 425, 15 0, o0x7f0051d64088; 0 drivers
o0x7f0051d640b8 .functor BUFZ 16, C4<zzzzzzzzzzzzzzzz>; HiZ drive
v0x5633f8d65660_426 .net v0x5633f8d65660 426, 15 0, o0x7f0051d640b8; 0 drivers
o0x7f0051d640e8 .functor BUFZ 16, C4<zzzzzzzzzzzzzzzz>; HiZ drive
v0x5633f8d65660_427 .net v0x5633f8d65660 427, 15 0, o0x7f0051d640e8; 0 drivers
o0x7f0051d64118 .functor BUFZ 16, C4<zzzzzzzzzzzzzzzz>; HiZ drive
v0x5633f8d65660_428 .net v0x5633f8d65660 428, 15 0, o0x7f0051d64118; 0 drivers
o0x7f0051d64148 .functor BUFZ 16, C4<zzzzzzzzzzzzzzzz>; HiZ drive
v0x5633f8d65660_429 .net v0x5633f8d65660 429, 15 0, o0x7f0051d64148; 0 drivers
o0x7f0051d64178 .functor BUFZ 16, C4<zzzzzzzzzzzzzzzz>; HiZ drive
v0x5633f8d65660_430 .net v0x5633f8d65660 430, 15 0, o0x7f0051d64178; 0 drivers
o0x7f0051d641a8 .functor BUFZ 16, C4<zzzzzzzzzzzzzzzz>; HiZ drive
v0x5633f8d65660_431 .net v0x5633f8d65660 431, 15 0, o0x7f0051d641a8; 0 drivers
o0x7f0051d641d8 .functor BUFZ 16, C4<zzzzzzzzzzzzzzzz>; HiZ drive
v0x5633f8d65660_432 .net v0x5633f8d65660 432, 15 0, o0x7f0051d641d8; 0 drivers
o0x7f0051d64208 .functor BUFZ 16, C4<zzzzzzzzzzzzzzzz>; HiZ drive
v0x5633f8d65660_433 .net v0x5633f8d65660 433, 15 0, o0x7f0051d64208; 0 drivers
o0x7f0051d64238 .functor BUFZ 16, C4<zzzzzzzzzzzzzzzz>; HiZ drive
v0x5633f8d65660_434 .net v0x5633f8d65660 434, 15 0, o0x7f0051d64238; 0 drivers
o0x7f0051d64268 .functor BUFZ 16, C4<zzzzzzzzzzzzzzzz>; HiZ drive
v0x5633f8d65660_435 .net v0x5633f8d65660 435, 15 0, o0x7f0051d64268; 0 drivers
o0x7f0051d64298 .functor BUFZ 16, C4<zzzzzzzzzzzzzzzz>; HiZ drive
v0x5633f8d65660_436 .net v0x5633f8d65660 436, 15 0, o0x7f0051d64298; 0 drivers
o0x7f0051d642c8 .functor BUFZ 16, C4<zzzzzzzzzzzzzzzz>; HiZ drive
v0x5633f8d65660_437 .net v0x5633f8d65660 437, 15 0, o0x7f0051d642c8; 0 drivers
o0x7f0051d642f8 .functor BUFZ 16, C4<zzzzzzzzzzzzzzzz>; HiZ drive
v0x5633f8d65660_438 .net v0x5633f8d65660 438, 15 0, o0x7f0051d642f8; 0 drivers
o0x7f0051d64328 .functor BUFZ 16, C4<zzzzzzzzzzzzzzzz>; HiZ drive
v0x5633f8d65660_439 .net v0x5633f8d65660 439, 15 0, o0x7f0051d64328; 0 drivers
o0x7f0051d64358 .functor BUFZ 16, C4<zzzzzzzzzzzzzzzz>; HiZ drive
v0x5633f8d65660_440 .net v0x5633f8d65660 440, 15 0, o0x7f0051d64358; 0 drivers
o0x7f0051d64388 .functor BUFZ 16, C4<zzzzzzzzzzzzzzzz>; HiZ drive
v0x5633f8d65660_441 .net v0x5633f8d65660 441, 15 0, o0x7f0051d64388; 0 drivers
o0x7f0051d643b8 .functor BUFZ 16, C4<zzzzzzzzzzzzzzzz>; HiZ drive
v0x5633f8d65660_442 .net v0x5633f8d65660 442, 15 0, o0x7f0051d643b8; 0 drivers
o0x7f0051d643e8 .functor BUFZ 16, C4<zzzzzzzzzzzzzzzz>; HiZ drive
v0x5633f8d65660_443 .net v0x5633f8d65660 443, 15 0, o0x7f0051d643e8; 0 drivers
o0x7f0051d64418 .functor BUFZ 16, C4<zzzzzzzzzzzzzzzz>; HiZ drive
v0x5633f8d65660_444 .net v0x5633f8d65660 444, 15 0, o0x7f0051d64418; 0 drivers
o0x7f0051d64448 .functor BUFZ 16, C4<zzzzzzzzzzzzzzzz>; HiZ drive
v0x5633f8d65660_445 .net v0x5633f8d65660 445, 15 0, o0x7f0051d64448; 0 drivers
o0x7f0051d64478 .functor BUFZ 16, C4<zzzzzzzzzzzzzzzz>; HiZ drive
v0x5633f8d65660_446 .net v0x5633f8d65660 446, 15 0, o0x7f0051d64478; 0 drivers
o0x7f0051d644a8 .functor BUFZ 16, C4<zzzzzzzzzzzzzzzz>; HiZ drive
v0x5633f8d65660_447 .net v0x5633f8d65660 447, 15 0, o0x7f0051d644a8; 0 drivers
o0x7f0051d644d8 .functor BUFZ 16, C4<zzzzzzzzzzzzzzzz>; HiZ drive
v0x5633f8d65660_448 .net v0x5633f8d65660 448, 15 0, o0x7f0051d644d8; 0 drivers
o0x7f0051d64508 .functor BUFZ 16, C4<zzzzzzzzzzzzzzzz>; HiZ drive
v0x5633f8d65660_449 .net v0x5633f8d65660 449, 15 0, o0x7f0051d64508; 0 drivers
o0x7f0051d64538 .functor BUFZ 16, C4<zzzzzzzzzzzzzzzz>; HiZ drive
v0x5633f8d65660_450 .net v0x5633f8d65660 450, 15 0, o0x7f0051d64538; 0 drivers
o0x7f0051d64568 .functor BUFZ 16, C4<zzzzzzzzzzzzzzzz>; HiZ drive
v0x5633f8d65660_451 .net v0x5633f8d65660 451, 15 0, o0x7f0051d64568; 0 drivers
o0x7f0051d64598 .functor BUFZ 16, C4<zzzzzzzzzzzzzzzz>; HiZ drive
v0x5633f8d65660_452 .net v0x5633f8d65660 452, 15 0, o0x7f0051d64598; 0 drivers
o0x7f0051d645c8 .functor BUFZ 16, C4<zzzzzzzzzzzzzzzz>; HiZ drive
v0x5633f8d65660_453 .net v0x5633f8d65660 453, 15 0, o0x7f0051d645c8; 0 drivers
o0x7f0051d645f8 .functor BUFZ 16, C4<zzzzzzzzzzzzzzzz>; HiZ drive
v0x5633f8d65660_454 .net v0x5633f8d65660 454, 15 0, o0x7f0051d645f8; 0 drivers
o0x7f0051d64628 .functor BUFZ 16, C4<zzzzzzzzzzzzzzzz>; HiZ drive
v0x5633f8d65660_455 .net v0x5633f8d65660 455, 15 0, o0x7f0051d64628; 0 drivers
o0x7f0051d64658 .functor BUFZ 16, C4<zzzzzzzzzzzzzzzz>; HiZ drive
v0x5633f8d65660_456 .net v0x5633f8d65660 456, 15 0, o0x7f0051d64658; 0 drivers
o0x7f0051d64688 .functor BUFZ 16, C4<zzzzzzzzzzzzzzzz>; HiZ drive
v0x5633f8d65660_457 .net v0x5633f8d65660 457, 15 0, o0x7f0051d64688; 0 drivers
o0x7f0051d646b8 .functor BUFZ 16, C4<zzzzzzzzzzzzzzzz>; HiZ drive
v0x5633f8d65660_458 .net v0x5633f8d65660 458, 15 0, o0x7f0051d646b8; 0 drivers
o0x7f0051d646e8 .functor BUFZ 16, C4<zzzzzzzzzzzzzzzz>; HiZ drive
v0x5633f8d65660_459 .net v0x5633f8d65660 459, 15 0, o0x7f0051d646e8; 0 drivers
o0x7f0051d64718 .functor BUFZ 16, C4<zzzzzzzzzzzzzzzz>; HiZ drive
v0x5633f8d65660_460 .net v0x5633f8d65660 460, 15 0, o0x7f0051d64718; 0 drivers
o0x7f0051d64748 .functor BUFZ 16, C4<zzzzzzzzzzzzzzzz>; HiZ drive
v0x5633f8d65660_461 .net v0x5633f8d65660 461, 15 0, o0x7f0051d64748; 0 drivers
o0x7f0051d64778 .functor BUFZ 16, C4<zzzzzzzzzzzzzzzz>; HiZ drive
v0x5633f8d65660_462 .net v0x5633f8d65660 462, 15 0, o0x7f0051d64778; 0 drivers
o0x7f0051d647a8 .functor BUFZ 16, C4<zzzzzzzzzzzzzzzz>; HiZ drive
v0x5633f8d65660_463 .net v0x5633f8d65660 463, 15 0, o0x7f0051d647a8; 0 drivers
o0x7f0051d647d8 .functor BUFZ 16, C4<zzzzzzzzzzzzzzzz>; HiZ drive
v0x5633f8d65660_464 .net v0x5633f8d65660 464, 15 0, o0x7f0051d647d8; 0 drivers
o0x7f0051d64808 .functor BUFZ 16, C4<zzzzzzzzzzzzzzzz>; HiZ drive
v0x5633f8d65660_465 .net v0x5633f8d65660 465, 15 0, o0x7f0051d64808; 0 drivers
o0x7f0051d64838 .functor BUFZ 16, C4<zzzzzzzzzzzzzzzz>; HiZ drive
v0x5633f8d65660_466 .net v0x5633f8d65660 466, 15 0, o0x7f0051d64838; 0 drivers
o0x7f0051d64868 .functor BUFZ 16, C4<zzzzzzzzzzzzzzzz>; HiZ drive
v0x5633f8d65660_467 .net v0x5633f8d65660 467, 15 0, o0x7f0051d64868; 0 drivers
o0x7f0051d64898 .functor BUFZ 16, C4<zzzzzzzzzzzzzzzz>; HiZ drive
v0x5633f8d65660_468 .net v0x5633f8d65660 468, 15 0, o0x7f0051d64898; 0 drivers
o0x7f0051d648c8 .functor BUFZ 16, C4<zzzzzzzzzzzzzzzz>; HiZ drive
v0x5633f8d65660_469 .net v0x5633f8d65660 469, 15 0, o0x7f0051d648c8; 0 drivers
o0x7f0051d648f8 .functor BUFZ 16, C4<zzzzzzzzzzzzzzzz>; HiZ drive
v0x5633f8d65660_470 .net v0x5633f8d65660 470, 15 0, o0x7f0051d648f8; 0 drivers
o0x7f0051d64928 .functor BUFZ 16, C4<zzzzzzzzzzzzzzzz>; HiZ drive
v0x5633f8d65660_471 .net v0x5633f8d65660 471, 15 0, o0x7f0051d64928; 0 drivers
o0x7f0051d64958 .functor BUFZ 16, C4<zzzzzzzzzzzzzzzz>; HiZ drive
v0x5633f8d65660_472 .net v0x5633f8d65660 472, 15 0, o0x7f0051d64958; 0 drivers
o0x7f0051d64988 .functor BUFZ 16, C4<zzzzzzzzzzzzzzzz>; HiZ drive
v0x5633f8d65660_473 .net v0x5633f8d65660 473, 15 0, o0x7f0051d64988; 0 drivers
o0x7f0051d649b8 .functor BUFZ 16, C4<zzzzzzzzzzzzzzzz>; HiZ drive
v0x5633f8d65660_474 .net v0x5633f8d65660 474, 15 0, o0x7f0051d649b8; 0 drivers
o0x7f0051d649e8 .functor BUFZ 16, C4<zzzzzzzzzzzzzzzz>; HiZ drive
v0x5633f8d65660_475 .net v0x5633f8d65660 475, 15 0, o0x7f0051d649e8; 0 drivers
o0x7f0051d64a18 .functor BUFZ 16, C4<zzzzzzzzzzzzzzzz>; HiZ drive
v0x5633f8d65660_476 .net v0x5633f8d65660 476, 15 0, o0x7f0051d64a18; 0 drivers
o0x7f0051d64a48 .functor BUFZ 16, C4<zzzzzzzzzzzzzzzz>; HiZ drive
v0x5633f8d65660_477 .net v0x5633f8d65660 477, 15 0, o0x7f0051d64a48; 0 drivers
o0x7f0051d64a78 .functor BUFZ 16, C4<zzzzzzzzzzzzzzzz>; HiZ drive
v0x5633f8d65660_478 .net v0x5633f8d65660 478, 15 0, o0x7f0051d64a78; 0 drivers
o0x7f0051d64aa8 .functor BUFZ 16, C4<zzzzzzzzzzzzzzzz>; HiZ drive
v0x5633f8d65660_479 .net v0x5633f8d65660 479, 15 0, o0x7f0051d64aa8; 0 drivers
o0x7f0051d64ad8 .functor BUFZ 16, C4<zzzzzzzzzzzzzzzz>; HiZ drive
v0x5633f8d65660_480 .net v0x5633f8d65660 480, 15 0, o0x7f0051d64ad8; 0 drivers
o0x7f0051d64b08 .functor BUFZ 16, C4<zzzzzzzzzzzzzzzz>; HiZ drive
v0x5633f8d65660_481 .net v0x5633f8d65660 481, 15 0, o0x7f0051d64b08; 0 drivers
o0x7f0051d64b38 .functor BUFZ 16, C4<zzzzzzzzzzzzzzzz>; HiZ drive
v0x5633f8d65660_482 .net v0x5633f8d65660 482, 15 0, o0x7f0051d64b38; 0 drivers
o0x7f0051d64b68 .functor BUFZ 16, C4<zzzzzzzzzzzzzzzz>; HiZ drive
v0x5633f8d65660_483 .net v0x5633f8d65660 483, 15 0, o0x7f0051d64b68; 0 drivers
o0x7f0051d64b98 .functor BUFZ 16, C4<zzzzzzzzzzzzzzzz>; HiZ drive
v0x5633f8d65660_484 .net v0x5633f8d65660 484, 15 0, o0x7f0051d64b98; 0 drivers
o0x7f0051d64bc8 .functor BUFZ 16, C4<zzzzzzzzzzzzzzzz>; HiZ drive
v0x5633f8d65660_485 .net v0x5633f8d65660 485, 15 0, o0x7f0051d64bc8; 0 drivers
o0x7f0051d64bf8 .functor BUFZ 16, C4<zzzzzzzzzzzzzzzz>; HiZ drive
v0x5633f8d65660_486 .net v0x5633f8d65660 486, 15 0, o0x7f0051d64bf8; 0 drivers
o0x7f0051d64c28 .functor BUFZ 16, C4<zzzzzzzzzzzzzzzz>; HiZ drive
v0x5633f8d65660_487 .net v0x5633f8d65660 487, 15 0, o0x7f0051d64c28; 0 drivers
o0x7f0051d64c58 .functor BUFZ 16, C4<zzzzzzzzzzzzzzzz>; HiZ drive
v0x5633f8d65660_488 .net v0x5633f8d65660 488, 15 0, o0x7f0051d64c58; 0 drivers
o0x7f0051d64c88 .functor BUFZ 16, C4<zzzzzzzzzzzzzzzz>; HiZ drive
v0x5633f8d65660_489 .net v0x5633f8d65660 489, 15 0, o0x7f0051d64c88; 0 drivers
o0x7f0051d64cb8 .functor BUFZ 16, C4<zzzzzzzzzzzzzzzz>; HiZ drive
v0x5633f8d65660_490 .net v0x5633f8d65660 490, 15 0, o0x7f0051d64cb8; 0 drivers
o0x7f0051d64ce8 .functor BUFZ 16, C4<zzzzzzzzzzzzzzzz>; HiZ drive
v0x5633f8d65660_491 .net v0x5633f8d65660 491, 15 0, o0x7f0051d64ce8; 0 drivers
o0x7f0051d64d18 .functor BUFZ 16, C4<zzzzzzzzzzzzzzzz>; HiZ drive
v0x5633f8d65660_492 .net v0x5633f8d65660 492, 15 0, o0x7f0051d64d18; 0 drivers
o0x7f0051d64d48 .functor BUFZ 16, C4<zzzzzzzzzzzzzzzz>; HiZ drive
v0x5633f8d65660_493 .net v0x5633f8d65660 493, 15 0, o0x7f0051d64d48; 0 drivers
o0x7f0051d64d78 .functor BUFZ 16, C4<zzzzzzzzzzzzzzzz>; HiZ drive
v0x5633f8d65660_494 .net v0x5633f8d65660 494, 15 0, o0x7f0051d64d78; 0 drivers
o0x7f0051d64da8 .functor BUFZ 16, C4<zzzzzzzzzzzzzzzz>; HiZ drive
v0x5633f8d65660_495 .net v0x5633f8d65660 495, 15 0, o0x7f0051d64da8; 0 drivers
o0x7f0051d64dd8 .functor BUFZ 16, C4<zzzzzzzzzzzzzzzz>; HiZ drive
v0x5633f8d65660_496 .net v0x5633f8d65660 496, 15 0, o0x7f0051d64dd8; 0 drivers
o0x7f0051d64e08 .functor BUFZ 16, C4<zzzzzzzzzzzzzzzz>; HiZ drive
v0x5633f8d65660_497 .net v0x5633f8d65660 497, 15 0, o0x7f0051d64e08; 0 drivers
o0x7f0051d64e38 .functor BUFZ 16, C4<zzzzzzzzzzzzzzzz>; HiZ drive
v0x5633f8d65660_498 .net v0x5633f8d65660 498, 15 0, o0x7f0051d64e38; 0 drivers
o0x7f0051d64e68 .functor BUFZ 16, C4<zzzzzzzzzzzzzzzz>; HiZ drive
v0x5633f8d65660_499 .net v0x5633f8d65660 499, 15 0, o0x7f0051d64e68; 0 drivers
o0x7f0051d64e98 .functor BUFZ 16, C4<zzzzzzzzzzzzzzzz>; HiZ drive
v0x5633f8d65660_500 .net v0x5633f8d65660 500, 15 0, o0x7f0051d64e98; 0 drivers
o0x7f0051d64ec8 .functor BUFZ 16, C4<zzzzzzzzzzzzzzzz>; HiZ drive
v0x5633f8d65660_501 .net v0x5633f8d65660 501, 15 0, o0x7f0051d64ec8; 0 drivers
o0x7f0051d64ef8 .functor BUFZ 16, C4<zzzzzzzzzzzzzzzz>; HiZ drive
v0x5633f8d65660_502 .net v0x5633f8d65660 502, 15 0, o0x7f0051d64ef8; 0 drivers
o0x7f0051d64f28 .functor BUFZ 16, C4<zzzzzzzzzzzzzzzz>; HiZ drive
v0x5633f8d65660_503 .net v0x5633f8d65660 503, 15 0, o0x7f0051d64f28; 0 drivers
o0x7f0051d64f58 .functor BUFZ 16, C4<zzzzzzzzzzzzzzzz>; HiZ drive
v0x5633f8d65660_504 .net v0x5633f8d65660 504, 15 0, o0x7f0051d64f58; 0 drivers
o0x7f0051d64f88 .functor BUFZ 16, C4<zzzzzzzzzzzzzzzz>; HiZ drive
v0x5633f8d65660_505 .net v0x5633f8d65660 505, 15 0, o0x7f0051d64f88; 0 drivers
o0x7f0051d64fb8 .functor BUFZ 16, C4<zzzzzzzzzzzzzzzz>; HiZ drive
v0x5633f8d65660_506 .net v0x5633f8d65660 506, 15 0, o0x7f0051d64fb8; 0 drivers
o0x7f0051d64fe8 .functor BUFZ 16, C4<zzzzzzzzzzzzzzzz>; HiZ drive
v0x5633f8d65660_507 .net v0x5633f8d65660 507, 15 0, o0x7f0051d64fe8; 0 drivers
o0x7f0051d65018 .functor BUFZ 16, C4<zzzzzzzzzzzzzzzz>; HiZ drive
v0x5633f8d65660_508 .net v0x5633f8d65660 508, 15 0, o0x7f0051d65018; 0 drivers
o0x7f0051d65048 .functor BUFZ 16, C4<zzzzzzzzzzzzzzzz>; HiZ drive
v0x5633f8d65660_509 .net v0x5633f8d65660 509, 15 0, o0x7f0051d65048; 0 drivers
o0x7f0051d65078 .functor BUFZ 16, C4<zzzzzzzzzzzzzzzz>; HiZ drive
v0x5633f8d65660_510 .net v0x5633f8d65660 510, 15 0, o0x7f0051d65078; 0 drivers
o0x7f0051d650a8 .functor BUFZ 16, C4<zzzzzzzzzzzzzzzz>; HiZ drive
v0x5633f8d65660_511 .net v0x5633f8d65660 511, 15 0, o0x7f0051d650a8; 0 drivers
o0x7f0051d650d8 .functor BUFZ 1, C4<z>; HiZ drive
v0x5633f8d65700_0 .net "loop_valid", 0 0, o0x7f0051d650d8;  0 drivers
v0x5633f8db89d0 .array "mux_data", 511 0, 15 0;
v0x5633f8db8ae0_0 .var "mux_valid", 0 0;
o0x7f0051d65138 .functor BUFZ 1, C4<z>; HiZ drive
v0x5633f8db8ba0_0 .net "sel_external", 0 0, o0x7f0051d65138;  0 drivers
v0x5633f8db8c60 .array "tmp", 511 0, 15 0;
v0x5633f8db8c60_0 .array/port v0x5633f8db8c60, 0;
v0x5633f8db8c60_1 .array/port v0x5633f8db8c60, 1;
v0x5633f8db8c60_2 .array/port v0x5633f8db8c60, 2;
v0x5633f8db8c60_3 .array/port v0x5633f8db8c60, 3;
E_0x5633f8ce6fe0/0 .event edge, v0x5633f8db8c60_0, v0x5633f8db8c60_1, v0x5633f8db8c60_2, v0x5633f8db8c60_3;
v0x5633f8db8c60_4 .array/port v0x5633f8db8c60, 4;
v0x5633f8db8c60_5 .array/port v0x5633f8db8c60, 5;
v0x5633f8db8c60_6 .array/port v0x5633f8db8c60, 6;
v0x5633f8db8c60_7 .array/port v0x5633f8db8c60, 7;
E_0x5633f8ce6fe0/1 .event edge, v0x5633f8db8c60_4, v0x5633f8db8c60_5, v0x5633f8db8c60_6, v0x5633f8db8c60_7;
v0x5633f8db8c60_8 .array/port v0x5633f8db8c60, 8;
v0x5633f8db8c60_9 .array/port v0x5633f8db8c60, 9;
v0x5633f8db8c60_10 .array/port v0x5633f8db8c60, 10;
v0x5633f8db8c60_11 .array/port v0x5633f8db8c60, 11;
E_0x5633f8ce6fe0/2 .event edge, v0x5633f8db8c60_8, v0x5633f8db8c60_9, v0x5633f8db8c60_10, v0x5633f8db8c60_11;
v0x5633f8db8c60_12 .array/port v0x5633f8db8c60, 12;
v0x5633f8db8c60_13 .array/port v0x5633f8db8c60, 13;
v0x5633f8db8c60_14 .array/port v0x5633f8db8c60, 14;
v0x5633f8db8c60_15 .array/port v0x5633f8db8c60, 15;
E_0x5633f8ce6fe0/3 .event edge, v0x5633f8db8c60_12, v0x5633f8db8c60_13, v0x5633f8db8c60_14, v0x5633f8db8c60_15;
v0x5633f8db8c60_16 .array/port v0x5633f8db8c60, 16;
v0x5633f8db8c60_17 .array/port v0x5633f8db8c60, 17;
v0x5633f8db8c60_18 .array/port v0x5633f8db8c60, 18;
v0x5633f8db8c60_19 .array/port v0x5633f8db8c60, 19;
E_0x5633f8ce6fe0/4 .event edge, v0x5633f8db8c60_16, v0x5633f8db8c60_17, v0x5633f8db8c60_18, v0x5633f8db8c60_19;
v0x5633f8db8c60_20 .array/port v0x5633f8db8c60, 20;
v0x5633f8db8c60_21 .array/port v0x5633f8db8c60, 21;
v0x5633f8db8c60_22 .array/port v0x5633f8db8c60, 22;
v0x5633f8db8c60_23 .array/port v0x5633f8db8c60, 23;
E_0x5633f8ce6fe0/5 .event edge, v0x5633f8db8c60_20, v0x5633f8db8c60_21, v0x5633f8db8c60_22, v0x5633f8db8c60_23;
v0x5633f8db8c60_24 .array/port v0x5633f8db8c60, 24;
v0x5633f8db8c60_25 .array/port v0x5633f8db8c60, 25;
v0x5633f8db8c60_26 .array/port v0x5633f8db8c60, 26;
v0x5633f8db8c60_27 .array/port v0x5633f8db8c60, 27;
E_0x5633f8ce6fe0/6 .event edge, v0x5633f8db8c60_24, v0x5633f8db8c60_25, v0x5633f8db8c60_26, v0x5633f8db8c60_27;
v0x5633f8db8c60_28 .array/port v0x5633f8db8c60, 28;
v0x5633f8db8c60_29 .array/port v0x5633f8db8c60, 29;
v0x5633f8db8c60_30 .array/port v0x5633f8db8c60, 30;
v0x5633f8db8c60_31 .array/port v0x5633f8db8c60, 31;
E_0x5633f8ce6fe0/7 .event edge, v0x5633f8db8c60_28, v0x5633f8db8c60_29, v0x5633f8db8c60_30, v0x5633f8db8c60_31;
v0x5633f8db8c60_32 .array/port v0x5633f8db8c60, 32;
v0x5633f8db8c60_33 .array/port v0x5633f8db8c60, 33;
v0x5633f8db8c60_34 .array/port v0x5633f8db8c60, 34;
v0x5633f8db8c60_35 .array/port v0x5633f8db8c60, 35;
E_0x5633f8ce6fe0/8 .event edge, v0x5633f8db8c60_32, v0x5633f8db8c60_33, v0x5633f8db8c60_34, v0x5633f8db8c60_35;
v0x5633f8db8c60_36 .array/port v0x5633f8db8c60, 36;
v0x5633f8db8c60_37 .array/port v0x5633f8db8c60, 37;
v0x5633f8db8c60_38 .array/port v0x5633f8db8c60, 38;
v0x5633f8db8c60_39 .array/port v0x5633f8db8c60, 39;
E_0x5633f8ce6fe0/9 .event edge, v0x5633f8db8c60_36, v0x5633f8db8c60_37, v0x5633f8db8c60_38, v0x5633f8db8c60_39;
v0x5633f8db8c60_40 .array/port v0x5633f8db8c60, 40;
v0x5633f8db8c60_41 .array/port v0x5633f8db8c60, 41;
v0x5633f8db8c60_42 .array/port v0x5633f8db8c60, 42;
v0x5633f8db8c60_43 .array/port v0x5633f8db8c60, 43;
E_0x5633f8ce6fe0/10 .event edge, v0x5633f8db8c60_40, v0x5633f8db8c60_41, v0x5633f8db8c60_42, v0x5633f8db8c60_43;
v0x5633f8db8c60_44 .array/port v0x5633f8db8c60, 44;
v0x5633f8db8c60_45 .array/port v0x5633f8db8c60, 45;
v0x5633f8db8c60_46 .array/port v0x5633f8db8c60, 46;
v0x5633f8db8c60_47 .array/port v0x5633f8db8c60, 47;
E_0x5633f8ce6fe0/11 .event edge, v0x5633f8db8c60_44, v0x5633f8db8c60_45, v0x5633f8db8c60_46, v0x5633f8db8c60_47;
v0x5633f8db8c60_48 .array/port v0x5633f8db8c60, 48;
v0x5633f8db8c60_49 .array/port v0x5633f8db8c60, 49;
v0x5633f8db8c60_50 .array/port v0x5633f8db8c60, 50;
v0x5633f8db8c60_51 .array/port v0x5633f8db8c60, 51;
E_0x5633f8ce6fe0/12 .event edge, v0x5633f8db8c60_48, v0x5633f8db8c60_49, v0x5633f8db8c60_50, v0x5633f8db8c60_51;
v0x5633f8db8c60_52 .array/port v0x5633f8db8c60, 52;
v0x5633f8db8c60_53 .array/port v0x5633f8db8c60, 53;
v0x5633f8db8c60_54 .array/port v0x5633f8db8c60, 54;
v0x5633f8db8c60_55 .array/port v0x5633f8db8c60, 55;
E_0x5633f8ce6fe0/13 .event edge, v0x5633f8db8c60_52, v0x5633f8db8c60_53, v0x5633f8db8c60_54, v0x5633f8db8c60_55;
v0x5633f8db8c60_56 .array/port v0x5633f8db8c60, 56;
v0x5633f8db8c60_57 .array/port v0x5633f8db8c60, 57;
v0x5633f8db8c60_58 .array/port v0x5633f8db8c60, 58;
v0x5633f8db8c60_59 .array/port v0x5633f8db8c60, 59;
E_0x5633f8ce6fe0/14 .event edge, v0x5633f8db8c60_56, v0x5633f8db8c60_57, v0x5633f8db8c60_58, v0x5633f8db8c60_59;
v0x5633f8db8c60_60 .array/port v0x5633f8db8c60, 60;
v0x5633f8db8c60_61 .array/port v0x5633f8db8c60, 61;
v0x5633f8db8c60_62 .array/port v0x5633f8db8c60, 62;
v0x5633f8db8c60_63 .array/port v0x5633f8db8c60, 63;
E_0x5633f8ce6fe0/15 .event edge, v0x5633f8db8c60_60, v0x5633f8db8c60_61, v0x5633f8db8c60_62, v0x5633f8db8c60_63;
v0x5633f8db8c60_64 .array/port v0x5633f8db8c60, 64;
v0x5633f8db8c60_65 .array/port v0x5633f8db8c60, 65;
v0x5633f8db8c60_66 .array/port v0x5633f8db8c60, 66;
v0x5633f8db8c60_67 .array/port v0x5633f8db8c60, 67;
E_0x5633f8ce6fe0/16 .event edge, v0x5633f8db8c60_64, v0x5633f8db8c60_65, v0x5633f8db8c60_66, v0x5633f8db8c60_67;
v0x5633f8db8c60_68 .array/port v0x5633f8db8c60, 68;
v0x5633f8db8c60_69 .array/port v0x5633f8db8c60, 69;
v0x5633f8db8c60_70 .array/port v0x5633f8db8c60, 70;
v0x5633f8db8c60_71 .array/port v0x5633f8db8c60, 71;
E_0x5633f8ce6fe0/17 .event edge, v0x5633f8db8c60_68, v0x5633f8db8c60_69, v0x5633f8db8c60_70, v0x5633f8db8c60_71;
v0x5633f8db8c60_72 .array/port v0x5633f8db8c60, 72;
v0x5633f8db8c60_73 .array/port v0x5633f8db8c60, 73;
v0x5633f8db8c60_74 .array/port v0x5633f8db8c60, 74;
v0x5633f8db8c60_75 .array/port v0x5633f8db8c60, 75;
E_0x5633f8ce6fe0/18 .event edge, v0x5633f8db8c60_72, v0x5633f8db8c60_73, v0x5633f8db8c60_74, v0x5633f8db8c60_75;
v0x5633f8db8c60_76 .array/port v0x5633f8db8c60, 76;
v0x5633f8db8c60_77 .array/port v0x5633f8db8c60, 77;
v0x5633f8db8c60_78 .array/port v0x5633f8db8c60, 78;
v0x5633f8db8c60_79 .array/port v0x5633f8db8c60, 79;
E_0x5633f8ce6fe0/19 .event edge, v0x5633f8db8c60_76, v0x5633f8db8c60_77, v0x5633f8db8c60_78, v0x5633f8db8c60_79;
v0x5633f8db8c60_80 .array/port v0x5633f8db8c60, 80;
v0x5633f8db8c60_81 .array/port v0x5633f8db8c60, 81;
v0x5633f8db8c60_82 .array/port v0x5633f8db8c60, 82;
v0x5633f8db8c60_83 .array/port v0x5633f8db8c60, 83;
E_0x5633f8ce6fe0/20 .event edge, v0x5633f8db8c60_80, v0x5633f8db8c60_81, v0x5633f8db8c60_82, v0x5633f8db8c60_83;
v0x5633f8db8c60_84 .array/port v0x5633f8db8c60, 84;
v0x5633f8db8c60_85 .array/port v0x5633f8db8c60, 85;
v0x5633f8db8c60_86 .array/port v0x5633f8db8c60, 86;
v0x5633f8db8c60_87 .array/port v0x5633f8db8c60, 87;
E_0x5633f8ce6fe0/21 .event edge, v0x5633f8db8c60_84, v0x5633f8db8c60_85, v0x5633f8db8c60_86, v0x5633f8db8c60_87;
v0x5633f8db8c60_88 .array/port v0x5633f8db8c60, 88;
v0x5633f8db8c60_89 .array/port v0x5633f8db8c60, 89;
v0x5633f8db8c60_90 .array/port v0x5633f8db8c60, 90;
v0x5633f8db8c60_91 .array/port v0x5633f8db8c60, 91;
E_0x5633f8ce6fe0/22 .event edge, v0x5633f8db8c60_88, v0x5633f8db8c60_89, v0x5633f8db8c60_90, v0x5633f8db8c60_91;
v0x5633f8db8c60_92 .array/port v0x5633f8db8c60, 92;
v0x5633f8db8c60_93 .array/port v0x5633f8db8c60, 93;
v0x5633f8db8c60_94 .array/port v0x5633f8db8c60, 94;
v0x5633f8db8c60_95 .array/port v0x5633f8db8c60, 95;
E_0x5633f8ce6fe0/23 .event edge, v0x5633f8db8c60_92, v0x5633f8db8c60_93, v0x5633f8db8c60_94, v0x5633f8db8c60_95;
v0x5633f8db8c60_96 .array/port v0x5633f8db8c60, 96;
v0x5633f8db8c60_97 .array/port v0x5633f8db8c60, 97;
v0x5633f8db8c60_98 .array/port v0x5633f8db8c60, 98;
v0x5633f8db8c60_99 .array/port v0x5633f8db8c60, 99;
E_0x5633f8ce6fe0/24 .event edge, v0x5633f8db8c60_96, v0x5633f8db8c60_97, v0x5633f8db8c60_98, v0x5633f8db8c60_99;
v0x5633f8db8c60_100 .array/port v0x5633f8db8c60, 100;
v0x5633f8db8c60_101 .array/port v0x5633f8db8c60, 101;
v0x5633f8db8c60_102 .array/port v0x5633f8db8c60, 102;
v0x5633f8db8c60_103 .array/port v0x5633f8db8c60, 103;
E_0x5633f8ce6fe0/25 .event edge, v0x5633f8db8c60_100, v0x5633f8db8c60_101, v0x5633f8db8c60_102, v0x5633f8db8c60_103;
v0x5633f8db8c60_104 .array/port v0x5633f8db8c60, 104;
v0x5633f8db8c60_105 .array/port v0x5633f8db8c60, 105;
v0x5633f8db8c60_106 .array/port v0x5633f8db8c60, 106;
v0x5633f8db8c60_107 .array/port v0x5633f8db8c60, 107;
E_0x5633f8ce6fe0/26 .event edge, v0x5633f8db8c60_104, v0x5633f8db8c60_105, v0x5633f8db8c60_106, v0x5633f8db8c60_107;
v0x5633f8db8c60_108 .array/port v0x5633f8db8c60, 108;
v0x5633f8db8c60_109 .array/port v0x5633f8db8c60, 109;
v0x5633f8db8c60_110 .array/port v0x5633f8db8c60, 110;
v0x5633f8db8c60_111 .array/port v0x5633f8db8c60, 111;
E_0x5633f8ce6fe0/27 .event edge, v0x5633f8db8c60_108, v0x5633f8db8c60_109, v0x5633f8db8c60_110, v0x5633f8db8c60_111;
v0x5633f8db8c60_112 .array/port v0x5633f8db8c60, 112;
v0x5633f8db8c60_113 .array/port v0x5633f8db8c60, 113;
v0x5633f8db8c60_114 .array/port v0x5633f8db8c60, 114;
v0x5633f8db8c60_115 .array/port v0x5633f8db8c60, 115;
E_0x5633f8ce6fe0/28 .event edge, v0x5633f8db8c60_112, v0x5633f8db8c60_113, v0x5633f8db8c60_114, v0x5633f8db8c60_115;
v0x5633f8db8c60_116 .array/port v0x5633f8db8c60, 116;
v0x5633f8db8c60_117 .array/port v0x5633f8db8c60, 117;
v0x5633f8db8c60_118 .array/port v0x5633f8db8c60, 118;
v0x5633f8db8c60_119 .array/port v0x5633f8db8c60, 119;
E_0x5633f8ce6fe0/29 .event edge, v0x5633f8db8c60_116, v0x5633f8db8c60_117, v0x5633f8db8c60_118, v0x5633f8db8c60_119;
v0x5633f8db8c60_120 .array/port v0x5633f8db8c60, 120;
v0x5633f8db8c60_121 .array/port v0x5633f8db8c60, 121;
v0x5633f8db8c60_122 .array/port v0x5633f8db8c60, 122;
v0x5633f8db8c60_123 .array/port v0x5633f8db8c60, 123;
E_0x5633f8ce6fe0/30 .event edge, v0x5633f8db8c60_120, v0x5633f8db8c60_121, v0x5633f8db8c60_122, v0x5633f8db8c60_123;
v0x5633f8db8c60_124 .array/port v0x5633f8db8c60, 124;
v0x5633f8db8c60_125 .array/port v0x5633f8db8c60, 125;
v0x5633f8db8c60_126 .array/port v0x5633f8db8c60, 126;
v0x5633f8db8c60_127 .array/port v0x5633f8db8c60, 127;
E_0x5633f8ce6fe0/31 .event edge, v0x5633f8db8c60_124, v0x5633f8db8c60_125, v0x5633f8db8c60_126, v0x5633f8db8c60_127;
v0x5633f8db8c60_128 .array/port v0x5633f8db8c60, 128;
v0x5633f8db8c60_129 .array/port v0x5633f8db8c60, 129;
v0x5633f8db8c60_130 .array/port v0x5633f8db8c60, 130;
v0x5633f8db8c60_131 .array/port v0x5633f8db8c60, 131;
E_0x5633f8ce6fe0/32 .event edge, v0x5633f8db8c60_128, v0x5633f8db8c60_129, v0x5633f8db8c60_130, v0x5633f8db8c60_131;
v0x5633f8db8c60_132 .array/port v0x5633f8db8c60, 132;
v0x5633f8db8c60_133 .array/port v0x5633f8db8c60, 133;
v0x5633f8db8c60_134 .array/port v0x5633f8db8c60, 134;
v0x5633f8db8c60_135 .array/port v0x5633f8db8c60, 135;
E_0x5633f8ce6fe0/33 .event edge, v0x5633f8db8c60_132, v0x5633f8db8c60_133, v0x5633f8db8c60_134, v0x5633f8db8c60_135;
v0x5633f8db8c60_136 .array/port v0x5633f8db8c60, 136;
v0x5633f8db8c60_137 .array/port v0x5633f8db8c60, 137;
v0x5633f8db8c60_138 .array/port v0x5633f8db8c60, 138;
v0x5633f8db8c60_139 .array/port v0x5633f8db8c60, 139;
E_0x5633f8ce6fe0/34 .event edge, v0x5633f8db8c60_136, v0x5633f8db8c60_137, v0x5633f8db8c60_138, v0x5633f8db8c60_139;
v0x5633f8db8c60_140 .array/port v0x5633f8db8c60, 140;
v0x5633f8db8c60_141 .array/port v0x5633f8db8c60, 141;
v0x5633f8db8c60_142 .array/port v0x5633f8db8c60, 142;
v0x5633f8db8c60_143 .array/port v0x5633f8db8c60, 143;
E_0x5633f8ce6fe0/35 .event edge, v0x5633f8db8c60_140, v0x5633f8db8c60_141, v0x5633f8db8c60_142, v0x5633f8db8c60_143;
v0x5633f8db8c60_144 .array/port v0x5633f8db8c60, 144;
v0x5633f8db8c60_145 .array/port v0x5633f8db8c60, 145;
v0x5633f8db8c60_146 .array/port v0x5633f8db8c60, 146;
v0x5633f8db8c60_147 .array/port v0x5633f8db8c60, 147;
E_0x5633f8ce6fe0/36 .event edge, v0x5633f8db8c60_144, v0x5633f8db8c60_145, v0x5633f8db8c60_146, v0x5633f8db8c60_147;
v0x5633f8db8c60_148 .array/port v0x5633f8db8c60, 148;
v0x5633f8db8c60_149 .array/port v0x5633f8db8c60, 149;
v0x5633f8db8c60_150 .array/port v0x5633f8db8c60, 150;
v0x5633f8db8c60_151 .array/port v0x5633f8db8c60, 151;
E_0x5633f8ce6fe0/37 .event edge, v0x5633f8db8c60_148, v0x5633f8db8c60_149, v0x5633f8db8c60_150, v0x5633f8db8c60_151;
v0x5633f8db8c60_152 .array/port v0x5633f8db8c60, 152;
v0x5633f8db8c60_153 .array/port v0x5633f8db8c60, 153;
v0x5633f8db8c60_154 .array/port v0x5633f8db8c60, 154;
v0x5633f8db8c60_155 .array/port v0x5633f8db8c60, 155;
E_0x5633f8ce6fe0/38 .event edge, v0x5633f8db8c60_152, v0x5633f8db8c60_153, v0x5633f8db8c60_154, v0x5633f8db8c60_155;
v0x5633f8db8c60_156 .array/port v0x5633f8db8c60, 156;
v0x5633f8db8c60_157 .array/port v0x5633f8db8c60, 157;
v0x5633f8db8c60_158 .array/port v0x5633f8db8c60, 158;
v0x5633f8db8c60_159 .array/port v0x5633f8db8c60, 159;
E_0x5633f8ce6fe0/39 .event edge, v0x5633f8db8c60_156, v0x5633f8db8c60_157, v0x5633f8db8c60_158, v0x5633f8db8c60_159;
v0x5633f8db8c60_160 .array/port v0x5633f8db8c60, 160;
v0x5633f8db8c60_161 .array/port v0x5633f8db8c60, 161;
v0x5633f8db8c60_162 .array/port v0x5633f8db8c60, 162;
v0x5633f8db8c60_163 .array/port v0x5633f8db8c60, 163;
E_0x5633f8ce6fe0/40 .event edge, v0x5633f8db8c60_160, v0x5633f8db8c60_161, v0x5633f8db8c60_162, v0x5633f8db8c60_163;
v0x5633f8db8c60_164 .array/port v0x5633f8db8c60, 164;
v0x5633f8db8c60_165 .array/port v0x5633f8db8c60, 165;
v0x5633f8db8c60_166 .array/port v0x5633f8db8c60, 166;
v0x5633f8db8c60_167 .array/port v0x5633f8db8c60, 167;
E_0x5633f8ce6fe0/41 .event edge, v0x5633f8db8c60_164, v0x5633f8db8c60_165, v0x5633f8db8c60_166, v0x5633f8db8c60_167;
v0x5633f8db8c60_168 .array/port v0x5633f8db8c60, 168;
v0x5633f8db8c60_169 .array/port v0x5633f8db8c60, 169;
v0x5633f8db8c60_170 .array/port v0x5633f8db8c60, 170;
v0x5633f8db8c60_171 .array/port v0x5633f8db8c60, 171;
E_0x5633f8ce6fe0/42 .event edge, v0x5633f8db8c60_168, v0x5633f8db8c60_169, v0x5633f8db8c60_170, v0x5633f8db8c60_171;
v0x5633f8db8c60_172 .array/port v0x5633f8db8c60, 172;
v0x5633f8db8c60_173 .array/port v0x5633f8db8c60, 173;
v0x5633f8db8c60_174 .array/port v0x5633f8db8c60, 174;
v0x5633f8db8c60_175 .array/port v0x5633f8db8c60, 175;
E_0x5633f8ce6fe0/43 .event edge, v0x5633f8db8c60_172, v0x5633f8db8c60_173, v0x5633f8db8c60_174, v0x5633f8db8c60_175;
v0x5633f8db8c60_176 .array/port v0x5633f8db8c60, 176;
v0x5633f8db8c60_177 .array/port v0x5633f8db8c60, 177;
v0x5633f8db8c60_178 .array/port v0x5633f8db8c60, 178;
v0x5633f8db8c60_179 .array/port v0x5633f8db8c60, 179;
E_0x5633f8ce6fe0/44 .event edge, v0x5633f8db8c60_176, v0x5633f8db8c60_177, v0x5633f8db8c60_178, v0x5633f8db8c60_179;
v0x5633f8db8c60_180 .array/port v0x5633f8db8c60, 180;
v0x5633f8db8c60_181 .array/port v0x5633f8db8c60, 181;
v0x5633f8db8c60_182 .array/port v0x5633f8db8c60, 182;
v0x5633f8db8c60_183 .array/port v0x5633f8db8c60, 183;
E_0x5633f8ce6fe0/45 .event edge, v0x5633f8db8c60_180, v0x5633f8db8c60_181, v0x5633f8db8c60_182, v0x5633f8db8c60_183;
v0x5633f8db8c60_184 .array/port v0x5633f8db8c60, 184;
v0x5633f8db8c60_185 .array/port v0x5633f8db8c60, 185;
v0x5633f8db8c60_186 .array/port v0x5633f8db8c60, 186;
v0x5633f8db8c60_187 .array/port v0x5633f8db8c60, 187;
E_0x5633f8ce6fe0/46 .event edge, v0x5633f8db8c60_184, v0x5633f8db8c60_185, v0x5633f8db8c60_186, v0x5633f8db8c60_187;
v0x5633f8db8c60_188 .array/port v0x5633f8db8c60, 188;
v0x5633f8db8c60_189 .array/port v0x5633f8db8c60, 189;
v0x5633f8db8c60_190 .array/port v0x5633f8db8c60, 190;
v0x5633f8db8c60_191 .array/port v0x5633f8db8c60, 191;
E_0x5633f8ce6fe0/47 .event edge, v0x5633f8db8c60_188, v0x5633f8db8c60_189, v0x5633f8db8c60_190, v0x5633f8db8c60_191;
v0x5633f8db8c60_192 .array/port v0x5633f8db8c60, 192;
v0x5633f8db8c60_193 .array/port v0x5633f8db8c60, 193;
v0x5633f8db8c60_194 .array/port v0x5633f8db8c60, 194;
v0x5633f8db8c60_195 .array/port v0x5633f8db8c60, 195;
E_0x5633f8ce6fe0/48 .event edge, v0x5633f8db8c60_192, v0x5633f8db8c60_193, v0x5633f8db8c60_194, v0x5633f8db8c60_195;
v0x5633f8db8c60_196 .array/port v0x5633f8db8c60, 196;
v0x5633f8db8c60_197 .array/port v0x5633f8db8c60, 197;
v0x5633f8db8c60_198 .array/port v0x5633f8db8c60, 198;
v0x5633f8db8c60_199 .array/port v0x5633f8db8c60, 199;
E_0x5633f8ce6fe0/49 .event edge, v0x5633f8db8c60_196, v0x5633f8db8c60_197, v0x5633f8db8c60_198, v0x5633f8db8c60_199;
v0x5633f8db8c60_200 .array/port v0x5633f8db8c60, 200;
v0x5633f8db8c60_201 .array/port v0x5633f8db8c60, 201;
v0x5633f8db8c60_202 .array/port v0x5633f8db8c60, 202;
v0x5633f8db8c60_203 .array/port v0x5633f8db8c60, 203;
E_0x5633f8ce6fe0/50 .event edge, v0x5633f8db8c60_200, v0x5633f8db8c60_201, v0x5633f8db8c60_202, v0x5633f8db8c60_203;
v0x5633f8db8c60_204 .array/port v0x5633f8db8c60, 204;
v0x5633f8db8c60_205 .array/port v0x5633f8db8c60, 205;
v0x5633f8db8c60_206 .array/port v0x5633f8db8c60, 206;
v0x5633f8db8c60_207 .array/port v0x5633f8db8c60, 207;
E_0x5633f8ce6fe0/51 .event edge, v0x5633f8db8c60_204, v0x5633f8db8c60_205, v0x5633f8db8c60_206, v0x5633f8db8c60_207;
v0x5633f8db8c60_208 .array/port v0x5633f8db8c60, 208;
v0x5633f8db8c60_209 .array/port v0x5633f8db8c60, 209;
v0x5633f8db8c60_210 .array/port v0x5633f8db8c60, 210;
v0x5633f8db8c60_211 .array/port v0x5633f8db8c60, 211;
E_0x5633f8ce6fe0/52 .event edge, v0x5633f8db8c60_208, v0x5633f8db8c60_209, v0x5633f8db8c60_210, v0x5633f8db8c60_211;
v0x5633f8db8c60_212 .array/port v0x5633f8db8c60, 212;
v0x5633f8db8c60_213 .array/port v0x5633f8db8c60, 213;
v0x5633f8db8c60_214 .array/port v0x5633f8db8c60, 214;
v0x5633f8db8c60_215 .array/port v0x5633f8db8c60, 215;
E_0x5633f8ce6fe0/53 .event edge, v0x5633f8db8c60_212, v0x5633f8db8c60_213, v0x5633f8db8c60_214, v0x5633f8db8c60_215;
v0x5633f8db8c60_216 .array/port v0x5633f8db8c60, 216;
v0x5633f8db8c60_217 .array/port v0x5633f8db8c60, 217;
v0x5633f8db8c60_218 .array/port v0x5633f8db8c60, 218;
v0x5633f8db8c60_219 .array/port v0x5633f8db8c60, 219;
E_0x5633f8ce6fe0/54 .event edge, v0x5633f8db8c60_216, v0x5633f8db8c60_217, v0x5633f8db8c60_218, v0x5633f8db8c60_219;
v0x5633f8db8c60_220 .array/port v0x5633f8db8c60, 220;
v0x5633f8db8c60_221 .array/port v0x5633f8db8c60, 221;
v0x5633f8db8c60_222 .array/port v0x5633f8db8c60, 222;
v0x5633f8db8c60_223 .array/port v0x5633f8db8c60, 223;
E_0x5633f8ce6fe0/55 .event edge, v0x5633f8db8c60_220, v0x5633f8db8c60_221, v0x5633f8db8c60_222, v0x5633f8db8c60_223;
v0x5633f8db8c60_224 .array/port v0x5633f8db8c60, 224;
v0x5633f8db8c60_225 .array/port v0x5633f8db8c60, 225;
v0x5633f8db8c60_226 .array/port v0x5633f8db8c60, 226;
v0x5633f8db8c60_227 .array/port v0x5633f8db8c60, 227;
E_0x5633f8ce6fe0/56 .event edge, v0x5633f8db8c60_224, v0x5633f8db8c60_225, v0x5633f8db8c60_226, v0x5633f8db8c60_227;
v0x5633f8db8c60_228 .array/port v0x5633f8db8c60, 228;
v0x5633f8db8c60_229 .array/port v0x5633f8db8c60, 229;
v0x5633f8db8c60_230 .array/port v0x5633f8db8c60, 230;
v0x5633f8db8c60_231 .array/port v0x5633f8db8c60, 231;
E_0x5633f8ce6fe0/57 .event edge, v0x5633f8db8c60_228, v0x5633f8db8c60_229, v0x5633f8db8c60_230, v0x5633f8db8c60_231;
v0x5633f8db8c60_232 .array/port v0x5633f8db8c60, 232;
v0x5633f8db8c60_233 .array/port v0x5633f8db8c60, 233;
v0x5633f8db8c60_234 .array/port v0x5633f8db8c60, 234;
v0x5633f8db8c60_235 .array/port v0x5633f8db8c60, 235;
E_0x5633f8ce6fe0/58 .event edge, v0x5633f8db8c60_232, v0x5633f8db8c60_233, v0x5633f8db8c60_234, v0x5633f8db8c60_235;
v0x5633f8db8c60_236 .array/port v0x5633f8db8c60, 236;
v0x5633f8db8c60_237 .array/port v0x5633f8db8c60, 237;
v0x5633f8db8c60_238 .array/port v0x5633f8db8c60, 238;
v0x5633f8db8c60_239 .array/port v0x5633f8db8c60, 239;
E_0x5633f8ce6fe0/59 .event edge, v0x5633f8db8c60_236, v0x5633f8db8c60_237, v0x5633f8db8c60_238, v0x5633f8db8c60_239;
v0x5633f8db8c60_240 .array/port v0x5633f8db8c60, 240;
v0x5633f8db8c60_241 .array/port v0x5633f8db8c60, 241;
v0x5633f8db8c60_242 .array/port v0x5633f8db8c60, 242;
v0x5633f8db8c60_243 .array/port v0x5633f8db8c60, 243;
E_0x5633f8ce6fe0/60 .event edge, v0x5633f8db8c60_240, v0x5633f8db8c60_241, v0x5633f8db8c60_242, v0x5633f8db8c60_243;
v0x5633f8db8c60_244 .array/port v0x5633f8db8c60, 244;
v0x5633f8db8c60_245 .array/port v0x5633f8db8c60, 245;
v0x5633f8db8c60_246 .array/port v0x5633f8db8c60, 246;
v0x5633f8db8c60_247 .array/port v0x5633f8db8c60, 247;
E_0x5633f8ce6fe0/61 .event edge, v0x5633f8db8c60_244, v0x5633f8db8c60_245, v0x5633f8db8c60_246, v0x5633f8db8c60_247;
v0x5633f8db8c60_248 .array/port v0x5633f8db8c60, 248;
v0x5633f8db8c60_249 .array/port v0x5633f8db8c60, 249;
v0x5633f8db8c60_250 .array/port v0x5633f8db8c60, 250;
v0x5633f8db8c60_251 .array/port v0x5633f8db8c60, 251;
E_0x5633f8ce6fe0/62 .event edge, v0x5633f8db8c60_248, v0x5633f8db8c60_249, v0x5633f8db8c60_250, v0x5633f8db8c60_251;
v0x5633f8db8c60_252 .array/port v0x5633f8db8c60, 252;
v0x5633f8db8c60_253 .array/port v0x5633f8db8c60, 253;
v0x5633f8db8c60_254 .array/port v0x5633f8db8c60, 254;
v0x5633f8db8c60_255 .array/port v0x5633f8db8c60, 255;
E_0x5633f8ce6fe0/63 .event edge, v0x5633f8db8c60_252, v0x5633f8db8c60_253, v0x5633f8db8c60_254, v0x5633f8db8c60_255;
v0x5633f8db8c60_256 .array/port v0x5633f8db8c60, 256;
v0x5633f8db8c60_257 .array/port v0x5633f8db8c60, 257;
v0x5633f8db8c60_258 .array/port v0x5633f8db8c60, 258;
v0x5633f8db8c60_259 .array/port v0x5633f8db8c60, 259;
E_0x5633f8ce6fe0/64 .event edge, v0x5633f8db8c60_256, v0x5633f8db8c60_257, v0x5633f8db8c60_258, v0x5633f8db8c60_259;
v0x5633f8db8c60_260 .array/port v0x5633f8db8c60, 260;
v0x5633f8db8c60_261 .array/port v0x5633f8db8c60, 261;
v0x5633f8db8c60_262 .array/port v0x5633f8db8c60, 262;
v0x5633f8db8c60_263 .array/port v0x5633f8db8c60, 263;
E_0x5633f8ce6fe0/65 .event edge, v0x5633f8db8c60_260, v0x5633f8db8c60_261, v0x5633f8db8c60_262, v0x5633f8db8c60_263;
v0x5633f8db8c60_264 .array/port v0x5633f8db8c60, 264;
v0x5633f8db8c60_265 .array/port v0x5633f8db8c60, 265;
v0x5633f8db8c60_266 .array/port v0x5633f8db8c60, 266;
v0x5633f8db8c60_267 .array/port v0x5633f8db8c60, 267;
E_0x5633f8ce6fe0/66 .event edge, v0x5633f8db8c60_264, v0x5633f8db8c60_265, v0x5633f8db8c60_266, v0x5633f8db8c60_267;
v0x5633f8db8c60_268 .array/port v0x5633f8db8c60, 268;
v0x5633f8db8c60_269 .array/port v0x5633f8db8c60, 269;
v0x5633f8db8c60_270 .array/port v0x5633f8db8c60, 270;
v0x5633f8db8c60_271 .array/port v0x5633f8db8c60, 271;
E_0x5633f8ce6fe0/67 .event edge, v0x5633f8db8c60_268, v0x5633f8db8c60_269, v0x5633f8db8c60_270, v0x5633f8db8c60_271;
v0x5633f8db8c60_272 .array/port v0x5633f8db8c60, 272;
v0x5633f8db8c60_273 .array/port v0x5633f8db8c60, 273;
v0x5633f8db8c60_274 .array/port v0x5633f8db8c60, 274;
v0x5633f8db8c60_275 .array/port v0x5633f8db8c60, 275;
E_0x5633f8ce6fe0/68 .event edge, v0x5633f8db8c60_272, v0x5633f8db8c60_273, v0x5633f8db8c60_274, v0x5633f8db8c60_275;
v0x5633f8db8c60_276 .array/port v0x5633f8db8c60, 276;
v0x5633f8db8c60_277 .array/port v0x5633f8db8c60, 277;
v0x5633f8db8c60_278 .array/port v0x5633f8db8c60, 278;
v0x5633f8db8c60_279 .array/port v0x5633f8db8c60, 279;
E_0x5633f8ce6fe0/69 .event edge, v0x5633f8db8c60_276, v0x5633f8db8c60_277, v0x5633f8db8c60_278, v0x5633f8db8c60_279;
v0x5633f8db8c60_280 .array/port v0x5633f8db8c60, 280;
v0x5633f8db8c60_281 .array/port v0x5633f8db8c60, 281;
v0x5633f8db8c60_282 .array/port v0x5633f8db8c60, 282;
v0x5633f8db8c60_283 .array/port v0x5633f8db8c60, 283;
E_0x5633f8ce6fe0/70 .event edge, v0x5633f8db8c60_280, v0x5633f8db8c60_281, v0x5633f8db8c60_282, v0x5633f8db8c60_283;
v0x5633f8db8c60_284 .array/port v0x5633f8db8c60, 284;
v0x5633f8db8c60_285 .array/port v0x5633f8db8c60, 285;
v0x5633f8db8c60_286 .array/port v0x5633f8db8c60, 286;
v0x5633f8db8c60_287 .array/port v0x5633f8db8c60, 287;
E_0x5633f8ce6fe0/71 .event edge, v0x5633f8db8c60_284, v0x5633f8db8c60_285, v0x5633f8db8c60_286, v0x5633f8db8c60_287;
v0x5633f8db8c60_288 .array/port v0x5633f8db8c60, 288;
v0x5633f8db8c60_289 .array/port v0x5633f8db8c60, 289;
v0x5633f8db8c60_290 .array/port v0x5633f8db8c60, 290;
v0x5633f8db8c60_291 .array/port v0x5633f8db8c60, 291;
E_0x5633f8ce6fe0/72 .event edge, v0x5633f8db8c60_288, v0x5633f8db8c60_289, v0x5633f8db8c60_290, v0x5633f8db8c60_291;
v0x5633f8db8c60_292 .array/port v0x5633f8db8c60, 292;
v0x5633f8db8c60_293 .array/port v0x5633f8db8c60, 293;
v0x5633f8db8c60_294 .array/port v0x5633f8db8c60, 294;
v0x5633f8db8c60_295 .array/port v0x5633f8db8c60, 295;
E_0x5633f8ce6fe0/73 .event edge, v0x5633f8db8c60_292, v0x5633f8db8c60_293, v0x5633f8db8c60_294, v0x5633f8db8c60_295;
v0x5633f8db8c60_296 .array/port v0x5633f8db8c60, 296;
v0x5633f8db8c60_297 .array/port v0x5633f8db8c60, 297;
v0x5633f8db8c60_298 .array/port v0x5633f8db8c60, 298;
v0x5633f8db8c60_299 .array/port v0x5633f8db8c60, 299;
E_0x5633f8ce6fe0/74 .event edge, v0x5633f8db8c60_296, v0x5633f8db8c60_297, v0x5633f8db8c60_298, v0x5633f8db8c60_299;
v0x5633f8db8c60_300 .array/port v0x5633f8db8c60, 300;
v0x5633f8db8c60_301 .array/port v0x5633f8db8c60, 301;
v0x5633f8db8c60_302 .array/port v0x5633f8db8c60, 302;
v0x5633f8db8c60_303 .array/port v0x5633f8db8c60, 303;
E_0x5633f8ce6fe0/75 .event edge, v0x5633f8db8c60_300, v0x5633f8db8c60_301, v0x5633f8db8c60_302, v0x5633f8db8c60_303;
v0x5633f8db8c60_304 .array/port v0x5633f8db8c60, 304;
v0x5633f8db8c60_305 .array/port v0x5633f8db8c60, 305;
v0x5633f8db8c60_306 .array/port v0x5633f8db8c60, 306;
v0x5633f8db8c60_307 .array/port v0x5633f8db8c60, 307;
E_0x5633f8ce6fe0/76 .event edge, v0x5633f8db8c60_304, v0x5633f8db8c60_305, v0x5633f8db8c60_306, v0x5633f8db8c60_307;
v0x5633f8db8c60_308 .array/port v0x5633f8db8c60, 308;
v0x5633f8db8c60_309 .array/port v0x5633f8db8c60, 309;
v0x5633f8db8c60_310 .array/port v0x5633f8db8c60, 310;
v0x5633f8db8c60_311 .array/port v0x5633f8db8c60, 311;
E_0x5633f8ce6fe0/77 .event edge, v0x5633f8db8c60_308, v0x5633f8db8c60_309, v0x5633f8db8c60_310, v0x5633f8db8c60_311;
v0x5633f8db8c60_312 .array/port v0x5633f8db8c60, 312;
v0x5633f8db8c60_313 .array/port v0x5633f8db8c60, 313;
v0x5633f8db8c60_314 .array/port v0x5633f8db8c60, 314;
v0x5633f8db8c60_315 .array/port v0x5633f8db8c60, 315;
E_0x5633f8ce6fe0/78 .event edge, v0x5633f8db8c60_312, v0x5633f8db8c60_313, v0x5633f8db8c60_314, v0x5633f8db8c60_315;
v0x5633f8db8c60_316 .array/port v0x5633f8db8c60, 316;
v0x5633f8db8c60_317 .array/port v0x5633f8db8c60, 317;
v0x5633f8db8c60_318 .array/port v0x5633f8db8c60, 318;
v0x5633f8db8c60_319 .array/port v0x5633f8db8c60, 319;
E_0x5633f8ce6fe0/79 .event edge, v0x5633f8db8c60_316, v0x5633f8db8c60_317, v0x5633f8db8c60_318, v0x5633f8db8c60_319;
v0x5633f8db8c60_320 .array/port v0x5633f8db8c60, 320;
v0x5633f8db8c60_321 .array/port v0x5633f8db8c60, 321;
v0x5633f8db8c60_322 .array/port v0x5633f8db8c60, 322;
v0x5633f8db8c60_323 .array/port v0x5633f8db8c60, 323;
E_0x5633f8ce6fe0/80 .event edge, v0x5633f8db8c60_320, v0x5633f8db8c60_321, v0x5633f8db8c60_322, v0x5633f8db8c60_323;
v0x5633f8db8c60_324 .array/port v0x5633f8db8c60, 324;
v0x5633f8db8c60_325 .array/port v0x5633f8db8c60, 325;
v0x5633f8db8c60_326 .array/port v0x5633f8db8c60, 326;
v0x5633f8db8c60_327 .array/port v0x5633f8db8c60, 327;
E_0x5633f8ce6fe0/81 .event edge, v0x5633f8db8c60_324, v0x5633f8db8c60_325, v0x5633f8db8c60_326, v0x5633f8db8c60_327;
v0x5633f8db8c60_328 .array/port v0x5633f8db8c60, 328;
v0x5633f8db8c60_329 .array/port v0x5633f8db8c60, 329;
v0x5633f8db8c60_330 .array/port v0x5633f8db8c60, 330;
v0x5633f8db8c60_331 .array/port v0x5633f8db8c60, 331;
E_0x5633f8ce6fe0/82 .event edge, v0x5633f8db8c60_328, v0x5633f8db8c60_329, v0x5633f8db8c60_330, v0x5633f8db8c60_331;
v0x5633f8db8c60_332 .array/port v0x5633f8db8c60, 332;
v0x5633f8db8c60_333 .array/port v0x5633f8db8c60, 333;
v0x5633f8db8c60_334 .array/port v0x5633f8db8c60, 334;
v0x5633f8db8c60_335 .array/port v0x5633f8db8c60, 335;
E_0x5633f8ce6fe0/83 .event edge, v0x5633f8db8c60_332, v0x5633f8db8c60_333, v0x5633f8db8c60_334, v0x5633f8db8c60_335;
v0x5633f8db8c60_336 .array/port v0x5633f8db8c60, 336;
v0x5633f8db8c60_337 .array/port v0x5633f8db8c60, 337;
v0x5633f8db8c60_338 .array/port v0x5633f8db8c60, 338;
v0x5633f8db8c60_339 .array/port v0x5633f8db8c60, 339;
E_0x5633f8ce6fe0/84 .event edge, v0x5633f8db8c60_336, v0x5633f8db8c60_337, v0x5633f8db8c60_338, v0x5633f8db8c60_339;
v0x5633f8db8c60_340 .array/port v0x5633f8db8c60, 340;
v0x5633f8db8c60_341 .array/port v0x5633f8db8c60, 341;
v0x5633f8db8c60_342 .array/port v0x5633f8db8c60, 342;
v0x5633f8db8c60_343 .array/port v0x5633f8db8c60, 343;
E_0x5633f8ce6fe0/85 .event edge, v0x5633f8db8c60_340, v0x5633f8db8c60_341, v0x5633f8db8c60_342, v0x5633f8db8c60_343;
v0x5633f8db8c60_344 .array/port v0x5633f8db8c60, 344;
v0x5633f8db8c60_345 .array/port v0x5633f8db8c60, 345;
v0x5633f8db8c60_346 .array/port v0x5633f8db8c60, 346;
v0x5633f8db8c60_347 .array/port v0x5633f8db8c60, 347;
E_0x5633f8ce6fe0/86 .event edge, v0x5633f8db8c60_344, v0x5633f8db8c60_345, v0x5633f8db8c60_346, v0x5633f8db8c60_347;
v0x5633f8db8c60_348 .array/port v0x5633f8db8c60, 348;
v0x5633f8db8c60_349 .array/port v0x5633f8db8c60, 349;
v0x5633f8db8c60_350 .array/port v0x5633f8db8c60, 350;
v0x5633f8db8c60_351 .array/port v0x5633f8db8c60, 351;
E_0x5633f8ce6fe0/87 .event edge, v0x5633f8db8c60_348, v0x5633f8db8c60_349, v0x5633f8db8c60_350, v0x5633f8db8c60_351;
v0x5633f8db8c60_352 .array/port v0x5633f8db8c60, 352;
v0x5633f8db8c60_353 .array/port v0x5633f8db8c60, 353;
v0x5633f8db8c60_354 .array/port v0x5633f8db8c60, 354;
v0x5633f8db8c60_355 .array/port v0x5633f8db8c60, 355;
E_0x5633f8ce6fe0/88 .event edge, v0x5633f8db8c60_352, v0x5633f8db8c60_353, v0x5633f8db8c60_354, v0x5633f8db8c60_355;
v0x5633f8db8c60_356 .array/port v0x5633f8db8c60, 356;
v0x5633f8db8c60_357 .array/port v0x5633f8db8c60, 357;
v0x5633f8db8c60_358 .array/port v0x5633f8db8c60, 358;
v0x5633f8db8c60_359 .array/port v0x5633f8db8c60, 359;
E_0x5633f8ce6fe0/89 .event edge, v0x5633f8db8c60_356, v0x5633f8db8c60_357, v0x5633f8db8c60_358, v0x5633f8db8c60_359;
v0x5633f8db8c60_360 .array/port v0x5633f8db8c60, 360;
v0x5633f8db8c60_361 .array/port v0x5633f8db8c60, 361;
v0x5633f8db8c60_362 .array/port v0x5633f8db8c60, 362;
v0x5633f8db8c60_363 .array/port v0x5633f8db8c60, 363;
E_0x5633f8ce6fe0/90 .event edge, v0x5633f8db8c60_360, v0x5633f8db8c60_361, v0x5633f8db8c60_362, v0x5633f8db8c60_363;
v0x5633f8db8c60_364 .array/port v0x5633f8db8c60, 364;
v0x5633f8db8c60_365 .array/port v0x5633f8db8c60, 365;
v0x5633f8db8c60_366 .array/port v0x5633f8db8c60, 366;
v0x5633f8db8c60_367 .array/port v0x5633f8db8c60, 367;
E_0x5633f8ce6fe0/91 .event edge, v0x5633f8db8c60_364, v0x5633f8db8c60_365, v0x5633f8db8c60_366, v0x5633f8db8c60_367;
v0x5633f8db8c60_368 .array/port v0x5633f8db8c60, 368;
v0x5633f8db8c60_369 .array/port v0x5633f8db8c60, 369;
v0x5633f8db8c60_370 .array/port v0x5633f8db8c60, 370;
v0x5633f8db8c60_371 .array/port v0x5633f8db8c60, 371;
E_0x5633f8ce6fe0/92 .event edge, v0x5633f8db8c60_368, v0x5633f8db8c60_369, v0x5633f8db8c60_370, v0x5633f8db8c60_371;
v0x5633f8db8c60_372 .array/port v0x5633f8db8c60, 372;
v0x5633f8db8c60_373 .array/port v0x5633f8db8c60, 373;
v0x5633f8db8c60_374 .array/port v0x5633f8db8c60, 374;
v0x5633f8db8c60_375 .array/port v0x5633f8db8c60, 375;
E_0x5633f8ce6fe0/93 .event edge, v0x5633f8db8c60_372, v0x5633f8db8c60_373, v0x5633f8db8c60_374, v0x5633f8db8c60_375;
v0x5633f8db8c60_376 .array/port v0x5633f8db8c60, 376;
v0x5633f8db8c60_377 .array/port v0x5633f8db8c60, 377;
v0x5633f8db8c60_378 .array/port v0x5633f8db8c60, 378;
v0x5633f8db8c60_379 .array/port v0x5633f8db8c60, 379;
E_0x5633f8ce6fe0/94 .event edge, v0x5633f8db8c60_376, v0x5633f8db8c60_377, v0x5633f8db8c60_378, v0x5633f8db8c60_379;
v0x5633f8db8c60_380 .array/port v0x5633f8db8c60, 380;
v0x5633f8db8c60_381 .array/port v0x5633f8db8c60, 381;
v0x5633f8db8c60_382 .array/port v0x5633f8db8c60, 382;
v0x5633f8db8c60_383 .array/port v0x5633f8db8c60, 383;
E_0x5633f8ce6fe0/95 .event edge, v0x5633f8db8c60_380, v0x5633f8db8c60_381, v0x5633f8db8c60_382, v0x5633f8db8c60_383;
v0x5633f8db8c60_384 .array/port v0x5633f8db8c60, 384;
v0x5633f8db8c60_385 .array/port v0x5633f8db8c60, 385;
v0x5633f8db8c60_386 .array/port v0x5633f8db8c60, 386;
v0x5633f8db8c60_387 .array/port v0x5633f8db8c60, 387;
E_0x5633f8ce6fe0/96 .event edge, v0x5633f8db8c60_384, v0x5633f8db8c60_385, v0x5633f8db8c60_386, v0x5633f8db8c60_387;
v0x5633f8db8c60_388 .array/port v0x5633f8db8c60, 388;
v0x5633f8db8c60_389 .array/port v0x5633f8db8c60, 389;
v0x5633f8db8c60_390 .array/port v0x5633f8db8c60, 390;
v0x5633f8db8c60_391 .array/port v0x5633f8db8c60, 391;
E_0x5633f8ce6fe0/97 .event edge, v0x5633f8db8c60_388, v0x5633f8db8c60_389, v0x5633f8db8c60_390, v0x5633f8db8c60_391;
v0x5633f8db8c60_392 .array/port v0x5633f8db8c60, 392;
v0x5633f8db8c60_393 .array/port v0x5633f8db8c60, 393;
v0x5633f8db8c60_394 .array/port v0x5633f8db8c60, 394;
v0x5633f8db8c60_395 .array/port v0x5633f8db8c60, 395;
E_0x5633f8ce6fe0/98 .event edge, v0x5633f8db8c60_392, v0x5633f8db8c60_393, v0x5633f8db8c60_394, v0x5633f8db8c60_395;
v0x5633f8db8c60_396 .array/port v0x5633f8db8c60, 396;
v0x5633f8db8c60_397 .array/port v0x5633f8db8c60, 397;
v0x5633f8db8c60_398 .array/port v0x5633f8db8c60, 398;
v0x5633f8db8c60_399 .array/port v0x5633f8db8c60, 399;
E_0x5633f8ce6fe0/99 .event edge, v0x5633f8db8c60_396, v0x5633f8db8c60_397, v0x5633f8db8c60_398, v0x5633f8db8c60_399;
v0x5633f8db8c60_400 .array/port v0x5633f8db8c60, 400;
v0x5633f8db8c60_401 .array/port v0x5633f8db8c60, 401;
v0x5633f8db8c60_402 .array/port v0x5633f8db8c60, 402;
v0x5633f8db8c60_403 .array/port v0x5633f8db8c60, 403;
E_0x5633f8ce6fe0/100 .event edge, v0x5633f8db8c60_400, v0x5633f8db8c60_401, v0x5633f8db8c60_402, v0x5633f8db8c60_403;
v0x5633f8db8c60_404 .array/port v0x5633f8db8c60, 404;
v0x5633f8db8c60_405 .array/port v0x5633f8db8c60, 405;
v0x5633f8db8c60_406 .array/port v0x5633f8db8c60, 406;
v0x5633f8db8c60_407 .array/port v0x5633f8db8c60, 407;
E_0x5633f8ce6fe0/101 .event edge, v0x5633f8db8c60_404, v0x5633f8db8c60_405, v0x5633f8db8c60_406, v0x5633f8db8c60_407;
v0x5633f8db8c60_408 .array/port v0x5633f8db8c60, 408;
v0x5633f8db8c60_409 .array/port v0x5633f8db8c60, 409;
v0x5633f8db8c60_410 .array/port v0x5633f8db8c60, 410;
v0x5633f8db8c60_411 .array/port v0x5633f8db8c60, 411;
E_0x5633f8ce6fe0/102 .event edge, v0x5633f8db8c60_408, v0x5633f8db8c60_409, v0x5633f8db8c60_410, v0x5633f8db8c60_411;
v0x5633f8db8c60_412 .array/port v0x5633f8db8c60, 412;
v0x5633f8db8c60_413 .array/port v0x5633f8db8c60, 413;
v0x5633f8db8c60_414 .array/port v0x5633f8db8c60, 414;
v0x5633f8db8c60_415 .array/port v0x5633f8db8c60, 415;
E_0x5633f8ce6fe0/103 .event edge, v0x5633f8db8c60_412, v0x5633f8db8c60_413, v0x5633f8db8c60_414, v0x5633f8db8c60_415;
v0x5633f8db8c60_416 .array/port v0x5633f8db8c60, 416;
v0x5633f8db8c60_417 .array/port v0x5633f8db8c60, 417;
v0x5633f8db8c60_418 .array/port v0x5633f8db8c60, 418;
v0x5633f8db8c60_419 .array/port v0x5633f8db8c60, 419;
E_0x5633f8ce6fe0/104 .event edge, v0x5633f8db8c60_416, v0x5633f8db8c60_417, v0x5633f8db8c60_418, v0x5633f8db8c60_419;
v0x5633f8db8c60_420 .array/port v0x5633f8db8c60, 420;
v0x5633f8db8c60_421 .array/port v0x5633f8db8c60, 421;
v0x5633f8db8c60_422 .array/port v0x5633f8db8c60, 422;
v0x5633f8db8c60_423 .array/port v0x5633f8db8c60, 423;
E_0x5633f8ce6fe0/105 .event edge, v0x5633f8db8c60_420, v0x5633f8db8c60_421, v0x5633f8db8c60_422, v0x5633f8db8c60_423;
v0x5633f8db8c60_424 .array/port v0x5633f8db8c60, 424;
v0x5633f8db8c60_425 .array/port v0x5633f8db8c60, 425;
v0x5633f8db8c60_426 .array/port v0x5633f8db8c60, 426;
v0x5633f8db8c60_427 .array/port v0x5633f8db8c60, 427;
E_0x5633f8ce6fe0/106 .event edge, v0x5633f8db8c60_424, v0x5633f8db8c60_425, v0x5633f8db8c60_426, v0x5633f8db8c60_427;
v0x5633f8db8c60_428 .array/port v0x5633f8db8c60, 428;
v0x5633f8db8c60_429 .array/port v0x5633f8db8c60, 429;
v0x5633f8db8c60_430 .array/port v0x5633f8db8c60, 430;
v0x5633f8db8c60_431 .array/port v0x5633f8db8c60, 431;
E_0x5633f8ce6fe0/107 .event edge, v0x5633f8db8c60_428, v0x5633f8db8c60_429, v0x5633f8db8c60_430, v0x5633f8db8c60_431;
v0x5633f8db8c60_432 .array/port v0x5633f8db8c60, 432;
v0x5633f8db8c60_433 .array/port v0x5633f8db8c60, 433;
v0x5633f8db8c60_434 .array/port v0x5633f8db8c60, 434;
v0x5633f8db8c60_435 .array/port v0x5633f8db8c60, 435;
E_0x5633f8ce6fe0/108 .event edge, v0x5633f8db8c60_432, v0x5633f8db8c60_433, v0x5633f8db8c60_434, v0x5633f8db8c60_435;
v0x5633f8db8c60_436 .array/port v0x5633f8db8c60, 436;
v0x5633f8db8c60_437 .array/port v0x5633f8db8c60, 437;
v0x5633f8db8c60_438 .array/port v0x5633f8db8c60, 438;
v0x5633f8db8c60_439 .array/port v0x5633f8db8c60, 439;
E_0x5633f8ce6fe0/109 .event edge, v0x5633f8db8c60_436, v0x5633f8db8c60_437, v0x5633f8db8c60_438, v0x5633f8db8c60_439;
v0x5633f8db8c60_440 .array/port v0x5633f8db8c60, 440;
v0x5633f8db8c60_441 .array/port v0x5633f8db8c60, 441;
v0x5633f8db8c60_442 .array/port v0x5633f8db8c60, 442;
v0x5633f8db8c60_443 .array/port v0x5633f8db8c60, 443;
E_0x5633f8ce6fe0/110 .event edge, v0x5633f8db8c60_440, v0x5633f8db8c60_441, v0x5633f8db8c60_442, v0x5633f8db8c60_443;
v0x5633f8db8c60_444 .array/port v0x5633f8db8c60, 444;
v0x5633f8db8c60_445 .array/port v0x5633f8db8c60, 445;
v0x5633f8db8c60_446 .array/port v0x5633f8db8c60, 446;
v0x5633f8db8c60_447 .array/port v0x5633f8db8c60, 447;
E_0x5633f8ce6fe0/111 .event edge, v0x5633f8db8c60_444, v0x5633f8db8c60_445, v0x5633f8db8c60_446, v0x5633f8db8c60_447;
v0x5633f8db8c60_448 .array/port v0x5633f8db8c60, 448;
v0x5633f8db8c60_449 .array/port v0x5633f8db8c60, 449;
v0x5633f8db8c60_450 .array/port v0x5633f8db8c60, 450;
v0x5633f8db8c60_451 .array/port v0x5633f8db8c60, 451;
E_0x5633f8ce6fe0/112 .event edge, v0x5633f8db8c60_448, v0x5633f8db8c60_449, v0x5633f8db8c60_450, v0x5633f8db8c60_451;
v0x5633f8db8c60_452 .array/port v0x5633f8db8c60, 452;
v0x5633f8db8c60_453 .array/port v0x5633f8db8c60, 453;
v0x5633f8db8c60_454 .array/port v0x5633f8db8c60, 454;
v0x5633f8db8c60_455 .array/port v0x5633f8db8c60, 455;
E_0x5633f8ce6fe0/113 .event edge, v0x5633f8db8c60_452, v0x5633f8db8c60_453, v0x5633f8db8c60_454, v0x5633f8db8c60_455;
v0x5633f8db8c60_456 .array/port v0x5633f8db8c60, 456;
v0x5633f8db8c60_457 .array/port v0x5633f8db8c60, 457;
v0x5633f8db8c60_458 .array/port v0x5633f8db8c60, 458;
v0x5633f8db8c60_459 .array/port v0x5633f8db8c60, 459;
E_0x5633f8ce6fe0/114 .event edge, v0x5633f8db8c60_456, v0x5633f8db8c60_457, v0x5633f8db8c60_458, v0x5633f8db8c60_459;
v0x5633f8db8c60_460 .array/port v0x5633f8db8c60, 460;
v0x5633f8db8c60_461 .array/port v0x5633f8db8c60, 461;
v0x5633f8db8c60_462 .array/port v0x5633f8db8c60, 462;
v0x5633f8db8c60_463 .array/port v0x5633f8db8c60, 463;
E_0x5633f8ce6fe0/115 .event edge, v0x5633f8db8c60_460, v0x5633f8db8c60_461, v0x5633f8db8c60_462, v0x5633f8db8c60_463;
v0x5633f8db8c60_464 .array/port v0x5633f8db8c60, 464;
v0x5633f8db8c60_465 .array/port v0x5633f8db8c60, 465;
v0x5633f8db8c60_466 .array/port v0x5633f8db8c60, 466;
v0x5633f8db8c60_467 .array/port v0x5633f8db8c60, 467;
E_0x5633f8ce6fe0/116 .event edge, v0x5633f8db8c60_464, v0x5633f8db8c60_465, v0x5633f8db8c60_466, v0x5633f8db8c60_467;
v0x5633f8db8c60_468 .array/port v0x5633f8db8c60, 468;
v0x5633f8db8c60_469 .array/port v0x5633f8db8c60, 469;
v0x5633f8db8c60_470 .array/port v0x5633f8db8c60, 470;
v0x5633f8db8c60_471 .array/port v0x5633f8db8c60, 471;
E_0x5633f8ce6fe0/117 .event edge, v0x5633f8db8c60_468, v0x5633f8db8c60_469, v0x5633f8db8c60_470, v0x5633f8db8c60_471;
v0x5633f8db8c60_472 .array/port v0x5633f8db8c60, 472;
v0x5633f8db8c60_473 .array/port v0x5633f8db8c60, 473;
v0x5633f8db8c60_474 .array/port v0x5633f8db8c60, 474;
v0x5633f8db8c60_475 .array/port v0x5633f8db8c60, 475;
E_0x5633f8ce6fe0/118 .event edge, v0x5633f8db8c60_472, v0x5633f8db8c60_473, v0x5633f8db8c60_474, v0x5633f8db8c60_475;
v0x5633f8db8c60_476 .array/port v0x5633f8db8c60, 476;
v0x5633f8db8c60_477 .array/port v0x5633f8db8c60, 477;
v0x5633f8db8c60_478 .array/port v0x5633f8db8c60, 478;
v0x5633f8db8c60_479 .array/port v0x5633f8db8c60, 479;
E_0x5633f8ce6fe0/119 .event edge, v0x5633f8db8c60_476, v0x5633f8db8c60_477, v0x5633f8db8c60_478, v0x5633f8db8c60_479;
v0x5633f8db8c60_480 .array/port v0x5633f8db8c60, 480;
v0x5633f8db8c60_481 .array/port v0x5633f8db8c60, 481;
v0x5633f8db8c60_482 .array/port v0x5633f8db8c60, 482;
v0x5633f8db8c60_483 .array/port v0x5633f8db8c60, 483;
E_0x5633f8ce6fe0/120 .event edge, v0x5633f8db8c60_480, v0x5633f8db8c60_481, v0x5633f8db8c60_482, v0x5633f8db8c60_483;
v0x5633f8db8c60_484 .array/port v0x5633f8db8c60, 484;
v0x5633f8db8c60_485 .array/port v0x5633f8db8c60, 485;
v0x5633f8db8c60_486 .array/port v0x5633f8db8c60, 486;
v0x5633f8db8c60_487 .array/port v0x5633f8db8c60, 487;
E_0x5633f8ce6fe0/121 .event edge, v0x5633f8db8c60_484, v0x5633f8db8c60_485, v0x5633f8db8c60_486, v0x5633f8db8c60_487;
v0x5633f8db8c60_488 .array/port v0x5633f8db8c60, 488;
v0x5633f8db8c60_489 .array/port v0x5633f8db8c60, 489;
v0x5633f8db8c60_490 .array/port v0x5633f8db8c60, 490;
v0x5633f8db8c60_491 .array/port v0x5633f8db8c60, 491;
E_0x5633f8ce6fe0/122 .event edge, v0x5633f8db8c60_488, v0x5633f8db8c60_489, v0x5633f8db8c60_490, v0x5633f8db8c60_491;
v0x5633f8db8c60_492 .array/port v0x5633f8db8c60, 492;
v0x5633f8db8c60_493 .array/port v0x5633f8db8c60, 493;
v0x5633f8db8c60_494 .array/port v0x5633f8db8c60, 494;
v0x5633f8db8c60_495 .array/port v0x5633f8db8c60, 495;
E_0x5633f8ce6fe0/123 .event edge, v0x5633f8db8c60_492, v0x5633f8db8c60_493, v0x5633f8db8c60_494, v0x5633f8db8c60_495;
v0x5633f8db8c60_496 .array/port v0x5633f8db8c60, 496;
v0x5633f8db8c60_497 .array/port v0x5633f8db8c60, 497;
v0x5633f8db8c60_498 .array/port v0x5633f8db8c60, 498;
v0x5633f8db8c60_499 .array/port v0x5633f8db8c60, 499;
E_0x5633f8ce6fe0/124 .event edge, v0x5633f8db8c60_496, v0x5633f8db8c60_497, v0x5633f8db8c60_498, v0x5633f8db8c60_499;
v0x5633f8db8c60_500 .array/port v0x5633f8db8c60, 500;
v0x5633f8db8c60_501 .array/port v0x5633f8db8c60, 501;
v0x5633f8db8c60_502 .array/port v0x5633f8db8c60, 502;
v0x5633f8db8c60_503 .array/port v0x5633f8db8c60, 503;
E_0x5633f8ce6fe0/125 .event edge, v0x5633f8db8c60_500, v0x5633f8db8c60_501, v0x5633f8db8c60_502, v0x5633f8db8c60_503;
v0x5633f8db8c60_504 .array/port v0x5633f8db8c60, 504;
v0x5633f8db8c60_505 .array/port v0x5633f8db8c60, 505;
v0x5633f8db8c60_506 .array/port v0x5633f8db8c60, 506;
v0x5633f8db8c60_507 .array/port v0x5633f8db8c60, 507;
E_0x5633f8ce6fe0/126 .event edge, v0x5633f8db8c60_504, v0x5633f8db8c60_505, v0x5633f8db8c60_506, v0x5633f8db8c60_507;
v0x5633f8db8c60_508 .array/port v0x5633f8db8c60, 508;
v0x5633f8db8c60_509 .array/port v0x5633f8db8c60, 509;
v0x5633f8db8c60_510 .array/port v0x5633f8db8c60, 510;
v0x5633f8db8c60_511 .array/port v0x5633f8db8c60, 511;
E_0x5633f8ce6fe0/127 .event edge, v0x5633f8db8c60_508, v0x5633f8db8c60_509, v0x5633f8db8c60_510, v0x5633f8db8c60_511;
E_0x5633f8ce6fe0 .event/or E_0x5633f8ce6fe0/0, E_0x5633f8ce6fe0/1, E_0x5633f8ce6fe0/2, E_0x5633f8ce6fe0/3, E_0x5633f8ce6fe0/4, E_0x5633f8ce6fe0/5, E_0x5633f8ce6fe0/6, E_0x5633f8ce6fe0/7, E_0x5633f8ce6fe0/8, E_0x5633f8ce6fe0/9, E_0x5633f8ce6fe0/10, E_0x5633f8ce6fe0/11, E_0x5633f8ce6fe0/12, E_0x5633f8ce6fe0/13, E_0x5633f8ce6fe0/14, E_0x5633f8ce6fe0/15, E_0x5633f8ce6fe0/16, E_0x5633f8ce6fe0/17, E_0x5633f8ce6fe0/18, E_0x5633f8ce6fe0/19, E_0x5633f8ce6fe0/20, E_0x5633f8ce6fe0/21, E_0x5633f8ce6fe0/22, E_0x5633f8ce6fe0/23, E_0x5633f8ce6fe0/24, E_0x5633f8ce6fe0/25, E_0x5633f8ce6fe0/26, E_0x5633f8ce6fe0/27, E_0x5633f8ce6fe0/28, E_0x5633f8ce6fe0/29, E_0x5633f8ce6fe0/30, E_0x5633f8ce6fe0/31, E_0x5633f8ce6fe0/32, E_0x5633f8ce6fe0/33, E_0x5633f8ce6fe0/34, E_0x5633f8ce6fe0/35, E_0x5633f8ce6fe0/36, E_0x5633f8ce6fe0/37, E_0x5633f8ce6fe0/38, E_0x5633f8ce6fe0/39, E_0x5633f8ce6fe0/40, E_0x5633f8ce6fe0/41, E_0x5633f8ce6fe0/42, E_0x5633f8ce6fe0/43, E_0x5633f8ce6fe0/44, E_0x5633f8ce6fe0/45, E_0x5633f8ce6fe0/46, E_0x5633f8ce6fe0/47, E_0x5633f8ce6fe0/48, E_0x5633f8ce6fe0/49, E_0x5633f8ce6fe0/50, E_0x5633f8ce6fe0/51, E_0x5633f8ce6fe0/52, E_0x5633f8ce6fe0/53, E_0x5633f8ce6fe0/54, E_0x5633f8ce6fe0/55, E_0x5633f8ce6fe0/56, E_0x5633f8ce6fe0/57, E_0x5633f8ce6fe0/58, E_0x5633f8ce6fe0/59, E_0x5633f8ce6fe0/60, E_0x5633f8ce6fe0/61, E_0x5633f8ce6fe0/62, E_0x5633f8ce6fe0/63, E_0x5633f8ce6fe0/64, E_0x5633f8ce6fe0/65, E_0x5633f8ce6fe0/66, E_0x5633f8ce6fe0/67, E_0x5633f8ce6fe0/68, E_0x5633f8ce6fe0/69, E_0x5633f8ce6fe0/70, E_0x5633f8ce6fe0/71, E_0x5633f8ce6fe0/72, E_0x5633f8ce6fe0/73, E_0x5633f8ce6fe0/74, E_0x5633f8ce6fe0/75, E_0x5633f8ce6fe0/76, E_0x5633f8ce6fe0/77, E_0x5633f8ce6fe0/78, E_0x5633f8ce6fe0/79, E_0x5633f8ce6fe0/80, E_0x5633f8ce6fe0/81, E_0x5633f8ce6fe0/82, E_0x5633f8ce6fe0/83, E_0x5633f8ce6fe0/84, E_0x5633f8ce6fe0/85, E_0x5633f8ce6fe0/86, E_0x5633f8ce6fe0/87, E_0x5633f8ce6fe0/88, E_0x5633f8ce6fe0/89, E_0x5633f8ce6fe0/90, E_0x5633f8ce6fe0/91, E_0x5633f8ce6fe0/92, E_0x5633f8ce6fe0/93, E_0x5633f8ce6fe0/94, E_0x5633f8ce6fe0/95, E_0x5633f8ce6fe0/96, E_0x5633f8ce6fe0/97, E_0x5633f8ce6fe0/98, E_0x5633f8ce6fe0/99, E_0x5633f8ce6fe0/100, E_0x5633f8ce6fe0/101, E_0x5633f8ce6fe0/102, E_0x5633f8ce6fe0/103, E_0x5633f8ce6fe0/104, E_0x5633f8ce6fe0/105, E_0x5633f8ce6fe0/106, E_0x5633f8ce6fe0/107, E_0x5633f8ce6fe0/108, E_0x5633f8ce6fe0/109, E_0x5633f8ce6fe0/110, E_0x5633f8ce6fe0/111, E_0x5633f8ce6fe0/112, E_0x5633f8ce6fe0/113, E_0x5633f8ce6fe0/114, E_0x5633f8ce6fe0/115, E_0x5633f8ce6fe0/116, E_0x5633f8ce6fe0/117, E_0x5633f8ce6fe0/118, E_0x5633f8ce6fe0/119, E_0x5633f8ce6fe0/120, E_0x5633f8ce6fe0/121, E_0x5633f8ce6fe0/122, E_0x5633f8ce6fe0/123, E_0x5633f8ce6fe0/124, E_0x5633f8ce6fe0/125, E_0x5633f8ce6fe0/126, E_0x5633f8ce6fe0/127;
E_0x5633f8d917f0/0 .event edge, v0x5633f8db8ba0_0, v0x5633f8d63ea0_0, v0x5633f8d63ea0_1, v0x5633f8d63ea0_2;
E_0x5633f8d917f0/1 .event edge, v0x5633f8d63ea0_3, v0x5633f8d63ea0_4, v0x5633f8d63ea0_5, v0x5633f8d63ea0_6;
E_0x5633f8d917f0/2 .event edge, v0x5633f8d63ea0_7, v0x5633f8d63ea0_8, v0x5633f8d63ea0_9, v0x5633f8d63ea0_10;
E_0x5633f8d917f0/3 .event edge, v0x5633f8d63ea0_11, v0x5633f8d63ea0_12, v0x5633f8d63ea0_13, v0x5633f8d63ea0_14;
E_0x5633f8d917f0/4 .event edge, v0x5633f8d63ea0_15, v0x5633f8d63ea0_16, v0x5633f8d63ea0_17, v0x5633f8d63ea0_18;
E_0x5633f8d917f0/5 .event edge, v0x5633f8d63ea0_19, v0x5633f8d63ea0_20, v0x5633f8d63ea0_21, v0x5633f8d63ea0_22;
E_0x5633f8d917f0/6 .event edge, v0x5633f8d63ea0_23, v0x5633f8d63ea0_24, v0x5633f8d63ea0_25, v0x5633f8d63ea0_26;
E_0x5633f8d917f0/7 .event edge, v0x5633f8d63ea0_27, v0x5633f8d63ea0_28, v0x5633f8d63ea0_29, v0x5633f8d63ea0_30;
E_0x5633f8d917f0/8 .event edge, v0x5633f8d63ea0_31, v0x5633f8d63ea0_32, v0x5633f8d63ea0_33, v0x5633f8d63ea0_34;
E_0x5633f8d917f0/9 .event edge, v0x5633f8d63ea0_35, v0x5633f8d63ea0_36, v0x5633f8d63ea0_37, v0x5633f8d63ea0_38;
E_0x5633f8d917f0/10 .event edge, v0x5633f8d63ea0_39, v0x5633f8d63ea0_40, v0x5633f8d63ea0_41, v0x5633f8d63ea0_42;
E_0x5633f8d917f0/11 .event edge, v0x5633f8d63ea0_43, v0x5633f8d63ea0_44, v0x5633f8d63ea0_45, v0x5633f8d63ea0_46;
E_0x5633f8d917f0/12 .event edge, v0x5633f8d63ea0_47, v0x5633f8d63ea0_48, v0x5633f8d63ea0_49, v0x5633f8d63ea0_50;
E_0x5633f8d917f0/13 .event edge, v0x5633f8d63ea0_51, v0x5633f8d63ea0_52, v0x5633f8d63ea0_53, v0x5633f8d63ea0_54;
E_0x5633f8d917f0/14 .event edge, v0x5633f8d63ea0_55, v0x5633f8d63ea0_56, v0x5633f8d63ea0_57, v0x5633f8d63ea0_58;
E_0x5633f8d917f0/15 .event edge, v0x5633f8d63ea0_59, v0x5633f8d63ea0_60, v0x5633f8d63ea0_61, v0x5633f8d63ea0_62;
E_0x5633f8d917f0/16 .event edge, v0x5633f8d63ea0_63, v0x5633f8d63ea0_64, v0x5633f8d63ea0_65, v0x5633f8d63ea0_66;
E_0x5633f8d917f0/17 .event edge, v0x5633f8d63ea0_67, v0x5633f8d63ea0_68, v0x5633f8d63ea0_69, v0x5633f8d63ea0_70;
E_0x5633f8d917f0/18 .event edge, v0x5633f8d63ea0_71, v0x5633f8d63ea0_72, v0x5633f8d63ea0_73, v0x5633f8d63ea0_74;
E_0x5633f8d917f0/19 .event edge, v0x5633f8d63ea0_75, v0x5633f8d63ea0_76, v0x5633f8d63ea0_77, v0x5633f8d63ea0_78;
E_0x5633f8d917f0/20 .event edge, v0x5633f8d63ea0_79, v0x5633f8d63ea0_80, v0x5633f8d63ea0_81, v0x5633f8d63ea0_82;
E_0x5633f8d917f0/21 .event edge, v0x5633f8d63ea0_83, v0x5633f8d63ea0_84, v0x5633f8d63ea0_85, v0x5633f8d63ea0_86;
E_0x5633f8d917f0/22 .event edge, v0x5633f8d63ea0_87, v0x5633f8d63ea0_88, v0x5633f8d63ea0_89, v0x5633f8d63ea0_90;
E_0x5633f8d917f0/23 .event edge, v0x5633f8d63ea0_91, v0x5633f8d63ea0_92, v0x5633f8d63ea0_93, v0x5633f8d63ea0_94;
E_0x5633f8d917f0/24 .event edge, v0x5633f8d63ea0_95, v0x5633f8d63ea0_96, v0x5633f8d63ea0_97, v0x5633f8d63ea0_98;
E_0x5633f8d917f0/25 .event edge, v0x5633f8d63ea0_99, v0x5633f8d63ea0_100, v0x5633f8d63ea0_101, v0x5633f8d63ea0_102;
E_0x5633f8d917f0/26 .event edge, v0x5633f8d63ea0_103, v0x5633f8d63ea0_104, v0x5633f8d63ea0_105, v0x5633f8d63ea0_106;
E_0x5633f8d917f0/27 .event edge, v0x5633f8d63ea0_107, v0x5633f8d63ea0_108, v0x5633f8d63ea0_109, v0x5633f8d63ea0_110;
E_0x5633f8d917f0/28 .event edge, v0x5633f8d63ea0_111, v0x5633f8d63ea0_112, v0x5633f8d63ea0_113, v0x5633f8d63ea0_114;
E_0x5633f8d917f0/29 .event edge, v0x5633f8d63ea0_115, v0x5633f8d63ea0_116, v0x5633f8d63ea0_117, v0x5633f8d63ea0_118;
E_0x5633f8d917f0/30 .event edge, v0x5633f8d63ea0_119, v0x5633f8d63ea0_120, v0x5633f8d63ea0_121, v0x5633f8d63ea0_122;
E_0x5633f8d917f0/31 .event edge, v0x5633f8d63ea0_123, v0x5633f8d63ea0_124, v0x5633f8d63ea0_125, v0x5633f8d63ea0_126;
E_0x5633f8d917f0/32 .event edge, v0x5633f8d63ea0_127, v0x5633f8d63ea0_128, v0x5633f8d63ea0_129, v0x5633f8d63ea0_130;
E_0x5633f8d917f0/33 .event edge, v0x5633f8d63ea0_131, v0x5633f8d63ea0_132, v0x5633f8d63ea0_133, v0x5633f8d63ea0_134;
E_0x5633f8d917f0/34 .event edge, v0x5633f8d63ea0_135, v0x5633f8d63ea0_136, v0x5633f8d63ea0_137, v0x5633f8d63ea0_138;
E_0x5633f8d917f0/35 .event edge, v0x5633f8d63ea0_139, v0x5633f8d63ea0_140, v0x5633f8d63ea0_141, v0x5633f8d63ea0_142;
E_0x5633f8d917f0/36 .event edge, v0x5633f8d63ea0_143, v0x5633f8d63ea0_144, v0x5633f8d63ea0_145, v0x5633f8d63ea0_146;
E_0x5633f8d917f0/37 .event edge, v0x5633f8d63ea0_147, v0x5633f8d63ea0_148, v0x5633f8d63ea0_149, v0x5633f8d63ea0_150;
E_0x5633f8d917f0/38 .event edge, v0x5633f8d63ea0_151, v0x5633f8d63ea0_152, v0x5633f8d63ea0_153, v0x5633f8d63ea0_154;
E_0x5633f8d917f0/39 .event edge, v0x5633f8d63ea0_155, v0x5633f8d63ea0_156, v0x5633f8d63ea0_157, v0x5633f8d63ea0_158;
E_0x5633f8d917f0/40 .event edge, v0x5633f8d63ea0_159, v0x5633f8d63ea0_160, v0x5633f8d63ea0_161, v0x5633f8d63ea0_162;
E_0x5633f8d917f0/41 .event edge, v0x5633f8d63ea0_163, v0x5633f8d63ea0_164, v0x5633f8d63ea0_165, v0x5633f8d63ea0_166;
E_0x5633f8d917f0/42 .event edge, v0x5633f8d63ea0_167, v0x5633f8d63ea0_168, v0x5633f8d63ea0_169, v0x5633f8d63ea0_170;
E_0x5633f8d917f0/43 .event edge, v0x5633f8d63ea0_171, v0x5633f8d63ea0_172, v0x5633f8d63ea0_173, v0x5633f8d63ea0_174;
E_0x5633f8d917f0/44 .event edge, v0x5633f8d63ea0_175, v0x5633f8d63ea0_176, v0x5633f8d63ea0_177, v0x5633f8d63ea0_178;
E_0x5633f8d917f0/45 .event edge, v0x5633f8d63ea0_179, v0x5633f8d63ea0_180, v0x5633f8d63ea0_181, v0x5633f8d63ea0_182;
E_0x5633f8d917f0/46 .event edge, v0x5633f8d63ea0_183, v0x5633f8d63ea0_184, v0x5633f8d63ea0_185, v0x5633f8d63ea0_186;
E_0x5633f8d917f0/47 .event edge, v0x5633f8d63ea0_187, v0x5633f8d63ea0_188, v0x5633f8d63ea0_189, v0x5633f8d63ea0_190;
E_0x5633f8d917f0/48 .event edge, v0x5633f8d63ea0_191, v0x5633f8d63ea0_192, v0x5633f8d63ea0_193, v0x5633f8d63ea0_194;
E_0x5633f8d917f0/49 .event edge, v0x5633f8d63ea0_195, v0x5633f8d63ea0_196, v0x5633f8d63ea0_197, v0x5633f8d63ea0_198;
E_0x5633f8d917f0/50 .event edge, v0x5633f8d63ea0_199, v0x5633f8d63ea0_200, v0x5633f8d63ea0_201, v0x5633f8d63ea0_202;
E_0x5633f8d917f0/51 .event edge, v0x5633f8d63ea0_203, v0x5633f8d63ea0_204, v0x5633f8d63ea0_205, v0x5633f8d63ea0_206;
E_0x5633f8d917f0/52 .event edge, v0x5633f8d63ea0_207, v0x5633f8d63ea0_208, v0x5633f8d63ea0_209, v0x5633f8d63ea0_210;
E_0x5633f8d917f0/53 .event edge, v0x5633f8d63ea0_211, v0x5633f8d63ea0_212, v0x5633f8d63ea0_213, v0x5633f8d63ea0_214;
E_0x5633f8d917f0/54 .event edge, v0x5633f8d63ea0_215, v0x5633f8d63ea0_216, v0x5633f8d63ea0_217, v0x5633f8d63ea0_218;
E_0x5633f8d917f0/55 .event edge, v0x5633f8d63ea0_219, v0x5633f8d63ea0_220, v0x5633f8d63ea0_221, v0x5633f8d63ea0_222;
E_0x5633f8d917f0/56 .event edge, v0x5633f8d63ea0_223, v0x5633f8d63ea0_224, v0x5633f8d63ea0_225, v0x5633f8d63ea0_226;
E_0x5633f8d917f0/57 .event edge, v0x5633f8d63ea0_227, v0x5633f8d63ea0_228, v0x5633f8d63ea0_229, v0x5633f8d63ea0_230;
E_0x5633f8d917f0/58 .event edge, v0x5633f8d63ea0_231, v0x5633f8d63ea0_232, v0x5633f8d63ea0_233, v0x5633f8d63ea0_234;
E_0x5633f8d917f0/59 .event edge, v0x5633f8d63ea0_235, v0x5633f8d63ea0_236, v0x5633f8d63ea0_237, v0x5633f8d63ea0_238;
E_0x5633f8d917f0/60 .event edge, v0x5633f8d63ea0_239, v0x5633f8d63ea0_240, v0x5633f8d63ea0_241, v0x5633f8d63ea0_242;
E_0x5633f8d917f0/61 .event edge, v0x5633f8d63ea0_243, v0x5633f8d63ea0_244, v0x5633f8d63ea0_245, v0x5633f8d63ea0_246;
E_0x5633f8d917f0/62 .event edge, v0x5633f8d63ea0_247, v0x5633f8d63ea0_248, v0x5633f8d63ea0_249, v0x5633f8d63ea0_250;
E_0x5633f8d917f0/63 .event edge, v0x5633f8d63ea0_251, v0x5633f8d63ea0_252, v0x5633f8d63ea0_253, v0x5633f8d63ea0_254;
E_0x5633f8d917f0/64 .event edge, v0x5633f8d63ea0_255, v0x5633f8d63ea0_256, v0x5633f8d63ea0_257, v0x5633f8d63ea0_258;
E_0x5633f8d917f0/65 .event edge, v0x5633f8d63ea0_259, v0x5633f8d63ea0_260, v0x5633f8d63ea0_261, v0x5633f8d63ea0_262;
E_0x5633f8d917f0/66 .event edge, v0x5633f8d63ea0_263, v0x5633f8d63ea0_264, v0x5633f8d63ea0_265, v0x5633f8d63ea0_266;
E_0x5633f8d917f0/67 .event edge, v0x5633f8d63ea0_267, v0x5633f8d63ea0_268, v0x5633f8d63ea0_269, v0x5633f8d63ea0_270;
E_0x5633f8d917f0/68 .event edge, v0x5633f8d63ea0_271, v0x5633f8d63ea0_272, v0x5633f8d63ea0_273, v0x5633f8d63ea0_274;
E_0x5633f8d917f0/69 .event edge, v0x5633f8d63ea0_275, v0x5633f8d63ea0_276, v0x5633f8d63ea0_277, v0x5633f8d63ea0_278;
E_0x5633f8d917f0/70 .event edge, v0x5633f8d63ea0_279, v0x5633f8d63ea0_280, v0x5633f8d63ea0_281, v0x5633f8d63ea0_282;
E_0x5633f8d917f0/71 .event edge, v0x5633f8d63ea0_283, v0x5633f8d63ea0_284, v0x5633f8d63ea0_285, v0x5633f8d63ea0_286;
E_0x5633f8d917f0/72 .event edge, v0x5633f8d63ea0_287, v0x5633f8d63ea0_288, v0x5633f8d63ea0_289, v0x5633f8d63ea0_290;
E_0x5633f8d917f0/73 .event edge, v0x5633f8d63ea0_291, v0x5633f8d63ea0_292, v0x5633f8d63ea0_293, v0x5633f8d63ea0_294;
E_0x5633f8d917f0/74 .event edge, v0x5633f8d63ea0_295, v0x5633f8d63ea0_296, v0x5633f8d63ea0_297, v0x5633f8d63ea0_298;
E_0x5633f8d917f0/75 .event edge, v0x5633f8d63ea0_299, v0x5633f8d63ea0_300, v0x5633f8d63ea0_301, v0x5633f8d63ea0_302;
E_0x5633f8d917f0/76 .event edge, v0x5633f8d63ea0_303, v0x5633f8d63ea0_304, v0x5633f8d63ea0_305, v0x5633f8d63ea0_306;
E_0x5633f8d917f0/77 .event edge, v0x5633f8d63ea0_307, v0x5633f8d63ea0_308, v0x5633f8d63ea0_309, v0x5633f8d63ea0_310;
E_0x5633f8d917f0/78 .event edge, v0x5633f8d63ea0_311, v0x5633f8d63ea0_312, v0x5633f8d63ea0_313, v0x5633f8d63ea0_314;
E_0x5633f8d917f0/79 .event edge, v0x5633f8d63ea0_315, v0x5633f8d63ea0_316, v0x5633f8d63ea0_317, v0x5633f8d63ea0_318;
E_0x5633f8d917f0/80 .event edge, v0x5633f8d63ea0_319, v0x5633f8d63ea0_320, v0x5633f8d63ea0_321, v0x5633f8d63ea0_322;
E_0x5633f8d917f0/81 .event edge, v0x5633f8d63ea0_323, v0x5633f8d63ea0_324, v0x5633f8d63ea0_325, v0x5633f8d63ea0_326;
E_0x5633f8d917f0/82 .event edge, v0x5633f8d63ea0_327, v0x5633f8d63ea0_328, v0x5633f8d63ea0_329, v0x5633f8d63ea0_330;
E_0x5633f8d917f0/83 .event edge, v0x5633f8d63ea0_331, v0x5633f8d63ea0_332, v0x5633f8d63ea0_333, v0x5633f8d63ea0_334;
E_0x5633f8d917f0/84 .event edge, v0x5633f8d63ea0_335, v0x5633f8d63ea0_336, v0x5633f8d63ea0_337, v0x5633f8d63ea0_338;
E_0x5633f8d917f0/85 .event edge, v0x5633f8d63ea0_339, v0x5633f8d63ea0_340, v0x5633f8d63ea0_341, v0x5633f8d63ea0_342;
E_0x5633f8d917f0/86 .event edge, v0x5633f8d63ea0_343, v0x5633f8d63ea0_344, v0x5633f8d63ea0_345, v0x5633f8d63ea0_346;
E_0x5633f8d917f0/87 .event edge, v0x5633f8d63ea0_347, v0x5633f8d63ea0_348, v0x5633f8d63ea0_349, v0x5633f8d63ea0_350;
E_0x5633f8d917f0/88 .event edge, v0x5633f8d63ea0_351, v0x5633f8d63ea0_352, v0x5633f8d63ea0_353, v0x5633f8d63ea0_354;
E_0x5633f8d917f0/89 .event edge, v0x5633f8d63ea0_355, v0x5633f8d63ea0_356, v0x5633f8d63ea0_357, v0x5633f8d63ea0_358;
E_0x5633f8d917f0/90 .event edge, v0x5633f8d63ea0_359, v0x5633f8d63ea0_360, v0x5633f8d63ea0_361, v0x5633f8d63ea0_362;
E_0x5633f8d917f0/91 .event edge, v0x5633f8d63ea0_363, v0x5633f8d63ea0_364, v0x5633f8d63ea0_365, v0x5633f8d63ea0_366;
E_0x5633f8d917f0/92 .event edge, v0x5633f8d63ea0_367, v0x5633f8d63ea0_368, v0x5633f8d63ea0_369, v0x5633f8d63ea0_370;
E_0x5633f8d917f0/93 .event edge, v0x5633f8d63ea0_371, v0x5633f8d63ea0_372, v0x5633f8d63ea0_373, v0x5633f8d63ea0_374;
E_0x5633f8d917f0/94 .event edge, v0x5633f8d63ea0_375, v0x5633f8d63ea0_376, v0x5633f8d63ea0_377, v0x5633f8d63ea0_378;
E_0x5633f8d917f0/95 .event edge, v0x5633f8d63ea0_379, v0x5633f8d63ea0_380, v0x5633f8d63ea0_381, v0x5633f8d63ea0_382;
E_0x5633f8d917f0/96 .event edge, v0x5633f8d63ea0_383, v0x5633f8d63ea0_384, v0x5633f8d63ea0_385, v0x5633f8d63ea0_386;
E_0x5633f8d917f0/97 .event edge, v0x5633f8d63ea0_387, v0x5633f8d63ea0_388, v0x5633f8d63ea0_389, v0x5633f8d63ea0_390;
E_0x5633f8d917f0/98 .event edge, v0x5633f8d63ea0_391, v0x5633f8d63ea0_392, v0x5633f8d63ea0_393, v0x5633f8d63ea0_394;
E_0x5633f8d917f0/99 .event edge, v0x5633f8d63ea0_395, v0x5633f8d63ea0_396, v0x5633f8d63ea0_397, v0x5633f8d63ea0_398;
E_0x5633f8d917f0/100 .event edge, v0x5633f8d63ea0_399, v0x5633f8d63ea0_400, v0x5633f8d63ea0_401, v0x5633f8d63ea0_402;
E_0x5633f8d917f0/101 .event edge, v0x5633f8d63ea0_403, v0x5633f8d63ea0_404, v0x5633f8d63ea0_405, v0x5633f8d63ea0_406;
E_0x5633f8d917f0/102 .event edge, v0x5633f8d63ea0_407, v0x5633f8d63ea0_408, v0x5633f8d63ea0_409, v0x5633f8d63ea0_410;
E_0x5633f8d917f0/103 .event edge, v0x5633f8d63ea0_411, v0x5633f8d63ea0_412, v0x5633f8d63ea0_413, v0x5633f8d63ea0_414;
E_0x5633f8d917f0/104 .event edge, v0x5633f8d63ea0_415, v0x5633f8d63ea0_416, v0x5633f8d63ea0_417, v0x5633f8d63ea0_418;
E_0x5633f8d917f0/105 .event edge, v0x5633f8d63ea0_419, v0x5633f8d63ea0_420, v0x5633f8d63ea0_421, v0x5633f8d63ea0_422;
E_0x5633f8d917f0/106 .event edge, v0x5633f8d63ea0_423, v0x5633f8d63ea0_424, v0x5633f8d63ea0_425, v0x5633f8d63ea0_426;
E_0x5633f8d917f0/107 .event edge, v0x5633f8d63ea0_427, v0x5633f8d63ea0_428, v0x5633f8d63ea0_429, v0x5633f8d63ea0_430;
E_0x5633f8d917f0/108 .event edge, v0x5633f8d63ea0_431, v0x5633f8d63ea0_432, v0x5633f8d63ea0_433, v0x5633f8d63ea0_434;
E_0x5633f8d917f0/109 .event edge, v0x5633f8d63ea0_435, v0x5633f8d63ea0_436, v0x5633f8d63ea0_437, v0x5633f8d63ea0_438;
E_0x5633f8d917f0/110 .event edge, v0x5633f8d63ea0_439, v0x5633f8d63ea0_440, v0x5633f8d63ea0_441, v0x5633f8d63ea0_442;
E_0x5633f8d917f0/111 .event edge, v0x5633f8d63ea0_443, v0x5633f8d63ea0_444, v0x5633f8d63ea0_445, v0x5633f8d63ea0_446;
E_0x5633f8d917f0/112 .event edge, v0x5633f8d63ea0_447, v0x5633f8d63ea0_448, v0x5633f8d63ea0_449, v0x5633f8d63ea0_450;
E_0x5633f8d917f0/113 .event edge, v0x5633f8d63ea0_451, v0x5633f8d63ea0_452, v0x5633f8d63ea0_453, v0x5633f8d63ea0_454;
E_0x5633f8d917f0/114 .event edge, v0x5633f8d63ea0_455, v0x5633f8d63ea0_456, v0x5633f8d63ea0_457, v0x5633f8d63ea0_458;
E_0x5633f8d917f0/115 .event edge, v0x5633f8d63ea0_459, v0x5633f8d63ea0_460, v0x5633f8d63ea0_461, v0x5633f8d63ea0_462;
E_0x5633f8d917f0/116 .event edge, v0x5633f8d63ea0_463, v0x5633f8d63ea0_464, v0x5633f8d63ea0_465, v0x5633f8d63ea0_466;
E_0x5633f8d917f0/117 .event edge, v0x5633f8d63ea0_467, v0x5633f8d63ea0_468, v0x5633f8d63ea0_469, v0x5633f8d63ea0_470;
E_0x5633f8d917f0/118 .event edge, v0x5633f8d63ea0_471, v0x5633f8d63ea0_472, v0x5633f8d63ea0_473, v0x5633f8d63ea0_474;
E_0x5633f8d917f0/119 .event edge, v0x5633f8d63ea0_475, v0x5633f8d63ea0_476, v0x5633f8d63ea0_477, v0x5633f8d63ea0_478;
E_0x5633f8d917f0/120 .event edge, v0x5633f8d63ea0_479, v0x5633f8d63ea0_480, v0x5633f8d63ea0_481, v0x5633f8d63ea0_482;
E_0x5633f8d917f0/121 .event edge, v0x5633f8d63ea0_483, v0x5633f8d63ea0_484, v0x5633f8d63ea0_485, v0x5633f8d63ea0_486;
E_0x5633f8d917f0/122 .event edge, v0x5633f8d63ea0_487, v0x5633f8d63ea0_488, v0x5633f8d63ea0_489, v0x5633f8d63ea0_490;
E_0x5633f8d917f0/123 .event edge, v0x5633f8d63ea0_491, v0x5633f8d63ea0_492, v0x5633f8d63ea0_493, v0x5633f8d63ea0_494;
E_0x5633f8d917f0/124 .event edge, v0x5633f8d63ea0_495, v0x5633f8d63ea0_496, v0x5633f8d63ea0_497, v0x5633f8d63ea0_498;
E_0x5633f8d917f0/125 .event edge, v0x5633f8d63ea0_499, v0x5633f8d63ea0_500, v0x5633f8d63ea0_501, v0x5633f8d63ea0_502;
E_0x5633f8d917f0/126 .event edge, v0x5633f8d63ea0_503, v0x5633f8d63ea0_504, v0x5633f8d63ea0_505, v0x5633f8d63ea0_506;
E_0x5633f8d917f0/127 .event edge, v0x5633f8d63ea0_507, v0x5633f8d63ea0_508, v0x5633f8d63ea0_509, v0x5633f8d63ea0_510;
E_0x5633f8d917f0/128 .event edge, v0x5633f8d63ea0_511, v0x5633f8d63f40_0, v0x5633f8d65660_0, v0x5633f8d65660_1;
E_0x5633f8d917f0/129 .event edge, v0x5633f8d65660_2, v0x5633f8d65660_3, v0x5633f8d65660_4, v0x5633f8d65660_5;
E_0x5633f8d917f0/130 .event edge, v0x5633f8d65660_6, v0x5633f8d65660_7, v0x5633f8d65660_8, v0x5633f8d65660_9;
E_0x5633f8d917f0/131 .event edge, v0x5633f8d65660_10, v0x5633f8d65660_11, v0x5633f8d65660_12, v0x5633f8d65660_13;
E_0x5633f8d917f0/132 .event edge, v0x5633f8d65660_14, v0x5633f8d65660_15, v0x5633f8d65660_16, v0x5633f8d65660_17;
E_0x5633f8d917f0/133 .event edge, v0x5633f8d65660_18, v0x5633f8d65660_19, v0x5633f8d65660_20, v0x5633f8d65660_21;
E_0x5633f8d917f0/134 .event edge, v0x5633f8d65660_22, v0x5633f8d65660_23, v0x5633f8d65660_24, v0x5633f8d65660_25;
E_0x5633f8d917f0/135 .event edge, v0x5633f8d65660_26, v0x5633f8d65660_27, v0x5633f8d65660_28, v0x5633f8d65660_29;
E_0x5633f8d917f0/136 .event edge, v0x5633f8d65660_30, v0x5633f8d65660_31, v0x5633f8d65660_32, v0x5633f8d65660_33;
E_0x5633f8d917f0/137 .event edge, v0x5633f8d65660_34, v0x5633f8d65660_35, v0x5633f8d65660_36, v0x5633f8d65660_37;
E_0x5633f8d917f0/138 .event edge, v0x5633f8d65660_38, v0x5633f8d65660_39, v0x5633f8d65660_40, v0x5633f8d65660_41;
E_0x5633f8d917f0/139 .event edge, v0x5633f8d65660_42, v0x5633f8d65660_43, v0x5633f8d65660_44, v0x5633f8d65660_45;
E_0x5633f8d917f0/140 .event edge, v0x5633f8d65660_46, v0x5633f8d65660_47, v0x5633f8d65660_48, v0x5633f8d65660_49;
E_0x5633f8d917f0/141 .event edge, v0x5633f8d65660_50, v0x5633f8d65660_51, v0x5633f8d65660_52, v0x5633f8d65660_53;
E_0x5633f8d917f0/142 .event edge, v0x5633f8d65660_54, v0x5633f8d65660_55, v0x5633f8d65660_56, v0x5633f8d65660_57;
E_0x5633f8d917f0/143 .event edge, v0x5633f8d65660_58, v0x5633f8d65660_59, v0x5633f8d65660_60, v0x5633f8d65660_61;
E_0x5633f8d917f0/144 .event edge, v0x5633f8d65660_62, v0x5633f8d65660_63, v0x5633f8d65660_64, v0x5633f8d65660_65;
E_0x5633f8d917f0/145 .event edge, v0x5633f8d65660_66, v0x5633f8d65660_67, v0x5633f8d65660_68, v0x5633f8d65660_69;
E_0x5633f8d917f0/146 .event edge, v0x5633f8d65660_70, v0x5633f8d65660_71, v0x5633f8d65660_72, v0x5633f8d65660_73;
E_0x5633f8d917f0/147 .event edge, v0x5633f8d65660_74, v0x5633f8d65660_75, v0x5633f8d65660_76, v0x5633f8d65660_77;
E_0x5633f8d917f0/148 .event edge, v0x5633f8d65660_78, v0x5633f8d65660_79, v0x5633f8d65660_80, v0x5633f8d65660_81;
E_0x5633f8d917f0/149 .event edge, v0x5633f8d65660_82, v0x5633f8d65660_83, v0x5633f8d65660_84, v0x5633f8d65660_85;
E_0x5633f8d917f0/150 .event edge, v0x5633f8d65660_86, v0x5633f8d65660_87, v0x5633f8d65660_88, v0x5633f8d65660_89;
E_0x5633f8d917f0/151 .event edge, v0x5633f8d65660_90, v0x5633f8d65660_91, v0x5633f8d65660_92, v0x5633f8d65660_93;
E_0x5633f8d917f0/152 .event edge, v0x5633f8d65660_94, v0x5633f8d65660_95, v0x5633f8d65660_96, v0x5633f8d65660_97;
E_0x5633f8d917f0/153 .event edge, v0x5633f8d65660_98, v0x5633f8d65660_99, v0x5633f8d65660_100, v0x5633f8d65660_101;
E_0x5633f8d917f0/154 .event edge, v0x5633f8d65660_102, v0x5633f8d65660_103, v0x5633f8d65660_104, v0x5633f8d65660_105;
E_0x5633f8d917f0/155 .event edge, v0x5633f8d65660_106, v0x5633f8d65660_107, v0x5633f8d65660_108, v0x5633f8d65660_109;
E_0x5633f8d917f0/156 .event edge, v0x5633f8d65660_110, v0x5633f8d65660_111, v0x5633f8d65660_112, v0x5633f8d65660_113;
E_0x5633f8d917f0/157 .event edge, v0x5633f8d65660_114, v0x5633f8d65660_115, v0x5633f8d65660_116, v0x5633f8d65660_117;
E_0x5633f8d917f0/158 .event edge, v0x5633f8d65660_118, v0x5633f8d65660_119, v0x5633f8d65660_120, v0x5633f8d65660_121;
E_0x5633f8d917f0/159 .event edge, v0x5633f8d65660_122, v0x5633f8d65660_123, v0x5633f8d65660_124, v0x5633f8d65660_125;
E_0x5633f8d917f0/160 .event edge, v0x5633f8d65660_126, v0x5633f8d65660_127, v0x5633f8d65660_128, v0x5633f8d65660_129;
E_0x5633f8d917f0/161 .event edge, v0x5633f8d65660_130, v0x5633f8d65660_131, v0x5633f8d65660_132, v0x5633f8d65660_133;
E_0x5633f8d917f0/162 .event edge, v0x5633f8d65660_134, v0x5633f8d65660_135, v0x5633f8d65660_136, v0x5633f8d65660_137;
E_0x5633f8d917f0/163 .event edge, v0x5633f8d65660_138, v0x5633f8d65660_139, v0x5633f8d65660_140, v0x5633f8d65660_141;
E_0x5633f8d917f0/164 .event edge, v0x5633f8d65660_142, v0x5633f8d65660_143, v0x5633f8d65660_144, v0x5633f8d65660_145;
E_0x5633f8d917f0/165 .event edge, v0x5633f8d65660_146, v0x5633f8d65660_147, v0x5633f8d65660_148, v0x5633f8d65660_149;
E_0x5633f8d917f0/166 .event edge, v0x5633f8d65660_150, v0x5633f8d65660_151, v0x5633f8d65660_152, v0x5633f8d65660_153;
E_0x5633f8d917f0/167 .event edge, v0x5633f8d65660_154, v0x5633f8d65660_155, v0x5633f8d65660_156, v0x5633f8d65660_157;
E_0x5633f8d917f0/168 .event edge, v0x5633f8d65660_158, v0x5633f8d65660_159, v0x5633f8d65660_160, v0x5633f8d65660_161;
E_0x5633f8d917f0/169 .event edge, v0x5633f8d65660_162, v0x5633f8d65660_163, v0x5633f8d65660_164, v0x5633f8d65660_165;
E_0x5633f8d917f0/170 .event edge, v0x5633f8d65660_166, v0x5633f8d65660_167, v0x5633f8d65660_168, v0x5633f8d65660_169;
E_0x5633f8d917f0/171 .event edge, v0x5633f8d65660_170, v0x5633f8d65660_171, v0x5633f8d65660_172, v0x5633f8d65660_173;
E_0x5633f8d917f0/172 .event edge, v0x5633f8d65660_174, v0x5633f8d65660_175, v0x5633f8d65660_176, v0x5633f8d65660_177;
E_0x5633f8d917f0/173 .event edge, v0x5633f8d65660_178, v0x5633f8d65660_179, v0x5633f8d65660_180, v0x5633f8d65660_181;
E_0x5633f8d917f0/174 .event edge, v0x5633f8d65660_182, v0x5633f8d65660_183, v0x5633f8d65660_184, v0x5633f8d65660_185;
E_0x5633f8d917f0/175 .event edge, v0x5633f8d65660_186, v0x5633f8d65660_187, v0x5633f8d65660_188, v0x5633f8d65660_189;
E_0x5633f8d917f0/176 .event edge, v0x5633f8d65660_190, v0x5633f8d65660_191, v0x5633f8d65660_192, v0x5633f8d65660_193;
E_0x5633f8d917f0/177 .event edge, v0x5633f8d65660_194, v0x5633f8d65660_195, v0x5633f8d65660_196, v0x5633f8d65660_197;
E_0x5633f8d917f0/178 .event edge, v0x5633f8d65660_198, v0x5633f8d65660_199, v0x5633f8d65660_200, v0x5633f8d65660_201;
E_0x5633f8d917f0/179 .event edge, v0x5633f8d65660_202, v0x5633f8d65660_203, v0x5633f8d65660_204, v0x5633f8d65660_205;
E_0x5633f8d917f0/180 .event edge, v0x5633f8d65660_206, v0x5633f8d65660_207, v0x5633f8d65660_208, v0x5633f8d65660_209;
E_0x5633f8d917f0/181 .event edge, v0x5633f8d65660_210, v0x5633f8d65660_211, v0x5633f8d65660_212, v0x5633f8d65660_213;
E_0x5633f8d917f0/182 .event edge, v0x5633f8d65660_214, v0x5633f8d65660_215, v0x5633f8d65660_216, v0x5633f8d65660_217;
E_0x5633f8d917f0/183 .event edge, v0x5633f8d65660_218, v0x5633f8d65660_219, v0x5633f8d65660_220, v0x5633f8d65660_221;
E_0x5633f8d917f0/184 .event edge, v0x5633f8d65660_222, v0x5633f8d65660_223, v0x5633f8d65660_224, v0x5633f8d65660_225;
E_0x5633f8d917f0/185 .event edge, v0x5633f8d65660_226, v0x5633f8d65660_227, v0x5633f8d65660_228, v0x5633f8d65660_229;
E_0x5633f8d917f0/186 .event edge, v0x5633f8d65660_230, v0x5633f8d65660_231, v0x5633f8d65660_232, v0x5633f8d65660_233;
E_0x5633f8d917f0/187 .event edge, v0x5633f8d65660_234, v0x5633f8d65660_235, v0x5633f8d65660_236, v0x5633f8d65660_237;
E_0x5633f8d917f0/188 .event edge, v0x5633f8d65660_238, v0x5633f8d65660_239, v0x5633f8d65660_240, v0x5633f8d65660_241;
E_0x5633f8d917f0/189 .event edge, v0x5633f8d65660_242, v0x5633f8d65660_243, v0x5633f8d65660_244, v0x5633f8d65660_245;
E_0x5633f8d917f0/190 .event edge, v0x5633f8d65660_246, v0x5633f8d65660_247, v0x5633f8d65660_248, v0x5633f8d65660_249;
E_0x5633f8d917f0/191 .event edge, v0x5633f8d65660_250, v0x5633f8d65660_251, v0x5633f8d65660_252, v0x5633f8d65660_253;
E_0x5633f8d917f0/192 .event edge, v0x5633f8d65660_254, v0x5633f8d65660_255, v0x5633f8d65660_256, v0x5633f8d65660_257;
E_0x5633f8d917f0/193 .event edge, v0x5633f8d65660_258, v0x5633f8d65660_259, v0x5633f8d65660_260, v0x5633f8d65660_261;
E_0x5633f8d917f0/194 .event edge, v0x5633f8d65660_262, v0x5633f8d65660_263, v0x5633f8d65660_264, v0x5633f8d65660_265;
E_0x5633f8d917f0/195 .event edge, v0x5633f8d65660_266, v0x5633f8d65660_267, v0x5633f8d65660_268, v0x5633f8d65660_269;
E_0x5633f8d917f0/196 .event edge, v0x5633f8d65660_270, v0x5633f8d65660_271, v0x5633f8d65660_272, v0x5633f8d65660_273;
E_0x5633f8d917f0/197 .event edge, v0x5633f8d65660_274, v0x5633f8d65660_275, v0x5633f8d65660_276, v0x5633f8d65660_277;
E_0x5633f8d917f0/198 .event edge, v0x5633f8d65660_278, v0x5633f8d65660_279, v0x5633f8d65660_280, v0x5633f8d65660_281;
E_0x5633f8d917f0/199 .event edge, v0x5633f8d65660_282, v0x5633f8d65660_283, v0x5633f8d65660_284, v0x5633f8d65660_285;
E_0x5633f8d917f0/200 .event edge, v0x5633f8d65660_286, v0x5633f8d65660_287, v0x5633f8d65660_288, v0x5633f8d65660_289;
E_0x5633f8d917f0/201 .event edge, v0x5633f8d65660_290, v0x5633f8d65660_291, v0x5633f8d65660_292, v0x5633f8d65660_293;
E_0x5633f8d917f0/202 .event edge, v0x5633f8d65660_294, v0x5633f8d65660_295, v0x5633f8d65660_296, v0x5633f8d65660_297;
E_0x5633f8d917f0/203 .event edge, v0x5633f8d65660_298, v0x5633f8d65660_299, v0x5633f8d65660_300, v0x5633f8d65660_301;
E_0x5633f8d917f0/204 .event edge, v0x5633f8d65660_302, v0x5633f8d65660_303, v0x5633f8d65660_304, v0x5633f8d65660_305;
E_0x5633f8d917f0/205 .event edge, v0x5633f8d65660_306, v0x5633f8d65660_307, v0x5633f8d65660_308, v0x5633f8d65660_309;
E_0x5633f8d917f0/206 .event edge, v0x5633f8d65660_310, v0x5633f8d65660_311, v0x5633f8d65660_312, v0x5633f8d65660_313;
E_0x5633f8d917f0/207 .event edge, v0x5633f8d65660_314, v0x5633f8d65660_315, v0x5633f8d65660_316, v0x5633f8d65660_317;
E_0x5633f8d917f0/208 .event edge, v0x5633f8d65660_318, v0x5633f8d65660_319, v0x5633f8d65660_320, v0x5633f8d65660_321;
E_0x5633f8d917f0/209 .event edge, v0x5633f8d65660_322, v0x5633f8d65660_323, v0x5633f8d65660_324, v0x5633f8d65660_325;
E_0x5633f8d917f0/210 .event edge, v0x5633f8d65660_326, v0x5633f8d65660_327, v0x5633f8d65660_328, v0x5633f8d65660_329;
E_0x5633f8d917f0/211 .event edge, v0x5633f8d65660_330, v0x5633f8d65660_331, v0x5633f8d65660_332, v0x5633f8d65660_333;
E_0x5633f8d917f0/212 .event edge, v0x5633f8d65660_334, v0x5633f8d65660_335, v0x5633f8d65660_336, v0x5633f8d65660_337;
E_0x5633f8d917f0/213 .event edge, v0x5633f8d65660_338, v0x5633f8d65660_339, v0x5633f8d65660_340, v0x5633f8d65660_341;
E_0x5633f8d917f0/214 .event edge, v0x5633f8d65660_342, v0x5633f8d65660_343, v0x5633f8d65660_344, v0x5633f8d65660_345;
E_0x5633f8d917f0/215 .event edge, v0x5633f8d65660_346, v0x5633f8d65660_347, v0x5633f8d65660_348, v0x5633f8d65660_349;
E_0x5633f8d917f0/216 .event edge, v0x5633f8d65660_350, v0x5633f8d65660_351, v0x5633f8d65660_352, v0x5633f8d65660_353;
E_0x5633f8d917f0/217 .event edge, v0x5633f8d65660_354, v0x5633f8d65660_355, v0x5633f8d65660_356, v0x5633f8d65660_357;
E_0x5633f8d917f0/218 .event edge, v0x5633f8d65660_358, v0x5633f8d65660_359, v0x5633f8d65660_360, v0x5633f8d65660_361;
E_0x5633f8d917f0/219 .event edge, v0x5633f8d65660_362, v0x5633f8d65660_363, v0x5633f8d65660_364, v0x5633f8d65660_365;
E_0x5633f8d917f0/220 .event edge, v0x5633f8d65660_366, v0x5633f8d65660_367, v0x5633f8d65660_368, v0x5633f8d65660_369;
E_0x5633f8d917f0/221 .event edge, v0x5633f8d65660_370, v0x5633f8d65660_371, v0x5633f8d65660_372, v0x5633f8d65660_373;
E_0x5633f8d917f0/222 .event edge, v0x5633f8d65660_374, v0x5633f8d65660_375, v0x5633f8d65660_376, v0x5633f8d65660_377;
E_0x5633f8d917f0/223 .event edge, v0x5633f8d65660_378, v0x5633f8d65660_379, v0x5633f8d65660_380, v0x5633f8d65660_381;
E_0x5633f8d917f0/224 .event edge, v0x5633f8d65660_382, v0x5633f8d65660_383, v0x5633f8d65660_384, v0x5633f8d65660_385;
E_0x5633f8d917f0/225 .event edge, v0x5633f8d65660_386, v0x5633f8d65660_387, v0x5633f8d65660_388, v0x5633f8d65660_389;
E_0x5633f8d917f0/226 .event edge, v0x5633f8d65660_390, v0x5633f8d65660_391, v0x5633f8d65660_392, v0x5633f8d65660_393;
E_0x5633f8d917f0/227 .event edge, v0x5633f8d65660_394, v0x5633f8d65660_395, v0x5633f8d65660_396, v0x5633f8d65660_397;
E_0x5633f8d917f0/228 .event edge, v0x5633f8d65660_398, v0x5633f8d65660_399, v0x5633f8d65660_400, v0x5633f8d65660_401;
E_0x5633f8d917f0/229 .event edge, v0x5633f8d65660_402, v0x5633f8d65660_403, v0x5633f8d65660_404, v0x5633f8d65660_405;
E_0x5633f8d917f0/230 .event edge, v0x5633f8d65660_406, v0x5633f8d65660_407, v0x5633f8d65660_408, v0x5633f8d65660_409;
E_0x5633f8d917f0/231 .event edge, v0x5633f8d65660_410, v0x5633f8d65660_411, v0x5633f8d65660_412, v0x5633f8d65660_413;
E_0x5633f8d917f0/232 .event edge, v0x5633f8d65660_414, v0x5633f8d65660_415, v0x5633f8d65660_416, v0x5633f8d65660_417;
E_0x5633f8d917f0/233 .event edge, v0x5633f8d65660_418, v0x5633f8d65660_419, v0x5633f8d65660_420, v0x5633f8d65660_421;
E_0x5633f8d917f0/234 .event edge, v0x5633f8d65660_422, v0x5633f8d65660_423, v0x5633f8d65660_424, v0x5633f8d65660_425;
E_0x5633f8d917f0/235 .event edge, v0x5633f8d65660_426, v0x5633f8d65660_427, v0x5633f8d65660_428, v0x5633f8d65660_429;
E_0x5633f8d917f0/236 .event edge, v0x5633f8d65660_430, v0x5633f8d65660_431, v0x5633f8d65660_432, v0x5633f8d65660_433;
E_0x5633f8d917f0/237 .event edge, v0x5633f8d65660_434, v0x5633f8d65660_435, v0x5633f8d65660_436, v0x5633f8d65660_437;
E_0x5633f8d917f0/238 .event edge, v0x5633f8d65660_438, v0x5633f8d65660_439, v0x5633f8d65660_440, v0x5633f8d65660_441;
E_0x5633f8d917f0/239 .event edge, v0x5633f8d65660_442, v0x5633f8d65660_443, v0x5633f8d65660_444, v0x5633f8d65660_445;
E_0x5633f8d917f0/240 .event edge, v0x5633f8d65660_446, v0x5633f8d65660_447, v0x5633f8d65660_448, v0x5633f8d65660_449;
E_0x5633f8d917f0/241 .event edge, v0x5633f8d65660_450, v0x5633f8d65660_451, v0x5633f8d65660_452, v0x5633f8d65660_453;
E_0x5633f8d917f0/242 .event edge, v0x5633f8d65660_454, v0x5633f8d65660_455, v0x5633f8d65660_456, v0x5633f8d65660_457;
E_0x5633f8d917f0/243 .event edge, v0x5633f8d65660_458, v0x5633f8d65660_459, v0x5633f8d65660_460, v0x5633f8d65660_461;
E_0x5633f8d917f0/244 .event edge, v0x5633f8d65660_462, v0x5633f8d65660_463, v0x5633f8d65660_464, v0x5633f8d65660_465;
E_0x5633f8d917f0/245 .event edge, v0x5633f8d65660_466, v0x5633f8d65660_467, v0x5633f8d65660_468, v0x5633f8d65660_469;
E_0x5633f8d917f0/246 .event edge, v0x5633f8d65660_470, v0x5633f8d65660_471, v0x5633f8d65660_472, v0x5633f8d65660_473;
E_0x5633f8d917f0/247 .event edge, v0x5633f8d65660_474, v0x5633f8d65660_475, v0x5633f8d65660_476, v0x5633f8d65660_477;
E_0x5633f8d917f0/248 .event edge, v0x5633f8d65660_478, v0x5633f8d65660_479, v0x5633f8d65660_480, v0x5633f8d65660_481;
E_0x5633f8d917f0/249 .event edge, v0x5633f8d65660_482, v0x5633f8d65660_483, v0x5633f8d65660_484, v0x5633f8d65660_485;
E_0x5633f8d917f0/250 .event edge, v0x5633f8d65660_486, v0x5633f8d65660_487, v0x5633f8d65660_488, v0x5633f8d65660_489;
E_0x5633f8d917f0/251 .event edge, v0x5633f8d65660_490, v0x5633f8d65660_491, v0x5633f8d65660_492, v0x5633f8d65660_493;
E_0x5633f8d917f0/252 .event edge, v0x5633f8d65660_494, v0x5633f8d65660_495, v0x5633f8d65660_496, v0x5633f8d65660_497;
E_0x5633f8d917f0/253 .event edge, v0x5633f8d65660_498, v0x5633f8d65660_499, v0x5633f8d65660_500, v0x5633f8d65660_501;
E_0x5633f8d917f0/254 .event edge, v0x5633f8d65660_502, v0x5633f8d65660_503, v0x5633f8d65660_504, v0x5633f8d65660_505;
E_0x5633f8d917f0/255 .event edge, v0x5633f8d65660_506, v0x5633f8d65660_507, v0x5633f8d65660_508, v0x5633f8d65660_509;
E_0x5633f8d917f0/256 .event edge, v0x5633f8d65660_510, v0x5633f8d65660_511, v0x5633f8d65700_0;
E_0x5633f8d917f0 .event/or E_0x5633f8d917f0/0, E_0x5633f8d917f0/1, E_0x5633f8d917f0/2, E_0x5633f8d917f0/3, E_0x5633f8d917f0/4, E_0x5633f8d917f0/5, E_0x5633f8d917f0/6, E_0x5633f8d917f0/7, E_0x5633f8d917f0/8, E_0x5633f8d917f0/9, E_0x5633f8d917f0/10, E_0x5633f8d917f0/11, E_0x5633f8d917f0/12, E_0x5633f8d917f0/13, E_0x5633f8d917f0/14, E_0x5633f8d917f0/15, E_0x5633f8d917f0/16, E_0x5633f8d917f0/17, E_0x5633f8d917f0/18, E_0x5633f8d917f0/19, E_0x5633f8d917f0/20, E_0x5633f8d917f0/21, E_0x5633f8d917f0/22, E_0x5633f8d917f0/23, E_0x5633f8d917f0/24, E_0x5633f8d917f0/25, E_0x5633f8d917f0/26, E_0x5633f8d917f0/27, E_0x5633f8d917f0/28, E_0x5633f8d917f0/29, E_0x5633f8d917f0/30, E_0x5633f8d917f0/31, E_0x5633f8d917f0/32, E_0x5633f8d917f0/33, E_0x5633f8d917f0/34, E_0x5633f8d917f0/35, E_0x5633f8d917f0/36, E_0x5633f8d917f0/37, E_0x5633f8d917f0/38, E_0x5633f8d917f0/39, E_0x5633f8d917f0/40, E_0x5633f8d917f0/41, E_0x5633f8d917f0/42, E_0x5633f8d917f0/43, E_0x5633f8d917f0/44, E_0x5633f8d917f0/45, E_0x5633f8d917f0/46, E_0x5633f8d917f0/47, E_0x5633f8d917f0/48, E_0x5633f8d917f0/49, E_0x5633f8d917f0/50, E_0x5633f8d917f0/51, E_0x5633f8d917f0/52, E_0x5633f8d917f0/53, E_0x5633f8d917f0/54, E_0x5633f8d917f0/55, E_0x5633f8d917f0/56, E_0x5633f8d917f0/57, E_0x5633f8d917f0/58, E_0x5633f8d917f0/59, E_0x5633f8d917f0/60, E_0x5633f8d917f0/61, E_0x5633f8d917f0/62, E_0x5633f8d917f0/63, E_0x5633f8d917f0/64, E_0x5633f8d917f0/65, E_0x5633f8d917f0/66, E_0x5633f8d917f0/67, E_0x5633f8d917f0/68, E_0x5633f8d917f0/69, E_0x5633f8d917f0/70, E_0x5633f8d917f0/71, E_0x5633f8d917f0/72, E_0x5633f8d917f0/73, E_0x5633f8d917f0/74, E_0x5633f8d917f0/75, E_0x5633f8d917f0/76, E_0x5633f8d917f0/77, E_0x5633f8d917f0/78, E_0x5633f8d917f0/79, E_0x5633f8d917f0/80, E_0x5633f8d917f0/81, E_0x5633f8d917f0/82, E_0x5633f8d917f0/83, E_0x5633f8d917f0/84, E_0x5633f8d917f0/85, E_0x5633f8d917f0/86, E_0x5633f8d917f0/87, E_0x5633f8d917f0/88, E_0x5633f8d917f0/89, E_0x5633f8d917f0/90, E_0x5633f8d917f0/91, E_0x5633f8d917f0/92, E_0x5633f8d917f0/93, E_0x5633f8d917f0/94, E_0x5633f8d917f0/95, E_0x5633f8d917f0/96, E_0x5633f8d917f0/97, E_0x5633f8d917f0/98, E_0x5633f8d917f0/99, E_0x5633f8d917f0/100, E_0x5633f8d917f0/101, E_0x5633f8d917f0/102, E_0x5633f8d917f0/103, E_0x5633f8d917f0/104, E_0x5633f8d917f0/105, E_0x5633f8d917f0/106, E_0x5633f8d917f0/107, E_0x5633f8d917f0/108, E_0x5633f8d917f0/109, E_0x5633f8d917f0/110, E_0x5633f8d917f0/111, E_0x5633f8d917f0/112, E_0x5633f8d917f0/113, E_0x5633f8d917f0/114, E_0x5633f8d917f0/115, E_0x5633f8d917f0/116, E_0x5633f8d917f0/117, E_0x5633f8d917f0/118, E_0x5633f8d917f0/119, E_0x5633f8d917f0/120, E_0x5633f8d917f0/121, E_0x5633f8d917f0/122, E_0x5633f8d917f0/123, E_0x5633f8d917f0/124, E_0x5633f8d917f0/125, E_0x5633f8d917f0/126, E_0x5633f8d917f0/127, E_0x5633f8d917f0/128, E_0x5633f8d917f0/129, E_0x5633f8d917f0/130, E_0x5633f8d917f0/131, E_0x5633f8d917f0/132, E_0x5633f8d917f0/133, E_0x5633f8d917f0/134, E_0x5633f8d917f0/135, E_0x5633f8d917f0/136, E_0x5633f8d917f0/137, E_0x5633f8d917f0/138, E_0x5633f8d917f0/139, E_0x5633f8d917f0/140, E_0x5633f8d917f0/141, E_0x5633f8d917f0/142, E_0x5633f8d917f0/143, E_0x5633f8d917f0/144, E_0x5633f8d917f0/145, E_0x5633f8d917f0/146, E_0x5633f8d917f0/147, E_0x5633f8d917f0/148, E_0x5633f8d917f0/149, E_0x5633f8d917f0/150, E_0x5633f8d917f0/151, E_0x5633f8d917f0/152, E_0x5633f8d917f0/153, E_0x5633f8d917f0/154, E_0x5633f8d917f0/155, E_0x5633f8d917f0/156, E_0x5633f8d917f0/157, E_0x5633f8d917f0/158, E_0x5633f8d917f0/159, E_0x5633f8d917f0/160, E_0x5633f8d917f0/161, E_0x5633f8d917f0/162, E_0x5633f8d917f0/163, E_0x5633f8d917f0/164, E_0x5633f8d917f0/165, E_0x5633f8d917f0/166, E_0x5633f8d917f0/167, E_0x5633f8d917f0/168, E_0x5633f8d917f0/169, E_0x5633f8d917f0/170, E_0x5633f8d917f0/171, E_0x5633f8d917f0/172, E_0x5633f8d917f0/173, E_0x5633f8d917f0/174, E_0x5633f8d917f0/175, E_0x5633f8d917f0/176, E_0x5633f8d917f0/177, E_0x5633f8d917f0/178, E_0x5633f8d917f0/179, E_0x5633f8d917f0/180, E_0x5633f8d917f0/181, E_0x5633f8d917f0/182, E_0x5633f8d917f0/183, E_0x5633f8d917f0/184, E_0x5633f8d917f0/185, E_0x5633f8d917f0/186, E_0x5633f8d917f0/187, E_0x5633f8d917f0/188, E_0x5633f8d917f0/189, E_0x5633f8d917f0/190, E_0x5633f8d917f0/191, E_0x5633f8d917f0/192, E_0x5633f8d917f0/193, E_0x5633f8d917f0/194, E_0x5633f8d917f0/195, E_0x5633f8d917f0/196, E_0x5633f8d917f0/197, E_0x5633f8d917f0/198, E_0x5633f8d917f0/199, E_0x5633f8d917f0/200, E_0x5633f8d917f0/201, E_0x5633f8d917f0/202, E_0x5633f8d917f0/203, E_0x5633f8d917f0/204, E_0x5633f8d917f0/205, E_0x5633f8d917f0/206, E_0x5633f8d917f0/207, E_0x5633f8d917f0/208, E_0x5633f8d917f0/209, E_0x5633f8d917f0/210, E_0x5633f8d917f0/211, E_0x5633f8d917f0/212, E_0x5633f8d917f0/213, E_0x5633f8d917f0/214, E_0x5633f8d917f0/215, E_0x5633f8d917f0/216, E_0x5633f8d917f0/217, E_0x5633f8d917f0/218, E_0x5633f8d917f0/219, E_0x5633f8d917f0/220, E_0x5633f8d917f0/221, E_0x5633f8d917f0/222, E_0x5633f8d917f0/223, E_0x5633f8d917f0/224, E_0x5633f8d917f0/225, E_0x5633f8d917f0/226, E_0x5633f8d917f0/227, E_0x5633f8d917f0/228, E_0x5633f8d917f0/229, E_0x5633f8d917f0/230, E_0x5633f8d917f0/231, E_0x5633f8d917f0/232, E_0x5633f8d917f0/233, E_0x5633f8d917f0/234, E_0x5633f8d917f0/235, E_0x5633f8d917f0/236, E_0x5633f8d917f0/237, E_0x5633f8d917f0/238, E_0x5633f8d917f0/239, E_0x5633f8d917f0/240, E_0x5633f8d917f0/241, E_0x5633f8d917f0/242, E_0x5633f8d917f0/243, E_0x5633f8d917f0/244, E_0x5633f8d917f0/245, E_0x5633f8d917f0/246, E_0x5633f8d917f0/247, E_0x5633f8d917f0/248, E_0x5633f8d917f0/249, E_0x5633f8d917f0/250, E_0x5633f8d917f0/251, E_0x5633f8d917f0/252, E_0x5633f8d917f0/253, E_0x5633f8d917f0/254, E_0x5633f8d917f0/255, E_0x5633f8d917f0/256;
S_0x5633f8d0f080 .scope begin, "$ivl_for_loop0" "$ivl_for_loop0" 3 27, 3 27 0, S_0x5633f8d19880;
 .timescale -9 -12;
v0x5633f8d768d0_0 .var/2s "i", 31 0;
S_0x5633f8dae4a0 .scope begin, "$ivl_for_loop1" "$ivl_for_loop1" 3 30, 3 30 0, S_0x5633f8d19880;
 .timescale -9 -12;
v0x5633f8d76dd0_0 .var/2s "i", 31 0;
S_0x5633f8dae6e0 .scope begin, "$ivl_for_loop2" "$ivl_for_loop2" 3 36, 3 36 0, S_0x5633f8d19880;
 .timescale -9 -12;
v0x5633f8d80f50_0 .var/2s "i", 31 0;
S_0x5633f8d19b60 .scope module, "loopback_register" "loopback_register" 4 7;
 .timescale -9 -12;
    .port_info 0 /INPUT 1 "clk";
    .port_info 1 /INPUT 1 "rst_n";
    .port_info 2 /INPUT 1 "en";
    .port_info 3 /INPUT 8192 "data_in";
    .port_info 4 /INPUT 1 "valid_in";
    .port_info 5 /OUTPUT 8192 "data_out";
    .port_info 6 /OUTPUT 1 "valid_out";
P_0x5633f8cc4660 .param/l "DATA_WIDTH" 0 4 8, +C4<00000000000000000000000000010000>;
P_0x5633f8cc46a0 .param/l "FLAT_W" 1 4 21, +C4<00000000000000000010000000000000>;
P_0x5633f8cc46e0 .param/l "VECTOR_LEN" 0 4 9, +C4<00000000000000000000001000000000>;
o0x7f0051d6b318 .functor BUFZ 1, C4<z>; HiZ drive
v0x5633f8dbf4a0_0 .net "clk", 0 0, o0x7f0051d6b318;  0 drivers
o0x7f0051d6b348 .functor BUFZ 16, C4<zzzzzzzzzzzzzzzz>; HiZ drive
v0x5633f8dbf580 .array "data_in", 511 0;
v0x5633f8dbf580_0 .net v0x5633f8dbf580 0, 15 0, o0x7f0051d6b348; 0 drivers
o0x7f0051d6b378 .functor BUFZ 16, C4<zzzzzzzzzzzzzzzz>; HiZ drive
v0x5633f8dbf580_1 .net v0x5633f8dbf580 1, 15 0, o0x7f0051d6b378; 0 drivers
o0x7f0051d6b3a8 .functor BUFZ 16, C4<zzzzzzzzzzzzzzzz>; HiZ drive
v0x5633f8dbf580_2 .net v0x5633f8dbf580 2, 15 0, o0x7f0051d6b3a8; 0 drivers
o0x7f0051d6b3d8 .functor BUFZ 16, C4<zzzzzzzzzzzzzzzz>; HiZ drive
v0x5633f8dbf580_3 .net v0x5633f8dbf580 3, 15 0, o0x7f0051d6b3d8; 0 drivers
o0x7f0051d6b408 .functor BUFZ 16, C4<zzzzzzzzzzzzzzzz>; HiZ drive
v0x5633f8dbf580_4 .net v0x5633f8dbf580 4, 15 0, o0x7f0051d6b408; 0 drivers
o0x7f0051d6b438 .functor BUFZ 16, C4<zzzzzzzzzzzzzzzz>; HiZ drive
v0x5633f8dbf580_5 .net v0x5633f8dbf580 5, 15 0, o0x7f0051d6b438; 0 drivers
o0x7f0051d6b468 .functor BUFZ 16, C4<zzzzzzzzzzzzzzzz>; HiZ drive
v0x5633f8dbf580_6 .net v0x5633f8dbf580 6, 15 0, o0x7f0051d6b468; 0 drivers
o0x7f0051d6b498 .functor BUFZ 16, C4<zzzzzzzzzzzzzzzz>; HiZ drive
v0x5633f8dbf580_7 .net v0x5633f8dbf580 7, 15 0, o0x7f0051d6b498; 0 drivers
o0x7f0051d6b4c8 .functor BUFZ 16, C4<zzzzzzzzzzzzzzzz>; HiZ drive
v0x5633f8dbf580_8 .net v0x5633f8dbf580 8, 15 0, o0x7f0051d6b4c8; 0 drivers
o0x7f0051d6b4f8 .functor BUFZ 16, C4<zzzzzzzzzzzzzzzz>; HiZ drive
v0x5633f8dbf580_9 .net v0x5633f8dbf580 9, 15 0, o0x7f0051d6b4f8; 0 drivers
o0x7f0051d6b528 .functor BUFZ 16, C4<zzzzzzzzzzzzzzzz>; HiZ drive
v0x5633f8dbf580_10 .net v0x5633f8dbf580 10, 15 0, o0x7f0051d6b528; 0 drivers
o0x7f0051d6b558 .functor BUFZ 16, C4<zzzzzzzzzzzzzzzz>; HiZ drive
v0x5633f8dbf580_11 .net v0x5633f8dbf580 11, 15 0, o0x7f0051d6b558; 0 drivers
o0x7f0051d6b588 .functor BUFZ 16, C4<zzzzzzzzzzzzzzzz>; HiZ drive
v0x5633f8dbf580_12 .net v0x5633f8dbf580 12, 15 0, o0x7f0051d6b588; 0 drivers
o0x7f0051d6b5b8 .functor BUFZ 16, C4<zzzzzzzzzzzzzzzz>; HiZ drive
v0x5633f8dbf580_13 .net v0x5633f8dbf580 13, 15 0, o0x7f0051d6b5b8; 0 drivers
o0x7f0051d6b5e8 .functor BUFZ 16, C4<zzzzzzzzzzzzzzzz>; HiZ drive
v0x5633f8dbf580_14 .net v0x5633f8dbf580 14, 15 0, o0x7f0051d6b5e8; 0 drivers
o0x7f0051d6b618 .functor BUFZ 16, C4<zzzzzzzzzzzzzzzz>; HiZ drive
v0x5633f8dbf580_15 .net v0x5633f8dbf580 15, 15 0, o0x7f0051d6b618; 0 drivers
o0x7f0051d6b648 .functor BUFZ 16, C4<zzzzzzzzzzzzzzzz>; HiZ drive
v0x5633f8dbf580_16 .net v0x5633f8dbf580 16, 15 0, o0x7f0051d6b648; 0 drivers
o0x7f0051d6b678 .functor BUFZ 16, C4<zzzzzzzzzzzzzzzz>; HiZ drive
v0x5633f8dbf580_17 .net v0x5633f8dbf580 17, 15 0, o0x7f0051d6b678; 0 drivers
o0x7f0051d6b6a8 .functor BUFZ 16, C4<zzzzzzzzzzzzzzzz>; HiZ drive
v0x5633f8dbf580_18 .net v0x5633f8dbf580 18, 15 0, o0x7f0051d6b6a8; 0 drivers
o0x7f0051d6b6d8 .functor BUFZ 16, C4<zzzzzzzzzzzzzzzz>; HiZ drive
v0x5633f8dbf580_19 .net v0x5633f8dbf580 19, 15 0, o0x7f0051d6b6d8; 0 drivers
o0x7f0051d6b708 .functor BUFZ 16, C4<zzzzzzzzzzzzzzzz>; HiZ drive
v0x5633f8dbf580_20 .net v0x5633f8dbf580 20, 15 0, o0x7f0051d6b708; 0 drivers
o0x7f0051d6b738 .functor BUFZ 16, C4<zzzzzzzzzzzzzzzz>; HiZ drive
v0x5633f8dbf580_21 .net v0x5633f8dbf580 21, 15 0, o0x7f0051d6b738; 0 drivers
o0x7f0051d6b768 .functor BUFZ 16, C4<zzzzzzzzzzzzzzzz>; HiZ drive
v0x5633f8dbf580_22 .net v0x5633f8dbf580 22, 15 0, o0x7f0051d6b768; 0 drivers
o0x7f0051d6b798 .functor BUFZ 16, C4<zzzzzzzzzzzzzzzz>; HiZ drive
v0x5633f8dbf580_23 .net v0x5633f8dbf580 23, 15 0, o0x7f0051d6b798; 0 drivers
o0x7f0051d6b7c8 .functor BUFZ 16, C4<zzzzzzzzzzzzzzzz>; HiZ drive
v0x5633f8dbf580_24 .net v0x5633f8dbf580 24, 15 0, o0x7f0051d6b7c8; 0 drivers
o0x7f0051d6b7f8 .functor BUFZ 16, C4<zzzzzzzzzzzzzzzz>; HiZ drive
v0x5633f8dbf580_25 .net v0x5633f8dbf580 25, 15 0, o0x7f0051d6b7f8; 0 drivers
o0x7f0051d6b828 .functor BUFZ 16, C4<zzzzzzzzzzzzzzzz>; HiZ drive
v0x5633f8dbf580_26 .net v0x5633f8dbf580 26, 15 0, o0x7f0051d6b828; 0 drivers
o0x7f0051d6b858 .functor BUFZ 16, C4<zzzzzzzzzzzzzzzz>; HiZ drive
v0x5633f8dbf580_27 .net v0x5633f8dbf580 27, 15 0, o0x7f0051d6b858; 0 drivers
o0x7f0051d6b888 .functor BUFZ 16, C4<zzzzzzzzzzzzzzzz>; HiZ drive
v0x5633f8dbf580_28 .net v0x5633f8dbf580 28, 15 0, o0x7f0051d6b888; 0 drivers
o0x7f0051d6b8b8 .functor BUFZ 16, C4<zzzzzzzzzzzzzzzz>; HiZ drive
v0x5633f8dbf580_29 .net v0x5633f8dbf580 29, 15 0, o0x7f0051d6b8b8; 0 drivers
o0x7f0051d6b8e8 .functor BUFZ 16, C4<zzzzzzzzzzzzzzzz>; HiZ drive
v0x5633f8dbf580_30 .net v0x5633f8dbf580 30, 15 0, o0x7f0051d6b8e8; 0 drivers
o0x7f0051d6b918 .functor BUFZ 16, C4<zzzzzzzzzzzzzzzz>; HiZ drive
v0x5633f8dbf580_31 .net v0x5633f8dbf580 31, 15 0, o0x7f0051d6b918; 0 drivers
o0x7f0051d6b948 .functor BUFZ 16, C4<zzzzzzzzzzzzzzzz>; HiZ drive
v0x5633f8dbf580_32 .net v0x5633f8dbf580 32, 15 0, o0x7f0051d6b948; 0 drivers
o0x7f0051d6b978 .functor BUFZ 16, C4<zzzzzzzzzzzzzzzz>; HiZ drive
v0x5633f8dbf580_33 .net v0x5633f8dbf580 33, 15 0, o0x7f0051d6b978; 0 drivers
o0x7f0051d6b9a8 .functor BUFZ 16, C4<zzzzzzzzzzzzzzzz>; HiZ drive
v0x5633f8dbf580_34 .net v0x5633f8dbf580 34, 15 0, o0x7f0051d6b9a8; 0 drivers
o0x7f0051d6b9d8 .functor BUFZ 16, C4<zzzzzzzzzzzzzzzz>; HiZ drive
v0x5633f8dbf580_35 .net v0x5633f8dbf580 35, 15 0, o0x7f0051d6b9d8; 0 drivers
o0x7f0051d6ba08 .functor BUFZ 16, C4<zzzzzzzzzzzzzzzz>; HiZ drive
v0x5633f8dbf580_36 .net v0x5633f8dbf580 36, 15 0, o0x7f0051d6ba08; 0 drivers
o0x7f0051d6ba38 .functor BUFZ 16, C4<zzzzzzzzzzzzzzzz>; HiZ drive
v0x5633f8dbf580_37 .net v0x5633f8dbf580 37, 15 0, o0x7f0051d6ba38; 0 drivers
o0x7f0051d6ba68 .functor BUFZ 16, C4<zzzzzzzzzzzzzzzz>; HiZ drive
v0x5633f8dbf580_38 .net v0x5633f8dbf580 38, 15 0, o0x7f0051d6ba68; 0 drivers
o0x7f0051d6ba98 .functor BUFZ 16, C4<zzzzzzzzzzzzzzzz>; HiZ drive
v0x5633f8dbf580_39 .net v0x5633f8dbf580 39, 15 0, o0x7f0051d6ba98; 0 drivers
o0x7f0051d6bac8 .functor BUFZ 16, C4<zzzzzzzzzzzzzzzz>; HiZ drive
v0x5633f8dbf580_40 .net v0x5633f8dbf580 40, 15 0, o0x7f0051d6bac8; 0 drivers
o0x7f0051d6baf8 .functor BUFZ 16, C4<zzzzzzzzzzzzzzzz>; HiZ drive
v0x5633f8dbf580_41 .net v0x5633f8dbf580 41, 15 0, o0x7f0051d6baf8; 0 drivers
o0x7f0051d6bb28 .functor BUFZ 16, C4<zzzzzzzzzzzzzzzz>; HiZ drive
v0x5633f8dbf580_42 .net v0x5633f8dbf580 42, 15 0, o0x7f0051d6bb28; 0 drivers
o0x7f0051d6bb58 .functor BUFZ 16, C4<zzzzzzzzzzzzzzzz>; HiZ drive
v0x5633f8dbf580_43 .net v0x5633f8dbf580 43, 15 0, o0x7f0051d6bb58; 0 drivers
o0x7f0051d6bb88 .functor BUFZ 16, C4<zzzzzzzzzzzzzzzz>; HiZ drive
v0x5633f8dbf580_44 .net v0x5633f8dbf580 44, 15 0, o0x7f0051d6bb88; 0 drivers
o0x7f0051d6bbb8 .functor BUFZ 16, C4<zzzzzzzzzzzzzzzz>; HiZ drive
v0x5633f8dbf580_45 .net v0x5633f8dbf580 45, 15 0, o0x7f0051d6bbb8; 0 drivers
o0x7f0051d6bbe8 .functor BUFZ 16, C4<zzzzzzzzzzzzzzzz>; HiZ drive
v0x5633f8dbf580_46 .net v0x5633f8dbf580 46, 15 0, o0x7f0051d6bbe8; 0 drivers
o0x7f0051d6bc18 .functor BUFZ 16, C4<zzzzzzzzzzzzzzzz>; HiZ drive
v0x5633f8dbf580_47 .net v0x5633f8dbf580 47, 15 0, o0x7f0051d6bc18; 0 drivers
o0x7f0051d6bc48 .functor BUFZ 16, C4<zzzzzzzzzzzzzzzz>; HiZ drive
v0x5633f8dbf580_48 .net v0x5633f8dbf580 48, 15 0, o0x7f0051d6bc48; 0 drivers
o0x7f0051d6bc78 .functor BUFZ 16, C4<zzzzzzzzzzzzzzzz>; HiZ drive
v0x5633f8dbf580_49 .net v0x5633f8dbf580 49, 15 0, o0x7f0051d6bc78; 0 drivers
o0x7f0051d6bca8 .functor BUFZ 16, C4<zzzzzzzzzzzzzzzz>; HiZ drive
v0x5633f8dbf580_50 .net v0x5633f8dbf580 50, 15 0, o0x7f0051d6bca8; 0 drivers
o0x7f0051d6bcd8 .functor BUFZ 16, C4<zzzzzzzzzzzzzzzz>; HiZ drive
v0x5633f8dbf580_51 .net v0x5633f8dbf580 51, 15 0, o0x7f0051d6bcd8; 0 drivers
o0x7f0051d6bd08 .functor BUFZ 16, C4<zzzzzzzzzzzzzzzz>; HiZ drive
v0x5633f8dbf580_52 .net v0x5633f8dbf580 52, 15 0, o0x7f0051d6bd08; 0 drivers
o0x7f0051d6bd38 .functor BUFZ 16, C4<zzzzzzzzzzzzzzzz>; HiZ drive
v0x5633f8dbf580_53 .net v0x5633f8dbf580 53, 15 0, o0x7f0051d6bd38; 0 drivers
o0x7f0051d6bd68 .functor BUFZ 16, C4<zzzzzzzzzzzzzzzz>; HiZ drive
v0x5633f8dbf580_54 .net v0x5633f8dbf580 54, 15 0, o0x7f0051d6bd68; 0 drivers
o0x7f0051d6bd98 .functor BUFZ 16, C4<zzzzzzzzzzzzzzzz>; HiZ drive
v0x5633f8dbf580_55 .net v0x5633f8dbf580 55, 15 0, o0x7f0051d6bd98; 0 drivers
o0x7f0051d6bdc8 .functor BUFZ 16, C4<zzzzzzzzzzzzzzzz>; HiZ drive
v0x5633f8dbf580_56 .net v0x5633f8dbf580 56, 15 0, o0x7f0051d6bdc8; 0 drivers
o0x7f0051d6bdf8 .functor BUFZ 16, C4<zzzzzzzzzzzzzzzz>; HiZ drive
v0x5633f8dbf580_57 .net v0x5633f8dbf580 57, 15 0, o0x7f0051d6bdf8; 0 drivers
o0x7f0051d6be28 .functor BUFZ 16, C4<zzzzzzzzzzzzzzzz>; HiZ drive
v0x5633f8dbf580_58 .net v0x5633f8dbf580 58, 15 0, o0x7f0051d6be28; 0 drivers
o0x7f0051d6be58 .functor BUFZ 16, C4<zzzzzzzzzzzzzzzz>; HiZ drive
v0x5633f8dbf580_59 .net v0x5633f8dbf580 59, 15 0, o0x7f0051d6be58; 0 drivers
o0x7f0051d6be88 .functor BUFZ 16, C4<zzzzzzzzzzzzzzzz>; HiZ drive
v0x5633f8dbf580_60 .net v0x5633f8dbf580 60, 15 0, o0x7f0051d6be88; 0 drivers
o0x7f0051d6beb8 .functor BUFZ 16, C4<zzzzzzzzzzzzzzzz>; HiZ drive
v0x5633f8dbf580_61 .net v0x5633f8dbf580 61, 15 0, o0x7f0051d6beb8; 0 drivers
o0x7f0051d6bee8 .functor BUFZ 16, C4<zzzzzzzzzzzzzzzz>; HiZ drive
v0x5633f8dbf580_62 .net v0x5633f8dbf580 62, 15 0, o0x7f0051d6bee8; 0 drivers
o0x7f0051d6bf18 .functor BUFZ 16, C4<zzzzzzzzzzzzzzzz>; HiZ drive
v0x5633f8dbf580_63 .net v0x5633f8dbf580 63, 15 0, o0x7f0051d6bf18; 0 drivers
o0x7f0051d6bf48 .functor BUFZ 16, C4<zzzzzzzzzzzzzzzz>; HiZ drive
v0x5633f8dbf580_64 .net v0x5633f8dbf580 64, 15 0, o0x7f0051d6bf48; 0 drivers
o0x7f0051d6bf78 .functor BUFZ 16, C4<zzzzzzzzzzzzzzzz>; HiZ drive
v0x5633f8dbf580_65 .net v0x5633f8dbf580 65, 15 0, o0x7f0051d6bf78; 0 drivers
o0x7f0051d6bfa8 .functor BUFZ 16, C4<zzzzzzzzzzzzzzzz>; HiZ drive
v0x5633f8dbf580_66 .net v0x5633f8dbf580 66, 15 0, o0x7f0051d6bfa8; 0 drivers
o0x7f0051d6bfd8 .functor BUFZ 16, C4<zzzzzzzzzzzzzzzz>; HiZ drive
v0x5633f8dbf580_67 .net v0x5633f8dbf580 67, 15 0, o0x7f0051d6bfd8; 0 drivers
o0x7f0051d6c008 .functor BUFZ 16, C4<zzzzzzzzzzzzzzzz>; HiZ drive
v0x5633f8dbf580_68 .net v0x5633f8dbf580 68, 15 0, o0x7f0051d6c008; 0 drivers
o0x7f0051d6c038 .functor BUFZ 16, C4<zzzzzzzzzzzzzzzz>; HiZ drive
v0x5633f8dbf580_69 .net v0x5633f8dbf580 69, 15 0, o0x7f0051d6c038; 0 drivers
o0x7f0051d6c068 .functor BUFZ 16, C4<zzzzzzzzzzzzzzzz>; HiZ drive
v0x5633f8dbf580_70 .net v0x5633f8dbf580 70, 15 0, o0x7f0051d6c068; 0 drivers
o0x7f0051d6c098 .functor BUFZ 16, C4<zzzzzzzzzzzzzzzz>; HiZ drive
v0x5633f8dbf580_71 .net v0x5633f8dbf580 71, 15 0, o0x7f0051d6c098; 0 drivers
o0x7f0051d6c0c8 .functor BUFZ 16, C4<zzzzzzzzzzzzzzzz>; HiZ drive
v0x5633f8dbf580_72 .net v0x5633f8dbf580 72, 15 0, o0x7f0051d6c0c8; 0 drivers
o0x7f0051d6c0f8 .functor BUFZ 16, C4<zzzzzzzzzzzzzzzz>; HiZ drive
v0x5633f8dbf580_73 .net v0x5633f8dbf580 73, 15 0, o0x7f0051d6c0f8; 0 drivers
o0x7f0051d6c128 .functor BUFZ 16, C4<zzzzzzzzzzzzzzzz>; HiZ drive
v0x5633f8dbf580_74 .net v0x5633f8dbf580 74, 15 0, o0x7f0051d6c128; 0 drivers
o0x7f0051d6c158 .functor BUFZ 16, C4<zzzzzzzzzzzzzzzz>; HiZ drive
v0x5633f8dbf580_75 .net v0x5633f8dbf580 75, 15 0, o0x7f0051d6c158; 0 drivers
o0x7f0051d6c188 .functor BUFZ 16, C4<zzzzzzzzzzzzzzzz>; HiZ drive
v0x5633f8dbf580_76 .net v0x5633f8dbf580 76, 15 0, o0x7f0051d6c188; 0 drivers
o0x7f0051d6c1b8 .functor BUFZ 16, C4<zzzzzzzzzzzzzzzz>; HiZ drive
v0x5633f8dbf580_77 .net v0x5633f8dbf580 77, 15 0, o0x7f0051d6c1b8; 0 drivers
o0x7f0051d6c1e8 .functor BUFZ 16, C4<zzzzzzzzzzzzzzzz>; HiZ drive
v0x5633f8dbf580_78 .net v0x5633f8dbf580 78, 15 0, o0x7f0051d6c1e8; 0 drivers
o0x7f0051d6c218 .functor BUFZ 16, C4<zzzzzzzzzzzzzzzz>; HiZ drive
v0x5633f8dbf580_79 .net v0x5633f8dbf580 79, 15 0, o0x7f0051d6c218; 0 drivers
o0x7f0051d6c248 .functor BUFZ 16, C4<zzzzzzzzzzzzzzzz>; HiZ drive
v0x5633f8dbf580_80 .net v0x5633f8dbf580 80, 15 0, o0x7f0051d6c248; 0 drivers
o0x7f0051d6c278 .functor BUFZ 16, C4<zzzzzzzzzzzzzzzz>; HiZ drive
v0x5633f8dbf580_81 .net v0x5633f8dbf580 81, 15 0, o0x7f0051d6c278; 0 drivers
o0x7f0051d6c2a8 .functor BUFZ 16, C4<zzzzzzzzzzzzzzzz>; HiZ drive
v0x5633f8dbf580_82 .net v0x5633f8dbf580 82, 15 0, o0x7f0051d6c2a8; 0 drivers
o0x7f0051d6c2d8 .functor BUFZ 16, C4<zzzzzzzzzzzzzzzz>; HiZ drive
v0x5633f8dbf580_83 .net v0x5633f8dbf580 83, 15 0, o0x7f0051d6c2d8; 0 drivers
o0x7f0051d6c308 .functor BUFZ 16, C4<zzzzzzzzzzzzzzzz>; HiZ drive
v0x5633f8dbf580_84 .net v0x5633f8dbf580 84, 15 0, o0x7f0051d6c308; 0 drivers
o0x7f0051d6c338 .functor BUFZ 16, C4<zzzzzzzzzzzzzzzz>; HiZ drive
v0x5633f8dbf580_85 .net v0x5633f8dbf580 85, 15 0, o0x7f0051d6c338; 0 drivers
o0x7f0051d6c368 .functor BUFZ 16, C4<zzzzzzzzzzzzzzzz>; HiZ drive
v0x5633f8dbf580_86 .net v0x5633f8dbf580 86, 15 0, o0x7f0051d6c368; 0 drivers
o0x7f0051d6c398 .functor BUFZ 16, C4<zzzzzzzzzzzzzzzz>; HiZ drive
v0x5633f8dbf580_87 .net v0x5633f8dbf580 87, 15 0, o0x7f0051d6c398; 0 drivers
o0x7f0051d6c3c8 .functor BUFZ 16, C4<zzzzzzzzzzzzzzzz>; HiZ drive
v0x5633f8dbf580_88 .net v0x5633f8dbf580 88, 15 0, o0x7f0051d6c3c8; 0 drivers
o0x7f0051d6c3f8 .functor BUFZ 16, C4<zzzzzzzzzzzzzzzz>; HiZ drive
v0x5633f8dbf580_89 .net v0x5633f8dbf580 89, 15 0, o0x7f0051d6c3f8; 0 drivers
o0x7f0051d6c428 .functor BUFZ 16, C4<zzzzzzzzzzzzzzzz>; HiZ drive
v0x5633f8dbf580_90 .net v0x5633f8dbf580 90, 15 0, o0x7f0051d6c428; 0 drivers
o0x7f0051d6c458 .functor BUFZ 16, C4<zzzzzzzzzzzzzzzz>; HiZ drive
v0x5633f8dbf580_91 .net v0x5633f8dbf580 91, 15 0, o0x7f0051d6c458; 0 drivers
o0x7f0051d6c488 .functor BUFZ 16, C4<zzzzzzzzzzzzzzzz>; HiZ drive
v0x5633f8dbf580_92 .net v0x5633f8dbf580 92, 15 0, o0x7f0051d6c488; 0 drivers
o0x7f0051d6c4b8 .functor BUFZ 16, C4<zzzzzzzzzzzzzzzz>; HiZ drive
v0x5633f8dbf580_93 .net v0x5633f8dbf580 93, 15 0, o0x7f0051d6c4b8; 0 drivers
o0x7f0051d6c4e8 .functor BUFZ 16, C4<zzzzzzzzzzzzzzzz>; HiZ drive
v0x5633f8dbf580_94 .net v0x5633f8dbf580 94, 15 0, o0x7f0051d6c4e8; 0 drivers
o0x7f0051d6c518 .functor BUFZ 16, C4<zzzzzzzzzzzzzzzz>; HiZ drive
v0x5633f8dbf580_95 .net v0x5633f8dbf580 95, 15 0, o0x7f0051d6c518; 0 drivers
o0x7f0051d6c548 .functor BUFZ 16, C4<zzzzzzzzzzzzzzzz>; HiZ drive
v0x5633f8dbf580_96 .net v0x5633f8dbf580 96, 15 0, o0x7f0051d6c548; 0 drivers
o0x7f0051d6c578 .functor BUFZ 16, C4<zzzzzzzzzzzzzzzz>; HiZ drive
v0x5633f8dbf580_97 .net v0x5633f8dbf580 97, 15 0, o0x7f0051d6c578; 0 drivers
o0x7f0051d6c5a8 .functor BUFZ 16, C4<zzzzzzzzzzzzzzzz>; HiZ drive
v0x5633f8dbf580_98 .net v0x5633f8dbf580 98, 15 0, o0x7f0051d6c5a8; 0 drivers
o0x7f0051d6c5d8 .functor BUFZ 16, C4<zzzzzzzzzzzzzzzz>; HiZ drive
v0x5633f8dbf580_99 .net v0x5633f8dbf580 99, 15 0, o0x7f0051d6c5d8; 0 drivers
o0x7f0051d6c608 .functor BUFZ 16, C4<zzzzzzzzzzzzzzzz>; HiZ drive
v0x5633f8dbf580_100 .net v0x5633f8dbf580 100, 15 0, o0x7f0051d6c608; 0 drivers
o0x7f0051d6c638 .functor BUFZ 16, C4<zzzzzzzzzzzzzzzz>; HiZ drive
v0x5633f8dbf580_101 .net v0x5633f8dbf580 101, 15 0, o0x7f0051d6c638; 0 drivers
o0x7f0051d6c668 .functor BUFZ 16, C4<zzzzzzzzzzzzzzzz>; HiZ drive
v0x5633f8dbf580_102 .net v0x5633f8dbf580 102, 15 0, o0x7f0051d6c668; 0 drivers
o0x7f0051d6c698 .functor BUFZ 16, C4<zzzzzzzzzzzzzzzz>; HiZ drive
v0x5633f8dbf580_103 .net v0x5633f8dbf580 103, 15 0, o0x7f0051d6c698; 0 drivers
o0x7f0051d6c6c8 .functor BUFZ 16, C4<zzzzzzzzzzzzzzzz>; HiZ drive
v0x5633f8dbf580_104 .net v0x5633f8dbf580 104, 15 0, o0x7f0051d6c6c8; 0 drivers
o0x7f0051d6c6f8 .functor BUFZ 16, C4<zzzzzzzzzzzzzzzz>; HiZ drive
v0x5633f8dbf580_105 .net v0x5633f8dbf580 105, 15 0, o0x7f0051d6c6f8; 0 drivers
o0x7f0051d6c728 .functor BUFZ 16, C4<zzzzzzzzzzzzzzzz>; HiZ drive
v0x5633f8dbf580_106 .net v0x5633f8dbf580 106, 15 0, o0x7f0051d6c728; 0 drivers
o0x7f0051d6c758 .functor BUFZ 16, C4<zzzzzzzzzzzzzzzz>; HiZ drive
v0x5633f8dbf580_107 .net v0x5633f8dbf580 107, 15 0, o0x7f0051d6c758; 0 drivers
o0x7f0051d6c788 .functor BUFZ 16, C4<zzzzzzzzzzzzzzzz>; HiZ drive
v0x5633f8dbf580_108 .net v0x5633f8dbf580 108, 15 0, o0x7f0051d6c788; 0 drivers
o0x7f0051d6c7b8 .functor BUFZ 16, C4<zzzzzzzzzzzzzzzz>; HiZ drive
v0x5633f8dbf580_109 .net v0x5633f8dbf580 109, 15 0, o0x7f0051d6c7b8; 0 drivers
o0x7f0051d6c7e8 .functor BUFZ 16, C4<zzzzzzzzzzzzzzzz>; HiZ drive
v0x5633f8dbf580_110 .net v0x5633f8dbf580 110, 15 0, o0x7f0051d6c7e8; 0 drivers
o0x7f0051d6c818 .functor BUFZ 16, C4<zzzzzzzzzzzzzzzz>; HiZ drive
v0x5633f8dbf580_111 .net v0x5633f8dbf580 111, 15 0, o0x7f0051d6c818; 0 drivers
o0x7f0051d6c848 .functor BUFZ 16, C4<zzzzzzzzzzzzzzzz>; HiZ drive
v0x5633f8dbf580_112 .net v0x5633f8dbf580 112, 15 0, o0x7f0051d6c848; 0 drivers
o0x7f0051d6c878 .functor BUFZ 16, C4<zzzzzzzzzzzzzzzz>; HiZ drive
v0x5633f8dbf580_113 .net v0x5633f8dbf580 113, 15 0, o0x7f0051d6c878; 0 drivers
o0x7f0051d6c8a8 .functor BUFZ 16, C4<zzzzzzzzzzzzzzzz>; HiZ drive
v0x5633f8dbf580_114 .net v0x5633f8dbf580 114, 15 0, o0x7f0051d6c8a8; 0 drivers
o0x7f0051d6c8d8 .functor BUFZ 16, C4<zzzzzzzzzzzzzzzz>; HiZ drive
v0x5633f8dbf580_115 .net v0x5633f8dbf580 115, 15 0, o0x7f0051d6c8d8; 0 drivers
o0x7f0051d6c908 .functor BUFZ 16, C4<zzzzzzzzzzzzzzzz>; HiZ drive
v0x5633f8dbf580_116 .net v0x5633f8dbf580 116, 15 0, o0x7f0051d6c908; 0 drivers
o0x7f0051d6c938 .functor BUFZ 16, C4<zzzzzzzzzzzzzzzz>; HiZ drive
v0x5633f8dbf580_117 .net v0x5633f8dbf580 117, 15 0, o0x7f0051d6c938; 0 drivers
o0x7f0051d6c968 .functor BUFZ 16, C4<zzzzzzzzzzzzzzzz>; HiZ drive
v0x5633f8dbf580_118 .net v0x5633f8dbf580 118, 15 0, o0x7f0051d6c968; 0 drivers
o0x7f0051d6c998 .functor BUFZ 16, C4<zzzzzzzzzzzzzzzz>; HiZ drive
v0x5633f8dbf580_119 .net v0x5633f8dbf580 119, 15 0, o0x7f0051d6c998; 0 drivers
o0x7f0051d6c9c8 .functor BUFZ 16, C4<zzzzzzzzzzzzzzzz>; HiZ drive
v0x5633f8dbf580_120 .net v0x5633f8dbf580 120, 15 0, o0x7f0051d6c9c8; 0 drivers
o0x7f0051d6c9f8 .functor BUFZ 16, C4<zzzzzzzzzzzzzzzz>; HiZ drive
v0x5633f8dbf580_121 .net v0x5633f8dbf580 121, 15 0, o0x7f0051d6c9f8; 0 drivers
o0x7f0051d6ca28 .functor BUFZ 16, C4<zzzzzzzzzzzzzzzz>; HiZ drive
v0x5633f8dbf580_122 .net v0x5633f8dbf580 122, 15 0, o0x7f0051d6ca28; 0 drivers
o0x7f0051d6ca58 .functor BUFZ 16, C4<zzzzzzzzzzzzzzzz>; HiZ drive
v0x5633f8dbf580_123 .net v0x5633f8dbf580 123, 15 0, o0x7f0051d6ca58; 0 drivers
o0x7f0051d6ca88 .functor BUFZ 16, C4<zzzzzzzzzzzzzzzz>; HiZ drive
v0x5633f8dbf580_124 .net v0x5633f8dbf580 124, 15 0, o0x7f0051d6ca88; 0 drivers
o0x7f0051d6cab8 .functor BUFZ 16, C4<zzzzzzzzzzzzzzzz>; HiZ drive
v0x5633f8dbf580_125 .net v0x5633f8dbf580 125, 15 0, o0x7f0051d6cab8; 0 drivers
o0x7f0051d6cae8 .functor BUFZ 16, C4<zzzzzzzzzzzzzzzz>; HiZ drive
v0x5633f8dbf580_126 .net v0x5633f8dbf580 126, 15 0, o0x7f0051d6cae8; 0 drivers
o0x7f0051d6cb18 .functor BUFZ 16, C4<zzzzzzzzzzzzzzzz>; HiZ drive
v0x5633f8dbf580_127 .net v0x5633f8dbf580 127, 15 0, o0x7f0051d6cb18; 0 drivers
o0x7f0051d6cb48 .functor BUFZ 16, C4<zzzzzzzzzzzzzzzz>; HiZ drive
v0x5633f8dbf580_128 .net v0x5633f8dbf580 128, 15 0, o0x7f0051d6cb48; 0 drivers
o0x7f0051d6cb78 .functor BUFZ 16, C4<zzzzzzzzzzzzzzzz>; HiZ drive
v0x5633f8dbf580_129 .net v0x5633f8dbf580 129, 15 0, o0x7f0051d6cb78; 0 drivers
o0x7f0051d6cba8 .functor BUFZ 16, C4<zzzzzzzzzzzzzzzz>; HiZ drive
v0x5633f8dbf580_130 .net v0x5633f8dbf580 130, 15 0, o0x7f0051d6cba8; 0 drivers
o0x7f0051d6cbd8 .functor BUFZ 16, C4<zzzzzzzzzzzzzzzz>; HiZ drive
v0x5633f8dbf580_131 .net v0x5633f8dbf580 131, 15 0, o0x7f0051d6cbd8; 0 drivers
o0x7f0051d6cc08 .functor BUFZ 16, C4<zzzzzzzzzzzzzzzz>; HiZ drive
v0x5633f8dbf580_132 .net v0x5633f8dbf580 132, 15 0, o0x7f0051d6cc08; 0 drivers
o0x7f0051d6cc38 .functor BUFZ 16, C4<zzzzzzzzzzzzzzzz>; HiZ drive
v0x5633f8dbf580_133 .net v0x5633f8dbf580 133, 15 0, o0x7f0051d6cc38; 0 drivers
o0x7f0051d6cc68 .functor BUFZ 16, C4<zzzzzzzzzzzzzzzz>; HiZ drive
v0x5633f8dbf580_134 .net v0x5633f8dbf580 134, 15 0, o0x7f0051d6cc68; 0 drivers
o0x7f0051d6cc98 .functor BUFZ 16, C4<zzzzzzzzzzzzzzzz>; HiZ drive
v0x5633f8dbf580_135 .net v0x5633f8dbf580 135, 15 0, o0x7f0051d6cc98; 0 drivers
o0x7f0051d6ccc8 .functor BUFZ 16, C4<zzzzzzzzzzzzzzzz>; HiZ drive
v0x5633f8dbf580_136 .net v0x5633f8dbf580 136, 15 0, o0x7f0051d6ccc8; 0 drivers
o0x7f0051d6ccf8 .functor BUFZ 16, C4<zzzzzzzzzzzzzzzz>; HiZ drive
v0x5633f8dbf580_137 .net v0x5633f8dbf580 137, 15 0, o0x7f0051d6ccf8; 0 drivers
o0x7f0051d6cd28 .functor BUFZ 16, C4<zzzzzzzzzzzzzzzz>; HiZ drive
v0x5633f8dbf580_138 .net v0x5633f8dbf580 138, 15 0, o0x7f0051d6cd28; 0 drivers
o0x7f0051d6cd58 .functor BUFZ 16, C4<zzzzzzzzzzzzzzzz>; HiZ drive
v0x5633f8dbf580_139 .net v0x5633f8dbf580 139, 15 0, o0x7f0051d6cd58; 0 drivers
o0x7f0051d6cd88 .functor BUFZ 16, C4<zzzzzzzzzzzzzzzz>; HiZ drive
v0x5633f8dbf580_140 .net v0x5633f8dbf580 140, 15 0, o0x7f0051d6cd88; 0 drivers
o0x7f0051d6cdb8 .functor BUFZ 16, C4<zzzzzzzzzzzzzzzz>; HiZ drive
v0x5633f8dbf580_141 .net v0x5633f8dbf580 141, 15 0, o0x7f0051d6cdb8; 0 drivers
o0x7f0051d6cde8 .functor BUFZ 16, C4<zzzzzzzzzzzzzzzz>; HiZ drive
v0x5633f8dbf580_142 .net v0x5633f8dbf580 142, 15 0, o0x7f0051d6cde8; 0 drivers
o0x7f0051d6ce18 .functor BUFZ 16, C4<zzzzzzzzzzzzzzzz>; HiZ drive
v0x5633f8dbf580_143 .net v0x5633f8dbf580 143, 15 0, o0x7f0051d6ce18; 0 drivers
o0x7f0051d6ce48 .functor BUFZ 16, C4<zzzzzzzzzzzzzzzz>; HiZ drive
v0x5633f8dbf580_144 .net v0x5633f8dbf580 144, 15 0, o0x7f0051d6ce48; 0 drivers
o0x7f0051d6ce78 .functor BUFZ 16, C4<zzzzzzzzzzzzzzzz>; HiZ drive
v0x5633f8dbf580_145 .net v0x5633f8dbf580 145, 15 0, o0x7f0051d6ce78; 0 drivers
o0x7f0051d6cea8 .functor BUFZ 16, C4<zzzzzzzzzzzzzzzz>; HiZ drive
v0x5633f8dbf580_146 .net v0x5633f8dbf580 146, 15 0, o0x7f0051d6cea8; 0 drivers
o0x7f0051d6ced8 .functor BUFZ 16, C4<zzzzzzzzzzzzzzzz>; HiZ drive
v0x5633f8dbf580_147 .net v0x5633f8dbf580 147, 15 0, o0x7f0051d6ced8; 0 drivers
o0x7f0051d6cf08 .functor BUFZ 16, C4<zzzzzzzzzzzzzzzz>; HiZ drive
v0x5633f8dbf580_148 .net v0x5633f8dbf580 148, 15 0, o0x7f0051d6cf08; 0 drivers
o0x7f0051d6cf38 .functor BUFZ 16, C4<zzzzzzzzzzzzzzzz>; HiZ drive
v0x5633f8dbf580_149 .net v0x5633f8dbf580 149, 15 0, o0x7f0051d6cf38; 0 drivers
o0x7f0051d6cf68 .functor BUFZ 16, C4<zzzzzzzzzzzzzzzz>; HiZ drive
v0x5633f8dbf580_150 .net v0x5633f8dbf580 150, 15 0, o0x7f0051d6cf68; 0 drivers
o0x7f0051d6cf98 .functor BUFZ 16, C4<zzzzzzzzzzzzzzzz>; HiZ drive
v0x5633f8dbf580_151 .net v0x5633f8dbf580 151, 15 0, o0x7f0051d6cf98; 0 drivers
o0x7f0051d6cfc8 .functor BUFZ 16, C4<zzzzzzzzzzzzzzzz>; HiZ drive
v0x5633f8dbf580_152 .net v0x5633f8dbf580 152, 15 0, o0x7f0051d6cfc8; 0 drivers
o0x7f0051d6cff8 .functor BUFZ 16, C4<zzzzzzzzzzzzzzzz>; HiZ drive
v0x5633f8dbf580_153 .net v0x5633f8dbf580 153, 15 0, o0x7f0051d6cff8; 0 drivers
o0x7f0051d6d028 .functor BUFZ 16, C4<zzzzzzzzzzzzzzzz>; HiZ drive
v0x5633f8dbf580_154 .net v0x5633f8dbf580 154, 15 0, o0x7f0051d6d028; 0 drivers
o0x7f0051d6d058 .functor BUFZ 16, C4<zzzzzzzzzzzzzzzz>; HiZ drive
v0x5633f8dbf580_155 .net v0x5633f8dbf580 155, 15 0, o0x7f0051d6d058; 0 drivers
o0x7f0051d6d088 .functor BUFZ 16, C4<zzzzzzzzzzzzzzzz>; HiZ drive
v0x5633f8dbf580_156 .net v0x5633f8dbf580 156, 15 0, o0x7f0051d6d088; 0 drivers
o0x7f0051d6d0b8 .functor BUFZ 16, C4<zzzzzzzzzzzzzzzz>; HiZ drive
v0x5633f8dbf580_157 .net v0x5633f8dbf580 157, 15 0, o0x7f0051d6d0b8; 0 drivers
o0x7f0051d6d0e8 .functor BUFZ 16, C4<zzzzzzzzzzzzzzzz>; HiZ drive
v0x5633f8dbf580_158 .net v0x5633f8dbf580 158, 15 0, o0x7f0051d6d0e8; 0 drivers
o0x7f0051d6d118 .functor BUFZ 16, C4<zzzzzzzzzzzzzzzz>; HiZ drive
v0x5633f8dbf580_159 .net v0x5633f8dbf580 159, 15 0, o0x7f0051d6d118; 0 drivers
o0x7f0051d6d148 .functor BUFZ 16, C4<zzzzzzzzzzzzzzzz>; HiZ drive
v0x5633f8dbf580_160 .net v0x5633f8dbf580 160, 15 0, o0x7f0051d6d148; 0 drivers
o0x7f0051d6d178 .functor BUFZ 16, C4<zzzzzzzzzzzzzzzz>; HiZ drive
v0x5633f8dbf580_161 .net v0x5633f8dbf580 161, 15 0, o0x7f0051d6d178; 0 drivers
o0x7f0051d6d1a8 .functor BUFZ 16, C4<zzzzzzzzzzzzzzzz>; HiZ drive
v0x5633f8dbf580_162 .net v0x5633f8dbf580 162, 15 0, o0x7f0051d6d1a8; 0 drivers
o0x7f0051d6d1d8 .functor BUFZ 16, C4<zzzzzzzzzzzzzzzz>; HiZ drive
v0x5633f8dbf580_163 .net v0x5633f8dbf580 163, 15 0, o0x7f0051d6d1d8; 0 drivers
o0x7f0051d6d208 .functor BUFZ 16, C4<zzzzzzzzzzzzzzzz>; HiZ drive
v0x5633f8dbf580_164 .net v0x5633f8dbf580 164, 15 0, o0x7f0051d6d208; 0 drivers
o0x7f0051d6d238 .functor BUFZ 16, C4<zzzzzzzzzzzzzzzz>; HiZ drive
v0x5633f8dbf580_165 .net v0x5633f8dbf580 165, 15 0, o0x7f0051d6d238; 0 drivers
o0x7f0051d6d268 .functor BUFZ 16, C4<zzzzzzzzzzzzzzzz>; HiZ drive
v0x5633f8dbf580_166 .net v0x5633f8dbf580 166, 15 0, o0x7f0051d6d268; 0 drivers
o0x7f0051d6d298 .functor BUFZ 16, C4<zzzzzzzzzzzzzzzz>; HiZ drive
v0x5633f8dbf580_167 .net v0x5633f8dbf580 167, 15 0, o0x7f0051d6d298; 0 drivers
o0x7f0051d6d2c8 .functor BUFZ 16, C4<zzzzzzzzzzzzzzzz>; HiZ drive
v0x5633f8dbf580_168 .net v0x5633f8dbf580 168, 15 0, o0x7f0051d6d2c8; 0 drivers
o0x7f0051d6d2f8 .functor BUFZ 16, C4<zzzzzzzzzzzzzzzz>; HiZ drive
v0x5633f8dbf580_169 .net v0x5633f8dbf580 169, 15 0, o0x7f0051d6d2f8; 0 drivers
o0x7f0051d6d328 .functor BUFZ 16, C4<zzzzzzzzzzzzzzzz>; HiZ drive
v0x5633f8dbf580_170 .net v0x5633f8dbf580 170, 15 0, o0x7f0051d6d328; 0 drivers
o0x7f0051d6d358 .functor BUFZ 16, C4<zzzzzzzzzzzzzzzz>; HiZ drive
v0x5633f8dbf580_171 .net v0x5633f8dbf580 171, 15 0, o0x7f0051d6d358; 0 drivers
o0x7f0051d6d388 .functor BUFZ 16, C4<zzzzzzzzzzzzzzzz>; HiZ drive
v0x5633f8dbf580_172 .net v0x5633f8dbf580 172, 15 0, o0x7f0051d6d388; 0 drivers
o0x7f0051d6d3b8 .functor BUFZ 16, C4<zzzzzzzzzzzzzzzz>; HiZ drive
v0x5633f8dbf580_173 .net v0x5633f8dbf580 173, 15 0, o0x7f0051d6d3b8; 0 drivers
o0x7f0051d6d3e8 .functor BUFZ 16, C4<zzzzzzzzzzzzzzzz>; HiZ drive
v0x5633f8dbf580_174 .net v0x5633f8dbf580 174, 15 0, o0x7f0051d6d3e8; 0 drivers
o0x7f0051d6d418 .functor BUFZ 16, C4<zzzzzzzzzzzzzzzz>; HiZ drive
v0x5633f8dbf580_175 .net v0x5633f8dbf580 175, 15 0, o0x7f0051d6d418; 0 drivers
o0x7f0051d6d448 .functor BUFZ 16, C4<zzzzzzzzzzzzzzzz>; HiZ drive
v0x5633f8dbf580_176 .net v0x5633f8dbf580 176, 15 0, o0x7f0051d6d448; 0 drivers
o0x7f0051d6d478 .functor BUFZ 16, C4<zzzzzzzzzzzzzzzz>; HiZ drive
v0x5633f8dbf580_177 .net v0x5633f8dbf580 177, 15 0, o0x7f0051d6d478; 0 drivers
o0x7f0051d6d4a8 .functor BUFZ 16, C4<zzzzzzzzzzzzzzzz>; HiZ drive
v0x5633f8dbf580_178 .net v0x5633f8dbf580 178, 15 0, o0x7f0051d6d4a8; 0 drivers
o0x7f0051d6d4d8 .functor BUFZ 16, C4<zzzzzzzzzzzzzzzz>; HiZ drive
v0x5633f8dbf580_179 .net v0x5633f8dbf580 179, 15 0, o0x7f0051d6d4d8; 0 drivers
o0x7f0051d6d508 .functor BUFZ 16, C4<zzzzzzzzzzzzzzzz>; HiZ drive
v0x5633f8dbf580_180 .net v0x5633f8dbf580 180, 15 0, o0x7f0051d6d508; 0 drivers
o0x7f0051d6d538 .functor BUFZ 16, C4<zzzzzzzzzzzzzzzz>; HiZ drive
v0x5633f8dbf580_181 .net v0x5633f8dbf580 181, 15 0, o0x7f0051d6d538; 0 drivers
o0x7f0051d6d568 .functor BUFZ 16, C4<zzzzzzzzzzzzzzzz>; HiZ drive
v0x5633f8dbf580_182 .net v0x5633f8dbf580 182, 15 0, o0x7f0051d6d568; 0 drivers
o0x7f0051d6d598 .functor BUFZ 16, C4<zzzzzzzzzzzzzzzz>; HiZ drive
v0x5633f8dbf580_183 .net v0x5633f8dbf580 183, 15 0, o0x7f0051d6d598; 0 drivers
o0x7f0051d6d5c8 .functor BUFZ 16, C4<zzzzzzzzzzzzzzzz>; HiZ drive
v0x5633f8dbf580_184 .net v0x5633f8dbf580 184, 15 0, o0x7f0051d6d5c8; 0 drivers
o0x7f0051d6d5f8 .functor BUFZ 16, C4<zzzzzzzzzzzzzzzz>; HiZ drive
v0x5633f8dbf580_185 .net v0x5633f8dbf580 185, 15 0, o0x7f0051d6d5f8; 0 drivers
o0x7f0051d6d628 .functor BUFZ 16, C4<zzzzzzzzzzzzzzzz>; HiZ drive
v0x5633f8dbf580_186 .net v0x5633f8dbf580 186, 15 0, o0x7f0051d6d628; 0 drivers
o0x7f0051d6d658 .functor BUFZ 16, C4<zzzzzzzzzzzzzzzz>; HiZ drive
v0x5633f8dbf580_187 .net v0x5633f8dbf580 187, 15 0, o0x7f0051d6d658; 0 drivers
o0x7f0051d6d688 .functor BUFZ 16, C4<zzzzzzzzzzzzzzzz>; HiZ drive
v0x5633f8dbf580_188 .net v0x5633f8dbf580 188, 15 0, o0x7f0051d6d688; 0 drivers
o0x7f0051d6d6b8 .functor BUFZ 16, C4<zzzzzzzzzzzzzzzz>; HiZ drive
v0x5633f8dbf580_189 .net v0x5633f8dbf580 189, 15 0, o0x7f0051d6d6b8; 0 drivers
o0x7f0051d6d6e8 .functor BUFZ 16, C4<zzzzzzzzzzzzzzzz>; HiZ drive
v0x5633f8dbf580_190 .net v0x5633f8dbf580 190, 15 0, o0x7f0051d6d6e8; 0 drivers
o0x7f0051d6d718 .functor BUFZ 16, C4<zzzzzzzzzzzzzzzz>; HiZ drive
v0x5633f8dbf580_191 .net v0x5633f8dbf580 191, 15 0, o0x7f0051d6d718; 0 drivers
o0x7f0051d6d748 .functor BUFZ 16, C4<zzzzzzzzzzzzzzzz>; HiZ drive
v0x5633f8dbf580_192 .net v0x5633f8dbf580 192, 15 0, o0x7f0051d6d748; 0 drivers
o0x7f0051d6d778 .functor BUFZ 16, C4<zzzzzzzzzzzzzzzz>; HiZ drive
v0x5633f8dbf580_193 .net v0x5633f8dbf580 193, 15 0, o0x7f0051d6d778; 0 drivers
o0x7f0051d6d7a8 .functor BUFZ 16, C4<zzzzzzzzzzzzzzzz>; HiZ drive
v0x5633f8dbf580_194 .net v0x5633f8dbf580 194, 15 0, o0x7f0051d6d7a8; 0 drivers
o0x7f0051d6d7d8 .functor BUFZ 16, C4<zzzzzzzzzzzzzzzz>; HiZ drive
v0x5633f8dbf580_195 .net v0x5633f8dbf580 195, 15 0, o0x7f0051d6d7d8; 0 drivers
o0x7f0051d6d808 .functor BUFZ 16, C4<zzzzzzzzzzzzzzzz>; HiZ drive
v0x5633f8dbf580_196 .net v0x5633f8dbf580 196, 15 0, o0x7f0051d6d808; 0 drivers
o0x7f0051d6d838 .functor BUFZ 16, C4<zzzzzzzzzzzzzzzz>; HiZ drive
v0x5633f8dbf580_197 .net v0x5633f8dbf580 197, 15 0, o0x7f0051d6d838; 0 drivers
o0x7f0051d6d868 .functor BUFZ 16, C4<zzzzzzzzzzzzzzzz>; HiZ drive
v0x5633f8dbf580_198 .net v0x5633f8dbf580 198, 15 0, o0x7f0051d6d868; 0 drivers
o0x7f0051d6d898 .functor BUFZ 16, C4<zzzzzzzzzzzzzzzz>; HiZ drive
v0x5633f8dbf580_199 .net v0x5633f8dbf580 199, 15 0, o0x7f0051d6d898; 0 drivers
o0x7f0051d6d8c8 .functor BUFZ 16, C4<zzzzzzzzzzzzzzzz>; HiZ drive
v0x5633f8dbf580_200 .net v0x5633f8dbf580 200, 15 0, o0x7f0051d6d8c8; 0 drivers
o0x7f0051d6d8f8 .functor BUFZ 16, C4<zzzzzzzzzzzzzzzz>; HiZ drive
v0x5633f8dbf580_201 .net v0x5633f8dbf580 201, 15 0, o0x7f0051d6d8f8; 0 drivers
o0x7f0051d6d928 .functor BUFZ 16, C4<zzzzzzzzzzzzzzzz>; HiZ drive
v0x5633f8dbf580_202 .net v0x5633f8dbf580 202, 15 0, o0x7f0051d6d928; 0 drivers
o0x7f0051d6d958 .functor BUFZ 16, C4<zzzzzzzzzzzzzzzz>; HiZ drive
v0x5633f8dbf580_203 .net v0x5633f8dbf580 203, 15 0, o0x7f0051d6d958; 0 drivers
o0x7f0051d6d988 .functor BUFZ 16, C4<zzzzzzzzzzzzzzzz>; HiZ drive
v0x5633f8dbf580_204 .net v0x5633f8dbf580 204, 15 0, o0x7f0051d6d988; 0 drivers
o0x7f0051d6d9b8 .functor BUFZ 16, C4<zzzzzzzzzzzzzzzz>; HiZ drive
v0x5633f8dbf580_205 .net v0x5633f8dbf580 205, 15 0, o0x7f0051d6d9b8; 0 drivers
o0x7f0051d6d9e8 .functor BUFZ 16, C4<zzzzzzzzzzzzzzzz>; HiZ drive
v0x5633f8dbf580_206 .net v0x5633f8dbf580 206, 15 0, o0x7f0051d6d9e8; 0 drivers
o0x7f0051d6da18 .functor BUFZ 16, C4<zzzzzzzzzzzzzzzz>; HiZ drive
v0x5633f8dbf580_207 .net v0x5633f8dbf580 207, 15 0, o0x7f0051d6da18; 0 drivers
o0x7f0051d6da48 .functor BUFZ 16, C4<zzzzzzzzzzzzzzzz>; HiZ drive
v0x5633f8dbf580_208 .net v0x5633f8dbf580 208, 15 0, o0x7f0051d6da48; 0 drivers
o0x7f0051d6da78 .functor BUFZ 16, C4<zzzzzzzzzzzzzzzz>; HiZ drive
v0x5633f8dbf580_209 .net v0x5633f8dbf580 209, 15 0, o0x7f0051d6da78; 0 drivers
o0x7f0051d6daa8 .functor BUFZ 16, C4<zzzzzzzzzzzzzzzz>; HiZ drive
v0x5633f8dbf580_210 .net v0x5633f8dbf580 210, 15 0, o0x7f0051d6daa8; 0 drivers
o0x7f0051d6dad8 .functor BUFZ 16, C4<zzzzzzzzzzzzzzzz>; HiZ drive
v0x5633f8dbf580_211 .net v0x5633f8dbf580 211, 15 0, o0x7f0051d6dad8; 0 drivers
o0x7f0051d6db08 .functor BUFZ 16, C4<zzzzzzzzzzzzzzzz>; HiZ drive
v0x5633f8dbf580_212 .net v0x5633f8dbf580 212, 15 0, o0x7f0051d6db08; 0 drivers
o0x7f0051d6db38 .functor BUFZ 16, C4<zzzzzzzzzzzzzzzz>; HiZ drive
v0x5633f8dbf580_213 .net v0x5633f8dbf580 213, 15 0, o0x7f0051d6db38; 0 drivers
o0x7f0051d6db68 .functor BUFZ 16, C4<zzzzzzzzzzzzzzzz>; HiZ drive
v0x5633f8dbf580_214 .net v0x5633f8dbf580 214, 15 0, o0x7f0051d6db68; 0 drivers
o0x7f0051d6db98 .functor BUFZ 16, C4<zzzzzzzzzzzzzzzz>; HiZ drive
v0x5633f8dbf580_215 .net v0x5633f8dbf580 215, 15 0, o0x7f0051d6db98; 0 drivers
o0x7f0051d6dbc8 .functor BUFZ 16, C4<zzzzzzzzzzzzzzzz>; HiZ drive
v0x5633f8dbf580_216 .net v0x5633f8dbf580 216, 15 0, o0x7f0051d6dbc8; 0 drivers
o0x7f0051d6dbf8 .functor BUFZ 16, C4<zzzzzzzzzzzzzzzz>; HiZ drive
v0x5633f8dbf580_217 .net v0x5633f8dbf580 217, 15 0, o0x7f0051d6dbf8; 0 drivers
o0x7f0051d6dc28 .functor BUFZ 16, C4<zzzzzzzzzzzzzzzz>; HiZ drive
v0x5633f8dbf580_218 .net v0x5633f8dbf580 218, 15 0, o0x7f0051d6dc28; 0 drivers
o0x7f0051d6dc58 .functor BUFZ 16, C4<zzzzzzzzzzzzzzzz>; HiZ drive
v0x5633f8dbf580_219 .net v0x5633f8dbf580 219, 15 0, o0x7f0051d6dc58; 0 drivers
o0x7f0051d6dc88 .functor BUFZ 16, C4<zzzzzzzzzzzzzzzz>; HiZ drive
v0x5633f8dbf580_220 .net v0x5633f8dbf580 220, 15 0, o0x7f0051d6dc88; 0 drivers
o0x7f0051d6dcb8 .functor BUFZ 16, C4<zzzzzzzzzzzzzzzz>; HiZ drive
v0x5633f8dbf580_221 .net v0x5633f8dbf580 221, 15 0, o0x7f0051d6dcb8; 0 drivers
o0x7f0051d6dce8 .functor BUFZ 16, C4<zzzzzzzzzzzzzzzz>; HiZ drive
v0x5633f8dbf580_222 .net v0x5633f8dbf580 222, 15 0, o0x7f0051d6dce8; 0 drivers
o0x7f0051d6dd18 .functor BUFZ 16, C4<zzzzzzzzzzzzzzzz>; HiZ drive
v0x5633f8dbf580_223 .net v0x5633f8dbf580 223, 15 0, o0x7f0051d6dd18; 0 drivers
o0x7f0051d6dd48 .functor BUFZ 16, C4<zzzzzzzzzzzzzzzz>; HiZ drive
v0x5633f8dbf580_224 .net v0x5633f8dbf580 224, 15 0, o0x7f0051d6dd48; 0 drivers
o0x7f0051d6dd78 .functor BUFZ 16, C4<zzzzzzzzzzzzzzzz>; HiZ drive
v0x5633f8dbf580_225 .net v0x5633f8dbf580 225, 15 0, o0x7f0051d6dd78; 0 drivers
o0x7f0051d6dda8 .functor BUFZ 16, C4<zzzzzzzzzzzzzzzz>; HiZ drive
v0x5633f8dbf580_226 .net v0x5633f8dbf580 226, 15 0, o0x7f0051d6dda8; 0 drivers
o0x7f0051d6ddd8 .functor BUFZ 16, C4<zzzzzzzzzzzzzzzz>; HiZ drive
v0x5633f8dbf580_227 .net v0x5633f8dbf580 227, 15 0, o0x7f0051d6ddd8; 0 drivers
o0x7f0051d6de08 .functor BUFZ 16, C4<zzzzzzzzzzzzzzzz>; HiZ drive
v0x5633f8dbf580_228 .net v0x5633f8dbf580 228, 15 0, o0x7f0051d6de08; 0 drivers
o0x7f0051d6de38 .functor BUFZ 16, C4<zzzzzzzzzzzzzzzz>; HiZ drive
v0x5633f8dbf580_229 .net v0x5633f8dbf580 229, 15 0, o0x7f0051d6de38; 0 drivers
o0x7f0051d6de68 .functor BUFZ 16, C4<zzzzzzzzzzzzzzzz>; HiZ drive
v0x5633f8dbf580_230 .net v0x5633f8dbf580 230, 15 0, o0x7f0051d6de68; 0 drivers
o0x7f0051d6de98 .functor BUFZ 16, C4<zzzzzzzzzzzzzzzz>; HiZ drive
v0x5633f8dbf580_231 .net v0x5633f8dbf580 231, 15 0, o0x7f0051d6de98; 0 drivers
o0x7f0051d6dec8 .functor BUFZ 16, C4<zzzzzzzzzzzzzzzz>; HiZ drive
v0x5633f8dbf580_232 .net v0x5633f8dbf580 232, 15 0, o0x7f0051d6dec8; 0 drivers
o0x7f0051d6def8 .functor BUFZ 16, C4<zzzzzzzzzzzzzzzz>; HiZ drive
v0x5633f8dbf580_233 .net v0x5633f8dbf580 233, 15 0, o0x7f0051d6def8; 0 drivers
o0x7f0051d6df28 .functor BUFZ 16, C4<zzzzzzzzzzzzzzzz>; HiZ drive
v0x5633f8dbf580_234 .net v0x5633f8dbf580 234, 15 0, o0x7f0051d6df28; 0 drivers
o0x7f0051d6df58 .functor BUFZ 16, C4<zzzzzzzzzzzzzzzz>; HiZ drive
v0x5633f8dbf580_235 .net v0x5633f8dbf580 235, 15 0, o0x7f0051d6df58; 0 drivers
o0x7f0051d6df88 .functor BUFZ 16, C4<zzzzzzzzzzzzzzzz>; HiZ drive
v0x5633f8dbf580_236 .net v0x5633f8dbf580 236, 15 0, o0x7f0051d6df88; 0 drivers
o0x7f0051d6dfb8 .functor BUFZ 16, C4<zzzzzzzzzzzzzzzz>; HiZ drive
v0x5633f8dbf580_237 .net v0x5633f8dbf580 237, 15 0, o0x7f0051d6dfb8; 0 drivers
o0x7f0051d6dfe8 .functor BUFZ 16, C4<zzzzzzzzzzzzzzzz>; HiZ drive
v0x5633f8dbf580_238 .net v0x5633f8dbf580 238, 15 0, o0x7f0051d6dfe8; 0 drivers
o0x7f0051d6e018 .functor BUFZ 16, C4<zzzzzzzzzzzzzzzz>; HiZ drive
v0x5633f8dbf580_239 .net v0x5633f8dbf580 239, 15 0, o0x7f0051d6e018; 0 drivers
o0x7f0051d6e048 .functor BUFZ 16, C4<zzzzzzzzzzzzzzzz>; HiZ drive
v0x5633f8dbf580_240 .net v0x5633f8dbf580 240, 15 0, o0x7f0051d6e048; 0 drivers
o0x7f0051d6e078 .functor BUFZ 16, C4<zzzzzzzzzzzzzzzz>; HiZ drive
v0x5633f8dbf580_241 .net v0x5633f8dbf580 241, 15 0, o0x7f0051d6e078; 0 drivers
o0x7f0051d6e0a8 .functor BUFZ 16, C4<zzzzzzzzzzzzzzzz>; HiZ drive
v0x5633f8dbf580_242 .net v0x5633f8dbf580 242, 15 0, o0x7f0051d6e0a8; 0 drivers
o0x7f0051d6e0d8 .functor BUFZ 16, C4<zzzzzzzzzzzzzzzz>; HiZ drive
v0x5633f8dbf580_243 .net v0x5633f8dbf580 243, 15 0, o0x7f0051d6e0d8; 0 drivers
o0x7f0051d6e108 .functor BUFZ 16, C4<zzzzzzzzzzzzzzzz>; HiZ drive
v0x5633f8dbf580_244 .net v0x5633f8dbf580 244, 15 0, o0x7f0051d6e108; 0 drivers
o0x7f0051d6e138 .functor BUFZ 16, C4<zzzzzzzzzzzzzzzz>; HiZ drive
v0x5633f8dbf580_245 .net v0x5633f8dbf580 245, 15 0, o0x7f0051d6e138; 0 drivers
o0x7f0051d6e168 .functor BUFZ 16, C4<zzzzzzzzzzzzzzzz>; HiZ drive
v0x5633f8dbf580_246 .net v0x5633f8dbf580 246, 15 0, o0x7f0051d6e168; 0 drivers
o0x7f0051d6e198 .functor BUFZ 16, C4<zzzzzzzzzzzzzzzz>; HiZ drive
v0x5633f8dbf580_247 .net v0x5633f8dbf580 247, 15 0, o0x7f0051d6e198; 0 drivers
o0x7f0051d6e1c8 .functor BUFZ 16, C4<zzzzzzzzzzzzzzzz>; HiZ drive
v0x5633f8dbf580_248 .net v0x5633f8dbf580 248, 15 0, o0x7f0051d6e1c8; 0 drivers
o0x7f0051d6e1f8 .functor BUFZ 16, C4<zzzzzzzzzzzzzzzz>; HiZ drive
v0x5633f8dbf580_249 .net v0x5633f8dbf580 249, 15 0, o0x7f0051d6e1f8; 0 drivers
o0x7f0051d6e228 .functor BUFZ 16, C4<zzzzzzzzzzzzzzzz>; HiZ drive
v0x5633f8dbf580_250 .net v0x5633f8dbf580 250, 15 0, o0x7f0051d6e228; 0 drivers
o0x7f0051d6e258 .functor BUFZ 16, C4<zzzzzzzzzzzzzzzz>; HiZ drive
v0x5633f8dbf580_251 .net v0x5633f8dbf580 251, 15 0, o0x7f0051d6e258; 0 drivers
o0x7f0051d6e288 .functor BUFZ 16, C4<zzzzzzzzzzzzzzzz>; HiZ drive
v0x5633f8dbf580_252 .net v0x5633f8dbf580 252, 15 0, o0x7f0051d6e288; 0 drivers
o0x7f0051d6e2b8 .functor BUFZ 16, C4<zzzzzzzzzzzzzzzz>; HiZ drive
v0x5633f8dbf580_253 .net v0x5633f8dbf580 253, 15 0, o0x7f0051d6e2b8; 0 drivers
o0x7f0051d6e2e8 .functor BUFZ 16, C4<zzzzzzzzzzzzzzzz>; HiZ drive
v0x5633f8dbf580_254 .net v0x5633f8dbf580 254, 15 0, o0x7f0051d6e2e8; 0 drivers
o0x7f0051d6e318 .functor BUFZ 16, C4<zzzzzzzzzzzzzzzz>; HiZ drive
v0x5633f8dbf580_255 .net v0x5633f8dbf580 255, 15 0, o0x7f0051d6e318; 0 drivers
o0x7f0051d6e348 .functor BUFZ 16, C4<zzzzzzzzzzzzzzzz>; HiZ drive
v0x5633f8dbf580_256 .net v0x5633f8dbf580 256, 15 0, o0x7f0051d6e348; 0 drivers
o0x7f0051d6e378 .functor BUFZ 16, C4<zzzzzzzzzzzzzzzz>; HiZ drive
v0x5633f8dbf580_257 .net v0x5633f8dbf580 257, 15 0, o0x7f0051d6e378; 0 drivers
o0x7f0051d6e3a8 .functor BUFZ 16, C4<zzzzzzzzzzzzzzzz>; HiZ drive
v0x5633f8dbf580_258 .net v0x5633f8dbf580 258, 15 0, o0x7f0051d6e3a8; 0 drivers
o0x7f0051d6e3d8 .functor BUFZ 16, C4<zzzzzzzzzzzzzzzz>; HiZ drive
v0x5633f8dbf580_259 .net v0x5633f8dbf580 259, 15 0, o0x7f0051d6e3d8; 0 drivers
o0x7f0051d6e408 .functor BUFZ 16, C4<zzzzzzzzzzzzzzzz>; HiZ drive
v0x5633f8dbf580_260 .net v0x5633f8dbf580 260, 15 0, o0x7f0051d6e408; 0 drivers
o0x7f0051d6e438 .functor BUFZ 16, C4<zzzzzzzzzzzzzzzz>; HiZ drive
v0x5633f8dbf580_261 .net v0x5633f8dbf580 261, 15 0, o0x7f0051d6e438; 0 drivers
o0x7f0051d6e468 .functor BUFZ 16, C4<zzzzzzzzzzzzzzzz>; HiZ drive
v0x5633f8dbf580_262 .net v0x5633f8dbf580 262, 15 0, o0x7f0051d6e468; 0 drivers
o0x7f0051d6e498 .functor BUFZ 16, C4<zzzzzzzzzzzzzzzz>; HiZ drive
v0x5633f8dbf580_263 .net v0x5633f8dbf580 263, 15 0, o0x7f0051d6e498; 0 drivers
o0x7f0051d6e4c8 .functor BUFZ 16, C4<zzzzzzzzzzzzzzzz>; HiZ drive
v0x5633f8dbf580_264 .net v0x5633f8dbf580 264, 15 0, o0x7f0051d6e4c8; 0 drivers
o0x7f0051d6e4f8 .functor BUFZ 16, C4<zzzzzzzzzzzzzzzz>; HiZ drive
v0x5633f8dbf580_265 .net v0x5633f8dbf580 265, 15 0, o0x7f0051d6e4f8; 0 drivers
o0x7f0051d6e528 .functor BUFZ 16, C4<zzzzzzzzzzzzzzzz>; HiZ drive
v0x5633f8dbf580_266 .net v0x5633f8dbf580 266, 15 0, o0x7f0051d6e528; 0 drivers
o0x7f0051d6e558 .functor BUFZ 16, C4<zzzzzzzzzzzzzzzz>; HiZ drive
v0x5633f8dbf580_267 .net v0x5633f8dbf580 267, 15 0, o0x7f0051d6e558; 0 drivers
o0x7f0051d6e588 .functor BUFZ 16, C4<zzzzzzzzzzzzzzzz>; HiZ drive
v0x5633f8dbf580_268 .net v0x5633f8dbf580 268, 15 0, o0x7f0051d6e588; 0 drivers
o0x7f0051d6e5b8 .functor BUFZ 16, C4<zzzzzzzzzzzzzzzz>; HiZ drive
v0x5633f8dbf580_269 .net v0x5633f8dbf580 269, 15 0, o0x7f0051d6e5b8; 0 drivers
o0x7f0051d6e5e8 .functor BUFZ 16, C4<zzzzzzzzzzzzzzzz>; HiZ drive
v0x5633f8dbf580_270 .net v0x5633f8dbf580 270, 15 0, o0x7f0051d6e5e8; 0 drivers
o0x7f0051d6e618 .functor BUFZ 16, C4<zzzzzzzzzzzzzzzz>; HiZ drive
v0x5633f8dbf580_271 .net v0x5633f8dbf580 271, 15 0, o0x7f0051d6e618; 0 drivers
o0x7f0051d6e648 .functor BUFZ 16, C4<zzzzzzzzzzzzzzzz>; HiZ drive
v0x5633f8dbf580_272 .net v0x5633f8dbf580 272, 15 0, o0x7f0051d6e648; 0 drivers
o0x7f0051d6e678 .functor BUFZ 16, C4<zzzzzzzzzzzzzzzz>; HiZ drive
v0x5633f8dbf580_273 .net v0x5633f8dbf580 273, 15 0, o0x7f0051d6e678; 0 drivers
o0x7f0051d6e6a8 .functor BUFZ 16, C4<zzzzzzzzzzzzzzzz>; HiZ drive
v0x5633f8dbf580_274 .net v0x5633f8dbf580 274, 15 0, o0x7f0051d6e6a8; 0 drivers
o0x7f0051d6e6d8 .functor BUFZ 16, C4<zzzzzzzzzzzzzzzz>; HiZ drive
v0x5633f8dbf580_275 .net v0x5633f8dbf580 275, 15 0, o0x7f0051d6e6d8; 0 drivers
o0x7f0051d6e708 .functor BUFZ 16, C4<zzzzzzzzzzzzzzzz>; HiZ drive
v0x5633f8dbf580_276 .net v0x5633f8dbf580 276, 15 0, o0x7f0051d6e708; 0 drivers
o0x7f0051d6e738 .functor BUFZ 16, C4<zzzzzzzzzzzzzzzz>; HiZ drive
v0x5633f8dbf580_277 .net v0x5633f8dbf580 277, 15 0, o0x7f0051d6e738; 0 drivers
o0x7f0051d6e768 .functor BUFZ 16, C4<zzzzzzzzzzzzzzzz>; HiZ drive
v0x5633f8dbf580_278 .net v0x5633f8dbf580 278, 15 0, o0x7f0051d6e768; 0 drivers
o0x7f0051d6e798 .functor BUFZ 16, C4<zzzzzzzzzzzzzzzz>; HiZ drive
v0x5633f8dbf580_279 .net v0x5633f8dbf580 279, 15 0, o0x7f0051d6e798; 0 drivers
o0x7f0051d6e7c8 .functor BUFZ 16, C4<zzzzzzzzzzzzzzzz>; HiZ drive
v0x5633f8dbf580_280 .net v0x5633f8dbf580 280, 15 0, o0x7f0051d6e7c8; 0 drivers
o0x7f0051d6e7f8 .functor BUFZ 16, C4<zzzzzzzzzzzzzzzz>; HiZ drive
v0x5633f8dbf580_281 .net v0x5633f8dbf580 281, 15 0, o0x7f0051d6e7f8; 0 drivers
o0x7f0051d6e828 .functor BUFZ 16, C4<zzzzzzzzzzzzzzzz>; HiZ drive
v0x5633f8dbf580_282 .net v0x5633f8dbf580 282, 15 0, o0x7f0051d6e828; 0 drivers
o0x7f0051d6e858 .functor BUFZ 16, C4<zzzzzzzzzzzzzzzz>; HiZ drive
v0x5633f8dbf580_283 .net v0x5633f8dbf580 283, 15 0, o0x7f0051d6e858; 0 drivers
o0x7f0051d6e888 .functor BUFZ 16, C4<zzzzzzzzzzzzzzzz>; HiZ drive
v0x5633f8dbf580_284 .net v0x5633f8dbf580 284, 15 0, o0x7f0051d6e888; 0 drivers
o0x7f0051d6e8b8 .functor BUFZ 16, C4<zzzzzzzzzzzzzzzz>; HiZ drive
v0x5633f8dbf580_285 .net v0x5633f8dbf580 285, 15 0, o0x7f0051d6e8b8; 0 drivers
o0x7f0051d6e8e8 .functor BUFZ 16, C4<zzzzzzzzzzzzzzzz>; HiZ drive
v0x5633f8dbf580_286 .net v0x5633f8dbf580 286, 15 0, o0x7f0051d6e8e8; 0 drivers
o0x7f0051d6e918 .functor BUFZ 16, C4<zzzzzzzzzzzzzzzz>; HiZ drive
v0x5633f8dbf580_287 .net v0x5633f8dbf580 287, 15 0, o0x7f0051d6e918; 0 drivers
o0x7f0051d6e948 .functor BUFZ 16, C4<zzzzzzzzzzzzzzzz>; HiZ drive
v0x5633f8dbf580_288 .net v0x5633f8dbf580 288, 15 0, o0x7f0051d6e948; 0 drivers
o0x7f0051d6e978 .functor BUFZ 16, C4<zzzzzzzzzzzzzzzz>; HiZ drive
v0x5633f8dbf580_289 .net v0x5633f8dbf580 289, 15 0, o0x7f0051d6e978; 0 drivers
o0x7f0051d6e9a8 .functor BUFZ 16, C4<zzzzzzzzzzzzzzzz>; HiZ drive
v0x5633f8dbf580_290 .net v0x5633f8dbf580 290, 15 0, o0x7f0051d6e9a8; 0 drivers
o0x7f0051d6e9d8 .functor BUFZ 16, C4<zzzzzzzzzzzzzzzz>; HiZ drive
v0x5633f8dbf580_291 .net v0x5633f8dbf580 291, 15 0, o0x7f0051d6e9d8; 0 drivers
o0x7f0051d6ea08 .functor BUFZ 16, C4<zzzzzzzzzzzzzzzz>; HiZ drive
v0x5633f8dbf580_292 .net v0x5633f8dbf580 292, 15 0, o0x7f0051d6ea08; 0 drivers
o0x7f0051d6ea38 .functor BUFZ 16, C4<zzzzzzzzzzzzzzzz>; HiZ drive
v0x5633f8dbf580_293 .net v0x5633f8dbf580 293, 15 0, o0x7f0051d6ea38; 0 drivers
o0x7f0051d6ea68 .functor BUFZ 16, C4<zzzzzzzzzzzzzzzz>; HiZ drive
v0x5633f8dbf580_294 .net v0x5633f8dbf580 294, 15 0, o0x7f0051d6ea68; 0 drivers
o0x7f0051d6ea98 .functor BUFZ 16, C4<zzzzzzzzzzzzzzzz>; HiZ drive
v0x5633f8dbf580_295 .net v0x5633f8dbf580 295, 15 0, o0x7f0051d6ea98; 0 drivers
o0x7f0051d6eac8 .functor BUFZ 16, C4<zzzzzzzzzzzzzzzz>; HiZ drive
v0x5633f8dbf580_296 .net v0x5633f8dbf580 296, 15 0, o0x7f0051d6eac8; 0 drivers
o0x7f0051d6eaf8 .functor BUFZ 16, C4<zzzzzzzzzzzzzzzz>; HiZ drive
v0x5633f8dbf580_297 .net v0x5633f8dbf580 297, 15 0, o0x7f0051d6eaf8; 0 drivers
o0x7f0051d6eb28 .functor BUFZ 16, C4<zzzzzzzzzzzzzzzz>; HiZ drive
v0x5633f8dbf580_298 .net v0x5633f8dbf580 298, 15 0, o0x7f0051d6eb28; 0 drivers
o0x7f0051d6eb58 .functor BUFZ 16, C4<zzzzzzzzzzzzzzzz>; HiZ drive
v0x5633f8dbf580_299 .net v0x5633f8dbf580 299, 15 0, o0x7f0051d6eb58; 0 drivers
o0x7f0051d6eb88 .functor BUFZ 16, C4<zzzzzzzzzzzzzzzz>; HiZ drive
v0x5633f8dbf580_300 .net v0x5633f8dbf580 300, 15 0, o0x7f0051d6eb88; 0 drivers
o0x7f0051d6ebb8 .functor BUFZ 16, C4<zzzzzzzzzzzzzzzz>; HiZ drive
v0x5633f8dbf580_301 .net v0x5633f8dbf580 301, 15 0, o0x7f0051d6ebb8; 0 drivers
o0x7f0051d6ebe8 .functor BUFZ 16, C4<zzzzzzzzzzzzzzzz>; HiZ drive
v0x5633f8dbf580_302 .net v0x5633f8dbf580 302, 15 0, o0x7f0051d6ebe8; 0 drivers
o0x7f0051d6ec18 .functor BUFZ 16, C4<zzzzzzzzzzzzzzzz>; HiZ drive
v0x5633f8dbf580_303 .net v0x5633f8dbf580 303, 15 0, o0x7f0051d6ec18; 0 drivers
o0x7f0051d6ec48 .functor BUFZ 16, C4<zzzzzzzzzzzzzzzz>; HiZ drive
v0x5633f8dbf580_304 .net v0x5633f8dbf580 304, 15 0, o0x7f0051d6ec48; 0 drivers
o0x7f0051d6ec78 .functor BUFZ 16, C4<zzzzzzzzzzzzzzzz>; HiZ drive
v0x5633f8dbf580_305 .net v0x5633f8dbf580 305, 15 0, o0x7f0051d6ec78; 0 drivers
o0x7f0051d6eca8 .functor BUFZ 16, C4<zzzzzzzzzzzzzzzz>; HiZ drive
v0x5633f8dbf580_306 .net v0x5633f8dbf580 306, 15 0, o0x7f0051d6eca8; 0 drivers
o0x7f0051d6ecd8 .functor BUFZ 16, C4<zzzzzzzzzzzzzzzz>; HiZ drive
v0x5633f8dbf580_307 .net v0x5633f8dbf580 307, 15 0, o0x7f0051d6ecd8; 0 drivers
o0x7f0051d6ed08 .functor BUFZ 16, C4<zzzzzzzzzzzzzzzz>; HiZ drive
v0x5633f8dbf580_308 .net v0x5633f8dbf580 308, 15 0, o0x7f0051d6ed08; 0 drivers
o0x7f0051d6ed38 .functor BUFZ 16, C4<zzzzzzzzzzzzzzzz>; HiZ drive
v0x5633f8dbf580_309 .net v0x5633f8dbf580 309, 15 0, o0x7f0051d6ed38; 0 drivers
o0x7f0051d6ed68 .functor BUFZ 16, C4<zzzzzzzzzzzzzzzz>; HiZ drive
v0x5633f8dbf580_310 .net v0x5633f8dbf580 310, 15 0, o0x7f0051d6ed68; 0 drivers
o0x7f0051d6ed98 .functor BUFZ 16, C4<zzzzzzzzzzzzzzzz>; HiZ drive
v0x5633f8dbf580_311 .net v0x5633f8dbf580 311, 15 0, o0x7f0051d6ed98; 0 drivers
o0x7f0051d6edc8 .functor BUFZ 16, C4<zzzzzzzzzzzzzzzz>; HiZ drive
v0x5633f8dbf580_312 .net v0x5633f8dbf580 312, 15 0, o0x7f0051d6edc8; 0 drivers
o0x7f0051d6edf8 .functor BUFZ 16, C4<zzzzzzzzzzzzzzzz>; HiZ drive
v0x5633f8dbf580_313 .net v0x5633f8dbf580 313, 15 0, o0x7f0051d6edf8; 0 drivers
o0x7f0051d6ee28 .functor BUFZ 16, C4<zzzzzzzzzzzzzzzz>; HiZ drive
v0x5633f8dbf580_314 .net v0x5633f8dbf580 314, 15 0, o0x7f0051d6ee28; 0 drivers
o0x7f0051d6ee58 .functor BUFZ 16, C4<zzzzzzzzzzzzzzzz>; HiZ drive
v0x5633f8dbf580_315 .net v0x5633f8dbf580 315, 15 0, o0x7f0051d6ee58; 0 drivers
o0x7f0051d6ee88 .functor BUFZ 16, C4<zzzzzzzzzzzzzzzz>; HiZ drive
v0x5633f8dbf580_316 .net v0x5633f8dbf580 316, 15 0, o0x7f0051d6ee88; 0 drivers
o0x7f0051d6eeb8 .functor BUFZ 16, C4<zzzzzzzzzzzzzzzz>; HiZ drive
v0x5633f8dbf580_317 .net v0x5633f8dbf580 317, 15 0, o0x7f0051d6eeb8; 0 drivers
o0x7f0051d6eee8 .functor BUFZ 16, C4<zzzzzzzzzzzzzzzz>; HiZ drive
v0x5633f8dbf580_318 .net v0x5633f8dbf580 318, 15 0, o0x7f0051d6eee8; 0 drivers
o0x7f0051d6ef18 .functor BUFZ 16, C4<zzzzzzzzzzzzzzzz>; HiZ drive
v0x5633f8dbf580_319 .net v0x5633f8dbf580 319, 15 0, o0x7f0051d6ef18; 0 drivers
o0x7f0051d6ef48 .functor BUFZ 16, C4<zzzzzzzzzzzzzzzz>; HiZ drive
v0x5633f8dbf580_320 .net v0x5633f8dbf580 320, 15 0, o0x7f0051d6ef48; 0 drivers
o0x7f0051d6ef78 .functor BUFZ 16, C4<zzzzzzzzzzzzzzzz>; HiZ drive
v0x5633f8dbf580_321 .net v0x5633f8dbf580 321, 15 0, o0x7f0051d6ef78; 0 drivers
o0x7f0051d6efa8 .functor BUFZ 16, C4<zzzzzzzzzzzzzzzz>; HiZ drive
v0x5633f8dbf580_322 .net v0x5633f8dbf580 322, 15 0, o0x7f0051d6efa8; 0 drivers
o0x7f0051d6efd8 .functor BUFZ 16, C4<zzzzzzzzzzzzzzzz>; HiZ drive
v0x5633f8dbf580_323 .net v0x5633f8dbf580 323, 15 0, o0x7f0051d6efd8; 0 drivers
o0x7f0051d6f008 .functor BUFZ 16, C4<zzzzzzzzzzzzzzzz>; HiZ drive
v0x5633f8dbf580_324 .net v0x5633f8dbf580 324, 15 0, o0x7f0051d6f008; 0 drivers
o0x7f0051d6f038 .functor BUFZ 16, C4<zzzzzzzzzzzzzzzz>; HiZ drive
v0x5633f8dbf580_325 .net v0x5633f8dbf580 325, 15 0, o0x7f0051d6f038; 0 drivers
o0x7f0051d6f068 .functor BUFZ 16, C4<zzzzzzzzzzzzzzzz>; HiZ drive
v0x5633f8dbf580_326 .net v0x5633f8dbf580 326, 15 0, o0x7f0051d6f068; 0 drivers
o0x7f0051d6f098 .functor BUFZ 16, C4<zzzzzzzzzzzzzzzz>; HiZ drive
v0x5633f8dbf580_327 .net v0x5633f8dbf580 327, 15 0, o0x7f0051d6f098; 0 drivers
o0x7f0051d6f0c8 .functor BUFZ 16, C4<zzzzzzzzzzzzzzzz>; HiZ drive
v0x5633f8dbf580_328 .net v0x5633f8dbf580 328, 15 0, o0x7f0051d6f0c8; 0 drivers
o0x7f0051d6f0f8 .functor BUFZ 16, C4<zzzzzzzzzzzzzzzz>; HiZ drive
v0x5633f8dbf580_329 .net v0x5633f8dbf580 329, 15 0, o0x7f0051d6f0f8; 0 drivers
o0x7f0051d6f128 .functor BUFZ 16, C4<zzzzzzzzzzzzzzzz>; HiZ drive
v0x5633f8dbf580_330 .net v0x5633f8dbf580 330, 15 0, o0x7f0051d6f128; 0 drivers
o0x7f0051d6f158 .functor BUFZ 16, C4<zzzzzzzzzzzzzzzz>; HiZ drive
v0x5633f8dbf580_331 .net v0x5633f8dbf580 331, 15 0, o0x7f0051d6f158; 0 drivers
o0x7f0051d6f188 .functor BUFZ 16, C4<zzzzzzzzzzzzzzzz>; HiZ drive
v0x5633f8dbf580_332 .net v0x5633f8dbf580 332, 15 0, o0x7f0051d6f188; 0 drivers
o0x7f0051d6f1b8 .functor BUFZ 16, C4<zzzzzzzzzzzzzzzz>; HiZ drive
v0x5633f8dbf580_333 .net v0x5633f8dbf580 333, 15 0, o0x7f0051d6f1b8; 0 drivers
o0x7f0051d6f1e8 .functor BUFZ 16, C4<zzzzzzzzzzzzzzzz>; HiZ drive
v0x5633f8dbf580_334 .net v0x5633f8dbf580 334, 15 0, o0x7f0051d6f1e8; 0 drivers
o0x7f0051d6f218 .functor BUFZ 16, C4<zzzzzzzzzzzzzzzz>; HiZ drive
v0x5633f8dbf580_335 .net v0x5633f8dbf580 335, 15 0, o0x7f0051d6f218; 0 drivers
o0x7f0051d6f248 .functor BUFZ 16, C4<zzzzzzzzzzzzzzzz>; HiZ drive
v0x5633f8dbf580_336 .net v0x5633f8dbf580 336, 15 0, o0x7f0051d6f248; 0 drivers
o0x7f0051d6f278 .functor BUFZ 16, C4<zzzzzzzzzzzzzzzz>; HiZ drive
v0x5633f8dbf580_337 .net v0x5633f8dbf580 337, 15 0, o0x7f0051d6f278; 0 drivers
o0x7f0051d6f2a8 .functor BUFZ 16, C4<zzzzzzzzzzzzzzzz>; HiZ drive
v0x5633f8dbf580_338 .net v0x5633f8dbf580 338, 15 0, o0x7f0051d6f2a8; 0 drivers
o0x7f0051d6f2d8 .functor BUFZ 16, C4<zzzzzzzzzzzzzzzz>; HiZ drive
v0x5633f8dbf580_339 .net v0x5633f8dbf580 339, 15 0, o0x7f0051d6f2d8; 0 drivers
o0x7f0051d6f308 .functor BUFZ 16, C4<zzzzzzzzzzzzzzzz>; HiZ drive
v0x5633f8dbf580_340 .net v0x5633f8dbf580 340, 15 0, o0x7f0051d6f308; 0 drivers
o0x7f0051d6f338 .functor BUFZ 16, C4<zzzzzzzzzzzzzzzz>; HiZ drive
v0x5633f8dbf580_341 .net v0x5633f8dbf580 341, 15 0, o0x7f0051d6f338; 0 drivers
o0x7f0051d6f368 .functor BUFZ 16, C4<zzzzzzzzzzzzzzzz>; HiZ drive
v0x5633f8dbf580_342 .net v0x5633f8dbf580 342, 15 0, o0x7f0051d6f368; 0 drivers
o0x7f0051d6f398 .functor BUFZ 16, C4<zzzzzzzzzzzzzzzz>; HiZ drive
v0x5633f8dbf580_343 .net v0x5633f8dbf580 343, 15 0, o0x7f0051d6f398; 0 drivers
o0x7f0051d6f3c8 .functor BUFZ 16, C4<zzzzzzzzzzzzzzzz>; HiZ drive
v0x5633f8dbf580_344 .net v0x5633f8dbf580 344, 15 0, o0x7f0051d6f3c8; 0 drivers
o0x7f0051d6f3f8 .functor BUFZ 16, C4<zzzzzzzzzzzzzzzz>; HiZ drive
v0x5633f8dbf580_345 .net v0x5633f8dbf580 345, 15 0, o0x7f0051d6f3f8; 0 drivers
o0x7f0051d6f428 .functor BUFZ 16, C4<zzzzzzzzzzzzzzzz>; HiZ drive
v0x5633f8dbf580_346 .net v0x5633f8dbf580 346, 15 0, o0x7f0051d6f428; 0 drivers
o0x7f0051d6f458 .functor BUFZ 16, C4<zzzzzzzzzzzzzzzz>; HiZ drive
v0x5633f8dbf580_347 .net v0x5633f8dbf580 347, 15 0, o0x7f0051d6f458; 0 drivers
o0x7f0051d6f488 .functor BUFZ 16, C4<zzzzzzzzzzzzzzzz>; HiZ drive
v0x5633f8dbf580_348 .net v0x5633f8dbf580 348, 15 0, o0x7f0051d6f488; 0 drivers
o0x7f0051d6f4b8 .functor BUFZ 16, C4<zzzzzzzzzzzzzzzz>; HiZ drive
v0x5633f8dbf580_349 .net v0x5633f8dbf580 349, 15 0, o0x7f0051d6f4b8; 0 drivers
o0x7f0051d6f4e8 .functor BUFZ 16, C4<zzzzzzzzzzzzzzzz>; HiZ drive
v0x5633f8dbf580_350 .net v0x5633f8dbf580 350, 15 0, o0x7f0051d6f4e8; 0 drivers
o0x7f0051d6f518 .functor BUFZ 16, C4<zzzzzzzzzzzzzzzz>; HiZ drive
v0x5633f8dbf580_351 .net v0x5633f8dbf580 351, 15 0, o0x7f0051d6f518; 0 drivers
o0x7f0051d6f548 .functor BUFZ 16, C4<zzzzzzzzzzzzzzzz>; HiZ drive
v0x5633f8dbf580_352 .net v0x5633f8dbf580 352, 15 0, o0x7f0051d6f548; 0 drivers
o0x7f0051d6f578 .functor BUFZ 16, C4<zzzzzzzzzzzzzzzz>; HiZ drive
v0x5633f8dbf580_353 .net v0x5633f8dbf580 353, 15 0, o0x7f0051d6f578; 0 drivers
o0x7f0051d6f5a8 .functor BUFZ 16, C4<zzzzzzzzzzzzzzzz>; HiZ drive
v0x5633f8dbf580_354 .net v0x5633f8dbf580 354, 15 0, o0x7f0051d6f5a8; 0 drivers
o0x7f0051d6f5d8 .functor BUFZ 16, C4<zzzzzzzzzzzzzzzz>; HiZ drive
v0x5633f8dbf580_355 .net v0x5633f8dbf580 355, 15 0, o0x7f0051d6f5d8; 0 drivers
o0x7f0051d6f608 .functor BUFZ 16, C4<zzzzzzzzzzzzzzzz>; HiZ drive
v0x5633f8dbf580_356 .net v0x5633f8dbf580 356, 15 0, o0x7f0051d6f608; 0 drivers
o0x7f0051d6f638 .functor BUFZ 16, C4<zzzzzzzzzzzzzzzz>; HiZ drive
v0x5633f8dbf580_357 .net v0x5633f8dbf580 357, 15 0, o0x7f0051d6f638; 0 drivers
o0x7f0051d6f668 .functor BUFZ 16, C4<zzzzzzzzzzzzzzzz>; HiZ drive
v0x5633f8dbf580_358 .net v0x5633f8dbf580 358, 15 0, o0x7f0051d6f668; 0 drivers
o0x7f0051d6f698 .functor BUFZ 16, C4<zzzzzzzzzzzzzzzz>; HiZ drive
v0x5633f8dbf580_359 .net v0x5633f8dbf580 359, 15 0, o0x7f0051d6f698; 0 drivers
o0x7f0051d6f6c8 .functor BUFZ 16, C4<zzzzzzzzzzzzzzzz>; HiZ drive
v0x5633f8dbf580_360 .net v0x5633f8dbf580 360, 15 0, o0x7f0051d6f6c8; 0 drivers
o0x7f0051d6f6f8 .functor BUFZ 16, C4<zzzzzzzzzzzzzzzz>; HiZ drive
v0x5633f8dbf580_361 .net v0x5633f8dbf580 361, 15 0, o0x7f0051d6f6f8; 0 drivers
o0x7f0051d6f728 .functor BUFZ 16, C4<zzzzzzzzzzzzzzzz>; HiZ drive
v0x5633f8dbf580_362 .net v0x5633f8dbf580 362, 15 0, o0x7f0051d6f728; 0 drivers
o0x7f0051d6f758 .functor BUFZ 16, C4<zzzzzzzzzzzzzzzz>; HiZ drive
v0x5633f8dbf580_363 .net v0x5633f8dbf580 363, 15 0, o0x7f0051d6f758; 0 drivers
o0x7f0051d6f788 .functor BUFZ 16, C4<zzzzzzzzzzzzzzzz>; HiZ drive
v0x5633f8dbf580_364 .net v0x5633f8dbf580 364, 15 0, o0x7f0051d6f788; 0 drivers
o0x7f0051d6f7b8 .functor BUFZ 16, C4<zzzzzzzzzzzzzzzz>; HiZ drive
v0x5633f8dbf580_365 .net v0x5633f8dbf580 365, 15 0, o0x7f0051d6f7b8; 0 drivers
o0x7f0051d6f7e8 .functor BUFZ 16, C4<zzzzzzzzzzzzzzzz>; HiZ drive
v0x5633f8dbf580_366 .net v0x5633f8dbf580 366, 15 0, o0x7f0051d6f7e8; 0 drivers
o0x7f0051d6f818 .functor BUFZ 16, C4<zzzzzzzzzzzzzzzz>; HiZ drive
v0x5633f8dbf580_367 .net v0x5633f8dbf580 367, 15 0, o0x7f0051d6f818; 0 drivers
o0x7f0051d6f848 .functor BUFZ 16, C4<zzzzzzzzzzzzzzzz>; HiZ drive
v0x5633f8dbf580_368 .net v0x5633f8dbf580 368, 15 0, o0x7f0051d6f848; 0 drivers
o0x7f0051d6f878 .functor BUFZ 16, C4<zzzzzzzzzzzzzzzz>; HiZ drive
v0x5633f8dbf580_369 .net v0x5633f8dbf580 369, 15 0, o0x7f0051d6f878; 0 drivers
o0x7f0051d6f8a8 .functor BUFZ 16, C4<zzzzzzzzzzzzzzzz>; HiZ drive
v0x5633f8dbf580_370 .net v0x5633f8dbf580 370, 15 0, o0x7f0051d6f8a8; 0 drivers
o0x7f0051d6f8d8 .functor BUFZ 16, C4<zzzzzzzzzzzzzzzz>; HiZ drive
v0x5633f8dbf580_371 .net v0x5633f8dbf580 371, 15 0, o0x7f0051d6f8d8; 0 drivers
o0x7f0051d6f908 .functor BUFZ 16, C4<zzzzzzzzzzzzzzzz>; HiZ drive
v0x5633f8dbf580_372 .net v0x5633f8dbf580 372, 15 0, o0x7f0051d6f908; 0 drivers
o0x7f0051d6f938 .functor BUFZ 16, C4<zzzzzzzzzzzzzzzz>; HiZ drive
v0x5633f8dbf580_373 .net v0x5633f8dbf580 373, 15 0, o0x7f0051d6f938; 0 drivers
o0x7f0051d6f968 .functor BUFZ 16, C4<zzzzzzzzzzzzzzzz>; HiZ drive
v0x5633f8dbf580_374 .net v0x5633f8dbf580 374, 15 0, o0x7f0051d6f968; 0 drivers
o0x7f0051d6f998 .functor BUFZ 16, C4<zzzzzzzzzzzzzzzz>; HiZ drive
v0x5633f8dbf580_375 .net v0x5633f8dbf580 375, 15 0, o0x7f0051d6f998; 0 drivers
o0x7f0051d6f9c8 .functor BUFZ 16, C4<zzzzzzzzzzzzzzzz>; HiZ drive
v0x5633f8dbf580_376 .net v0x5633f8dbf580 376, 15 0, o0x7f0051d6f9c8; 0 drivers
o0x7f0051d6f9f8 .functor BUFZ 16, C4<zzzzzzzzzzzzzzzz>; HiZ drive
v0x5633f8dbf580_377 .net v0x5633f8dbf580 377, 15 0, o0x7f0051d6f9f8; 0 drivers
o0x7f0051d6fa28 .functor BUFZ 16, C4<zzzzzzzzzzzzzzzz>; HiZ drive
v0x5633f8dbf580_378 .net v0x5633f8dbf580 378, 15 0, o0x7f0051d6fa28; 0 drivers
o0x7f0051d6fa58 .functor BUFZ 16, C4<zzzzzzzzzzzzzzzz>; HiZ drive
v0x5633f8dbf580_379 .net v0x5633f8dbf580 379, 15 0, o0x7f0051d6fa58; 0 drivers
o0x7f0051d6fa88 .functor BUFZ 16, C4<zzzzzzzzzzzzzzzz>; HiZ drive
v0x5633f8dbf580_380 .net v0x5633f8dbf580 380, 15 0, o0x7f0051d6fa88; 0 drivers
o0x7f0051d6fab8 .functor BUFZ 16, C4<zzzzzzzzzzzzzzzz>; HiZ drive
v0x5633f8dbf580_381 .net v0x5633f8dbf580 381, 15 0, o0x7f0051d6fab8; 0 drivers
o0x7f0051d6fae8 .functor BUFZ 16, C4<zzzzzzzzzzzzzzzz>; HiZ drive
v0x5633f8dbf580_382 .net v0x5633f8dbf580 382, 15 0, o0x7f0051d6fae8; 0 drivers
o0x7f0051d6fb18 .functor BUFZ 16, C4<zzzzzzzzzzzzzzzz>; HiZ drive
v0x5633f8dbf580_383 .net v0x5633f8dbf580 383, 15 0, o0x7f0051d6fb18; 0 drivers
o0x7f0051d6fb48 .functor BUFZ 16, C4<zzzzzzzzzzzzzzzz>; HiZ drive
v0x5633f8dbf580_384 .net v0x5633f8dbf580 384, 15 0, o0x7f0051d6fb48; 0 drivers
o0x7f0051d6fb78 .functor BUFZ 16, C4<zzzzzzzzzzzzzzzz>; HiZ drive
v0x5633f8dbf580_385 .net v0x5633f8dbf580 385, 15 0, o0x7f0051d6fb78; 0 drivers
o0x7f0051d6fba8 .functor BUFZ 16, C4<zzzzzzzzzzzzzzzz>; HiZ drive
v0x5633f8dbf580_386 .net v0x5633f8dbf580 386, 15 0, o0x7f0051d6fba8; 0 drivers
o0x7f0051d6fbd8 .functor BUFZ 16, C4<zzzzzzzzzzzzzzzz>; HiZ drive
v0x5633f8dbf580_387 .net v0x5633f8dbf580 387, 15 0, o0x7f0051d6fbd8; 0 drivers
o0x7f0051d6fc08 .functor BUFZ 16, C4<zzzzzzzzzzzzzzzz>; HiZ drive
v0x5633f8dbf580_388 .net v0x5633f8dbf580 388, 15 0, o0x7f0051d6fc08; 0 drivers
o0x7f0051d6fc38 .functor BUFZ 16, C4<zzzzzzzzzzzzzzzz>; HiZ drive
v0x5633f8dbf580_389 .net v0x5633f8dbf580 389, 15 0, o0x7f0051d6fc38; 0 drivers
o0x7f0051d6fc68 .functor BUFZ 16, C4<zzzzzzzzzzzzzzzz>; HiZ drive
v0x5633f8dbf580_390 .net v0x5633f8dbf580 390, 15 0, o0x7f0051d6fc68; 0 drivers
o0x7f0051d6fc98 .functor BUFZ 16, C4<zzzzzzzzzzzzzzzz>; HiZ drive
v0x5633f8dbf580_391 .net v0x5633f8dbf580 391, 15 0, o0x7f0051d6fc98; 0 drivers
o0x7f0051d6fcc8 .functor BUFZ 16, C4<zzzzzzzzzzzzzzzz>; HiZ drive
v0x5633f8dbf580_392 .net v0x5633f8dbf580 392, 15 0, o0x7f0051d6fcc8; 0 drivers
o0x7f0051d6fcf8 .functor BUFZ 16, C4<zzzzzzzzzzzzzzzz>; HiZ drive
v0x5633f8dbf580_393 .net v0x5633f8dbf580 393, 15 0, o0x7f0051d6fcf8; 0 drivers
o0x7f0051d6fd28 .functor BUFZ 16, C4<zzzzzzzzzzzzzzzz>; HiZ drive
v0x5633f8dbf580_394 .net v0x5633f8dbf580 394, 15 0, o0x7f0051d6fd28; 0 drivers
o0x7f0051d6fd58 .functor BUFZ 16, C4<zzzzzzzzzzzzzzzz>; HiZ drive
v0x5633f8dbf580_395 .net v0x5633f8dbf580 395, 15 0, o0x7f0051d6fd58; 0 drivers
o0x7f0051d6fd88 .functor BUFZ 16, C4<zzzzzzzzzzzzzzzz>; HiZ drive
v0x5633f8dbf580_396 .net v0x5633f8dbf580 396, 15 0, o0x7f0051d6fd88; 0 drivers
o0x7f0051d6fdb8 .functor BUFZ 16, C4<zzzzzzzzzzzzzzzz>; HiZ drive
v0x5633f8dbf580_397 .net v0x5633f8dbf580 397, 15 0, o0x7f0051d6fdb8; 0 drivers
o0x7f0051d6fde8 .functor BUFZ 16, C4<zzzzzzzzzzzzzzzz>; HiZ drive
v0x5633f8dbf580_398 .net v0x5633f8dbf580 398, 15 0, o0x7f0051d6fde8; 0 drivers
o0x7f0051d6fe18 .functor BUFZ 16, C4<zzzzzzzzzzzzzzzz>; HiZ drive
v0x5633f8dbf580_399 .net v0x5633f8dbf580 399, 15 0, o0x7f0051d6fe18; 0 drivers
o0x7f0051d6fe48 .functor BUFZ 16, C4<zzzzzzzzzzzzzzzz>; HiZ drive
v0x5633f8dbf580_400 .net v0x5633f8dbf580 400, 15 0, o0x7f0051d6fe48; 0 drivers
o0x7f0051d6fe78 .functor BUFZ 16, C4<zzzzzzzzzzzzzzzz>; HiZ drive
v0x5633f8dbf580_401 .net v0x5633f8dbf580 401, 15 0, o0x7f0051d6fe78; 0 drivers
o0x7f0051d6fea8 .functor BUFZ 16, C4<zzzzzzzzzzzzzzzz>; HiZ drive
v0x5633f8dbf580_402 .net v0x5633f8dbf580 402, 15 0, o0x7f0051d6fea8; 0 drivers
o0x7f0051d6fed8 .functor BUFZ 16, C4<zzzzzzzzzzzzzzzz>; HiZ drive
v0x5633f8dbf580_403 .net v0x5633f8dbf580 403, 15 0, o0x7f0051d6fed8; 0 drivers
o0x7f0051d6ff08 .functor BUFZ 16, C4<zzzzzzzzzzzzzzzz>; HiZ drive
v0x5633f8dbf580_404 .net v0x5633f8dbf580 404, 15 0, o0x7f0051d6ff08; 0 drivers
o0x7f0051d6ff38 .functor BUFZ 16, C4<zzzzzzzzzzzzzzzz>; HiZ drive
v0x5633f8dbf580_405 .net v0x5633f8dbf580 405, 15 0, o0x7f0051d6ff38; 0 drivers
o0x7f0051d6ff68 .functor BUFZ 16, C4<zzzzzzzzzzzzzzzz>; HiZ drive
v0x5633f8dbf580_406 .net v0x5633f8dbf580 406, 15 0, o0x7f0051d6ff68; 0 drivers
o0x7f0051d6ff98 .functor BUFZ 16, C4<zzzzzzzzzzzzzzzz>; HiZ drive
v0x5633f8dbf580_407 .net v0x5633f8dbf580 407, 15 0, o0x7f0051d6ff98; 0 drivers
o0x7f0051d6ffc8 .functor BUFZ 16, C4<zzzzzzzzzzzzzzzz>; HiZ drive
v0x5633f8dbf580_408 .net v0x5633f8dbf580 408, 15 0, o0x7f0051d6ffc8; 0 drivers
o0x7f0051d6fff8 .functor BUFZ 16, C4<zzzzzzzzzzzzzzzz>; HiZ drive
v0x5633f8dbf580_409 .net v0x5633f8dbf580 409, 15 0, o0x7f0051d6fff8; 0 drivers
o0x7f0051d70028 .functor BUFZ 16, C4<zzzzzzzzzzzzzzzz>; HiZ drive
v0x5633f8dbf580_410 .net v0x5633f8dbf580 410, 15 0, o0x7f0051d70028; 0 drivers
o0x7f0051d70058 .functor BUFZ 16, C4<zzzzzzzzzzzzzzzz>; HiZ drive
v0x5633f8dbf580_411 .net v0x5633f8dbf580 411, 15 0, o0x7f0051d70058; 0 drivers
o0x7f0051d70088 .functor BUFZ 16, C4<zzzzzzzzzzzzzzzz>; HiZ drive
v0x5633f8dbf580_412 .net v0x5633f8dbf580 412, 15 0, o0x7f0051d70088; 0 drivers
o0x7f0051d700b8 .functor BUFZ 16, C4<zzzzzzzzzzzzzzzz>; HiZ drive
v0x5633f8dbf580_413 .net v0x5633f8dbf580 413, 15 0, o0x7f0051d700b8; 0 drivers
o0x7f0051d700e8 .functor BUFZ 16, C4<zzzzzzzzzzzzzzzz>; HiZ drive
v0x5633f8dbf580_414 .net v0x5633f8dbf580 414, 15 0, o0x7f0051d700e8; 0 drivers
o0x7f0051d70118 .functor BUFZ 16, C4<zzzzzzzzzzzzzzzz>; HiZ drive
v0x5633f8dbf580_415 .net v0x5633f8dbf580 415, 15 0, o0x7f0051d70118; 0 drivers
o0x7f0051d70148 .functor BUFZ 16, C4<zzzzzzzzzzzzzzzz>; HiZ drive
v0x5633f8dbf580_416 .net v0x5633f8dbf580 416, 15 0, o0x7f0051d70148; 0 drivers
o0x7f0051d70178 .functor BUFZ 16, C4<zzzzzzzzzzzzzzzz>; HiZ drive
v0x5633f8dbf580_417 .net v0x5633f8dbf580 417, 15 0, o0x7f0051d70178; 0 drivers
o0x7f0051d701a8 .functor BUFZ 16, C4<zzzzzzzzzzzzzzzz>; HiZ drive
v0x5633f8dbf580_418 .net v0x5633f8dbf580 418, 15 0, o0x7f0051d701a8; 0 drivers
o0x7f0051d701d8 .functor BUFZ 16, C4<zzzzzzzzzzzzzzzz>; HiZ drive
v0x5633f8dbf580_419 .net v0x5633f8dbf580 419, 15 0, o0x7f0051d701d8; 0 drivers
o0x7f0051d70208 .functor BUFZ 16, C4<zzzzzzzzzzzzzzzz>; HiZ drive
v0x5633f8dbf580_420 .net v0x5633f8dbf580 420, 15 0, o0x7f0051d70208; 0 drivers
o0x7f0051d70238 .functor BUFZ 16, C4<zzzzzzzzzzzzzzzz>; HiZ drive
v0x5633f8dbf580_421 .net v0x5633f8dbf580 421, 15 0, o0x7f0051d70238; 0 drivers
o0x7f0051d70268 .functor BUFZ 16, C4<zzzzzzzzzzzzzzzz>; HiZ drive
v0x5633f8dbf580_422 .net v0x5633f8dbf580 422, 15 0, o0x7f0051d70268; 0 drivers
o0x7f0051d70298 .functor BUFZ 16, C4<zzzzzzzzzzzzzzzz>; HiZ drive
v0x5633f8dbf580_423 .net v0x5633f8dbf580 423, 15 0, o0x7f0051d70298; 0 drivers
o0x7f0051d702c8 .functor BUFZ 16, C4<zzzzzzzzzzzzzzzz>; HiZ drive
v0x5633f8dbf580_424 .net v0x5633f8dbf580 424, 15 0, o0x7f0051d702c8; 0 drivers
o0x7f0051d702f8 .functor BUFZ 16, C4<zzzzzzzzzzzzzzzz>; HiZ drive
v0x5633f8dbf580_425 .net v0x5633f8dbf580 425, 15 0, o0x7f0051d702f8; 0 drivers
o0x7f0051d70328 .functor BUFZ 16, C4<zzzzzzzzzzzzzzzz>; HiZ drive
v0x5633f8dbf580_426 .net v0x5633f8dbf580 426, 15 0, o0x7f0051d70328; 0 drivers
o0x7f0051d70358 .functor BUFZ 16, C4<zzzzzzzzzzzzzzzz>; HiZ drive
v0x5633f8dbf580_427 .net v0x5633f8dbf580 427, 15 0, o0x7f0051d70358; 0 drivers
o0x7f0051d70388 .functor BUFZ 16, C4<zzzzzzzzzzzzzzzz>; HiZ drive
v0x5633f8dbf580_428 .net v0x5633f8dbf580 428, 15 0, o0x7f0051d70388; 0 drivers
o0x7f0051d703b8 .functor BUFZ 16, C4<zzzzzzzzzzzzzzzz>; HiZ drive
v0x5633f8dbf580_429 .net v0x5633f8dbf580 429, 15 0, o0x7f0051d703b8; 0 drivers
o0x7f0051d703e8 .functor BUFZ 16, C4<zzzzzzzzzzzzzzzz>; HiZ drive
v0x5633f8dbf580_430 .net v0x5633f8dbf580 430, 15 0, o0x7f0051d703e8; 0 drivers
o0x7f0051d70418 .functor BUFZ 16, C4<zzzzzzzzzzzzzzzz>; HiZ drive
v0x5633f8dbf580_431 .net v0x5633f8dbf580 431, 15 0, o0x7f0051d70418; 0 drivers
o0x7f0051d70448 .functor BUFZ 16, C4<zzzzzzzzzzzzzzzz>; HiZ drive
v0x5633f8dbf580_432 .net v0x5633f8dbf580 432, 15 0, o0x7f0051d70448; 0 drivers
o0x7f0051d70478 .functor BUFZ 16, C4<zzzzzzzzzzzzzzzz>; HiZ drive
v0x5633f8dbf580_433 .net v0x5633f8dbf580 433, 15 0, o0x7f0051d70478; 0 drivers
o0x7f0051d704a8 .functor BUFZ 16, C4<zzzzzzzzzzzzzzzz>; HiZ drive
v0x5633f8dbf580_434 .net v0x5633f8dbf580 434, 15 0, o0x7f0051d704a8; 0 drivers
o0x7f0051d704d8 .functor BUFZ 16, C4<zzzzzzzzzzzzzzzz>; HiZ drive
v0x5633f8dbf580_435 .net v0x5633f8dbf580 435, 15 0, o0x7f0051d704d8; 0 drivers
o0x7f0051d70508 .functor BUFZ 16, C4<zzzzzzzzzzzzzzzz>; HiZ drive
v0x5633f8dbf580_436 .net v0x5633f8dbf580 436, 15 0, o0x7f0051d70508; 0 drivers
o0x7f0051d70538 .functor BUFZ 16, C4<zzzzzzzzzzzzzzzz>; HiZ drive
v0x5633f8dbf580_437 .net v0x5633f8dbf580 437, 15 0, o0x7f0051d70538; 0 drivers
o0x7f0051d70568 .functor BUFZ 16, C4<zzzzzzzzzzzzzzzz>; HiZ drive
v0x5633f8dbf580_438 .net v0x5633f8dbf580 438, 15 0, o0x7f0051d70568; 0 drivers
o0x7f0051d70598 .functor BUFZ 16, C4<zzzzzzzzzzzzzzzz>; HiZ drive
v0x5633f8dbf580_439 .net v0x5633f8dbf580 439, 15 0, o0x7f0051d70598; 0 drivers
o0x7f0051d705c8 .functor BUFZ 16, C4<zzzzzzzzzzzzzzzz>; HiZ drive
v0x5633f8dbf580_440 .net v0x5633f8dbf580 440, 15 0, o0x7f0051d705c8; 0 drivers
o0x7f0051d705f8 .functor BUFZ 16, C4<zzzzzzzzzzzzzzzz>; HiZ drive
v0x5633f8dbf580_441 .net v0x5633f8dbf580 441, 15 0, o0x7f0051d705f8; 0 drivers
o0x7f0051d70628 .functor BUFZ 16, C4<zzzzzzzzzzzzzzzz>; HiZ drive
v0x5633f8dbf580_442 .net v0x5633f8dbf580 442, 15 0, o0x7f0051d70628; 0 drivers
o0x7f0051d70658 .functor BUFZ 16, C4<zzzzzzzzzzzzzzzz>; HiZ drive
v0x5633f8dbf580_443 .net v0x5633f8dbf580 443, 15 0, o0x7f0051d70658; 0 drivers
o0x7f0051d70688 .functor BUFZ 16, C4<zzzzzzzzzzzzzzzz>; HiZ drive
v0x5633f8dbf580_444 .net v0x5633f8dbf580 444, 15 0, o0x7f0051d70688; 0 drivers
o0x7f0051d706b8 .functor BUFZ 16, C4<zzzzzzzzzzzzzzzz>; HiZ drive
v0x5633f8dbf580_445 .net v0x5633f8dbf580 445, 15 0, o0x7f0051d706b8; 0 drivers
o0x7f0051d706e8 .functor BUFZ 16, C4<zzzzzzzzzzzzzzzz>; HiZ drive
v0x5633f8dbf580_446 .net v0x5633f8dbf580 446, 15 0, o0x7f0051d706e8; 0 drivers
o0x7f0051d70718 .functor BUFZ 16, C4<zzzzzzzzzzzzzzzz>; HiZ drive
v0x5633f8dbf580_447 .net v0x5633f8dbf580 447, 15 0, o0x7f0051d70718; 0 drivers
o0x7f0051d70748 .functor BUFZ 16, C4<zzzzzzzzzzzzzzzz>; HiZ drive
v0x5633f8dbf580_448 .net v0x5633f8dbf580 448, 15 0, o0x7f0051d70748; 0 drivers
o0x7f0051d70778 .functor BUFZ 16, C4<zzzzzzzzzzzzzzzz>; HiZ drive
v0x5633f8dbf580_449 .net v0x5633f8dbf580 449, 15 0, o0x7f0051d70778; 0 drivers
o0x7f0051d707a8 .functor BUFZ 16, C4<zzzzzzzzzzzzzzzz>; HiZ drive
v0x5633f8dbf580_450 .net v0x5633f8dbf580 450, 15 0, o0x7f0051d707a8; 0 drivers
o0x7f0051d707d8 .functor BUFZ 16, C4<zzzzzzzzzzzzzzzz>; HiZ drive
v0x5633f8dbf580_451 .net v0x5633f8dbf580 451, 15 0, o0x7f0051d707d8; 0 drivers
o0x7f0051d70808 .functor BUFZ 16, C4<zzzzzzzzzzzzzzzz>; HiZ drive
v0x5633f8dbf580_452 .net v0x5633f8dbf580 452, 15 0, o0x7f0051d70808; 0 drivers
o0x7f0051d70838 .functor BUFZ 16, C4<zzzzzzzzzzzzzzzz>; HiZ drive
v0x5633f8dbf580_453 .net v0x5633f8dbf580 453, 15 0, o0x7f0051d70838; 0 drivers
o0x7f0051d70868 .functor BUFZ 16, C4<zzzzzzzzzzzzzzzz>; HiZ drive
v0x5633f8dbf580_454 .net v0x5633f8dbf580 454, 15 0, o0x7f0051d70868; 0 drivers
o0x7f0051d70898 .functor BUFZ 16, C4<zzzzzzzzzzzzzzzz>; HiZ drive
v0x5633f8dbf580_455 .net v0x5633f8dbf580 455, 15 0, o0x7f0051d70898; 0 drivers
o0x7f0051d708c8 .functor BUFZ 16, C4<zzzzzzzzzzzzzzzz>; HiZ drive
v0x5633f8dbf580_456 .net v0x5633f8dbf580 456, 15 0, o0x7f0051d708c8; 0 drivers
o0x7f0051d708f8 .functor BUFZ 16, C4<zzzzzzzzzzzzzzzz>; HiZ drive
v0x5633f8dbf580_457 .net v0x5633f8dbf580 457, 15 0, o0x7f0051d708f8; 0 drivers
o0x7f0051d70928 .functor BUFZ 16, C4<zzzzzzzzzzzzzzzz>; HiZ drive
v0x5633f8dbf580_458 .net v0x5633f8dbf580 458, 15 0, o0x7f0051d70928; 0 drivers
o0x7f0051d70958 .functor BUFZ 16, C4<zzzzzzzzzzzzzzzz>; HiZ drive
v0x5633f8dbf580_459 .net v0x5633f8dbf580 459, 15 0, o0x7f0051d70958; 0 drivers
o0x7f0051d70988 .functor BUFZ 16, C4<zzzzzzzzzzzzzzzz>; HiZ drive
v0x5633f8dbf580_460 .net v0x5633f8dbf580 460, 15 0, o0x7f0051d70988; 0 drivers
o0x7f0051d709b8 .functor BUFZ 16, C4<zzzzzzzzzzzzzzzz>; HiZ drive
v0x5633f8dbf580_461 .net v0x5633f8dbf580 461, 15 0, o0x7f0051d709b8; 0 drivers
o0x7f0051d709e8 .functor BUFZ 16, C4<zzzzzzzzzzzzzzzz>; HiZ drive
v0x5633f8dbf580_462 .net v0x5633f8dbf580 462, 15 0, o0x7f0051d709e8; 0 drivers
o0x7f0051d70a18 .functor BUFZ 16, C4<zzzzzzzzzzzzzzzz>; HiZ drive
v0x5633f8dbf580_463 .net v0x5633f8dbf580 463, 15 0, o0x7f0051d70a18; 0 drivers
o0x7f0051d70a48 .functor BUFZ 16, C4<zzzzzzzzzzzzzzzz>; HiZ drive
v0x5633f8dbf580_464 .net v0x5633f8dbf580 464, 15 0, o0x7f0051d70a48; 0 drivers
o0x7f0051d70a78 .functor BUFZ 16, C4<zzzzzzzzzzzzzzzz>; HiZ drive
v0x5633f8dbf580_465 .net v0x5633f8dbf580 465, 15 0, o0x7f0051d70a78; 0 drivers
o0x7f0051d70aa8 .functor BUFZ 16, C4<zzzzzzzzzzzzzzzz>; HiZ drive
v0x5633f8dbf580_466 .net v0x5633f8dbf580 466, 15 0, o0x7f0051d70aa8; 0 drivers
o0x7f0051d70ad8 .functor BUFZ 16, C4<zzzzzzzzzzzzzzzz>; HiZ drive
v0x5633f8dbf580_467 .net v0x5633f8dbf580 467, 15 0, o0x7f0051d70ad8; 0 drivers
o0x7f0051d70b08 .functor BUFZ 16, C4<zzzzzzzzzzzzzzzz>; HiZ drive
v0x5633f8dbf580_468 .net v0x5633f8dbf580 468, 15 0, o0x7f0051d70b08; 0 drivers
o0x7f0051d70b38 .functor BUFZ 16, C4<zzzzzzzzzzzzzzzz>; HiZ drive
v0x5633f8dbf580_469 .net v0x5633f8dbf580 469, 15 0, o0x7f0051d70b38; 0 drivers
o0x7f0051d70b68 .functor BUFZ 16, C4<zzzzzzzzzzzzzzzz>; HiZ drive
v0x5633f8dbf580_470 .net v0x5633f8dbf580 470, 15 0, o0x7f0051d70b68; 0 drivers
o0x7f0051d70b98 .functor BUFZ 16, C4<zzzzzzzzzzzzzzzz>; HiZ drive
v0x5633f8dbf580_471 .net v0x5633f8dbf580 471, 15 0, o0x7f0051d70b98; 0 drivers
o0x7f0051d70bc8 .functor BUFZ 16, C4<zzzzzzzzzzzzzzzz>; HiZ drive
v0x5633f8dbf580_472 .net v0x5633f8dbf580 472, 15 0, o0x7f0051d70bc8; 0 drivers
o0x7f0051d70bf8 .functor BUFZ 16, C4<zzzzzzzzzzzzzzzz>; HiZ drive
v0x5633f8dbf580_473 .net v0x5633f8dbf580 473, 15 0, o0x7f0051d70bf8; 0 drivers
o0x7f0051d70c28 .functor BUFZ 16, C4<zzzzzzzzzzzzzzzz>; HiZ drive
v0x5633f8dbf580_474 .net v0x5633f8dbf580 474, 15 0, o0x7f0051d70c28; 0 drivers
o0x7f0051d70c58 .functor BUFZ 16, C4<zzzzzzzzzzzzzzzz>; HiZ drive
v0x5633f8dbf580_475 .net v0x5633f8dbf580 475, 15 0, o0x7f0051d70c58; 0 drivers
o0x7f0051d70c88 .functor BUFZ 16, C4<zzzzzzzzzzzzzzzz>; HiZ drive
v0x5633f8dbf580_476 .net v0x5633f8dbf580 476, 15 0, o0x7f0051d70c88; 0 drivers
o0x7f0051d70cb8 .functor BUFZ 16, C4<zzzzzzzzzzzzzzzz>; HiZ drive
v0x5633f8dbf580_477 .net v0x5633f8dbf580 477, 15 0, o0x7f0051d70cb8; 0 drivers
o0x7f0051d70ce8 .functor BUFZ 16, C4<zzzzzzzzzzzzzzzz>; HiZ drive
v0x5633f8dbf580_478 .net v0x5633f8dbf580 478, 15 0, o0x7f0051d70ce8; 0 drivers
o0x7f0051d70d18 .functor BUFZ 16, C4<zzzzzzzzzzzzzzzz>; HiZ drive
v0x5633f8dbf580_479 .net v0x5633f8dbf580 479, 15 0, o0x7f0051d70d18; 0 drivers
o0x7f0051d70d48 .functor BUFZ 16, C4<zzzzzzzzzzzzzzzz>; HiZ drive
v0x5633f8dbf580_480 .net v0x5633f8dbf580 480, 15 0, o0x7f0051d70d48; 0 drivers
o0x7f0051d70d78 .functor BUFZ 16, C4<zzzzzzzzzzzzzzzz>; HiZ drive
v0x5633f8dbf580_481 .net v0x5633f8dbf580 481, 15 0, o0x7f0051d70d78; 0 drivers
o0x7f0051d70da8 .functor BUFZ 16, C4<zzzzzzzzzzzzzzzz>; HiZ drive
v0x5633f8dbf580_482 .net v0x5633f8dbf580 482, 15 0, o0x7f0051d70da8; 0 drivers
o0x7f0051d70dd8 .functor BUFZ 16, C4<zzzzzzzzzzzzzzzz>; HiZ drive
v0x5633f8dbf580_483 .net v0x5633f8dbf580 483, 15 0, o0x7f0051d70dd8; 0 drivers
o0x7f0051d70e08 .functor BUFZ 16, C4<zzzzzzzzzzzzzzzz>; HiZ drive
v0x5633f8dbf580_484 .net v0x5633f8dbf580 484, 15 0, o0x7f0051d70e08; 0 drivers
o0x7f0051d70e38 .functor BUFZ 16, C4<zzzzzzzzzzzzzzzz>; HiZ drive
v0x5633f8dbf580_485 .net v0x5633f8dbf580 485, 15 0, o0x7f0051d70e38; 0 drivers
o0x7f0051d70e68 .functor BUFZ 16, C4<zzzzzzzzzzzzzzzz>; HiZ drive
v0x5633f8dbf580_486 .net v0x5633f8dbf580 486, 15 0, o0x7f0051d70e68; 0 drivers
o0x7f0051d70e98 .functor BUFZ 16, C4<zzzzzzzzzzzzzzzz>; HiZ drive
v0x5633f8dbf580_487 .net v0x5633f8dbf580 487, 15 0, o0x7f0051d70e98; 0 drivers
o0x7f0051d70ec8 .functor BUFZ 16, C4<zzzzzzzzzzzzzzzz>; HiZ drive
v0x5633f8dbf580_488 .net v0x5633f8dbf580 488, 15 0, o0x7f0051d70ec8; 0 drivers
o0x7f0051d70ef8 .functor BUFZ 16, C4<zzzzzzzzzzzzzzzz>; HiZ drive
v0x5633f8dbf580_489 .net v0x5633f8dbf580 489, 15 0, o0x7f0051d70ef8; 0 drivers
o0x7f0051d70f28 .functor BUFZ 16, C4<zzzzzzzzzzzzzzzz>; HiZ drive
v0x5633f8dbf580_490 .net v0x5633f8dbf580 490, 15 0, o0x7f0051d70f28; 0 drivers
o0x7f0051d70f58 .functor BUFZ 16, C4<zzzzzzzzzzzzzzzz>; HiZ drive
v0x5633f8dbf580_491 .net v0x5633f8dbf580 491, 15 0, o0x7f0051d70f58; 0 drivers
o0x7f0051d70f88 .functor BUFZ 16, C4<zzzzzzzzzzzzzzzz>; HiZ drive
v0x5633f8dbf580_492 .net v0x5633f8dbf580 492, 15 0, o0x7f0051d70f88; 0 drivers
o0x7f0051d70fb8 .functor BUFZ 16, C4<zzzzzzzzzzzzzzzz>; HiZ drive
v0x5633f8dbf580_493 .net v0x5633f8dbf580 493, 15 0, o0x7f0051d70fb8; 0 drivers
o0x7f0051d70fe8 .functor BUFZ 16, C4<zzzzzzzzzzzzzzzz>; HiZ drive
v0x5633f8dbf580_494 .net v0x5633f8dbf580 494, 15 0, o0x7f0051d70fe8; 0 drivers
o0x7f0051d71018 .functor BUFZ 16, C4<zzzzzzzzzzzzzzzz>; HiZ drive
v0x5633f8dbf580_495 .net v0x5633f8dbf580 495, 15 0, o0x7f0051d71018; 0 drivers
o0x7f0051d71048 .functor BUFZ 16, C4<zzzzzzzzzzzzzzzz>; HiZ drive
v0x5633f8dbf580_496 .net v0x5633f8dbf580 496, 15 0, o0x7f0051d71048; 0 drivers
o0x7f0051d71078 .functor BUFZ 16, C4<zzzzzzzzzzzzzzzz>; HiZ drive
v0x5633f8dbf580_497 .net v0x5633f8dbf580 497, 15 0, o0x7f0051d71078; 0 drivers
o0x7f0051d710a8 .functor BUFZ 16, C4<zzzzzzzzzzzzzzzz>; HiZ drive
v0x5633f8dbf580_498 .net v0x5633f8dbf580 498, 15 0, o0x7f0051d710a8; 0 drivers
o0x7f0051d710d8 .functor BUFZ 16, C4<zzzzzzzzzzzzzzzz>; HiZ drive
v0x5633f8dbf580_499 .net v0x5633f8dbf580 499, 15 0, o0x7f0051d710d8; 0 drivers
o0x7f0051d71108 .functor BUFZ 16, C4<zzzzzzzzzzzzzzzz>; HiZ drive
v0x5633f8dbf580_500 .net v0x5633f8dbf580 500, 15 0, o0x7f0051d71108; 0 drivers
o0x7f0051d71138 .functor BUFZ 16, C4<zzzzzzzzzzzzzzzz>; HiZ drive
v0x5633f8dbf580_501 .net v0x5633f8dbf580 501, 15 0, o0x7f0051d71138; 0 drivers
o0x7f0051d71168 .functor BUFZ 16, C4<zzzzzzzzzzzzzzzz>; HiZ drive
v0x5633f8dbf580_502 .net v0x5633f8dbf580 502, 15 0, o0x7f0051d71168; 0 drivers
o0x7f0051d71198 .functor BUFZ 16, C4<zzzzzzzzzzzzzzzz>; HiZ drive
v0x5633f8dbf580_503 .net v0x5633f8dbf580 503, 15 0, o0x7f0051d71198; 0 drivers
o0x7f0051d711c8 .functor BUFZ 16, C4<zzzzzzzzzzzzzzzz>; HiZ drive
v0x5633f8dbf580_504 .net v0x5633f8dbf580 504, 15 0, o0x7f0051d711c8; 0 drivers
o0x7f0051d711f8 .functor BUFZ 16, C4<zzzzzzzzzzzzzzzz>; HiZ drive
v0x5633f8dbf580_505 .net v0x5633f8dbf580 505, 15 0, o0x7f0051d711f8; 0 drivers
o0x7f0051d71228 .functor BUFZ 16, C4<zzzzzzzzzzzzzzzz>; HiZ drive
v0x5633f8dbf580_506 .net v0x5633f8dbf580 506, 15 0, o0x7f0051d71228; 0 drivers
o0x7f0051d71258 .functor BUFZ 16, C4<zzzzzzzzzzzzzzzz>; HiZ drive
v0x5633f8dbf580_507 .net v0x5633f8dbf580 507, 15 0, o0x7f0051d71258; 0 drivers
o0x7f0051d71288 .functor BUFZ 16, C4<zzzzzzzzzzzzzzzz>; HiZ drive
v0x5633f8dbf580_508 .net v0x5633f8dbf580 508, 15 0, o0x7f0051d71288; 0 drivers
o0x7f0051d712b8 .functor BUFZ 16, C4<zzzzzzzzzzzzzzzz>; HiZ drive
v0x5633f8dbf580_509 .net v0x5633f8dbf580 509, 15 0, o0x7f0051d712b8; 0 drivers
o0x7f0051d712e8 .functor BUFZ 16, C4<zzzzzzzzzzzzzzzz>; HiZ drive
v0x5633f8dbf580_510 .net v0x5633f8dbf580 510, 15 0, o0x7f0051d712e8; 0 drivers
o0x7f0051d71318 .functor BUFZ 16, C4<zzzzzzzzzzzzzzzz>; HiZ drive
v0x5633f8dbf580_511 .net v0x5633f8dbf580 511, 15 0, o0x7f0051d71318; 0 drivers
v0x5633f8dc4650 .array "data_out", 511 0, 15 0;
v0x5633f8dc46f0_0 .var "din_flat", 8191 0;
v0x5633f8dc47d0_0 .var "dout_flat", 8191 0;
o0x7f0051d713a8 .functor BUFZ 1, C4<z>; HiZ drive
v0x5633f8dc4900_0 .net "en", 0 0, o0x7f0051d713a8;  0 drivers
o0x7f0051d713d8 .functor BUFZ 1, C4<z>; HiZ drive
v0x5633f8dc49c0_0 .net "rst_n", 0 0, o0x7f0051d713d8;  0 drivers
o0x7f0051d71408 .functor BUFZ 1, C4<z>; HiZ drive
v0x5633f8dc4a80_0 .net "valid_in", 0 0, o0x7f0051d71408;  0 drivers
v0x5633f8dc4b40_0 .var "valid_out", 0 0;
E_0x5633f8cfe5d0 .event edge, v0x5633f8dc47d0_0;
E_0x5633f8d91870/0 .event negedge, v0x5633f8dc49c0_0;
E_0x5633f8d91870/1 .event posedge, v0x5633f8dbf4a0_0;
E_0x5633f8d91870 .event/or E_0x5633f8d91870/0, E_0x5633f8d91870/1;
E_0x5633f8dbde70/0 .event edge, v0x5633f8dbf580_0, v0x5633f8dbf580_1, v0x5633f8dbf580_2, v0x5633f8dbf580_3;
E_0x5633f8dbde70/1 .event edge, v0x5633f8dbf580_4, v0x5633f8dbf580_5, v0x5633f8dbf580_6, v0x5633f8dbf580_7;
E_0x5633f8dbde70/2 .event edge, v0x5633f8dbf580_8, v0x5633f8dbf580_9, v0x5633f8dbf580_10, v0x5633f8dbf580_11;
E_0x5633f8dbde70/3 .event edge, v0x5633f8dbf580_12, v0x5633f8dbf580_13, v0x5633f8dbf580_14, v0x5633f8dbf580_15;
E_0x5633f8dbde70/4 .event edge, v0x5633f8dbf580_16, v0x5633f8dbf580_17, v0x5633f8dbf580_18, v0x5633f8dbf580_19;
E_0x5633f8dbde70/5 .event edge, v0x5633f8dbf580_20, v0x5633f8dbf580_21, v0x5633f8dbf580_22, v0x5633f8dbf580_23;
E_0x5633f8dbde70/6 .event edge, v0x5633f8dbf580_24, v0x5633f8dbf580_25, v0x5633f8dbf580_26, v0x5633f8dbf580_27;
E_0x5633f8dbde70/7 .event edge, v0x5633f8dbf580_28, v0x5633f8dbf580_29, v0x5633f8dbf580_30, v0x5633f8dbf580_31;
E_0x5633f8dbde70/8 .event edge, v0x5633f8dbf580_32, v0x5633f8dbf580_33, v0x5633f8dbf580_34, v0x5633f8dbf580_35;
E_0x5633f8dbde70/9 .event edge, v0x5633f8dbf580_36, v0x5633f8dbf580_37, v0x5633f8dbf580_38, v0x5633f8dbf580_39;
E_0x5633f8dbde70/10 .event edge, v0x5633f8dbf580_40, v0x5633f8dbf580_41, v0x5633f8dbf580_42, v0x5633f8dbf580_43;
E_0x5633f8dbde70/11 .event edge, v0x5633f8dbf580_44, v0x5633f8dbf580_45, v0x5633f8dbf580_46, v0x5633f8dbf580_47;
E_0x5633f8dbde70/12 .event edge, v0x5633f8dbf580_48, v0x5633f8dbf580_49, v0x5633f8dbf580_50, v0x5633f8dbf580_51;
E_0x5633f8dbde70/13 .event edge, v0x5633f8dbf580_52, v0x5633f8dbf580_53, v0x5633f8dbf580_54, v0x5633f8dbf580_55;
E_0x5633f8dbde70/14 .event edge, v0x5633f8dbf580_56, v0x5633f8dbf580_57, v0x5633f8dbf580_58, v0x5633f8dbf580_59;
E_0x5633f8dbde70/15 .event edge, v0x5633f8dbf580_60, v0x5633f8dbf580_61, v0x5633f8dbf580_62, v0x5633f8dbf580_63;
E_0x5633f8dbde70/16 .event edge, v0x5633f8dbf580_64, v0x5633f8dbf580_65, v0x5633f8dbf580_66, v0x5633f8dbf580_67;
E_0x5633f8dbde70/17 .event edge, v0x5633f8dbf580_68, v0x5633f8dbf580_69, v0x5633f8dbf580_70, v0x5633f8dbf580_71;
E_0x5633f8dbde70/18 .event edge, v0x5633f8dbf580_72, v0x5633f8dbf580_73, v0x5633f8dbf580_74, v0x5633f8dbf580_75;
E_0x5633f8dbde70/19 .event edge, v0x5633f8dbf580_76, v0x5633f8dbf580_77, v0x5633f8dbf580_78, v0x5633f8dbf580_79;
E_0x5633f8dbde70/20 .event edge, v0x5633f8dbf580_80, v0x5633f8dbf580_81, v0x5633f8dbf580_82, v0x5633f8dbf580_83;
E_0x5633f8dbde70/21 .event edge, v0x5633f8dbf580_84, v0x5633f8dbf580_85, v0x5633f8dbf580_86, v0x5633f8dbf580_87;
E_0x5633f8dbde70/22 .event edge, v0x5633f8dbf580_88, v0x5633f8dbf580_89, v0x5633f8dbf580_90, v0x5633f8dbf580_91;
E_0x5633f8dbde70/23 .event edge, v0x5633f8dbf580_92, v0x5633f8dbf580_93, v0x5633f8dbf580_94, v0x5633f8dbf580_95;
E_0x5633f8dbde70/24 .event edge, v0x5633f8dbf580_96, v0x5633f8dbf580_97, v0x5633f8dbf580_98, v0x5633f8dbf580_99;
E_0x5633f8dbde70/25 .event edge, v0x5633f8dbf580_100, v0x5633f8dbf580_101, v0x5633f8dbf580_102, v0x5633f8dbf580_103;
E_0x5633f8dbde70/26 .event edge, v0x5633f8dbf580_104, v0x5633f8dbf580_105, v0x5633f8dbf580_106, v0x5633f8dbf580_107;
E_0x5633f8dbde70/27 .event edge, v0x5633f8dbf580_108, v0x5633f8dbf580_109, v0x5633f8dbf580_110, v0x5633f8dbf580_111;
E_0x5633f8dbde70/28 .event edge, v0x5633f8dbf580_112, v0x5633f8dbf580_113, v0x5633f8dbf580_114, v0x5633f8dbf580_115;
E_0x5633f8dbde70/29 .event edge, v0x5633f8dbf580_116, v0x5633f8dbf580_117, v0x5633f8dbf580_118, v0x5633f8dbf580_119;
E_0x5633f8dbde70/30 .event edge, v0x5633f8dbf580_120, v0x5633f8dbf580_121, v0x5633f8dbf580_122, v0x5633f8dbf580_123;
E_0x5633f8dbde70/31 .event edge, v0x5633f8dbf580_124, v0x5633f8dbf580_125, v0x5633f8dbf580_126, v0x5633f8dbf580_127;
E_0x5633f8dbde70/32 .event edge, v0x5633f8dbf580_128, v0x5633f8dbf580_129, v0x5633f8dbf580_130, v0x5633f8dbf580_131;
E_0x5633f8dbde70/33 .event edge, v0x5633f8dbf580_132, v0x5633f8dbf580_133, v0x5633f8dbf580_134, v0x5633f8dbf580_135;
E_0x5633f8dbde70/34 .event edge, v0x5633f8dbf580_136, v0x5633f8dbf580_137, v0x5633f8dbf580_138, v0x5633f8dbf580_139;
E_0x5633f8dbde70/35 .event edge, v0x5633f8dbf580_140, v0x5633f8dbf580_141, v0x5633f8dbf580_142, v0x5633f8dbf580_143;
E_0x5633f8dbde70/36 .event edge, v0x5633f8dbf580_144, v0x5633f8dbf580_145, v0x5633f8dbf580_146, v0x5633f8dbf580_147;
E_0x5633f8dbde70/37 .event edge, v0x5633f8dbf580_148, v0x5633f8dbf580_149, v0x5633f8dbf580_150, v0x5633f8dbf580_151;
E_0x5633f8dbde70/38 .event edge, v0x5633f8dbf580_152, v0x5633f8dbf580_153, v0x5633f8dbf580_154, v0x5633f8dbf580_155;
E_0x5633f8dbde70/39 .event edge, v0x5633f8dbf580_156, v0x5633f8dbf580_157, v0x5633f8dbf580_158, v0x5633f8dbf580_159;
E_0x5633f8dbde70/40 .event edge, v0x5633f8dbf580_160, v0x5633f8dbf580_161, v0x5633f8dbf580_162, v0x5633f8dbf580_163;
E_0x5633f8dbde70/41 .event edge, v0x5633f8dbf580_164, v0x5633f8dbf580_165, v0x5633f8dbf580_166, v0x5633f8dbf580_167;
E_0x5633f8dbde70/42 .event edge, v0x5633f8dbf580_168, v0x5633f8dbf580_169, v0x5633f8dbf580_170, v0x5633f8dbf580_171;
E_0x5633f8dbde70/43 .event edge, v0x5633f8dbf580_172, v0x5633f8dbf580_173, v0x5633f8dbf580_174, v0x5633f8dbf580_175;
E_0x5633f8dbde70/44 .event edge, v0x5633f8dbf580_176, v0x5633f8dbf580_177, v0x5633f8dbf580_178, v0x5633f8dbf580_179;
E_0x5633f8dbde70/45 .event edge, v0x5633f8dbf580_180, v0x5633f8dbf580_181, v0x5633f8dbf580_182, v0x5633f8dbf580_183;
E_0x5633f8dbde70/46 .event edge, v0x5633f8dbf580_184, v0x5633f8dbf580_185, v0x5633f8dbf580_186, v0x5633f8dbf580_187;
E_0x5633f8dbde70/47 .event edge, v0x5633f8dbf580_188, v0x5633f8dbf580_189, v0x5633f8dbf580_190, v0x5633f8dbf580_191;
E_0x5633f8dbde70/48 .event edge, v0x5633f8dbf580_192, v0x5633f8dbf580_193, v0x5633f8dbf580_194, v0x5633f8dbf580_195;
E_0x5633f8dbde70/49 .event edge, v0x5633f8dbf580_196, v0x5633f8dbf580_197, v0x5633f8dbf580_198, v0x5633f8dbf580_199;
E_0x5633f8dbde70/50 .event edge, v0x5633f8dbf580_200, v0x5633f8dbf580_201, v0x5633f8dbf580_202, v0x5633f8dbf580_203;
E_0x5633f8dbde70/51 .event edge, v0x5633f8dbf580_204, v0x5633f8dbf580_205, v0x5633f8dbf580_206, v0x5633f8dbf580_207;
E_0x5633f8dbde70/52 .event edge, v0x5633f8dbf580_208, v0x5633f8dbf580_209, v0x5633f8dbf580_210, v0x5633f8dbf580_211;
E_0x5633f8dbde70/53 .event edge, v0x5633f8dbf580_212, v0x5633f8dbf580_213, v0x5633f8dbf580_214, v0x5633f8dbf580_215;
E_0x5633f8dbde70/54 .event edge, v0x5633f8dbf580_216, v0x5633f8dbf580_217, v0x5633f8dbf580_218, v0x5633f8dbf580_219;
E_0x5633f8dbde70/55 .event edge, v0x5633f8dbf580_220, v0x5633f8dbf580_221, v0x5633f8dbf580_222, v0x5633f8dbf580_223;
E_0x5633f8dbde70/56 .event edge, v0x5633f8dbf580_224, v0x5633f8dbf580_225, v0x5633f8dbf580_226, v0x5633f8dbf580_227;
E_0x5633f8dbde70/57 .event edge, v0x5633f8dbf580_228, v0x5633f8dbf580_229, v0x5633f8dbf580_230, v0x5633f8dbf580_231;
E_0x5633f8dbde70/58 .event edge, v0x5633f8dbf580_232, v0x5633f8dbf580_233, v0x5633f8dbf580_234, v0x5633f8dbf580_235;
E_0x5633f8dbde70/59 .event edge, v0x5633f8dbf580_236, v0x5633f8dbf580_237, v0x5633f8dbf580_238, v0x5633f8dbf580_239;
E_0x5633f8dbde70/60 .event edge, v0x5633f8dbf580_240, v0x5633f8dbf580_241, v0x5633f8dbf580_242, v0x5633f8dbf580_243;
E_0x5633f8dbde70/61 .event edge, v0x5633f8dbf580_244, v0x5633f8dbf580_245, v0x5633f8dbf580_246, v0x5633f8dbf580_247;
E_0x5633f8dbde70/62 .event edge, v0x5633f8dbf580_248, v0x5633f8dbf580_249, v0x5633f8dbf580_250, v0x5633f8dbf580_251;
E_0x5633f8dbde70/63 .event edge, v0x5633f8dbf580_252, v0x5633f8dbf580_253, v0x5633f8dbf580_254, v0x5633f8dbf580_255;
E_0x5633f8dbde70/64 .event edge, v0x5633f8dbf580_256, v0x5633f8dbf580_257, v0x5633f8dbf580_258, v0x5633f8dbf580_259;
E_0x5633f8dbde70/65 .event edge, v0x5633f8dbf580_260, v0x5633f8dbf580_261, v0x5633f8dbf580_262, v0x5633f8dbf580_263;
E_0x5633f8dbde70/66 .event edge, v0x5633f8dbf580_264, v0x5633f8dbf580_265, v0x5633f8dbf580_266, v0x5633f8dbf580_267;
E_0x5633f8dbde70/67 .event edge, v0x5633f8dbf580_268, v0x5633f8dbf580_269, v0x5633f8dbf580_270, v0x5633f8dbf580_271;
E_0x5633f8dbde70/68 .event edge, v0x5633f8dbf580_272, v0x5633f8dbf580_273, v0x5633f8dbf580_274, v0x5633f8dbf580_275;
E_0x5633f8dbde70/69 .event edge, v0x5633f8dbf580_276, v0x5633f8dbf580_277, v0x5633f8dbf580_278, v0x5633f8dbf580_279;
E_0x5633f8dbde70/70 .event edge, v0x5633f8dbf580_280, v0x5633f8dbf580_281, v0x5633f8dbf580_282, v0x5633f8dbf580_283;
E_0x5633f8dbde70/71 .event edge, v0x5633f8dbf580_284, v0x5633f8dbf580_285, v0x5633f8dbf580_286, v0x5633f8dbf580_287;
E_0x5633f8dbde70/72 .event edge, v0x5633f8dbf580_288, v0x5633f8dbf580_289, v0x5633f8dbf580_290, v0x5633f8dbf580_291;
E_0x5633f8dbde70/73 .event edge, v0x5633f8dbf580_292, v0x5633f8dbf580_293, v0x5633f8dbf580_294, v0x5633f8dbf580_295;
E_0x5633f8dbde70/74 .event edge, v0x5633f8dbf580_296, v0x5633f8dbf580_297, v0x5633f8dbf580_298, v0x5633f8dbf580_299;
E_0x5633f8dbde70/75 .event edge, v0x5633f8dbf580_300, v0x5633f8dbf580_301, v0x5633f8dbf580_302, v0x5633f8dbf580_303;
E_0x5633f8dbde70/76 .event edge, v0x5633f8dbf580_304, v0x5633f8dbf580_305, v0x5633f8dbf580_306, v0x5633f8dbf580_307;
E_0x5633f8dbde70/77 .event edge, v0x5633f8dbf580_308, v0x5633f8dbf580_309, v0x5633f8dbf580_310, v0x5633f8dbf580_311;
E_0x5633f8dbde70/78 .event edge, v0x5633f8dbf580_312, v0x5633f8dbf580_313, v0x5633f8dbf580_314, v0x5633f8dbf580_315;
E_0x5633f8dbde70/79 .event edge, v0x5633f8dbf580_316, v0x5633f8dbf580_317, v0x5633f8dbf580_318, v0x5633f8dbf580_319;
E_0x5633f8dbde70/80 .event edge, v0x5633f8dbf580_320, v0x5633f8dbf580_321, v0x5633f8dbf580_322, v0x5633f8dbf580_323;
E_0x5633f8dbde70/81 .event edge, v0x5633f8dbf580_324, v0x5633f8dbf580_325, v0x5633f8dbf580_326, v0x5633f8dbf580_327;
E_0x5633f8dbde70/82 .event edge, v0x5633f8dbf580_328, v0x5633f8dbf580_329, v0x5633f8dbf580_330, v0x5633f8dbf580_331;
E_0x5633f8dbde70/83 .event edge, v0x5633f8dbf580_332, v0x5633f8dbf580_333, v0x5633f8dbf580_334, v0x5633f8dbf580_335;
E_0x5633f8dbde70/84 .event edge, v0x5633f8dbf580_336, v0x5633f8dbf580_337, v0x5633f8dbf580_338, v0x5633f8dbf580_339;
E_0x5633f8dbde70/85 .event edge, v0x5633f8dbf580_340, v0x5633f8dbf580_341, v0x5633f8dbf580_342, v0x5633f8dbf580_343;
E_0x5633f8dbde70/86 .event edge, v0x5633f8dbf580_344, v0x5633f8dbf580_345, v0x5633f8dbf580_346, v0x5633f8dbf580_347;
E_0x5633f8dbde70/87 .event edge, v0x5633f8dbf580_348, v0x5633f8dbf580_349, v0x5633f8dbf580_350, v0x5633f8dbf580_351;
E_0x5633f8dbde70/88 .event edge, v0x5633f8dbf580_352, v0x5633f8dbf580_353, v0x5633f8dbf580_354, v0x5633f8dbf580_355;
E_0x5633f8dbde70/89 .event edge, v0x5633f8dbf580_356, v0x5633f8dbf580_357, v0x5633f8dbf580_358, v0x5633f8dbf580_359;
E_0x5633f8dbde70/90 .event edge, v0x5633f8dbf580_360, v0x5633f8dbf580_361, v0x5633f8dbf580_362, v0x5633f8dbf580_363;
E_0x5633f8dbde70/91 .event edge, v0x5633f8dbf580_364, v0x5633f8dbf580_365, v0x5633f8dbf580_366, v0x5633f8dbf580_367;
E_0x5633f8dbde70/92 .event edge, v0x5633f8dbf580_368, v0x5633f8dbf580_369, v0x5633f8dbf580_370, v0x5633f8dbf580_371;
E_0x5633f8dbde70/93 .event edge, v0x5633f8dbf580_372, v0x5633f8dbf580_373, v0x5633f8dbf580_374, v0x5633f8dbf580_375;
E_0x5633f8dbde70/94 .event edge, v0x5633f8dbf580_376, v0x5633f8dbf580_377, v0x5633f8dbf580_378, v0x5633f8dbf580_379;
E_0x5633f8dbde70/95 .event edge, v0x5633f8dbf580_380, v0x5633f8dbf580_381, v0x5633f8dbf580_382, v0x5633f8dbf580_383;
E_0x5633f8dbde70/96 .event edge, v0x5633f8dbf580_384, v0x5633f8dbf580_385, v0x5633f8dbf580_386, v0x5633f8dbf580_387;
E_0x5633f8dbde70/97 .event edge, v0x5633f8dbf580_388, v0x5633f8dbf580_389, v0x5633f8dbf580_390, v0x5633f8dbf580_391;
E_0x5633f8dbde70/98 .event edge, v0x5633f8dbf580_392, v0x5633f8dbf580_393, v0x5633f8dbf580_394, v0x5633f8dbf580_395;
E_0x5633f8dbde70/99 .event edge, v0x5633f8dbf580_396, v0x5633f8dbf580_397, v0x5633f8dbf580_398, v0x5633f8dbf580_399;
E_0x5633f8dbde70/100 .event edge, v0x5633f8dbf580_400, v0x5633f8dbf580_401, v0x5633f8dbf580_402, v0x5633f8dbf580_403;
E_0x5633f8dbde70/101 .event edge, v0x5633f8dbf580_404, v0x5633f8dbf580_405, v0x5633f8dbf580_406, v0x5633f8dbf580_407;
E_0x5633f8dbde70/102 .event edge, v0x5633f8dbf580_408, v0x5633f8dbf580_409, v0x5633f8dbf580_410, v0x5633f8dbf580_411;
E_0x5633f8dbde70/103 .event edge, v0x5633f8dbf580_412, v0x5633f8dbf580_413, v0x5633f8dbf580_414, v0x5633f8dbf580_415;
E_0x5633f8dbde70/104 .event edge, v0x5633f8dbf580_416, v0x5633f8dbf580_417, v0x5633f8dbf580_418, v0x5633f8dbf580_419;
E_0x5633f8dbde70/105 .event edge, v0x5633f8dbf580_420, v0x5633f8dbf580_421, v0x5633f8dbf580_422, v0x5633f8dbf580_423;
E_0x5633f8dbde70/106 .event edge, v0x5633f8dbf580_424, v0x5633f8dbf580_425, v0x5633f8dbf580_426, v0x5633f8dbf580_427;
E_0x5633f8dbde70/107 .event edge, v0x5633f8dbf580_428, v0x5633f8dbf580_429, v0x5633f8dbf580_430, v0x5633f8dbf580_431;
E_0x5633f8dbde70/108 .event edge, v0x5633f8dbf580_432, v0x5633f8dbf580_433, v0x5633f8dbf580_434, v0x5633f8dbf580_435;
E_0x5633f8dbde70/109 .event edge, v0x5633f8dbf580_436, v0x5633f8dbf580_437, v0x5633f8dbf580_438, v0x5633f8dbf580_439;
E_0x5633f8dbde70/110 .event edge, v0x5633f8dbf580_440, v0x5633f8dbf580_441, v0x5633f8dbf580_442, v0x5633f8dbf580_443;
E_0x5633f8dbde70/111 .event edge, v0x5633f8dbf580_444, v0x5633f8dbf580_445, v0x5633f8dbf580_446, v0x5633f8dbf580_447;
E_0x5633f8dbde70/112 .event edge, v0x5633f8dbf580_448, v0x5633f8dbf580_449, v0x5633f8dbf580_450, v0x5633f8dbf580_451;
E_0x5633f8dbde70/113 .event edge, v0x5633f8dbf580_452, v0x5633f8dbf580_453, v0x5633f8dbf580_454, v0x5633f8dbf580_455;
E_0x5633f8dbde70/114 .event edge, v0x5633f8dbf580_456, v0x5633f8dbf580_457, v0x5633f8dbf580_458, v0x5633f8dbf580_459;
E_0x5633f8dbde70/115 .event edge, v0x5633f8dbf580_460, v0x5633f8dbf580_461, v0x5633f8dbf580_462, v0x5633f8dbf580_463;
E_0x5633f8dbde70/116 .event edge, v0x5633f8dbf580_464, v0x5633f8dbf580_465, v0x5633f8dbf580_466, v0x5633f8dbf580_467;
E_0x5633f8dbde70/117 .event edge, v0x5633f8dbf580_468, v0x5633f8dbf580_469, v0x5633f8dbf580_470, v0x5633f8dbf580_471;
E_0x5633f8dbde70/118 .event edge, v0x5633f8dbf580_472, v0x5633f8dbf580_473, v0x5633f8dbf580_474, v0x5633f8dbf580_475;
E_0x5633f8dbde70/119 .event edge, v0x5633f8dbf580_476, v0x5633f8dbf580_477, v0x5633f8dbf580_478, v0x5633f8dbf580_479;
E_0x5633f8dbde70/120 .event edge, v0x5633f8dbf580_480, v0x5633f8dbf580_481, v0x5633f8dbf580_482, v0x5633f8dbf580_483;
E_0x5633f8dbde70/121 .event edge, v0x5633f8dbf580_484, v0x5633f8dbf580_485, v0x5633f8dbf580_486, v0x5633f8dbf580_487;
E_0x5633f8dbde70/122 .event edge, v0x5633f8dbf580_488, v0x5633f8dbf580_489, v0x5633f8dbf580_490, v0x5633f8dbf580_491;
E_0x5633f8dbde70/123 .event edge, v0x5633f8dbf580_492, v0x5633f8dbf580_493, v0x5633f8dbf580_494, v0x5633f8dbf580_495;
E_0x5633f8dbde70/124 .event edge, v0x5633f8dbf580_496, v0x5633f8dbf580_497, v0x5633f8dbf580_498, v0x5633f8dbf580_499;
E_0x5633f8dbde70/125 .event edge, v0x5633f8dbf580_500, v0x5633f8dbf580_501, v0x5633f8dbf580_502, v0x5633f8dbf580_503;
E_0x5633f8dbde70/126 .event edge, v0x5633f8dbf580_504, v0x5633f8dbf580_505, v0x5633f8dbf580_506, v0x5633f8dbf580_507;
E_0x5633f8dbde70/127 .event edge, v0x5633f8dbf580_508, v0x5633f8dbf580_509, v0x5633f8dbf580_510, v0x5633f8dbf580_511;
E_0x5633f8dbde70 .event/or E_0x5633f8dbde70/0, E_0x5633f8dbde70/1, E_0x5633f8dbde70/2, E_0x5633f8dbde70/3, E_0x5633f8dbde70/4, E_0x5633f8dbde70/5, E_0x5633f8dbde70/6, E_0x5633f8dbde70/7, E_0x5633f8dbde70/8, E_0x5633f8dbde70/9, E_0x5633f8dbde70/10, E_0x5633f8dbde70/11, E_0x5633f8dbde70/12, E_0x5633f8dbde70/13, E_0x5633f8dbde70/14, E_0x5633f8dbde70/15, E_0x5633f8dbde70/16, E_0x5633f8dbde70/17, E_0x5633f8dbde70/18, E_0x5633f8dbde70/19, E_0x5633f8dbde70/20, E_0x5633f8dbde70/21, E_0x5633f8dbde70/22, E_0x5633f8dbde70/23, E_0x5633f8dbde70/24, E_0x5633f8dbde70/25, E_0x5633f8dbde70/26, E_0x5633f8dbde70/27, E_0x5633f8dbde70/28, E_0x5633f8dbde70/29, E_0x5633f8dbde70/30, E_0x5633f8dbde70/31, E_0x5633f8dbde70/32, E_0x5633f8dbde70/33, E_0x5633f8dbde70/34, E_0x5633f8dbde70/35, E_0x5633f8dbde70/36, E_0x5633f8dbde70/37, E_0x5633f8dbde70/38, E_0x5633f8dbde70/39, E_0x5633f8dbde70/40, E_0x5633f8dbde70/41, E_0x5633f8dbde70/42, E_0x5633f8dbde70/43, E_0x5633f8dbde70/44, E_0x5633f8dbde70/45, E_0x5633f8dbde70/46, E_0x5633f8dbde70/47, E_0x5633f8dbde70/48, E_0x5633f8dbde70/49, E_0x5633f8dbde70/50, E_0x5633f8dbde70/51, E_0x5633f8dbde70/52, E_0x5633f8dbde70/53, E_0x5633f8dbde70/54, E_0x5633f8dbde70/55, E_0x5633f8dbde70/56, E_0x5633f8dbde70/57, E_0x5633f8dbde70/58, E_0x5633f8dbde70/59, E_0x5633f8dbde70/60, E_0x5633f8dbde70/61, E_0x5633f8dbde70/62, E_0x5633f8dbde70/63, E_0x5633f8dbde70/64, E_0x5633f8dbde70/65, E_0x5633f8dbde70/66, E_0x5633f8dbde70/67, E_0x5633f8dbde70/68, E_0x5633f8dbde70/69, E_0x5633f8dbde70/70, E_0x5633f8dbde70/71, E_0x5633f8dbde70/72, E_0x5633f8dbde70/73, E_0x5633f8dbde70/74, E_0x5633f8dbde70/75, E_0x5633f8dbde70/76, E_0x5633f8dbde70/77, E_0x5633f8dbde70/78, E_0x5633f8dbde70/79, E_0x5633f8dbde70/80, E_0x5633f8dbde70/81, E_0x5633f8dbde70/82, E_0x5633f8dbde70/83, E_0x5633f8dbde70/84, E_0x5633f8dbde70/85, E_0x5633f8dbde70/86, E_0x5633f8dbde70/87, E_0x5633f8dbde70/88, E_0x5633f8dbde70/89, E_0x5633f8dbde70/90, E_0x5633f8dbde70/91, E_0x5633f8dbde70/92, E_0x5633f8dbde70/93, E_0x5633f8dbde70/94, E_0x5633f8dbde70/95, E_0x5633f8dbde70/96, E_0x5633f8dbde70/97, E_0x5633f8dbde70/98, E_0x5633f8dbde70/99, E_0x5633f8dbde70/100, E_0x5633f8dbde70/101, E_0x5633f8dbde70/102, E_0x5633f8dbde70/103, E_0x5633f8dbde70/104, E_0x5633f8dbde70/105, E_0x5633f8dbde70/106, E_0x5633f8dbde70/107, E_0x5633f8dbde70/108, E_0x5633f8dbde70/109, E_0x5633f8dbde70/110, E_0x5633f8dbde70/111, E_0x5633f8dbde70/112, E_0x5633f8dbde70/113, E_0x5633f8dbde70/114, E_0x5633f8dbde70/115, E_0x5633f8dbde70/116, E_0x5633f8dbde70/117, E_0x5633f8dbde70/118, E_0x5633f8dbde70/119, E_0x5633f8dbde70/120, E_0x5633f8dbde70/121, E_0x5633f8dbde70/122, E_0x5633f8dbde70/123, E_0x5633f8dbde70/124, E_0x5633f8dbde70/125, E_0x5633f8dbde70/126, E_0x5633f8dbde70/127;
S_0x5633f8dbeec0 .scope begin, "$ivl_for_loop3" "$ivl_for_loop3" 4 27, 4 27 0, S_0x5633f8d19b60;
 .timescale -9 -12;
v0x5633f8dbf0c0_0 .var/2s "i", 31 0;
S_0x5633f8dbf1c0 .scope begin, "$ivl_for_loop4" "$ivl_for_loop4" 4 42, 4 42 0, S_0x5633f8d19b60;
 .timescale -9 -12;
v0x5633f8dbf3c0_0 .var/2s "i", 31 0;
S_0x5633f8d0a190 .scope module, "sa_done_generator" "sa_done_generator" 5 7;
 .timescale -9 -12;
    .port_info 0 /INPUT 1 "clk";
    .port_info 1 /INPUT 1 "rst_n";
    .port_info 2 /INPUT 1 "start";
    .port_info 3 /INPUT 8 "latency_cfg";
    .port_info 4 /OUTPUT 1 "done";
P_0x5633f8d0fb30 .param/l "LATENCY_WIDTH" 0 5 8, +C4<00000000000000000000000000001000>;
v0x5633f8dc4d60_0 .var "active", 0 0;
o0x7f0051d715e8 .functor BUFZ 1, C4<z>; HiZ drive
v0x5633f8dc4e40_0 .net "clk", 0 0, o0x7f0051d715e8;  0 drivers
v0x5633f8dc4f00_0 .var "counter", 7 0;
v0x5633f8dc4fc0_0 .var "done", 0 0;
o0x7f0051d71678 .functor BUFZ 8, C4<zzzzzzzz>; HiZ drive
v0x5633f8dc5080_0 .net "latency_cfg", 7 0, o0x7f0051d71678;  0 drivers
o0x7f0051d716a8 .functor BUFZ 1, C4<z>; HiZ drive
v0x5633f8dc5160_0 .net "rst_n", 0 0, o0x7f0051d716a8;  0 drivers
o0x7f0051d716d8 .functor BUFZ 1, C4<z>; HiZ drive
v0x5633f8dc5220_0 .net "start", 0 0, o0x7f0051d716d8;  0 drivers
E_0x5633f8cfdfc0/0 .event negedge, v0x5633f8dc5160_0;
E_0x5633f8cfdfc0/1 .event posedge, v0x5633f8dc4e40_0;
E_0x5633f8cfdfc0 .event/or E_0x5633f8cfdfc0/0, E_0x5633f8cfdfc0/1;
S_0x5633f8d0a370 .scope module, "tb_recurrent_datapath" "tb_recurrent_datapath" 6 3;
 .timescale -9 -12;
P_0x5633f8d90df0 .param/l "DATA_WIDTH" 1 6 5, +C4<00000000000000000000000000001000>;
P_0x5633f8d90e30 .param/l "VECTOR_LEN" 1 6 6, +C4<00000000000000000000000000000100>;
v0x5633f8dc8a20_0 .array/port v0x5633f8dc8a20, 0;
L_0x5633f8d80e30 .functor BUFZ 8, v0x5633f8dc8a20_0, C4<00000000>, C4<00000000>, C4<00000000>;
v0x5633f8dc8a20_1 .array/port v0x5633f8dc8a20, 1;
L_0x5633f8d63d80 .functor BUFZ 8, v0x5633f8dc8a20_1, C4<00000000>, C4<00000000>, C4<00000000>;
v0x5633f8dc8a20_2 .array/port v0x5633f8dc8a20, 2;
L_0x5633f8d65500 .functor BUFZ 8, v0x5633f8dc8a20_2, C4<00000000>, C4<00000000>, C4<00000000>;
v0x5633f8dc8a20_3 .array/port v0x5633f8dc8a20, 3;
L_0x5633f8dcac30 .functor BUFZ 8, v0x5633f8dc8a20_3, C4<00000000>, C4<00000000>, C4<00000000>;
L_0x5633f8dcad30 .functor BUFZ 8, L_0x5633f8dca620, C4<00000000>, C4<00000000>, C4<00000000>;
L_0x5633f8dcae20 .functor BUFZ 8, L_0x5633f8dca6f0, C4<00000000>, C4<00000000>, C4<00000000>;
L_0x5633f8dcaf20 .functor BUFZ 8, L_0x5633f8dca7c0, C4<00000000>, C4<00000000>, C4<00000000>;
L_0x5633f8dcafe0 .functor BUFZ 8, L_0x5633f8dca860, C4<00000000>, C4<00000000>, C4<00000000>;
v0x5633f8dc85a0_0 .var "capture_loop", 0 0;
v0x5633f8dc8690_0 .var "check_data", 7 0;
v0x5633f8dc8750_0 .var "check_data3", 7 0;
v0x5633f8dc8840_0 .var "clk", 0 0;
v0x5633f8dc8910_0 .var/2s "error_count", 31 0;
v0x5633f8dc8a20 .array "ext_data", 3 0, 7 0;
v0x5633f8dc8b60_0 .var "ext_valid", 0 0;
v0x5633f8dc8c30 .array "final_data", 3 0, 7 0;
v0x5633f8dc8d80_0 .net "final_valid", 0 0, L_0x5633f8d76c70;  1 drivers
v0x5633f8dc8e50_0 .net "layer_done", 0 0, L_0x5633f8dca990;  1 drivers
v0x5633f8dc8f20_0 .var "rst_n", 0 0;
v0x5633f8dc8ff0_0 .var "sel_external", 0 0;
v0x5633f8dc90c0_0 .var "start_layer", 0 0;
E_0x5633f8dc5380 .event negedge, v0x5633f8dc71b0_0;
S_0x5633f8dc5400 .scope begin, "$ivl_for_loop7" "$ivl_for_loop7" 6 59, 6 59 0, S_0x5633f8d0a370;
 .timescale -9 -12;
v0x5633f8dc5600_0 .var/2s "i", 31 0;
S_0x5633f8dc5700 .scope module, "dut" "recurrent_datapath" 6 24, 7 10 0, S_0x5633f8d0a370;
 .timescale -9 -12;
    .port_info 0 /INPUT 1 "clk";
    .port_info 1 /INPUT 1 "rst_n";
    .port_info 2 /INPUT 1 "sel_external";
    .port_info 3 /INPUT 1 "capture_loop";
    .port_info 4 /INPUT 1 "start_layer";
    .port_info 5 /OUTPUT 1 "layer_done";
    .port_info 6 /INPUT 32 "ext_data";
    .port_info 7 /INPUT 1 "ext_valid";
    .port_info 8 /OUTPUT 32 "final_data";
    .port_info 9 /OUTPUT 1 "final_valid";
P_0x5633f8dc5900 .param/l "DATA_WIDTH" 0 7 11, +C4<00000000000000000000000000001000>;
P_0x5633f8dc5940 .param/l "FLAT_W" 1 7 34, +C4<00000000000000000000000000100000>;
P_0x5633f8dc5980 .param/l "LAT_W" 1 7 33, +C4<00000000000000000000000000000010>;
P_0x5633f8dc59c0 .param/l "LAYER_LATENCY" 0 7 13, +C4<00000000000000000000000000000011>;
P_0x5633f8dc5a00 .param/l "VECTOR_LEN" 0 7 12, +C4<00000000000000000000000000000100>;
L_0x5633f8d767b0 .functor NOT 1, v0x5633f8dc85a0_0, C4<0>, C4<0>, C4<0>;
L_0x5633f8d76c70 .functor AND 1, v0x5633f8dc7a00_0, L_0x5633f8d767b0, C4<1>, C4<1>;
L_0x7f0051d10018 .functor BUFT 1, C4<01>, C4<0>, C4<0>, C4<0>;
v0x5633f8dc6d60_0 .net/2u *"_ivl_4", 1 0, L_0x7f0051d10018;  1 drivers
v0x5633f8dc6e40_0 .net *"_ivl_8", 0 0, L_0x5633f8d767b0;  1 drivers
v0x5633f8dc6f20_0 .var "cap_flat", 31 0;
v0x5633f8dc6fe0_0 .var "cap_valid", 0 0;
v0x5633f8dc70a0_0 .net "capture_loop", 0 0, v0x5633f8dc85a0_0;  1 drivers
v0x5633f8dc71b0_0 .net "clk", 0 0, v0x5633f8dc8840_0;  1 drivers
v0x5633f8dc7270_0 .var "cnt", 1 0;
v0x5633f8dc7350 .array "ext_data", 3 0;
v0x5633f8dc7350_0 .net v0x5633f8dc7350 0, 7 0, L_0x5633f8d80e30; 1 drivers
v0x5633f8dc7350_1 .net v0x5633f8dc7350 1, 7 0, L_0x5633f8d63d80; 1 drivers
v0x5633f8dc7350_2 .net v0x5633f8dc7350 2, 7 0, L_0x5633f8d65500; 1 drivers
v0x5633f8dc7350_3 .net v0x5633f8dc7350 3, 7 0, L_0x5633f8dcac30; 1 drivers
v0x5633f8dc7490_0 .var "ext_flat", 31 0;
v0x5633f8dc7570_0 .net "ext_valid", 0 0, v0x5633f8dc8b60_0;  1 drivers
v0x5633f8dc7630 .array "final_data", 3 0;
v0x5633f8dc7630_0 .net v0x5633f8dc7630 0, 7 0, L_0x5633f8dca620; 1 drivers
v0x5633f8dc7630_1 .net v0x5633f8dc7630 1, 7 0, L_0x5633f8dca6f0; 1 drivers
v0x5633f8dc7630_2 .net v0x5633f8dc7630 2, 7 0, L_0x5633f8dca7c0; 1 drivers
v0x5633f8dc7630_3 .net v0x5633f8dc7630 3, 7 0, L_0x5633f8dca860; 1 drivers
v0x5633f8dc77a0_0 .net "final_valid", 0 0, L_0x5633f8d76c70;  alias, 1 drivers
v0x5633f8dc7860_0 .net "layer_done", 0 0, L_0x5633f8dca990;  alias, 1 drivers
v0x5633f8dc7920_0 .var "layer_flat", 31 0;
v0x5633f8dc7a00_0 .var "layer_valid", 0 0;
v0x5633f8dc7ac0_0 .var "loop_flat", 31 0;
v0x5633f8dc7ba0_0 .var "loop_valid", 0 0;
v0x5633f8dc7c60_0 .var "mux_flat", 31 0;
v0x5633f8dc7d40_0 .var "mux_valid", 0 0;
v0x5633f8dc7e00_0 .net "rst_n", 0 0, v0x5633f8dc8f20_0;  1 drivers
v0x5633f8dc7ec0_0 .net "sel_external", 0 0, v0x5633f8dc8ff0_0;  1 drivers
v0x5633f8dc7f80_0 .net "start_layer", 0 0, v0x5633f8dc90c0_0;  1 drivers
E_0x5633f8dc5da0/0 .event negedge, v0x5633f8dc7e00_0;
E_0x5633f8dc5da0/1 .event posedge, v0x5633f8dc71b0_0;
E_0x5633f8dc5da0 .event/or E_0x5633f8dc5da0/0, E_0x5633f8dc5da0/1;
E_0x5633f8dc5e00/0 .event edge, v0x5633f8dc7ec0_0, v0x5633f8dc7490_0, v0x5633f8dc7ac0_0, v0x5633f8dc7570_0;
E_0x5633f8dc5e00/1 .event edge, v0x5633f8dc7ba0_0;
E_0x5633f8dc5e00 .event/or E_0x5633f8dc5e00/0, E_0x5633f8dc5e00/1;
E_0x5633f8dc5e70 .event edge, v0x5633f8dc7350_0, v0x5633f8dc7350_1, v0x5633f8dc7350_2, v0x5633f8dc7350_3;
L_0x5633f8dca620 .part v0x5633f8dc7920_0, 0, 8;
L_0x5633f8dca6f0 .part v0x5633f8dc7920_0, 8, 8;
L_0x5633f8dca7c0 .part v0x5633f8dc7920_0, 16, 8;
L_0x5633f8dca860 .part v0x5633f8dc7920_0, 24, 8;
L_0x5633f8dca990 .cmp/eq 2, v0x5633f8dc7270_0, L_0x7f0051d10018;
S_0x5633f8dc5ee0 .scope begin, "$ivl_for_loop6" "$ivl_for_loop6" 7 54, 7 54 0, S_0x5633f8dc5700;
 .timescale -9 -12;
v0x5633f8dc60e0_0 .var/2s "i", 31 0;
S_0x5633f8dc61e0 .scope generate, "g_unflat_final[0]" "g_unflat_final[0]" 7 135, 7 135 0, S_0x5633f8dc5700;
 .timescale -9 -12;
P_0x5633f8dc6400 .param/l "gi" 0 7 135, +C4<00>;
S_0x5633f8dc64c0 .scope generate, "g_unflat_final[1]" "g_unflat_final[1]" 7 135, 7 135 0, S_0x5633f8dc5700;
 .timescale -9 -12;
P_0x5633f8dc66d0 .param/l "gi" 0 7 135, +C4<01>;
S_0x5633f8dc6790 .scope generate, "g_unflat_final[2]" "g_unflat_final[2]" 7 135, 7 135 0, S_0x5633f8dc5700;
 .timescale -9 -12;
P_0x5633f8dc6970 .param/l "gi" 0 7 135, +C4<010>;
S_0x5633f8dc6a50 .scope generate, "g_unflat_final[3]" "g_unflat_final[3]" 7 135, 7 135 0, S_0x5633f8dc5700;
 .timescale -9 -12;
P_0x5633f8dc6c80 .param/l "gi" 0 7 135, +C4<011>;
S_0x5633f8dc8180 .scope autotask, "run_layer" "run_layer" 6 36, 6 36 0, S_0x5633f8d0a370;
 .timescale -9 -12;
v0x5633f8dc8400_0 .var "capture", 0 0;
v0x5633f8dc84e0_0 .var "use_external", 0 0;
E_0x5633f8dc8340 .event posedge, v0x5633f8dc71b0_0;
E_0x5633f8dc83a0 .event edge, v0x5633f8dc7860_0;
TD_tb_recurrent_datapath.run_layer ;
    %wait E_0x5633f8dc5380;
    %load/vec4 v0x5633f8dc84e0_0;
    %store/vec4 v0x5633f8dc8ff0_0, 0, 1;
    %load/vec4 v0x5633f8dc8400_0;
    %store/vec4 v0x5633f8dc85a0_0, 0, 1;
    %pushi/vec4 1, 0, 1;
    %store/vec4 v0x5633f8dc90c0_0, 0, 1;
    %wait E_0x5633f8dc5380;
    %pushi/vec4 0, 0, 1;
    %store/vec4 v0x5633f8dc90c0_0, 0, 1;
T_0.0 ;
    %load/vec4 v0x5633f8dc8e50_0;
    %pushi/vec4 1, 0, 1;
    %cmp/e;
    %flag_get/vec4 6;
    %cmpi/ne 1, 0, 1;
    %jmp/0xz T_0.1, 6;
    %wait E_0x5633f8dc83a0;
    %jmp T_0.0;
T_0.1 ;
    %wait E_0x5633f8dc8340;
    %ix/load 4, 0, 0;
    %flag_set/imm 4, 0;
    %load/vec4a v0x5633f8dc7630, 4;
    %store/vec4 v0x5633f8dc8690_0, 0, 8;
    %ix/load 4, 3, 0;
    %flag_set/imm 4, 0;
    %load/vec4a v0x5633f8dc7630, 4;
    %store/vec4 v0x5633f8dc8750_0, 0, 8;
    %end;
S_0x5633f8d29610 .scope module, "weight_pingpong" "weight_pingpong" 8 11;
 .timescale -9 -12;
    .port_info 0 /INPUT 1 "clk";
    .port_info 1 /INPUT 1 "rst_n";
    .port_info 2 /INPUT 1 "buf_sel";
    .port_info 3 /INPUT 1 "load_en";
    .port_info 4 /INPUT 16 "load_data";
    .port_info 5 /OUTPUT 12 "dma_addr";
    .port_info 6 /INPUT 12 "read_addr";
    .port_info 7 /OUTPUT 16 "weight_out";
    .port_info 8 /OUTPUT 1 "load_done";
P_0x5633f8d297a0 .param/l "AW" 1 8 34, +C4<00000000000000000000000000001100>;
P_0x5633f8d297e0 .param/l "DATA_WIDTH" 0 8 12, +C4<00000000000000000000000000010000>;
P_0x5633f8d29820 .param/l "WEIGHT_DEPTH" 0 8 13, +C4<00000000000000000001000000000000>;
L_0x5633f8dcb0f0 .functor BUFZ 12, v0x5633f8dc9ce0_0, C4<000000000000>, C4<000000000000>, C4<000000000000>;
L_0x5633f8dcb160 .functor BUFZ 1, v0x5633f8dc9f60_0, C4<0>, C4<0>, C4<0>;
v0x5633f8dc9420_0 .net *"_ivl_10", 15 0, L_0x5633f8dcb4a0;  1 drivers
v0x5633f8dc9520_0 .net *"_ivl_12", 13 0, L_0x5633f8dcb570;  1 drivers
L_0x7f0051d100a8 .functor BUFT 1, C4<00>, C4<0>, C4<0>, C4<0>;
v0x5633f8dc9600_0 .net *"_ivl_15", 1 0, L_0x7f0051d100a8;  1 drivers
v0x5633f8dc96f0_0 .net *"_ivl_4", 15 0, L_0x5633f8dcb230;  1 drivers
v0x5633f8dc97d0_0 .net *"_ivl_6", 13 0, L_0x5633f8dcb330;  1 drivers
L_0x7f0051d10060 .functor BUFT 1, C4<00>, C4<0>, C4<0>, C4<0>;
v0x5633f8dc9900_0 .net *"_ivl_9", 1 0, L_0x7f0051d10060;  1 drivers
v0x5633f8dc99e0 .array "buf_a", 4095 0, 15 0;
v0x5633f8dc9aa0 .array "buf_b", 4095 0, 15 0;
o0x7f0051d72338 .functor BUFZ 1, C4<z>; HiZ drive
v0x5633f8dc9b60_0 .net "buf_sel", 0 0, o0x7f0051d72338;  0 drivers
o0x7f0051d72368 .functor BUFZ 1, C4<z>; HiZ drive
v0x5633f8dc9c20_0 .net "clk", 0 0, o0x7f0051d72368;  0 drivers
v0x5633f8dc9ce0_0 .var "cnt", 11 0;
v0x5633f8dc9dc0_0 .var "counting", 0 0;
v0x5633f8dc9e80_0 .net "dma_addr", 11 0, L_0x5633f8dcb0f0;  1 drivers
v0x5633f8dc9f60_0 .var "done_r", 0 0;
o0x7f0051d72458 .functor BUFZ 16, C4<zzzzzzzzzzzzzzzz>; HiZ drive
v0x5633f8dca020_0 .net "load_data", 15 0, o0x7f0051d72458;  0 drivers
v0x5633f8dca100_0 .net "load_done", 0 0, L_0x5633f8dcb160;  1 drivers
o0x7f0051d724b8 .functor BUFZ 1, C4<z>; HiZ drive
v0x5633f8dca1c0_0 .net "load_en", 0 0, o0x7f0051d724b8;  0 drivers
o0x7f0051d724e8 .functor BUFZ 12, C4<zzzzzzzzzzzz>; HiZ drive
v0x5633f8dca280_0 .net "read_addr", 11 0, o0x7f0051d724e8;  0 drivers
o0x7f0051d72518 .functor BUFZ 1, C4<z>; HiZ drive
v0x5633f8dca360_0 .net "rst_n", 0 0, o0x7f0051d72518;  0 drivers
v0x5633f8dca420_0 .net "weight_out", 15 0, L_0x5633f8dcb730;  1 drivers
E_0x5633f8dc9190/0 .event negedge, v0x5633f8dca360_0;
E_0x5633f8dc9190/1 .event posedge, v0x5633f8dc9c20_0;
E_0x5633f8dc9190 .event/or E_0x5633f8dc9190/0, E_0x5633f8dc9190/1;
L_0x5633f8dcb230 .array/port v0x5633f8dc9aa0, L_0x5633f8dcb330;
L_0x5633f8dcb330 .concat [ 12 2 0 0], o0x7f0051d724e8, L_0x7f0051d10060;
L_0x5633f8dcb4a0 .array/port v0x5633f8dc99e0, L_0x5633f8dcb570;
L_0x5633f8dcb570 .concat [ 12 2 0 0], o0x7f0051d724e8, L_0x7f0051d100a8;
L_0x5633f8dcb730 .functor MUXZ 16, L_0x5633f8dcb4a0, L_0x5633f8dcb230, o0x7f0051d72338, C4<>;
S_0x5633f8dc91f0 .scope begin, "$ivl_for_loop5" "$ivl_for_loop5" 8 41, 8 41 0, S_0x5633f8d29610;
 .timescale -9 -12;
v0x5633f8dc9380_0 .var/2s "i", 31 0;
    .scope S_0x5633f8d19880;
T_1 ;
Ewait_0 .event/or E_0x5633f8d917f0, E_0x0;
    %wait Ewait_0;
    %load/vec4 v0x5633f8db8ba0_0;
    %flag_set/vec4 8;
    %jmp/0xz  T_1.0, 8;
    %fork t_1, S_0x5633f8d0f080;
    %jmp t_0;
    .scope S_0x5633f8d0f080;
t_1 ;
    %pushi/vec4 0, 0, 32;
    %store/vec4 v0x5633f8d768d0_0, 0, 32;
T_1.2 ;
    %load/vec4 v0x5633f8d768d0_0;
    %cmpi/s 512, 0, 32;
    %jmp/0xz T_1.3, 5;
    %ix/getv/s 4, v0x5633f8d768d0_0;
    %load/vec4a v0x5633f8d63ea0, 4;
    %ix/getv/s 4, v0x5633f8d768d0_0;
    %store/vec4a v0x5633f8db8c60, 4, 0;
    ; show_stmt_assign_vector: Get l-value for compressed += operand
    %load/vec4 v0x5633f8d768d0_0;
    %pushi/vec4 1, 0, 32;
    %add;
    %cast2;
    %store/vec4 v0x5633f8d768d0_0, 0, 32;
    %jmp T_1.2;
T_1.3 ;
    %end;
    .scope S_0x5633f8d19880;
t_0 %join;
    %load/vec4 v0x5633f8d63f40_0;
    %store/vec4 v0x5633f8db8ae0_0, 0, 1;
    %jmp T_1.1;
T_1.0 ;
    %fork t_3, S_0x5633f8dae4a0;
    %jmp t_2;
    .scope S_0x5633f8dae4a0;
t_3 ;
    %pushi/vec4 0, 0, 32;
    %store/vec4 v0x5633f8d76dd0_0, 0, 32;
T_1.4 ;
    %load/vec4 v0x5633f8d76dd0_0;
    %cmpi/s 512, 0, 32;
    %jmp/0xz T_1.5, 5;
    %ix/getv/s 4, v0x5633f8d76dd0_0;
    %load/vec4a v0x5633f8d65660, 4;
    %ix/getv/s 4, v0x5633f8d76dd0_0;
    %store/vec4a v0x5633f8db8c60, 4, 0;
    ; show_stmt_assign_vector: Get l-value for compressed += operand
    %load/vec4 v0x5633f8d76dd0_0;
    %pushi/vec4 1, 0, 32;
    %add;
    %cast2;
    %store/vec4 v0x5633f8d76dd0_0, 0, 32;
    %jmp T_1.4;
T_1.5 ;
    %end;
    .scope S_0x5633f8d19880;
t_2 %join;
    %load/vec4 v0x5633f8d65700_0;
    %store/vec4 v0x5633f8db8ae0_0, 0, 1;
T_1.1 ;
    %jmp T_1;
    .thread T_1, $push;
    .scope S_0x5633f8d19880;
T_2 ;
Ewait_1 .event/or E_0x5633f8ce6fe0, E_0x0;
    %wait Ewait_1;
    %fork t_5, S_0x5633f8dae6e0;
    %jmp t_4;
    .scope S_0x5633f8dae6e0;
t_5 ;
    %pushi/vec4 0, 0, 32;
    %store/vec4 v0x5633f8d80f50_0, 0, 32;
T_2.0 ;
    %load/vec4 v0x5633f8d80f50_0;
    %cmpi/s 512, 0, 32;
    %jmp/0xz T_2.1, 5;
    %ix/getv/s 4, v0x5633f8d80f50_0;
    %load/vec4a v0x5633f8db8c60, 4;
    %ix/getv/s 4, v0x5633f8d80f50_0;
    %store/vec4a v0x5633f8db89d0, 4, 0;
    ; show_stmt_assign_vector: Get l-value for compressed += operand
    %load/vec4 v0x5633f8d80f50_0;
    %pushi/vec4 1, 0, 32;
    %add;
    %cast2;
    %store/vec4 v0x5633f8d80f50_0, 0, 32;
    %jmp T_2.0;
T_2.1 ;
    %end;
    .scope S_0x5633f8d19880;
t_4 %join;
    %jmp T_2;
    .thread T_2, $push;
    .scope S_0x5633f8d19b60;
T_3 ;
    %wait E_0x5633f8dbde70;
    %fork t_7, S_0x5633f8dbeec0;
    %jmp t_6;
    .scope S_0x5633f8dbeec0;
t_7 ;
    %pushi/vec4 0, 0, 32;
    %store/vec4 v0x5633f8dbf0c0_0, 0, 32;
T_3.0 ;
    %load/vec4 v0x5633f8dbf0c0_0;
    %cmpi/s 512, 0, 32;
    %jmp/0xz T_3.1, 5;
    %ix/getv/s 4, v0x5633f8dbf0c0_0;
    %load/vec4a v0x5633f8dbf580, 4;
    %load/vec4 v0x5633f8dbf0c0_0;
    %muli 16, 0, 32;
    %ix/vec4/s 4;
    %store/vec4 v0x5633f8dc46f0_0, 4, 16;
    ; show_stmt_assign_vector: Get l-value for compressed += operand
    %load/vec4 v0x5633f8dbf0c0_0;
    %pushi/vec4 1, 0, 32;
    %add;
    %cast2;
    %store/vec4 v0x5633f8dbf0c0_0, 0, 32;
    %jmp T_3.0;
T_3.1 ;
    %end;
    .scope S_0x5633f8d19b60;
t_6 %join;
    %jmp T_3;
    .thread T_3, $push;
    .scope S_0x5633f8d19b60;
T_4 ;
    %wait E_0x5633f8d91870;
    %load/vec4 v0x5633f8dc49c0_0;
    %nor/r;
    %flag_set/vec4 8;
    %jmp/0xz  T_4.0, 8;
    %pushi/vec4 0, 0, 1;
    %assign/vec4 v0x5633f8dc4b40_0, 0;
    %pushi/vec4 0, 0, 8192;
    %assign/vec4 v0x5633f8dc47d0_0, 0;
    %jmp T_4.1;
T_4.0 ;
    %load/vec4 v0x5633f8dc4900_0;
    %flag_set/vec4 8;
    %jmp/0xz  T_4.2, 8;
    %load/vec4 v0x5633f8dc4a80_0;
    %assign/vec4 v0x5633f8dc4b40_0, 0;
    %load/vec4 v0x5633f8dc46f0_0;
    %assign/vec4 v0x5633f8dc47d0_0, 0;
T_4.2 ;
T_4.1 ;
    %jmp T_4;
    .thread T_4;
    .scope S_0x5633f8d19b60;
T_5 ;
    %wait E_0x5633f8cfe5d0;
    %fork t_9, S_0x5633f8dbf1c0;
    %jmp t_8;
    .scope S_0x5633f8dbf1c0;
t_9 ;
    %pushi/vec4 0, 0, 32;
    %store/vec4 v0x5633f8dbf3c0_0, 0, 32;
T_5.0 ;
    %load/vec4 v0x5633f8dbf3c0_0;
    %cmpi/s 512, 0, 32;
    %jmp/0xz T_5.1, 5;
    %load/vec4 v0x5633f8dc47d0_0;
    %load/vec4 v0x5633f8dbf3c0_0;
    %muli 16, 0, 32;
    %part/s 16;
    %ix/getv/s 4, v0x5633f8dbf3c0_0;
    %store/vec4a v0x5633f8dc4650, 4, 0;
    ; show_stmt_assign_vector: Get l-value for compressed += operand
    %load/vec4 v0x5633f8dbf3c0_0;
    %pushi/vec4 1, 0, 32;
    %add;
    %cast2;
    %store/vec4 v0x5633f8dbf3c0_0, 0, 32;
    %jmp T_5.0;
T_5.1 ;
    %end;
    .scope S_0x5633f8d19b60;
t_8 %join;
    %jmp T_5;
    .thread T_5, $push;
    .scope S_0x5633f8d0a190;
T_6 ;
    %wait E_0x5633f8cfdfc0;
    %load/vec4 v0x5633f8dc5160_0;
    %nor/r;
    %flag_set/vec4 8;
    %jmp/0xz  T_6.0, 8;
    %pushi/vec4 0, 0, 8;
    %assign/vec4 v0x5633f8dc4f00_0, 0;
    %pushi/vec4 0, 0, 1;
    %assign/vec4 v0x5633f8dc4d60_0, 0;
    %pushi/vec4 0, 0, 1;
    %assign/vec4 v0x5633f8dc4fc0_0, 0;
    %jmp T_6.1;
T_6.0 ;
    %pushi/vec4 0, 0, 1;
    %assign/vec4 v0x5633f8dc4fc0_0, 0;
    %load/vec4 v0x5633f8dc5220_0;
    %flag_set/vec4 8;
    %jmp/0xz  T_6.2, 8;
    %load/vec4 v0x5633f8dc5080_0;
    %subi 1, 0, 8;
    %assign/vec4 v0x5633f8dc4f00_0, 0;
    %pushi/vec4 1, 0, 1;
    %assign/vec4 v0x5633f8dc4d60_0, 0;
    %jmp T_6.3;
T_6.2 ;
    %load/vec4 v0x5633f8dc4d60_0;
    %flag_set/vec4 8;
    %jmp/0xz  T_6.4, 8;
    %load/vec4 v0x5633f8dc4f00_0;
    %cmpi/e 0, 0, 8;
    %jmp/0xz  T_6.6, 4;
    %pushi/vec4 1, 0, 1;
    %assign/vec4 v0x5633f8dc4fc0_0, 0;
    %pushi/vec4 0, 0, 1;
    %assign/vec4 v0x5633f8dc4d60_0, 0;
    %jmp T_6.7;
T_6.6 ;
    %load/vec4 v0x5633f8dc4f00_0;
    %subi 1, 0, 8;
    %assign/vec4 v0x5633f8dc4f00_0, 0;
T_6.7 ;
T_6.4 ;
T_6.3 ;
T_6.1 ;
    %jmp T_6;
    .thread T_6;
    .scope S_0x5633f8dc5700;
T_7 ;
Ewait_2 .event/or E_0x5633f8dc5e70, E_0x0;
    %wait Ewait_2;
    %fork t_11, S_0x5633f8dc5ee0;
    %jmp t_10;
    .scope S_0x5633f8dc5ee0;
t_11 ;
    %pushi/vec4 0, 0, 32;
    %store/vec4 v0x5633f8dc60e0_0, 0, 32;
T_7.0 ;
    %load/vec4 v0x5633f8dc60e0_0;
    %cmpi/s 4, 0, 32;
    %jmp/0xz T_7.1, 5;
    %ix/getv/s 4, v0x5633f8dc60e0_0;
    %load/vec4a v0x5633f8dc7350, 4;
    %load/vec4 v0x5633f8dc60e0_0;
    %muli 8, 0, 32;
    %ix/vec4/s 4;
    %store/vec4 v0x5633f8dc7490_0, 4, 8;
    ; show_stmt_assign_vector: Get l-value for compressed += operand
    %load/vec4 v0x5633f8dc60e0_0;
    %pushi/vec4 1, 0, 32;
    %add;
    %cast2;
    %store/vec4 v0x5633f8dc60e0_0, 0, 32;
    %jmp T_7.0;
T_7.1 ;
    %end;
    .scope S_0x5633f8dc5700;
t_10 %join;
    %jmp T_7;
    .thread T_7, $push;
    .scope S_0x5633f8dc5700;
T_8 ;
Ewait_3 .event/or E_0x5633f8dc5e00, E_0x0;
    %wait Ewait_3;
    %load/vec4 v0x5633f8dc7ec0_0;
    %flag_set/vec4 8;
    %jmp/0 T_8.0, 8;
    %load/vec4 v0x5633f8dc7490_0;
    %jmp/1 T_8.1, 8;
T_8.0 ; End of true expr.
    %load/vec4 v0x5633f8dc7ac0_0;
    %jmp/0 T_8.1, 8;
 ; End of false expr.
    %blend;
T_8.1;
    %store/vec4 v0x5633f8dc7c60_0, 0, 32;
    %load/vec4 v0x5633f8dc7ec0_0;
    %flag_set/vec4 8;
    %jmp/0 T_8.2, 8;
    %load/vec4 v0x5633f8dc7570_0;
    %jmp/1 T_8.3, 8;
T_8.2 ; End of true expr.
    %load/vec4 v0x5633f8dc7ba0_0;
    %jmp/0 T_8.3, 8;
 ; End of false expr.
    %blend;
T_8.3;
    %store/vec4 v0x5633f8dc7d40_0, 0, 1;
    %jmp T_8;
    .thread T_8, $push;
    .scope S_0x5633f8dc5700;
T_9 ;
    %wait E_0x5633f8dc5da0;
    %load/vec4 v0x5633f8dc7e00_0;
    %nor/r;
    %flag_set/vec4 8;
    %jmp/0xz  T_9.0, 8;
    %pushi/vec4 0, 0, 1;
    %assign/vec4 v0x5633f8dc6fe0_0, 0;
    %pushi/vec4 0, 0, 32;
    %assign/vec4 v0x5633f8dc6f20_0, 0;
    %jmp T_9.1;
T_9.0 ;
    %pushi/vec4 0, 0, 1;
    %assign/vec4 v0x5633f8dc6fe0_0, 0;
    %load/vec4 v0x5633f8dc7f80_0;
    %load/vec4 v0x5633f8dc7d40_0;
    %and;
    %flag_set/vec4 8;
    %jmp/0xz  T_9.2, 8;
    %pushi/vec4 1, 0, 1;
    %assign/vec4 v0x5633f8dc6fe0_0, 0;
    %load/vec4 v0x5633f8dc7c60_0;
    %assign/vec4 v0x5633f8dc6f20_0, 0;
T_9.2 ;
T_9.1 ;
    %jmp T_9;
    .thread T_9;
    .scope S_0x5633f8dc5700;
T_10 ;
    %wait E_0x5633f8dc5da0;
    %load/vec4 v0x5633f8dc7e00_0;
    %nor/r;
    %flag_set/vec4 8;
    %jmp/0xz  T_10.0, 8;
    %pushi/vec4 0, 0, 2;
    %assign/vec4 v0x5633f8dc7270_0, 0;
    %pushi/vec4 0, 0, 1;
    %assign/vec4 v0x5633f8dc7a00_0, 0;
    %pushi/vec4 0, 0, 32;
    %assign/vec4 v0x5633f8dc7920_0, 0;
    %jmp T_10.1;
T_10.0 ;
    %pushi/vec4 0, 0, 1;
    %assign/vec4 v0x5633f8dc7a00_0, 0;
    %load/vec4 v0x5633f8dc6fe0_0;
    %flag_set/vec4 8;
    %jmp/0xz  T_10.2, 8;
    %pushi/vec4 2, 0, 2;
    %assign/vec4 v0x5633f8dc7270_0, 0;
    %jmp T_10.3;
T_10.2 ;
    %load/vec4 v0x5633f8dc7270_0;
    %cmpi/ne 0, 0, 2;
    %jmp/0xz  T_10.4, 4;
    %load/vec4 v0x5633f8dc7270_0;
    %subi 1, 0, 2;
    %assign/vec4 v0x5633f8dc7270_0, 0;
    %load/vec4 v0x5633f8dc7270_0;
    %cmpi/e 2, 0, 2;
    %jmp/0xz  T_10.6, 4;
    %load/vec4 v0x5633f8dc6f20_0;
    %assign/vec4 v0x5633f8dc7920_0, 0;
    %pushi/vec4 1, 0, 1;
    %assign/vec4 v0x5633f8dc7a00_0, 0;
    %jmp T_10.7;
T_10.6 ;
    %load/vec4 v0x5633f8dc7270_0;
    %cmpi/e 1, 0, 2;
    %jmp/0xz  T_10.8, 4;
    %pushi/vec4 1, 0, 1;
    %assign/vec4 v0x5633f8dc7a00_0, 0;
T_10.8 ;
T_10.7 ;
T_10.4 ;
T_10.3 ;
T_10.1 ;
    %jmp T_10;
    .thread T_10;
    .scope S_0x5633f8dc5700;
T_11 ;
    %wait E_0x5633f8dc5da0;
    %load/vec4 v0x5633f8dc7e00_0;
    %nor/r;
    %flag_set/vec4 8;
    %jmp/0xz  T_11.0, 8;
    %pushi/vec4 0, 0, 1;
    %assign/vec4 v0x5633f8dc7ba0_0, 0;
    %pushi/vec4 0, 0, 32;
    %assign/vec4 v0x5633f8dc7ac0_0, 0;
    %jmp T_11.1;
T_11.0 ;
    %load/vec4 v0x5633f8dc70a0_0;
    %load/vec4 v0x5633f8dc7a00_0;
    %and;
    %flag_set/vec4 8;
    %jmp/0xz  T_11.2, 8;
    %pushi/vec4 1, 0, 1;
    %assign/vec4 v0x5633f8dc7ba0_0, 0;
    %load/vec4 v0x5633f8dc7920_0;
    %assign/vec4 v0x5633f8dc7ac0_0, 0;
T_11.2 ;
T_11.1 ;
    %jmp T_11;
    .thread T_11;
    .scope S_0x5633f8d0a370;
T_12 ;
    %pushi/vec4 0, 0, 1;
    %store/vec4 v0x5633f8dc8840_0, 0, 1;
    %pushi/vec4 0, 0, 32;
    %store/vec4 v0x5633f8dc8910_0, 0, 32;
    %end;
    .thread T_12, $init;
    .scope S_0x5633f8d0a370;
T_13 ;
    %delay 5000, 0;
    %load/vec4 v0x5633f8dc8840_0;
    %inv;
    %store/vec4 v0x5633f8dc8840_0, 0, 1;
    %jmp T_13;
    .thread T_13;
    .scope S_0x5633f8d0a370;
T_14 ;
    %delay 5000000, 0;
    %vpi_call/w 6 31 "$error", "FAIL: watchdog timeout" {0 0 0};
    %vpi_call/w 6 32 "$finish" {0 0 0};
    %end;
    .thread T_14;
    .scope S_0x5633f8d0a370;
T_15 ;
    %pushi/vec4 0, 0, 1;
    %store/vec4 v0x5633f8dc8f20_0, 0, 1;
    %pushi/vec4 1, 0, 1;
    %store/vec4 v0x5633f8dc8ff0_0, 0, 1;
    %pushi/vec4 0, 0, 1;
    %store/vec4 v0x5633f8dc85a0_0, 0, 1;
    %pushi/vec4 0, 0, 1;
    %store/vec4 v0x5633f8dc90c0_0, 0, 1;
    %pushi/vec4 0, 0, 1;
    %store/vec4 v0x5633f8dc8b60_0, 0, 1;
    %fork t_13, S_0x5633f8dc5400;
    %jmp t_12;
    .scope S_0x5633f8dc5400;
t_13 ;
    %pushi/vec4 0, 0, 32;
    %store/vec4 v0x5633f8dc5600_0, 0, 32;
T_15.0 ;
    %load/vec4 v0x5633f8dc5600_0;
    %cmpi/s 4, 0, 32;
    %jmp/0xz T_15.1, 5;
    %pushi/vec4 0, 0, 8;
    %ix/getv/s 4, v0x5633f8dc5600_0;
    %store/vec4a v0x5633f8dc8a20, 4, 0;
    ; show_stmt_assign_vector: Get l-value for compressed += operand
    %load/vec4 v0x5633f8dc5600_0;
    %pushi/vec4 1, 0, 32;
    %add;
    %cast2;
    %store/vec4 v0x5633f8dc5600_0, 0, 32;
    %jmp T_15.0;
T_15.1 ;
    %end;
    .scope S_0x5633f8d0a370;
t_12 %join;
    %delay 12000, 0;
    %pushi/vec4 1, 0, 1;
    %store/vec4 v0x5633f8dc8f20_0, 0, 1;
    %wait E_0x5633f8dc5380;
    %pushi/vec4 66, 0, 8;
    %ix/load 4, 0, 0;
    %flag_set/imm 4, 0;
    %store/vec4a v0x5633f8dc8a20, 4, 0;
    %pushi/vec4 67, 0, 8;
    %ix/load 4, 1, 0;
    %flag_set/imm 4, 0;
    %store/vec4a v0x5633f8dc8a20, 4, 0;
    %pushi/vec4 68, 0, 8;
    %ix/load 4, 2, 0;
    %flag_set/imm 4, 0;
    %store/vec4a v0x5633f8dc8a20, 4, 0;
    %pushi/vec4 69, 0, 8;
    %ix/load 4, 3, 0;
    %flag_set/imm 4, 0;
    %store/vec4a v0x5633f8dc8a20, 4, 0;
    %pushi/vec4 1, 0, 1;
    %store/vec4 v0x5633f8dc8b60_0, 0, 1;
    %wait E_0x5633f8dc5380;
    %alloc S_0x5633f8dc8180;
    %pushi/vec4 1, 0, 1;
    %store/vec4 v0x5633f8dc84e0_0, 0, 1;
    %pushi/vec4 1, 0, 1;
    %store/vec4 v0x5633f8dc8400_0, 0, 1;
    %fork TD_tb_recurrent_datapath.run_layer, S_0x5633f8dc8180;
    %join;
    %free S_0x5633f8dc8180;
    %vpi_call/w 6 71 "$display", "T=%0t: layer 0 done, data=%h", $time, v0x5633f8dc8690_0 {0 0 0};
    %load/vec4 v0x5633f8dc8690_0;
    %cmpi/ne 66, 0, 8;
    %flag_mov 8, 6;
    %load/vec4 v0x5633f8dc8750_0;
    %cmpi/ne 69, 0, 8;
    %flag_or 6, 8;
    %jmp/0xz  T_15.2, 6;
    %vpi_call/w 6 73 "$error", "layer 0: got %h/%h, expected 42/45", v0x5633f8dc8690_0, v0x5633f8dc8750_0 {0 0 0};
    ; show_stmt_assign_vector: Get l-value for compressed += operand
    %load/vec4 v0x5633f8dc8910_0;
    %pushi/vec4 1, 0, 32;
    %add;
    %cast2;
    %store/vec4 v0x5633f8dc8910_0, 0, 32;
T_15.2 ;
    %alloc S_0x5633f8dc8180;
    %pushi/vec4 0, 0, 1;
    %store/vec4 v0x5633f8dc84e0_0, 0, 1;
    %pushi/vec4 0, 0, 1;
    %store/vec4 v0x5633f8dc8400_0, 0, 1;
    %fork TD_tb_recurrent_datapath.run_layer, S_0x5633f8dc8180;
    %join;
    %free S_0x5633f8dc8180;
    %vpi_call/w 6 79 "$display", "T=%0t: layer 1 done, data=%h valid=%b", $time, v0x5633f8dc8690_0, v0x5633f8dc8d80_0 {0 0 0};
    %load/vec4 v0x5633f8dc8690_0;
    %cmpi/ne 66, 0, 8;
    %flag_mov 8, 6;
    %load/vec4 v0x5633f8dc8d80_0;
    %cmpi/ne 1, 0, 1;
    %flag_or 6, 8;
    %jmp/0xz  T_15.4, 6;
    %vpi_call/w 6 82 "$error", "layer 1 loopback: got %h valid=%b, expected 42/1", v0x5633f8dc8690_0, v0x5633f8dc8d80_0 {0 0 0};
    ; show_stmt_assign_vector: Get l-value for compressed += operand
    %load/vec4 v0x5633f8dc8910_0;
    %pushi/vec4 1, 0, 32;
    %add;
    %cast2;
    %store/vec4 v0x5633f8dc8910_0, 0, 32;
    %jmp T_15.5;
T_15.4 ;
    %vpi_call/w 6 86 "$display", "PASS: loop works - data circulated through two layers" {0 0 0};
T_15.5 ;
    %load/vec4 v0x5633f8dc8910_0;
    %cmpi/e 0, 0, 32;
    %jmp/0xz  T_15.6, 4;
    %vpi_call/w 6 90 "$display", "PASS: tb_recurrent_datapath - all tests passed" {0 0 0};
    %jmp T_15.7;
T_15.6 ;
    %vpi_call/w 6 92 "$error", "FAIL: tb_recurrent_datapath: %0d errors", v0x5633f8dc8910_0 {0 0 0};
T_15.7 ;
    %vpi_call/w 6 94 "$finish" {0 0 0};
    %end;
    .thread T_15;
    .scope S_0x5633f8d29610;
T_16 ;
    %fork t_15, S_0x5633f8dc91f0;
    %jmp t_14;
    .scope S_0x5633f8dc91f0;
t_15 ;
    %pushi/vec4 0, 0, 32;
    %store/vec4 v0x5633f8dc9380_0, 0, 32;
T_16.0 ;
    %load/vec4 v0x5633f8dc9380_0;
    %cmpi/s 4096, 0, 32;
    %jmp/0xz T_16.1, 5;
    %pushi/vec4 0, 0, 16;
    %ix/getv/s 4, v0x5633f8dc9380_0;
    %store/vec4a v0x5633f8dc99e0, 4, 0;
    %pushi/vec4 0, 0, 16;
    %ix/getv/s 4, v0x5633f8dc9380_0;
    %store/vec4a v0x5633f8dc9aa0, 4, 0;
    ; show_stmt_assign_vector: Get l-value for compressed += operand
    %load/vec4 v0x5633f8dc9380_0;
    %pushi/vec4 1, 0, 32;
    %add;
    %cast2;
    %store/vec4 v0x5633f8dc9380_0, 0, 32;
    %jmp T_16.0;
T_16.1 ;
    %end;
    .scope S_0x5633f8d29610;
t_14 %join;
    %end;
    .thread T_16;
    .scope S_0x5633f8d29610;
T_17 ;
    %wait E_0x5633f8dc9190;
    %load/vec4 v0x5633f8dca360_0;
    %nor/r;
    %flag_set/vec4 8;
    %jmp/0xz  T_17.0, 8;
    %pushi/vec4 0, 0, 12;
    %assign/vec4 v0x5633f8dc9ce0_0, 0;
    %pushi/vec4 0, 0, 1;
    %assign/vec4 v0x5633f8dc9dc0_0, 0;
    %pushi/vec4 0, 0, 1;
    %assign/vec4 v0x5633f8dc9f60_0, 0;
    %jmp T_17.1;
T_17.0 ;
    %pushi/vec4 0, 0, 1;
    %assign/vec4 v0x5633f8dc9f60_0, 0;
    %load/vec4 v0x5633f8dca1c0_0;
    %flag_set/vec4 8;
    %jmp/0xz  T_17.2, 8;
    %load/vec4 v0x5633f8dc9b60_0;
    %flag_set/vec4 8;
    %jmp/0xz  T_17.4, 8;
    %load/vec4 v0x5633f8dca020_0;
    %load/vec4 v0x5633f8dc9ce0_0;
    %pad/u 14;
    %ix/vec4 3;
    %ix/load 4, 0, 0; Constant delay
    %assign/vec4/a/d v0x5633f8dc99e0, 0, 4;
    %jmp T_17.5;
T_17.4 ;
    %load/vec4 v0x5633f8dca020_0;
    %load/vec4 v0x5633f8dc9ce0_0;
    %pad/u 14;
    %ix/vec4 3;
    %ix/load 4, 0, 0; Constant delay
    %assign/vec4/a/d v0x5633f8dc9aa0, 0, 4;
T_17.5 ;
T_17.2 ;
    %load/vec4 v0x5633f8dca1c0_0;
    %load/vec4 v0x5633f8dc9dc0_0;
    %nor/r;
    %and;
    %flag_set/vec4 8;
    %jmp/0xz  T_17.6, 8;
    %pushi/vec4 1, 0, 1;
    %assign/vec4 v0x5633f8dc9dc0_0, 0;
    %jmp T_17.7;
T_17.6 ;
    %load/vec4 v0x5633f8dc9dc0_0;
    %flag_set/vec4 8;
    %jmp/0xz  T_17.8, 8;
    %load/vec4 v0x5633f8dc9ce0_0;
    %cmpi/e 4095, 0, 12;
    %jmp/0xz  T_17.10, 4;
    %pushi/vec4 0, 0, 12;
    %assign/vec4 v0x5633f8dc9ce0_0, 0;
    %pushi/vec4 0, 0, 1;
    %assign/vec4 v0x5633f8dc9dc0_0, 0;
    %pushi/vec4 1, 0, 1;
    %assign/vec4 v0x5633f8dc9f60_0, 0;
    %jmp T_17.11;
T_17.10 ;
    %load/vec4 v0x5633f8dc9ce0_0;
    %addi 1, 0, 12;
    %assign/vec4 v0x5633f8dc9ce0_0, 0;
T_17.11 ;
T_17.8 ;
T_17.7 ;
T_17.1 ;
    %jmp T_17;
    .thread T_17;
# The file index is used to find the file name in the following table.
:file_names 9;
    "N/A";
    "<interactive>";
    "-";
    "rtl/recurrent/layer_loopback_mux.sv";
    "rtl/recurrent/loopback_register.sv";
    "rtl/recurrent/sa_done_generator.sv";
    "tb/tb_recurrent_datapath.sv";
    "rtl/top/recurrent_datapath.sv";
    "rtl/recurrent/weight_pingpong.sv";
