#! /usr/bin/vvp
:ivl_version "11.0 (stable)";
:ivl_delay_selection "TYPICAL";
:vpi_time_precision - 12;
:vpi_module "/usr/lib/x86_64-linux-gnu/ivl/system.vpi";
:vpi_module "/usr/lib/x86_64-linux-gnu/ivl/vhdl_sys.vpi";
:vpi_module "/usr/lib/x86_64-linux-gnu/ivl/vhdl_textio.vpi";
:vpi_module "/usr/lib/x86_64-linux-gnu/ivl/v2005_math.vpi";
:vpi_module "/usr/lib/x86_64-linux-gnu/ivl/va_math.vpi";
:vpi_module "/usr/lib/x86_64-linux-gnu/ivl/v2009.vpi";
S_0x55efe4752f80 .scope package, "$unit" "$unit" 2 1;
 .timescale 0 0;
S_0x55efe45b1880 .scope module, "layer_loopback_mux" "layer_loopback_mux" 3 10;
 .timescale -9 -12;
    .port_info 0 /INPUT 1 "sel_external";
    .port_info 1 /INPUT 8192 "ext_data";
    .port_info 2 /INPUT 1 "ext_valid";
    .port_info 3 /INPUT 8192 "loop_data";
    .port_info 4 /INPUT 1 "loop_valid";
    .port_info 5 /OUTPUT 8192 "mux_data";
    .port_info 6 /OUTPUT 1 "mux_valid";
P_0x55efe4789a20 .param/l "DATA_WIDTH" 0 3 11, +C4<00000000000000000000000000010000>;
P_0x55efe4789a60 .param/l "VECTOR_LEN" 0 3 12, +C4<00000000000000000000001000000000>;
o0x7f616e0800a8 .functor BUFZ 16, C4<zzzzzzzzzzzzzzzz>; HiZ drive
v0x55efe475b150 .array "ext_data", 511 0;
v0x55efe475b150_0 .net v0x55efe475b150 0, 15 0, o0x7f616e0800a8; 0 drivers
o0x7f616e0800d8 .functor BUFZ 16, C4<zzzzzzzzzzzzzzzz>; HiZ drive
v0x55efe475b150_1 .net v0x55efe475b150 1, 15 0, o0x7f616e0800d8; 0 drivers
o0x7f616e080108 .functor BUFZ 16, C4<zzzzzzzzzzzzzzzz>; HiZ drive
v0x55efe475b150_2 .net v0x55efe475b150 2, 15 0, o0x7f616e080108; 0 drivers
o0x7f616e080138 .functor BUFZ 16, C4<zzzzzzzzzzzzzzzz>; HiZ drive
v0x55efe475b150_3 .net v0x55efe475b150 3, 15 0, o0x7f616e080138; 0 drivers
o0x7f616e080168 .functor BUFZ 16, C4<zzzzzzzzzzzzzzzz>; HiZ drive
v0x55efe475b150_4 .net v0x55efe475b150 4, 15 0, o0x7f616e080168; 0 drivers
o0x7f616e080198 .functor BUFZ 16, C4<zzzzzzzzzzzzzzzz>; HiZ drive
v0x55efe475b150_5 .net v0x55efe475b150 5, 15 0, o0x7f616e080198; 0 drivers
o0x7f616e0801c8 .functor BUFZ 16, C4<zzzzzzzzzzzzzzzz>; HiZ drive
v0x55efe475b150_6 .net v0x55efe475b150 6, 15 0, o0x7f616e0801c8; 0 drivers
o0x7f616e0801f8 .functor BUFZ 16, C4<zzzzzzzzzzzzzzzz>; HiZ drive
v0x55efe475b150_7 .net v0x55efe475b150 7, 15 0, o0x7f616e0801f8; 0 drivers
o0x7f616e080228 .functor BUFZ 16, C4<zzzzzzzzzzzzzzzz>; HiZ drive
v0x55efe475b150_8 .net v0x55efe475b150 8, 15 0, o0x7f616e080228; 0 drivers
o0x7f616e080258 .functor BUFZ 16, C4<zzzzzzzzzzzzzzzz>; HiZ drive
v0x55efe475b150_9 .net v0x55efe475b150 9, 15 0, o0x7f616e080258; 0 drivers
o0x7f616e080288 .functor BUFZ 16, C4<zzzzzzzzzzzzzzzz>; HiZ drive
v0x55efe475b150_10 .net v0x55efe475b150 10, 15 0, o0x7f616e080288; 0 drivers
o0x7f616e0802b8 .functor BUFZ 16, C4<zzzzzzzzzzzzzzzz>; HiZ drive
v0x55efe475b150_11 .net v0x55efe475b150 11, 15 0, o0x7f616e0802b8; 0 drivers
o0x7f616e0802e8 .functor BUFZ 16, C4<zzzzzzzzzzzzzzzz>; HiZ drive
v0x55efe475b150_12 .net v0x55efe475b150 12, 15 0, o0x7f616e0802e8; 0 drivers
o0x7f616e080318 .functor BUFZ 16, C4<zzzzzzzzzzzzzzzz>; HiZ drive
v0x55efe475b150_13 .net v0x55efe475b150 13, 15 0, o0x7f616e080318; 0 drivers
o0x7f616e080348 .functor BUFZ 16, C4<zzzzzzzzzzzzzzzz>; HiZ drive
v0x55efe475b150_14 .net v0x55efe475b150 14, 15 0, o0x7f616e080348; 0 drivers
o0x7f616e080378 .functor BUFZ 16, C4<zzzzzzzzzzzzzzzz>; HiZ drive
v0x55efe475b150_15 .net v0x55efe475b150 15, 15 0, o0x7f616e080378; 0 drivers
o0x7f616e0803a8 .functor BUFZ 16, C4<zzzzzzzzzzzzzzzz>; HiZ drive
v0x55efe475b150_16 .net v0x55efe475b150 16, 15 0, o0x7f616e0803a8; 0 drivers
o0x7f616e0803d8 .functor BUFZ 16, C4<zzzzzzzzzzzzzzzz>; HiZ drive
v0x55efe475b150_17 .net v0x55efe475b150 17, 15 0, o0x7f616e0803d8; 0 drivers
o0x7f616e080408 .functor BUFZ 16, C4<zzzzzzzzzzzzzzzz>; HiZ drive
v0x55efe475b150_18 .net v0x55efe475b150 18, 15 0, o0x7f616e080408; 0 drivers
o0x7f616e080438 .functor BUFZ 16, C4<zzzzzzzzzzzzzzzz>; HiZ drive
v0x55efe475b150_19 .net v0x55efe475b150 19, 15 0, o0x7f616e080438; 0 drivers
o0x7f616e080468 .functor BUFZ 16, C4<zzzzzzzzzzzzzzzz>; HiZ drive
v0x55efe475b150_20 .net v0x55efe475b150 20, 15 0, o0x7f616e080468; 0 drivers
o0x7f616e080498 .functor BUFZ 16, C4<zzzzzzzzzzzzzzzz>; HiZ drive
v0x55efe475b150_21 .net v0x55efe475b150 21, 15 0, o0x7f616e080498; 0 drivers
o0x7f616e0804c8 .functor BUFZ 16, C4<zzzzzzzzzzzzzzzz>; HiZ drive
v0x55efe475b150_22 .net v0x55efe475b150 22, 15 0, o0x7f616e0804c8; 0 drivers
o0x7f616e0804f8 .functor BUFZ 16, C4<zzzzzzzzzzzzzzzz>; HiZ drive
v0x55efe475b150_23 .net v0x55efe475b150 23, 15 0, o0x7f616e0804f8; 0 drivers
o0x7f616e080528 .functor BUFZ 16, C4<zzzzzzzzzzzzzzzz>; HiZ drive
v0x55efe475b150_24 .net v0x55efe475b150 24, 15 0, o0x7f616e080528; 0 drivers
o0x7f616e080558 .functor BUFZ 16, C4<zzzzzzzzzzzzzzzz>; HiZ drive
v0x55efe475b150_25 .net v0x55efe475b150 25, 15 0, o0x7f616e080558; 0 drivers
o0x7f616e080588 .functor BUFZ 16, C4<zzzzzzzzzzzzzzzz>; HiZ drive
v0x55efe475b150_26 .net v0x55efe475b150 26, 15 0, o0x7f616e080588; 0 drivers
o0x7f616e0805b8 .functor BUFZ 16, C4<zzzzzzzzzzzzzzzz>; HiZ drive
v0x55efe475b150_27 .net v0x55efe475b150 27, 15 0, o0x7f616e0805b8; 0 drivers
o0x7f616e0805e8 .functor BUFZ 16, C4<zzzzzzzzzzzzzzzz>; HiZ drive
v0x55efe475b150_28 .net v0x55efe475b150 28, 15 0, o0x7f616e0805e8; 0 drivers
o0x7f616e080618 .functor BUFZ 16, C4<zzzzzzzzzzzzzzzz>; HiZ drive
v0x55efe475b150_29 .net v0x55efe475b150 29, 15 0, o0x7f616e080618; 0 drivers
o0x7f616e080648 .functor BUFZ 16, C4<zzzzzzzzzzzzzzzz>; HiZ drive
v0x55efe475b150_30 .net v0x55efe475b150 30, 15 0, o0x7f616e080648; 0 drivers
o0x7f616e080678 .functor BUFZ 16, C4<zzzzzzzzzzzzzzzz>; HiZ drive
v0x55efe475b150_31 .net v0x55efe475b150 31, 15 0, o0x7f616e080678; 0 drivers
o0x7f616e0806a8 .functor BUFZ 16, C4<zzzzzzzzzzzzzzzz>; HiZ drive
v0x55efe475b150_32 .net v0x55efe475b150 32, 15 0, o0x7f616e0806a8; 0 drivers
o0x7f616e0806d8 .functor BUFZ 16, C4<zzzzzzzzzzzzzzzz>; HiZ drive
v0x55efe475b150_33 .net v0x55efe475b150 33, 15 0, o0x7f616e0806d8; 0 drivers
o0x7f616e080708 .functor BUFZ 16, C4<zzzzzzzzzzzzzzzz>; HiZ drive
v0x55efe475b150_34 .net v0x55efe475b150 34, 15 0, o0x7f616e080708; 0 drivers
o0x7f616e080738 .functor BUFZ 16, C4<zzzzzzzzzzzzzzzz>; HiZ drive
v0x55efe475b150_35 .net v0x55efe475b150 35, 15 0, o0x7f616e080738; 0 drivers
o0x7f616e080768 .functor BUFZ 16, C4<zzzzzzzzzzzzzzzz>; HiZ drive
v0x55efe475b150_36 .net v0x55efe475b150 36, 15 0, o0x7f616e080768; 0 drivers
o0x7f616e080798 .functor BUFZ 16, C4<zzzzzzzzzzzzzzzz>; HiZ drive
v0x55efe475b150_37 .net v0x55efe475b150 37, 15 0, o0x7f616e080798; 0 drivers
o0x7f616e0807c8 .functor BUFZ 16, C4<zzzzzzzzzzzzzzzz>; HiZ drive
v0x55efe475b150_38 .net v0x55efe475b150 38, 15 0, o0x7f616e0807c8; 0 drivers
o0x7f616e0807f8 .functor BUFZ 16, C4<zzzzzzzzzzzzzzzz>; HiZ drive
v0x55efe475b150_39 .net v0x55efe475b150 39, 15 0, o0x7f616e0807f8; 0 drivers
o0x7f616e080828 .functor BUFZ 16, C4<zzzzzzzzzzzzzzzz>; HiZ drive
v0x55efe475b150_40 .net v0x55efe475b150 40, 15 0, o0x7f616e080828; 0 drivers
o0x7f616e080858 .functor BUFZ 16, C4<zzzzzzzzzzzzzzzz>; HiZ drive
v0x55efe475b150_41 .net v0x55efe475b150 41, 15 0, o0x7f616e080858; 0 drivers
o0x7f616e080888 .functor BUFZ 16, C4<zzzzzzzzzzzzzzzz>; HiZ drive
v0x55efe475b150_42 .net v0x55efe475b150 42, 15 0, o0x7f616e080888; 0 drivers
o0x7f616e0808b8 .functor BUFZ 16, C4<zzzzzzzzzzzzzzzz>; HiZ drive
v0x55efe475b150_43 .net v0x55efe475b150 43, 15 0, o0x7f616e0808b8; 0 drivers
o0x7f616e0808e8 .functor BUFZ 16, C4<zzzzzzzzzzzzzzzz>; HiZ drive
v0x55efe475b150_44 .net v0x55efe475b150 44, 15 0, o0x7f616e0808e8; 0 drivers
o0x7f616e080918 .functor BUFZ 16, C4<zzzzzzzzzzzzzzzz>; HiZ drive
v0x55efe475b150_45 .net v0x55efe475b150 45, 15 0, o0x7f616e080918; 0 drivers
o0x7f616e080948 .functor BUFZ 16, C4<zzzzzzzzzzzzzzzz>; HiZ drive
v0x55efe475b150_46 .net v0x55efe475b150 46, 15 0, o0x7f616e080948; 0 drivers
o0x7f616e080978 .functor BUFZ 16, C4<zzzzzzzzzzzzzzzz>; HiZ drive
v0x55efe475b150_47 .net v0x55efe475b150 47, 15 0, o0x7f616e080978; 0 drivers
o0x7f616e0809a8 .functor BUFZ 16, C4<zzzzzzzzzzzzzzzz>; HiZ drive
v0x55efe475b150_48 .net v0x55efe475b150 48, 15 0, o0x7f616e0809a8; 0 drivers
o0x7f616e0809d8 .functor BUFZ 16, C4<zzzzzzzzzzzzzzzz>; HiZ drive
v0x55efe475b150_49 .net v0x55efe475b150 49, 15 0, o0x7f616e0809d8; 0 drivers
o0x7f616e080a08 .functor BUFZ 16, C4<zzzzzzzzzzzzzzzz>; HiZ drive
v0x55efe475b150_50 .net v0x55efe475b150 50, 15 0, o0x7f616e080a08; 0 drivers
o0x7f616e080a38 .functor BUFZ 16, C4<zzzzzzzzzzzzzzzz>; HiZ drive
v0x55efe475b150_51 .net v0x55efe475b150 51, 15 0, o0x7f616e080a38; 0 drivers
o0x7f616e080a68 .functor BUFZ 16, C4<zzzzzzzzzzzzzzzz>; HiZ drive
v0x55efe475b150_52 .net v0x55efe475b150 52, 15 0, o0x7f616e080a68; 0 drivers
o0x7f616e080a98 .functor BUFZ 16, C4<zzzzzzzzzzzzzzzz>; HiZ drive
v0x55efe475b150_53 .net v0x55efe475b150 53, 15 0, o0x7f616e080a98; 0 drivers
o0x7f616e080ac8 .functor BUFZ 16, C4<zzzzzzzzzzzzzzzz>; HiZ drive
v0x55efe475b150_54 .net v0x55efe475b150 54, 15 0, o0x7f616e080ac8; 0 drivers
o0x7f616e080af8 .functor BUFZ 16, C4<zzzzzzzzzzzzzzzz>; HiZ drive
v0x55efe475b150_55 .net v0x55efe475b150 55, 15 0, o0x7f616e080af8; 0 drivers
o0x7f616e080b28 .functor BUFZ 16, C4<zzzzzzzzzzzzzzzz>; HiZ drive
v0x55efe475b150_56 .net v0x55efe475b150 56, 15 0, o0x7f616e080b28; 0 drivers
o0x7f616e080b58 .functor BUFZ 16, C4<zzzzzzzzzzzzzzzz>; HiZ drive
v0x55efe475b150_57 .net v0x55efe475b150 57, 15 0, o0x7f616e080b58; 0 drivers
o0x7f616e080b88 .functor BUFZ 16, C4<zzzzzzzzzzzzzzzz>; HiZ drive
v0x55efe475b150_58 .net v0x55efe475b150 58, 15 0, o0x7f616e080b88; 0 drivers
o0x7f616e080bb8 .functor BUFZ 16, C4<zzzzzzzzzzzzzzzz>; HiZ drive
v0x55efe475b150_59 .net v0x55efe475b150 59, 15 0, o0x7f616e080bb8; 0 drivers
o0x7f616e080be8 .functor BUFZ 16, C4<zzzzzzzzzzzzzzzz>; HiZ drive
v0x55efe475b150_60 .net v0x55efe475b150 60, 15 0, o0x7f616e080be8; 0 drivers
o0x7f616e080c18 .functor BUFZ 16, C4<zzzzzzzzzzzzzzzz>; HiZ drive
v0x55efe475b150_61 .net v0x55efe475b150 61, 15 0, o0x7f616e080c18; 0 drivers
o0x7f616e080c48 .functor BUFZ 16, C4<zzzzzzzzzzzzzzzz>; HiZ drive
v0x55efe475b150_62 .net v0x55efe475b150 62, 15 0, o0x7f616e080c48; 0 drivers
o0x7f616e080c78 .functor BUFZ 16, C4<zzzzzzzzzzzzzzzz>; HiZ drive
v0x55efe475b150_63 .net v0x55efe475b150 63, 15 0, o0x7f616e080c78; 0 drivers
o0x7f616e080ca8 .functor BUFZ 16, C4<zzzzzzzzzzzzzzzz>; HiZ drive
v0x55efe475b150_64 .net v0x55efe475b150 64, 15 0, o0x7f616e080ca8; 0 drivers
o0x7f616e080cd8 .functor BUFZ 16, C4<zzzzzzzzzzzzzzzz>; HiZ drive
v0x55efe475b150_65 .net v0x55efe475b150 65, 15 0, o0x7f616e080cd8; 0 drivers
o0x7f616e080d08 .functor BUFZ 16, C4<zzzzzzzzzzzzzzzz>; HiZ drive
v0x55efe475b150_66 .net v0x55efe475b150 66, 15 0, o0x7f616e080d08; 0 drivers
o0x7f616e080d38 .functor BUFZ 16, C4<zzzzzzzzzzzzzzzz>; HiZ drive
v0x55efe475b150_67 .net v0x55efe475b150 67, 15 0, o0x7f616e080d38; 0 drivers
o0x7f616e080d68 .functor BUFZ 16, C4<zzzzzzzzzzzzzzzz>; HiZ drive
v0x55efe475b150_68 .net v0x55efe475b150 68, 15 0, o0x7f616e080d68; 0 drivers
o0x7f616e080d98 .functor BUFZ 16, C4<zzzzzzzzzzzzzzzz>; HiZ drive
v0x55efe475b150_69 .net v0x55efe475b150 69, 15 0, o0x7f616e080d98; 0 drivers
o0x7f616e080dc8 .functor BUFZ 16, C4<zzzzzzzzzzzzzzzz>; HiZ drive
v0x55efe475b150_70 .net v0x55efe475b150 70, 15 0, o0x7f616e080dc8; 0 drivers
o0x7f616e080df8 .functor BUFZ 16, C4<zzzzzzzzzzzzzzzz>; HiZ drive
v0x55efe475b150_71 .net v0x55efe475b150 71, 15 0, o0x7f616e080df8; 0 drivers
o0x7f616e080e28 .functor BUFZ 16, C4<zzzzzzzzzzzzzzzz>; HiZ drive
v0x55efe475b150_72 .net v0x55efe475b150 72, 15 0, o0x7f616e080e28; 0 drivers
o0x7f616e080e58 .functor BUFZ 16, C4<zzzzzzzzzzzzzzzz>; HiZ drive
v0x55efe475b150_73 .net v0x55efe475b150 73, 15 0, o0x7f616e080e58; 0 drivers
o0x7f616e080e88 .functor BUFZ 16, C4<zzzzzzzzzzzzzzzz>; HiZ drive
v0x55efe475b150_74 .net v0x55efe475b150 74, 15 0, o0x7f616e080e88; 0 drivers
o0x7f616e080eb8 .functor BUFZ 16, C4<zzzzzzzzzzzzzzzz>; HiZ drive
v0x55efe475b150_75 .net v0x55efe475b150 75, 15 0, o0x7f616e080eb8; 0 drivers
o0x7f616e080ee8 .functor BUFZ 16, C4<zzzzzzzzzzzzzzzz>; HiZ drive
v0x55efe475b150_76 .net v0x55efe475b150 76, 15 0, o0x7f616e080ee8; 0 drivers
o0x7f616e080f18 .functor BUFZ 16, C4<zzzzzzzzzzzzzzzz>; HiZ drive
v0x55efe475b150_77 .net v0x55efe475b150 77, 15 0, o0x7f616e080f18; 0 drivers
o0x7f616e080f48 .functor BUFZ 16, C4<zzzzzzzzzzzzzzzz>; HiZ drive
v0x55efe475b150_78 .net v0x55efe475b150 78, 15 0, o0x7f616e080f48; 0 drivers
o0x7f616e080f78 .functor BUFZ 16, C4<zzzzzzzzzzzzzzzz>; HiZ drive
v0x55efe475b150_79 .net v0x55efe475b150 79, 15 0, o0x7f616e080f78; 0 drivers
o0x7f616e080fa8 .functor BUFZ 16, C4<zzzzzzzzzzzzzzzz>; HiZ drive
v0x55efe475b150_80 .net v0x55efe475b150 80, 15 0, o0x7f616e080fa8; 0 drivers
o0x7f616e080fd8 .functor BUFZ 16, C4<zzzzzzzzzzzzzzzz>; HiZ drive
v0x55efe475b150_81 .net v0x55efe475b150 81, 15 0, o0x7f616e080fd8; 0 drivers
o0x7f616e081008 .functor BUFZ 16, C4<zzzzzzzzzzzzzzzz>; HiZ drive
v0x55efe475b150_82 .net v0x55efe475b150 82, 15 0, o0x7f616e081008; 0 drivers
o0x7f616e081038 .functor BUFZ 16, C4<zzzzzzzzzzzzzzzz>; HiZ drive
v0x55efe475b150_83 .net v0x55efe475b150 83, 15 0, o0x7f616e081038; 0 drivers
o0x7f616e081068 .functor BUFZ 16, C4<zzzzzzzzzzzzzzzz>; HiZ drive
v0x55efe475b150_84 .net v0x55efe475b150 84, 15 0, o0x7f616e081068; 0 drivers
o0x7f616e081098 .functor BUFZ 16, C4<zzzzzzzzzzzzzzzz>; HiZ drive
v0x55efe475b150_85 .net v0x55efe475b150 85, 15 0, o0x7f616e081098; 0 drivers
o0x7f616e0810c8 .functor BUFZ 16, C4<zzzzzzzzzzzzzzzz>; HiZ drive
v0x55efe475b150_86 .net v0x55efe475b150 86, 15 0, o0x7f616e0810c8; 0 drivers
o0x7f616e0810f8 .functor BUFZ 16, C4<zzzzzzzzzzzzzzzz>; HiZ drive
v0x55efe475b150_87 .net v0x55efe475b150 87, 15 0, o0x7f616e0810f8; 0 drivers
o0x7f616e081128 .functor BUFZ 16, C4<zzzzzzzzzzzzzzzz>; HiZ drive
v0x55efe475b150_88 .net v0x55efe475b150 88, 15 0, o0x7f616e081128; 0 drivers
o0x7f616e081158 .functor BUFZ 16, C4<zzzzzzzzzzzzzzzz>; HiZ drive
v0x55efe475b150_89 .net v0x55efe475b150 89, 15 0, o0x7f616e081158; 0 drivers
o0x7f616e081188 .functor BUFZ 16, C4<zzzzzzzzzzzzzzzz>; HiZ drive
v0x55efe475b150_90 .net v0x55efe475b150 90, 15 0, o0x7f616e081188; 0 drivers
o0x7f616e0811b8 .functor BUFZ 16, C4<zzzzzzzzzzzzzzzz>; HiZ drive
v0x55efe475b150_91 .net v0x55efe475b150 91, 15 0, o0x7f616e0811b8; 0 drivers
o0x7f616e0811e8 .functor BUFZ 16, C4<zzzzzzzzzzzzzzzz>; HiZ drive
v0x55efe475b150_92 .net v0x55efe475b150 92, 15 0, o0x7f616e0811e8; 0 drivers
o0x7f616e081218 .functor BUFZ 16, C4<zzzzzzzzzzzzzzzz>; HiZ drive
v0x55efe475b150_93 .net v0x55efe475b150 93, 15 0, o0x7f616e081218; 0 drivers
o0x7f616e081248 .functor BUFZ 16, C4<zzzzzzzzzzzzzzzz>; HiZ drive
v0x55efe475b150_94 .net v0x55efe475b150 94, 15 0, o0x7f616e081248; 0 drivers
o0x7f616e081278 .functor BUFZ 16, C4<zzzzzzzzzzzzzzzz>; HiZ drive
v0x55efe475b150_95 .net v0x55efe475b150 95, 15 0, o0x7f616e081278; 0 drivers
o0x7f616e0812a8 .functor BUFZ 16, C4<zzzzzzzzzzzzzzzz>; HiZ drive
v0x55efe475b150_96 .net v0x55efe475b150 96, 15 0, o0x7f616e0812a8; 0 drivers
o0x7f616e0812d8 .functor BUFZ 16, C4<zzzzzzzzzzzzzzzz>; HiZ drive
v0x55efe475b150_97 .net v0x55efe475b150 97, 15 0, o0x7f616e0812d8; 0 drivers
o0x7f616e081308 .functor BUFZ 16, C4<zzzzzzzzzzzzzzzz>; HiZ drive
v0x55efe475b150_98 .net v0x55efe475b150 98, 15 0, o0x7f616e081308; 0 drivers
o0x7f616e081338 .functor BUFZ 16, C4<zzzzzzzzzzzzzzzz>; HiZ drive
v0x55efe475b150_99 .net v0x55efe475b150 99, 15 0, o0x7f616e081338; 0 drivers
o0x7f616e081368 .functor BUFZ 16, C4<zzzzzzzzzzzzzzzz>; HiZ drive
v0x55efe475b150_100 .net v0x55efe475b150 100, 15 0, o0x7f616e081368; 0 drivers
o0x7f616e081398 .functor BUFZ 16, C4<zzzzzzzzzzzzzzzz>; HiZ drive
v0x55efe475b150_101 .net v0x55efe475b150 101, 15 0, o0x7f616e081398; 0 drivers
o0x7f616e0813c8 .functor BUFZ 16, C4<zzzzzzzzzzzzzzzz>; HiZ drive
v0x55efe475b150_102 .net v0x55efe475b150 102, 15 0, o0x7f616e0813c8; 0 drivers
o0x7f616e0813f8 .functor BUFZ 16, C4<zzzzzzzzzzzzzzzz>; HiZ drive
v0x55efe475b150_103 .net v0x55efe475b150 103, 15 0, o0x7f616e0813f8; 0 drivers
o0x7f616e081428 .functor BUFZ 16, C4<zzzzzzzzzzzzzzzz>; HiZ drive
v0x55efe475b150_104 .net v0x55efe475b150 104, 15 0, o0x7f616e081428; 0 drivers
o0x7f616e081458 .functor BUFZ 16, C4<zzzzzzzzzzzzzzzz>; HiZ drive
v0x55efe475b150_105 .net v0x55efe475b150 105, 15 0, o0x7f616e081458; 0 drivers
o0x7f616e081488 .functor BUFZ 16, C4<zzzzzzzzzzzzzzzz>; HiZ drive
v0x55efe475b150_106 .net v0x55efe475b150 106, 15 0, o0x7f616e081488; 0 drivers
o0x7f616e0814b8 .functor BUFZ 16, C4<zzzzzzzzzzzzzzzz>; HiZ drive
v0x55efe475b150_107 .net v0x55efe475b150 107, 15 0, o0x7f616e0814b8; 0 drivers
o0x7f616e0814e8 .functor BUFZ 16, C4<zzzzzzzzzzzzzzzz>; HiZ drive
v0x55efe475b150_108 .net v0x55efe475b150 108, 15 0, o0x7f616e0814e8; 0 drivers
o0x7f616e081518 .functor BUFZ 16, C4<zzzzzzzzzzzzzzzz>; HiZ drive
v0x55efe475b150_109 .net v0x55efe475b150 109, 15 0, o0x7f616e081518; 0 drivers
o0x7f616e081548 .functor BUFZ 16, C4<zzzzzzzzzzzzzzzz>; HiZ drive
v0x55efe475b150_110 .net v0x55efe475b150 110, 15 0, o0x7f616e081548; 0 drivers
o0x7f616e081578 .functor BUFZ 16, C4<zzzzzzzzzzzzzzzz>; HiZ drive
v0x55efe475b150_111 .net v0x55efe475b150 111, 15 0, o0x7f616e081578; 0 drivers
o0x7f616e0815a8 .functor BUFZ 16, C4<zzzzzzzzzzzzzzzz>; HiZ drive
v0x55efe475b150_112 .net v0x55efe475b150 112, 15 0, o0x7f616e0815a8; 0 drivers
o0x7f616e0815d8 .functor BUFZ 16, C4<zzzzzzzzzzzzzzzz>; HiZ drive
v0x55efe475b150_113 .net v0x55efe475b150 113, 15 0, o0x7f616e0815d8; 0 drivers
o0x7f616e081608 .functor BUFZ 16, C4<zzzzzzzzzzzzzzzz>; HiZ drive
v0x55efe475b150_114 .net v0x55efe475b150 114, 15 0, o0x7f616e081608; 0 drivers
o0x7f616e081638 .functor BUFZ 16, C4<zzzzzzzzzzzzzzzz>; HiZ drive
v0x55efe475b150_115 .net v0x55efe475b150 115, 15 0, o0x7f616e081638; 0 drivers
o0x7f616e081668 .functor BUFZ 16, C4<zzzzzzzzzzzzzzzz>; HiZ drive
v0x55efe475b150_116 .net v0x55efe475b150 116, 15 0, o0x7f616e081668; 0 drivers
o0x7f616e081698 .functor BUFZ 16, C4<zzzzzzzzzzzzzzzz>; HiZ drive
v0x55efe475b150_117 .net v0x55efe475b150 117, 15 0, o0x7f616e081698; 0 drivers
o0x7f616e0816c8 .functor BUFZ 16, C4<zzzzzzzzzzzzzzzz>; HiZ drive
v0x55efe475b150_118 .net v0x55efe475b150 118, 15 0, o0x7f616e0816c8; 0 drivers
o0x7f616e0816f8 .functor BUFZ 16, C4<zzzzzzzzzzzzzzzz>; HiZ drive
v0x55efe475b150_119 .net v0x55efe475b150 119, 15 0, o0x7f616e0816f8; 0 drivers
o0x7f616e081728 .functor BUFZ 16, C4<zzzzzzzzzzzzzzzz>; HiZ drive
v0x55efe475b150_120 .net v0x55efe475b150 120, 15 0, o0x7f616e081728; 0 drivers
o0x7f616e081758 .functor BUFZ 16, C4<zzzzzzzzzzzzzzzz>; HiZ drive
v0x55efe475b150_121 .net v0x55efe475b150 121, 15 0, o0x7f616e081758; 0 drivers
o0x7f616e081788 .functor BUFZ 16, C4<zzzzzzzzzzzzzzzz>; HiZ drive
v0x55efe475b150_122 .net v0x55efe475b150 122, 15 0, o0x7f616e081788; 0 drivers
o0x7f616e0817b8 .functor BUFZ 16, C4<zzzzzzzzzzzzzzzz>; HiZ drive
v0x55efe475b150_123 .net v0x55efe475b150 123, 15 0, o0x7f616e0817b8; 0 drivers
o0x7f616e0817e8 .functor BUFZ 16, C4<zzzzzzzzzzzzzzzz>; HiZ drive
v0x55efe475b150_124 .net v0x55efe475b150 124, 15 0, o0x7f616e0817e8; 0 drivers
o0x7f616e081818 .functor BUFZ 16, C4<zzzzzzzzzzzzzzzz>; HiZ drive
v0x55efe475b150_125 .net v0x55efe475b150 125, 15 0, o0x7f616e081818; 0 drivers
o0x7f616e081848 .functor BUFZ 16, C4<zzzzzzzzzzzzzzzz>; HiZ drive
v0x55efe475b150_126 .net v0x55efe475b150 126, 15 0, o0x7f616e081848; 0 drivers
o0x7f616e081878 .functor BUFZ 16, C4<zzzzzzzzzzzzzzzz>; HiZ drive
v0x55efe475b150_127 .net v0x55efe475b150 127, 15 0, o0x7f616e081878; 0 drivers
o0x7f616e0818a8 .functor BUFZ 16, C4<zzzzzzzzzzzzzzzz>; HiZ drive
v0x55efe475b150_128 .net v0x55efe475b150 128, 15 0, o0x7f616e0818a8; 0 drivers
o0x7f616e0818d8 .functor BUFZ 16, C4<zzzzzzzzzzzzzzzz>; HiZ drive
v0x55efe475b150_129 .net v0x55efe475b150 129, 15 0, o0x7f616e0818d8; 0 drivers
o0x7f616e081908 .functor BUFZ 16, C4<zzzzzzzzzzzzzzzz>; HiZ drive
v0x55efe475b150_130 .net v0x55efe475b150 130, 15 0, o0x7f616e081908; 0 drivers
o0x7f616e081938 .functor BUFZ 16, C4<zzzzzzzzzzzzzzzz>; HiZ drive
v0x55efe475b150_131 .net v0x55efe475b150 131, 15 0, o0x7f616e081938; 0 drivers
o0x7f616e081968 .functor BUFZ 16, C4<zzzzzzzzzzzzzzzz>; HiZ drive
v0x55efe475b150_132 .net v0x55efe475b150 132, 15 0, o0x7f616e081968; 0 drivers
o0x7f616e081998 .functor BUFZ 16, C4<zzzzzzzzzzzzzzzz>; HiZ drive
v0x55efe475b150_133 .net v0x55efe475b150 133, 15 0, o0x7f616e081998; 0 drivers
o0x7f616e0819c8 .functor BUFZ 16, C4<zzzzzzzzzzzzzzzz>; HiZ drive
v0x55efe475b150_134 .net v0x55efe475b150 134, 15 0, o0x7f616e0819c8; 0 drivers
o0x7f616e0819f8 .functor BUFZ 16, C4<zzzzzzzzzzzzzzzz>; HiZ drive
v0x55efe475b150_135 .net v0x55efe475b150 135, 15 0, o0x7f616e0819f8; 0 drivers
o0x7f616e081a28 .functor BUFZ 16, C4<zzzzzzzzzzzzzzzz>; HiZ drive
v0x55efe475b150_136 .net v0x55efe475b150 136, 15 0, o0x7f616e081a28; 0 drivers
o0x7f616e081a58 .functor BUFZ 16, C4<zzzzzzzzzzzzzzzz>; HiZ drive
v0x55efe475b150_137 .net v0x55efe475b150 137, 15 0, o0x7f616e081a58; 0 drivers
o0x7f616e081a88 .functor BUFZ 16, C4<zzzzzzzzzzzzzzzz>; HiZ drive
v0x55efe475b150_138 .net v0x55efe475b150 138, 15 0, o0x7f616e081a88; 0 drivers
o0x7f616e081ab8 .functor BUFZ 16, C4<zzzzzzzzzzzzzzzz>; HiZ drive
v0x55efe475b150_139 .net v0x55efe475b150 139, 15 0, o0x7f616e081ab8; 0 drivers
o0x7f616e081ae8 .functor BUFZ 16, C4<zzzzzzzzzzzzzzzz>; HiZ drive
v0x55efe475b150_140 .net v0x55efe475b150 140, 15 0, o0x7f616e081ae8; 0 drivers
o0x7f616e081b18 .functor BUFZ 16, C4<zzzzzzzzzzzzzzzz>; HiZ drive
v0x55efe475b150_141 .net v0x55efe475b150 141, 15 0, o0x7f616e081b18; 0 drivers
o0x7f616e081b48 .functor BUFZ 16, C4<zzzzzzzzzzzzzzzz>; HiZ drive
v0x55efe475b150_142 .net v0x55efe475b150 142, 15 0, o0x7f616e081b48; 0 drivers
o0x7f616e081b78 .functor BUFZ 16, C4<zzzzzzzzzzzzzzzz>; HiZ drive
v0x55efe475b150_143 .net v0x55efe475b150 143, 15 0, o0x7f616e081b78; 0 drivers
o0x7f616e081ba8 .functor BUFZ 16, C4<zzzzzzzzzzzzzzzz>; HiZ drive
v0x55efe475b150_144 .net v0x55efe475b150 144, 15 0, o0x7f616e081ba8; 0 drivers
o0x7f616e081bd8 .functor BUFZ 16, C4<zzzzzzzzzzzzzzzz>; HiZ drive
v0x55efe475b150_145 .net v0x55efe475b150 145, 15 0, o0x7f616e081bd8; 0 drivers
o0x7f616e081c08 .functor BUFZ 16, C4<zzzzzzzzzzzzzzzz>; HiZ drive
v0x55efe475b150_146 .net v0x55efe475b150 146, 15 0, o0x7f616e081c08; 0 drivers
o0x7f616e081c38 .functor BUFZ 16, C4<zzzzzzzzzzzzzzzz>; HiZ drive
v0x55efe475b150_147 .net v0x55efe475b150 147, 15 0, o0x7f616e081c38; 0 drivers
o0x7f616e081c68 .functor BUFZ 16, C4<zzzzzzzzzzzzzzzz>; HiZ drive
v0x55efe475b150_148 .net v0x55efe475b150 148, 15 0, o0x7f616e081c68; 0 drivers
o0x7f616e081c98 .functor BUFZ 16, C4<zzzzzzzzzzzzzzzz>; HiZ drive
v0x55efe475b150_149 .net v0x55efe475b150 149, 15 0, o0x7f616e081c98; 0 drivers
o0x7f616e081cc8 .functor BUFZ 16, C4<zzzzzzzzzzzzzzzz>; HiZ drive
v0x55efe475b150_150 .net v0x55efe475b150 150, 15 0, o0x7f616e081cc8; 0 drivers
o0x7f616e081cf8 .functor BUFZ 16, C4<zzzzzzzzzzzzzzzz>; HiZ drive
v0x55efe475b150_151 .net v0x55efe475b150 151, 15 0, o0x7f616e081cf8; 0 drivers
o0x7f616e081d28 .functor BUFZ 16, C4<zzzzzzzzzzzzzzzz>; HiZ drive
v0x55efe475b150_152 .net v0x55efe475b150 152, 15 0, o0x7f616e081d28; 0 drivers
o0x7f616e081d58 .functor BUFZ 16, C4<zzzzzzzzzzzzzzzz>; HiZ drive
v0x55efe475b150_153 .net v0x55efe475b150 153, 15 0, o0x7f616e081d58; 0 drivers
o0x7f616e081d88 .functor BUFZ 16, C4<zzzzzzzzzzzzzzzz>; HiZ drive
v0x55efe475b150_154 .net v0x55efe475b150 154, 15 0, o0x7f616e081d88; 0 drivers
o0x7f616e081db8 .functor BUFZ 16, C4<zzzzzzzzzzzzzzzz>; HiZ drive
v0x55efe475b150_155 .net v0x55efe475b150 155, 15 0, o0x7f616e081db8; 0 drivers
o0x7f616e081de8 .functor BUFZ 16, C4<zzzzzzzzzzzzzzzz>; HiZ drive
v0x55efe475b150_156 .net v0x55efe475b150 156, 15 0, o0x7f616e081de8; 0 drivers
o0x7f616e081e18 .functor BUFZ 16, C4<zzzzzzzzzzzzzzzz>; HiZ drive
v0x55efe475b150_157 .net v0x55efe475b150 157, 15 0, o0x7f616e081e18; 0 drivers
o0x7f616e081e48 .functor BUFZ 16, C4<zzzzzzzzzzzzzzzz>; HiZ drive
v0x55efe475b150_158 .net v0x55efe475b150 158, 15 0, o0x7f616e081e48; 0 drivers
o0x7f616e081e78 .functor BUFZ 16, C4<zzzzzzzzzzzzzzzz>; HiZ drive
v0x55efe475b150_159 .net v0x55efe475b150 159, 15 0, o0x7f616e081e78; 0 drivers
o0x7f616e081ea8 .functor BUFZ 16, C4<zzzzzzzzzzzzzzzz>; HiZ drive
v0x55efe475b150_160 .net v0x55efe475b150 160, 15 0, o0x7f616e081ea8; 0 drivers
o0x7f616e081ed8 .functor BUFZ 16, C4<zzzzzzzzzzzzzzzz>; HiZ drive
v0x55efe475b150_161 .net v0x55efe475b150 161, 15 0, o0x7f616e081ed8; 0 drivers
o0x7f616e081f08 .functor BUFZ 16, C4<zzzzzzzzzzzzzzzz>; HiZ drive
v0x55efe475b150_162 .net v0x55efe475b150 162, 15 0, o0x7f616e081f08; 0 drivers
o0x7f616e081f38 .functor BUFZ 16, C4<zzzzzzzzzzzzzzzz>; HiZ drive
v0x55efe475b150_163 .net v0x55efe475b150 163, 15 0, o0x7f616e081f38; 0 drivers
o0x7f616e081f68 .functor BUFZ 16, C4<zzzzzzzzzzzzzzzz>; HiZ drive
v0x55efe475b150_164 .net v0x55efe475b150 164, 15 0, o0x7f616e081f68; 0 drivers
o0x7f616e081f98 .functor BUFZ 16, C4<zzzzzzzzzzzzzzzz>; HiZ drive
v0x55efe475b150_165 .net v0x55efe475b150 165, 15 0, o0x7f616e081f98; 0 drivers
o0x7f616e081fc8 .functor BUFZ 16, C4<zzzzzzzzzzzzzzzz>; HiZ drive
v0x55efe475b150_166 .net v0x55efe475b150 166, 15 0, o0x7f616e081fc8; 0 drivers
o0x7f616e081ff8 .functor BUFZ 16, C4<zzzzzzzzzzzzzzzz>; HiZ drive
v0x55efe475b150_167 .net v0x55efe475b150 167, 15 0, o0x7f616e081ff8; 0 drivers
o0x7f616e082028 .functor BUFZ 16, C4<zzzzzzzzzzzzzzzz>; HiZ drive
v0x55efe475b150_168 .net v0x55efe475b150 168, 15 0, o0x7f616e082028; 0 drivers
o0x7f616e082058 .functor BUFZ 16, C4<zzzzzzzzzzzzzzzz>; HiZ drive
v0x55efe475b150_169 .net v0x55efe475b150 169, 15 0, o0x7f616e082058; 0 drivers
o0x7f616e082088 .functor BUFZ 16, C4<zzzzzzzzzzzzzzzz>; HiZ drive
v0x55efe475b150_170 .net v0x55efe475b150 170, 15 0, o0x7f616e082088; 0 drivers
o0x7f616e0820b8 .functor BUFZ 16, C4<zzzzzzzzzzzzzzzz>; HiZ drive
v0x55efe475b150_171 .net v0x55efe475b150 171, 15 0, o0x7f616e0820b8; 0 drivers
o0x7f616e0820e8 .functor BUFZ 16, C4<zzzzzzzzzzzzzzzz>; HiZ drive
v0x55efe475b150_172 .net v0x55efe475b150 172, 15 0, o0x7f616e0820e8; 0 drivers
o0x7f616e082118 .functor BUFZ 16, C4<zzzzzzzzzzzzzzzz>; HiZ drive
v0x55efe475b150_173 .net v0x55efe475b150 173, 15 0, o0x7f616e082118; 0 drivers
o0x7f616e082148 .functor BUFZ 16, C4<zzzzzzzzzzzzzzzz>; HiZ drive
v0x55efe475b150_174 .net v0x55efe475b150 174, 15 0, o0x7f616e082148; 0 drivers
o0x7f616e082178 .functor BUFZ 16, C4<zzzzzzzzzzzzzzzz>; HiZ drive
v0x55efe475b150_175 .net v0x55efe475b150 175, 15 0, o0x7f616e082178; 0 drivers
o0x7f616e0821a8 .functor BUFZ 16, C4<zzzzzzzzzzzzzzzz>; HiZ drive
v0x55efe475b150_176 .net v0x55efe475b150 176, 15 0, o0x7f616e0821a8; 0 drivers
o0x7f616e0821d8 .functor BUFZ 16, C4<zzzzzzzzzzzzzzzz>; HiZ drive
v0x55efe475b150_177 .net v0x55efe475b150 177, 15 0, o0x7f616e0821d8; 0 drivers
o0x7f616e082208 .functor BUFZ 16, C4<zzzzzzzzzzzzzzzz>; HiZ drive
v0x55efe475b150_178 .net v0x55efe475b150 178, 15 0, o0x7f616e082208; 0 drivers
o0x7f616e082238 .functor BUFZ 16, C4<zzzzzzzzzzzzzzzz>; HiZ drive
v0x55efe475b150_179 .net v0x55efe475b150 179, 15 0, o0x7f616e082238; 0 drivers
o0x7f616e082268 .functor BUFZ 16, C4<zzzzzzzzzzzzzzzz>; HiZ drive
v0x55efe475b150_180 .net v0x55efe475b150 180, 15 0, o0x7f616e082268; 0 drivers
o0x7f616e082298 .functor BUFZ 16, C4<zzzzzzzzzzzzzzzz>; HiZ drive
v0x55efe475b150_181 .net v0x55efe475b150 181, 15 0, o0x7f616e082298; 0 drivers
o0x7f616e0822c8 .functor BUFZ 16, C4<zzzzzzzzzzzzzzzz>; HiZ drive
v0x55efe475b150_182 .net v0x55efe475b150 182, 15 0, o0x7f616e0822c8; 0 drivers
o0x7f616e0822f8 .functor BUFZ 16, C4<zzzzzzzzzzzzzzzz>; HiZ drive
v0x55efe475b150_183 .net v0x55efe475b150 183, 15 0, o0x7f616e0822f8; 0 drivers
o0x7f616e082328 .functor BUFZ 16, C4<zzzzzzzzzzzzzzzz>; HiZ drive
v0x55efe475b150_184 .net v0x55efe475b150 184, 15 0, o0x7f616e082328; 0 drivers
o0x7f616e082358 .functor BUFZ 16, C4<zzzzzzzzzzzzzzzz>; HiZ drive
v0x55efe475b150_185 .net v0x55efe475b150 185, 15 0, o0x7f616e082358; 0 drivers
o0x7f616e082388 .functor BUFZ 16, C4<zzzzzzzzzzzzzzzz>; HiZ drive
v0x55efe475b150_186 .net v0x55efe475b150 186, 15 0, o0x7f616e082388; 0 drivers
o0x7f616e0823b8 .functor BUFZ 16, C4<zzzzzzzzzzzzzzzz>; HiZ drive
v0x55efe475b150_187 .net v0x55efe475b150 187, 15 0, o0x7f616e0823b8; 0 drivers
o0x7f616e0823e8 .functor BUFZ 16, C4<zzzzzzzzzzzzzzzz>; HiZ drive
v0x55efe475b150_188 .net v0x55efe475b150 188, 15 0, o0x7f616e0823e8; 0 drivers
o0x7f616e082418 .functor BUFZ 16, C4<zzzzzzzzzzzzzzzz>; HiZ drive
v0x55efe475b150_189 .net v0x55efe475b150 189, 15 0, o0x7f616e082418; 0 drivers
o0x7f616e082448 .functor BUFZ 16, C4<zzzzzzzzzzzzzzzz>; HiZ drive
v0x55efe475b150_190 .net v0x55efe475b150 190, 15 0, o0x7f616e082448; 0 drivers
o0x7f616e082478 .functor BUFZ 16, C4<zzzzzzzzzzzzzzzz>; HiZ drive
v0x55efe475b150_191 .net v0x55efe475b150 191, 15 0, o0x7f616e082478; 0 drivers
o0x7f616e0824a8 .functor BUFZ 16, C4<zzzzzzzzzzzzzzzz>; HiZ drive
v0x55efe475b150_192 .net v0x55efe475b150 192, 15 0, o0x7f616e0824a8; 0 drivers
o0x7f616e0824d8 .functor BUFZ 16, C4<zzzzzzzzzzzzzzzz>; HiZ drive
v0x55efe475b150_193 .net v0x55efe475b150 193, 15 0, o0x7f616e0824d8; 0 drivers
o0x7f616e082508 .functor BUFZ 16, C4<zzzzzzzzzzzzzzzz>; HiZ drive
v0x55efe475b150_194 .net v0x55efe475b150 194, 15 0, o0x7f616e082508; 0 drivers
o0x7f616e082538 .functor BUFZ 16, C4<zzzzzzzzzzzzzzzz>; HiZ drive
v0x55efe475b150_195 .net v0x55efe475b150 195, 15 0, o0x7f616e082538; 0 drivers
o0x7f616e082568 .functor BUFZ 16, C4<zzzzzzzzzzzzzzzz>; HiZ drive
v0x55efe475b150_196 .net v0x55efe475b150 196, 15 0, o0x7f616e082568; 0 drivers
o0x7f616e082598 .functor BUFZ 16, C4<zzzzzzzzzzzzzzzz>; HiZ drive
v0x55efe475b150_197 .net v0x55efe475b150 197, 15 0, o0x7f616e082598; 0 drivers
o0x7f616e0825c8 .functor BUFZ 16, C4<zzzzzzzzzzzzzzzz>; HiZ drive
v0x55efe475b150_198 .net v0x55efe475b150 198, 15 0, o0x7f616e0825c8; 0 drivers
o0x7f616e0825f8 .functor BUFZ 16, C4<zzzzzzzzzzzzzzzz>; HiZ drive
v0x55efe475b150_199 .net v0x55efe475b150 199, 15 0, o0x7f616e0825f8; 0 drivers
o0x7f616e082628 .functor BUFZ 16, C4<zzzzzzzzzzzzzzzz>; HiZ drive
v0x55efe475b150_200 .net v0x55efe475b150 200, 15 0, o0x7f616e082628; 0 drivers
o0x7f616e082658 .functor BUFZ 16, C4<zzzzzzzzzzzzzzzz>; HiZ drive
v0x55efe475b150_201 .net v0x55efe475b150 201, 15 0, o0x7f616e082658; 0 drivers
o0x7f616e082688 .functor BUFZ 16, C4<zzzzzzzzzzzzzzzz>; HiZ drive
v0x55efe475b150_202 .net v0x55efe475b150 202, 15 0, o0x7f616e082688; 0 drivers
o0x7f616e0826b8 .functor BUFZ 16, C4<zzzzzzzzzzzzzzzz>; HiZ drive
v0x55efe475b150_203 .net v0x55efe475b150 203, 15 0, o0x7f616e0826b8; 0 drivers
o0x7f616e0826e8 .functor BUFZ 16, C4<zzzzzzzzzzzzzzzz>; HiZ drive
v0x55efe475b150_204 .net v0x55efe475b150 204, 15 0, o0x7f616e0826e8; 0 drivers
o0x7f616e082718 .functor BUFZ 16, C4<zzzzzzzzzzzzzzzz>; HiZ drive
v0x55efe475b150_205 .net v0x55efe475b150 205, 15 0, o0x7f616e082718; 0 drivers
o0x7f616e082748 .functor BUFZ 16, C4<zzzzzzzzzzzzzzzz>; HiZ drive
v0x55efe475b150_206 .net v0x55efe475b150 206, 15 0, o0x7f616e082748; 0 drivers
o0x7f616e082778 .functor BUFZ 16, C4<zzzzzzzzzzzzzzzz>; HiZ drive
v0x55efe475b150_207 .net v0x55efe475b150 207, 15 0, o0x7f616e082778; 0 drivers
o0x7f616e0827a8 .functor BUFZ 16, C4<zzzzzzzzzzzzzzzz>; HiZ drive
v0x55efe475b150_208 .net v0x55efe475b150 208, 15 0, o0x7f616e0827a8; 0 drivers
o0x7f616e0827d8 .functor BUFZ 16, C4<zzzzzzzzzzzzzzzz>; HiZ drive
v0x55efe475b150_209 .net v0x55efe475b150 209, 15 0, o0x7f616e0827d8; 0 drivers
o0x7f616e082808 .functor BUFZ 16, C4<zzzzzzzzzzzzzzzz>; HiZ drive
v0x55efe475b150_210 .net v0x55efe475b150 210, 15 0, o0x7f616e082808; 0 drivers
o0x7f616e082838 .functor BUFZ 16, C4<zzzzzzzzzzzzzzzz>; HiZ drive
v0x55efe475b150_211 .net v0x55efe475b150 211, 15 0, o0x7f616e082838; 0 drivers
o0x7f616e082868 .functor BUFZ 16, C4<zzzzzzzzzzzzzzzz>; HiZ drive
v0x55efe475b150_212 .net v0x55efe475b150 212, 15 0, o0x7f616e082868; 0 drivers
o0x7f616e082898 .functor BUFZ 16, C4<zzzzzzzzzzzzzzzz>; HiZ drive
v0x55efe475b150_213 .net v0x55efe475b150 213, 15 0, o0x7f616e082898; 0 drivers
o0x7f616e0828c8 .functor BUFZ 16, C4<zzzzzzzzzzzzzzzz>; HiZ drive
v0x55efe475b150_214 .net v0x55efe475b150 214, 15 0, o0x7f616e0828c8; 0 drivers
o0x7f616e0828f8 .functor BUFZ 16, C4<zzzzzzzzzzzzzzzz>; HiZ drive
v0x55efe475b150_215 .net v0x55efe475b150 215, 15 0, o0x7f616e0828f8; 0 drivers
o0x7f616e082928 .functor BUFZ 16, C4<zzzzzzzzzzzzzzzz>; HiZ drive
v0x55efe475b150_216 .net v0x55efe475b150 216, 15 0, o0x7f616e082928; 0 drivers
o0x7f616e082958 .functor BUFZ 16, C4<zzzzzzzzzzzzzzzz>; HiZ drive
v0x55efe475b150_217 .net v0x55efe475b150 217, 15 0, o0x7f616e082958; 0 drivers
o0x7f616e082988 .functor BUFZ 16, C4<zzzzzzzzzzzzzzzz>; HiZ drive
v0x55efe475b150_218 .net v0x55efe475b150 218, 15 0, o0x7f616e082988; 0 drivers
o0x7f616e0829b8 .functor BUFZ 16, C4<zzzzzzzzzzzzzzzz>; HiZ drive
v0x55efe475b150_219 .net v0x55efe475b150 219, 15 0, o0x7f616e0829b8; 0 drivers
o0x7f616e0829e8 .functor BUFZ 16, C4<zzzzzzzzzzzzzzzz>; HiZ drive
v0x55efe475b150_220 .net v0x55efe475b150 220, 15 0, o0x7f616e0829e8; 0 drivers
o0x7f616e082a18 .functor BUFZ 16, C4<zzzzzzzzzzzzzzzz>; HiZ drive
v0x55efe475b150_221 .net v0x55efe475b150 221, 15 0, o0x7f616e082a18; 0 drivers
o0x7f616e082a48 .functor BUFZ 16, C4<zzzzzzzzzzzzzzzz>; HiZ drive
v0x55efe475b150_222 .net v0x55efe475b150 222, 15 0, o0x7f616e082a48; 0 drivers
o0x7f616e082a78 .functor BUFZ 16, C4<zzzzzzzzzzzzzzzz>; HiZ drive
v0x55efe475b150_223 .net v0x55efe475b150 223, 15 0, o0x7f616e082a78; 0 drivers
o0x7f616e082aa8 .functor BUFZ 16, C4<zzzzzzzzzzzzzzzz>; HiZ drive
v0x55efe475b150_224 .net v0x55efe475b150 224, 15 0, o0x7f616e082aa8; 0 drivers
o0x7f616e082ad8 .functor BUFZ 16, C4<zzzzzzzzzzzzzzzz>; HiZ drive
v0x55efe475b150_225 .net v0x55efe475b150 225, 15 0, o0x7f616e082ad8; 0 drivers
o0x7f616e082b08 .functor BUFZ 16, C4<zzzzzzzzzzzzzzzz>; HiZ drive
v0x55efe475b150_226 .net v0x55efe475b150 226, 15 0, o0x7f616e082b08; 0 drivers
o0x7f616e082b38 .functor BUFZ 16, C4<zzzzzzzzzzzzzzzz>; HiZ drive
v0x55efe475b150_227 .net v0x55efe475b150 227, 15 0, o0x7f616e082b38; 0 drivers
o0x7f616e082b68 .functor BUFZ 16, C4<zzzzzzzzzzzzzzzz>; HiZ drive
v0x55efe475b150_228 .net v0x55efe475b150 228, 15 0, o0x7f616e082b68; 0 drivers
o0x7f616e082b98 .functor BUFZ 16, C4<zzzzzzzzzzzzzzzz>; HiZ drive
v0x55efe475b150_229 .net v0x55efe475b150 229, 15 0, o0x7f616e082b98; 0 drivers
o0x7f616e082bc8 .functor BUFZ 16, C4<zzzzzzzzzzzzzzzz>; HiZ drive
v0x55efe475b150_230 .net v0x55efe475b150 230, 15 0, o0x7f616e082bc8; 0 drivers
o0x7f616e082bf8 .functor BUFZ 16, C4<zzzzzzzzzzzzzzzz>; HiZ drive
v0x55efe475b150_231 .net v0x55efe475b150 231, 15 0, o0x7f616e082bf8; 0 drivers
o0x7f616e082c28 .functor BUFZ 16, C4<zzzzzzzzzzzzzzzz>; HiZ drive
v0x55efe475b150_232 .net v0x55efe475b150 232, 15 0, o0x7f616e082c28; 0 drivers
o0x7f616e082c58 .functor BUFZ 16, C4<zzzzzzzzzzzzzzzz>; HiZ drive
v0x55efe475b150_233 .net v0x55efe475b150 233, 15 0, o0x7f616e082c58; 0 drivers
o0x7f616e082c88 .functor BUFZ 16, C4<zzzzzzzzzzzzzzzz>; HiZ drive
v0x55efe475b150_234 .net v0x55efe475b150 234, 15 0, o0x7f616e082c88; 0 drivers
o0x7f616e082cb8 .functor BUFZ 16, C4<zzzzzzzzzzzzzzzz>; HiZ drive
v0x55efe475b150_235 .net v0x55efe475b150 235, 15 0, o0x7f616e082cb8; 0 drivers
o0x7f616e082ce8 .functor BUFZ 16, C4<zzzzzzzzzzzzzzzz>; HiZ drive
v0x55efe475b150_236 .net v0x55efe475b150 236, 15 0, o0x7f616e082ce8; 0 drivers
o0x7f616e082d18 .functor BUFZ 16, C4<zzzzzzzzzzzzzzzz>; HiZ drive
v0x55efe475b150_237 .net v0x55efe475b150 237, 15 0, o0x7f616e082d18; 0 drivers
o0x7f616e082d48 .functor BUFZ 16, C4<zzzzzzzzzzzzzzzz>; HiZ drive
v0x55efe475b150_238 .net v0x55efe475b150 238, 15 0, o0x7f616e082d48; 0 drivers
o0x7f616e082d78 .functor BUFZ 16, C4<zzzzzzzzzzzzzzzz>; HiZ drive
v0x55efe475b150_239 .net v0x55efe475b150 239, 15 0, o0x7f616e082d78; 0 drivers
o0x7f616e082da8 .functor BUFZ 16, C4<zzzzzzzzzzzzzzzz>; HiZ drive
v0x55efe475b150_240 .net v0x55efe475b150 240, 15 0, o0x7f616e082da8; 0 drivers
o0x7f616e082dd8 .functor BUFZ 16, C4<zzzzzzzzzzzzzzzz>; HiZ drive
v0x55efe475b150_241 .net v0x55efe475b150 241, 15 0, o0x7f616e082dd8; 0 drivers
o0x7f616e082e08 .functor BUFZ 16, C4<zzzzzzzzzzzzzzzz>; HiZ drive
v0x55efe475b150_242 .net v0x55efe475b150 242, 15 0, o0x7f616e082e08; 0 drivers
o0x7f616e082e38 .functor BUFZ 16, C4<zzzzzzzzzzzzzzzz>; HiZ drive
v0x55efe475b150_243 .net v0x55efe475b150 243, 15 0, o0x7f616e082e38; 0 drivers
o0x7f616e082e68 .functor BUFZ 16, C4<zzzzzzzzzzzzzzzz>; HiZ drive
v0x55efe475b150_244 .net v0x55efe475b150 244, 15 0, o0x7f616e082e68; 0 drivers
o0x7f616e082e98 .functor BUFZ 16, C4<zzzzzzzzzzzzzzzz>; HiZ drive
v0x55efe475b150_245 .net v0x55efe475b150 245, 15 0, o0x7f616e082e98; 0 drivers
o0x7f616e082ec8 .functor BUFZ 16, C4<zzzzzzzzzzzzzzzz>; HiZ drive
v0x55efe475b150_246 .net v0x55efe475b150 246, 15 0, o0x7f616e082ec8; 0 drivers
o0x7f616e082ef8 .functor BUFZ 16, C4<zzzzzzzzzzzzzzzz>; HiZ drive
v0x55efe475b150_247 .net v0x55efe475b150 247, 15 0, o0x7f616e082ef8; 0 drivers
o0x7f616e082f28 .functor BUFZ 16, C4<zzzzzzzzzzzzzzzz>; HiZ drive
v0x55efe475b150_248 .net v0x55efe475b150 248, 15 0, o0x7f616e082f28; 0 drivers
o0x7f616e082f58 .functor BUFZ 16, C4<zzzzzzzzzzzzzzzz>; HiZ drive
v0x55efe475b150_249 .net v0x55efe475b150 249, 15 0, o0x7f616e082f58; 0 drivers
o0x7f616e082f88 .functor BUFZ 16, C4<zzzzzzzzzzzzzzzz>; HiZ drive
v0x55efe475b150_250 .net v0x55efe475b150 250, 15 0, o0x7f616e082f88; 0 drivers
o0x7f616e082fb8 .functor BUFZ 16, C4<zzzzzzzzzzzzzzzz>; HiZ drive
v0x55efe475b150_251 .net v0x55efe475b150 251, 15 0, o0x7f616e082fb8; 0 drivers
o0x7f616e082fe8 .functor BUFZ 16, C4<zzzzzzzzzzzzzzzz>; HiZ drive
v0x55efe475b150_252 .net v0x55efe475b150 252, 15 0, o0x7f616e082fe8; 0 drivers
o0x7f616e083018 .functor BUFZ 16, C4<zzzzzzzzzzzzzzzz>; HiZ drive
v0x55efe475b150_253 .net v0x55efe475b150 253, 15 0, o0x7f616e083018; 0 drivers
o0x7f616e083048 .functor BUFZ 16, C4<zzzzzzzzzzzzzzzz>; HiZ drive
v0x55efe475b150_254 .net v0x55efe475b150 254, 15 0, o0x7f616e083048; 0 drivers
o0x7f616e083078 .functor BUFZ 16, C4<zzzzzzzzzzzzzzzz>; HiZ drive
v0x55efe475b150_255 .net v0x55efe475b150 255, 15 0, o0x7f616e083078; 0 drivers
o0x7f616e0830a8 .functor BUFZ 16, C4<zzzzzzzzzzzzzzzz>; HiZ drive
v0x55efe475b150_256 .net v0x55efe475b150 256, 15 0, o0x7f616e0830a8; 0 drivers
o0x7f616e0830d8 .functor BUFZ 16, C4<zzzzzzzzzzzzzzzz>; HiZ drive
v0x55efe475b150_257 .net v0x55efe475b150 257, 15 0, o0x7f616e0830d8; 0 drivers
o0x7f616e083108 .functor BUFZ 16, C4<zzzzzzzzzzzzzzzz>; HiZ drive
v0x55efe475b150_258 .net v0x55efe475b150 258, 15 0, o0x7f616e083108; 0 drivers
o0x7f616e083138 .functor BUFZ 16, C4<zzzzzzzzzzzzzzzz>; HiZ drive
v0x55efe475b150_259 .net v0x55efe475b150 259, 15 0, o0x7f616e083138; 0 drivers
o0x7f616e083168 .functor BUFZ 16, C4<zzzzzzzzzzzzzzzz>; HiZ drive
v0x55efe475b150_260 .net v0x55efe475b150 260, 15 0, o0x7f616e083168; 0 drivers
o0x7f616e083198 .functor BUFZ 16, C4<zzzzzzzzzzzzzzzz>; HiZ drive
v0x55efe475b150_261 .net v0x55efe475b150 261, 15 0, o0x7f616e083198; 0 drivers
o0x7f616e0831c8 .functor BUFZ 16, C4<zzzzzzzzzzzzzzzz>; HiZ drive
v0x55efe475b150_262 .net v0x55efe475b150 262, 15 0, o0x7f616e0831c8; 0 drivers
o0x7f616e0831f8 .functor BUFZ 16, C4<zzzzzzzzzzzzzzzz>; HiZ drive
v0x55efe475b150_263 .net v0x55efe475b150 263, 15 0, o0x7f616e0831f8; 0 drivers
o0x7f616e083228 .functor BUFZ 16, C4<zzzzzzzzzzzzzzzz>; HiZ drive
v0x55efe475b150_264 .net v0x55efe475b150 264, 15 0, o0x7f616e083228; 0 drivers
o0x7f616e083258 .functor BUFZ 16, C4<zzzzzzzzzzzzzzzz>; HiZ drive
v0x55efe475b150_265 .net v0x55efe475b150 265, 15 0, o0x7f616e083258; 0 drivers
o0x7f616e083288 .functor BUFZ 16, C4<zzzzzzzzzzzzzzzz>; HiZ drive
v0x55efe475b150_266 .net v0x55efe475b150 266, 15 0, o0x7f616e083288; 0 drivers
o0x7f616e0832b8 .functor BUFZ 16, C4<zzzzzzzzzzzzzzzz>; HiZ drive
v0x55efe475b150_267 .net v0x55efe475b150 267, 15 0, o0x7f616e0832b8; 0 drivers
o0x7f616e0832e8 .functor BUFZ 16, C4<zzzzzzzzzzzzzzzz>; HiZ drive
v0x55efe475b150_268 .net v0x55efe475b150 268, 15 0, o0x7f616e0832e8; 0 drivers
o0x7f616e083318 .functor BUFZ 16, C4<zzzzzzzzzzzzzzzz>; HiZ drive
v0x55efe475b150_269 .net v0x55efe475b150 269, 15 0, o0x7f616e083318; 0 drivers
o0x7f616e083348 .functor BUFZ 16, C4<zzzzzzzzzzzzzzzz>; HiZ drive
v0x55efe475b150_270 .net v0x55efe475b150 270, 15 0, o0x7f616e083348; 0 drivers
o0x7f616e083378 .functor BUFZ 16, C4<zzzzzzzzzzzzzzzz>; HiZ drive
v0x55efe475b150_271 .net v0x55efe475b150 271, 15 0, o0x7f616e083378; 0 drivers
o0x7f616e0833a8 .functor BUFZ 16, C4<zzzzzzzzzzzzzzzz>; HiZ drive
v0x55efe475b150_272 .net v0x55efe475b150 272, 15 0, o0x7f616e0833a8; 0 drivers
o0x7f616e0833d8 .functor BUFZ 16, C4<zzzzzzzzzzzzzzzz>; HiZ drive
v0x55efe475b150_273 .net v0x55efe475b150 273, 15 0, o0x7f616e0833d8; 0 drivers
o0x7f616e083408 .functor BUFZ 16, C4<zzzzzzzzzzzzzzzz>; HiZ drive
v0x55efe475b150_274 .net v0x55efe475b150 274, 15 0, o0x7f616e083408; 0 drivers
o0x7f616e083438 .functor BUFZ 16, C4<zzzzzzzzzzzzzzzz>; HiZ drive
v0x55efe475b150_275 .net v0x55efe475b150 275, 15 0, o0x7f616e083438; 0 drivers
o0x7f616e083468 .functor BUFZ 16, C4<zzzzzzzzzzzzzzzz>; HiZ drive
v0x55efe475b150_276 .net v0x55efe475b150 276, 15 0, o0x7f616e083468; 0 drivers
o0x7f616e083498 .functor BUFZ 16, C4<zzzzzzzzzzzzzzzz>; HiZ drive
v0x55efe475b150_277 .net v0x55efe475b150 277, 15 0, o0x7f616e083498; 0 drivers
o0x7f616e0834c8 .functor BUFZ 16, C4<zzzzzzzzzzzzzzzz>; HiZ drive
v0x55efe475b150_278 .net v0x55efe475b150 278, 15 0, o0x7f616e0834c8; 0 drivers
o0x7f616e0834f8 .functor BUFZ 16, C4<zzzzzzzzzzzzzzzz>; HiZ drive
v0x55efe475b150_279 .net v0x55efe475b150 279, 15 0, o0x7f616e0834f8; 0 drivers
o0x7f616e083528 .functor BUFZ 16, C4<zzzzzzzzzzzzzzzz>; HiZ drive
v0x55efe475b150_280 .net v0x55efe475b150 280, 15 0, o0x7f616e083528; 0 drivers
o0x7f616e083558 .functor BUFZ 16, C4<zzzzzzzzzzzzzzzz>; HiZ drive
v0x55efe475b150_281 .net v0x55efe475b150 281, 15 0, o0x7f616e083558; 0 drivers
o0x7f616e083588 .functor BUFZ 16, C4<zzzzzzzzzzzzzzzz>; HiZ drive
v0x55efe475b150_282 .net v0x55efe475b150 282, 15 0, o0x7f616e083588; 0 drivers
o0x7f616e0835b8 .functor BUFZ 16, C4<zzzzzzzzzzzzzzzz>; HiZ drive
v0x55efe475b150_283 .net v0x55efe475b150 283, 15 0, o0x7f616e0835b8; 0 drivers
o0x7f616e0835e8 .functor BUFZ 16, C4<zzzzzzzzzzzzzzzz>; HiZ drive
v0x55efe475b150_284 .net v0x55efe475b150 284, 15 0, o0x7f616e0835e8; 0 drivers
o0x7f616e083618 .functor BUFZ 16, C4<zzzzzzzzzzzzzzzz>; HiZ drive
v0x55efe475b150_285 .net v0x55efe475b150 285, 15 0, o0x7f616e083618; 0 drivers
o0x7f616e083648 .functor BUFZ 16, C4<zzzzzzzzzzzzzzzz>; HiZ drive
v0x55efe475b150_286 .net v0x55efe475b150 286, 15 0, o0x7f616e083648; 0 drivers
o0x7f616e083678 .functor BUFZ 16, C4<zzzzzzzzzzzzzzzz>; HiZ drive
v0x55efe475b150_287 .net v0x55efe475b150 287, 15 0, o0x7f616e083678; 0 drivers
o0x7f616e0836a8 .functor BUFZ 16, C4<zzzzzzzzzzzzzzzz>; HiZ drive
v0x55efe475b150_288 .net v0x55efe475b150 288, 15 0, o0x7f616e0836a8; 0 drivers
o0x7f616e0836d8 .functor BUFZ 16, C4<zzzzzzzzzzzzzzzz>; HiZ drive
v0x55efe475b150_289 .net v0x55efe475b150 289, 15 0, o0x7f616e0836d8; 0 drivers
o0x7f616e083708 .functor BUFZ 16, C4<zzzzzzzzzzzzzzzz>; HiZ drive
v0x55efe475b150_290 .net v0x55efe475b150 290, 15 0, o0x7f616e083708; 0 drivers
o0x7f616e083738 .functor BUFZ 16, C4<zzzzzzzzzzzzzzzz>; HiZ drive
v0x55efe475b150_291 .net v0x55efe475b150 291, 15 0, o0x7f616e083738; 0 drivers
o0x7f616e083768 .functor BUFZ 16, C4<zzzzzzzzzzzzzzzz>; HiZ drive
v0x55efe475b150_292 .net v0x55efe475b150 292, 15 0, o0x7f616e083768; 0 drivers
o0x7f616e083798 .functor BUFZ 16, C4<zzzzzzzzzzzzzzzz>; HiZ drive
v0x55efe475b150_293 .net v0x55efe475b150 293, 15 0, o0x7f616e083798; 0 drivers
o0x7f616e0837c8 .functor BUFZ 16, C4<zzzzzzzzzzzzzzzz>; HiZ drive
v0x55efe475b150_294 .net v0x55efe475b150 294, 15 0, o0x7f616e0837c8; 0 drivers
o0x7f616e0837f8 .functor BUFZ 16, C4<zzzzzzzzzzzzzzzz>; HiZ drive
v0x55efe475b150_295 .net v0x55efe475b150 295, 15 0, o0x7f616e0837f8; 0 drivers
o0x7f616e083828 .functor BUFZ 16, C4<zzzzzzzzzzzzzzzz>; HiZ drive
v0x55efe475b150_296 .net v0x55efe475b150 296, 15 0, o0x7f616e083828; 0 drivers
o0x7f616e083858 .functor BUFZ 16, C4<zzzzzzzzzzzzzzzz>; HiZ drive
v0x55efe475b150_297 .net v0x55efe475b150 297, 15 0, o0x7f616e083858; 0 drivers
o0x7f616e083888 .functor BUFZ 16, C4<zzzzzzzzzzzzzzzz>; HiZ drive
v0x55efe475b150_298 .net v0x55efe475b150 298, 15 0, o0x7f616e083888; 0 drivers
o0x7f616e0838b8 .functor BUFZ 16, C4<zzzzzzzzzzzzzzzz>; HiZ drive
v0x55efe475b150_299 .net v0x55efe475b150 299, 15 0, o0x7f616e0838b8; 0 drivers
o0x7f616e0838e8 .functor BUFZ 16, C4<zzzzzzzzzzzzzzzz>; HiZ drive
v0x55efe475b150_300 .net v0x55efe475b150 300, 15 0, o0x7f616e0838e8; 0 drivers
o0x7f616e083918 .functor BUFZ 16, C4<zzzzzzzzzzzzzzzz>; HiZ drive
v0x55efe475b150_301 .net v0x55efe475b150 301, 15 0, o0x7f616e083918; 0 drivers
o0x7f616e083948 .functor BUFZ 16, C4<zzzzzzzzzzzzzzzz>; HiZ drive
v0x55efe475b150_302 .net v0x55efe475b150 302, 15 0, o0x7f616e083948; 0 drivers
o0x7f616e083978 .functor BUFZ 16, C4<zzzzzzzzzzzzzzzz>; HiZ drive
v0x55efe475b150_303 .net v0x55efe475b150 303, 15 0, o0x7f616e083978; 0 drivers
o0x7f616e0839a8 .functor BUFZ 16, C4<zzzzzzzzzzzzzzzz>; HiZ drive
v0x55efe475b150_304 .net v0x55efe475b150 304, 15 0, o0x7f616e0839a8; 0 drivers
o0x7f616e0839d8 .functor BUFZ 16, C4<zzzzzzzzzzzzzzzz>; HiZ drive
v0x55efe475b150_305 .net v0x55efe475b150 305, 15 0, o0x7f616e0839d8; 0 drivers
o0x7f616e083a08 .functor BUFZ 16, C4<zzzzzzzzzzzzzzzz>; HiZ drive
v0x55efe475b150_306 .net v0x55efe475b150 306, 15 0, o0x7f616e083a08; 0 drivers
o0x7f616e083a38 .functor BUFZ 16, C4<zzzzzzzzzzzzzzzz>; HiZ drive
v0x55efe475b150_307 .net v0x55efe475b150 307, 15 0, o0x7f616e083a38; 0 drivers
o0x7f616e083a68 .functor BUFZ 16, C4<zzzzzzzzzzzzzzzz>; HiZ drive
v0x55efe475b150_308 .net v0x55efe475b150 308, 15 0, o0x7f616e083a68; 0 drivers
o0x7f616e083a98 .functor BUFZ 16, C4<zzzzzzzzzzzzzzzz>; HiZ drive
v0x55efe475b150_309 .net v0x55efe475b150 309, 15 0, o0x7f616e083a98; 0 drivers
o0x7f616e083ac8 .functor BUFZ 16, C4<zzzzzzzzzzzzzzzz>; HiZ drive
v0x55efe475b150_310 .net v0x55efe475b150 310, 15 0, o0x7f616e083ac8; 0 drivers
o0x7f616e083af8 .functor BUFZ 16, C4<zzzzzzzzzzzzzzzz>; HiZ drive
v0x55efe475b150_311 .net v0x55efe475b150 311, 15 0, o0x7f616e083af8; 0 drivers
o0x7f616e083b28 .functor BUFZ 16, C4<zzzzzzzzzzzzzzzz>; HiZ drive
v0x55efe475b150_312 .net v0x55efe475b150 312, 15 0, o0x7f616e083b28; 0 drivers
o0x7f616e083b58 .functor BUFZ 16, C4<zzzzzzzzzzzzzzzz>; HiZ drive
v0x55efe475b150_313 .net v0x55efe475b150 313, 15 0, o0x7f616e083b58; 0 drivers
o0x7f616e083b88 .functor BUFZ 16, C4<zzzzzzzzzzzzzzzz>; HiZ drive
v0x55efe475b150_314 .net v0x55efe475b150 314, 15 0, o0x7f616e083b88; 0 drivers
o0x7f616e083bb8 .functor BUFZ 16, C4<zzzzzzzzzzzzzzzz>; HiZ drive
v0x55efe475b150_315 .net v0x55efe475b150 315, 15 0, o0x7f616e083bb8; 0 drivers
o0x7f616e083be8 .functor BUFZ 16, C4<zzzzzzzzzzzzzzzz>; HiZ drive
v0x55efe475b150_316 .net v0x55efe475b150 316, 15 0, o0x7f616e083be8; 0 drivers
o0x7f616e083c18 .functor BUFZ 16, C4<zzzzzzzzzzzzzzzz>; HiZ drive
v0x55efe475b150_317 .net v0x55efe475b150 317, 15 0, o0x7f616e083c18; 0 drivers
o0x7f616e083c48 .functor BUFZ 16, C4<zzzzzzzzzzzzzzzz>; HiZ drive
v0x55efe475b150_318 .net v0x55efe475b150 318, 15 0, o0x7f616e083c48; 0 drivers
o0x7f616e083c78 .functor BUFZ 16, C4<zzzzzzzzzzzzzzzz>; HiZ drive
v0x55efe475b150_319 .net v0x55efe475b150 319, 15 0, o0x7f616e083c78; 0 drivers
o0x7f616e083ca8 .functor BUFZ 16, C4<zzzzzzzzzzzzzzzz>; HiZ drive
v0x55efe475b150_320 .net v0x55efe475b150 320, 15 0, o0x7f616e083ca8; 0 drivers
o0x7f616e083cd8 .functor BUFZ 16, C4<zzzzzzzzzzzzzzzz>; HiZ drive
v0x55efe475b150_321 .net v0x55efe475b150 321, 15 0, o0x7f616e083cd8; 0 drivers
o0x7f616e083d08 .functor BUFZ 16, C4<zzzzzzzzzzzzzzzz>; HiZ drive
v0x55efe475b150_322 .net v0x55efe475b150 322, 15 0, o0x7f616e083d08; 0 drivers
o0x7f616e083d38 .functor BUFZ 16, C4<zzzzzzzzzzzzzzzz>; HiZ drive
v0x55efe475b150_323 .net v0x55efe475b150 323, 15 0, o0x7f616e083d38; 0 drivers
o0x7f616e083d68 .functor BUFZ 16, C4<zzzzzzzzzzzzzzzz>; HiZ drive
v0x55efe475b150_324 .net v0x55efe475b150 324, 15 0, o0x7f616e083d68; 0 drivers
o0x7f616e083d98 .functor BUFZ 16, C4<zzzzzzzzzzzzzzzz>; HiZ drive
v0x55efe475b150_325 .net v0x55efe475b150 325, 15 0, o0x7f616e083d98; 0 drivers
o0x7f616e083dc8 .functor BUFZ 16, C4<zzzzzzzzzzzzzzzz>; HiZ drive
v0x55efe475b150_326 .net v0x55efe475b150 326, 15 0, o0x7f616e083dc8; 0 drivers
o0x7f616e083df8 .functor BUFZ 16, C4<zzzzzzzzzzzzzzzz>; HiZ drive
v0x55efe475b150_327 .net v0x55efe475b150 327, 15 0, o0x7f616e083df8; 0 drivers
o0x7f616e083e28 .functor BUFZ 16, C4<zzzzzzzzzzzzzzzz>; HiZ drive
v0x55efe475b150_328 .net v0x55efe475b150 328, 15 0, o0x7f616e083e28; 0 drivers
o0x7f616e083e58 .functor BUFZ 16, C4<zzzzzzzzzzzzzzzz>; HiZ drive
v0x55efe475b150_329 .net v0x55efe475b150 329, 15 0, o0x7f616e083e58; 0 drivers
o0x7f616e083e88 .functor BUFZ 16, C4<zzzzzzzzzzzzzzzz>; HiZ drive
v0x55efe475b150_330 .net v0x55efe475b150 330, 15 0, o0x7f616e083e88; 0 drivers
o0x7f616e083eb8 .functor BUFZ 16, C4<zzzzzzzzzzzzzzzz>; HiZ drive
v0x55efe475b150_331 .net v0x55efe475b150 331, 15 0, o0x7f616e083eb8; 0 drivers
o0x7f616e083ee8 .functor BUFZ 16, C4<zzzzzzzzzzzzzzzz>; HiZ drive
v0x55efe475b150_332 .net v0x55efe475b150 332, 15 0, o0x7f616e083ee8; 0 drivers
o0x7f616e083f18 .functor BUFZ 16, C4<zzzzzzzzzzzzzzzz>; HiZ drive
v0x55efe475b150_333 .net v0x55efe475b150 333, 15 0, o0x7f616e083f18; 0 drivers
o0x7f616e083f48 .functor BUFZ 16, C4<zzzzzzzzzzzzzzzz>; HiZ drive
v0x55efe475b150_334 .net v0x55efe475b150 334, 15 0, o0x7f616e083f48; 0 drivers
o0x7f616e083f78 .functor BUFZ 16, C4<zzzzzzzzzzzzzzzz>; HiZ drive
v0x55efe475b150_335 .net v0x55efe475b150 335, 15 0, o0x7f616e083f78; 0 drivers
o0x7f616e083fa8 .functor BUFZ 16, C4<zzzzzzzzzzzzzzzz>; HiZ drive
v0x55efe475b150_336 .net v0x55efe475b150 336, 15 0, o0x7f616e083fa8; 0 drivers
o0x7f616e083fd8 .functor BUFZ 16, C4<zzzzzzzzzzzzzzzz>; HiZ drive
v0x55efe475b150_337 .net v0x55efe475b150 337, 15 0, o0x7f616e083fd8; 0 drivers
o0x7f616e084008 .functor BUFZ 16, C4<zzzzzzzzzzzzzzzz>; HiZ drive
v0x55efe475b150_338 .net v0x55efe475b150 338, 15 0, o0x7f616e084008; 0 drivers
o0x7f616e084038 .functor BUFZ 16, C4<zzzzzzzzzzzzzzzz>; HiZ drive
v0x55efe475b150_339 .net v0x55efe475b150 339, 15 0, o0x7f616e084038; 0 drivers
o0x7f616e084068 .functor BUFZ 16, C4<zzzzzzzzzzzzzzzz>; HiZ drive
v0x55efe475b150_340 .net v0x55efe475b150 340, 15 0, o0x7f616e084068; 0 drivers
o0x7f616e084098 .functor BUFZ 16, C4<zzzzzzzzzzzzzzzz>; HiZ drive
v0x55efe475b150_341 .net v0x55efe475b150 341, 15 0, o0x7f616e084098; 0 drivers
o0x7f616e0840c8 .functor BUFZ 16, C4<zzzzzzzzzzzzzzzz>; HiZ drive
v0x55efe475b150_342 .net v0x55efe475b150 342, 15 0, o0x7f616e0840c8; 0 drivers
o0x7f616e0840f8 .functor BUFZ 16, C4<zzzzzzzzzzzzzzzz>; HiZ drive
v0x55efe475b150_343 .net v0x55efe475b150 343, 15 0, o0x7f616e0840f8; 0 drivers
o0x7f616e084128 .functor BUFZ 16, C4<zzzzzzzzzzzzzzzz>; HiZ drive
v0x55efe475b150_344 .net v0x55efe475b150 344, 15 0, o0x7f616e084128; 0 drivers
o0x7f616e084158 .functor BUFZ 16, C4<zzzzzzzzzzzzzzzz>; HiZ drive
v0x55efe475b150_345 .net v0x55efe475b150 345, 15 0, o0x7f616e084158; 0 drivers
o0x7f616e084188 .functor BUFZ 16, C4<zzzzzzzzzzzzzzzz>; HiZ drive
v0x55efe475b150_346 .net v0x55efe475b150 346, 15 0, o0x7f616e084188; 0 drivers
o0x7f616e0841b8 .functor BUFZ 16, C4<zzzzzzzzzzzzzzzz>; HiZ drive
v0x55efe475b150_347 .net v0x55efe475b150 347, 15 0, o0x7f616e0841b8; 0 drivers
o0x7f616e0841e8 .functor BUFZ 16, C4<zzzzzzzzzzzzzzzz>; HiZ drive
v0x55efe475b150_348 .net v0x55efe475b150 348, 15 0, o0x7f616e0841e8; 0 drivers
o0x7f616e084218 .functor BUFZ 16, C4<zzzzzzzzzzzzzzzz>; HiZ drive
v0x55efe475b150_349 .net v0x55efe475b150 349, 15 0, o0x7f616e084218; 0 drivers
o0x7f616e084248 .functor BUFZ 16, C4<zzzzzzzzzzzzzzzz>; HiZ drive
v0x55efe475b150_350 .net v0x55efe475b150 350, 15 0, o0x7f616e084248; 0 drivers
o0x7f616e084278 .functor BUFZ 16, C4<zzzzzzzzzzzzzzzz>; HiZ drive
v0x55efe475b150_351 .net v0x55efe475b150 351, 15 0, o0x7f616e084278; 0 drivers
o0x7f616e0842a8 .functor BUFZ 16, C4<zzzzzzzzzzzzzzzz>; HiZ drive
v0x55efe475b150_352 .net v0x55efe475b150 352, 15 0, o0x7f616e0842a8; 0 drivers
o0x7f616e0842d8 .functor BUFZ 16, C4<zzzzzzzzzzzzzzzz>; HiZ drive
v0x55efe475b150_353 .net v0x55efe475b150 353, 15 0, o0x7f616e0842d8; 0 drivers
o0x7f616e084308 .functor BUFZ 16, C4<zzzzzzzzzzzzzzzz>; HiZ drive
v0x55efe475b150_354 .net v0x55efe475b150 354, 15 0, o0x7f616e084308; 0 drivers
o0x7f616e084338 .functor BUFZ 16, C4<zzzzzzzzzzzzzzzz>; HiZ drive
v0x55efe475b150_355 .net v0x55efe475b150 355, 15 0, o0x7f616e084338; 0 drivers
o0x7f616e084368 .functor BUFZ 16, C4<zzzzzzzzzzzzzzzz>; HiZ drive
v0x55efe475b150_356 .net v0x55efe475b150 356, 15 0, o0x7f616e084368; 0 drivers
o0x7f616e084398 .functor BUFZ 16, C4<zzzzzzzzzzzzzzzz>; HiZ drive
v0x55efe475b150_357 .net v0x55efe475b150 357, 15 0, o0x7f616e084398; 0 drivers
o0x7f616e0843c8 .functor BUFZ 16, C4<zzzzzzzzzzzzzzzz>; HiZ drive
v0x55efe475b150_358 .net v0x55efe475b150 358, 15 0, o0x7f616e0843c8; 0 drivers
o0x7f616e0843f8 .functor BUFZ 16, C4<zzzzzzzzzzzzzzzz>; HiZ drive
v0x55efe475b150_359 .net v0x55efe475b150 359, 15 0, o0x7f616e0843f8; 0 drivers
o0x7f616e084428 .functor BUFZ 16, C4<zzzzzzzzzzzzzzzz>; HiZ drive
v0x55efe475b150_360 .net v0x55efe475b150 360, 15 0, o0x7f616e084428; 0 drivers
o0x7f616e084458 .functor BUFZ 16, C4<zzzzzzzzzzzzzzzz>; HiZ drive
v0x55efe475b150_361 .net v0x55efe475b150 361, 15 0, o0x7f616e084458; 0 drivers
o0x7f616e084488 .functor BUFZ 16, C4<zzzzzzzzzzzzzzzz>; HiZ drive
v0x55efe475b150_362 .net v0x55efe475b150 362, 15 0, o0x7f616e084488; 0 drivers
o0x7f616e0844b8 .functor BUFZ 16, C4<zzzzzzzzzzzzzzzz>; HiZ drive
v0x55efe475b150_363 .net v0x55efe475b150 363, 15 0, o0x7f616e0844b8; 0 drivers
o0x7f616e0844e8 .functor BUFZ 16, C4<zzzzzzzzzzzzzzzz>; HiZ drive
v0x55efe475b150_364 .net v0x55efe475b150 364, 15 0, o0x7f616e0844e8; 0 drivers
o0x7f616e084518 .functor BUFZ 16, C4<zzzzzzzzzzzzzzzz>; HiZ drive
v0x55efe475b150_365 .net v0x55efe475b150 365, 15 0, o0x7f616e084518; 0 drivers
o0x7f616e084548 .functor BUFZ 16, C4<zzzzzzzzzzzzzzzz>; HiZ drive
v0x55efe475b150_366 .net v0x55efe475b150 366, 15 0, o0x7f616e084548; 0 drivers
o0x7f616e084578 .functor BUFZ 16, C4<zzzzzzzzzzzzzzzz>; HiZ drive
v0x55efe475b150_367 .net v0x55efe475b150 367, 15 0, o0x7f616e084578; 0 drivers
o0x7f616e0845a8 .functor BUFZ 16, C4<zzzzzzzzzzzzzzzz>; HiZ drive
v0x55efe475b150_368 .net v0x55efe475b150 368, 15 0, o0x7f616e0845a8; 0 drivers
o0x7f616e0845d8 .functor BUFZ 16, C4<zzzzzzzzzzzzzzzz>; HiZ drive
v0x55efe475b150_369 .net v0x55efe475b150 369, 15 0, o0x7f616e0845d8; 0 drivers
o0x7f616e084608 .functor BUFZ 16, C4<zzzzzzzzzzzzzzzz>; HiZ drive
v0x55efe475b150_370 .net v0x55efe475b150 370, 15 0, o0x7f616e084608; 0 drivers
o0x7f616e084638 .functor BUFZ 16, C4<zzzzzzzzzzzzzzzz>; HiZ drive
v0x55efe475b150_371 .net v0x55efe475b150 371, 15 0, o0x7f616e084638; 0 drivers
o0x7f616e084668 .functor BUFZ 16, C4<zzzzzzzzzzzzzzzz>; HiZ drive
v0x55efe475b150_372 .net v0x55efe475b150 372, 15 0, o0x7f616e084668; 0 drivers
o0x7f616e084698 .functor BUFZ 16, C4<zzzzzzzzzzzzzzzz>; HiZ drive
v0x55efe475b150_373 .net v0x55efe475b150 373, 15 0, o0x7f616e084698; 0 drivers
o0x7f616e0846c8 .functor BUFZ 16, C4<zzzzzzzzzzzzzzzz>; HiZ drive
v0x55efe475b150_374 .net v0x55efe475b150 374, 15 0, o0x7f616e0846c8; 0 drivers
o0x7f616e0846f8 .functor BUFZ 16, C4<zzzzzzzzzzzzzzzz>; HiZ drive
v0x55efe475b150_375 .net v0x55efe475b150 375, 15 0, o0x7f616e0846f8; 0 drivers
o0x7f616e084728 .functor BUFZ 16, C4<zzzzzzzzzzzzzzzz>; HiZ drive
v0x55efe475b150_376 .net v0x55efe475b150 376, 15 0, o0x7f616e084728; 0 drivers
o0x7f616e084758 .functor BUFZ 16, C4<zzzzzzzzzzzzzzzz>; HiZ drive
v0x55efe475b150_377 .net v0x55efe475b150 377, 15 0, o0x7f616e084758; 0 drivers
o0x7f616e084788 .functor BUFZ 16, C4<zzzzzzzzzzzzzzzz>; HiZ drive
v0x55efe475b150_378 .net v0x55efe475b150 378, 15 0, o0x7f616e084788; 0 drivers
o0x7f616e0847b8 .functor BUFZ 16, C4<zzzzzzzzzzzzzzzz>; HiZ drive
v0x55efe475b150_379 .net v0x55efe475b150 379, 15 0, o0x7f616e0847b8; 0 drivers
o0x7f616e0847e8 .functor BUFZ 16, C4<zzzzzzzzzzzzzzzz>; HiZ drive
v0x55efe475b150_380 .net v0x55efe475b150 380, 15 0, o0x7f616e0847e8; 0 drivers
o0x7f616e084818 .functor BUFZ 16, C4<zzzzzzzzzzzzzzzz>; HiZ drive
v0x55efe475b150_381 .net v0x55efe475b150 381, 15 0, o0x7f616e084818; 0 drivers
o0x7f616e084848 .functor BUFZ 16, C4<zzzzzzzzzzzzzzzz>; HiZ drive
v0x55efe475b150_382 .net v0x55efe475b150 382, 15 0, o0x7f616e084848; 0 drivers
o0x7f616e084878 .functor BUFZ 16, C4<zzzzzzzzzzzzzzzz>; HiZ drive
v0x55efe475b150_383 .net v0x55efe475b150 383, 15 0, o0x7f616e084878; 0 drivers
o0x7f616e0848a8 .functor BUFZ 16, C4<zzzzzzzzzzzzzzzz>; HiZ drive
v0x55efe475b150_384 .net v0x55efe475b150 384, 15 0, o0x7f616e0848a8; 0 drivers
o0x7f616e0848d8 .functor BUFZ 16, C4<zzzzzzzzzzzzzzzz>; HiZ drive
v0x55efe475b150_385 .net v0x55efe475b150 385, 15 0, o0x7f616e0848d8; 0 drivers
o0x7f616e084908 .functor BUFZ 16, C4<zzzzzzzzzzzzzzzz>; HiZ drive
v0x55efe475b150_386 .net v0x55efe475b150 386, 15 0, o0x7f616e084908; 0 drivers
o0x7f616e084938 .functor BUFZ 16, C4<zzzzzzzzzzzzzzzz>; HiZ drive
v0x55efe475b150_387 .net v0x55efe475b150 387, 15 0, o0x7f616e084938; 0 drivers
o0x7f616e084968 .functor BUFZ 16, C4<zzzzzzzzzzzzzzzz>; HiZ drive
v0x55efe475b150_388 .net v0x55efe475b150 388, 15 0, o0x7f616e084968; 0 drivers
o0x7f616e084998 .functor BUFZ 16, C4<zzzzzzzzzzzzzzzz>; HiZ drive
v0x55efe475b150_389 .net v0x55efe475b150 389, 15 0, o0x7f616e084998; 0 drivers
o0x7f616e0849c8 .functor BUFZ 16, C4<zzzzzzzzzzzzzzzz>; HiZ drive
v0x55efe475b150_390 .net v0x55efe475b150 390, 15 0, o0x7f616e0849c8; 0 drivers
o0x7f616e0849f8 .functor BUFZ 16, C4<zzzzzzzzzzzzzzzz>; HiZ drive
v0x55efe475b150_391 .net v0x55efe475b150 391, 15 0, o0x7f616e0849f8; 0 drivers
o0x7f616e084a28 .functor BUFZ 16, C4<zzzzzzzzzzzzzzzz>; HiZ drive
v0x55efe475b150_392 .net v0x55efe475b150 392, 15 0, o0x7f616e084a28; 0 drivers
o0x7f616e084a58 .functor BUFZ 16, C4<zzzzzzzzzzzzzzzz>; HiZ drive
v0x55efe475b150_393 .net v0x55efe475b150 393, 15 0, o0x7f616e084a58; 0 drivers
o0x7f616e084a88 .functor BUFZ 16, C4<zzzzzzzzzzzzzzzz>; HiZ drive
v0x55efe475b150_394 .net v0x55efe475b150 394, 15 0, o0x7f616e084a88; 0 drivers
o0x7f616e084ab8 .functor BUFZ 16, C4<zzzzzzzzzzzzzzzz>; HiZ drive
v0x55efe475b150_395 .net v0x55efe475b150 395, 15 0, o0x7f616e084ab8; 0 drivers
o0x7f616e084ae8 .functor BUFZ 16, C4<zzzzzzzzzzzzzzzz>; HiZ drive
v0x55efe475b150_396 .net v0x55efe475b150 396, 15 0, o0x7f616e084ae8; 0 drivers
o0x7f616e084b18 .functor BUFZ 16, C4<zzzzzzzzzzzzzzzz>; HiZ drive
v0x55efe475b150_397 .net v0x55efe475b150 397, 15 0, o0x7f616e084b18; 0 drivers
o0x7f616e084b48 .functor BUFZ 16, C4<zzzzzzzzzzzzzzzz>; HiZ drive
v0x55efe475b150_398 .net v0x55efe475b150 398, 15 0, o0x7f616e084b48; 0 drivers
o0x7f616e084b78 .functor BUFZ 16, C4<zzzzzzzzzzzzzzzz>; HiZ drive
v0x55efe475b150_399 .net v0x55efe475b150 399, 15 0, o0x7f616e084b78; 0 drivers
o0x7f616e084ba8 .functor BUFZ 16, C4<zzzzzzzzzzzzzzzz>; HiZ drive
v0x55efe475b150_400 .net v0x55efe475b150 400, 15 0, o0x7f616e084ba8; 0 drivers
o0x7f616e084bd8 .functor BUFZ 16, C4<zzzzzzzzzzzzzzzz>; HiZ drive
v0x55efe475b150_401 .net v0x55efe475b150 401, 15 0, o0x7f616e084bd8; 0 drivers
o0x7f616e084c08 .functor BUFZ 16, C4<zzzzzzzzzzzzzzzz>; HiZ drive
v0x55efe475b150_402 .net v0x55efe475b150 402, 15 0, o0x7f616e084c08; 0 drivers
o0x7f616e084c38 .functor BUFZ 16, C4<zzzzzzzzzzzzzzzz>; HiZ drive
v0x55efe475b150_403 .net v0x55efe475b150 403, 15 0, o0x7f616e084c38; 0 drivers
o0x7f616e084c68 .functor BUFZ 16, C4<zzzzzzzzzzzzzzzz>; HiZ drive
v0x55efe475b150_404 .net v0x55efe475b150 404, 15 0, o0x7f616e084c68; 0 drivers
o0x7f616e084c98 .functor BUFZ 16, C4<zzzzzzzzzzzzzzzz>; HiZ drive
v0x55efe475b150_405 .net v0x55efe475b150 405, 15 0, o0x7f616e084c98; 0 drivers
o0x7f616e084cc8 .functor BUFZ 16, C4<zzzzzzzzzzzzzzzz>; HiZ drive
v0x55efe475b150_406 .net v0x55efe475b150 406, 15 0, o0x7f616e084cc8; 0 drivers
o0x7f616e084cf8 .functor BUFZ 16, C4<zzzzzzzzzzzzzzzz>; HiZ drive
v0x55efe475b150_407 .net v0x55efe475b150 407, 15 0, o0x7f616e084cf8; 0 drivers
o0x7f616e084d28 .functor BUFZ 16, C4<zzzzzzzzzzzzzzzz>; HiZ drive
v0x55efe475b150_408 .net v0x55efe475b150 408, 15 0, o0x7f616e084d28; 0 drivers
o0x7f616e084d58 .functor BUFZ 16, C4<zzzzzzzzzzzzzzzz>; HiZ drive
v0x55efe475b150_409 .net v0x55efe475b150 409, 15 0, o0x7f616e084d58; 0 drivers
o0x7f616e084d88 .functor BUFZ 16, C4<zzzzzzzzzzzzzzzz>; HiZ drive
v0x55efe475b150_410 .net v0x55efe475b150 410, 15 0, o0x7f616e084d88; 0 drivers
o0x7f616e084db8 .functor BUFZ 16, C4<zzzzzzzzzzzzzzzz>; HiZ drive
v0x55efe475b150_411 .net v0x55efe475b150 411, 15 0, o0x7f616e084db8; 0 drivers
o0x7f616e084de8 .functor BUFZ 16, C4<zzzzzzzzzzzzzzzz>; HiZ drive
v0x55efe475b150_412 .net v0x55efe475b150 412, 15 0, o0x7f616e084de8; 0 drivers
o0x7f616e084e18 .functor BUFZ 16, C4<zzzzzzzzzzzzzzzz>; HiZ drive
v0x55efe475b150_413 .net v0x55efe475b150 413, 15 0, o0x7f616e084e18; 0 drivers
o0x7f616e084e48 .functor BUFZ 16, C4<zzzzzzzzzzzzzzzz>; HiZ drive
v0x55efe475b150_414 .net v0x55efe475b150 414, 15 0, o0x7f616e084e48; 0 drivers
o0x7f616e084e78 .functor BUFZ 16, C4<zzzzzzzzzzzzzzzz>; HiZ drive
v0x55efe475b150_415 .net v0x55efe475b150 415, 15 0, o0x7f616e084e78; 0 drivers
o0x7f616e084ea8 .functor BUFZ 16, C4<zzzzzzzzzzzzzzzz>; HiZ drive
v0x55efe475b150_416 .net v0x55efe475b150 416, 15 0, o0x7f616e084ea8; 0 drivers
o0x7f616e084ed8 .functor BUFZ 16, C4<zzzzzzzzzzzzzzzz>; HiZ drive
v0x55efe475b150_417 .net v0x55efe475b150 417, 15 0, o0x7f616e084ed8; 0 drivers
o0x7f616e084f08 .functor BUFZ 16, C4<zzzzzzzzzzzzzzzz>; HiZ drive
v0x55efe475b150_418 .net v0x55efe475b150 418, 15 0, o0x7f616e084f08; 0 drivers
o0x7f616e084f38 .functor BUFZ 16, C4<zzzzzzzzzzzzzzzz>; HiZ drive
v0x55efe475b150_419 .net v0x55efe475b150 419, 15 0, o0x7f616e084f38; 0 drivers
o0x7f616e084f68 .functor BUFZ 16, C4<zzzzzzzzzzzzzzzz>; HiZ drive
v0x55efe475b150_420 .net v0x55efe475b150 420, 15 0, o0x7f616e084f68; 0 drivers
o0x7f616e084f98 .functor BUFZ 16, C4<zzzzzzzzzzzzzzzz>; HiZ drive
v0x55efe475b150_421 .net v0x55efe475b150 421, 15 0, o0x7f616e084f98; 0 drivers
o0x7f616e084fc8 .functor BUFZ 16, C4<zzzzzzzzzzzzzzzz>; HiZ drive
v0x55efe475b150_422 .net v0x55efe475b150 422, 15 0, o0x7f616e084fc8; 0 drivers
o0x7f616e084ff8 .functor BUFZ 16, C4<zzzzzzzzzzzzzzzz>; HiZ drive
v0x55efe475b150_423 .net v0x55efe475b150 423, 15 0, o0x7f616e084ff8; 0 drivers
o0x7f616e085028 .functor BUFZ 16, C4<zzzzzzzzzzzzzzzz>; HiZ drive
v0x55efe475b150_424 .net v0x55efe475b150 424, 15 0, o0x7f616e085028; 0 drivers
o0x7f616e085058 .functor BUFZ 16, C4<zzzzzzzzzzzzzzzz>; HiZ drive
v0x55efe475b150_425 .net v0x55efe475b150 425, 15 0, o0x7f616e085058; 0 drivers
o0x7f616e085088 .functor BUFZ 16, C4<zzzzzzzzzzzzzzzz>; HiZ drive
v0x55efe475b150_426 .net v0x55efe475b150 426, 15 0, o0x7f616e085088; 0 drivers
o0x7f616e0850b8 .functor BUFZ 16, C4<zzzzzzzzzzzzzzzz>; HiZ drive
v0x55efe475b150_427 .net v0x55efe475b150 427, 15 0, o0x7f616e0850b8; 0 drivers
o0x7f616e0850e8 .functor BUFZ 16, C4<zzzzzzzzzzzzzzzz>; HiZ drive
v0x55efe475b150_428 .net v0x55efe475b150 428, 15 0, o0x7f616e0850e8; 0 drivers
o0x7f616e085118 .functor BUFZ 16, C4<zzzzzzzzzzzzzzzz>; HiZ drive
v0x55efe475b150_429 .net v0x55efe475b150 429, 15 0, o0x7f616e085118; 0 drivers
o0x7f616e085148 .functor BUFZ 16, C4<zzzzzzzzzzzzzzzz>; HiZ drive
v0x55efe475b150_430 .net v0x55efe475b150 430, 15 0, o0x7f616e085148; 0 drivers
o0x7f616e085178 .functor BUFZ 16, C4<zzzzzzzzzzzzzzzz>; HiZ drive
v0x55efe475b150_431 .net v0x55efe475b150 431, 15 0, o0x7f616e085178; 0 drivers
o0x7f616e0851a8 .functor BUFZ 16, C4<zzzzzzzzzzzzzzzz>; HiZ drive
v0x55efe475b150_432 .net v0x55efe475b150 432, 15 0, o0x7f616e0851a8; 0 drivers
o0x7f616e0851d8 .functor BUFZ 16, C4<zzzzzzzzzzzzzzzz>; HiZ drive
v0x55efe475b150_433 .net v0x55efe475b150 433, 15 0, o0x7f616e0851d8; 0 drivers
o0x7f616e085208 .functor BUFZ 16, C4<zzzzzzzzzzzzzzzz>; HiZ drive
v0x55efe475b150_434 .net v0x55efe475b150 434, 15 0, o0x7f616e085208; 0 drivers
o0x7f616e085238 .functor BUFZ 16, C4<zzzzzzzzzzzzzzzz>; HiZ drive
v0x55efe475b150_435 .net v0x55efe475b150 435, 15 0, o0x7f616e085238; 0 drivers
o0x7f616e085268 .functor BUFZ 16, C4<zzzzzzzzzzzzzzzz>; HiZ drive
v0x55efe475b150_436 .net v0x55efe475b150 436, 15 0, o0x7f616e085268; 0 drivers
o0x7f616e085298 .functor BUFZ 16, C4<zzzzzzzzzzzzzzzz>; HiZ drive
v0x55efe475b150_437 .net v0x55efe475b150 437, 15 0, o0x7f616e085298; 0 drivers
o0x7f616e0852c8 .functor BUFZ 16, C4<zzzzzzzzzzzzzzzz>; HiZ drive
v0x55efe475b150_438 .net v0x55efe475b150 438, 15 0, o0x7f616e0852c8; 0 drivers
o0x7f616e0852f8 .functor BUFZ 16, C4<zzzzzzzzzzzzzzzz>; HiZ drive
v0x55efe475b150_439 .net v0x55efe475b150 439, 15 0, o0x7f616e0852f8; 0 drivers
o0x7f616e085328 .functor BUFZ 16, C4<zzzzzzzzzzzzzzzz>; HiZ drive
v0x55efe475b150_440 .net v0x55efe475b150 440, 15 0, o0x7f616e085328; 0 drivers
o0x7f616e085358 .functor BUFZ 16, C4<zzzzzzzzzzzzzzzz>; HiZ drive
v0x55efe475b150_441 .net v0x55efe475b150 441, 15 0, o0x7f616e085358; 0 drivers
o0x7f616e085388 .functor BUFZ 16, C4<zzzzzzzzzzzzzzzz>; HiZ drive
v0x55efe475b150_442 .net v0x55efe475b150 442, 15 0, o0x7f616e085388; 0 drivers
o0x7f616e0853b8 .functor BUFZ 16, C4<zzzzzzzzzzzzzzzz>; HiZ drive
v0x55efe475b150_443 .net v0x55efe475b150 443, 15 0, o0x7f616e0853b8; 0 drivers
o0x7f616e0853e8 .functor BUFZ 16, C4<zzzzzzzzzzzzzzzz>; HiZ drive
v0x55efe475b150_444 .net v0x55efe475b150 444, 15 0, o0x7f616e0853e8; 0 drivers
o0x7f616e085418 .functor BUFZ 16, C4<zzzzzzzzzzzzzzzz>; HiZ drive
v0x55efe475b150_445 .net v0x55efe475b150 445, 15 0, o0x7f616e085418; 0 drivers
o0x7f616e085448 .functor BUFZ 16, C4<zzzzzzzzzzzzzzzz>; HiZ drive
v0x55efe475b150_446 .net v0x55efe475b150 446, 15 0, o0x7f616e085448; 0 drivers
o0x7f616e085478 .functor BUFZ 16, C4<zzzzzzzzzzzzzzzz>; HiZ drive
v0x55efe475b150_447 .net v0x55efe475b150 447, 15 0, o0x7f616e085478; 0 drivers
o0x7f616e0854a8 .functor BUFZ 16, C4<zzzzzzzzzzzzzzzz>; HiZ drive
v0x55efe475b150_448 .net v0x55efe475b150 448, 15 0, o0x7f616e0854a8; 0 drivers
o0x7f616e0854d8 .functor BUFZ 16, C4<zzzzzzzzzzzzzzzz>; HiZ drive
v0x55efe475b150_449 .net v0x55efe475b150 449, 15 0, o0x7f616e0854d8; 0 drivers
o0x7f616e085508 .functor BUFZ 16, C4<zzzzzzzzzzzzzzzz>; HiZ drive
v0x55efe475b150_450 .net v0x55efe475b150 450, 15 0, o0x7f616e085508; 0 drivers
o0x7f616e085538 .functor BUFZ 16, C4<zzzzzzzzzzzzzzzz>; HiZ drive
v0x55efe475b150_451 .net v0x55efe475b150 451, 15 0, o0x7f616e085538; 0 drivers
o0x7f616e085568 .functor BUFZ 16, C4<zzzzzzzzzzzzzzzz>; HiZ drive
v0x55efe475b150_452 .net v0x55efe475b150 452, 15 0, o0x7f616e085568; 0 drivers
o0x7f616e085598 .functor BUFZ 16, C4<zzzzzzzzzzzzzzzz>; HiZ drive
v0x55efe475b150_453 .net v0x55efe475b150 453, 15 0, o0x7f616e085598; 0 drivers
o0x7f616e0855c8 .functor BUFZ 16, C4<zzzzzzzzzzzzzzzz>; HiZ drive
v0x55efe475b150_454 .net v0x55efe475b150 454, 15 0, o0x7f616e0855c8; 0 drivers
o0x7f616e0855f8 .functor BUFZ 16, C4<zzzzzzzzzzzzzzzz>; HiZ drive
v0x55efe475b150_455 .net v0x55efe475b150 455, 15 0, o0x7f616e0855f8; 0 drivers
o0x7f616e085628 .functor BUFZ 16, C4<zzzzzzzzzzzzzzzz>; HiZ drive
v0x55efe475b150_456 .net v0x55efe475b150 456, 15 0, o0x7f616e085628; 0 drivers
o0x7f616e085658 .functor BUFZ 16, C4<zzzzzzzzzzzzzzzz>; HiZ drive
v0x55efe475b150_457 .net v0x55efe475b150 457, 15 0, o0x7f616e085658; 0 drivers
o0x7f616e085688 .functor BUFZ 16, C4<zzzzzzzzzzzzzzzz>; HiZ drive
v0x55efe475b150_458 .net v0x55efe475b150 458, 15 0, o0x7f616e085688; 0 drivers
o0x7f616e0856b8 .functor BUFZ 16, C4<zzzzzzzzzzzzzzzz>; HiZ drive
v0x55efe475b150_459 .net v0x55efe475b150 459, 15 0, o0x7f616e0856b8; 0 drivers
o0x7f616e0856e8 .functor BUFZ 16, C4<zzzzzzzzzzzzzzzz>; HiZ drive
v0x55efe475b150_460 .net v0x55efe475b150 460, 15 0, o0x7f616e0856e8; 0 drivers
o0x7f616e085718 .functor BUFZ 16, C4<zzzzzzzzzzzzzzzz>; HiZ drive
v0x55efe475b150_461 .net v0x55efe475b150 461, 15 0, o0x7f616e085718; 0 drivers
o0x7f616e085748 .functor BUFZ 16, C4<zzzzzzzzzzzzzzzz>; HiZ drive
v0x55efe475b150_462 .net v0x55efe475b150 462, 15 0, o0x7f616e085748; 0 drivers
o0x7f616e085778 .functor BUFZ 16, C4<zzzzzzzzzzzzzzzz>; HiZ drive
v0x55efe475b150_463 .net v0x55efe475b150 463, 15 0, o0x7f616e085778; 0 drivers
o0x7f616e0857a8 .functor BUFZ 16, C4<zzzzzzzzzzzzzzzz>; HiZ drive
v0x55efe475b150_464 .net v0x55efe475b150 464, 15 0, o0x7f616e0857a8; 0 drivers
o0x7f616e0857d8 .functor BUFZ 16, C4<zzzzzzzzzzzzzzzz>; HiZ drive
v0x55efe475b150_465 .net v0x55efe475b150 465, 15 0, o0x7f616e0857d8; 0 drivers
o0x7f616e085808 .functor BUFZ 16, C4<zzzzzzzzzzzzzzzz>; HiZ drive
v0x55efe475b150_466 .net v0x55efe475b150 466, 15 0, o0x7f616e085808; 0 drivers
o0x7f616e085838 .functor BUFZ 16, C4<zzzzzzzzzzzzzzzz>; HiZ drive
v0x55efe475b150_467 .net v0x55efe475b150 467, 15 0, o0x7f616e085838; 0 drivers
o0x7f616e085868 .functor BUFZ 16, C4<zzzzzzzzzzzzzzzz>; HiZ drive
v0x55efe475b150_468 .net v0x55efe475b150 468, 15 0, o0x7f616e085868; 0 drivers
o0x7f616e085898 .functor BUFZ 16, C4<zzzzzzzzzzzzzzzz>; HiZ drive
v0x55efe475b150_469 .net v0x55efe475b150 469, 15 0, o0x7f616e085898; 0 drivers
o0x7f616e0858c8 .functor BUFZ 16, C4<zzzzzzzzzzzzzzzz>; HiZ drive
v0x55efe475b150_470 .net v0x55efe475b150 470, 15 0, o0x7f616e0858c8; 0 drivers
o0x7f616e0858f8 .functor BUFZ 16, C4<zzzzzzzzzzzzzzzz>; HiZ drive
v0x55efe475b150_471 .net v0x55efe475b150 471, 15 0, o0x7f616e0858f8; 0 drivers
o0x7f616e085928 .functor BUFZ 16, C4<zzzzzzzzzzzzzzzz>; HiZ drive
v0x55efe475b150_472 .net v0x55efe475b150 472, 15 0, o0x7f616e085928; 0 drivers
o0x7f616e085958 .functor BUFZ 16, C4<zzzzzzzzzzzzzzzz>; HiZ drive
v0x55efe475b150_473 .net v0x55efe475b150 473, 15 0, o0x7f616e085958; 0 drivers
o0x7f616e085988 .functor BUFZ 16, C4<zzzzzzzzzzzzzzzz>; HiZ drive
v0x55efe475b150_474 .net v0x55efe475b150 474, 15 0, o0x7f616e085988; 0 drivers
o0x7f616e0859b8 .functor BUFZ 16, C4<zzzzzzzzzzzzzzzz>; HiZ drive
v0x55efe475b150_475 .net v0x55efe475b150 475, 15 0, o0x7f616e0859b8; 0 drivers
o0x7f616e0859e8 .functor BUFZ 16, C4<zzzzzzzzzzzzzzzz>; HiZ drive
v0x55efe475b150_476 .net v0x55efe475b150 476, 15 0, o0x7f616e0859e8; 0 drivers
o0x7f616e085a18 .functor BUFZ 16, C4<zzzzzzzzzzzzzzzz>; HiZ drive
v0x55efe475b150_477 .net v0x55efe475b150 477, 15 0, o0x7f616e085a18; 0 drivers
o0x7f616e085a48 .functor BUFZ 16, C4<zzzzzzzzzzzzzzzz>; HiZ drive
v0x55efe475b150_478 .net v0x55efe475b150 478, 15 0, o0x7f616e085a48; 0 drivers
o0x7f616e085a78 .functor BUFZ 16, C4<zzzzzzzzzzzzzzzz>; HiZ drive
v0x55efe475b150_479 .net v0x55efe475b150 479, 15 0, o0x7f616e085a78; 0 drivers
o0x7f616e085aa8 .functor BUFZ 16, C4<zzzzzzzzzzzzzzzz>; HiZ drive
v0x55efe475b150_480 .net v0x55efe475b150 480, 15 0, o0x7f616e085aa8; 0 drivers
o0x7f616e085ad8 .functor BUFZ 16, C4<zzzzzzzzzzzzzzzz>; HiZ drive
v0x55efe475b150_481 .net v0x55efe475b150 481, 15 0, o0x7f616e085ad8; 0 drivers
o0x7f616e085b08 .functor BUFZ 16, C4<zzzzzzzzzzzzzzzz>; HiZ drive
v0x55efe475b150_482 .net v0x55efe475b150 482, 15 0, o0x7f616e085b08; 0 drivers
o0x7f616e085b38 .functor BUFZ 16, C4<zzzzzzzzzzzzzzzz>; HiZ drive
v0x55efe475b150_483 .net v0x55efe475b150 483, 15 0, o0x7f616e085b38; 0 drivers
o0x7f616e085b68 .functor BUFZ 16, C4<zzzzzzzzzzzzzzzz>; HiZ drive
v0x55efe475b150_484 .net v0x55efe475b150 484, 15 0, o0x7f616e085b68; 0 drivers
o0x7f616e085b98 .functor BUFZ 16, C4<zzzzzzzzzzzzzzzz>; HiZ drive
v0x55efe475b150_485 .net v0x55efe475b150 485, 15 0, o0x7f616e085b98; 0 drivers
o0x7f616e085bc8 .functor BUFZ 16, C4<zzzzzzzzzzzzzzzz>; HiZ drive
v0x55efe475b150_486 .net v0x55efe475b150 486, 15 0, o0x7f616e085bc8; 0 drivers
o0x7f616e085bf8 .functor BUFZ 16, C4<zzzzzzzzzzzzzzzz>; HiZ drive
v0x55efe475b150_487 .net v0x55efe475b150 487, 15 0, o0x7f616e085bf8; 0 drivers
o0x7f616e085c28 .functor BUFZ 16, C4<zzzzzzzzzzzzzzzz>; HiZ drive
v0x55efe475b150_488 .net v0x55efe475b150 488, 15 0, o0x7f616e085c28; 0 drivers
o0x7f616e085c58 .functor BUFZ 16, C4<zzzzzzzzzzzzzzzz>; HiZ drive
v0x55efe475b150_489 .net v0x55efe475b150 489, 15 0, o0x7f616e085c58; 0 drivers
o0x7f616e085c88 .functor BUFZ 16, C4<zzzzzzzzzzzzzzzz>; HiZ drive
v0x55efe475b150_490 .net v0x55efe475b150 490, 15 0, o0x7f616e085c88; 0 drivers
o0x7f616e085cb8 .functor BUFZ 16, C4<zzzzzzzzzzzzzzzz>; HiZ drive
v0x55efe475b150_491 .net v0x55efe475b150 491, 15 0, o0x7f616e085cb8; 0 drivers
o0x7f616e085ce8 .functor BUFZ 16, C4<zzzzzzzzzzzzzzzz>; HiZ drive
v0x55efe475b150_492 .net v0x55efe475b150 492, 15 0, o0x7f616e085ce8; 0 drivers
o0x7f616e085d18 .functor BUFZ 16, C4<zzzzzzzzzzzzzzzz>; HiZ drive
v0x55efe475b150_493 .net v0x55efe475b150 493, 15 0, o0x7f616e085d18; 0 drivers
o0x7f616e085d48 .functor BUFZ 16, C4<zzzzzzzzzzzzzzzz>; HiZ drive
v0x55efe475b150_494 .net v0x55efe475b150 494, 15 0, o0x7f616e085d48; 0 drivers
o0x7f616e085d78 .functor BUFZ 16, C4<zzzzzzzzzzzzzzzz>; HiZ drive
v0x55efe475b150_495 .net v0x55efe475b150 495, 15 0, o0x7f616e085d78; 0 drivers
o0x7f616e085da8 .functor BUFZ 16, C4<zzzzzzzzzzzzzzzz>; HiZ drive
v0x55efe475b150_496 .net v0x55efe475b150 496, 15 0, o0x7f616e085da8; 0 drivers
o0x7f616e085dd8 .functor BUFZ 16, C4<zzzzzzzzzzzzzzzz>; HiZ drive
v0x55efe475b150_497 .net v0x55efe475b150 497, 15 0, o0x7f616e085dd8; 0 drivers
o0x7f616e085e08 .functor BUFZ 16, C4<zzzzzzzzzzzzzzzz>; HiZ drive
v0x55efe475b150_498 .net v0x55efe475b150 498, 15 0, o0x7f616e085e08; 0 drivers
o0x7f616e085e38 .functor BUFZ 16, C4<zzzzzzzzzzzzzzzz>; HiZ drive
v0x55efe475b150_499 .net v0x55efe475b150 499, 15 0, o0x7f616e085e38; 0 drivers
o0x7f616e085e68 .functor BUFZ 16, C4<zzzzzzzzzzzzzzzz>; HiZ drive
v0x55efe475b150_500 .net v0x55efe475b150 500, 15 0, o0x7f616e085e68; 0 drivers
o0x7f616e085e98 .functor BUFZ 16, C4<zzzzzzzzzzzzzzzz>; HiZ drive
v0x55efe475b150_501 .net v0x55efe475b150 501, 15 0, o0x7f616e085e98; 0 drivers
o0x7f616e085ec8 .functor BUFZ 16, C4<zzzzzzzzzzzzzzzz>; HiZ drive
v0x55efe475b150_502 .net v0x55efe475b150 502, 15 0, o0x7f616e085ec8; 0 drivers
o0x7f616e085ef8 .functor BUFZ 16, C4<zzzzzzzzzzzzzzzz>; HiZ drive
v0x55efe475b150_503 .net v0x55efe475b150 503, 15 0, o0x7f616e085ef8; 0 drivers
o0x7f616e085f28 .functor BUFZ 16, C4<zzzzzzzzzzzzzzzz>; HiZ drive
v0x55efe475b150_504 .net v0x55efe475b150 504, 15 0, o0x7f616e085f28; 0 drivers
o0x7f616e085f58 .functor BUFZ 16, C4<zzzzzzzzzzzzzzzz>; HiZ drive
v0x55efe475b150_505 .net v0x55efe475b150 505, 15 0, o0x7f616e085f58; 0 drivers
o0x7f616e085f88 .functor BUFZ 16, C4<zzzzzzzzzzzzzzzz>; HiZ drive
v0x55efe475b150_506 .net v0x55efe475b150 506, 15 0, o0x7f616e085f88; 0 drivers
o0x7f616e085fb8 .functor BUFZ 16, C4<zzzzzzzzzzzzzzzz>; HiZ drive
v0x55efe475b150_507 .net v0x55efe475b150 507, 15 0, o0x7f616e085fb8; 0 drivers
o0x7f616e085fe8 .functor BUFZ 16, C4<zzzzzzzzzzzzzzzz>; HiZ drive
v0x55efe475b150_508 .net v0x55efe475b150 508, 15 0, o0x7f616e085fe8; 0 drivers
o0x7f616e086018 .functor BUFZ 16, C4<zzzzzzzzzzzzzzzz>; HiZ drive
v0x55efe475b150_509 .net v0x55efe475b150 509, 15 0, o0x7f616e086018; 0 drivers
o0x7f616e086048 .functor BUFZ 16, C4<zzzzzzzzzzzzzzzz>; HiZ drive
v0x55efe475b150_510 .net v0x55efe475b150 510, 15 0, o0x7f616e086048; 0 drivers
o0x7f616e086078 .functor BUFZ 16, C4<zzzzzzzzzzzzzzzz>; HiZ drive
v0x55efe475b150_511 .net v0x55efe475b150 511, 15 0, o0x7f616e086078; 0 drivers
o0x7f616e0860a8 .functor BUFZ 1, C4<z>; HiZ drive
v0x55efe475b1f0_0 .net "ext_valid", 0 0, o0x7f616e0860a8;  0 drivers
o0x7f616e0860d8 .functor BUFZ 16, C4<zzzzzzzzzzzzzzzz>; HiZ drive
v0x55efe4762940 .array "loop_data", 511 0;
v0x55efe4762940_0 .net v0x55efe4762940 0, 15 0, o0x7f616e0860d8; 0 drivers
o0x7f616e086108 .functor BUFZ 16, C4<zzzzzzzzzzzzzzzz>; HiZ drive
v0x55efe4762940_1 .net v0x55efe4762940 1, 15 0, o0x7f616e086108; 0 drivers
o0x7f616e086138 .functor BUFZ 16, C4<zzzzzzzzzzzzzzzz>; HiZ drive
v0x55efe4762940_2 .net v0x55efe4762940 2, 15 0, o0x7f616e086138; 0 drivers
o0x7f616e086168 .functor BUFZ 16, C4<zzzzzzzzzzzzzzzz>; HiZ drive
v0x55efe4762940_3 .net v0x55efe4762940 3, 15 0, o0x7f616e086168; 0 drivers
o0x7f616e086198 .functor BUFZ 16, C4<zzzzzzzzzzzzzzzz>; HiZ drive
v0x55efe4762940_4 .net v0x55efe4762940 4, 15 0, o0x7f616e086198; 0 drivers
o0x7f616e0861c8 .functor BUFZ 16, C4<zzzzzzzzzzzzzzzz>; HiZ drive
v0x55efe4762940_5 .net v0x55efe4762940 5, 15 0, o0x7f616e0861c8; 0 drivers
o0x7f616e0861f8 .functor BUFZ 16, C4<zzzzzzzzzzzzzzzz>; HiZ drive
v0x55efe4762940_6 .net v0x55efe4762940 6, 15 0, o0x7f616e0861f8; 0 drivers
o0x7f616e086228 .functor BUFZ 16, C4<zzzzzzzzzzzzzzzz>; HiZ drive
v0x55efe4762940_7 .net v0x55efe4762940 7, 15 0, o0x7f616e086228; 0 drivers
o0x7f616e086258 .functor BUFZ 16, C4<zzzzzzzzzzzzzzzz>; HiZ drive
v0x55efe4762940_8 .net v0x55efe4762940 8, 15 0, o0x7f616e086258; 0 drivers
o0x7f616e086288 .functor BUFZ 16, C4<zzzzzzzzzzzzzzzz>; HiZ drive
v0x55efe4762940_9 .net v0x55efe4762940 9, 15 0, o0x7f616e086288; 0 drivers
o0x7f616e0862b8 .functor BUFZ 16, C4<zzzzzzzzzzzzzzzz>; HiZ drive
v0x55efe4762940_10 .net v0x55efe4762940 10, 15 0, o0x7f616e0862b8; 0 drivers
o0x7f616e0862e8 .functor BUFZ 16, C4<zzzzzzzzzzzzzzzz>; HiZ drive
v0x55efe4762940_11 .net v0x55efe4762940 11, 15 0, o0x7f616e0862e8; 0 drivers
o0x7f616e086318 .functor BUFZ 16, C4<zzzzzzzzzzzzzzzz>; HiZ drive
v0x55efe4762940_12 .net v0x55efe4762940 12, 15 0, o0x7f616e086318; 0 drivers
o0x7f616e086348 .functor BUFZ 16, C4<zzzzzzzzzzzzzzzz>; HiZ drive
v0x55efe4762940_13 .net v0x55efe4762940 13, 15 0, o0x7f616e086348; 0 drivers
o0x7f616e086378 .functor BUFZ 16, C4<zzzzzzzzzzzzzzzz>; HiZ drive
v0x55efe4762940_14 .net v0x55efe4762940 14, 15 0, o0x7f616e086378; 0 drivers
o0x7f616e0863a8 .functor BUFZ 16, C4<zzzzzzzzzzzzzzzz>; HiZ drive
v0x55efe4762940_15 .net v0x55efe4762940 15, 15 0, o0x7f616e0863a8; 0 drivers
o0x7f616e0863d8 .functor BUFZ 16, C4<zzzzzzzzzzzzzzzz>; HiZ drive
v0x55efe4762940_16 .net v0x55efe4762940 16, 15 0, o0x7f616e0863d8; 0 drivers
o0x7f616e086408 .functor BUFZ 16, C4<zzzzzzzzzzzzzzzz>; HiZ drive
v0x55efe4762940_17 .net v0x55efe4762940 17, 15 0, o0x7f616e086408; 0 drivers
o0x7f616e086438 .functor BUFZ 16, C4<zzzzzzzzzzzzzzzz>; HiZ drive
v0x55efe4762940_18 .net v0x55efe4762940 18, 15 0, o0x7f616e086438; 0 drivers
o0x7f616e086468 .functor BUFZ 16, C4<zzzzzzzzzzzzzzzz>; HiZ drive
v0x55efe4762940_19 .net v0x55efe4762940 19, 15 0, o0x7f616e086468; 0 drivers
o0x7f616e086498 .functor BUFZ 16, C4<zzzzzzzzzzzzzzzz>; HiZ drive
v0x55efe4762940_20 .net v0x55efe4762940 20, 15 0, o0x7f616e086498; 0 drivers
o0x7f616e0864c8 .functor BUFZ 16, C4<zzzzzzzzzzzzzzzz>; HiZ drive
v0x55efe4762940_21 .net v0x55efe4762940 21, 15 0, o0x7f616e0864c8; 0 drivers
o0x7f616e0864f8 .functor BUFZ 16, C4<zzzzzzzzzzzzzzzz>; HiZ drive
v0x55efe4762940_22 .net v0x55efe4762940 22, 15 0, o0x7f616e0864f8; 0 drivers
o0x7f616e086528 .functor BUFZ 16, C4<zzzzzzzzzzzzzzzz>; HiZ drive
v0x55efe4762940_23 .net v0x55efe4762940 23, 15 0, o0x7f616e086528; 0 drivers
o0x7f616e086558 .functor BUFZ 16, C4<zzzzzzzzzzzzzzzz>; HiZ drive
v0x55efe4762940_24 .net v0x55efe4762940 24, 15 0, o0x7f616e086558; 0 drivers
o0x7f616e086588 .functor BUFZ 16, C4<zzzzzzzzzzzzzzzz>; HiZ drive
v0x55efe4762940_25 .net v0x55efe4762940 25, 15 0, o0x7f616e086588; 0 drivers
o0x7f616e0865b8 .functor BUFZ 16, C4<zzzzzzzzzzzzzzzz>; HiZ drive
v0x55efe4762940_26 .net v0x55efe4762940 26, 15 0, o0x7f616e0865b8; 0 drivers
o0x7f616e0865e8 .functor BUFZ 16, C4<zzzzzzzzzzzzzzzz>; HiZ drive
v0x55efe4762940_27 .net v0x55efe4762940 27, 15 0, o0x7f616e0865e8; 0 drivers
o0x7f616e086618 .functor BUFZ 16, C4<zzzzzzzzzzzzzzzz>; HiZ drive
v0x55efe4762940_28 .net v0x55efe4762940 28, 15 0, o0x7f616e086618; 0 drivers
o0x7f616e086648 .functor BUFZ 16, C4<zzzzzzzzzzzzzzzz>; HiZ drive
v0x55efe4762940_29 .net v0x55efe4762940 29, 15 0, o0x7f616e086648; 0 drivers
o0x7f616e086678 .functor BUFZ 16, C4<zzzzzzzzzzzzzzzz>; HiZ drive
v0x55efe4762940_30 .net v0x55efe4762940 30, 15 0, o0x7f616e086678; 0 drivers
o0x7f616e0866a8 .functor BUFZ 16, C4<zzzzzzzzzzzzzzzz>; HiZ drive
v0x55efe4762940_31 .net v0x55efe4762940 31, 15 0, o0x7f616e0866a8; 0 drivers
o0x7f616e0866d8 .functor BUFZ 16, C4<zzzzzzzzzzzzzzzz>; HiZ drive
v0x55efe4762940_32 .net v0x55efe4762940 32, 15 0, o0x7f616e0866d8; 0 drivers
o0x7f616e086708 .functor BUFZ 16, C4<zzzzzzzzzzzzzzzz>; HiZ drive
v0x55efe4762940_33 .net v0x55efe4762940 33, 15 0, o0x7f616e086708; 0 drivers
o0x7f616e086738 .functor BUFZ 16, C4<zzzzzzzzzzzzzzzz>; HiZ drive
v0x55efe4762940_34 .net v0x55efe4762940 34, 15 0, o0x7f616e086738; 0 drivers
o0x7f616e086768 .functor BUFZ 16, C4<zzzzzzzzzzzzzzzz>; HiZ drive
v0x55efe4762940_35 .net v0x55efe4762940 35, 15 0, o0x7f616e086768; 0 drivers
o0x7f616e086798 .functor BUFZ 16, C4<zzzzzzzzzzzzzzzz>; HiZ drive
v0x55efe4762940_36 .net v0x55efe4762940 36, 15 0, o0x7f616e086798; 0 drivers
o0x7f616e0867c8 .functor BUFZ 16, C4<zzzzzzzzzzzzzzzz>; HiZ drive
v0x55efe4762940_37 .net v0x55efe4762940 37, 15 0, o0x7f616e0867c8; 0 drivers
o0x7f616e0867f8 .functor BUFZ 16, C4<zzzzzzzzzzzzzzzz>; HiZ drive
v0x55efe4762940_38 .net v0x55efe4762940 38, 15 0, o0x7f616e0867f8; 0 drivers
o0x7f616e086828 .functor BUFZ 16, C4<zzzzzzzzzzzzzzzz>; HiZ drive
v0x55efe4762940_39 .net v0x55efe4762940 39, 15 0, o0x7f616e086828; 0 drivers
o0x7f616e086858 .functor BUFZ 16, C4<zzzzzzzzzzzzzzzz>; HiZ drive
v0x55efe4762940_40 .net v0x55efe4762940 40, 15 0, o0x7f616e086858; 0 drivers
o0x7f616e086888 .functor BUFZ 16, C4<zzzzzzzzzzzzzzzz>; HiZ drive
v0x55efe4762940_41 .net v0x55efe4762940 41, 15 0, o0x7f616e086888; 0 drivers
o0x7f616e0868b8 .functor BUFZ 16, C4<zzzzzzzzzzzzzzzz>; HiZ drive
v0x55efe4762940_42 .net v0x55efe4762940 42, 15 0, o0x7f616e0868b8; 0 drivers
o0x7f616e0868e8 .functor BUFZ 16, C4<zzzzzzzzzzzzzzzz>; HiZ drive
v0x55efe4762940_43 .net v0x55efe4762940 43, 15 0, o0x7f616e0868e8; 0 drivers
o0x7f616e086918 .functor BUFZ 16, C4<zzzzzzzzzzzzzzzz>; HiZ drive
v0x55efe4762940_44 .net v0x55efe4762940 44, 15 0, o0x7f616e086918; 0 drivers
o0x7f616e086948 .functor BUFZ 16, C4<zzzzzzzzzzzzzzzz>; HiZ drive
v0x55efe4762940_45 .net v0x55efe4762940 45, 15 0, o0x7f616e086948; 0 drivers
o0x7f616e086978 .functor BUFZ 16, C4<zzzzzzzzzzzzzzzz>; HiZ drive
v0x55efe4762940_46 .net v0x55efe4762940 46, 15 0, o0x7f616e086978; 0 drivers
o0x7f616e0869a8 .functor BUFZ 16, C4<zzzzzzzzzzzzzzzz>; HiZ drive
v0x55efe4762940_47 .net v0x55efe4762940 47, 15 0, o0x7f616e0869a8; 0 drivers
o0x7f616e0869d8 .functor BUFZ 16, C4<zzzzzzzzzzzzzzzz>; HiZ drive
v0x55efe4762940_48 .net v0x55efe4762940 48, 15 0, o0x7f616e0869d8; 0 drivers
o0x7f616e086a08 .functor BUFZ 16, C4<zzzzzzzzzzzzzzzz>; HiZ drive
v0x55efe4762940_49 .net v0x55efe4762940 49, 15 0, o0x7f616e086a08; 0 drivers
o0x7f616e086a38 .functor BUFZ 16, C4<zzzzzzzzzzzzzzzz>; HiZ drive
v0x55efe4762940_50 .net v0x55efe4762940 50, 15 0, o0x7f616e086a38; 0 drivers
o0x7f616e086a68 .functor BUFZ 16, C4<zzzzzzzzzzzzzzzz>; HiZ drive
v0x55efe4762940_51 .net v0x55efe4762940 51, 15 0, o0x7f616e086a68; 0 drivers
o0x7f616e086a98 .functor BUFZ 16, C4<zzzzzzzzzzzzzzzz>; HiZ drive
v0x55efe4762940_52 .net v0x55efe4762940 52, 15 0, o0x7f616e086a98; 0 drivers
o0x7f616e086ac8 .functor BUFZ 16, C4<zzzzzzzzzzzzzzzz>; HiZ drive
v0x55efe4762940_53 .net v0x55efe4762940 53, 15 0, o0x7f616e086ac8; 0 drivers
o0x7f616e086af8 .functor BUFZ 16, C4<zzzzzzzzzzzzzzzz>; HiZ drive
v0x55efe4762940_54 .net v0x55efe4762940 54, 15 0, o0x7f616e086af8; 0 drivers
o0x7f616e086b28 .functor BUFZ 16, C4<zzzzzzzzzzzzzzzz>; HiZ drive
v0x55efe4762940_55 .net v0x55efe4762940 55, 15 0, o0x7f616e086b28; 0 drivers
o0x7f616e086b58 .functor BUFZ 16, C4<zzzzzzzzzzzzzzzz>; HiZ drive
v0x55efe4762940_56 .net v0x55efe4762940 56, 15 0, o0x7f616e086b58; 0 drivers
o0x7f616e086b88 .functor BUFZ 16, C4<zzzzzzzzzzzzzzzz>; HiZ drive
v0x55efe4762940_57 .net v0x55efe4762940 57, 15 0, o0x7f616e086b88; 0 drivers
o0x7f616e086bb8 .functor BUFZ 16, C4<zzzzzzzzzzzzzzzz>; HiZ drive
v0x55efe4762940_58 .net v0x55efe4762940 58, 15 0, o0x7f616e086bb8; 0 drivers
o0x7f616e086be8 .functor BUFZ 16, C4<zzzzzzzzzzzzzzzz>; HiZ drive
v0x55efe4762940_59 .net v0x55efe4762940 59, 15 0, o0x7f616e086be8; 0 drivers
o0x7f616e086c18 .functor BUFZ 16, C4<zzzzzzzzzzzzzzzz>; HiZ drive
v0x55efe4762940_60 .net v0x55efe4762940 60, 15 0, o0x7f616e086c18; 0 drivers
o0x7f616e086c48 .functor BUFZ 16, C4<zzzzzzzzzzzzzzzz>; HiZ drive
v0x55efe4762940_61 .net v0x55efe4762940 61, 15 0, o0x7f616e086c48; 0 drivers
o0x7f616e086c78 .functor BUFZ 16, C4<zzzzzzzzzzzzzzzz>; HiZ drive
v0x55efe4762940_62 .net v0x55efe4762940 62, 15 0, o0x7f616e086c78; 0 drivers
o0x7f616e086ca8 .functor BUFZ 16, C4<zzzzzzzzzzzzzzzz>; HiZ drive
v0x55efe4762940_63 .net v0x55efe4762940 63, 15 0, o0x7f616e086ca8; 0 drivers
o0x7f616e086cd8 .functor BUFZ 16, C4<zzzzzzzzzzzzzzzz>; HiZ drive
v0x55efe4762940_64 .net v0x55efe4762940 64, 15 0, o0x7f616e086cd8; 0 drivers
o0x7f616e086d08 .functor BUFZ 16, C4<zzzzzzzzzzzzzzzz>; HiZ drive
v0x55efe4762940_65 .net v0x55efe4762940 65, 15 0, o0x7f616e086d08; 0 drivers
o0x7f616e086d38 .functor BUFZ 16, C4<zzzzzzzzzzzzzzzz>; HiZ drive
v0x55efe4762940_66 .net v0x55efe4762940 66, 15 0, o0x7f616e086d38; 0 drivers
o0x7f616e086d68 .functor BUFZ 16, C4<zzzzzzzzzzzzzzzz>; HiZ drive
v0x55efe4762940_67 .net v0x55efe4762940 67, 15 0, o0x7f616e086d68; 0 drivers
o0x7f616e086d98 .functor BUFZ 16, C4<zzzzzzzzzzzzzzzz>; HiZ drive
v0x55efe4762940_68 .net v0x55efe4762940 68, 15 0, o0x7f616e086d98; 0 drivers
o0x7f616e086dc8 .functor BUFZ 16, C4<zzzzzzzzzzzzzzzz>; HiZ drive
v0x55efe4762940_69 .net v0x55efe4762940 69, 15 0, o0x7f616e086dc8; 0 drivers
o0x7f616e086df8 .functor BUFZ 16, C4<zzzzzzzzzzzzzzzz>; HiZ drive
v0x55efe4762940_70 .net v0x55efe4762940 70, 15 0, o0x7f616e086df8; 0 drivers
o0x7f616e086e28 .functor BUFZ 16, C4<zzzzzzzzzzzzzzzz>; HiZ drive
v0x55efe4762940_71 .net v0x55efe4762940 71, 15 0, o0x7f616e086e28; 0 drivers
o0x7f616e086e58 .functor BUFZ 16, C4<zzzzzzzzzzzzzzzz>; HiZ drive
v0x55efe4762940_72 .net v0x55efe4762940 72, 15 0, o0x7f616e086e58; 0 drivers
o0x7f616e086e88 .functor BUFZ 16, C4<zzzzzzzzzzzzzzzz>; HiZ drive
v0x55efe4762940_73 .net v0x55efe4762940 73, 15 0, o0x7f616e086e88; 0 drivers
o0x7f616e086eb8 .functor BUFZ 16, C4<zzzzzzzzzzzzzzzz>; HiZ drive
v0x55efe4762940_74 .net v0x55efe4762940 74, 15 0, o0x7f616e086eb8; 0 drivers
o0x7f616e086ee8 .functor BUFZ 16, C4<zzzzzzzzzzzzzzzz>; HiZ drive
v0x55efe4762940_75 .net v0x55efe4762940 75, 15 0, o0x7f616e086ee8; 0 drivers
o0x7f616e086f18 .functor BUFZ 16, C4<zzzzzzzzzzzzzzzz>; HiZ drive
v0x55efe4762940_76 .net v0x55efe4762940 76, 15 0, o0x7f616e086f18; 0 drivers
o0x7f616e086f48 .functor BUFZ 16, C4<zzzzzzzzzzzzzzzz>; HiZ drive
v0x55efe4762940_77 .net v0x55efe4762940 77, 15 0, o0x7f616e086f48; 0 drivers
o0x7f616e086f78 .functor BUFZ 16, C4<zzzzzzzzzzzzzzzz>; HiZ drive
v0x55efe4762940_78 .net v0x55efe4762940 78, 15 0, o0x7f616e086f78; 0 drivers
o0x7f616e086fa8 .functor BUFZ 16, C4<zzzzzzzzzzzzzzzz>; HiZ drive
v0x55efe4762940_79 .net v0x55efe4762940 79, 15 0, o0x7f616e086fa8; 0 drivers
o0x7f616e086fd8 .functor BUFZ 16, C4<zzzzzzzzzzzzzzzz>; HiZ drive
v0x55efe4762940_80 .net v0x55efe4762940 80, 15 0, o0x7f616e086fd8; 0 drivers
o0x7f616e087008 .functor BUFZ 16, C4<zzzzzzzzzzzzzzzz>; HiZ drive
v0x55efe4762940_81 .net v0x55efe4762940 81, 15 0, o0x7f616e087008; 0 drivers
o0x7f616e087038 .functor BUFZ 16, C4<zzzzzzzzzzzzzzzz>; HiZ drive
v0x55efe4762940_82 .net v0x55efe4762940 82, 15 0, o0x7f616e087038; 0 drivers
o0x7f616e087068 .functor BUFZ 16, C4<zzzzzzzzzzzzzzzz>; HiZ drive
v0x55efe4762940_83 .net v0x55efe4762940 83, 15 0, o0x7f616e087068; 0 drivers
o0x7f616e087098 .functor BUFZ 16, C4<zzzzzzzzzzzzzzzz>; HiZ drive
v0x55efe4762940_84 .net v0x55efe4762940 84, 15 0, o0x7f616e087098; 0 drivers
o0x7f616e0870c8 .functor BUFZ 16, C4<zzzzzzzzzzzzzzzz>; HiZ drive
v0x55efe4762940_85 .net v0x55efe4762940 85, 15 0, o0x7f616e0870c8; 0 drivers
o0x7f616e0870f8 .functor BUFZ 16, C4<zzzzzzzzzzzzzzzz>; HiZ drive
v0x55efe4762940_86 .net v0x55efe4762940 86, 15 0, o0x7f616e0870f8; 0 drivers
o0x7f616e087128 .functor BUFZ 16, C4<zzzzzzzzzzzzzzzz>; HiZ drive
v0x55efe4762940_87 .net v0x55efe4762940 87, 15 0, o0x7f616e087128; 0 drivers
o0x7f616e087158 .functor BUFZ 16, C4<zzzzzzzzzzzzzzzz>; HiZ drive
v0x55efe4762940_88 .net v0x55efe4762940 88, 15 0, o0x7f616e087158; 0 drivers
o0x7f616e087188 .functor BUFZ 16, C4<zzzzzzzzzzzzzzzz>; HiZ drive
v0x55efe4762940_89 .net v0x55efe4762940 89, 15 0, o0x7f616e087188; 0 drivers
o0x7f616e0871b8 .functor BUFZ 16, C4<zzzzzzzzzzzzzzzz>; HiZ drive
v0x55efe4762940_90 .net v0x55efe4762940 90, 15 0, o0x7f616e0871b8; 0 drivers
o0x7f616e0871e8 .functor BUFZ 16, C4<zzzzzzzzzzzzzzzz>; HiZ drive
v0x55efe4762940_91 .net v0x55efe4762940 91, 15 0, o0x7f616e0871e8; 0 drivers
o0x7f616e087218 .functor BUFZ 16, C4<zzzzzzzzzzzzzzzz>; HiZ drive
v0x55efe4762940_92 .net v0x55efe4762940 92, 15 0, o0x7f616e087218; 0 drivers
o0x7f616e087248 .functor BUFZ 16, C4<zzzzzzzzzzzzzzzz>; HiZ drive
v0x55efe4762940_93 .net v0x55efe4762940 93, 15 0, o0x7f616e087248; 0 drivers
o0x7f616e087278 .functor BUFZ 16, C4<zzzzzzzzzzzzzzzz>; HiZ drive
v0x55efe4762940_94 .net v0x55efe4762940 94, 15 0, o0x7f616e087278; 0 drivers
o0x7f616e0872a8 .functor BUFZ 16, C4<zzzzzzzzzzzzzzzz>; HiZ drive
v0x55efe4762940_95 .net v0x55efe4762940 95, 15 0, o0x7f616e0872a8; 0 drivers
o0x7f616e0872d8 .functor BUFZ 16, C4<zzzzzzzzzzzzzzzz>; HiZ drive
v0x55efe4762940_96 .net v0x55efe4762940 96, 15 0, o0x7f616e0872d8; 0 drivers
o0x7f616e087308 .functor BUFZ 16, C4<zzzzzzzzzzzzzzzz>; HiZ drive
v0x55efe4762940_97 .net v0x55efe4762940 97, 15 0, o0x7f616e087308; 0 drivers
o0x7f616e087338 .functor BUFZ 16, C4<zzzzzzzzzzzzzzzz>; HiZ drive
v0x55efe4762940_98 .net v0x55efe4762940 98, 15 0, o0x7f616e087338; 0 drivers
o0x7f616e087368 .functor BUFZ 16, C4<zzzzzzzzzzzzzzzz>; HiZ drive
v0x55efe4762940_99 .net v0x55efe4762940 99, 15 0, o0x7f616e087368; 0 drivers
o0x7f616e087398 .functor BUFZ 16, C4<zzzzzzzzzzzzzzzz>; HiZ drive
v0x55efe4762940_100 .net v0x55efe4762940 100, 15 0, o0x7f616e087398; 0 drivers
o0x7f616e0873c8 .functor BUFZ 16, C4<zzzzzzzzzzzzzzzz>; HiZ drive
v0x55efe4762940_101 .net v0x55efe4762940 101, 15 0, o0x7f616e0873c8; 0 drivers
o0x7f616e0873f8 .functor BUFZ 16, C4<zzzzzzzzzzzzzzzz>; HiZ drive
v0x55efe4762940_102 .net v0x55efe4762940 102, 15 0, o0x7f616e0873f8; 0 drivers
o0x7f616e087428 .functor BUFZ 16, C4<zzzzzzzzzzzzzzzz>; HiZ drive
v0x55efe4762940_103 .net v0x55efe4762940 103, 15 0, o0x7f616e087428; 0 drivers
o0x7f616e087458 .functor BUFZ 16, C4<zzzzzzzzzzzzzzzz>; HiZ drive
v0x55efe4762940_104 .net v0x55efe4762940 104, 15 0, o0x7f616e087458; 0 drivers
o0x7f616e087488 .functor BUFZ 16, C4<zzzzzzzzzzzzzzzz>; HiZ drive
v0x55efe4762940_105 .net v0x55efe4762940 105, 15 0, o0x7f616e087488; 0 drivers
o0x7f616e0874b8 .functor BUFZ 16, C4<zzzzzzzzzzzzzzzz>; HiZ drive
v0x55efe4762940_106 .net v0x55efe4762940 106, 15 0, o0x7f616e0874b8; 0 drivers
o0x7f616e0874e8 .functor BUFZ 16, C4<zzzzzzzzzzzzzzzz>; HiZ drive
v0x55efe4762940_107 .net v0x55efe4762940 107, 15 0, o0x7f616e0874e8; 0 drivers
o0x7f616e087518 .functor BUFZ 16, C4<zzzzzzzzzzzzzzzz>; HiZ drive
v0x55efe4762940_108 .net v0x55efe4762940 108, 15 0, o0x7f616e087518; 0 drivers
o0x7f616e087548 .functor BUFZ 16, C4<zzzzzzzzzzzzzzzz>; HiZ drive
v0x55efe4762940_109 .net v0x55efe4762940 109, 15 0, o0x7f616e087548; 0 drivers
o0x7f616e087578 .functor BUFZ 16, C4<zzzzzzzzzzzzzzzz>; HiZ drive
v0x55efe4762940_110 .net v0x55efe4762940 110, 15 0, o0x7f616e087578; 0 drivers
o0x7f616e0875a8 .functor BUFZ 16, C4<zzzzzzzzzzzzzzzz>; HiZ drive
v0x55efe4762940_111 .net v0x55efe4762940 111, 15 0, o0x7f616e0875a8; 0 drivers
o0x7f616e0875d8 .functor BUFZ 16, C4<zzzzzzzzzzzzzzzz>; HiZ drive
v0x55efe4762940_112 .net v0x55efe4762940 112, 15 0, o0x7f616e0875d8; 0 drivers
o0x7f616e087608 .functor BUFZ 16, C4<zzzzzzzzzzzzzzzz>; HiZ drive
v0x55efe4762940_113 .net v0x55efe4762940 113, 15 0, o0x7f616e087608; 0 drivers
o0x7f616e087638 .functor BUFZ 16, C4<zzzzzzzzzzzzzzzz>; HiZ drive
v0x55efe4762940_114 .net v0x55efe4762940 114, 15 0, o0x7f616e087638; 0 drivers
o0x7f616e087668 .functor BUFZ 16, C4<zzzzzzzzzzzzzzzz>; HiZ drive
v0x55efe4762940_115 .net v0x55efe4762940 115, 15 0, o0x7f616e087668; 0 drivers
o0x7f616e087698 .functor BUFZ 16, C4<zzzzzzzzzzzzzzzz>; HiZ drive
v0x55efe4762940_116 .net v0x55efe4762940 116, 15 0, o0x7f616e087698; 0 drivers
o0x7f616e0876c8 .functor BUFZ 16, C4<zzzzzzzzzzzzzzzz>; HiZ drive
v0x55efe4762940_117 .net v0x55efe4762940 117, 15 0, o0x7f616e0876c8; 0 drivers
o0x7f616e0876f8 .functor BUFZ 16, C4<zzzzzzzzzzzzzzzz>; HiZ drive
v0x55efe4762940_118 .net v0x55efe4762940 118, 15 0, o0x7f616e0876f8; 0 drivers
o0x7f616e087728 .functor BUFZ 16, C4<zzzzzzzzzzzzzzzz>; HiZ drive
v0x55efe4762940_119 .net v0x55efe4762940 119, 15 0, o0x7f616e087728; 0 drivers
o0x7f616e087758 .functor BUFZ 16, C4<zzzzzzzzzzzzzzzz>; HiZ drive
v0x55efe4762940_120 .net v0x55efe4762940 120, 15 0, o0x7f616e087758; 0 drivers
o0x7f616e087788 .functor BUFZ 16, C4<zzzzzzzzzzzzzzzz>; HiZ drive
v0x55efe4762940_121 .net v0x55efe4762940 121, 15 0, o0x7f616e087788; 0 drivers
o0x7f616e0877b8 .functor BUFZ 16, C4<zzzzzzzzzzzzzzzz>; HiZ drive
v0x55efe4762940_122 .net v0x55efe4762940 122, 15 0, o0x7f616e0877b8; 0 drivers
o0x7f616e0877e8 .functor BUFZ 16, C4<zzzzzzzzzzzzzzzz>; HiZ drive
v0x55efe4762940_123 .net v0x55efe4762940 123, 15 0, o0x7f616e0877e8; 0 drivers
o0x7f616e087818 .functor BUFZ 16, C4<zzzzzzzzzzzzzzzz>; HiZ drive
v0x55efe4762940_124 .net v0x55efe4762940 124, 15 0, o0x7f616e087818; 0 drivers
o0x7f616e087848 .functor BUFZ 16, C4<zzzzzzzzzzzzzzzz>; HiZ drive
v0x55efe4762940_125 .net v0x55efe4762940 125, 15 0, o0x7f616e087848; 0 drivers
o0x7f616e087878 .functor BUFZ 16, C4<zzzzzzzzzzzzzzzz>; HiZ drive
v0x55efe4762940_126 .net v0x55efe4762940 126, 15 0, o0x7f616e087878; 0 drivers
o0x7f616e0878a8 .functor BUFZ 16, C4<zzzzzzzzzzzzzzzz>; HiZ drive
v0x55efe4762940_127 .net v0x55efe4762940 127, 15 0, o0x7f616e0878a8; 0 drivers
o0x7f616e0878d8 .functor BUFZ 16, C4<zzzzzzzzzzzzzzzz>; HiZ drive
v0x55efe4762940_128 .net v0x55efe4762940 128, 15 0, o0x7f616e0878d8; 0 drivers
o0x7f616e087908 .functor BUFZ 16, C4<zzzzzzzzzzzzzzzz>; HiZ drive
v0x55efe4762940_129 .net v0x55efe4762940 129, 15 0, o0x7f616e087908; 0 drivers
o0x7f616e087938 .functor BUFZ 16, C4<zzzzzzzzzzzzzzzz>; HiZ drive
v0x55efe4762940_130 .net v0x55efe4762940 130, 15 0, o0x7f616e087938; 0 drivers
o0x7f616e087968 .functor BUFZ 16, C4<zzzzzzzzzzzzzzzz>; HiZ drive
v0x55efe4762940_131 .net v0x55efe4762940 131, 15 0, o0x7f616e087968; 0 drivers
o0x7f616e087998 .functor BUFZ 16, C4<zzzzzzzzzzzzzzzz>; HiZ drive
v0x55efe4762940_132 .net v0x55efe4762940 132, 15 0, o0x7f616e087998; 0 drivers
o0x7f616e0879c8 .functor BUFZ 16, C4<zzzzzzzzzzzzzzzz>; HiZ drive
v0x55efe4762940_133 .net v0x55efe4762940 133, 15 0, o0x7f616e0879c8; 0 drivers
o0x7f616e0879f8 .functor BUFZ 16, C4<zzzzzzzzzzzzzzzz>; HiZ drive
v0x55efe4762940_134 .net v0x55efe4762940 134, 15 0, o0x7f616e0879f8; 0 drivers
o0x7f616e087a28 .functor BUFZ 16, C4<zzzzzzzzzzzzzzzz>; HiZ drive
v0x55efe4762940_135 .net v0x55efe4762940 135, 15 0, o0x7f616e087a28; 0 drivers
o0x7f616e087a58 .functor BUFZ 16, C4<zzzzzzzzzzzzzzzz>; HiZ drive
v0x55efe4762940_136 .net v0x55efe4762940 136, 15 0, o0x7f616e087a58; 0 drivers
o0x7f616e087a88 .functor BUFZ 16, C4<zzzzzzzzzzzzzzzz>; HiZ drive
v0x55efe4762940_137 .net v0x55efe4762940 137, 15 0, o0x7f616e087a88; 0 drivers
o0x7f616e087ab8 .functor BUFZ 16, C4<zzzzzzzzzzzzzzzz>; HiZ drive
v0x55efe4762940_138 .net v0x55efe4762940 138, 15 0, o0x7f616e087ab8; 0 drivers
o0x7f616e087ae8 .functor BUFZ 16, C4<zzzzzzzzzzzzzzzz>; HiZ drive
v0x55efe4762940_139 .net v0x55efe4762940 139, 15 0, o0x7f616e087ae8; 0 drivers
o0x7f616e087b18 .functor BUFZ 16, C4<zzzzzzzzzzzzzzzz>; HiZ drive
v0x55efe4762940_140 .net v0x55efe4762940 140, 15 0, o0x7f616e087b18; 0 drivers
o0x7f616e087b48 .functor BUFZ 16, C4<zzzzzzzzzzzzzzzz>; HiZ drive
v0x55efe4762940_141 .net v0x55efe4762940 141, 15 0, o0x7f616e087b48; 0 drivers
o0x7f616e087b78 .functor BUFZ 16, C4<zzzzzzzzzzzzzzzz>; HiZ drive
v0x55efe4762940_142 .net v0x55efe4762940 142, 15 0, o0x7f616e087b78; 0 drivers
o0x7f616e087ba8 .functor BUFZ 16, C4<zzzzzzzzzzzzzzzz>; HiZ drive
v0x55efe4762940_143 .net v0x55efe4762940 143, 15 0, o0x7f616e087ba8; 0 drivers
o0x7f616e087bd8 .functor BUFZ 16, C4<zzzzzzzzzzzzzzzz>; HiZ drive
v0x55efe4762940_144 .net v0x55efe4762940 144, 15 0, o0x7f616e087bd8; 0 drivers
o0x7f616e087c08 .functor BUFZ 16, C4<zzzzzzzzzzzzzzzz>; HiZ drive
v0x55efe4762940_145 .net v0x55efe4762940 145, 15 0, o0x7f616e087c08; 0 drivers
o0x7f616e087c38 .functor BUFZ 16, C4<zzzzzzzzzzzzzzzz>; HiZ drive
v0x55efe4762940_146 .net v0x55efe4762940 146, 15 0, o0x7f616e087c38; 0 drivers
o0x7f616e087c68 .functor BUFZ 16, C4<zzzzzzzzzzzzzzzz>; HiZ drive
v0x55efe4762940_147 .net v0x55efe4762940 147, 15 0, o0x7f616e087c68; 0 drivers
o0x7f616e087c98 .functor BUFZ 16, C4<zzzzzzzzzzzzzzzz>; HiZ drive
v0x55efe4762940_148 .net v0x55efe4762940 148, 15 0, o0x7f616e087c98; 0 drivers
o0x7f616e087cc8 .functor BUFZ 16, C4<zzzzzzzzzzzzzzzz>; HiZ drive
v0x55efe4762940_149 .net v0x55efe4762940 149, 15 0, o0x7f616e087cc8; 0 drivers
o0x7f616e087cf8 .functor BUFZ 16, C4<zzzzzzzzzzzzzzzz>; HiZ drive
v0x55efe4762940_150 .net v0x55efe4762940 150, 15 0, o0x7f616e087cf8; 0 drivers
o0x7f616e087d28 .functor BUFZ 16, C4<zzzzzzzzzzzzzzzz>; HiZ drive
v0x55efe4762940_151 .net v0x55efe4762940 151, 15 0, o0x7f616e087d28; 0 drivers
o0x7f616e087d58 .functor BUFZ 16, C4<zzzzzzzzzzzzzzzz>; HiZ drive
v0x55efe4762940_152 .net v0x55efe4762940 152, 15 0, o0x7f616e087d58; 0 drivers
o0x7f616e087d88 .functor BUFZ 16, C4<zzzzzzzzzzzzzzzz>; HiZ drive
v0x55efe4762940_153 .net v0x55efe4762940 153, 15 0, o0x7f616e087d88; 0 drivers
o0x7f616e087db8 .functor BUFZ 16, C4<zzzzzzzzzzzzzzzz>; HiZ drive
v0x55efe4762940_154 .net v0x55efe4762940 154, 15 0, o0x7f616e087db8; 0 drivers
o0x7f616e087de8 .functor BUFZ 16, C4<zzzzzzzzzzzzzzzz>; HiZ drive
v0x55efe4762940_155 .net v0x55efe4762940 155, 15 0, o0x7f616e087de8; 0 drivers
o0x7f616e087e18 .functor BUFZ 16, C4<zzzzzzzzzzzzzzzz>; HiZ drive
v0x55efe4762940_156 .net v0x55efe4762940 156, 15 0, o0x7f616e087e18; 0 drivers
o0x7f616e087e48 .functor BUFZ 16, C4<zzzzzzzzzzzzzzzz>; HiZ drive
v0x55efe4762940_157 .net v0x55efe4762940 157, 15 0, o0x7f616e087e48; 0 drivers
o0x7f616e087e78 .functor BUFZ 16, C4<zzzzzzzzzzzzzzzz>; HiZ drive
v0x55efe4762940_158 .net v0x55efe4762940 158, 15 0, o0x7f616e087e78; 0 drivers
o0x7f616e087ea8 .functor BUFZ 16, C4<zzzzzzzzzzzzzzzz>; HiZ drive
v0x55efe4762940_159 .net v0x55efe4762940 159, 15 0, o0x7f616e087ea8; 0 drivers
o0x7f616e087ed8 .functor BUFZ 16, C4<zzzzzzzzzzzzzzzz>; HiZ drive
v0x55efe4762940_160 .net v0x55efe4762940 160, 15 0, o0x7f616e087ed8; 0 drivers
o0x7f616e087f08 .functor BUFZ 16, C4<zzzzzzzzzzzzzzzz>; HiZ drive
v0x55efe4762940_161 .net v0x55efe4762940 161, 15 0, o0x7f616e087f08; 0 drivers
o0x7f616e087f38 .functor BUFZ 16, C4<zzzzzzzzzzzzzzzz>; HiZ drive
v0x55efe4762940_162 .net v0x55efe4762940 162, 15 0, o0x7f616e087f38; 0 drivers
o0x7f616e087f68 .functor BUFZ 16, C4<zzzzzzzzzzzzzzzz>; HiZ drive
v0x55efe4762940_163 .net v0x55efe4762940 163, 15 0, o0x7f616e087f68; 0 drivers
o0x7f616e087f98 .functor BUFZ 16, C4<zzzzzzzzzzzzzzzz>; HiZ drive
v0x55efe4762940_164 .net v0x55efe4762940 164, 15 0, o0x7f616e087f98; 0 drivers
o0x7f616e087fc8 .functor BUFZ 16, C4<zzzzzzzzzzzzzzzz>; HiZ drive
v0x55efe4762940_165 .net v0x55efe4762940 165, 15 0, o0x7f616e087fc8; 0 drivers
o0x7f616e087ff8 .functor BUFZ 16, C4<zzzzzzzzzzzzzzzz>; HiZ drive
v0x55efe4762940_166 .net v0x55efe4762940 166, 15 0, o0x7f616e087ff8; 0 drivers
o0x7f616e088028 .functor BUFZ 16, C4<zzzzzzzzzzzzzzzz>; HiZ drive
v0x55efe4762940_167 .net v0x55efe4762940 167, 15 0, o0x7f616e088028; 0 drivers
o0x7f616e088058 .functor BUFZ 16, C4<zzzzzzzzzzzzzzzz>; HiZ drive
v0x55efe4762940_168 .net v0x55efe4762940 168, 15 0, o0x7f616e088058; 0 drivers
o0x7f616e088088 .functor BUFZ 16, C4<zzzzzzzzzzzzzzzz>; HiZ drive
v0x55efe4762940_169 .net v0x55efe4762940 169, 15 0, o0x7f616e088088; 0 drivers
o0x7f616e0880b8 .functor BUFZ 16, C4<zzzzzzzzzzzzzzzz>; HiZ drive
v0x55efe4762940_170 .net v0x55efe4762940 170, 15 0, o0x7f616e0880b8; 0 drivers
o0x7f616e0880e8 .functor BUFZ 16, C4<zzzzzzzzzzzzzzzz>; HiZ drive
v0x55efe4762940_171 .net v0x55efe4762940 171, 15 0, o0x7f616e0880e8; 0 drivers
o0x7f616e088118 .functor BUFZ 16, C4<zzzzzzzzzzzzzzzz>; HiZ drive
v0x55efe4762940_172 .net v0x55efe4762940 172, 15 0, o0x7f616e088118; 0 drivers
o0x7f616e088148 .functor BUFZ 16, C4<zzzzzzzzzzzzzzzz>; HiZ drive
v0x55efe4762940_173 .net v0x55efe4762940 173, 15 0, o0x7f616e088148; 0 drivers
o0x7f616e088178 .functor BUFZ 16, C4<zzzzzzzzzzzzzzzz>; HiZ drive
v0x55efe4762940_174 .net v0x55efe4762940 174, 15 0, o0x7f616e088178; 0 drivers
o0x7f616e0881a8 .functor BUFZ 16, C4<zzzzzzzzzzzzzzzz>; HiZ drive
v0x55efe4762940_175 .net v0x55efe4762940 175, 15 0, o0x7f616e0881a8; 0 drivers
o0x7f616e0881d8 .functor BUFZ 16, C4<zzzzzzzzzzzzzzzz>; HiZ drive
v0x55efe4762940_176 .net v0x55efe4762940 176, 15 0, o0x7f616e0881d8; 0 drivers
o0x7f616e088208 .functor BUFZ 16, C4<zzzzzzzzzzzzzzzz>; HiZ drive
v0x55efe4762940_177 .net v0x55efe4762940 177, 15 0, o0x7f616e088208; 0 drivers
o0x7f616e088238 .functor BUFZ 16, C4<zzzzzzzzzzzzzzzz>; HiZ drive
v0x55efe4762940_178 .net v0x55efe4762940 178, 15 0, o0x7f616e088238; 0 drivers
o0x7f616e088268 .functor BUFZ 16, C4<zzzzzzzzzzzzzzzz>; HiZ drive
v0x55efe4762940_179 .net v0x55efe4762940 179, 15 0, o0x7f616e088268; 0 drivers
o0x7f616e088298 .functor BUFZ 16, C4<zzzzzzzzzzzzzzzz>; HiZ drive
v0x55efe4762940_180 .net v0x55efe4762940 180, 15 0, o0x7f616e088298; 0 drivers
o0x7f616e0882c8 .functor BUFZ 16, C4<zzzzzzzzzzzzzzzz>; HiZ drive
v0x55efe4762940_181 .net v0x55efe4762940 181, 15 0, o0x7f616e0882c8; 0 drivers
o0x7f616e0882f8 .functor BUFZ 16, C4<zzzzzzzzzzzzzzzz>; HiZ drive
v0x55efe4762940_182 .net v0x55efe4762940 182, 15 0, o0x7f616e0882f8; 0 drivers
o0x7f616e088328 .functor BUFZ 16, C4<zzzzzzzzzzzzzzzz>; HiZ drive
v0x55efe4762940_183 .net v0x55efe4762940 183, 15 0, o0x7f616e088328; 0 drivers
o0x7f616e088358 .functor BUFZ 16, C4<zzzzzzzzzzzzzzzz>; HiZ drive
v0x55efe4762940_184 .net v0x55efe4762940 184, 15 0, o0x7f616e088358; 0 drivers
o0x7f616e088388 .functor BUFZ 16, C4<zzzzzzzzzzzzzzzz>; HiZ drive
v0x55efe4762940_185 .net v0x55efe4762940 185, 15 0, o0x7f616e088388; 0 drivers
o0x7f616e0883b8 .functor BUFZ 16, C4<zzzzzzzzzzzzzzzz>; HiZ drive
v0x55efe4762940_186 .net v0x55efe4762940 186, 15 0, o0x7f616e0883b8; 0 drivers
o0x7f616e0883e8 .functor BUFZ 16, C4<zzzzzzzzzzzzzzzz>; HiZ drive
v0x55efe4762940_187 .net v0x55efe4762940 187, 15 0, o0x7f616e0883e8; 0 drivers
o0x7f616e088418 .functor BUFZ 16, C4<zzzzzzzzzzzzzzzz>; HiZ drive
v0x55efe4762940_188 .net v0x55efe4762940 188, 15 0, o0x7f616e088418; 0 drivers
o0x7f616e088448 .functor BUFZ 16, C4<zzzzzzzzzzzzzzzz>; HiZ drive
v0x55efe4762940_189 .net v0x55efe4762940 189, 15 0, o0x7f616e088448; 0 drivers
o0x7f616e088478 .functor BUFZ 16, C4<zzzzzzzzzzzzzzzz>; HiZ drive
v0x55efe4762940_190 .net v0x55efe4762940 190, 15 0, o0x7f616e088478; 0 drivers
o0x7f616e0884a8 .functor BUFZ 16, C4<zzzzzzzzzzzzzzzz>; HiZ drive
v0x55efe4762940_191 .net v0x55efe4762940 191, 15 0, o0x7f616e0884a8; 0 drivers
o0x7f616e0884d8 .functor BUFZ 16, C4<zzzzzzzzzzzzzzzz>; HiZ drive
v0x55efe4762940_192 .net v0x55efe4762940 192, 15 0, o0x7f616e0884d8; 0 drivers
o0x7f616e088508 .functor BUFZ 16, C4<zzzzzzzzzzzzzzzz>; HiZ drive
v0x55efe4762940_193 .net v0x55efe4762940 193, 15 0, o0x7f616e088508; 0 drivers
o0x7f616e088538 .functor BUFZ 16, C4<zzzzzzzzzzzzzzzz>; HiZ drive
v0x55efe4762940_194 .net v0x55efe4762940 194, 15 0, o0x7f616e088538; 0 drivers
o0x7f616e088568 .functor BUFZ 16, C4<zzzzzzzzzzzzzzzz>; HiZ drive
v0x55efe4762940_195 .net v0x55efe4762940 195, 15 0, o0x7f616e088568; 0 drivers
o0x7f616e088598 .functor BUFZ 16, C4<zzzzzzzzzzzzzzzz>; HiZ drive
v0x55efe4762940_196 .net v0x55efe4762940 196, 15 0, o0x7f616e088598; 0 drivers
o0x7f616e0885c8 .functor BUFZ 16, C4<zzzzzzzzzzzzzzzz>; HiZ drive
v0x55efe4762940_197 .net v0x55efe4762940 197, 15 0, o0x7f616e0885c8; 0 drivers
o0x7f616e0885f8 .functor BUFZ 16, C4<zzzzzzzzzzzzzzzz>; HiZ drive
v0x55efe4762940_198 .net v0x55efe4762940 198, 15 0, o0x7f616e0885f8; 0 drivers
o0x7f616e088628 .functor BUFZ 16, C4<zzzzzzzzzzzzzzzz>; HiZ drive
v0x55efe4762940_199 .net v0x55efe4762940 199, 15 0, o0x7f616e088628; 0 drivers
o0x7f616e088658 .functor BUFZ 16, C4<zzzzzzzzzzzzzzzz>; HiZ drive
v0x55efe4762940_200 .net v0x55efe4762940 200, 15 0, o0x7f616e088658; 0 drivers
o0x7f616e088688 .functor BUFZ 16, C4<zzzzzzzzzzzzzzzz>; HiZ drive
v0x55efe4762940_201 .net v0x55efe4762940 201, 15 0, o0x7f616e088688; 0 drivers
o0x7f616e0886b8 .functor BUFZ 16, C4<zzzzzzzzzzzzzzzz>; HiZ drive
v0x55efe4762940_202 .net v0x55efe4762940 202, 15 0, o0x7f616e0886b8; 0 drivers
o0x7f616e0886e8 .functor BUFZ 16, C4<zzzzzzzzzzzzzzzz>; HiZ drive
v0x55efe4762940_203 .net v0x55efe4762940 203, 15 0, o0x7f616e0886e8; 0 drivers
o0x7f616e088718 .functor BUFZ 16, C4<zzzzzzzzzzzzzzzz>; HiZ drive
v0x55efe4762940_204 .net v0x55efe4762940 204, 15 0, o0x7f616e088718; 0 drivers
o0x7f616e088748 .functor BUFZ 16, C4<zzzzzzzzzzzzzzzz>; HiZ drive
v0x55efe4762940_205 .net v0x55efe4762940 205, 15 0, o0x7f616e088748; 0 drivers
o0x7f616e088778 .functor BUFZ 16, C4<zzzzzzzzzzzzzzzz>; HiZ drive
v0x55efe4762940_206 .net v0x55efe4762940 206, 15 0, o0x7f616e088778; 0 drivers
o0x7f616e0887a8 .functor BUFZ 16, C4<zzzzzzzzzzzzzzzz>; HiZ drive
v0x55efe4762940_207 .net v0x55efe4762940 207, 15 0, o0x7f616e0887a8; 0 drivers
o0x7f616e0887d8 .functor BUFZ 16, C4<zzzzzzzzzzzzzzzz>; HiZ drive
v0x55efe4762940_208 .net v0x55efe4762940 208, 15 0, o0x7f616e0887d8; 0 drivers
o0x7f616e088808 .functor BUFZ 16, C4<zzzzzzzzzzzzzzzz>; HiZ drive
v0x55efe4762940_209 .net v0x55efe4762940 209, 15 0, o0x7f616e088808; 0 drivers
o0x7f616e088838 .functor BUFZ 16, C4<zzzzzzzzzzzzzzzz>; HiZ drive
v0x55efe4762940_210 .net v0x55efe4762940 210, 15 0, o0x7f616e088838; 0 drivers
o0x7f616e088868 .functor BUFZ 16, C4<zzzzzzzzzzzzzzzz>; HiZ drive
v0x55efe4762940_211 .net v0x55efe4762940 211, 15 0, o0x7f616e088868; 0 drivers
o0x7f616e088898 .functor BUFZ 16, C4<zzzzzzzzzzzzzzzz>; HiZ drive
v0x55efe4762940_212 .net v0x55efe4762940 212, 15 0, o0x7f616e088898; 0 drivers
o0x7f616e0888c8 .functor BUFZ 16, C4<zzzzzzzzzzzzzzzz>; HiZ drive
v0x55efe4762940_213 .net v0x55efe4762940 213, 15 0, o0x7f616e0888c8; 0 drivers
o0x7f616e0888f8 .functor BUFZ 16, C4<zzzzzzzzzzzzzzzz>; HiZ drive
v0x55efe4762940_214 .net v0x55efe4762940 214, 15 0, o0x7f616e0888f8; 0 drivers
o0x7f616e088928 .functor BUFZ 16, C4<zzzzzzzzzzzzzzzz>; HiZ drive
v0x55efe4762940_215 .net v0x55efe4762940 215, 15 0, o0x7f616e088928; 0 drivers
o0x7f616e088958 .functor BUFZ 16, C4<zzzzzzzzzzzzzzzz>; HiZ drive
v0x55efe4762940_216 .net v0x55efe4762940 216, 15 0, o0x7f616e088958; 0 drivers
o0x7f616e088988 .functor BUFZ 16, C4<zzzzzzzzzzzzzzzz>; HiZ drive
v0x55efe4762940_217 .net v0x55efe4762940 217, 15 0, o0x7f616e088988; 0 drivers
o0x7f616e0889b8 .functor BUFZ 16, C4<zzzzzzzzzzzzzzzz>; HiZ drive
v0x55efe4762940_218 .net v0x55efe4762940 218, 15 0, o0x7f616e0889b8; 0 drivers
o0x7f616e0889e8 .functor BUFZ 16, C4<zzzzzzzzzzzzzzzz>; HiZ drive
v0x55efe4762940_219 .net v0x55efe4762940 219, 15 0, o0x7f616e0889e8; 0 drivers
o0x7f616e088a18 .functor BUFZ 16, C4<zzzzzzzzzzzzzzzz>; HiZ drive
v0x55efe4762940_220 .net v0x55efe4762940 220, 15 0, o0x7f616e088a18; 0 drivers
o0x7f616e088a48 .functor BUFZ 16, C4<zzzzzzzzzzzzzzzz>; HiZ drive
v0x55efe4762940_221 .net v0x55efe4762940 221, 15 0, o0x7f616e088a48; 0 drivers
o0x7f616e088a78 .functor BUFZ 16, C4<zzzzzzzzzzzzzzzz>; HiZ drive
v0x55efe4762940_222 .net v0x55efe4762940 222, 15 0, o0x7f616e088a78; 0 drivers
o0x7f616e088aa8 .functor BUFZ 16, C4<zzzzzzzzzzzzzzzz>; HiZ drive
v0x55efe4762940_223 .net v0x55efe4762940 223, 15 0, o0x7f616e088aa8; 0 drivers
o0x7f616e088ad8 .functor BUFZ 16, C4<zzzzzzzzzzzzzzzz>; HiZ drive
v0x55efe4762940_224 .net v0x55efe4762940 224, 15 0, o0x7f616e088ad8; 0 drivers
o0x7f616e088b08 .functor BUFZ 16, C4<zzzzzzzzzzzzzzzz>; HiZ drive
v0x55efe4762940_225 .net v0x55efe4762940 225, 15 0, o0x7f616e088b08; 0 drivers
o0x7f616e088b38 .functor BUFZ 16, C4<zzzzzzzzzzzzzzzz>; HiZ drive
v0x55efe4762940_226 .net v0x55efe4762940 226, 15 0, o0x7f616e088b38; 0 drivers
o0x7f616e088b68 .functor BUFZ 16, C4<zzzzzzzzzzzzzzzz>; HiZ drive
v0x55efe4762940_227 .net v0x55efe4762940 227, 15 0, o0x7f616e088b68; 0 drivers
o0x7f616e088b98 .functor BUFZ 16, C4<zzzzzzzzzzzzzzzz>; HiZ drive
v0x55efe4762940_228 .net v0x55efe4762940 228, 15 0, o0x7f616e088b98; 0 drivers
o0x7f616e088bc8 .functor BUFZ 16, C4<zzzzzzzzzzzzzzzz>; HiZ drive
v0x55efe4762940_229 .net v0x55efe4762940 229, 15 0, o0x7f616e088bc8; 0 drivers
o0x7f616e088bf8 .functor BUFZ 16, C4<zzzzzzzzzzzzzzzz>; HiZ drive
v0x55efe4762940_230 .net v0x55efe4762940 230, 15 0, o0x7f616e088bf8; 0 drivers
o0x7f616e088c28 .functor BUFZ 16, C4<zzzzzzzzzzzzzzzz>; HiZ drive
v0x55efe4762940_231 .net v0x55efe4762940 231, 15 0, o0x7f616e088c28; 0 drivers
o0x7f616e088c58 .functor BUFZ 16, C4<zzzzzzzzzzzzzzzz>; HiZ drive
v0x55efe4762940_232 .net v0x55efe4762940 232, 15 0, o0x7f616e088c58; 0 drivers
o0x7f616e088c88 .functor BUFZ 16, C4<zzzzzzzzzzzzzzzz>; HiZ drive
v0x55efe4762940_233 .net v0x55efe4762940 233, 15 0, o0x7f616e088c88; 0 drivers
o0x7f616e088cb8 .functor BUFZ 16, C4<zzzzzzzzzzzzzzzz>; HiZ drive
v0x55efe4762940_234 .net v0x55efe4762940 234, 15 0, o0x7f616e088cb8; 0 drivers
o0x7f616e088ce8 .functor BUFZ 16, C4<zzzzzzzzzzzzzzzz>; HiZ drive
v0x55efe4762940_235 .net v0x55efe4762940 235, 15 0, o0x7f616e088ce8; 0 drivers
o0x7f616e088d18 .functor BUFZ 16, C4<zzzzzzzzzzzzzzzz>; HiZ drive
v0x55efe4762940_236 .net v0x55efe4762940 236, 15 0, o0x7f616e088d18; 0 drivers
o0x7f616e088d48 .functor BUFZ 16, C4<zzzzzzzzzzzzzzzz>; HiZ drive
v0x55efe4762940_237 .net v0x55efe4762940 237, 15 0, o0x7f616e088d48; 0 drivers
o0x7f616e088d78 .functor BUFZ 16, C4<zzzzzzzzzzzzzzzz>; HiZ drive
v0x55efe4762940_238 .net v0x55efe4762940 238, 15 0, o0x7f616e088d78; 0 drivers
o0x7f616e088da8 .functor BUFZ 16, C4<zzzzzzzzzzzzzzzz>; HiZ drive
v0x55efe4762940_239 .net v0x55efe4762940 239, 15 0, o0x7f616e088da8; 0 drivers
o0x7f616e088dd8 .functor BUFZ 16, C4<zzzzzzzzzzzzzzzz>; HiZ drive
v0x55efe4762940_240 .net v0x55efe4762940 240, 15 0, o0x7f616e088dd8; 0 drivers
o0x7f616e088e08 .functor BUFZ 16, C4<zzzzzzzzzzzzzzzz>; HiZ drive
v0x55efe4762940_241 .net v0x55efe4762940 241, 15 0, o0x7f616e088e08; 0 drivers
o0x7f616e088e38 .functor BUFZ 16, C4<zzzzzzzzzzzzzzzz>; HiZ drive
v0x55efe4762940_242 .net v0x55efe4762940 242, 15 0, o0x7f616e088e38; 0 drivers
o0x7f616e088e68 .functor BUFZ 16, C4<zzzzzzzzzzzzzzzz>; HiZ drive
v0x55efe4762940_243 .net v0x55efe4762940 243, 15 0, o0x7f616e088e68; 0 drivers
o0x7f616e088e98 .functor BUFZ 16, C4<zzzzzzzzzzzzzzzz>; HiZ drive
v0x55efe4762940_244 .net v0x55efe4762940 244, 15 0, o0x7f616e088e98; 0 drivers
o0x7f616e088ec8 .functor BUFZ 16, C4<zzzzzzzzzzzzzzzz>; HiZ drive
v0x55efe4762940_245 .net v0x55efe4762940 245, 15 0, o0x7f616e088ec8; 0 drivers
o0x7f616e088ef8 .functor BUFZ 16, C4<zzzzzzzzzzzzzzzz>; HiZ drive
v0x55efe4762940_246 .net v0x55efe4762940 246, 15 0, o0x7f616e088ef8; 0 drivers
o0x7f616e088f28 .functor BUFZ 16, C4<zzzzzzzzzzzzzzzz>; HiZ drive
v0x55efe4762940_247 .net v0x55efe4762940 247, 15 0, o0x7f616e088f28; 0 drivers
o0x7f616e088f58 .functor BUFZ 16, C4<zzzzzzzzzzzzzzzz>; HiZ drive
v0x55efe4762940_248 .net v0x55efe4762940 248, 15 0, o0x7f616e088f58; 0 drivers
o0x7f616e088f88 .functor BUFZ 16, C4<zzzzzzzzzzzzzzzz>; HiZ drive
v0x55efe4762940_249 .net v0x55efe4762940 249, 15 0, o0x7f616e088f88; 0 drivers
o0x7f616e088fb8 .functor BUFZ 16, C4<zzzzzzzzzzzzzzzz>; HiZ drive
v0x55efe4762940_250 .net v0x55efe4762940 250, 15 0, o0x7f616e088fb8; 0 drivers
o0x7f616e088fe8 .functor BUFZ 16, C4<zzzzzzzzzzzzzzzz>; HiZ drive
v0x55efe4762940_251 .net v0x55efe4762940 251, 15 0, o0x7f616e088fe8; 0 drivers
o0x7f616e089018 .functor BUFZ 16, C4<zzzzzzzzzzzzzzzz>; HiZ drive
v0x55efe4762940_252 .net v0x55efe4762940 252, 15 0, o0x7f616e089018; 0 drivers
o0x7f616e089048 .functor BUFZ 16, C4<zzzzzzzzzzzzzzzz>; HiZ drive
v0x55efe4762940_253 .net v0x55efe4762940 253, 15 0, o0x7f616e089048; 0 drivers
o0x7f616e089078 .functor BUFZ 16, C4<zzzzzzzzzzzzzzzz>; HiZ drive
v0x55efe4762940_254 .net v0x55efe4762940 254, 15 0, o0x7f616e089078; 0 drivers
o0x7f616e0890a8 .functor BUFZ 16, C4<zzzzzzzzzzzzzzzz>; HiZ drive
v0x55efe4762940_255 .net v0x55efe4762940 255, 15 0, o0x7f616e0890a8; 0 drivers
o0x7f616e0890d8 .functor BUFZ 16, C4<zzzzzzzzzzzzzzzz>; HiZ drive
v0x55efe4762940_256 .net v0x55efe4762940 256, 15 0, o0x7f616e0890d8; 0 drivers
o0x7f616e089108 .functor BUFZ 16, C4<zzzzzzzzzzzzzzzz>; HiZ drive
v0x55efe4762940_257 .net v0x55efe4762940 257, 15 0, o0x7f616e089108; 0 drivers
o0x7f616e089138 .functor BUFZ 16, C4<zzzzzzzzzzzzzzzz>; HiZ drive
v0x55efe4762940_258 .net v0x55efe4762940 258, 15 0, o0x7f616e089138; 0 drivers
o0x7f616e089168 .functor BUFZ 16, C4<zzzzzzzzzzzzzzzz>; HiZ drive
v0x55efe4762940_259 .net v0x55efe4762940 259, 15 0, o0x7f616e089168; 0 drivers
o0x7f616e089198 .functor BUFZ 16, C4<zzzzzzzzzzzzzzzz>; HiZ drive
v0x55efe4762940_260 .net v0x55efe4762940 260, 15 0, o0x7f616e089198; 0 drivers
o0x7f616e0891c8 .functor BUFZ 16, C4<zzzzzzzzzzzzzzzz>; HiZ drive
v0x55efe4762940_261 .net v0x55efe4762940 261, 15 0, o0x7f616e0891c8; 0 drivers
o0x7f616e0891f8 .functor BUFZ 16, C4<zzzzzzzzzzzzzzzz>; HiZ drive
v0x55efe4762940_262 .net v0x55efe4762940 262, 15 0, o0x7f616e0891f8; 0 drivers
o0x7f616e089228 .functor BUFZ 16, C4<zzzzzzzzzzzzzzzz>; HiZ drive
v0x55efe4762940_263 .net v0x55efe4762940 263, 15 0, o0x7f616e089228; 0 drivers
o0x7f616e089258 .functor BUFZ 16, C4<zzzzzzzzzzzzzzzz>; HiZ drive
v0x55efe4762940_264 .net v0x55efe4762940 264, 15 0, o0x7f616e089258; 0 drivers
o0x7f616e089288 .functor BUFZ 16, C4<zzzzzzzzzzzzzzzz>; HiZ drive
v0x55efe4762940_265 .net v0x55efe4762940 265, 15 0, o0x7f616e089288; 0 drivers
o0x7f616e0892b8 .functor BUFZ 16, C4<zzzzzzzzzzzzzzzz>; HiZ drive
v0x55efe4762940_266 .net v0x55efe4762940 266, 15 0, o0x7f616e0892b8; 0 drivers
o0x7f616e0892e8 .functor BUFZ 16, C4<zzzzzzzzzzzzzzzz>; HiZ drive
v0x55efe4762940_267 .net v0x55efe4762940 267, 15 0, o0x7f616e0892e8; 0 drivers
o0x7f616e089318 .functor BUFZ 16, C4<zzzzzzzzzzzzzzzz>; HiZ drive
v0x55efe4762940_268 .net v0x55efe4762940 268, 15 0, o0x7f616e089318; 0 drivers
o0x7f616e089348 .functor BUFZ 16, C4<zzzzzzzzzzzzzzzz>; HiZ drive
v0x55efe4762940_269 .net v0x55efe4762940 269, 15 0, o0x7f616e089348; 0 drivers
o0x7f616e089378 .functor BUFZ 16, C4<zzzzzzzzzzzzzzzz>; HiZ drive
v0x55efe4762940_270 .net v0x55efe4762940 270, 15 0, o0x7f616e089378; 0 drivers
o0x7f616e0893a8 .functor BUFZ 16, C4<zzzzzzzzzzzzzzzz>; HiZ drive
v0x55efe4762940_271 .net v0x55efe4762940 271, 15 0, o0x7f616e0893a8; 0 drivers
o0x7f616e0893d8 .functor BUFZ 16, C4<zzzzzzzzzzzzzzzz>; HiZ drive
v0x55efe4762940_272 .net v0x55efe4762940 272, 15 0, o0x7f616e0893d8; 0 drivers
o0x7f616e089408 .functor BUFZ 16, C4<zzzzzzzzzzzzzzzz>; HiZ drive
v0x55efe4762940_273 .net v0x55efe4762940 273, 15 0, o0x7f616e089408; 0 drivers
o0x7f616e089438 .functor BUFZ 16, C4<zzzzzzzzzzzzzzzz>; HiZ drive
v0x55efe4762940_274 .net v0x55efe4762940 274, 15 0, o0x7f616e089438; 0 drivers
o0x7f616e089468 .functor BUFZ 16, C4<zzzzzzzzzzzzzzzz>; HiZ drive
v0x55efe4762940_275 .net v0x55efe4762940 275, 15 0, o0x7f616e089468; 0 drivers
o0x7f616e089498 .functor BUFZ 16, C4<zzzzzzzzzzzzzzzz>; HiZ drive
v0x55efe4762940_276 .net v0x55efe4762940 276, 15 0, o0x7f616e089498; 0 drivers
o0x7f616e0894c8 .functor BUFZ 16, C4<zzzzzzzzzzzzzzzz>; HiZ drive
v0x55efe4762940_277 .net v0x55efe4762940 277, 15 0, o0x7f616e0894c8; 0 drivers
o0x7f616e0894f8 .functor BUFZ 16, C4<zzzzzzzzzzzzzzzz>; HiZ drive
v0x55efe4762940_278 .net v0x55efe4762940 278, 15 0, o0x7f616e0894f8; 0 drivers
o0x7f616e089528 .functor BUFZ 16, C4<zzzzzzzzzzzzzzzz>; HiZ drive
v0x55efe4762940_279 .net v0x55efe4762940 279, 15 0, o0x7f616e089528; 0 drivers
o0x7f616e089558 .functor BUFZ 16, C4<zzzzzzzzzzzzzzzz>; HiZ drive
v0x55efe4762940_280 .net v0x55efe4762940 280, 15 0, o0x7f616e089558; 0 drivers
o0x7f616e089588 .functor BUFZ 16, C4<zzzzzzzzzzzzzzzz>; HiZ drive
v0x55efe4762940_281 .net v0x55efe4762940 281, 15 0, o0x7f616e089588; 0 drivers
o0x7f616e0895b8 .functor BUFZ 16, C4<zzzzzzzzzzzzzzzz>; HiZ drive
v0x55efe4762940_282 .net v0x55efe4762940 282, 15 0, o0x7f616e0895b8; 0 drivers
o0x7f616e0895e8 .functor BUFZ 16, C4<zzzzzzzzzzzzzzzz>; HiZ drive
v0x55efe4762940_283 .net v0x55efe4762940 283, 15 0, o0x7f616e0895e8; 0 drivers
o0x7f616e089618 .functor BUFZ 16, C4<zzzzzzzzzzzzzzzz>; HiZ drive
v0x55efe4762940_284 .net v0x55efe4762940 284, 15 0, o0x7f616e089618; 0 drivers
o0x7f616e089648 .functor BUFZ 16, C4<zzzzzzzzzzzzzzzz>; HiZ drive
v0x55efe4762940_285 .net v0x55efe4762940 285, 15 0, o0x7f616e089648; 0 drivers
o0x7f616e089678 .functor BUFZ 16, C4<zzzzzzzzzzzzzzzz>; HiZ drive
v0x55efe4762940_286 .net v0x55efe4762940 286, 15 0, o0x7f616e089678; 0 drivers
o0x7f616e0896a8 .functor BUFZ 16, C4<zzzzzzzzzzzzzzzz>; HiZ drive
v0x55efe4762940_287 .net v0x55efe4762940 287, 15 0, o0x7f616e0896a8; 0 drivers
o0x7f616e0896d8 .functor BUFZ 16, C4<zzzzzzzzzzzzzzzz>; HiZ drive
v0x55efe4762940_288 .net v0x55efe4762940 288, 15 0, o0x7f616e0896d8; 0 drivers
o0x7f616e089708 .functor BUFZ 16, C4<zzzzzzzzzzzzzzzz>; HiZ drive
v0x55efe4762940_289 .net v0x55efe4762940 289, 15 0, o0x7f616e089708; 0 drivers
o0x7f616e089738 .functor BUFZ 16, C4<zzzzzzzzzzzzzzzz>; HiZ drive
v0x55efe4762940_290 .net v0x55efe4762940 290, 15 0, o0x7f616e089738; 0 drivers
o0x7f616e089768 .functor BUFZ 16, C4<zzzzzzzzzzzzzzzz>; HiZ drive
v0x55efe4762940_291 .net v0x55efe4762940 291, 15 0, o0x7f616e089768; 0 drivers
o0x7f616e089798 .functor BUFZ 16, C4<zzzzzzzzzzzzzzzz>; HiZ drive
v0x55efe4762940_292 .net v0x55efe4762940 292, 15 0, o0x7f616e089798; 0 drivers
o0x7f616e0897c8 .functor BUFZ 16, C4<zzzzzzzzzzzzzzzz>; HiZ drive
v0x55efe4762940_293 .net v0x55efe4762940 293, 15 0, o0x7f616e0897c8; 0 drivers
o0x7f616e0897f8 .functor BUFZ 16, C4<zzzzzzzzzzzzzzzz>; HiZ drive
v0x55efe4762940_294 .net v0x55efe4762940 294, 15 0, o0x7f616e0897f8; 0 drivers
o0x7f616e089828 .functor BUFZ 16, C4<zzzzzzzzzzzzzzzz>; HiZ drive
v0x55efe4762940_295 .net v0x55efe4762940 295, 15 0, o0x7f616e089828; 0 drivers
o0x7f616e089858 .functor BUFZ 16, C4<zzzzzzzzzzzzzzzz>; HiZ drive
v0x55efe4762940_296 .net v0x55efe4762940 296, 15 0, o0x7f616e089858; 0 drivers
o0x7f616e089888 .functor BUFZ 16, C4<zzzzzzzzzzzzzzzz>; HiZ drive
v0x55efe4762940_297 .net v0x55efe4762940 297, 15 0, o0x7f616e089888; 0 drivers
o0x7f616e0898b8 .functor BUFZ 16, C4<zzzzzzzzzzzzzzzz>; HiZ drive
v0x55efe4762940_298 .net v0x55efe4762940 298, 15 0, o0x7f616e0898b8; 0 drivers
o0x7f616e0898e8 .functor BUFZ 16, C4<zzzzzzzzzzzzzzzz>; HiZ drive
v0x55efe4762940_299 .net v0x55efe4762940 299, 15 0, o0x7f616e0898e8; 0 drivers
o0x7f616e089918 .functor BUFZ 16, C4<zzzzzzzzzzzzzzzz>; HiZ drive
v0x55efe4762940_300 .net v0x55efe4762940 300, 15 0, o0x7f616e089918; 0 drivers
o0x7f616e089948 .functor BUFZ 16, C4<zzzzzzzzzzzzzzzz>; HiZ drive
v0x55efe4762940_301 .net v0x55efe4762940 301, 15 0, o0x7f616e089948; 0 drivers
o0x7f616e089978 .functor BUFZ 16, C4<zzzzzzzzzzzzzzzz>; HiZ drive
v0x55efe4762940_302 .net v0x55efe4762940 302, 15 0, o0x7f616e089978; 0 drivers
o0x7f616e0899a8 .functor BUFZ 16, C4<zzzzzzzzzzzzzzzz>; HiZ drive
v0x55efe4762940_303 .net v0x55efe4762940 303, 15 0, o0x7f616e0899a8; 0 drivers
o0x7f616e0899d8 .functor BUFZ 16, C4<zzzzzzzzzzzzzzzz>; HiZ drive
v0x55efe4762940_304 .net v0x55efe4762940 304, 15 0, o0x7f616e0899d8; 0 drivers
o0x7f616e089a08 .functor BUFZ 16, C4<zzzzzzzzzzzzzzzz>; HiZ drive
v0x55efe4762940_305 .net v0x55efe4762940 305, 15 0, o0x7f616e089a08; 0 drivers
o0x7f616e089a38 .functor BUFZ 16, C4<zzzzzzzzzzzzzzzz>; HiZ drive
v0x55efe4762940_306 .net v0x55efe4762940 306, 15 0, o0x7f616e089a38; 0 drivers
o0x7f616e089a68 .functor BUFZ 16, C4<zzzzzzzzzzzzzzzz>; HiZ drive
v0x55efe4762940_307 .net v0x55efe4762940 307, 15 0, o0x7f616e089a68; 0 drivers
o0x7f616e089a98 .functor BUFZ 16, C4<zzzzzzzzzzzzzzzz>; HiZ drive
v0x55efe4762940_308 .net v0x55efe4762940 308, 15 0, o0x7f616e089a98; 0 drivers
o0x7f616e089ac8 .functor BUFZ 16, C4<zzzzzzzzzzzzzzzz>; HiZ drive
v0x55efe4762940_309 .net v0x55efe4762940 309, 15 0, o0x7f616e089ac8; 0 drivers
o0x7f616e089af8 .functor BUFZ 16, C4<zzzzzzzzzzzzzzzz>; HiZ drive
v0x55efe4762940_310 .net v0x55efe4762940 310, 15 0, o0x7f616e089af8; 0 drivers
o0x7f616e089b28 .functor BUFZ 16, C4<zzzzzzzzzzzzzzzz>; HiZ drive
v0x55efe4762940_311 .net v0x55efe4762940 311, 15 0, o0x7f616e089b28; 0 drivers
o0x7f616e089b58 .functor BUFZ 16, C4<zzzzzzzzzzzzzzzz>; HiZ drive
v0x55efe4762940_312 .net v0x55efe4762940 312, 15 0, o0x7f616e089b58; 0 drivers
o0x7f616e089b88 .functor BUFZ 16, C4<zzzzzzzzzzzzzzzz>; HiZ drive
v0x55efe4762940_313 .net v0x55efe4762940 313, 15 0, o0x7f616e089b88; 0 drivers
o0x7f616e089bb8 .functor BUFZ 16, C4<zzzzzzzzzzzzzzzz>; HiZ drive
v0x55efe4762940_314 .net v0x55efe4762940 314, 15 0, o0x7f616e089bb8; 0 drivers
o0x7f616e089be8 .functor BUFZ 16, C4<zzzzzzzzzzzzzzzz>; HiZ drive
v0x55efe4762940_315 .net v0x55efe4762940 315, 15 0, o0x7f616e089be8; 0 drivers
o0x7f616e089c18 .functor BUFZ 16, C4<zzzzzzzzzzzzzzzz>; HiZ drive
v0x55efe4762940_316 .net v0x55efe4762940 316, 15 0, o0x7f616e089c18; 0 drivers
o0x7f616e089c48 .functor BUFZ 16, C4<zzzzzzzzzzzzzzzz>; HiZ drive
v0x55efe4762940_317 .net v0x55efe4762940 317, 15 0, o0x7f616e089c48; 0 drivers
o0x7f616e089c78 .functor BUFZ 16, C4<zzzzzzzzzzzzzzzz>; HiZ drive
v0x55efe4762940_318 .net v0x55efe4762940 318, 15 0, o0x7f616e089c78; 0 drivers
o0x7f616e089ca8 .functor BUFZ 16, C4<zzzzzzzzzzzzzzzz>; HiZ drive
v0x55efe4762940_319 .net v0x55efe4762940 319, 15 0, o0x7f616e089ca8; 0 drivers
o0x7f616e089cd8 .functor BUFZ 16, C4<zzzzzzzzzzzzzzzz>; HiZ drive
v0x55efe4762940_320 .net v0x55efe4762940 320, 15 0, o0x7f616e089cd8; 0 drivers
o0x7f616e089d08 .functor BUFZ 16, C4<zzzzzzzzzzzzzzzz>; HiZ drive
v0x55efe4762940_321 .net v0x55efe4762940 321, 15 0, o0x7f616e089d08; 0 drivers
o0x7f616e089d38 .functor BUFZ 16, C4<zzzzzzzzzzzzzzzz>; HiZ drive
v0x55efe4762940_322 .net v0x55efe4762940 322, 15 0, o0x7f616e089d38; 0 drivers
o0x7f616e089d68 .functor BUFZ 16, C4<zzzzzzzzzzzzzzzz>; HiZ drive
v0x55efe4762940_323 .net v0x55efe4762940 323, 15 0, o0x7f616e089d68; 0 drivers
o0x7f616e089d98 .functor BUFZ 16, C4<zzzzzzzzzzzzzzzz>; HiZ drive
v0x55efe4762940_324 .net v0x55efe4762940 324, 15 0, o0x7f616e089d98; 0 drivers
o0x7f616e089dc8 .functor BUFZ 16, C4<zzzzzzzzzzzzzzzz>; HiZ drive
v0x55efe4762940_325 .net v0x55efe4762940 325, 15 0, o0x7f616e089dc8; 0 drivers
o0x7f616e089df8 .functor BUFZ 16, C4<zzzzzzzzzzzzzzzz>; HiZ drive
v0x55efe4762940_326 .net v0x55efe4762940 326, 15 0, o0x7f616e089df8; 0 drivers
o0x7f616e089e28 .functor BUFZ 16, C4<zzzzzzzzzzzzzzzz>; HiZ drive
v0x55efe4762940_327 .net v0x55efe4762940 327, 15 0, o0x7f616e089e28; 0 drivers
o0x7f616e089e58 .functor BUFZ 16, C4<zzzzzzzzzzzzzzzz>; HiZ drive
v0x55efe4762940_328 .net v0x55efe4762940 328, 15 0, o0x7f616e089e58; 0 drivers
o0x7f616e089e88 .functor BUFZ 16, C4<zzzzzzzzzzzzzzzz>; HiZ drive
v0x55efe4762940_329 .net v0x55efe4762940 329, 15 0, o0x7f616e089e88; 0 drivers
o0x7f616e089eb8 .functor BUFZ 16, C4<zzzzzzzzzzzzzzzz>; HiZ drive
v0x55efe4762940_330 .net v0x55efe4762940 330, 15 0, o0x7f616e089eb8; 0 drivers
o0x7f616e089ee8 .functor BUFZ 16, C4<zzzzzzzzzzzzzzzz>; HiZ drive
v0x55efe4762940_331 .net v0x55efe4762940 331, 15 0, o0x7f616e089ee8; 0 drivers
o0x7f616e089f18 .functor BUFZ 16, C4<zzzzzzzzzzzzzzzz>; HiZ drive
v0x55efe4762940_332 .net v0x55efe4762940 332, 15 0, o0x7f616e089f18; 0 drivers
o0x7f616e089f48 .functor BUFZ 16, C4<zzzzzzzzzzzzzzzz>; HiZ drive
v0x55efe4762940_333 .net v0x55efe4762940 333, 15 0, o0x7f616e089f48; 0 drivers
o0x7f616e089f78 .functor BUFZ 16, C4<zzzzzzzzzzzzzzzz>; HiZ drive
v0x55efe4762940_334 .net v0x55efe4762940 334, 15 0, o0x7f616e089f78; 0 drivers
o0x7f616e089fa8 .functor BUFZ 16, C4<zzzzzzzzzzzzzzzz>; HiZ drive
v0x55efe4762940_335 .net v0x55efe4762940 335, 15 0, o0x7f616e089fa8; 0 drivers
o0x7f616e089fd8 .functor BUFZ 16, C4<zzzzzzzzzzzzzzzz>; HiZ drive
v0x55efe4762940_336 .net v0x55efe4762940 336, 15 0, o0x7f616e089fd8; 0 drivers
o0x7f616e08a008 .functor BUFZ 16, C4<zzzzzzzzzzzzzzzz>; HiZ drive
v0x55efe4762940_337 .net v0x55efe4762940 337, 15 0, o0x7f616e08a008; 0 drivers
o0x7f616e08a038 .functor BUFZ 16, C4<zzzzzzzzzzzzzzzz>; HiZ drive
v0x55efe4762940_338 .net v0x55efe4762940 338, 15 0, o0x7f616e08a038; 0 drivers
o0x7f616e08a068 .functor BUFZ 16, C4<zzzzzzzzzzzzzzzz>; HiZ drive
v0x55efe4762940_339 .net v0x55efe4762940 339, 15 0, o0x7f616e08a068; 0 drivers
o0x7f616e08a098 .functor BUFZ 16, C4<zzzzzzzzzzzzzzzz>; HiZ drive
v0x55efe4762940_340 .net v0x55efe4762940 340, 15 0, o0x7f616e08a098; 0 drivers
o0x7f616e08a0c8 .functor BUFZ 16, C4<zzzzzzzzzzzzzzzz>; HiZ drive
v0x55efe4762940_341 .net v0x55efe4762940 341, 15 0, o0x7f616e08a0c8; 0 drivers
o0x7f616e08a0f8 .functor BUFZ 16, C4<zzzzzzzzzzzzzzzz>; HiZ drive
v0x55efe4762940_342 .net v0x55efe4762940 342, 15 0, o0x7f616e08a0f8; 0 drivers
o0x7f616e08a128 .functor BUFZ 16, C4<zzzzzzzzzzzzzzzz>; HiZ drive
v0x55efe4762940_343 .net v0x55efe4762940 343, 15 0, o0x7f616e08a128; 0 drivers
o0x7f616e08a158 .functor BUFZ 16, C4<zzzzzzzzzzzzzzzz>; HiZ drive
v0x55efe4762940_344 .net v0x55efe4762940 344, 15 0, o0x7f616e08a158; 0 drivers
o0x7f616e08a188 .functor BUFZ 16, C4<zzzzzzzzzzzzzzzz>; HiZ drive
v0x55efe4762940_345 .net v0x55efe4762940 345, 15 0, o0x7f616e08a188; 0 drivers
o0x7f616e08a1b8 .functor BUFZ 16, C4<zzzzzzzzzzzzzzzz>; HiZ drive
v0x55efe4762940_346 .net v0x55efe4762940 346, 15 0, o0x7f616e08a1b8; 0 drivers
o0x7f616e08a1e8 .functor BUFZ 16, C4<zzzzzzzzzzzzzzzz>; HiZ drive
v0x55efe4762940_347 .net v0x55efe4762940 347, 15 0, o0x7f616e08a1e8; 0 drivers
o0x7f616e08a218 .functor BUFZ 16, C4<zzzzzzzzzzzzzzzz>; HiZ drive
v0x55efe4762940_348 .net v0x55efe4762940 348, 15 0, o0x7f616e08a218; 0 drivers
o0x7f616e08a248 .functor BUFZ 16, C4<zzzzzzzzzzzzzzzz>; HiZ drive
v0x55efe4762940_349 .net v0x55efe4762940 349, 15 0, o0x7f616e08a248; 0 drivers
o0x7f616e08a278 .functor BUFZ 16, C4<zzzzzzzzzzzzzzzz>; HiZ drive
v0x55efe4762940_350 .net v0x55efe4762940 350, 15 0, o0x7f616e08a278; 0 drivers
o0x7f616e08a2a8 .functor BUFZ 16, C4<zzzzzzzzzzzzzzzz>; HiZ drive
v0x55efe4762940_351 .net v0x55efe4762940 351, 15 0, o0x7f616e08a2a8; 0 drivers
o0x7f616e08a2d8 .functor BUFZ 16, C4<zzzzzzzzzzzzzzzz>; HiZ drive
v0x55efe4762940_352 .net v0x55efe4762940 352, 15 0, o0x7f616e08a2d8; 0 drivers
o0x7f616e08a308 .functor BUFZ 16, C4<zzzzzzzzzzzzzzzz>; HiZ drive
v0x55efe4762940_353 .net v0x55efe4762940 353, 15 0, o0x7f616e08a308; 0 drivers
o0x7f616e08a338 .functor BUFZ 16, C4<zzzzzzzzzzzzzzzz>; HiZ drive
v0x55efe4762940_354 .net v0x55efe4762940 354, 15 0, o0x7f616e08a338; 0 drivers
o0x7f616e08a368 .functor BUFZ 16, C4<zzzzzzzzzzzzzzzz>; HiZ drive
v0x55efe4762940_355 .net v0x55efe4762940 355, 15 0, o0x7f616e08a368; 0 drivers
o0x7f616e08a398 .functor BUFZ 16, C4<zzzzzzzzzzzzzzzz>; HiZ drive
v0x55efe4762940_356 .net v0x55efe4762940 356, 15 0, o0x7f616e08a398; 0 drivers
o0x7f616e08a3c8 .functor BUFZ 16, C4<zzzzzzzzzzzzzzzz>; HiZ drive
v0x55efe4762940_357 .net v0x55efe4762940 357, 15 0, o0x7f616e08a3c8; 0 drivers
o0x7f616e08a3f8 .functor BUFZ 16, C4<zzzzzzzzzzzzzzzz>; HiZ drive
v0x55efe4762940_358 .net v0x55efe4762940 358, 15 0, o0x7f616e08a3f8; 0 drivers
o0x7f616e08a428 .functor BUFZ 16, C4<zzzzzzzzzzzzzzzz>; HiZ drive
v0x55efe4762940_359 .net v0x55efe4762940 359, 15 0, o0x7f616e08a428; 0 drivers
o0x7f616e08a458 .functor BUFZ 16, C4<zzzzzzzzzzzzzzzz>; HiZ drive
v0x55efe4762940_360 .net v0x55efe4762940 360, 15 0, o0x7f616e08a458; 0 drivers
o0x7f616e08a488 .functor BUFZ 16, C4<zzzzzzzzzzzzzzzz>; HiZ drive
v0x55efe4762940_361 .net v0x55efe4762940 361, 15 0, o0x7f616e08a488; 0 drivers
o0x7f616e08a4b8 .functor BUFZ 16, C4<zzzzzzzzzzzzzzzz>; HiZ drive
v0x55efe4762940_362 .net v0x55efe4762940 362, 15 0, o0x7f616e08a4b8; 0 drivers
o0x7f616e08a4e8 .functor BUFZ 16, C4<zzzzzzzzzzzzzzzz>; HiZ drive
v0x55efe4762940_363 .net v0x55efe4762940 363, 15 0, o0x7f616e08a4e8; 0 drivers
o0x7f616e08a518 .functor BUFZ 16, C4<zzzzzzzzzzzzzzzz>; HiZ drive
v0x55efe4762940_364 .net v0x55efe4762940 364, 15 0, o0x7f616e08a518; 0 drivers
o0x7f616e08a548 .functor BUFZ 16, C4<zzzzzzzzzzzzzzzz>; HiZ drive
v0x55efe4762940_365 .net v0x55efe4762940 365, 15 0, o0x7f616e08a548; 0 drivers
o0x7f616e08a578 .functor BUFZ 16, C4<zzzzzzzzzzzzzzzz>; HiZ drive
v0x55efe4762940_366 .net v0x55efe4762940 366, 15 0, o0x7f616e08a578; 0 drivers
o0x7f616e08a5a8 .functor BUFZ 16, C4<zzzzzzzzzzzzzzzz>; HiZ drive
v0x55efe4762940_367 .net v0x55efe4762940 367, 15 0, o0x7f616e08a5a8; 0 drivers
o0x7f616e08a5d8 .functor BUFZ 16, C4<zzzzzzzzzzzzzzzz>; HiZ drive
v0x55efe4762940_368 .net v0x55efe4762940 368, 15 0, o0x7f616e08a5d8; 0 drivers
o0x7f616e08a608 .functor BUFZ 16, C4<zzzzzzzzzzzzzzzz>; HiZ drive
v0x55efe4762940_369 .net v0x55efe4762940 369, 15 0, o0x7f616e08a608; 0 drivers
o0x7f616e08a638 .functor BUFZ 16, C4<zzzzzzzzzzzzzzzz>; HiZ drive
v0x55efe4762940_370 .net v0x55efe4762940 370, 15 0, o0x7f616e08a638; 0 drivers
o0x7f616e08a668 .functor BUFZ 16, C4<zzzzzzzzzzzzzzzz>; HiZ drive
v0x55efe4762940_371 .net v0x55efe4762940 371, 15 0, o0x7f616e08a668; 0 drivers
o0x7f616e08a698 .functor BUFZ 16, C4<zzzzzzzzzzzzzzzz>; HiZ drive
v0x55efe4762940_372 .net v0x55efe4762940 372, 15 0, o0x7f616e08a698; 0 drivers
o0x7f616e08a6c8 .functor BUFZ 16, C4<zzzzzzzzzzzzzzzz>; HiZ drive
v0x55efe4762940_373 .net v0x55efe4762940 373, 15 0, o0x7f616e08a6c8; 0 drivers
o0x7f616e08a6f8 .functor BUFZ 16, C4<zzzzzzzzzzzzzzzz>; HiZ drive
v0x55efe4762940_374 .net v0x55efe4762940 374, 15 0, o0x7f616e08a6f8; 0 drivers
o0x7f616e08a728 .functor BUFZ 16, C4<zzzzzzzzzzzzzzzz>; HiZ drive
v0x55efe4762940_375 .net v0x55efe4762940 375, 15 0, o0x7f616e08a728; 0 drivers
o0x7f616e08a758 .functor BUFZ 16, C4<zzzzzzzzzzzzzzzz>; HiZ drive
v0x55efe4762940_376 .net v0x55efe4762940 376, 15 0, o0x7f616e08a758; 0 drivers
o0x7f616e08a788 .functor BUFZ 16, C4<zzzzzzzzzzzzzzzz>; HiZ drive
v0x55efe4762940_377 .net v0x55efe4762940 377, 15 0, o0x7f616e08a788; 0 drivers
o0x7f616e08a7b8 .functor BUFZ 16, C4<zzzzzzzzzzzzzzzz>; HiZ drive
v0x55efe4762940_378 .net v0x55efe4762940 378, 15 0, o0x7f616e08a7b8; 0 drivers
o0x7f616e08a7e8 .functor BUFZ 16, C4<zzzzzzzzzzzzzzzz>; HiZ drive
v0x55efe4762940_379 .net v0x55efe4762940 379, 15 0, o0x7f616e08a7e8; 0 drivers
o0x7f616e08a818 .functor BUFZ 16, C4<zzzzzzzzzzzzzzzz>; HiZ drive
v0x55efe4762940_380 .net v0x55efe4762940 380, 15 0, o0x7f616e08a818; 0 drivers
o0x7f616e08a848 .functor BUFZ 16, C4<zzzzzzzzzzzzzzzz>; HiZ drive
v0x55efe4762940_381 .net v0x55efe4762940 381, 15 0, o0x7f616e08a848; 0 drivers
o0x7f616e08a878 .functor BUFZ 16, C4<zzzzzzzzzzzzzzzz>; HiZ drive
v0x55efe4762940_382 .net v0x55efe4762940 382, 15 0, o0x7f616e08a878; 0 drivers
o0x7f616e08a8a8 .functor BUFZ 16, C4<zzzzzzzzzzzzzzzz>; HiZ drive
v0x55efe4762940_383 .net v0x55efe4762940 383, 15 0, o0x7f616e08a8a8; 0 drivers
o0x7f616e08a8d8 .functor BUFZ 16, C4<zzzzzzzzzzzzzzzz>; HiZ drive
v0x55efe4762940_384 .net v0x55efe4762940 384, 15 0, o0x7f616e08a8d8; 0 drivers
o0x7f616e08a908 .functor BUFZ 16, C4<zzzzzzzzzzzzzzzz>; HiZ drive
v0x55efe4762940_385 .net v0x55efe4762940 385, 15 0, o0x7f616e08a908; 0 drivers
o0x7f616e08a938 .functor BUFZ 16, C4<zzzzzzzzzzzzzzzz>; HiZ drive
v0x55efe4762940_386 .net v0x55efe4762940 386, 15 0, o0x7f616e08a938; 0 drivers
o0x7f616e08a968 .functor BUFZ 16, C4<zzzzzzzzzzzzzzzz>; HiZ drive
v0x55efe4762940_387 .net v0x55efe4762940 387, 15 0, o0x7f616e08a968; 0 drivers
o0x7f616e08a998 .functor BUFZ 16, C4<zzzzzzzzzzzzzzzz>; HiZ drive
v0x55efe4762940_388 .net v0x55efe4762940 388, 15 0, o0x7f616e08a998; 0 drivers
o0x7f616e08a9c8 .functor BUFZ 16, C4<zzzzzzzzzzzzzzzz>; HiZ drive
v0x55efe4762940_389 .net v0x55efe4762940 389, 15 0, o0x7f616e08a9c8; 0 drivers
o0x7f616e08a9f8 .functor BUFZ 16, C4<zzzzzzzzzzzzzzzz>; HiZ drive
v0x55efe4762940_390 .net v0x55efe4762940 390, 15 0, o0x7f616e08a9f8; 0 drivers
o0x7f616e08aa28 .functor BUFZ 16, C4<zzzzzzzzzzzzzzzz>; HiZ drive
v0x55efe4762940_391 .net v0x55efe4762940 391, 15 0, o0x7f616e08aa28; 0 drivers
o0x7f616e08aa58 .functor BUFZ 16, C4<zzzzzzzzzzzzzzzz>; HiZ drive
v0x55efe4762940_392 .net v0x55efe4762940 392, 15 0, o0x7f616e08aa58; 0 drivers
o0x7f616e08aa88 .functor BUFZ 16, C4<zzzzzzzzzzzzzzzz>; HiZ drive
v0x55efe4762940_393 .net v0x55efe4762940 393, 15 0, o0x7f616e08aa88; 0 drivers
o0x7f616e08aab8 .functor BUFZ 16, C4<zzzzzzzzzzzzzzzz>; HiZ drive
v0x55efe4762940_394 .net v0x55efe4762940 394, 15 0, o0x7f616e08aab8; 0 drivers
o0x7f616e08aae8 .functor BUFZ 16, C4<zzzzzzzzzzzzzzzz>; HiZ drive
v0x55efe4762940_395 .net v0x55efe4762940 395, 15 0, o0x7f616e08aae8; 0 drivers
o0x7f616e08ab18 .functor BUFZ 16, C4<zzzzzzzzzzzzzzzz>; HiZ drive
v0x55efe4762940_396 .net v0x55efe4762940 396, 15 0, o0x7f616e08ab18; 0 drivers
o0x7f616e08ab48 .functor BUFZ 16, C4<zzzzzzzzzzzzzzzz>; HiZ drive
v0x55efe4762940_397 .net v0x55efe4762940 397, 15 0, o0x7f616e08ab48; 0 drivers
o0x7f616e08ab78 .functor BUFZ 16, C4<zzzzzzzzzzzzzzzz>; HiZ drive
v0x55efe4762940_398 .net v0x55efe4762940 398, 15 0, o0x7f616e08ab78; 0 drivers
o0x7f616e08aba8 .functor BUFZ 16, C4<zzzzzzzzzzzzzzzz>; HiZ drive
v0x55efe4762940_399 .net v0x55efe4762940 399, 15 0, o0x7f616e08aba8; 0 drivers
o0x7f616e08abd8 .functor BUFZ 16, C4<zzzzzzzzzzzzzzzz>; HiZ drive
v0x55efe4762940_400 .net v0x55efe4762940 400, 15 0, o0x7f616e08abd8; 0 drivers
o0x7f616e08ac08 .functor BUFZ 16, C4<zzzzzzzzzzzzzzzz>; HiZ drive
v0x55efe4762940_401 .net v0x55efe4762940 401, 15 0, o0x7f616e08ac08; 0 drivers
o0x7f616e08ac38 .functor BUFZ 16, C4<zzzzzzzzzzzzzzzz>; HiZ drive
v0x55efe4762940_402 .net v0x55efe4762940 402, 15 0, o0x7f616e08ac38; 0 drivers
o0x7f616e08ac68 .functor BUFZ 16, C4<zzzzzzzzzzzzzzzz>; HiZ drive
v0x55efe4762940_403 .net v0x55efe4762940 403, 15 0, o0x7f616e08ac68; 0 drivers
o0x7f616e08ac98 .functor BUFZ 16, C4<zzzzzzzzzzzzzzzz>; HiZ drive
v0x55efe4762940_404 .net v0x55efe4762940 404, 15 0, o0x7f616e08ac98; 0 drivers
o0x7f616e08acc8 .functor BUFZ 16, C4<zzzzzzzzzzzzzzzz>; HiZ drive
v0x55efe4762940_405 .net v0x55efe4762940 405, 15 0, o0x7f616e08acc8; 0 drivers
o0x7f616e08acf8 .functor BUFZ 16, C4<zzzzzzzzzzzzzzzz>; HiZ drive
v0x55efe4762940_406 .net v0x55efe4762940 406, 15 0, o0x7f616e08acf8; 0 drivers
o0x7f616e08ad28 .functor BUFZ 16, C4<zzzzzzzzzzzzzzzz>; HiZ drive
v0x55efe4762940_407 .net v0x55efe4762940 407, 15 0, o0x7f616e08ad28; 0 drivers
o0x7f616e08ad58 .functor BUFZ 16, C4<zzzzzzzzzzzzzzzz>; HiZ drive
v0x55efe4762940_408 .net v0x55efe4762940 408, 15 0, o0x7f616e08ad58; 0 drivers
o0x7f616e08ad88 .functor BUFZ 16, C4<zzzzzzzzzzzzzzzz>; HiZ drive
v0x55efe4762940_409 .net v0x55efe4762940 409, 15 0, o0x7f616e08ad88; 0 drivers
o0x7f616e08adb8 .functor BUFZ 16, C4<zzzzzzzzzzzzzzzz>; HiZ drive
v0x55efe4762940_410 .net v0x55efe4762940 410, 15 0, o0x7f616e08adb8; 0 drivers
o0x7f616e08ade8 .functor BUFZ 16, C4<zzzzzzzzzzzzzzzz>; HiZ drive
v0x55efe4762940_411 .net v0x55efe4762940 411, 15 0, o0x7f616e08ade8; 0 drivers
o0x7f616e08ae18 .functor BUFZ 16, C4<zzzzzzzzzzzzzzzz>; HiZ drive
v0x55efe4762940_412 .net v0x55efe4762940 412, 15 0, o0x7f616e08ae18; 0 drivers
o0x7f616e08ae48 .functor BUFZ 16, C4<zzzzzzzzzzzzzzzz>; HiZ drive
v0x55efe4762940_413 .net v0x55efe4762940 413, 15 0, o0x7f616e08ae48; 0 drivers
o0x7f616e08ae78 .functor BUFZ 16, C4<zzzzzzzzzzzzzzzz>; HiZ drive
v0x55efe4762940_414 .net v0x55efe4762940 414, 15 0, o0x7f616e08ae78; 0 drivers
o0x7f616e08aea8 .functor BUFZ 16, C4<zzzzzzzzzzzzzzzz>; HiZ drive
v0x55efe4762940_415 .net v0x55efe4762940 415, 15 0, o0x7f616e08aea8; 0 drivers
o0x7f616e08aed8 .functor BUFZ 16, C4<zzzzzzzzzzzzzzzz>; HiZ drive
v0x55efe4762940_416 .net v0x55efe4762940 416, 15 0, o0x7f616e08aed8; 0 drivers
o0x7f616e08af08 .functor BUFZ 16, C4<zzzzzzzzzzzzzzzz>; HiZ drive
v0x55efe4762940_417 .net v0x55efe4762940 417, 15 0, o0x7f616e08af08; 0 drivers
o0x7f616e08af38 .functor BUFZ 16, C4<zzzzzzzzzzzzzzzz>; HiZ drive
v0x55efe4762940_418 .net v0x55efe4762940 418, 15 0, o0x7f616e08af38; 0 drivers
o0x7f616e08af68 .functor BUFZ 16, C4<zzzzzzzzzzzzzzzz>; HiZ drive
v0x55efe4762940_419 .net v0x55efe4762940 419, 15 0, o0x7f616e08af68; 0 drivers
o0x7f616e08af98 .functor BUFZ 16, C4<zzzzzzzzzzzzzzzz>; HiZ drive
v0x55efe4762940_420 .net v0x55efe4762940 420, 15 0, o0x7f616e08af98; 0 drivers
o0x7f616e08afc8 .functor BUFZ 16, C4<zzzzzzzzzzzzzzzz>; HiZ drive
v0x55efe4762940_421 .net v0x55efe4762940 421, 15 0, o0x7f616e08afc8; 0 drivers
o0x7f616e08aff8 .functor BUFZ 16, C4<zzzzzzzzzzzzzzzz>; HiZ drive
v0x55efe4762940_422 .net v0x55efe4762940 422, 15 0, o0x7f616e08aff8; 0 drivers
o0x7f616e08b028 .functor BUFZ 16, C4<zzzzzzzzzzzzzzzz>; HiZ drive
v0x55efe4762940_423 .net v0x55efe4762940 423, 15 0, o0x7f616e08b028; 0 drivers
o0x7f616e08b058 .functor BUFZ 16, C4<zzzzzzzzzzzzzzzz>; HiZ drive
v0x55efe4762940_424 .net v0x55efe4762940 424, 15 0, o0x7f616e08b058; 0 drivers
o0x7f616e08b088 .functor BUFZ 16, C4<zzzzzzzzzzzzzzzz>; HiZ drive
v0x55efe4762940_425 .net v0x55efe4762940 425, 15 0, o0x7f616e08b088; 0 drivers
o0x7f616e08b0b8 .functor BUFZ 16, C4<zzzzzzzzzzzzzzzz>; HiZ drive
v0x55efe4762940_426 .net v0x55efe4762940 426, 15 0, o0x7f616e08b0b8; 0 drivers
o0x7f616e08b0e8 .functor BUFZ 16, C4<zzzzzzzzzzzzzzzz>; HiZ drive
v0x55efe4762940_427 .net v0x55efe4762940 427, 15 0, o0x7f616e08b0e8; 0 drivers
o0x7f616e08b118 .functor BUFZ 16, C4<zzzzzzzzzzzzzzzz>; HiZ drive
v0x55efe4762940_428 .net v0x55efe4762940 428, 15 0, o0x7f616e08b118; 0 drivers
o0x7f616e08b148 .functor BUFZ 16, C4<zzzzzzzzzzzzzzzz>; HiZ drive
v0x55efe4762940_429 .net v0x55efe4762940 429, 15 0, o0x7f616e08b148; 0 drivers
o0x7f616e08b178 .functor BUFZ 16, C4<zzzzzzzzzzzzzzzz>; HiZ drive
v0x55efe4762940_430 .net v0x55efe4762940 430, 15 0, o0x7f616e08b178; 0 drivers
o0x7f616e08b1a8 .functor BUFZ 16, C4<zzzzzzzzzzzzzzzz>; HiZ drive
v0x55efe4762940_431 .net v0x55efe4762940 431, 15 0, o0x7f616e08b1a8; 0 drivers
o0x7f616e08b1d8 .functor BUFZ 16, C4<zzzzzzzzzzzzzzzz>; HiZ drive
v0x55efe4762940_432 .net v0x55efe4762940 432, 15 0, o0x7f616e08b1d8; 0 drivers
o0x7f616e08b208 .functor BUFZ 16, C4<zzzzzzzzzzzzzzzz>; HiZ drive
v0x55efe4762940_433 .net v0x55efe4762940 433, 15 0, o0x7f616e08b208; 0 drivers
o0x7f616e08b238 .functor BUFZ 16, C4<zzzzzzzzzzzzzzzz>; HiZ drive
v0x55efe4762940_434 .net v0x55efe4762940 434, 15 0, o0x7f616e08b238; 0 drivers
o0x7f616e08b268 .functor BUFZ 16, C4<zzzzzzzzzzzzzzzz>; HiZ drive
v0x55efe4762940_435 .net v0x55efe4762940 435, 15 0, o0x7f616e08b268; 0 drivers
o0x7f616e08b298 .functor BUFZ 16, C4<zzzzzzzzzzzzzzzz>; HiZ drive
v0x55efe4762940_436 .net v0x55efe4762940 436, 15 0, o0x7f616e08b298; 0 drivers
o0x7f616e08b2c8 .functor BUFZ 16, C4<zzzzzzzzzzzzzzzz>; HiZ drive
v0x55efe4762940_437 .net v0x55efe4762940 437, 15 0, o0x7f616e08b2c8; 0 drivers
o0x7f616e08b2f8 .functor BUFZ 16, C4<zzzzzzzzzzzzzzzz>; HiZ drive
v0x55efe4762940_438 .net v0x55efe4762940 438, 15 0, o0x7f616e08b2f8; 0 drivers
o0x7f616e08b328 .functor BUFZ 16, C4<zzzzzzzzzzzzzzzz>; HiZ drive
v0x55efe4762940_439 .net v0x55efe4762940 439, 15 0, o0x7f616e08b328; 0 drivers
o0x7f616e08b358 .functor BUFZ 16, C4<zzzzzzzzzzzzzzzz>; HiZ drive
v0x55efe4762940_440 .net v0x55efe4762940 440, 15 0, o0x7f616e08b358; 0 drivers
o0x7f616e08b388 .functor BUFZ 16, C4<zzzzzzzzzzzzzzzz>; HiZ drive
v0x55efe4762940_441 .net v0x55efe4762940 441, 15 0, o0x7f616e08b388; 0 drivers
o0x7f616e08b3b8 .functor BUFZ 16, C4<zzzzzzzzzzzzzzzz>; HiZ drive
v0x55efe4762940_442 .net v0x55efe4762940 442, 15 0, o0x7f616e08b3b8; 0 drivers
o0x7f616e08b3e8 .functor BUFZ 16, C4<zzzzzzzzzzzzzzzz>; HiZ drive
v0x55efe4762940_443 .net v0x55efe4762940 443, 15 0, o0x7f616e08b3e8; 0 drivers
o0x7f616e08b418 .functor BUFZ 16, C4<zzzzzzzzzzzzzzzz>; HiZ drive
v0x55efe4762940_444 .net v0x55efe4762940 444, 15 0, o0x7f616e08b418; 0 drivers
o0x7f616e08b448 .functor BUFZ 16, C4<zzzzzzzzzzzzzzzz>; HiZ drive
v0x55efe4762940_445 .net v0x55efe4762940 445, 15 0, o0x7f616e08b448; 0 drivers
o0x7f616e08b478 .functor BUFZ 16, C4<zzzzzzzzzzzzzzzz>; HiZ drive
v0x55efe4762940_446 .net v0x55efe4762940 446, 15 0, o0x7f616e08b478; 0 drivers
o0x7f616e08b4a8 .functor BUFZ 16, C4<zzzzzzzzzzzzzzzz>; HiZ drive
v0x55efe4762940_447 .net v0x55efe4762940 447, 15 0, o0x7f616e08b4a8; 0 drivers
o0x7f616e08b4d8 .functor BUFZ 16, C4<zzzzzzzzzzzzzzzz>; HiZ drive
v0x55efe4762940_448 .net v0x55efe4762940 448, 15 0, o0x7f616e08b4d8; 0 drivers
o0x7f616e08b508 .functor BUFZ 16, C4<zzzzzzzzzzzzzzzz>; HiZ drive
v0x55efe4762940_449 .net v0x55efe4762940 449, 15 0, o0x7f616e08b508; 0 drivers
o0x7f616e08b538 .functor BUFZ 16, C4<zzzzzzzzzzzzzzzz>; HiZ drive
v0x55efe4762940_450 .net v0x55efe4762940 450, 15 0, o0x7f616e08b538; 0 drivers
o0x7f616e08b568 .functor BUFZ 16, C4<zzzzzzzzzzzzzzzz>; HiZ drive
v0x55efe4762940_451 .net v0x55efe4762940 451, 15 0, o0x7f616e08b568; 0 drivers
o0x7f616e08b598 .functor BUFZ 16, C4<zzzzzzzzzzzzzzzz>; HiZ drive
v0x55efe4762940_452 .net v0x55efe4762940 452, 15 0, o0x7f616e08b598; 0 drivers
o0x7f616e08b5c8 .functor BUFZ 16, C4<zzzzzzzzzzzzzzzz>; HiZ drive
v0x55efe4762940_453 .net v0x55efe4762940 453, 15 0, o0x7f616e08b5c8; 0 drivers
o0x7f616e08b5f8 .functor BUFZ 16, C4<zzzzzzzzzzzzzzzz>; HiZ drive
v0x55efe4762940_454 .net v0x55efe4762940 454, 15 0, o0x7f616e08b5f8; 0 drivers
o0x7f616e08b628 .functor BUFZ 16, C4<zzzzzzzzzzzzzzzz>; HiZ drive
v0x55efe4762940_455 .net v0x55efe4762940 455, 15 0, o0x7f616e08b628; 0 drivers
o0x7f616e08b658 .functor BUFZ 16, C4<zzzzzzzzzzzzzzzz>; HiZ drive
v0x55efe4762940_456 .net v0x55efe4762940 456, 15 0, o0x7f616e08b658; 0 drivers
o0x7f616e08b688 .functor BUFZ 16, C4<zzzzzzzzzzzzzzzz>; HiZ drive
v0x55efe4762940_457 .net v0x55efe4762940 457, 15 0, o0x7f616e08b688; 0 drivers
o0x7f616e08b6b8 .functor BUFZ 16, C4<zzzzzzzzzzzzzzzz>; HiZ drive
v0x55efe4762940_458 .net v0x55efe4762940 458, 15 0, o0x7f616e08b6b8; 0 drivers
o0x7f616e08b6e8 .functor BUFZ 16, C4<zzzzzzzzzzzzzzzz>; HiZ drive
v0x55efe4762940_459 .net v0x55efe4762940 459, 15 0, o0x7f616e08b6e8; 0 drivers
o0x7f616e08b718 .functor BUFZ 16, C4<zzzzzzzzzzzzzzzz>; HiZ drive
v0x55efe4762940_460 .net v0x55efe4762940 460, 15 0, o0x7f616e08b718; 0 drivers
o0x7f616e08b748 .functor BUFZ 16, C4<zzzzzzzzzzzzzzzz>; HiZ drive
v0x55efe4762940_461 .net v0x55efe4762940 461, 15 0, o0x7f616e08b748; 0 drivers
o0x7f616e08b778 .functor BUFZ 16, C4<zzzzzzzzzzzzzzzz>; HiZ drive
v0x55efe4762940_462 .net v0x55efe4762940 462, 15 0, o0x7f616e08b778; 0 drivers
o0x7f616e08b7a8 .functor BUFZ 16, C4<zzzzzzzzzzzzzzzz>; HiZ drive
v0x55efe4762940_463 .net v0x55efe4762940 463, 15 0, o0x7f616e08b7a8; 0 drivers
o0x7f616e08b7d8 .functor BUFZ 16, C4<zzzzzzzzzzzzzzzz>; HiZ drive
v0x55efe4762940_464 .net v0x55efe4762940 464, 15 0, o0x7f616e08b7d8; 0 drivers
o0x7f616e08b808 .functor BUFZ 16, C4<zzzzzzzzzzzzzzzz>; HiZ drive
v0x55efe4762940_465 .net v0x55efe4762940 465, 15 0, o0x7f616e08b808; 0 drivers
o0x7f616e08b838 .functor BUFZ 16, C4<zzzzzzzzzzzzzzzz>; HiZ drive
v0x55efe4762940_466 .net v0x55efe4762940 466, 15 0, o0x7f616e08b838; 0 drivers
o0x7f616e08b868 .functor BUFZ 16, C4<zzzzzzzzzzzzzzzz>; HiZ drive
v0x55efe4762940_467 .net v0x55efe4762940 467, 15 0, o0x7f616e08b868; 0 drivers
o0x7f616e08b898 .functor BUFZ 16, C4<zzzzzzzzzzzzzzzz>; HiZ drive
v0x55efe4762940_468 .net v0x55efe4762940 468, 15 0, o0x7f616e08b898; 0 drivers
o0x7f616e08b8c8 .functor BUFZ 16, C4<zzzzzzzzzzzzzzzz>; HiZ drive
v0x55efe4762940_469 .net v0x55efe4762940 469, 15 0, o0x7f616e08b8c8; 0 drivers
o0x7f616e08b8f8 .functor BUFZ 16, C4<zzzzzzzzzzzzzzzz>; HiZ drive
v0x55efe4762940_470 .net v0x55efe4762940 470, 15 0, o0x7f616e08b8f8; 0 drivers
o0x7f616e08b928 .functor BUFZ 16, C4<zzzzzzzzzzzzzzzz>; HiZ drive
v0x55efe4762940_471 .net v0x55efe4762940 471, 15 0, o0x7f616e08b928; 0 drivers
o0x7f616e08b958 .functor BUFZ 16, C4<zzzzzzzzzzzzzzzz>; HiZ drive
v0x55efe4762940_472 .net v0x55efe4762940 472, 15 0, o0x7f616e08b958; 0 drivers
o0x7f616e08b988 .functor BUFZ 16, C4<zzzzzzzzzzzzzzzz>; HiZ drive
v0x55efe4762940_473 .net v0x55efe4762940 473, 15 0, o0x7f616e08b988; 0 drivers
o0x7f616e08b9b8 .functor BUFZ 16, C4<zzzzzzzzzzzzzzzz>; HiZ drive
v0x55efe4762940_474 .net v0x55efe4762940 474, 15 0, o0x7f616e08b9b8; 0 drivers
o0x7f616e08b9e8 .functor BUFZ 16, C4<zzzzzzzzzzzzzzzz>; HiZ drive
v0x55efe4762940_475 .net v0x55efe4762940 475, 15 0, o0x7f616e08b9e8; 0 drivers
o0x7f616e08ba18 .functor BUFZ 16, C4<zzzzzzzzzzzzzzzz>; HiZ drive
v0x55efe4762940_476 .net v0x55efe4762940 476, 15 0, o0x7f616e08ba18; 0 drivers
o0x7f616e08ba48 .functor BUFZ 16, C4<zzzzzzzzzzzzzzzz>; HiZ drive
v0x55efe4762940_477 .net v0x55efe4762940 477, 15 0, o0x7f616e08ba48; 0 drivers
o0x7f616e08ba78 .functor BUFZ 16, C4<zzzzzzzzzzzzzzzz>; HiZ drive
v0x55efe4762940_478 .net v0x55efe4762940 478, 15 0, o0x7f616e08ba78; 0 drivers
o0x7f616e08baa8 .functor BUFZ 16, C4<zzzzzzzzzzzzzzzz>; HiZ drive
v0x55efe4762940_479 .net v0x55efe4762940 479, 15 0, o0x7f616e08baa8; 0 drivers
o0x7f616e08bad8 .functor BUFZ 16, C4<zzzzzzzzzzzzzzzz>; HiZ drive
v0x55efe4762940_480 .net v0x55efe4762940 480, 15 0, o0x7f616e08bad8; 0 drivers
o0x7f616e08bb08 .functor BUFZ 16, C4<zzzzzzzzzzzzzzzz>; HiZ drive
v0x55efe4762940_481 .net v0x55efe4762940 481, 15 0, o0x7f616e08bb08; 0 drivers
o0x7f616e08bb38 .functor BUFZ 16, C4<zzzzzzzzzzzzzzzz>; HiZ drive
v0x55efe4762940_482 .net v0x55efe4762940 482, 15 0, o0x7f616e08bb38; 0 drivers
o0x7f616e08bb68 .functor BUFZ 16, C4<zzzzzzzzzzzzzzzz>; HiZ drive
v0x55efe4762940_483 .net v0x55efe4762940 483, 15 0, o0x7f616e08bb68; 0 drivers
o0x7f616e08bb98 .functor BUFZ 16, C4<zzzzzzzzzzzzzzzz>; HiZ drive
v0x55efe4762940_484 .net v0x55efe4762940 484, 15 0, o0x7f616e08bb98; 0 drivers
o0x7f616e08bbc8 .functor BUFZ 16, C4<zzzzzzzzzzzzzzzz>; HiZ drive
v0x55efe4762940_485 .net v0x55efe4762940 485, 15 0, o0x7f616e08bbc8; 0 drivers
o0x7f616e08bbf8 .functor BUFZ 16, C4<zzzzzzzzzzzzzzzz>; HiZ drive
v0x55efe4762940_486 .net v0x55efe4762940 486, 15 0, o0x7f616e08bbf8; 0 drivers
o0x7f616e08bc28 .functor BUFZ 16, C4<zzzzzzzzzzzzzzzz>; HiZ drive
v0x55efe4762940_487 .net v0x55efe4762940 487, 15 0, o0x7f616e08bc28; 0 drivers
o0x7f616e08bc58 .functor BUFZ 16, C4<zzzzzzzzzzzzzzzz>; HiZ drive
v0x55efe4762940_488 .net v0x55efe4762940 488, 15 0, o0x7f616e08bc58; 0 drivers
o0x7f616e08bc88 .functor BUFZ 16, C4<zzzzzzzzzzzzzzzz>; HiZ drive
v0x55efe4762940_489 .net v0x55efe4762940 489, 15 0, o0x7f616e08bc88; 0 drivers
o0x7f616e08bcb8 .functor BUFZ 16, C4<zzzzzzzzzzzzzzzz>; HiZ drive
v0x55efe4762940_490 .net v0x55efe4762940 490, 15 0, o0x7f616e08bcb8; 0 drivers
o0x7f616e08bce8 .functor BUFZ 16, C4<zzzzzzzzzzzzzzzz>; HiZ drive
v0x55efe4762940_491 .net v0x55efe4762940 491, 15 0, o0x7f616e08bce8; 0 drivers
o0x7f616e08bd18 .functor BUFZ 16, C4<zzzzzzzzzzzzzzzz>; HiZ drive
v0x55efe4762940_492 .net v0x55efe4762940 492, 15 0, o0x7f616e08bd18; 0 drivers
o0x7f616e08bd48 .functor BUFZ 16, C4<zzzzzzzzzzzzzzzz>; HiZ drive
v0x55efe4762940_493 .net v0x55efe4762940 493, 15 0, o0x7f616e08bd48; 0 drivers
o0x7f616e08bd78 .functor BUFZ 16, C4<zzzzzzzzzzzzzzzz>; HiZ drive
v0x55efe4762940_494 .net v0x55efe4762940 494, 15 0, o0x7f616e08bd78; 0 drivers
o0x7f616e08bda8 .functor BUFZ 16, C4<zzzzzzzzzzzzzzzz>; HiZ drive
v0x55efe4762940_495 .net v0x55efe4762940 495, 15 0, o0x7f616e08bda8; 0 drivers
o0x7f616e08bdd8 .functor BUFZ 16, C4<zzzzzzzzzzzzzzzz>; HiZ drive
v0x55efe4762940_496 .net v0x55efe4762940 496, 15 0, o0x7f616e08bdd8; 0 drivers
o0x7f616e08be08 .functor BUFZ 16, C4<zzzzzzzzzzzzzzzz>; HiZ drive
v0x55efe4762940_497 .net v0x55efe4762940 497, 15 0, o0x7f616e08be08; 0 drivers
o0x7f616e08be38 .functor BUFZ 16, C4<zzzzzzzzzzzzzzzz>; HiZ drive
v0x55efe4762940_498 .net v0x55efe4762940 498, 15 0, o0x7f616e08be38; 0 drivers
o0x7f616e08be68 .functor BUFZ 16, C4<zzzzzzzzzzzzzzzz>; HiZ drive
v0x55efe4762940_499 .net v0x55efe4762940 499, 15 0, o0x7f616e08be68; 0 drivers
o0x7f616e08be98 .functor BUFZ 16, C4<zzzzzzzzzzzzzzzz>; HiZ drive
v0x55efe4762940_500 .net v0x55efe4762940 500, 15 0, o0x7f616e08be98; 0 drivers
o0x7f616e08bec8 .functor BUFZ 16, C4<zzzzzzzzzzzzzzzz>; HiZ drive
v0x55efe4762940_501 .net v0x55efe4762940 501, 15 0, o0x7f616e08bec8; 0 drivers
o0x7f616e08bef8 .functor BUFZ 16, C4<zzzzzzzzzzzzzzzz>; HiZ drive
v0x55efe4762940_502 .net v0x55efe4762940 502, 15 0, o0x7f616e08bef8; 0 drivers
o0x7f616e08bf28 .functor BUFZ 16, C4<zzzzzzzzzzzzzzzz>; HiZ drive
v0x55efe4762940_503 .net v0x55efe4762940 503, 15 0, o0x7f616e08bf28; 0 drivers
o0x7f616e08bf58 .functor BUFZ 16, C4<zzzzzzzzzzzzzzzz>; HiZ drive
v0x55efe4762940_504 .net v0x55efe4762940 504, 15 0, o0x7f616e08bf58; 0 drivers
o0x7f616e08bf88 .functor BUFZ 16, C4<zzzzzzzzzzzzzzzz>; HiZ drive
v0x55efe4762940_505 .net v0x55efe4762940 505, 15 0, o0x7f616e08bf88; 0 drivers
o0x7f616e08bfb8 .functor BUFZ 16, C4<zzzzzzzzzzzzzzzz>; HiZ drive
v0x55efe4762940_506 .net v0x55efe4762940 506, 15 0, o0x7f616e08bfb8; 0 drivers
o0x7f616e08bfe8 .functor BUFZ 16, C4<zzzzzzzzzzzzzzzz>; HiZ drive
v0x55efe4762940_507 .net v0x55efe4762940 507, 15 0, o0x7f616e08bfe8; 0 drivers
o0x7f616e08c018 .functor BUFZ 16, C4<zzzzzzzzzzzzzzzz>; HiZ drive
v0x55efe4762940_508 .net v0x55efe4762940 508, 15 0, o0x7f616e08c018; 0 drivers
o0x7f616e08c048 .functor BUFZ 16, C4<zzzzzzzzzzzzzzzz>; HiZ drive
v0x55efe4762940_509 .net v0x55efe4762940 509, 15 0, o0x7f616e08c048; 0 drivers
o0x7f616e08c078 .functor BUFZ 16, C4<zzzzzzzzzzzzzzzz>; HiZ drive
v0x55efe4762940_510 .net v0x55efe4762940 510, 15 0, o0x7f616e08c078; 0 drivers
o0x7f616e08c0a8 .functor BUFZ 16, C4<zzzzzzzzzzzzzzzz>; HiZ drive
v0x55efe4762940_511 .net v0x55efe4762940 511, 15 0, o0x7f616e08c0a8; 0 drivers
o0x7f616e08c0d8 .functor BUFZ 1, C4<z>; HiZ drive
v0x55efe47629e0_0 .net "loop_valid", 0 0, o0x7f616e08c0d8;  0 drivers
v0x55efe4713c90 .array "mux_data", 511 0, 15 0;
v0x55efe4713710_0 .var "mux_valid", 0 0;
o0x7f616e08c138 .functor BUFZ 1, C4<z>; HiZ drive
v0x55efe4713190_0 .net "sel_external", 0 0, o0x7f616e08c138;  0 drivers
v0x55efe4713250 .array "tmp", 511 0, 15 0;
v0x55efe4713250_0 .array/port v0x55efe4713250, 0;
v0x55efe4713250_1 .array/port v0x55efe4713250, 1;
v0x55efe4713250_2 .array/port v0x55efe4713250, 2;
v0x55efe4713250_3 .array/port v0x55efe4713250, 3;
E_0x55efe457efe0/0 .event edge, v0x55efe4713250_0, v0x55efe4713250_1, v0x55efe4713250_2, v0x55efe4713250_3;
v0x55efe4713250_4 .array/port v0x55efe4713250, 4;
v0x55efe4713250_5 .array/port v0x55efe4713250, 5;
v0x55efe4713250_6 .array/port v0x55efe4713250, 6;
v0x55efe4713250_7 .array/port v0x55efe4713250, 7;
E_0x55efe457efe0/1 .event edge, v0x55efe4713250_4, v0x55efe4713250_5, v0x55efe4713250_6, v0x55efe4713250_7;
v0x55efe4713250_8 .array/port v0x55efe4713250, 8;
v0x55efe4713250_9 .array/port v0x55efe4713250, 9;
v0x55efe4713250_10 .array/port v0x55efe4713250, 10;
v0x55efe4713250_11 .array/port v0x55efe4713250, 11;
E_0x55efe457efe0/2 .event edge, v0x55efe4713250_8, v0x55efe4713250_9, v0x55efe4713250_10, v0x55efe4713250_11;
v0x55efe4713250_12 .array/port v0x55efe4713250, 12;
v0x55efe4713250_13 .array/port v0x55efe4713250, 13;
v0x55efe4713250_14 .array/port v0x55efe4713250, 14;
v0x55efe4713250_15 .array/port v0x55efe4713250, 15;
E_0x55efe457efe0/3 .event edge, v0x55efe4713250_12, v0x55efe4713250_13, v0x55efe4713250_14, v0x55efe4713250_15;
v0x55efe4713250_16 .array/port v0x55efe4713250, 16;
v0x55efe4713250_17 .array/port v0x55efe4713250, 17;
v0x55efe4713250_18 .array/port v0x55efe4713250, 18;
v0x55efe4713250_19 .array/port v0x55efe4713250, 19;
E_0x55efe457efe0/4 .event edge, v0x55efe4713250_16, v0x55efe4713250_17, v0x55efe4713250_18, v0x55efe4713250_19;
v0x55efe4713250_20 .array/port v0x55efe4713250, 20;
v0x55efe4713250_21 .array/port v0x55efe4713250, 21;
v0x55efe4713250_22 .array/port v0x55efe4713250, 22;
v0x55efe4713250_23 .array/port v0x55efe4713250, 23;
E_0x55efe457efe0/5 .event edge, v0x55efe4713250_20, v0x55efe4713250_21, v0x55efe4713250_22, v0x55efe4713250_23;
v0x55efe4713250_24 .array/port v0x55efe4713250, 24;
v0x55efe4713250_25 .array/port v0x55efe4713250, 25;
v0x55efe4713250_26 .array/port v0x55efe4713250, 26;
v0x55efe4713250_27 .array/port v0x55efe4713250, 27;
E_0x55efe457efe0/6 .event edge, v0x55efe4713250_24, v0x55efe4713250_25, v0x55efe4713250_26, v0x55efe4713250_27;
v0x55efe4713250_28 .array/port v0x55efe4713250, 28;
v0x55efe4713250_29 .array/port v0x55efe4713250, 29;
v0x55efe4713250_30 .array/port v0x55efe4713250, 30;
v0x55efe4713250_31 .array/port v0x55efe4713250, 31;
E_0x55efe457efe0/7 .event edge, v0x55efe4713250_28, v0x55efe4713250_29, v0x55efe4713250_30, v0x55efe4713250_31;
v0x55efe4713250_32 .array/port v0x55efe4713250, 32;
v0x55efe4713250_33 .array/port v0x55efe4713250, 33;
v0x55efe4713250_34 .array/port v0x55efe4713250, 34;
v0x55efe4713250_35 .array/port v0x55efe4713250, 35;
E_0x55efe457efe0/8 .event edge, v0x55efe4713250_32, v0x55efe4713250_33, v0x55efe4713250_34, v0x55efe4713250_35;
v0x55efe4713250_36 .array/port v0x55efe4713250, 36;
v0x55efe4713250_37 .array/port v0x55efe4713250, 37;
v0x55efe4713250_38 .array/port v0x55efe4713250, 38;
v0x55efe4713250_39 .array/port v0x55efe4713250, 39;
E_0x55efe457efe0/9 .event edge, v0x55efe4713250_36, v0x55efe4713250_37, v0x55efe4713250_38, v0x55efe4713250_39;
v0x55efe4713250_40 .array/port v0x55efe4713250, 40;
v0x55efe4713250_41 .array/port v0x55efe4713250, 41;
v0x55efe4713250_42 .array/port v0x55efe4713250, 42;
v0x55efe4713250_43 .array/port v0x55efe4713250, 43;
E_0x55efe457efe0/10 .event edge, v0x55efe4713250_40, v0x55efe4713250_41, v0x55efe4713250_42, v0x55efe4713250_43;
v0x55efe4713250_44 .array/port v0x55efe4713250, 44;
v0x55efe4713250_45 .array/port v0x55efe4713250, 45;
v0x55efe4713250_46 .array/port v0x55efe4713250, 46;
v0x55efe4713250_47 .array/port v0x55efe4713250, 47;
E_0x55efe457efe0/11 .event edge, v0x55efe4713250_44, v0x55efe4713250_45, v0x55efe4713250_46, v0x55efe4713250_47;
v0x55efe4713250_48 .array/port v0x55efe4713250, 48;
v0x55efe4713250_49 .array/port v0x55efe4713250, 49;
v0x55efe4713250_50 .array/port v0x55efe4713250, 50;
v0x55efe4713250_51 .array/port v0x55efe4713250, 51;
E_0x55efe457efe0/12 .event edge, v0x55efe4713250_48, v0x55efe4713250_49, v0x55efe4713250_50, v0x55efe4713250_51;
v0x55efe4713250_52 .array/port v0x55efe4713250, 52;
v0x55efe4713250_53 .array/port v0x55efe4713250, 53;
v0x55efe4713250_54 .array/port v0x55efe4713250, 54;
v0x55efe4713250_55 .array/port v0x55efe4713250, 55;
E_0x55efe457efe0/13 .event edge, v0x55efe4713250_52, v0x55efe4713250_53, v0x55efe4713250_54, v0x55efe4713250_55;
v0x55efe4713250_56 .array/port v0x55efe4713250, 56;
v0x55efe4713250_57 .array/port v0x55efe4713250, 57;
v0x55efe4713250_58 .array/port v0x55efe4713250, 58;
v0x55efe4713250_59 .array/port v0x55efe4713250, 59;
E_0x55efe457efe0/14 .event edge, v0x55efe4713250_56, v0x55efe4713250_57, v0x55efe4713250_58, v0x55efe4713250_59;
v0x55efe4713250_60 .array/port v0x55efe4713250, 60;
v0x55efe4713250_61 .array/port v0x55efe4713250, 61;
v0x55efe4713250_62 .array/port v0x55efe4713250, 62;
v0x55efe4713250_63 .array/port v0x55efe4713250, 63;
E_0x55efe457efe0/15 .event edge, v0x55efe4713250_60, v0x55efe4713250_61, v0x55efe4713250_62, v0x55efe4713250_63;
v0x55efe4713250_64 .array/port v0x55efe4713250, 64;
v0x55efe4713250_65 .array/port v0x55efe4713250, 65;
v0x55efe4713250_66 .array/port v0x55efe4713250, 66;
v0x55efe4713250_67 .array/port v0x55efe4713250, 67;
E_0x55efe457efe0/16 .event edge, v0x55efe4713250_64, v0x55efe4713250_65, v0x55efe4713250_66, v0x55efe4713250_67;
v0x55efe4713250_68 .array/port v0x55efe4713250, 68;
v0x55efe4713250_69 .array/port v0x55efe4713250, 69;
v0x55efe4713250_70 .array/port v0x55efe4713250, 70;
v0x55efe4713250_71 .array/port v0x55efe4713250, 71;
E_0x55efe457efe0/17 .event edge, v0x55efe4713250_68, v0x55efe4713250_69, v0x55efe4713250_70, v0x55efe4713250_71;
v0x55efe4713250_72 .array/port v0x55efe4713250, 72;
v0x55efe4713250_73 .array/port v0x55efe4713250, 73;
v0x55efe4713250_74 .array/port v0x55efe4713250, 74;
v0x55efe4713250_75 .array/port v0x55efe4713250, 75;
E_0x55efe457efe0/18 .event edge, v0x55efe4713250_72, v0x55efe4713250_73, v0x55efe4713250_74, v0x55efe4713250_75;
v0x55efe4713250_76 .array/port v0x55efe4713250, 76;
v0x55efe4713250_77 .array/port v0x55efe4713250, 77;
v0x55efe4713250_78 .array/port v0x55efe4713250, 78;
v0x55efe4713250_79 .array/port v0x55efe4713250, 79;
E_0x55efe457efe0/19 .event edge, v0x55efe4713250_76, v0x55efe4713250_77, v0x55efe4713250_78, v0x55efe4713250_79;
v0x55efe4713250_80 .array/port v0x55efe4713250, 80;
v0x55efe4713250_81 .array/port v0x55efe4713250, 81;
v0x55efe4713250_82 .array/port v0x55efe4713250, 82;
v0x55efe4713250_83 .array/port v0x55efe4713250, 83;
E_0x55efe457efe0/20 .event edge, v0x55efe4713250_80, v0x55efe4713250_81, v0x55efe4713250_82, v0x55efe4713250_83;
v0x55efe4713250_84 .array/port v0x55efe4713250, 84;
v0x55efe4713250_85 .array/port v0x55efe4713250, 85;
v0x55efe4713250_86 .array/port v0x55efe4713250, 86;
v0x55efe4713250_87 .array/port v0x55efe4713250, 87;
E_0x55efe457efe0/21 .event edge, v0x55efe4713250_84, v0x55efe4713250_85, v0x55efe4713250_86, v0x55efe4713250_87;
v0x55efe4713250_88 .array/port v0x55efe4713250, 88;
v0x55efe4713250_89 .array/port v0x55efe4713250, 89;
v0x55efe4713250_90 .array/port v0x55efe4713250, 90;
v0x55efe4713250_91 .array/port v0x55efe4713250, 91;
E_0x55efe457efe0/22 .event edge, v0x55efe4713250_88, v0x55efe4713250_89, v0x55efe4713250_90, v0x55efe4713250_91;
v0x55efe4713250_92 .array/port v0x55efe4713250, 92;
v0x55efe4713250_93 .array/port v0x55efe4713250, 93;
v0x55efe4713250_94 .array/port v0x55efe4713250, 94;
v0x55efe4713250_95 .array/port v0x55efe4713250, 95;
E_0x55efe457efe0/23 .event edge, v0x55efe4713250_92, v0x55efe4713250_93, v0x55efe4713250_94, v0x55efe4713250_95;
v0x55efe4713250_96 .array/port v0x55efe4713250, 96;
v0x55efe4713250_97 .array/port v0x55efe4713250, 97;
v0x55efe4713250_98 .array/port v0x55efe4713250, 98;
v0x55efe4713250_99 .array/port v0x55efe4713250, 99;
E_0x55efe457efe0/24 .event edge, v0x55efe4713250_96, v0x55efe4713250_97, v0x55efe4713250_98, v0x55efe4713250_99;
v0x55efe4713250_100 .array/port v0x55efe4713250, 100;
v0x55efe4713250_101 .array/port v0x55efe4713250, 101;
v0x55efe4713250_102 .array/port v0x55efe4713250, 102;
v0x55efe4713250_103 .array/port v0x55efe4713250, 103;
E_0x55efe457efe0/25 .event edge, v0x55efe4713250_100, v0x55efe4713250_101, v0x55efe4713250_102, v0x55efe4713250_103;
v0x55efe4713250_104 .array/port v0x55efe4713250, 104;
v0x55efe4713250_105 .array/port v0x55efe4713250, 105;
v0x55efe4713250_106 .array/port v0x55efe4713250, 106;
v0x55efe4713250_107 .array/port v0x55efe4713250, 107;
E_0x55efe457efe0/26 .event edge, v0x55efe4713250_104, v0x55efe4713250_105, v0x55efe4713250_106, v0x55efe4713250_107;
v0x55efe4713250_108 .array/port v0x55efe4713250, 108;
v0x55efe4713250_109 .array/port v0x55efe4713250, 109;
v0x55efe4713250_110 .array/port v0x55efe4713250, 110;
v0x55efe4713250_111 .array/port v0x55efe4713250, 111;
E_0x55efe457efe0/27 .event edge, v0x55efe4713250_108, v0x55efe4713250_109, v0x55efe4713250_110, v0x55efe4713250_111;
v0x55efe4713250_112 .array/port v0x55efe4713250, 112;
v0x55efe4713250_113 .array/port v0x55efe4713250, 113;
v0x55efe4713250_114 .array/port v0x55efe4713250, 114;
v0x55efe4713250_115 .array/port v0x55efe4713250, 115;
E_0x55efe457efe0/28 .event edge, v0x55efe4713250_112, v0x55efe4713250_113, v0x55efe4713250_114, v0x55efe4713250_115;
v0x55efe4713250_116 .array/port v0x55efe4713250, 116;
v0x55efe4713250_117 .array/port v0x55efe4713250, 117;
v0x55efe4713250_118 .array/port v0x55efe4713250, 118;
v0x55efe4713250_119 .array/port v0x55efe4713250, 119;
E_0x55efe457efe0/29 .event edge, v0x55efe4713250_116, v0x55efe4713250_117, v0x55efe4713250_118, v0x55efe4713250_119;
v0x55efe4713250_120 .array/port v0x55efe4713250, 120;
v0x55efe4713250_121 .array/port v0x55efe4713250, 121;
v0x55efe4713250_122 .array/port v0x55efe4713250, 122;
v0x55efe4713250_123 .array/port v0x55efe4713250, 123;
E_0x55efe457efe0/30 .event edge, v0x55efe4713250_120, v0x55efe4713250_121, v0x55efe4713250_122, v0x55efe4713250_123;
v0x55efe4713250_124 .array/port v0x55efe4713250, 124;
v0x55efe4713250_125 .array/port v0x55efe4713250, 125;
v0x55efe4713250_126 .array/port v0x55efe4713250, 126;
v0x55efe4713250_127 .array/port v0x55efe4713250, 127;
E_0x55efe457efe0/31 .event edge, v0x55efe4713250_124, v0x55efe4713250_125, v0x55efe4713250_126, v0x55efe4713250_127;
v0x55efe4713250_128 .array/port v0x55efe4713250, 128;
v0x55efe4713250_129 .array/port v0x55efe4713250, 129;
v0x55efe4713250_130 .array/port v0x55efe4713250, 130;
v0x55efe4713250_131 .array/port v0x55efe4713250, 131;
E_0x55efe457efe0/32 .event edge, v0x55efe4713250_128, v0x55efe4713250_129, v0x55efe4713250_130, v0x55efe4713250_131;
v0x55efe4713250_132 .array/port v0x55efe4713250, 132;
v0x55efe4713250_133 .array/port v0x55efe4713250, 133;
v0x55efe4713250_134 .array/port v0x55efe4713250, 134;
v0x55efe4713250_135 .array/port v0x55efe4713250, 135;
E_0x55efe457efe0/33 .event edge, v0x55efe4713250_132, v0x55efe4713250_133, v0x55efe4713250_134, v0x55efe4713250_135;
v0x55efe4713250_136 .array/port v0x55efe4713250, 136;
v0x55efe4713250_137 .array/port v0x55efe4713250, 137;
v0x55efe4713250_138 .array/port v0x55efe4713250, 138;
v0x55efe4713250_139 .array/port v0x55efe4713250, 139;
E_0x55efe457efe0/34 .event edge, v0x55efe4713250_136, v0x55efe4713250_137, v0x55efe4713250_138, v0x55efe4713250_139;
v0x55efe4713250_140 .array/port v0x55efe4713250, 140;
v0x55efe4713250_141 .array/port v0x55efe4713250, 141;
v0x55efe4713250_142 .array/port v0x55efe4713250, 142;
v0x55efe4713250_143 .array/port v0x55efe4713250, 143;
E_0x55efe457efe0/35 .event edge, v0x55efe4713250_140, v0x55efe4713250_141, v0x55efe4713250_142, v0x55efe4713250_143;
v0x55efe4713250_144 .array/port v0x55efe4713250, 144;
v0x55efe4713250_145 .array/port v0x55efe4713250, 145;
v0x55efe4713250_146 .array/port v0x55efe4713250, 146;
v0x55efe4713250_147 .array/port v0x55efe4713250, 147;
E_0x55efe457efe0/36 .event edge, v0x55efe4713250_144, v0x55efe4713250_145, v0x55efe4713250_146, v0x55efe4713250_147;
v0x55efe4713250_148 .array/port v0x55efe4713250, 148;
v0x55efe4713250_149 .array/port v0x55efe4713250, 149;
v0x55efe4713250_150 .array/port v0x55efe4713250, 150;
v0x55efe4713250_151 .array/port v0x55efe4713250, 151;
E_0x55efe457efe0/37 .event edge, v0x55efe4713250_148, v0x55efe4713250_149, v0x55efe4713250_150, v0x55efe4713250_151;
v0x55efe4713250_152 .array/port v0x55efe4713250, 152;
v0x55efe4713250_153 .array/port v0x55efe4713250, 153;
v0x55efe4713250_154 .array/port v0x55efe4713250, 154;
v0x55efe4713250_155 .array/port v0x55efe4713250, 155;
E_0x55efe457efe0/38 .event edge, v0x55efe4713250_152, v0x55efe4713250_153, v0x55efe4713250_154, v0x55efe4713250_155;
v0x55efe4713250_156 .array/port v0x55efe4713250, 156;
v0x55efe4713250_157 .array/port v0x55efe4713250, 157;
v0x55efe4713250_158 .array/port v0x55efe4713250, 158;
v0x55efe4713250_159 .array/port v0x55efe4713250, 159;
E_0x55efe457efe0/39 .event edge, v0x55efe4713250_156, v0x55efe4713250_157, v0x55efe4713250_158, v0x55efe4713250_159;
v0x55efe4713250_160 .array/port v0x55efe4713250, 160;
v0x55efe4713250_161 .array/port v0x55efe4713250, 161;
v0x55efe4713250_162 .array/port v0x55efe4713250, 162;
v0x55efe4713250_163 .array/port v0x55efe4713250, 163;
E_0x55efe457efe0/40 .event edge, v0x55efe4713250_160, v0x55efe4713250_161, v0x55efe4713250_162, v0x55efe4713250_163;
v0x55efe4713250_164 .array/port v0x55efe4713250, 164;
v0x55efe4713250_165 .array/port v0x55efe4713250, 165;
v0x55efe4713250_166 .array/port v0x55efe4713250, 166;
v0x55efe4713250_167 .array/port v0x55efe4713250, 167;
E_0x55efe457efe0/41 .event edge, v0x55efe4713250_164, v0x55efe4713250_165, v0x55efe4713250_166, v0x55efe4713250_167;
v0x55efe4713250_168 .array/port v0x55efe4713250, 168;
v0x55efe4713250_169 .array/port v0x55efe4713250, 169;
v0x55efe4713250_170 .array/port v0x55efe4713250, 170;
v0x55efe4713250_171 .array/port v0x55efe4713250, 171;
E_0x55efe457efe0/42 .event edge, v0x55efe4713250_168, v0x55efe4713250_169, v0x55efe4713250_170, v0x55efe4713250_171;
v0x55efe4713250_172 .array/port v0x55efe4713250, 172;
v0x55efe4713250_173 .array/port v0x55efe4713250, 173;
v0x55efe4713250_174 .array/port v0x55efe4713250, 174;
v0x55efe4713250_175 .array/port v0x55efe4713250, 175;
E_0x55efe457efe0/43 .event edge, v0x55efe4713250_172, v0x55efe4713250_173, v0x55efe4713250_174, v0x55efe4713250_175;
v0x55efe4713250_176 .array/port v0x55efe4713250, 176;
v0x55efe4713250_177 .array/port v0x55efe4713250, 177;
v0x55efe4713250_178 .array/port v0x55efe4713250, 178;
v0x55efe4713250_179 .array/port v0x55efe4713250, 179;
E_0x55efe457efe0/44 .event edge, v0x55efe4713250_176, v0x55efe4713250_177, v0x55efe4713250_178, v0x55efe4713250_179;
v0x55efe4713250_180 .array/port v0x55efe4713250, 180;
v0x55efe4713250_181 .array/port v0x55efe4713250, 181;
v0x55efe4713250_182 .array/port v0x55efe4713250, 182;
v0x55efe4713250_183 .array/port v0x55efe4713250, 183;
E_0x55efe457efe0/45 .event edge, v0x55efe4713250_180, v0x55efe4713250_181, v0x55efe4713250_182, v0x55efe4713250_183;
v0x55efe4713250_184 .array/port v0x55efe4713250, 184;
v0x55efe4713250_185 .array/port v0x55efe4713250, 185;
v0x55efe4713250_186 .array/port v0x55efe4713250, 186;
v0x55efe4713250_187 .array/port v0x55efe4713250, 187;
E_0x55efe457efe0/46 .event edge, v0x55efe4713250_184, v0x55efe4713250_185, v0x55efe4713250_186, v0x55efe4713250_187;
v0x55efe4713250_188 .array/port v0x55efe4713250, 188;
v0x55efe4713250_189 .array/port v0x55efe4713250, 189;
v0x55efe4713250_190 .array/port v0x55efe4713250, 190;
v0x55efe4713250_191 .array/port v0x55efe4713250, 191;
E_0x55efe457efe0/47 .event edge, v0x55efe4713250_188, v0x55efe4713250_189, v0x55efe4713250_190, v0x55efe4713250_191;
v0x55efe4713250_192 .array/port v0x55efe4713250, 192;
v0x55efe4713250_193 .array/port v0x55efe4713250, 193;
v0x55efe4713250_194 .array/port v0x55efe4713250, 194;
v0x55efe4713250_195 .array/port v0x55efe4713250, 195;
E_0x55efe457efe0/48 .event edge, v0x55efe4713250_192, v0x55efe4713250_193, v0x55efe4713250_194, v0x55efe4713250_195;
v0x55efe4713250_196 .array/port v0x55efe4713250, 196;
v0x55efe4713250_197 .array/port v0x55efe4713250, 197;
v0x55efe4713250_198 .array/port v0x55efe4713250, 198;
v0x55efe4713250_199 .array/port v0x55efe4713250, 199;
E_0x55efe457efe0/49 .event edge, v0x55efe4713250_196, v0x55efe4713250_197, v0x55efe4713250_198, v0x55efe4713250_199;
v0x55efe4713250_200 .array/port v0x55efe4713250, 200;
v0x55efe4713250_201 .array/port v0x55efe4713250, 201;
v0x55efe4713250_202 .array/port v0x55efe4713250, 202;
v0x55efe4713250_203 .array/port v0x55efe4713250, 203;
E_0x55efe457efe0/50 .event edge, v0x55efe4713250_200, v0x55efe4713250_201, v0x55efe4713250_202, v0x55efe4713250_203;
v0x55efe4713250_204 .array/port v0x55efe4713250, 204;
v0x55efe4713250_205 .array/port v0x55efe4713250, 205;
v0x55efe4713250_206 .array/port v0x55efe4713250, 206;
v0x55efe4713250_207 .array/port v0x55efe4713250, 207;
E_0x55efe457efe0/51 .event edge, v0x55efe4713250_204, v0x55efe4713250_205, v0x55efe4713250_206, v0x55efe4713250_207;
v0x55efe4713250_208 .array/port v0x55efe4713250, 208;
v0x55efe4713250_209 .array/port v0x55efe4713250, 209;
v0x55efe4713250_210 .array/port v0x55efe4713250, 210;
v0x55efe4713250_211 .array/port v0x55efe4713250, 211;
E_0x55efe457efe0/52 .event edge, v0x55efe4713250_208, v0x55efe4713250_209, v0x55efe4713250_210, v0x55efe4713250_211;
v0x55efe4713250_212 .array/port v0x55efe4713250, 212;
v0x55efe4713250_213 .array/port v0x55efe4713250, 213;
v0x55efe4713250_214 .array/port v0x55efe4713250, 214;
v0x55efe4713250_215 .array/port v0x55efe4713250, 215;
E_0x55efe457efe0/53 .event edge, v0x55efe4713250_212, v0x55efe4713250_213, v0x55efe4713250_214, v0x55efe4713250_215;
v0x55efe4713250_216 .array/port v0x55efe4713250, 216;
v0x55efe4713250_217 .array/port v0x55efe4713250, 217;
v0x55efe4713250_218 .array/port v0x55efe4713250, 218;
v0x55efe4713250_219 .array/port v0x55efe4713250, 219;
E_0x55efe457efe0/54 .event edge, v0x55efe4713250_216, v0x55efe4713250_217, v0x55efe4713250_218, v0x55efe4713250_219;
v0x55efe4713250_220 .array/port v0x55efe4713250, 220;
v0x55efe4713250_221 .array/port v0x55efe4713250, 221;
v0x55efe4713250_222 .array/port v0x55efe4713250, 222;
v0x55efe4713250_223 .array/port v0x55efe4713250, 223;
E_0x55efe457efe0/55 .event edge, v0x55efe4713250_220, v0x55efe4713250_221, v0x55efe4713250_222, v0x55efe4713250_223;
v0x55efe4713250_224 .array/port v0x55efe4713250, 224;
v0x55efe4713250_225 .array/port v0x55efe4713250, 225;
v0x55efe4713250_226 .array/port v0x55efe4713250, 226;
v0x55efe4713250_227 .array/port v0x55efe4713250, 227;
E_0x55efe457efe0/56 .event edge, v0x55efe4713250_224, v0x55efe4713250_225, v0x55efe4713250_226, v0x55efe4713250_227;
v0x55efe4713250_228 .array/port v0x55efe4713250, 228;
v0x55efe4713250_229 .array/port v0x55efe4713250, 229;
v0x55efe4713250_230 .array/port v0x55efe4713250, 230;
v0x55efe4713250_231 .array/port v0x55efe4713250, 231;
E_0x55efe457efe0/57 .event edge, v0x55efe4713250_228, v0x55efe4713250_229, v0x55efe4713250_230, v0x55efe4713250_231;
v0x55efe4713250_232 .array/port v0x55efe4713250, 232;
v0x55efe4713250_233 .array/port v0x55efe4713250, 233;
v0x55efe4713250_234 .array/port v0x55efe4713250, 234;
v0x55efe4713250_235 .array/port v0x55efe4713250, 235;
E_0x55efe457efe0/58 .event edge, v0x55efe4713250_232, v0x55efe4713250_233, v0x55efe4713250_234, v0x55efe4713250_235;
v0x55efe4713250_236 .array/port v0x55efe4713250, 236;
v0x55efe4713250_237 .array/port v0x55efe4713250, 237;
v0x55efe4713250_238 .array/port v0x55efe4713250, 238;
v0x55efe4713250_239 .array/port v0x55efe4713250, 239;
E_0x55efe457efe0/59 .event edge, v0x55efe4713250_236, v0x55efe4713250_237, v0x55efe4713250_238, v0x55efe4713250_239;
v0x55efe4713250_240 .array/port v0x55efe4713250, 240;
v0x55efe4713250_241 .array/port v0x55efe4713250, 241;
v0x55efe4713250_242 .array/port v0x55efe4713250, 242;
v0x55efe4713250_243 .array/port v0x55efe4713250, 243;
E_0x55efe457efe0/60 .event edge, v0x55efe4713250_240, v0x55efe4713250_241, v0x55efe4713250_242, v0x55efe4713250_243;
v0x55efe4713250_244 .array/port v0x55efe4713250, 244;
v0x55efe4713250_245 .array/port v0x55efe4713250, 245;
v0x55efe4713250_246 .array/port v0x55efe4713250, 246;
v0x55efe4713250_247 .array/port v0x55efe4713250, 247;
E_0x55efe457efe0/61 .event edge, v0x55efe4713250_244, v0x55efe4713250_245, v0x55efe4713250_246, v0x55efe4713250_247;
v0x55efe4713250_248 .array/port v0x55efe4713250, 248;
v0x55efe4713250_249 .array/port v0x55efe4713250, 249;
v0x55efe4713250_250 .array/port v0x55efe4713250, 250;
v0x55efe4713250_251 .array/port v0x55efe4713250, 251;
E_0x55efe457efe0/62 .event edge, v0x55efe4713250_248, v0x55efe4713250_249, v0x55efe4713250_250, v0x55efe4713250_251;
v0x55efe4713250_252 .array/port v0x55efe4713250, 252;
v0x55efe4713250_253 .array/port v0x55efe4713250, 253;
v0x55efe4713250_254 .array/port v0x55efe4713250, 254;
v0x55efe4713250_255 .array/port v0x55efe4713250, 255;
E_0x55efe457efe0/63 .event edge, v0x55efe4713250_252, v0x55efe4713250_253, v0x55efe4713250_254, v0x55efe4713250_255;
v0x55efe4713250_256 .array/port v0x55efe4713250, 256;
v0x55efe4713250_257 .array/port v0x55efe4713250, 257;
v0x55efe4713250_258 .array/port v0x55efe4713250, 258;
v0x55efe4713250_259 .array/port v0x55efe4713250, 259;
E_0x55efe457efe0/64 .event edge, v0x55efe4713250_256, v0x55efe4713250_257, v0x55efe4713250_258, v0x55efe4713250_259;
v0x55efe4713250_260 .array/port v0x55efe4713250, 260;
v0x55efe4713250_261 .array/port v0x55efe4713250, 261;
v0x55efe4713250_262 .array/port v0x55efe4713250, 262;
v0x55efe4713250_263 .array/port v0x55efe4713250, 263;
E_0x55efe457efe0/65 .event edge, v0x55efe4713250_260, v0x55efe4713250_261, v0x55efe4713250_262, v0x55efe4713250_263;
v0x55efe4713250_264 .array/port v0x55efe4713250, 264;
v0x55efe4713250_265 .array/port v0x55efe4713250, 265;
v0x55efe4713250_266 .array/port v0x55efe4713250, 266;
v0x55efe4713250_267 .array/port v0x55efe4713250, 267;
E_0x55efe457efe0/66 .event edge, v0x55efe4713250_264, v0x55efe4713250_265, v0x55efe4713250_266, v0x55efe4713250_267;
v0x55efe4713250_268 .array/port v0x55efe4713250, 268;
v0x55efe4713250_269 .array/port v0x55efe4713250, 269;
v0x55efe4713250_270 .array/port v0x55efe4713250, 270;
v0x55efe4713250_271 .array/port v0x55efe4713250, 271;
E_0x55efe457efe0/67 .event edge, v0x55efe4713250_268, v0x55efe4713250_269, v0x55efe4713250_270, v0x55efe4713250_271;
v0x55efe4713250_272 .array/port v0x55efe4713250, 272;
v0x55efe4713250_273 .array/port v0x55efe4713250, 273;
v0x55efe4713250_274 .array/port v0x55efe4713250, 274;
v0x55efe4713250_275 .array/port v0x55efe4713250, 275;
E_0x55efe457efe0/68 .event edge, v0x55efe4713250_272, v0x55efe4713250_273, v0x55efe4713250_274, v0x55efe4713250_275;
v0x55efe4713250_276 .array/port v0x55efe4713250, 276;
v0x55efe4713250_277 .array/port v0x55efe4713250, 277;
v0x55efe4713250_278 .array/port v0x55efe4713250, 278;
v0x55efe4713250_279 .array/port v0x55efe4713250, 279;
E_0x55efe457efe0/69 .event edge, v0x55efe4713250_276, v0x55efe4713250_277, v0x55efe4713250_278, v0x55efe4713250_279;
v0x55efe4713250_280 .array/port v0x55efe4713250, 280;
v0x55efe4713250_281 .array/port v0x55efe4713250, 281;
v0x55efe4713250_282 .array/port v0x55efe4713250, 282;
v0x55efe4713250_283 .array/port v0x55efe4713250, 283;
E_0x55efe457efe0/70 .event edge, v0x55efe4713250_280, v0x55efe4713250_281, v0x55efe4713250_282, v0x55efe4713250_283;
v0x55efe4713250_284 .array/port v0x55efe4713250, 284;
v0x55efe4713250_285 .array/port v0x55efe4713250, 285;
v0x55efe4713250_286 .array/port v0x55efe4713250, 286;
v0x55efe4713250_287 .array/port v0x55efe4713250, 287;
E_0x55efe457efe0/71 .event edge, v0x55efe4713250_284, v0x55efe4713250_285, v0x55efe4713250_286, v0x55efe4713250_287;
v0x55efe4713250_288 .array/port v0x55efe4713250, 288;
v0x55efe4713250_289 .array/port v0x55efe4713250, 289;
v0x55efe4713250_290 .array/port v0x55efe4713250, 290;
v0x55efe4713250_291 .array/port v0x55efe4713250, 291;
E_0x55efe457efe0/72 .event edge, v0x55efe4713250_288, v0x55efe4713250_289, v0x55efe4713250_290, v0x55efe4713250_291;
v0x55efe4713250_292 .array/port v0x55efe4713250, 292;
v0x55efe4713250_293 .array/port v0x55efe4713250, 293;
v0x55efe4713250_294 .array/port v0x55efe4713250, 294;
v0x55efe4713250_295 .array/port v0x55efe4713250, 295;
E_0x55efe457efe0/73 .event edge, v0x55efe4713250_292, v0x55efe4713250_293, v0x55efe4713250_294, v0x55efe4713250_295;
v0x55efe4713250_296 .array/port v0x55efe4713250, 296;
v0x55efe4713250_297 .array/port v0x55efe4713250, 297;
v0x55efe4713250_298 .array/port v0x55efe4713250, 298;
v0x55efe4713250_299 .array/port v0x55efe4713250, 299;
E_0x55efe457efe0/74 .event edge, v0x55efe4713250_296, v0x55efe4713250_297, v0x55efe4713250_298, v0x55efe4713250_299;
v0x55efe4713250_300 .array/port v0x55efe4713250, 300;
v0x55efe4713250_301 .array/port v0x55efe4713250, 301;
v0x55efe4713250_302 .array/port v0x55efe4713250, 302;
v0x55efe4713250_303 .array/port v0x55efe4713250, 303;
E_0x55efe457efe0/75 .event edge, v0x55efe4713250_300, v0x55efe4713250_301, v0x55efe4713250_302, v0x55efe4713250_303;
v0x55efe4713250_304 .array/port v0x55efe4713250, 304;
v0x55efe4713250_305 .array/port v0x55efe4713250, 305;
v0x55efe4713250_306 .array/port v0x55efe4713250, 306;
v0x55efe4713250_307 .array/port v0x55efe4713250, 307;
E_0x55efe457efe0/76 .event edge, v0x55efe4713250_304, v0x55efe4713250_305, v0x55efe4713250_306, v0x55efe4713250_307;
v0x55efe4713250_308 .array/port v0x55efe4713250, 308;
v0x55efe4713250_309 .array/port v0x55efe4713250, 309;
v0x55efe4713250_310 .array/port v0x55efe4713250, 310;
v0x55efe4713250_311 .array/port v0x55efe4713250, 311;
E_0x55efe457efe0/77 .event edge, v0x55efe4713250_308, v0x55efe4713250_309, v0x55efe4713250_310, v0x55efe4713250_311;
v0x55efe4713250_312 .array/port v0x55efe4713250, 312;
v0x55efe4713250_313 .array/port v0x55efe4713250, 313;
v0x55efe4713250_314 .array/port v0x55efe4713250, 314;
v0x55efe4713250_315 .array/port v0x55efe4713250, 315;
E_0x55efe457efe0/78 .event edge, v0x55efe4713250_312, v0x55efe4713250_313, v0x55efe4713250_314, v0x55efe4713250_315;
v0x55efe4713250_316 .array/port v0x55efe4713250, 316;
v0x55efe4713250_317 .array/port v0x55efe4713250, 317;
v0x55efe4713250_318 .array/port v0x55efe4713250, 318;
v0x55efe4713250_319 .array/port v0x55efe4713250, 319;
E_0x55efe457efe0/79 .event edge, v0x55efe4713250_316, v0x55efe4713250_317, v0x55efe4713250_318, v0x55efe4713250_319;
v0x55efe4713250_320 .array/port v0x55efe4713250, 320;
v0x55efe4713250_321 .array/port v0x55efe4713250, 321;
v0x55efe4713250_322 .array/port v0x55efe4713250, 322;
v0x55efe4713250_323 .array/port v0x55efe4713250, 323;
E_0x55efe457efe0/80 .event edge, v0x55efe4713250_320, v0x55efe4713250_321, v0x55efe4713250_322, v0x55efe4713250_323;
v0x55efe4713250_324 .array/port v0x55efe4713250, 324;
v0x55efe4713250_325 .array/port v0x55efe4713250, 325;
v0x55efe4713250_326 .array/port v0x55efe4713250, 326;
v0x55efe4713250_327 .array/port v0x55efe4713250, 327;
E_0x55efe457efe0/81 .event edge, v0x55efe4713250_324, v0x55efe4713250_325, v0x55efe4713250_326, v0x55efe4713250_327;
v0x55efe4713250_328 .array/port v0x55efe4713250, 328;
v0x55efe4713250_329 .array/port v0x55efe4713250, 329;
v0x55efe4713250_330 .array/port v0x55efe4713250, 330;
v0x55efe4713250_331 .array/port v0x55efe4713250, 331;
E_0x55efe457efe0/82 .event edge, v0x55efe4713250_328, v0x55efe4713250_329, v0x55efe4713250_330, v0x55efe4713250_331;
v0x55efe4713250_332 .array/port v0x55efe4713250, 332;
v0x55efe4713250_333 .array/port v0x55efe4713250, 333;
v0x55efe4713250_334 .array/port v0x55efe4713250, 334;
v0x55efe4713250_335 .array/port v0x55efe4713250, 335;
E_0x55efe457efe0/83 .event edge, v0x55efe4713250_332, v0x55efe4713250_333, v0x55efe4713250_334, v0x55efe4713250_335;
v0x55efe4713250_336 .array/port v0x55efe4713250, 336;
v0x55efe4713250_337 .array/port v0x55efe4713250, 337;
v0x55efe4713250_338 .array/port v0x55efe4713250, 338;
v0x55efe4713250_339 .array/port v0x55efe4713250, 339;
E_0x55efe457efe0/84 .event edge, v0x55efe4713250_336, v0x55efe4713250_337, v0x55efe4713250_338, v0x55efe4713250_339;
v0x55efe4713250_340 .array/port v0x55efe4713250, 340;
v0x55efe4713250_341 .array/port v0x55efe4713250, 341;
v0x55efe4713250_342 .array/port v0x55efe4713250, 342;
v0x55efe4713250_343 .array/port v0x55efe4713250, 343;
E_0x55efe457efe0/85 .event edge, v0x55efe4713250_340, v0x55efe4713250_341, v0x55efe4713250_342, v0x55efe4713250_343;
v0x55efe4713250_344 .array/port v0x55efe4713250, 344;
v0x55efe4713250_345 .array/port v0x55efe4713250, 345;
v0x55efe4713250_346 .array/port v0x55efe4713250, 346;
v0x55efe4713250_347 .array/port v0x55efe4713250, 347;
E_0x55efe457efe0/86 .event edge, v0x55efe4713250_344, v0x55efe4713250_345, v0x55efe4713250_346, v0x55efe4713250_347;
v0x55efe4713250_348 .array/port v0x55efe4713250, 348;
v0x55efe4713250_349 .array/port v0x55efe4713250, 349;
v0x55efe4713250_350 .array/port v0x55efe4713250, 350;
v0x55efe4713250_351 .array/port v0x55efe4713250, 351;
E_0x55efe457efe0/87 .event edge, v0x55efe4713250_348, v0x55efe4713250_349, v0x55efe4713250_350, v0x55efe4713250_351;
v0x55efe4713250_352 .array/port v0x55efe4713250, 352;
v0x55efe4713250_353 .array/port v0x55efe4713250, 353;
v0x55efe4713250_354 .array/port v0x55efe4713250, 354;
v0x55efe4713250_355 .array/port v0x55efe4713250, 355;
E_0x55efe457efe0/88 .event edge, v0x55efe4713250_352, v0x55efe4713250_353, v0x55efe4713250_354, v0x55efe4713250_355;
v0x55efe4713250_356 .array/port v0x55efe4713250, 356;
v0x55efe4713250_357 .array/port v0x55efe4713250, 357;
v0x55efe4713250_358 .array/port v0x55efe4713250, 358;
v0x55efe4713250_359 .array/port v0x55efe4713250, 359;
E_0x55efe457efe0/89 .event edge, v0x55efe4713250_356, v0x55efe4713250_357, v0x55efe4713250_358, v0x55efe4713250_359;
v0x55efe4713250_360 .array/port v0x55efe4713250, 360;
v0x55efe4713250_361 .array/port v0x55efe4713250, 361;
v0x55efe4713250_362 .array/port v0x55efe4713250, 362;
v0x55efe4713250_363 .array/port v0x55efe4713250, 363;
E_0x55efe457efe0/90 .event edge, v0x55efe4713250_360, v0x55efe4713250_361, v0x55efe4713250_362, v0x55efe4713250_363;
v0x55efe4713250_364 .array/port v0x55efe4713250, 364;
v0x55efe4713250_365 .array/port v0x55efe4713250, 365;
v0x55efe4713250_366 .array/port v0x55efe4713250, 366;
v0x55efe4713250_367 .array/port v0x55efe4713250, 367;
E_0x55efe457efe0/91 .event edge, v0x55efe4713250_364, v0x55efe4713250_365, v0x55efe4713250_366, v0x55efe4713250_367;
v0x55efe4713250_368 .array/port v0x55efe4713250, 368;
v0x55efe4713250_369 .array/port v0x55efe4713250, 369;
v0x55efe4713250_370 .array/port v0x55efe4713250, 370;
v0x55efe4713250_371 .array/port v0x55efe4713250, 371;
E_0x55efe457efe0/92 .event edge, v0x55efe4713250_368, v0x55efe4713250_369, v0x55efe4713250_370, v0x55efe4713250_371;
v0x55efe4713250_372 .array/port v0x55efe4713250, 372;
v0x55efe4713250_373 .array/port v0x55efe4713250, 373;
v0x55efe4713250_374 .array/port v0x55efe4713250, 374;
v0x55efe4713250_375 .array/port v0x55efe4713250, 375;
E_0x55efe457efe0/93 .event edge, v0x55efe4713250_372, v0x55efe4713250_373, v0x55efe4713250_374, v0x55efe4713250_375;
v0x55efe4713250_376 .array/port v0x55efe4713250, 376;
v0x55efe4713250_377 .array/port v0x55efe4713250, 377;
v0x55efe4713250_378 .array/port v0x55efe4713250, 378;
v0x55efe4713250_379 .array/port v0x55efe4713250, 379;
E_0x55efe457efe0/94 .event edge, v0x55efe4713250_376, v0x55efe4713250_377, v0x55efe4713250_378, v0x55efe4713250_379;
v0x55efe4713250_380 .array/port v0x55efe4713250, 380;
v0x55efe4713250_381 .array/port v0x55efe4713250, 381;
v0x55efe4713250_382 .array/port v0x55efe4713250, 382;
v0x55efe4713250_383 .array/port v0x55efe4713250, 383;
E_0x55efe457efe0/95 .event edge, v0x55efe4713250_380, v0x55efe4713250_381, v0x55efe4713250_382, v0x55efe4713250_383;
v0x55efe4713250_384 .array/port v0x55efe4713250, 384;
v0x55efe4713250_385 .array/port v0x55efe4713250, 385;
v0x55efe4713250_386 .array/port v0x55efe4713250, 386;
v0x55efe4713250_387 .array/port v0x55efe4713250, 387;
E_0x55efe457efe0/96 .event edge, v0x55efe4713250_384, v0x55efe4713250_385, v0x55efe4713250_386, v0x55efe4713250_387;
v0x55efe4713250_388 .array/port v0x55efe4713250, 388;
v0x55efe4713250_389 .array/port v0x55efe4713250, 389;
v0x55efe4713250_390 .array/port v0x55efe4713250, 390;
v0x55efe4713250_391 .array/port v0x55efe4713250, 391;
E_0x55efe457efe0/97 .event edge, v0x55efe4713250_388, v0x55efe4713250_389, v0x55efe4713250_390, v0x55efe4713250_391;
v0x55efe4713250_392 .array/port v0x55efe4713250, 392;
v0x55efe4713250_393 .array/port v0x55efe4713250, 393;
v0x55efe4713250_394 .array/port v0x55efe4713250, 394;
v0x55efe4713250_395 .array/port v0x55efe4713250, 395;
E_0x55efe457efe0/98 .event edge, v0x55efe4713250_392, v0x55efe4713250_393, v0x55efe4713250_394, v0x55efe4713250_395;
v0x55efe4713250_396 .array/port v0x55efe4713250, 396;
v0x55efe4713250_397 .array/port v0x55efe4713250, 397;
v0x55efe4713250_398 .array/port v0x55efe4713250, 398;
v0x55efe4713250_399 .array/port v0x55efe4713250, 399;
E_0x55efe457efe0/99 .event edge, v0x55efe4713250_396, v0x55efe4713250_397, v0x55efe4713250_398, v0x55efe4713250_399;
v0x55efe4713250_400 .array/port v0x55efe4713250, 400;
v0x55efe4713250_401 .array/port v0x55efe4713250, 401;
v0x55efe4713250_402 .array/port v0x55efe4713250, 402;
v0x55efe4713250_403 .array/port v0x55efe4713250, 403;
E_0x55efe457efe0/100 .event edge, v0x55efe4713250_400, v0x55efe4713250_401, v0x55efe4713250_402, v0x55efe4713250_403;
v0x55efe4713250_404 .array/port v0x55efe4713250, 404;
v0x55efe4713250_405 .array/port v0x55efe4713250, 405;
v0x55efe4713250_406 .array/port v0x55efe4713250, 406;
v0x55efe4713250_407 .array/port v0x55efe4713250, 407;
E_0x55efe457efe0/101 .event edge, v0x55efe4713250_404, v0x55efe4713250_405, v0x55efe4713250_406, v0x55efe4713250_407;
v0x55efe4713250_408 .array/port v0x55efe4713250, 408;
v0x55efe4713250_409 .array/port v0x55efe4713250, 409;
v0x55efe4713250_410 .array/port v0x55efe4713250, 410;
v0x55efe4713250_411 .array/port v0x55efe4713250, 411;
E_0x55efe457efe0/102 .event edge, v0x55efe4713250_408, v0x55efe4713250_409, v0x55efe4713250_410, v0x55efe4713250_411;
v0x55efe4713250_412 .array/port v0x55efe4713250, 412;
v0x55efe4713250_413 .array/port v0x55efe4713250, 413;
v0x55efe4713250_414 .array/port v0x55efe4713250, 414;
v0x55efe4713250_415 .array/port v0x55efe4713250, 415;
E_0x55efe457efe0/103 .event edge, v0x55efe4713250_412, v0x55efe4713250_413, v0x55efe4713250_414, v0x55efe4713250_415;
v0x55efe4713250_416 .array/port v0x55efe4713250, 416;
v0x55efe4713250_417 .array/port v0x55efe4713250, 417;
v0x55efe4713250_418 .array/port v0x55efe4713250, 418;
v0x55efe4713250_419 .array/port v0x55efe4713250, 419;
E_0x55efe457efe0/104 .event edge, v0x55efe4713250_416, v0x55efe4713250_417, v0x55efe4713250_418, v0x55efe4713250_419;
v0x55efe4713250_420 .array/port v0x55efe4713250, 420;
v0x55efe4713250_421 .array/port v0x55efe4713250, 421;
v0x55efe4713250_422 .array/port v0x55efe4713250, 422;
v0x55efe4713250_423 .array/port v0x55efe4713250, 423;
E_0x55efe457efe0/105 .event edge, v0x55efe4713250_420, v0x55efe4713250_421, v0x55efe4713250_422, v0x55efe4713250_423;
v0x55efe4713250_424 .array/port v0x55efe4713250, 424;
v0x55efe4713250_425 .array/port v0x55efe4713250, 425;
v0x55efe4713250_426 .array/port v0x55efe4713250, 426;
v0x55efe4713250_427 .array/port v0x55efe4713250, 427;
E_0x55efe457efe0/106 .event edge, v0x55efe4713250_424, v0x55efe4713250_425, v0x55efe4713250_426, v0x55efe4713250_427;
v0x55efe4713250_428 .array/port v0x55efe4713250, 428;
v0x55efe4713250_429 .array/port v0x55efe4713250, 429;
v0x55efe4713250_430 .array/port v0x55efe4713250, 430;
v0x55efe4713250_431 .array/port v0x55efe4713250, 431;
E_0x55efe457efe0/107 .event edge, v0x55efe4713250_428, v0x55efe4713250_429, v0x55efe4713250_430, v0x55efe4713250_431;
v0x55efe4713250_432 .array/port v0x55efe4713250, 432;
v0x55efe4713250_433 .array/port v0x55efe4713250, 433;
v0x55efe4713250_434 .array/port v0x55efe4713250, 434;
v0x55efe4713250_435 .array/port v0x55efe4713250, 435;
E_0x55efe457efe0/108 .event edge, v0x55efe4713250_432, v0x55efe4713250_433, v0x55efe4713250_434, v0x55efe4713250_435;
v0x55efe4713250_436 .array/port v0x55efe4713250, 436;
v0x55efe4713250_437 .array/port v0x55efe4713250, 437;
v0x55efe4713250_438 .array/port v0x55efe4713250, 438;
v0x55efe4713250_439 .array/port v0x55efe4713250, 439;
E_0x55efe457efe0/109 .event edge, v0x55efe4713250_436, v0x55efe4713250_437, v0x55efe4713250_438, v0x55efe4713250_439;
v0x55efe4713250_440 .array/port v0x55efe4713250, 440;
v0x55efe4713250_441 .array/port v0x55efe4713250, 441;
v0x55efe4713250_442 .array/port v0x55efe4713250, 442;
v0x55efe4713250_443 .array/port v0x55efe4713250, 443;
E_0x55efe457efe0/110 .event edge, v0x55efe4713250_440, v0x55efe4713250_441, v0x55efe4713250_442, v0x55efe4713250_443;
v0x55efe4713250_444 .array/port v0x55efe4713250, 444;
v0x55efe4713250_445 .array/port v0x55efe4713250, 445;
v0x55efe4713250_446 .array/port v0x55efe4713250, 446;
v0x55efe4713250_447 .array/port v0x55efe4713250, 447;
E_0x55efe457efe0/111 .event edge, v0x55efe4713250_444, v0x55efe4713250_445, v0x55efe4713250_446, v0x55efe4713250_447;
v0x55efe4713250_448 .array/port v0x55efe4713250, 448;
v0x55efe4713250_449 .array/port v0x55efe4713250, 449;
v0x55efe4713250_450 .array/port v0x55efe4713250, 450;
v0x55efe4713250_451 .array/port v0x55efe4713250, 451;
E_0x55efe457efe0/112 .event edge, v0x55efe4713250_448, v0x55efe4713250_449, v0x55efe4713250_450, v0x55efe4713250_451;
v0x55efe4713250_452 .array/port v0x55efe4713250, 452;
v0x55efe4713250_453 .array/port v0x55efe4713250, 453;
v0x55efe4713250_454 .array/port v0x55efe4713250, 454;
v0x55efe4713250_455 .array/port v0x55efe4713250, 455;
E_0x55efe457efe0/113 .event edge, v0x55efe4713250_452, v0x55efe4713250_453, v0x55efe4713250_454, v0x55efe4713250_455;
v0x55efe4713250_456 .array/port v0x55efe4713250, 456;
v0x55efe4713250_457 .array/port v0x55efe4713250, 457;
v0x55efe4713250_458 .array/port v0x55efe4713250, 458;
v0x55efe4713250_459 .array/port v0x55efe4713250, 459;
E_0x55efe457efe0/114 .event edge, v0x55efe4713250_456, v0x55efe4713250_457, v0x55efe4713250_458, v0x55efe4713250_459;
v0x55efe4713250_460 .array/port v0x55efe4713250, 460;
v0x55efe4713250_461 .array/port v0x55efe4713250, 461;
v0x55efe4713250_462 .array/port v0x55efe4713250, 462;
v0x55efe4713250_463 .array/port v0x55efe4713250, 463;
E_0x55efe457efe0/115 .event edge, v0x55efe4713250_460, v0x55efe4713250_461, v0x55efe4713250_462, v0x55efe4713250_463;
v0x55efe4713250_464 .array/port v0x55efe4713250, 464;
v0x55efe4713250_465 .array/port v0x55efe4713250, 465;
v0x55efe4713250_466 .array/port v0x55efe4713250, 466;
v0x55efe4713250_467 .array/port v0x55efe4713250, 467;
E_0x55efe457efe0/116 .event edge, v0x55efe4713250_464, v0x55efe4713250_465, v0x55efe4713250_466, v0x55efe4713250_467;
v0x55efe4713250_468 .array/port v0x55efe4713250, 468;
v0x55efe4713250_469 .array/port v0x55efe4713250, 469;
v0x55efe4713250_470 .array/port v0x55efe4713250, 470;
v0x55efe4713250_471 .array/port v0x55efe4713250, 471;
E_0x55efe457efe0/117 .event edge, v0x55efe4713250_468, v0x55efe4713250_469, v0x55efe4713250_470, v0x55efe4713250_471;
v0x55efe4713250_472 .array/port v0x55efe4713250, 472;
v0x55efe4713250_473 .array/port v0x55efe4713250, 473;
v0x55efe4713250_474 .array/port v0x55efe4713250, 474;
v0x55efe4713250_475 .array/port v0x55efe4713250, 475;
E_0x55efe457efe0/118 .event edge, v0x55efe4713250_472, v0x55efe4713250_473, v0x55efe4713250_474, v0x55efe4713250_475;
v0x55efe4713250_476 .array/port v0x55efe4713250, 476;
v0x55efe4713250_477 .array/port v0x55efe4713250, 477;
v0x55efe4713250_478 .array/port v0x55efe4713250, 478;
v0x55efe4713250_479 .array/port v0x55efe4713250, 479;
E_0x55efe457efe0/119 .event edge, v0x55efe4713250_476, v0x55efe4713250_477, v0x55efe4713250_478, v0x55efe4713250_479;
v0x55efe4713250_480 .array/port v0x55efe4713250, 480;
v0x55efe4713250_481 .array/port v0x55efe4713250, 481;
v0x55efe4713250_482 .array/port v0x55efe4713250, 482;
v0x55efe4713250_483 .array/port v0x55efe4713250, 483;
E_0x55efe457efe0/120 .event edge, v0x55efe4713250_480, v0x55efe4713250_481, v0x55efe4713250_482, v0x55efe4713250_483;
v0x55efe4713250_484 .array/port v0x55efe4713250, 484;
v0x55efe4713250_485 .array/port v0x55efe4713250, 485;
v0x55efe4713250_486 .array/port v0x55efe4713250, 486;
v0x55efe4713250_487 .array/port v0x55efe4713250, 487;
E_0x55efe457efe0/121 .event edge, v0x55efe4713250_484, v0x55efe4713250_485, v0x55efe4713250_486, v0x55efe4713250_487;
v0x55efe4713250_488 .array/port v0x55efe4713250, 488;
v0x55efe4713250_489 .array/port v0x55efe4713250, 489;
v0x55efe4713250_490 .array/port v0x55efe4713250, 490;
v0x55efe4713250_491 .array/port v0x55efe4713250, 491;
E_0x55efe457efe0/122 .event edge, v0x55efe4713250_488, v0x55efe4713250_489, v0x55efe4713250_490, v0x55efe4713250_491;
v0x55efe4713250_492 .array/port v0x55efe4713250, 492;
v0x55efe4713250_493 .array/port v0x55efe4713250, 493;
v0x55efe4713250_494 .array/port v0x55efe4713250, 494;
v0x55efe4713250_495 .array/port v0x55efe4713250, 495;
E_0x55efe457efe0/123 .event edge, v0x55efe4713250_492, v0x55efe4713250_493, v0x55efe4713250_494, v0x55efe4713250_495;
v0x55efe4713250_496 .array/port v0x55efe4713250, 496;
v0x55efe4713250_497 .array/port v0x55efe4713250, 497;
v0x55efe4713250_498 .array/port v0x55efe4713250, 498;
v0x55efe4713250_499 .array/port v0x55efe4713250, 499;
E_0x55efe457efe0/124 .event edge, v0x55efe4713250_496, v0x55efe4713250_497, v0x55efe4713250_498, v0x55efe4713250_499;
v0x55efe4713250_500 .array/port v0x55efe4713250, 500;
v0x55efe4713250_501 .array/port v0x55efe4713250, 501;
v0x55efe4713250_502 .array/port v0x55efe4713250, 502;
v0x55efe4713250_503 .array/port v0x55efe4713250, 503;
E_0x55efe457efe0/125 .event edge, v0x55efe4713250_500, v0x55efe4713250_501, v0x55efe4713250_502, v0x55efe4713250_503;
v0x55efe4713250_504 .array/port v0x55efe4713250, 504;
v0x55efe4713250_505 .array/port v0x55efe4713250, 505;
v0x55efe4713250_506 .array/port v0x55efe4713250, 506;
v0x55efe4713250_507 .array/port v0x55efe4713250, 507;
E_0x55efe457efe0/126 .event edge, v0x55efe4713250_504, v0x55efe4713250_505, v0x55efe4713250_506, v0x55efe4713250_507;
v0x55efe4713250_508 .array/port v0x55efe4713250, 508;
v0x55efe4713250_509 .array/port v0x55efe4713250, 509;
v0x55efe4713250_510 .array/port v0x55efe4713250, 510;
v0x55efe4713250_511 .array/port v0x55efe4713250, 511;
E_0x55efe457efe0/127 .event edge, v0x55efe4713250_508, v0x55efe4713250_509, v0x55efe4713250_510, v0x55efe4713250_511;
E_0x55efe457efe0 .event/or E_0x55efe457efe0/0, E_0x55efe457efe0/1, E_0x55efe457efe0/2, E_0x55efe457efe0/3, E_0x55efe457efe0/4, E_0x55efe457efe0/5, E_0x55efe457efe0/6, E_0x55efe457efe0/7, E_0x55efe457efe0/8, E_0x55efe457efe0/9, E_0x55efe457efe0/10, E_0x55efe457efe0/11, E_0x55efe457efe0/12, E_0x55efe457efe0/13, E_0x55efe457efe0/14, E_0x55efe457efe0/15, E_0x55efe457efe0/16, E_0x55efe457efe0/17, E_0x55efe457efe0/18, E_0x55efe457efe0/19, E_0x55efe457efe0/20, E_0x55efe457efe0/21, E_0x55efe457efe0/22, E_0x55efe457efe0/23, E_0x55efe457efe0/24, E_0x55efe457efe0/25, E_0x55efe457efe0/26, E_0x55efe457efe0/27, E_0x55efe457efe0/28, E_0x55efe457efe0/29, E_0x55efe457efe0/30, E_0x55efe457efe0/31, E_0x55efe457efe0/32, E_0x55efe457efe0/33, E_0x55efe457efe0/34, E_0x55efe457efe0/35, E_0x55efe457efe0/36, E_0x55efe457efe0/37, E_0x55efe457efe0/38, E_0x55efe457efe0/39, E_0x55efe457efe0/40, E_0x55efe457efe0/41, E_0x55efe457efe0/42, E_0x55efe457efe0/43, E_0x55efe457efe0/44, E_0x55efe457efe0/45, E_0x55efe457efe0/46, E_0x55efe457efe0/47, E_0x55efe457efe0/48, E_0x55efe457efe0/49, E_0x55efe457efe0/50, E_0x55efe457efe0/51, E_0x55efe457efe0/52, E_0x55efe457efe0/53, E_0x55efe457efe0/54, E_0x55efe457efe0/55, E_0x55efe457efe0/56, E_0x55efe457efe0/57, E_0x55efe457efe0/58, E_0x55efe457efe0/59, E_0x55efe457efe0/60, E_0x55efe457efe0/61, E_0x55efe457efe0/62, E_0x55efe457efe0/63, E_0x55efe457efe0/64, E_0x55efe457efe0/65, E_0x55efe457efe0/66, E_0x55efe457efe0/67, E_0x55efe457efe0/68, E_0x55efe457efe0/69, E_0x55efe457efe0/70, E_0x55efe457efe0/71, E_0x55efe457efe0/72, E_0x55efe457efe0/73, E_0x55efe457efe0/74, E_0x55efe457efe0/75, E_0x55efe457efe0/76, E_0x55efe457efe0/77, E_0x55efe457efe0/78, E_0x55efe457efe0/79, E_0x55efe457efe0/80, E_0x55efe457efe0/81, E_0x55efe457efe0/82, E_0x55efe457efe0/83, E_0x55efe457efe0/84, E_0x55efe457efe0/85, E_0x55efe457efe0/86, E_0x55efe457efe0/87, E_0x55efe457efe0/88, E_0x55efe457efe0/89, E_0x55efe457efe0/90, E_0x55efe457efe0/91, E_0x55efe457efe0/92, E_0x55efe457efe0/93, E_0x55efe457efe0/94, E_0x55efe457efe0/95, E_0x55efe457efe0/96, E_0x55efe457efe0/97, E_0x55efe457efe0/98, E_0x55efe457efe0/99, E_0x55efe457efe0/100, E_0x55efe457efe0/101, E_0x55efe457efe0/102, E_0x55efe457efe0/103, E_0x55efe457efe0/104, E_0x55efe457efe0/105, E_0x55efe457efe0/106, E_0x55efe457efe0/107, E_0x55efe457efe0/108, E_0x55efe457efe0/109, E_0x55efe457efe0/110, E_0x55efe457efe0/111, E_0x55efe457efe0/112, E_0x55efe457efe0/113, E_0x55efe457efe0/114, E_0x55efe457efe0/115, E_0x55efe457efe0/116, E_0x55efe457efe0/117, E_0x55efe457efe0/118, E_0x55efe457efe0/119, E_0x55efe457efe0/120, E_0x55efe457efe0/121, E_0x55efe457efe0/122, E_0x55efe457efe0/123, E_0x55efe457efe0/124, E_0x55efe457efe0/125, E_0x55efe457efe0/126, E_0x55efe457efe0/127;
E_0x55efe478a2b0/0 .event edge, v0x55efe4713190_0, v0x55efe475b150_0, v0x55efe475b150_1, v0x55efe475b150_2;
E_0x55efe478a2b0/1 .event edge, v0x55efe475b150_3, v0x55efe475b150_4, v0x55efe475b150_5, v0x55efe475b150_6;
E_0x55efe478a2b0/2 .event edge, v0x55efe475b150_7, v0x55efe475b150_8, v0x55efe475b150_9, v0x55efe475b150_10;
E_0x55efe478a2b0/3 .event edge, v0x55efe475b150_11, v0x55efe475b150_12, v0x55efe475b150_13, v0x55efe475b150_14;
E_0x55efe478a2b0/4 .event edge, v0x55efe475b150_15, v0x55efe475b150_16, v0x55efe475b150_17, v0x55efe475b150_18;
E_0x55efe478a2b0/5 .event edge, v0x55efe475b150_19, v0x55efe475b150_20, v0x55efe475b150_21, v0x55efe475b150_22;
E_0x55efe478a2b0/6 .event edge, v0x55efe475b150_23, v0x55efe475b150_24, v0x55efe475b150_25, v0x55efe475b150_26;
E_0x55efe478a2b0/7 .event edge, v0x55efe475b150_27, v0x55efe475b150_28, v0x55efe475b150_29, v0x55efe475b150_30;
E_0x55efe478a2b0/8 .event edge, v0x55efe475b150_31, v0x55efe475b150_32, v0x55efe475b150_33, v0x55efe475b150_34;
E_0x55efe478a2b0/9 .event edge, v0x55efe475b150_35, v0x55efe475b150_36, v0x55efe475b150_37, v0x55efe475b150_38;
E_0x55efe478a2b0/10 .event edge, v0x55efe475b150_39, v0x55efe475b150_40, v0x55efe475b150_41, v0x55efe475b150_42;
E_0x55efe478a2b0/11 .event edge, v0x55efe475b150_43, v0x55efe475b150_44, v0x55efe475b150_45, v0x55efe475b150_46;
E_0x55efe478a2b0/12 .event edge, v0x55efe475b150_47, v0x55efe475b150_48, v0x55efe475b150_49, v0x55efe475b150_50;
E_0x55efe478a2b0/13 .event edge, v0x55efe475b150_51, v0x55efe475b150_52, v0x55efe475b150_53, v0x55efe475b150_54;
E_0x55efe478a2b0/14 .event edge, v0x55efe475b150_55, v0x55efe475b150_56, v0x55efe475b150_57, v0x55efe475b150_58;
E_0x55efe478a2b0/15 .event edge, v0x55efe475b150_59, v0x55efe475b150_60, v0x55efe475b150_61, v0x55efe475b150_62;
E_0x55efe478a2b0/16 .event edge, v0x55efe475b150_63, v0x55efe475b150_64, v0x55efe475b150_65, v0x55efe475b150_66;
E_0x55efe478a2b0/17 .event edge, v0x55efe475b150_67, v0x55efe475b150_68, v0x55efe475b150_69, v0x55efe475b150_70;
E_0x55efe478a2b0/18 .event edge, v0x55efe475b150_71, v0x55efe475b150_72, v0x55efe475b150_73, v0x55efe475b150_74;
E_0x55efe478a2b0/19 .event edge, v0x55efe475b150_75, v0x55efe475b150_76, v0x55efe475b150_77, v0x55efe475b150_78;
E_0x55efe478a2b0/20 .event edge, v0x55efe475b150_79, v0x55efe475b150_80, v0x55efe475b150_81, v0x55efe475b150_82;
E_0x55efe478a2b0/21 .event edge, v0x55efe475b150_83, v0x55efe475b150_84, v0x55efe475b150_85, v0x55efe475b150_86;
E_0x55efe478a2b0/22 .event edge, v0x55efe475b150_87, v0x55efe475b150_88, v0x55efe475b150_89, v0x55efe475b150_90;
E_0x55efe478a2b0/23 .event edge, v0x55efe475b150_91, v0x55efe475b150_92, v0x55efe475b150_93, v0x55efe475b150_94;
E_0x55efe478a2b0/24 .event edge, v0x55efe475b150_95, v0x55efe475b150_96, v0x55efe475b150_97, v0x55efe475b150_98;
E_0x55efe478a2b0/25 .event edge, v0x55efe475b150_99, v0x55efe475b150_100, v0x55efe475b150_101, v0x55efe475b150_102;
E_0x55efe478a2b0/26 .event edge, v0x55efe475b150_103, v0x55efe475b150_104, v0x55efe475b150_105, v0x55efe475b150_106;
E_0x55efe478a2b0/27 .event edge, v0x55efe475b150_107, v0x55efe475b150_108, v0x55efe475b150_109, v0x55efe475b150_110;
E_0x55efe478a2b0/28 .event edge, v0x55efe475b150_111, v0x55efe475b150_112, v0x55efe475b150_113, v0x55efe475b150_114;
E_0x55efe478a2b0/29 .event edge, v0x55efe475b150_115, v0x55efe475b150_116, v0x55efe475b150_117, v0x55efe475b150_118;
E_0x55efe478a2b0/30 .event edge, v0x55efe475b150_119, v0x55efe475b150_120, v0x55efe475b150_121, v0x55efe475b150_122;
E_0x55efe478a2b0/31 .event edge, v0x55efe475b150_123, v0x55efe475b150_124, v0x55efe475b150_125, v0x55efe475b150_126;
E_0x55efe478a2b0/32 .event edge, v0x55efe475b150_127, v0x55efe475b150_128, v0x55efe475b150_129, v0x55efe475b150_130;
E_0x55efe478a2b0/33 .event edge, v0x55efe475b150_131, v0x55efe475b150_132, v0x55efe475b150_133, v0x55efe475b150_134;
E_0x55efe478a2b0/34 .event edge, v0x55efe475b150_135, v0x55efe475b150_136, v0x55efe475b150_137, v0x55efe475b150_138;
E_0x55efe478a2b0/35 .event edge, v0x55efe475b150_139, v0x55efe475b150_140, v0x55efe475b150_141, v0x55efe475b150_142;
E_0x55efe478a2b0/36 .event edge, v0x55efe475b150_143, v0x55efe475b150_144, v0x55efe475b150_145, v0x55efe475b150_146;
E_0x55efe478a2b0/37 .event edge, v0x55efe475b150_147, v0x55efe475b150_148, v0x55efe475b150_149, v0x55efe475b150_150;
E_0x55efe478a2b0/38 .event edge, v0x55efe475b150_151, v0x55efe475b150_152, v0x55efe475b150_153, v0x55efe475b150_154;
E_0x55efe478a2b0/39 .event edge, v0x55efe475b150_155, v0x55efe475b150_156, v0x55efe475b150_157, v0x55efe475b150_158;
E_0x55efe478a2b0/40 .event edge, v0x55efe475b150_159, v0x55efe475b150_160, v0x55efe475b150_161, v0x55efe475b150_162;
E_0x55efe478a2b0/41 .event edge, v0x55efe475b150_163, v0x55efe475b150_164, v0x55efe475b150_165, v0x55efe475b150_166;
E_0x55efe478a2b0/42 .event edge, v0x55efe475b150_167, v0x55efe475b150_168, v0x55efe475b150_169, v0x55efe475b150_170;
E_0x55efe478a2b0/43 .event edge, v0x55efe475b150_171, v0x55efe475b150_172, v0x55efe475b150_173, v0x55efe475b150_174;
E_0x55efe478a2b0/44 .event edge, v0x55efe475b150_175, v0x55efe475b150_176, v0x55efe475b150_177, v0x55efe475b150_178;
E_0x55efe478a2b0/45 .event edge, v0x55efe475b150_179, v0x55efe475b150_180, v0x55efe475b150_181, v0x55efe475b150_182;
E_0x55efe478a2b0/46 .event edge, v0x55efe475b150_183, v0x55efe475b150_184, v0x55efe475b150_185, v0x55efe475b150_186;
E_0x55efe478a2b0/47 .event edge, v0x55efe475b150_187, v0x55efe475b150_188, v0x55efe475b150_189, v0x55efe475b150_190;
E_0x55efe478a2b0/48 .event edge, v0x55efe475b150_191, v0x55efe475b150_192, v0x55efe475b150_193, v0x55efe475b150_194;
E_0x55efe478a2b0/49 .event edge, v0x55efe475b150_195, v0x55efe475b150_196, v0x55efe475b150_197, v0x55efe475b150_198;
E_0x55efe478a2b0/50 .event edge, v0x55efe475b150_199, v0x55efe475b150_200, v0x55efe475b150_201, v0x55efe475b150_202;
E_0x55efe478a2b0/51 .event edge, v0x55efe475b150_203, v0x55efe475b150_204, v0x55efe475b150_205, v0x55efe475b150_206;
E_0x55efe478a2b0/52 .event edge, v0x55efe475b150_207, v0x55efe475b150_208, v0x55efe475b150_209, v0x55efe475b150_210;
E_0x55efe478a2b0/53 .event edge, v0x55efe475b150_211, v0x55efe475b150_212, v0x55efe475b150_213, v0x55efe475b150_214;
E_0x55efe478a2b0/54 .event edge, v0x55efe475b150_215, v0x55efe475b150_216, v0x55efe475b150_217, v0x55efe475b150_218;
E_0x55efe478a2b0/55 .event edge, v0x55efe475b150_219, v0x55efe475b150_220, v0x55efe475b150_221, v0x55efe475b150_222;
E_0x55efe478a2b0/56 .event edge, v0x55efe475b150_223, v0x55efe475b150_224, v0x55efe475b150_225, v0x55efe475b150_226;
E_0x55efe478a2b0/57 .event edge, v0x55efe475b150_227, v0x55efe475b150_228, v0x55efe475b150_229, v0x55efe475b150_230;
E_0x55efe478a2b0/58 .event edge, v0x55efe475b150_231, v0x55efe475b150_232, v0x55efe475b150_233, v0x55efe475b150_234;
E_0x55efe478a2b0/59 .event edge, v0x55efe475b150_235, v0x55efe475b150_236, v0x55efe475b150_237, v0x55efe475b150_238;
E_0x55efe478a2b0/60 .event edge, v0x55efe475b150_239, v0x55efe475b150_240, v0x55efe475b150_241, v0x55efe475b150_242;
E_0x55efe478a2b0/61 .event edge, v0x55efe475b150_243, v0x55efe475b150_244, v0x55efe475b150_245, v0x55efe475b150_246;
E_0x55efe478a2b0/62 .event edge, v0x55efe475b150_247, v0x55efe475b150_248, v0x55efe475b150_249, v0x55efe475b150_250;
E_0x55efe478a2b0/63 .event edge, v0x55efe475b150_251, v0x55efe475b150_252, v0x55efe475b150_253, v0x55efe475b150_254;
E_0x55efe478a2b0/64 .event edge, v0x55efe475b150_255, v0x55efe475b150_256, v0x55efe475b150_257, v0x55efe475b150_258;
E_0x55efe478a2b0/65 .event edge, v0x55efe475b150_259, v0x55efe475b150_260, v0x55efe475b150_261, v0x55efe475b150_262;
E_0x55efe478a2b0/66 .event edge, v0x55efe475b150_263, v0x55efe475b150_264, v0x55efe475b150_265, v0x55efe475b150_266;
E_0x55efe478a2b0/67 .event edge, v0x55efe475b150_267, v0x55efe475b150_268, v0x55efe475b150_269, v0x55efe475b150_270;
E_0x55efe478a2b0/68 .event edge, v0x55efe475b150_271, v0x55efe475b150_272, v0x55efe475b150_273, v0x55efe475b150_274;
E_0x55efe478a2b0/69 .event edge, v0x55efe475b150_275, v0x55efe475b150_276, v0x55efe475b150_277, v0x55efe475b150_278;
E_0x55efe478a2b0/70 .event edge, v0x55efe475b150_279, v0x55efe475b150_280, v0x55efe475b150_281, v0x55efe475b150_282;
E_0x55efe478a2b0/71 .event edge, v0x55efe475b150_283, v0x55efe475b150_284, v0x55efe475b150_285, v0x55efe475b150_286;
E_0x55efe478a2b0/72 .event edge, v0x55efe475b150_287, v0x55efe475b150_288, v0x55efe475b150_289, v0x55efe475b150_290;
E_0x55efe478a2b0/73 .event edge, v0x55efe475b150_291, v0x55efe475b150_292, v0x55efe475b150_293, v0x55efe475b150_294;
E_0x55efe478a2b0/74 .event edge, v0x55efe475b150_295, v0x55efe475b150_296, v0x55efe475b150_297, v0x55efe475b150_298;
E_0x55efe478a2b0/75 .event edge, v0x55efe475b150_299, v0x55efe475b150_300, v0x55efe475b150_301, v0x55efe475b150_302;
E_0x55efe478a2b0/76 .event edge, v0x55efe475b150_303, v0x55efe475b150_304, v0x55efe475b150_305, v0x55efe475b150_306;
E_0x55efe478a2b0/77 .event edge, v0x55efe475b150_307, v0x55efe475b150_308, v0x55efe475b150_309, v0x55efe475b150_310;
E_0x55efe478a2b0/78 .event edge, v0x55efe475b150_311, v0x55efe475b150_312, v0x55efe475b150_313, v0x55efe475b150_314;
E_0x55efe478a2b0/79 .event edge, v0x55efe475b150_315, v0x55efe475b150_316, v0x55efe475b150_317, v0x55efe475b150_318;
E_0x55efe478a2b0/80 .event edge, v0x55efe475b150_319, v0x55efe475b150_320, v0x55efe475b150_321, v0x55efe475b150_322;
E_0x55efe478a2b0/81 .event edge, v0x55efe475b150_323, v0x55efe475b150_324, v0x55efe475b150_325, v0x55efe475b150_326;
E_0x55efe478a2b0/82 .event edge, v0x55efe475b150_327, v0x55efe475b150_328, v0x55efe475b150_329, v0x55efe475b150_330;
E_0x55efe478a2b0/83 .event edge, v0x55efe475b150_331, v0x55efe475b150_332, v0x55efe475b150_333, v0x55efe475b150_334;
E_0x55efe478a2b0/84 .event edge, v0x55efe475b150_335, v0x55efe475b150_336, v0x55efe475b150_337, v0x55efe475b150_338;
E_0x55efe478a2b0/85 .event edge, v0x55efe475b150_339, v0x55efe475b150_340, v0x55efe475b150_341, v0x55efe475b150_342;
E_0x55efe478a2b0/86 .event edge, v0x55efe475b150_343, v0x55efe475b150_344, v0x55efe475b150_345, v0x55efe475b150_346;
E_0x55efe478a2b0/87 .event edge, v0x55efe475b150_347, v0x55efe475b150_348, v0x55efe475b150_349, v0x55efe475b150_350;
E_0x55efe478a2b0/88 .event edge, v0x55efe475b150_351, v0x55efe475b150_352, v0x55efe475b150_353, v0x55efe475b150_354;
E_0x55efe478a2b0/89 .event edge, v0x55efe475b150_355, v0x55efe475b150_356, v0x55efe475b150_357, v0x55efe475b150_358;
E_0x55efe478a2b0/90 .event edge, v0x55efe475b150_359, v0x55efe475b150_360, v0x55efe475b150_361, v0x55efe475b150_362;
E_0x55efe478a2b0/91 .event edge, v0x55efe475b150_363, v0x55efe475b150_364, v0x55efe475b150_365, v0x55efe475b150_366;
E_0x55efe478a2b0/92 .event edge, v0x55efe475b150_367, v0x55efe475b150_368, v0x55efe475b150_369, v0x55efe475b150_370;
E_0x55efe478a2b0/93 .event edge, v0x55efe475b150_371, v0x55efe475b150_372, v0x55efe475b150_373, v0x55efe475b150_374;
E_0x55efe478a2b0/94 .event edge, v0x55efe475b150_375, v0x55efe475b150_376, v0x55efe475b150_377, v0x55efe475b150_378;
E_0x55efe478a2b0/95 .event edge, v0x55efe475b150_379, v0x55efe475b150_380, v0x55efe475b150_381, v0x55efe475b150_382;
E_0x55efe478a2b0/96 .event edge, v0x55efe475b150_383, v0x55efe475b150_384, v0x55efe475b150_385, v0x55efe475b150_386;
E_0x55efe478a2b0/97 .event edge, v0x55efe475b150_387, v0x55efe475b150_388, v0x55efe475b150_389, v0x55efe475b150_390;
E_0x55efe478a2b0/98 .event edge, v0x55efe475b150_391, v0x55efe475b150_392, v0x55efe475b150_393, v0x55efe475b150_394;
E_0x55efe478a2b0/99 .event edge, v0x55efe475b150_395, v0x55efe475b150_396, v0x55efe475b150_397, v0x55efe475b150_398;
E_0x55efe478a2b0/100 .event edge, v0x55efe475b150_399, v0x55efe475b150_400, v0x55efe475b150_401, v0x55efe475b150_402;
E_0x55efe478a2b0/101 .event edge, v0x55efe475b150_403, v0x55efe475b150_404, v0x55efe475b150_405, v0x55efe475b150_406;
E_0x55efe478a2b0/102 .event edge, v0x55efe475b150_407, v0x55efe475b150_408, v0x55efe475b150_409, v0x55efe475b150_410;
E_0x55efe478a2b0/103 .event edge, v0x55efe475b150_411, v0x55efe475b150_412, v0x55efe475b150_413, v0x55efe475b150_414;
E_0x55efe478a2b0/104 .event edge, v0x55efe475b150_415, v0x55efe475b150_416, v0x55efe475b150_417, v0x55efe475b150_418;
E_0x55efe478a2b0/105 .event edge, v0x55efe475b150_419, v0x55efe475b150_420, v0x55efe475b150_421, v0x55efe475b150_422;
E_0x55efe478a2b0/106 .event edge, v0x55efe475b150_423, v0x55efe475b150_424, v0x55efe475b150_425, v0x55efe475b150_426;
E_0x55efe478a2b0/107 .event edge, v0x55efe475b150_427, v0x55efe475b150_428, v0x55efe475b150_429, v0x55efe475b150_430;
E_0x55efe478a2b0/108 .event edge, v0x55efe475b150_431, v0x55efe475b150_432, v0x55efe475b150_433, v0x55efe475b150_434;
E_0x55efe478a2b0/109 .event edge, v0x55efe475b150_435, v0x55efe475b150_436, v0x55efe475b150_437, v0x55efe475b150_438;
E_0x55efe478a2b0/110 .event edge, v0x55efe475b150_439, v0x55efe475b150_440, v0x55efe475b150_441, v0x55efe475b150_442;
E_0x55efe478a2b0/111 .event edge, v0x55efe475b150_443, v0x55efe475b150_444, v0x55efe475b150_445, v0x55efe475b150_446;
E_0x55efe478a2b0/112 .event edge, v0x55efe475b150_447, v0x55efe475b150_448, v0x55efe475b150_449, v0x55efe475b150_450;
E_0x55efe478a2b0/113 .event edge, v0x55efe475b150_451, v0x55efe475b150_452, v0x55efe475b150_453, v0x55efe475b150_454;
E_0x55efe478a2b0/114 .event edge, v0x55efe475b150_455, v0x55efe475b150_456, v0x55efe475b150_457, v0x55efe475b150_458;
E_0x55efe478a2b0/115 .event edge, v0x55efe475b150_459, v0x55efe475b150_460, v0x55efe475b150_461, v0x55efe475b150_462;
E_0x55efe478a2b0/116 .event edge, v0x55efe475b150_463, v0x55efe475b150_464, v0x55efe475b150_465, v0x55efe475b150_466;
E_0x55efe478a2b0/117 .event edge, v0x55efe475b150_467, v0x55efe475b150_468, v0x55efe475b150_469, v0x55efe475b150_470;
E_0x55efe478a2b0/118 .event edge, v0x55efe475b150_471, v0x55efe475b150_472, v0x55efe475b150_473, v0x55efe475b150_474;
E_0x55efe478a2b0/119 .event edge, v0x55efe475b150_475, v0x55efe475b150_476, v0x55efe475b150_477, v0x55efe475b150_478;
E_0x55efe478a2b0/120 .event edge, v0x55efe475b150_479, v0x55efe475b150_480, v0x55efe475b150_481, v0x55efe475b150_482;
E_0x55efe478a2b0/121 .event edge, v0x55efe475b150_483, v0x55efe475b150_484, v0x55efe475b150_485, v0x55efe475b150_486;
E_0x55efe478a2b0/122 .event edge, v0x55efe475b150_487, v0x55efe475b150_488, v0x55efe475b150_489, v0x55efe475b150_490;
E_0x55efe478a2b0/123 .event edge, v0x55efe475b150_491, v0x55efe475b150_492, v0x55efe475b150_493, v0x55efe475b150_494;
E_0x55efe478a2b0/124 .event edge, v0x55efe475b150_495, v0x55efe475b150_496, v0x55efe475b150_497, v0x55efe475b150_498;
E_0x55efe478a2b0/125 .event edge, v0x55efe475b150_499, v0x55efe475b150_500, v0x55efe475b150_501, v0x55efe475b150_502;
E_0x55efe478a2b0/126 .event edge, v0x55efe475b150_503, v0x55efe475b150_504, v0x55efe475b150_505, v0x55efe475b150_506;
E_0x55efe478a2b0/127 .event edge, v0x55efe475b150_507, v0x55efe475b150_508, v0x55efe475b150_509, v0x55efe475b150_510;
E_0x55efe478a2b0/128 .event edge, v0x55efe475b150_511, v0x55efe475b1f0_0, v0x55efe4762940_0, v0x55efe4762940_1;
E_0x55efe478a2b0/129 .event edge, v0x55efe4762940_2, v0x55efe4762940_3, v0x55efe4762940_4, v0x55efe4762940_5;
E_0x55efe478a2b0/130 .event edge, v0x55efe4762940_6, v0x55efe4762940_7, v0x55efe4762940_8, v0x55efe4762940_9;
E_0x55efe478a2b0/131 .event edge, v0x55efe4762940_10, v0x55efe4762940_11, v0x55efe4762940_12, v0x55efe4762940_13;
E_0x55efe478a2b0/132 .event edge, v0x55efe4762940_14, v0x55efe4762940_15, v0x55efe4762940_16, v0x55efe4762940_17;
E_0x55efe478a2b0/133 .event edge, v0x55efe4762940_18, v0x55efe4762940_19, v0x55efe4762940_20, v0x55efe4762940_21;
E_0x55efe478a2b0/134 .event edge, v0x55efe4762940_22, v0x55efe4762940_23, v0x55efe4762940_24, v0x55efe4762940_25;
E_0x55efe478a2b0/135 .event edge, v0x55efe4762940_26, v0x55efe4762940_27, v0x55efe4762940_28, v0x55efe4762940_29;
E_0x55efe478a2b0/136 .event edge, v0x55efe4762940_30, v0x55efe4762940_31, v0x55efe4762940_32, v0x55efe4762940_33;
E_0x55efe478a2b0/137 .event edge, v0x55efe4762940_34, v0x55efe4762940_35, v0x55efe4762940_36, v0x55efe4762940_37;
E_0x55efe478a2b0/138 .event edge, v0x55efe4762940_38, v0x55efe4762940_39, v0x55efe4762940_40, v0x55efe4762940_41;
E_0x55efe478a2b0/139 .event edge, v0x55efe4762940_42, v0x55efe4762940_43, v0x55efe4762940_44, v0x55efe4762940_45;
E_0x55efe478a2b0/140 .event edge, v0x55efe4762940_46, v0x55efe4762940_47, v0x55efe4762940_48, v0x55efe4762940_49;
E_0x55efe478a2b0/141 .event edge, v0x55efe4762940_50, v0x55efe4762940_51, v0x55efe4762940_52, v0x55efe4762940_53;
E_0x55efe478a2b0/142 .event edge, v0x55efe4762940_54, v0x55efe4762940_55, v0x55efe4762940_56, v0x55efe4762940_57;
E_0x55efe478a2b0/143 .event edge, v0x55efe4762940_58, v0x55efe4762940_59, v0x55efe4762940_60, v0x55efe4762940_61;
E_0x55efe478a2b0/144 .event edge, v0x55efe4762940_62, v0x55efe4762940_63, v0x55efe4762940_64, v0x55efe4762940_65;
E_0x55efe478a2b0/145 .event edge, v0x55efe4762940_66, v0x55efe4762940_67, v0x55efe4762940_68, v0x55efe4762940_69;
E_0x55efe478a2b0/146 .event edge, v0x55efe4762940_70, v0x55efe4762940_71, v0x55efe4762940_72, v0x55efe4762940_73;
E_0x55efe478a2b0/147 .event edge, v0x55efe4762940_74, v0x55efe4762940_75, v0x55efe4762940_76, v0x55efe4762940_77;
E_0x55efe478a2b0/148 .event edge, v0x55efe4762940_78, v0x55efe4762940_79, v0x55efe4762940_80, v0x55efe4762940_81;
E_0x55efe478a2b0/149 .event edge, v0x55efe4762940_82, v0x55efe4762940_83, v0x55efe4762940_84, v0x55efe4762940_85;
E_0x55efe478a2b0/150 .event edge, v0x55efe4762940_86, v0x55efe4762940_87, v0x55efe4762940_88, v0x55efe4762940_89;
E_0x55efe478a2b0/151 .event edge, v0x55efe4762940_90, v0x55efe4762940_91, v0x55efe4762940_92, v0x55efe4762940_93;
E_0x55efe478a2b0/152 .event edge, v0x55efe4762940_94, v0x55efe4762940_95, v0x55efe4762940_96, v0x55efe4762940_97;
E_0x55efe478a2b0/153 .event edge, v0x55efe4762940_98, v0x55efe4762940_99, v0x55efe4762940_100, v0x55efe4762940_101;
E_0x55efe478a2b0/154 .event edge, v0x55efe4762940_102, v0x55efe4762940_103, v0x55efe4762940_104, v0x55efe4762940_105;
E_0x55efe478a2b0/155 .event edge, v0x55efe4762940_106, v0x55efe4762940_107, v0x55efe4762940_108, v0x55efe4762940_109;
E_0x55efe478a2b0/156 .event edge, v0x55efe4762940_110, v0x55efe4762940_111, v0x55efe4762940_112, v0x55efe4762940_113;
E_0x55efe478a2b0/157 .event edge, v0x55efe4762940_114, v0x55efe4762940_115, v0x55efe4762940_116, v0x55efe4762940_117;
E_0x55efe478a2b0/158 .event edge, v0x55efe4762940_118, v0x55efe4762940_119, v0x55efe4762940_120, v0x55efe4762940_121;
E_0x55efe478a2b0/159 .event edge, v0x55efe4762940_122, v0x55efe4762940_123, v0x55efe4762940_124, v0x55efe4762940_125;
E_0x55efe478a2b0/160 .event edge, v0x55efe4762940_126, v0x55efe4762940_127, v0x55efe4762940_128, v0x55efe4762940_129;
E_0x55efe478a2b0/161 .event edge, v0x55efe4762940_130, v0x55efe4762940_131, v0x55efe4762940_132, v0x55efe4762940_133;
E_0x55efe478a2b0/162 .event edge, v0x55efe4762940_134, v0x55efe4762940_135, v0x55efe4762940_136, v0x55efe4762940_137;
E_0x55efe478a2b0/163 .event edge, v0x55efe4762940_138, v0x55efe4762940_139, v0x55efe4762940_140, v0x55efe4762940_141;
E_0x55efe478a2b0/164 .event edge, v0x55efe4762940_142, v0x55efe4762940_143, v0x55efe4762940_144, v0x55efe4762940_145;
E_0x55efe478a2b0/165 .event edge, v0x55efe4762940_146, v0x55efe4762940_147, v0x55efe4762940_148, v0x55efe4762940_149;
E_0x55efe478a2b0/166 .event edge, v0x55efe4762940_150, v0x55efe4762940_151, v0x55efe4762940_152, v0x55efe4762940_153;
E_0x55efe478a2b0/167 .event edge, v0x55efe4762940_154, v0x55efe4762940_155, v0x55efe4762940_156, v0x55efe4762940_157;
E_0x55efe478a2b0/168 .event edge, v0x55efe4762940_158, v0x55efe4762940_159, v0x55efe4762940_160, v0x55efe4762940_161;
E_0x55efe478a2b0/169 .event edge, v0x55efe4762940_162, v0x55efe4762940_163, v0x55efe4762940_164, v0x55efe4762940_165;
E_0x55efe478a2b0/170 .event edge, v0x55efe4762940_166, v0x55efe4762940_167, v0x55efe4762940_168, v0x55efe4762940_169;
E_0x55efe478a2b0/171 .event edge, v0x55efe4762940_170, v0x55efe4762940_171, v0x55efe4762940_172, v0x55efe4762940_173;
E_0x55efe478a2b0/172 .event edge, v0x55efe4762940_174, v0x55efe4762940_175, v0x55efe4762940_176, v0x55efe4762940_177;
E_0x55efe478a2b0/173 .event edge, v0x55efe4762940_178, v0x55efe4762940_179, v0x55efe4762940_180, v0x55efe4762940_181;
E_0x55efe478a2b0/174 .event edge, v0x55efe4762940_182, v0x55efe4762940_183, v0x55efe4762940_184, v0x55efe4762940_185;
E_0x55efe478a2b0/175 .event edge, v0x55efe4762940_186, v0x55efe4762940_187, v0x55efe4762940_188, v0x55efe4762940_189;
E_0x55efe478a2b0/176 .event edge, v0x55efe4762940_190, v0x55efe4762940_191, v0x55efe4762940_192, v0x55efe4762940_193;
E_0x55efe478a2b0/177 .event edge, v0x55efe4762940_194, v0x55efe4762940_195, v0x55efe4762940_196, v0x55efe4762940_197;
E_0x55efe478a2b0/178 .event edge, v0x55efe4762940_198, v0x55efe4762940_199, v0x55efe4762940_200, v0x55efe4762940_201;
E_0x55efe478a2b0/179 .event edge, v0x55efe4762940_202, v0x55efe4762940_203, v0x55efe4762940_204, v0x55efe4762940_205;
E_0x55efe478a2b0/180 .event edge, v0x55efe4762940_206, v0x55efe4762940_207, v0x55efe4762940_208, v0x55efe4762940_209;
E_0x55efe478a2b0/181 .event edge, v0x55efe4762940_210, v0x55efe4762940_211, v0x55efe4762940_212, v0x55efe4762940_213;
E_0x55efe478a2b0/182 .event edge, v0x55efe4762940_214, v0x55efe4762940_215, v0x55efe4762940_216, v0x55efe4762940_217;
E_0x55efe478a2b0/183 .event edge, v0x55efe4762940_218, v0x55efe4762940_219, v0x55efe4762940_220, v0x55efe4762940_221;
E_0x55efe478a2b0/184 .event edge, v0x55efe4762940_222, v0x55efe4762940_223, v0x55efe4762940_224, v0x55efe4762940_225;
E_0x55efe478a2b0/185 .event edge, v0x55efe4762940_226, v0x55efe4762940_227, v0x55efe4762940_228, v0x55efe4762940_229;
E_0x55efe478a2b0/186 .event edge, v0x55efe4762940_230, v0x55efe4762940_231, v0x55efe4762940_232, v0x55efe4762940_233;
E_0x55efe478a2b0/187 .event edge, v0x55efe4762940_234, v0x55efe4762940_235, v0x55efe4762940_236, v0x55efe4762940_237;
E_0x55efe478a2b0/188 .event edge, v0x55efe4762940_238, v0x55efe4762940_239, v0x55efe4762940_240, v0x55efe4762940_241;
E_0x55efe478a2b0/189 .event edge, v0x55efe4762940_242, v0x55efe4762940_243, v0x55efe4762940_244, v0x55efe4762940_245;
E_0x55efe478a2b0/190 .event edge, v0x55efe4762940_246, v0x55efe4762940_247, v0x55efe4762940_248, v0x55efe4762940_249;
E_0x55efe478a2b0/191 .event edge, v0x55efe4762940_250, v0x55efe4762940_251, v0x55efe4762940_252, v0x55efe4762940_253;
E_0x55efe478a2b0/192 .event edge, v0x55efe4762940_254, v0x55efe4762940_255, v0x55efe4762940_256, v0x55efe4762940_257;
E_0x55efe478a2b0/193 .event edge, v0x55efe4762940_258, v0x55efe4762940_259, v0x55efe4762940_260, v0x55efe4762940_261;
E_0x55efe478a2b0/194 .event edge, v0x55efe4762940_262, v0x55efe4762940_263, v0x55efe4762940_264, v0x55efe4762940_265;
E_0x55efe478a2b0/195 .event edge, v0x55efe4762940_266, v0x55efe4762940_267, v0x55efe4762940_268, v0x55efe4762940_269;
E_0x55efe478a2b0/196 .event edge, v0x55efe4762940_270, v0x55efe4762940_271, v0x55efe4762940_272, v0x55efe4762940_273;
E_0x55efe478a2b0/197 .event edge, v0x55efe4762940_274, v0x55efe4762940_275, v0x55efe4762940_276, v0x55efe4762940_277;
E_0x55efe478a2b0/198 .event edge, v0x55efe4762940_278, v0x55efe4762940_279, v0x55efe4762940_280, v0x55efe4762940_281;
E_0x55efe478a2b0/199 .event edge, v0x55efe4762940_282, v0x55efe4762940_283, v0x55efe4762940_284, v0x55efe4762940_285;
E_0x55efe478a2b0/200 .event edge, v0x55efe4762940_286, v0x55efe4762940_287, v0x55efe4762940_288, v0x55efe4762940_289;
E_0x55efe478a2b0/201 .event edge, v0x55efe4762940_290, v0x55efe4762940_291, v0x55efe4762940_292, v0x55efe4762940_293;
E_0x55efe478a2b0/202 .event edge, v0x55efe4762940_294, v0x55efe4762940_295, v0x55efe4762940_296, v0x55efe4762940_297;
E_0x55efe478a2b0/203 .event edge, v0x55efe4762940_298, v0x55efe4762940_299, v0x55efe4762940_300, v0x55efe4762940_301;
E_0x55efe478a2b0/204 .event edge, v0x55efe4762940_302, v0x55efe4762940_303, v0x55efe4762940_304, v0x55efe4762940_305;
E_0x55efe478a2b0/205 .event edge, v0x55efe4762940_306, v0x55efe4762940_307, v0x55efe4762940_308, v0x55efe4762940_309;
E_0x55efe478a2b0/206 .event edge, v0x55efe4762940_310, v0x55efe4762940_311, v0x55efe4762940_312, v0x55efe4762940_313;
E_0x55efe478a2b0/207 .event edge, v0x55efe4762940_314, v0x55efe4762940_315, v0x55efe4762940_316, v0x55efe4762940_317;
E_0x55efe478a2b0/208 .event edge, v0x55efe4762940_318, v0x55efe4762940_319, v0x55efe4762940_320, v0x55efe4762940_321;
E_0x55efe478a2b0/209 .event edge, v0x55efe4762940_322, v0x55efe4762940_323, v0x55efe4762940_324, v0x55efe4762940_325;
E_0x55efe478a2b0/210 .event edge, v0x55efe4762940_326, v0x55efe4762940_327, v0x55efe4762940_328, v0x55efe4762940_329;
E_0x55efe478a2b0/211 .event edge, v0x55efe4762940_330, v0x55efe4762940_331, v0x55efe4762940_332, v0x55efe4762940_333;
E_0x55efe478a2b0/212 .event edge, v0x55efe4762940_334, v0x55efe4762940_335, v0x55efe4762940_336, v0x55efe4762940_337;
E_0x55efe478a2b0/213 .event edge, v0x55efe4762940_338, v0x55efe4762940_339, v0x55efe4762940_340, v0x55efe4762940_341;
E_0x55efe478a2b0/214 .event edge, v0x55efe4762940_342, v0x55efe4762940_343, v0x55efe4762940_344, v0x55efe4762940_345;
E_0x55efe478a2b0/215 .event edge, v0x55efe4762940_346, v0x55efe4762940_347, v0x55efe4762940_348, v0x55efe4762940_349;
E_0x55efe478a2b0/216 .event edge, v0x55efe4762940_350, v0x55efe4762940_351, v0x55efe4762940_352, v0x55efe4762940_353;
E_0x55efe478a2b0/217 .event edge, v0x55efe4762940_354, v0x55efe4762940_355, v0x55efe4762940_356, v0x55efe4762940_357;
E_0x55efe478a2b0/218 .event edge, v0x55efe4762940_358, v0x55efe4762940_359, v0x55efe4762940_360, v0x55efe4762940_361;
E_0x55efe478a2b0/219 .event edge, v0x55efe4762940_362, v0x55efe4762940_363, v0x55efe4762940_364, v0x55efe4762940_365;
E_0x55efe478a2b0/220 .event edge, v0x55efe4762940_366, v0x55efe4762940_367, v0x55efe4762940_368, v0x55efe4762940_369;
E_0x55efe478a2b0/221 .event edge, v0x55efe4762940_370, v0x55efe4762940_371, v0x55efe4762940_372, v0x55efe4762940_373;
E_0x55efe478a2b0/222 .event edge, v0x55efe4762940_374, v0x55efe4762940_375, v0x55efe4762940_376, v0x55efe4762940_377;
E_0x55efe478a2b0/223 .event edge, v0x55efe4762940_378, v0x55efe4762940_379, v0x55efe4762940_380, v0x55efe4762940_381;
E_0x55efe478a2b0/224 .event edge, v0x55efe4762940_382, v0x55efe4762940_383, v0x55efe4762940_384, v0x55efe4762940_385;
E_0x55efe478a2b0/225 .event edge, v0x55efe4762940_386, v0x55efe4762940_387, v0x55efe4762940_388, v0x55efe4762940_389;
E_0x55efe478a2b0/226 .event edge, v0x55efe4762940_390, v0x55efe4762940_391, v0x55efe4762940_392, v0x55efe4762940_393;
E_0x55efe478a2b0/227 .event edge, v0x55efe4762940_394, v0x55efe4762940_395, v0x55efe4762940_396, v0x55efe4762940_397;
E_0x55efe478a2b0/228 .event edge, v0x55efe4762940_398, v0x55efe4762940_399, v0x55efe4762940_400, v0x55efe4762940_401;
E_0x55efe478a2b0/229 .event edge, v0x55efe4762940_402, v0x55efe4762940_403, v0x55efe4762940_404, v0x55efe4762940_405;
E_0x55efe478a2b0/230 .event edge, v0x55efe4762940_406, v0x55efe4762940_407, v0x55efe4762940_408, v0x55efe4762940_409;
E_0x55efe478a2b0/231 .event edge, v0x55efe4762940_410, v0x55efe4762940_411, v0x55efe4762940_412, v0x55efe4762940_413;
E_0x55efe478a2b0/232 .event edge, v0x55efe4762940_414, v0x55efe4762940_415, v0x55efe4762940_416, v0x55efe4762940_417;
E_0x55efe478a2b0/233 .event edge, v0x55efe4762940_418, v0x55efe4762940_419, v0x55efe4762940_420, v0x55efe4762940_421;
E_0x55efe478a2b0/234 .event edge, v0x55efe4762940_422, v0x55efe4762940_423, v0x55efe4762940_424, v0x55efe4762940_425;
E_0x55efe478a2b0/235 .event edge, v0x55efe4762940_426, v0x55efe4762940_427, v0x55efe4762940_428, v0x55efe4762940_429;
E_0x55efe478a2b0/236 .event edge, v0x55efe4762940_430, v0x55efe4762940_431, v0x55efe4762940_432, v0x55efe4762940_433;
E_0x55efe478a2b0/237 .event edge, v0x55efe4762940_434, v0x55efe4762940_435, v0x55efe4762940_436, v0x55efe4762940_437;
E_0x55efe478a2b0/238 .event edge, v0x55efe4762940_438, v0x55efe4762940_439, v0x55efe4762940_440, v0x55efe4762940_441;
E_0x55efe478a2b0/239 .event edge, v0x55efe4762940_442, v0x55efe4762940_443, v0x55efe4762940_444, v0x55efe4762940_445;
E_0x55efe478a2b0/240 .event edge, v0x55efe4762940_446, v0x55efe4762940_447, v0x55efe4762940_448, v0x55efe4762940_449;
E_0x55efe478a2b0/241 .event edge, v0x55efe4762940_450, v0x55efe4762940_451, v0x55efe4762940_452, v0x55efe4762940_453;
E_0x55efe478a2b0/242 .event edge, v0x55efe4762940_454, v0x55efe4762940_455, v0x55efe4762940_456, v0x55efe4762940_457;
E_0x55efe478a2b0/243 .event edge, v0x55efe4762940_458, v0x55efe4762940_459, v0x55efe4762940_460, v0x55efe4762940_461;
E_0x55efe478a2b0/244 .event edge, v0x55efe4762940_462, v0x55efe4762940_463, v0x55efe4762940_464, v0x55efe4762940_465;
E_0x55efe478a2b0/245 .event edge, v0x55efe4762940_466, v0x55efe4762940_467, v0x55efe4762940_468, v0x55efe4762940_469;
E_0x55efe478a2b0/246 .event edge, v0x55efe4762940_470, v0x55efe4762940_471, v0x55efe4762940_472, v0x55efe4762940_473;
E_0x55efe478a2b0/247 .event edge, v0x55efe4762940_474, v0x55efe4762940_475, v0x55efe4762940_476, v0x55efe4762940_477;
E_0x55efe478a2b0/248 .event edge, v0x55efe4762940_478, v0x55efe4762940_479, v0x55efe4762940_480, v0x55efe4762940_481;
E_0x55efe478a2b0/249 .event edge, v0x55efe4762940_482, v0x55efe4762940_483, v0x55efe4762940_484, v0x55efe4762940_485;
E_0x55efe478a2b0/250 .event edge, v0x55efe4762940_486, v0x55efe4762940_487, v0x55efe4762940_488, v0x55efe4762940_489;
E_0x55efe478a2b0/251 .event edge, v0x55efe4762940_490, v0x55efe4762940_491, v0x55efe4762940_492, v0x55efe4762940_493;
E_0x55efe478a2b0/252 .event edge, v0x55efe4762940_494, v0x55efe4762940_495, v0x55efe4762940_496, v0x55efe4762940_497;
E_0x55efe478a2b0/253 .event edge, v0x55efe4762940_498, v0x55efe4762940_499, v0x55efe4762940_500, v0x55efe4762940_501;
E_0x55efe478a2b0/254 .event edge, v0x55efe4762940_502, v0x55efe4762940_503, v0x55efe4762940_504, v0x55efe4762940_505;
E_0x55efe478a2b0/255 .event edge, v0x55efe4762940_506, v0x55efe4762940_507, v0x55efe4762940_508, v0x55efe4762940_509;
E_0x55efe478a2b0/256 .event edge, v0x55efe4762940_510, v0x55efe4762940_511, v0x55efe47629e0_0;
E_0x55efe478a2b0 .event/or E_0x55efe478a2b0/0, E_0x55efe478a2b0/1, E_0x55efe478a2b0/2, E_0x55efe478a2b0/3, E_0x55efe478a2b0/4, E_0x55efe478a2b0/5, E_0x55efe478a2b0/6, E_0x55efe478a2b0/7, E_0x55efe478a2b0/8, E_0x55efe478a2b0/9, E_0x55efe478a2b0/10, E_0x55efe478a2b0/11, E_0x55efe478a2b0/12, E_0x55efe478a2b0/13, E_0x55efe478a2b0/14, E_0x55efe478a2b0/15, E_0x55efe478a2b0/16, E_0x55efe478a2b0/17, E_0x55efe478a2b0/18, E_0x55efe478a2b0/19, E_0x55efe478a2b0/20, E_0x55efe478a2b0/21, E_0x55efe478a2b0/22, E_0x55efe478a2b0/23, E_0x55efe478a2b0/24, E_0x55efe478a2b0/25, E_0x55efe478a2b0/26, E_0x55efe478a2b0/27, E_0x55efe478a2b0/28, E_0x55efe478a2b0/29, E_0x55efe478a2b0/30, E_0x55efe478a2b0/31, E_0x55efe478a2b0/32, E_0x55efe478a2b0/33, E_0x55efe478a2b0/34, E_0x55efe478a2b0/35, E_0x55efe478a2b0/36, E_0x55efe478a2b0/37, E_0x55efe478a2b0/38, E_0x55efe478a2b0/39, E_0x55efe478a2b0/40, E_0x55efe478a2b0/41, E_0x55efe478a2b0/42, E_0x55efe478a2b0/43, E_0x55efe478a2b0/44, E_0x55efe478a2b0/45, E_0x55efe478a2b0/46, E_0x55efe478a2b0/47, E_0x55efe478a2b0/48, E_0x55efe478a2b0/49, E_0x55efe478a2b0/50, E_0x55efe478a2b0/51, E_0x55efe478a2b0/52, E_0x55efe478a2b0/53, E_0x55efe478a2b0/54, E_0x55efe478a2b0/55, E_0x55efe478a2b0/56, E_0x55efe478a2b0/57, E_0x55efe478a2b0/58, E_0x55efe478a2b0/59, E_0x55efe478a2b0/60, E_0x55efe478a2b0/61, E_0x55efe478a2b0/62, E_0x55efe478a2b0/63, E_0x55efe478a2b0/64, E_0x55efe478a2b0/65, E_0x55efe478a2b0/66, E_0x55efe478a2b0/67, E_0x55efe478a2b0/68, E_0x55efe478a2b0/69, E_0x55efe478a2b0/70, E_0x55efe478a2b0/71, E_0x55efe478a2b0/72, E_0x55efe478a2b0/73, E_0x55efe478a2b0/74, E_0x55efe478a2b0/75, E_0x55efe478a2b0/76, E_0x55efe478a2b0/77, E_0x55efe478a2b0/78, E_0x55efe478a2b0/79, E_0x55efe478a2b0/80, E_0x55efe478a2b0/81, E_0x55efe478a2b0/82, E_0x55efe478a2b0/83, E_0x55efe478a2b0/84, E_0x55efe478a2b0/85, E_0x55efe478a2b0/86, E_0x55efe478a2b0/87, E_0x55efe478a2b0/88, E_0x55efe478a2b0/89, E_0x55efe478a2b0/90, E_0x55efe478a2b0/91, E_0x55efe478a2b0/92, E_0x55efe478a2b0/93, E_0x55efe478a2b0/94, E_0x55efe478a2b0/95, E_0x55efe478a2b0/96, E_0x55efe478a2b0/97, E_0x55efe478a2b0/98, E_0x55efe478a2b0/99, E_0x55efe478a2b0/100, E_0x55efe478a2b0/101, E_0x55efe478a2b0/102, E_0x55efe478a2b0/103, E_0x55efe478a2b0/104, E_0x55efe478a2b0/105, E_0x55efe478a2b0/106, E_0x55efe478a2b0/107, E_0x55efe478a2b0/108, E_0x55efe478a2b0/109, E_0x55efe478a2b0/110, E_0x55efe478a2b0/111, E_0x55efe478a2b0/112, E_0x55efe478a2b0/113, E_0x55efe478a2b0/114, E_0x55efe478a2b0/115, E_0x55efe478a2b0/116, E_0x55efe478a2b0/117, E_0x55efe478a2b0/118, E_0x55efe478a2b0/119, E_0x55efe478a2b0/120, E_0x55efe478a2b0/121, E_0x55efe478a2b0/122, E_0x55efe478a2b0/123, E_0x55efe478a2b0/124, E_0x55efe478a2b0/125, E_0x55efe478a2b0/126, E_0x55efe478a2b0/127, E_0x55efe478a2b0/128, E_0x55efe478a2b0/129, E_0x55efe478a2b0/130, E_0x55efe478a2b0/131, E_0x55efe478a2b0/132, E_0x55efe478a2b0/133, E_0x55efe478a2b0/134, E_0x55efe478a2b0/135, E_0x55efe478a2b0/136, E_0x55efe478a2b0/137, E_0x55efe478a2b0/138, E_0x55efe478a2b0/139, E_0x55efe478a2b0/140, E_0x55efe478a2b0/141, E_0x55efe478a2b0/142, E_0x55efe478a2b0/143, E_0x55efe478a2b0/144, E_0x55efe478a2b0/145, E_0x55efe478a2b0/146, E_0x55efe478a2b0/147, E_0x55efe478a2b0/148, E_0x55efe478a2b0/149, E_0x55efe478a2b0/150, E_0x55efe478a2b0/151, E_0x55efe478a2b0/152, E_0x55efe478a2b0/153, E_0x55efe478a2b0/154, E_0x55efe478a2b0/155, E_0x55efe478a2b0/156, E_0x55efe478a2b0/157, E_0x55efe478a2b0/158, E_0x55efe478a2b0/159, E_0x55efe478a2b0/160, E_0x55efe478a2b0/161, E_0x55efe478a2b0/162, E_0x55efe478a2b0/163, E_0x55efe478a2b0/164, E_0x55efe478a2b0/165, E_0x55efe478a2b0/166, E_0x55efe478a2b0/167, E_0x55efe478a2b0/168, E_0x55efe478a2b0/169, E_0x55efe478a2b0/170, E_0x55efe478a2b0/171, E_0x55efe478a2b0/172, E_0x55efe478a2b0/173, E_0x55efe478a2b0/174, E_0x55efe478a2b0/175, E_0x55efe478a2b0/176, E_0x55efe478a2b0/177, E_0x55efe478a2b0/178, E_0x55efe478a2b0/179, E_0x55efe478a2b0/180, E_0x55efe478a2b0/181, E_0x55efe478a2b0/182, E_0x55efe478a2b0/183, E_0x55efe478a2b0/184, E_0x55efe478a2b0/185, E_0x55efe478a2b0/186, E_0x55efe478a2b0/187, E_0x55efe478a2b0/188, E_0x55efe478a2b0/189, E_0x55efe478a2b0/190, E_0x55efe478a2b0/191, E_0x55efe478a2b0/192, E_0x55efe478a2b0/193, E_0x55efe478a2b0/194, E_0x55efe478a2b0/195, E_0x55efe478a2b0/196, E_0x55efe478a2b0/197, E_0x55efe478a2b0/198, E_0x55efe478a2b0/199, E_0x55efe478a2b0/200, E_0x55efe478a2b0/201, E_0x55efe478a2b0/202, E_0x55efe478a2b0/203, E_0x55efe478a2b0/204, E_0x55efe478a2b0/205, E_0x55efe478a2b0/206, E_0x55efe478a2b0/207, E_0x55efe478a2b0/208, E_0x55efe478a2b0/209, E_0x55efe478a2b0/210, E_0x55efe478a2b0/211, E_0x55efe478a2b0/212, E_0x55efe478a2b0/213, E_0x55efe478a2b0/214, E_0x55efe478a2b0/215, E_0x55efe478a2b0/216, E_0x55efe478a2b0/217, E_0x55efe478a2b0/218, E_0x55efe478a2b0/219, E_0x55efe478a2b0/220, E_0x55efe478a2b0/221, E_0x55efe478a2b0/222, E_0x55efe478a2b0/223, E_0x55efe478a2b0/224, E_0x55efe478a2b0/225, E_0x55efe478a2b0/226, E_0x55efe478a2b0/227, E_0x55efe478a2b0/228, E_0x55efe478a2b0/229, E_0x55efe478a2b0/230, E_0x55efe478a2b0/231, E_0x55efe478a2b0/232, E_0x55efe478a2b0/233, E_0x55efe478a2b0/234, E_0x55efe478a2b0/235, E_0x55efe478a2b0/236, E_0x55efe478a2b0/237, E_0x55efe478a2b0/238, E_0x55efe478a2b0/239, E_0x55efe478a2b0/240, E_0x55efe478a2b0/241, E_0x55efe478a2b0/242, E_0x55efe478a2b0/243, E_0x55efe478a2b0/244, E_0x55efe478a2b0/245, E_0x55efe478a2b0/246, E_0x55efe478a2b0/247, E_0x55efe478a2b0/248, E_0x55efe478a2b0/249, E_0x55efe478a2b0/250, E_0x55efe478a2b0/251, E_0x55efe478a2b0/252, E_0x55efe478a2b0/253, E_0x55efe478a2b0/254, E_0x55efe478a2b0/255, E_0x55efe478a2b0/256;
S_0x55efe45a7080 .scope begin, "$ivl_for_loop0" "$ivl_for_loop0" 3 27, 3 27 0, S_0x55efe45b1880;
 .timescale -9 -12;
v0x55efe4769d00_0 .var/2s "i", 31 0;
S_0x55efe45a7260 .scope begin, "$ivl_for_loop1" "$ivl_for_loop1" 3 30, 3 30 0, S_0x55efe45b1880;
 .timescale -9 -12;
v0x55efe476a2d0_0 .var/2s "i", 31 0;
S_0x55efe459a920 .scope begin, "$ivl_for_loop2" "$ivl_for_loop2" 3 36, 3 36 0, S_0x55efe45b1880;
 .timescale -9 -12;
v0x55efe476bc70_0 .var/2s "i", 31 0;
S_0x55efe45b1ab0 .scope module, "loopback_register" "loopback_register" 4 7;
 .timescale -9 -12;
    .port_info 0 /INPUT 1 "clk";
    .port_info 1 /INPUT 1 "rst_n";
    .port_info 2 /INPUT 1 "en";
    .port_info 3 /INPUT 8192 "data_in";
    .port_info 4 /INPUT 1 "valid_in";
    .port_info 5 /OUTPUT 8192 "data_out";
    .port_info 6 /OUTPUT 1 "valid_out";
P_0x55efe455c660 .param/l "DATA_WIDTH" 0 4 8, +C4<00000000000000000000000000010000>;
P_0x55efe455c6a0 .param/l "FLAT_W" 1 4 21, +C4<00000000000000000010000000000000>;
P_0x55efe455c6e0 .param/l "VECTOR_LEN" 0 4 9, +C4<00000000000000000000001000000000>;
o0x7f616e092318 .functor BUFZ 1, C4<z>; HiZ drive
v0x55efe4702e30_0 .net "clk", 0 0, o0x7f616e092318;  0 drivers
o0x7f616e092348 .functor BUFZ 16, C4<zzzzzzzzzzzzzzzz>; HiZ drive
v0x55efe4702900 .array "data_in", 511 0;
v0x55efe4702900_0 .net v0x55efe4702900 0, 15 0, o0x7f616e092348; 0 drivers
o0x7f616e092378 .functor BUFZ 16, C4<zzzzzzzzzzzzzzzz>; HiZ drive
v0x55efe4702900_1 .net v0x55efe4702900 1, 15 0, o0x7f616e092378; 0 drivers
o0x7f616e0923a8 .functor BUFZ 16, C4<zzzzzzzzzzzzzzzz>; HiZ drive
v0x55efe4702900_2 .net v0x55efe4702900 2, 15 0, o0x7f616e0923a8; 0 drivers
o0x7f616e0923d8 .functor BUFZ 16, C4<zzzzzzzzzzzzzzzz>; HiZ drive
v0x55efe4702900_3 .net v0x55efe4702900 3, 15 0, o0x7f616e0923d8; 0 drivers
o0x7f616e092408 .functor BUFZ 16, C4<zzzzzzzzzzzzzzzz>; HiZ drive
v0x55efe4702900_4 .net v0x55efe4702900 4, 15 0, o0x7f616e092408; 0 drivers
o0x7f616e092438 .functor BUFZ 16, C4<zzzzzzzzzzzzzzzz>; HiZ drive
v0x55efe4702900_5 .net v0x55efe4702900 5, 15 0, o0x7f616e092438; 0 drivers
o0x7f616e092468 .functor BUFZ 16, C4<zzzzzzzzzzzzzzzz>; HiZ drive
v0x55efe4702900_6 .net v0x55efe4702900 6, 15 0, o0x7f616e092468; 0 drivers
o0x7f616e092498 .functor BUFZ 16, C4<zzzzzzzzzzzzzzzz>; HiZ drive
v0x55efe4702900_7 .net v0x55efe4702900 7, 15 0, o0x7f616e092498; 0 drivers
o0x7f616e0924c8 .functor BUFZ 16, C4<zzzzzzzzzzzzzzzz>; HiZ drive
v0x55efe4702900_8 .net v0x55efe4702900 8, 15 0, o0x7f616e0924c8; 0 drivers
o0x7f616e0924f8 .functor BUFZ 16, C4<zzzzzzzzzzzzzzzz>; HiZ drive
v0x55efe4702900_9 .net v0x55efe4702900 9, 15 0, o0x7f616e0924f8; 0 drivers
o0x7f616e092528 .functor BUFZ 16, C4<zzzzzzzzzzzzzzzz>; HiZ drive
v0x55efe4702900_10 .net v0x55efe4702900 10, 15 0, o0x7f616e092528; 0 drivers
o0x7f616e092558 .functor BUFZ 16, C4<zzzzzzzzzzzzzzzz>; HiZ drive
v0x55efe4702900_11 .net v0x55efe4702900 11, 15 0, o0x7f616e092558; 0 drivers
o0x7f616e092588 .functor BUFZ 16, C4<zzzzzzzzzzzzzzzz>; HiZ drive
v0x55efe4702900_12 .net v0x55efe4702900 12, 15 0, o0x7f616e092588; 0 drivers
o0x7f616e0925b8 .functor BUFZ 16, C4<zzzzzzzzzzzzzzzz>; HiZ drive
v0x55efe4702900_13 .net v0x55efe4702900 13, 15 0, o0x7f616e0925b8; 0 drivers
o0x7f616e0925e8 .functor BUFZ 16, C4<zzzzzzzzzzzzzzzz>; HiZ drive
v0x55efe4702900_14 .net v0x55efe4702900 14, 15 0, o0x7f616e0925e8; 0 drivers
o0x7f616e092618 .functor BUFZ 16, C4<zzzzzzzzzzzzzzzz>; HiZ drive
v0x55efe4702900_15 .net v0x55efe4702900 15, 15 0, o0x7f616e092618; 0 drivers
o0x7f616e092648 .functor BUFZ 16, C4<zzzzzzzzzzzzzzzz>; HiZ drive
v0x55efe4702900_16 .net v0x55efe4702900 16, 15 0, o0x7f616e092648; 0 drivers
o0x7f616e092678 .functor BUFZ 16, C4<zzzzzzzzzzzzzzzz>; HiZ drive
v0x55efe4702900_17 .net v0x55efe4702900 17, 15 0, o0x7f616e092678; 0 drivers
o0x7f616e0926a8 .functor BUFZ 16, C4<zzzzzzzzzzzzzzzz>; HiZ drive
v0x55efe4702900_18 .net v0x55efe4702900 18, 15 0, o0x7f616e0926a8; 0 drivers
o0x7f616e0926d8 .functor BUFZ 16, C4<zzzzzzzzzzzzzzzz>; HiZ drive
v0x55efe4702900_19 .net v0x55efe4702900 19, 15 0, o0x7f616e0926d8; 0 drivers
o0x7f616e092708 .functor BUFZ 16, C4<zzzzzzzzzzzzzzzz>; HiZ drive
v0x55efe4702900_20 .net v0x55efe4702900 20, 15 0, o0x7f616e092708; 0 drivers
o0x7f616e092738 .functor BUFZ 16, C4<zzzzzzzzzzzzzzzz>; HiZ drive
v0x55efe4702900_21 .net v0x55efe4702900 21, 15 0, o0x7f616e092738; 0 drivers
o0x7f616e092768 .functor BUFZ 16, C4<zzzzzzzzzzzzzzzz>; HiZ drive
v0x55efe4702900_22 .net v0x55efe4702900 22, 15 0, o0x7f616e092768; 0 drivers
o0x7f616e092798 .functor BUFZ 16, C4<zzzzzzzzzzzzzzzz>; HiZ drive
v0x55efe4702900_23 .net v0x55efe4702900 23, 15 0, o0x7f616e092798; 0 drivers
o0x7f616e0927c8 .functor BUFZ 16, C4<zzzzzzzzzzzzzzzz>; HiZ drive
v0x55efe4702900_24 .net v0x55efe4702900 24, 15 0, o0x7f616e0927c8; 0 drivers
o0x7f616e0927f8 .functor BUFZ 16, C4<zzzzzzzzzzzzzzzz>; HiZ drive
v0x55efe4702900_25 .net v0x55efe4702900 25, 15 0, o0x7f616e0927f8; 0 drivers
o0x7f616e092828 .functor BUFZ 16, C4<zzzzzzzzzzzzzzzz>; HiZ drive
v0x55efe4702900_26 .net v0x55efe4702900 26, 15 0, o0x7f616e092828; 0 drivers
o0x7f616e092858 .functor BUFZ 16, C4<zzzzzzzzzzzzzzzz>; HiZ drive
v0x55efe4702900_27 .net v0x55efe4702900 27, 15 0, o0x7f616e092858; 0 drivers
o0x7f616e092888 .functor BUFZ 16, C4<zzzzzzzzzzzzzzzz>; HiZ drive
v0x55efe4702900_28 .net v0x55efe4702900 28, 15 0, o0x7f616e092888; 0 drivers
o0x7f616e0928b8 .functor BUFZ 16, C4<zzzzzzzzzzzzzzzz>; HiZ drive
v0x55efe4702900_29 .net v0x55efe4702900 29, 15 0, o0x7f616e0928b8; 0 drivers
o0x7f616e0928e8 .functor BUFZ 16, C4<zzzzzzzzzzzzzzzz>; HiZ drive
v0x55efe4702900_30 .net v0x55efe4702900 30, 15 0, o0x7f616e0928e8; 0 drivers
o0x7f616e092918 .functor BUFZ 16, C4<zzzzzzzzzzzzzzzz>; HiZ drive
v0x55efe4702900_31 .net v0x55efe4702900 31, 15 0, o0x7f616e092918; 0 drivers
o0x7f616e092948 .functor BUFZ 16, C4<zzzzzzzzzzzzzzzz>; HiZ drive
v0x55efe4702900_32 .net v0x55efe4702900 32, 15 0, o0x7f616e092948; 0 drivers
o0x7f616e092978 .functor BUFZ 16, C4<zzzzzzzzzzzzzzzz>; HiZ drive
v0x55efe4702900_33 .net v0x55efe4702900 33, 15 0, o0x7f616e092978; 0 drivers
o0x7f616e0929a8 .functor BUFZ 16, C4<zzzzzzzzzzzzzzzz>; HiZ drive
v0x55efe4702900_34 .net v0x55efe4702900 34, 15 0, o0x7f616e0929a8; 0 drivers
o0x7f616e0929d8 .functor BUFZ 16, C4<zzzzzzzzzzzzzzzz>; HiZ drive
v0x55efe4702900_35 .net v0x55efe4702900 35, 15 0, o0x7f616e0929d8; 0 drivers
o0x7f616e092a08 .functor BUFZ 16, C4<zzzzzzzzzzzzzzzz>; HiZ drive
v0x55efe4702900_36 .net v0x55efe4702900 36, 15 0, o0x7f616e092a08; 0 drivers
o0x7f616e092a38 .functor BUFZ 16, C4<zzzzzzzzzzzzzzzz>; HiZ drive
v0x55efe4702900_37 .net v0x55efe4702900 37, 15 0, o0x7f616e092a38; 0 drivers
o0x7f616e092a68 .functor BUFZ 16, C4<zzzzzzzzzzzzzzzz>; HiZ drive
v0x55efe4702900_38 .net v0x55efe4702900 38, 15 0, o0x7f616e092a68; 0 drivers
o0x7f616e092a98 .functor BUFZ 16, C4<zzzzzzzzzzzzzzzz>; HiZ drive
v0x55efe4702900_39 .net v0x55efe4702900 39, 15 0, o0x7f616e092a98; 0 drivers
o0x7f616e092ac8 .functor BUFZ 16, C4<zzzzzzzzzzzzzzzz>; HiZ drive
v0x55efe4702900_40 .net v0x55efe4702900 40, 15 0, o0x7f616e092ac8; 0 drivers
o0x7f616e092af8 .functor BUFZ 16, C4<zzzzzzzzzzzzzzzz>; HiZ drive
v0x55efe4702900_41 .net v0x55efe4702900 41, 15 0, o0x7f616e092af8; 0 drivers
o0x7f616e092b28 .functor BUFZ 16, C4<zzzzzzzzzzzzzzzz>; HiZ drive
v0x55efe4702900_42 .net v0x55efe4702900 42, 15 0, o0x7f616e092b28; 0 drivers
o0x7f616e092b58 .functor BUFZ 16, C4<zzzzzzzzzzzzzzzz>; HiZ drive
v0x55efe4702900_43 .net v0x55efe4702900 43, 15 0, o0x7f616e092b58; 0 drivers
o0x7f616e092b88 .functor BUFZ 16, C4<zzzzzzzzzzzzzzzz>; HiZ drive
v0x55efe4702900_44 .net v0x55efe4702900 44, 15 0, o0x7f616e092b88; 0 drivers
o0x7f616e092bb8 .functor BUFZ 16, C4<zzzzzzzzzzzzzzzz>; HiZ drive
v0x55efe4702900_45 .net v0x55efe4702900 45, 15 0, o0x7f616e092bb8; 0 drivers
o0x7f616e092be8 .functor BUFZ 16, C4<zzzzzzzzzzzzzzzz>; HiZ drive
v0x55efe4702900_46 .net v0x55efe4702900 46, 15 0, o0x7f616e092be8; 0 drivers
o0x7f616e092c18 .functor BUFZ 16, C4<zzzzzzzzzzzzzzzz>; HiZ drive
v0x55efe4702900_47 .net v0x55efe4702900 47, 15 0, o0x7f616e092c18; 0 drivers
o0x7f616e092c48 .functor BUFZ 16, C4<zzzzzzzzzzzzzzzz>; HiZ drive
v0x55efe4702900_48 .net v0x55efe4702900 48, 15 0, o0x7f616e092c48; 0 drivers
o0x7f616e092c78 .functor BUFZ 16, C4<zzzzzzzzzzzzzzzz>; HiZ drive
v0x55efe4702900_49 .net v0x55efe4702900 49, 15 0, o0x7f616e092c78; 0 drivers
o0x7f616e092ca8 .functor BUFZ 16, C4<zzzzzzzzzzzzzzzz>; HiZ drive
v0x55efe4702900_50 .net v0x55efe4702900 50, 15 0, o0x7f616e092ca8; 0 drivers
o0x7f616e092cd8 .functor BUFZ 16, C4<zzzzzzzzzzzzzzzz>; HiZ drive
v0x55efe4702900_51 .net v0x55efe4702900 51, 15 0, o0x7f616e092cd8; 0 drivers
o0x7f616e092d08 .functor BUFZ 16, C4<zzzzzzzzzzzzzzzz>; HiZ drive
v0x55efe4702900_52 .net v0x55efe4702900 52, 15 0, o0x7f616e092d08; 0 drivers
o0x7f616e092d38 .functor BUFZ 16, C4<zzzzzzzzzzzzzzzz>; HiZ drive
v0x55efe4702900_53 .net v0x55efe4702900 53, 15 0, o0x7f616e092d38; 0 drivers
o0x7f616e092d68 .functor BUFZ 16, C4<zzzzzzzzzzzzzzzz>; HiZ drive
v0x55efe4702900_54 .net v0x55efe4702900 54, 15 0, o0x7f616e092d68; 0 drivers
o0x7f616e092d98 .functor BUFZ 16, C4<zzzzzzzzzzzzzzzz>; HiZ drive
v0x55efe4702900_55 .net v0x55efe4702900 55, 15 0, o0x7f616e092d98; 0 drivers
o0x7f616e092dc8 .functor BUFZ 16, C4<zzzzzzzzzzzzzzzz>; HiZ drive
v0x55efe4702900_56 .net v0x55efe4702900 56, 15 0, o0x7f616e092dc8; 0 drivers
o0x7f616e092df8 .functor BUFZ 16, C4<zzzzzzzzzzzzzzzz>; HiZ drive
v0x55efe4702900_57 .net v0x55efe4702900 57, 15 0, o0x7f616e092df8; 0 drivers
o0x7f616e092e28 .functor BUFZ 16, C4<zzzzzzzzzzzzzzzz>; HiZ drive
v0x55efe4702900_58 .net v0x55efe4702900 58, 15 0, o0x7f616e092e28; 0 drivers
o0x7f616e092e58 .functor BUFZ 16, C4<zzzzzzzzzzzzzzzz>; HiZ drive
v0x55efe4702900_59 .net v0x55efe4702900 59, 15 0, o0x7f616e092e58; 0 drivers
o0x7f616e092e88 .functor BUFZ 16, C4<zzzzzzzzzzzzzzzz>; HiZ drive
v0x55efe4702900_60 .net v0x55efe4702900 60, 15 0, o0x7f616e092e88; 0 drivers
o0x7f616e092eb8 .functor BUFZ 16, C4<zzzzzzzzzzzzzzzz>; HiZ drive
v0x55efe4702900_61 .net v0x55efe4702900 61, 15 0, o0x7f616e092eb8; 0 drivers
o0x7f616e092ee8 .functor BUFZ 16, C4<zzzzzzzzzzzzzzzz>; HiZ drive
v0x55efe4702900_62 .net v0x55efe4702900 62, 15 0, o0x7f616e092ee8; 0 drivers
o0x7f616e092f18 .functor BUFZ 16, C4<zzzzzzzzzzzzzzzz>; HiZ drive
v0x55efe4702900_63 .net v0x55efe4702900 63, 15 0, o0x7f616e092f18; 0 drivers
o0x7f616e092f48 .functor BUFZ 16, C4<zzzzzzzzzzzzzzzz>; HiZ drive
v0x55efe4702900_64 .net v0x55efe4702900 64, 15 0, o0x7f616e092f48; 0 drivers
o0x7f616e092f78 .functor BUFZ 16, C4<zzzzzzzzzzzzzzzz>; HiZ drive
v0x55efe4702900_65 .net v0x55efe4702900 65, 15 0, o0x7f616e092f78; 0 drivers
o0x7f616e092fa8 .functor BUFZ 16, C4<zzzzzzzzzzzzzzzz>; HiZ drive
v0x55efe4702900_66 .net v0x55efe4702900 66, 15 0, o0x7f616e092fa8; 0 drivers
o0x7f616e092fd8 .functor BUFZ 16, C4<zzzzzzzzzzzzzzzz>; HiZ drive
v0x55efe4702900_67 .net v0x55efe4702900 67, 15 0, o0x7f616e092fd8; 0 drivers
o0x7f616e093008 .functor BUFZ 16, C4<zzzzzzzzzzzzzzzz>; HiZ drive
v0x55efe4702900_68 .net v0x55efe4702900 68, 15 0, o0x7f616e093008; 0 drivers
o0x7f616e093038 .functor BUFZ 16, C4<zzzzzzzzzzzzzzzz>; HiZ drive
v0x55efe4702900_69 .net v0x55efe4702900 69, 15 0, o0x7f616e093038; 0 drivers
o0x7f616e093068 .functor BUFZ 16, C4<zzzzzzzzzzzzzzzz>; HiZ drive
v0x55efe4702900_70 .net v0x55efe4702900 70, 15 0, o0x7f616e093068; 0 drivers
o0x7f616e093098 .functor BUFZ 16, C4<zzzzzzzzzzzzzzzz>; HiZ drive
v0x55efe4702900_71 .net v0x55efe4702900 71, 15 0, o0x7f616e093098; 0 drivers
o0x7f616e0930c8 .functor BUFZ 16, C4<zzzzzzzzzzzzzzzz>; HiZ drive
v0x55efe4702900_72 .net v0x55efe4702900 72, 15 0, o0x7f616e0930c8; 0 drivers
o0x7f616e0930f8 .functor BUFZ 16, C4<zzzzzzzzzzzzzzzz>; HiZ drive
v0x55efe4702900_73 .net v0x55efe4702900 73, 15 0, o0x7f616e0930f8; 0 drivers
o0x7f616e093128 .functor BUFZ 16, C4<zzzzzzzzzzzzzzzz>; HiZ drive
v0x55efe4702900_74 .net v0x55efe4702900 74, 15 0, o0x7f616e093128; 0 drivers
o0x7f616e093158 .functor BUFZ 16, C4<zzzzzzzzzzzzzzzz>; HiZ drive
v0x55efe4702900_75 .net v0x55efe4702900 75, 15 0, o0x7f616e093158; 0 drivers
o0x7f616e093188 .functor BUFZ 16, C4<zzzzzzzzzzzzzzzz>; HiZ drive
v0x55efe4702900_76 .net v0x55efe4702900 76, 15 0, o0x7f616e093188; 0 drivers
o0x7f616e0931b8 .functor BUFZ 16, C4<zzzzzzzzzzzzzzzz>; HiZ drive
v0x55efe4702900_77 .net v0x55efe4702900 77, 15 0, o0x7f616e0931b8; 0 drivers
o0x7f616e0931e8 .functor BUFZ 16, C4<zzzzzzzzzzzzzzzz>; HiZ drive
v0x55efe4702900_78 .net v0x55efe4702900 78, 15 0, o0x7f616e0931e8; 0 drivers
o0x7f616e093218 .functor BUFZ 16, C4<zzzzzzzzzzzzzzzz>; HiZ drive
v0x55efe4702900_79 .net v0x55efe4702900 79, 15 0, o0x7f616e093218; 0 drivers
o0x7f616e093248 .functor BUFZ 16, C4<zzzzzzzzzzzzzzzz>; HiZ drive
v0x55efe4702900_80 .net v0x55efe4702900 80, 15 0, o0x7f616e093248; 0 drivers
o0x7f616e093278 .functor BUFZ 16, C4<zzzzzzzzzzzzzzzz>; HiZ drive
v0x55efe4702900_81 .net v0x55efe4702900 81, 15 0, o0x7f616e093278; 0 drivers
o0x7f616e0932a8 .functor BUFZ 16, C4<zzzzzzzzzzzzzzzz>; HiZ drive
v0x55efe4702900_82 .net v0x55efe4702900 82, 15 0, o0x7f616e0932a8; 0 drivers
o0x7f616e0932d8 .functor BUFZ 16, C4<zzzzzzzzzzzzzzzz>; HiZ drive
v0x55efe4702900_83 .net v0x55efe4702900 83, 15 0, o0x7f616e0932d8; 0 drivers
o0x7f616e093308 .functor BUFZ 16, C4<zzzzzzzzzzzzzzzz>; HiZ drive
v0x55efe4702900_84 .net v0x55efe4702900 84, 15 0, o0x7f616e093308; 0 drivers
o0x7f616e093338 .functor BUFZ 16, C4<zzzzzzzzzzzzzzzz>; HiZ drive
v0x55efe4702900_85 .net v0x55efe4702900 85, 15 0, o0x7f616e093338; 0 drivers
o0x7f616e093368 .functor BUFZ 16, C4<zzzzzzzzzzzzzzzz>; HiZ drive
v0x55efe4702900_86 .net v0x55efe4702900 86, 15 0, o0x7f616e093368; 0 drivers
o0x7f616e093398 .functor BUFZ 16, C4<zzzzzzzzzzzzzzzz>; HiZ drive
v0x55efe4702900_87 .net v0x55efe4702900 87, 15 0, o0x7f616e093398; 0 drivers
o0x7f616e0933c8 .functor BUFZ 16, C4<zzzzzzzzzzzzzzzz>; HiZ drive
v0x55efe4702900_88 .net v0x55efe4702900 88, 15 0, o0x7f616e0933c8; 0 drivers
o0x7f616e0933f8 .functor BUFZ 16, C4<zzzzzzzzzzzzzzzz>; HiZ drive
v0x55efe4702900_89 .net v0x55efe4702900 89, 15 0, o0x7f616e0933f8; 0 drivers
o0x7f616e093428 .functor BUFZ 16, C4<zzzzzzzzzzzzzzzz>; HiZ drive
v0x55efe4702900_90 .net v0x55efe4702900 90, 15 0, o0x7f616e093428; 0 drivers
o0x7f616e093458 .functor BUFZ 16, C4<zzzzzzzzzzzzzzzz>; HiZ drive
v0x55efe4702900_91 .net v0x55efe4702900 91, 15 0, o0x7f616e093458; 0 drivers
o0x7f616e093488 .functor BUFZ 16, C4<zzzzzzzzzzzzzzzz>; HiZ drive
v0x55efe4702900_92 .net v0x55efe4702900 92, 15 0, o0x7f616e093488; 0 drivers
o0x7f616e0934b8 .functor BUFZ 16, C4<zzzzzzzzzzzzzzzz>; HiZ drive
v0x55efe4702900_93 .net v0x55efe4702900 93, 15 0, o0x7f616e0934b8; 0 drivers
o0x7f616e0934e8 .functor BUFZ 16, C4<zzzzzzzzzzzzzzzz>; HiZ drive
v0x55efe4702900_94 .net v0x55efe4702900 94, 15 0, o0x7f616e0934e8; 0 drivers
o0x7f616e093518 .functor BUFZ 16, C4<zzzzzzzzzzzzzzzz>; HiZ drive
v0x55efe4702900_95 .net v0x55efe4702900 95, 15 0, o0x7f616e093518; 0 drivers
o0x7f616e093548 .functor BUFZ 16, C4<zzzzzzzzzzzzzzzz>; HiZ drive
v0x55efe4702900_96 .net v0x55efe4702900 96, 15 0, o0x7f616e093548; 0 drivers
o0x7f616e093578 .functor BUFZ 16, C4<zzzzzzzzzzzzzzzz>; HiZ drive
v0x55efe4702900_97 .net v0x55efe4702900 97, 15 0, o0x7f616e093578; 0 drivers
o0x7f616e0935a8 .functor BUFZ 16, C4<zzzzzzzzzzzzzzzz>; HiZ drive
v0x55efe4702900_98 .net v0x55efe4702900 98, 15 0, o0x7f616e0935a8; 0 drivers
o0x7f616e0935d8 .functor BUFZ 16, C4<zzzzzzzzzzzzzzzz>; HiZ drive
v0x55efe4702900_99 .net v0x55efe4702900 99, 15 0, o0x7f616e0935d8; 0 drivers
o0x7f616e093608 .functor BUFZ 16, C4<zzzzzzzzzzzzzzzz>; HiZ drive
v0x55efe4702900_100 .net v0x55efe4702900 100, 15 0, o0x7f616e093608; 0 drivers
o0x7f616e093638 .functor BUFZ 16, C4<zzzzzzzzzzzzzzzz>; HiZ drive
v0x55efe4702900_101 .net v0x55efe4702900 101, 15 0, o0x7f616e093638; 0 drivers
o0x7f616e093668 .functor BUFZ 16, C4<zzzzzzzzzzzzzzzz>; HiZ drive
v0x55efe4702900_102 .net v0x55efe4702900 102, 15 0, o0x7f616e093668; 0 drivers
o0x7f616e093698 .functor BUFZ 16, C4<zzzzzzzzzzzzzzzz>; HiZ drive
v0x55efe4702900_103 .net v0x55efe4702900 103, 15 0, o0x7f616e093698; 0 drivers
o0x7f616e0936c8 .functor BUFZ 16, C4<zzzzzzzzzzzzzzzz>; HiZ drive
v0x55efe4702900_104 .net v0x55efe4702900 104, 15 0, o0x7f616e0936c8; 0 drivers
o0x7f616e0936f8 .functor BUFZ 16, C4<zzzzzzzzzzzzzzzz>; HiZ drive
v0x55efe4702900_105 .net v0x55efe4702900 105, 15 0, o0x7f616e0936f8; 0 drivers
o0x7f616e093728 .functor BUFZ 16, C4<zzzzzzzzzzzzzzzz>; HiZ drive
v0x55efe4702900_106 .net v0x55efe4702900 106, 15 0, o0x7f616e093728; 0 drivers
o0x7f616e093758 .functor BUFZ 16, C4<zzzzzzzzzzzzzzzz>; HiZ drive
v0x55efe4702900_107 .net v0x55efe4702900 107, 15 0, o0x7f616e093758; 0 drivers
o0x7f616e093788 .functor BUFZ 16, C4<zzzzzzzzzzzzzzzz>; HiZ drive
v0x55efe4702900_108 .net v0x55efe4702900 108, 15 0, o0x7f616e093788; 0 drivers
o0x7f616e0937b8 .functor BUFZ 16, C4<zzzzzzzzzzzzzzzz>; HiZ drive
v0x55efe4702900_109 .net v0x55efe4702900 109, 15 0, o0x7f616e0937b8; 0 drivers
o0x7f616e0937e8 .functor BUFZ 16, C4<zzzzzzzzzzzzzzzz>; HiZ drive
v0x55efe4702900_110 .net v0x55efe4702900 110, 15 0, o0x7f616e0937e8; 0 drivers
o0x7f616e093818 .functor BUFZ 16, C4<zzzzzzzzzzzzzzzz>; HiZ drive
v0x55efe4702900_111 .net v0x55efe4702900 111, 15 0, o0x7f616e093818; 0 drivers
o0x7f616e093848 .functor BUFZ 16, C4<zzzzzzzzzzzzzzzz>; HiZ drive
v0x55efe4702900_112 .net v0x55efe4702900 112, 15 0, o0x7f616e093848; 0 drivers
o0x7f616e093878 .functor BUFZ 16, C4<zzzzzzzzzzzzzzzz>; HiZ drive
v0x55efe4702900_113 .net v0x55efe4702900 113, 15 0, o0x7f616e093878; 0 drivers
o0x7f616e0938a8 .functor BUFZ 16, C4<zzzzzzzzzzzzzzzz>; HiZ drive
v0x55efe4702900_114 .net v0x55efe4702900 114, 15 0, o0x7f616e0938a8; 0 drivers
o0x7f616e0938d8 .functor BUFZ 16, C4<zzzzzzzzzzzzzzzz>; HiZ drive
v0x55efe4702900_115 .net v0x55efe4702900 115, 15 0, o0x7f616e0938d8; 0 drivers
o0x7f616e093908 .functor BUFZ 16, C4<zzzzzzzzzzzzzzzz>; HiZ drive
v0x55efe4702900_116 .net v0x55efe4702900 116, 15 0, o0x7f616e093908; 0 drivers
o0x7f616e093938 .functor BUFZ 16, C4<zzzzzzzzzzzzzzzz>; HiZ drive
v0x55efe4702900_117 .net v0x55efe4702900 117, 15 0, o0x7f616e093938; 0 drivers
o0x7f616e093968 .functor BUFZ 16, C4<zzzzzzzzzzzzzzzz>; HiZ drive
v0x55efe4702900_118 .net v0x55efe4702900 118, 15 0, o0x7f616e093968; 0 drivers
o0x7f616e093998 .functor BUFZ 16, C4<zzzzzzzzzzzzzzzz>; HiZ drive
v0x55efe4702900_119 .net v0x55efe4702900 119, 15 0, o0x7f616e093998; 0 drivers
o0x7f616e0939c8 .functor BUFZ 16, C4<zzzzzzzzzzzzzzzz>; HiZ drive
v0x55efe4702900_120 .net v0x55efe4702900 120, 15 0, o0x7f616e0939c8; 0 drivers
o0x7f616e0939f8 .functor BUFZ 16, C4<zzzzzzzzzzzzzzzz>; HiZ drive
v0x55efe4702900_121 .net v0x55efe4702900 121, 15 0, o0x7f616e0939f8; 0 drivers
o0x7f616e093a28 .functor BUFZ 16, C4<zzzzzzzzzzzzzzzz>; HiZ drive
v0x55efe4702900_122 .net v0x55efe4702900 122, 15 0, o0x7f616e093a28; 0 drivers
o0x7f616e093a58 .functor BUFZ 16, C4<zzzzzzzzzzzzzzzz>; HiZ drive
v0x55efe4702900_123 .net v0x55efe4702900 123, 15 0, o0x7f616e093a58; 0 drivers
o0x7f616e093a88 .functor BUFZ 16, C4<zzzzzzzzzzzzzzzz>; HiZ drive
v0x55efe4702900_124 .net v0x55efe4702900 124, 15 0, o0x7f616e093a88; 0 drivers
o0x7f616e093ab8 .functor BUFZ 16, C4<zzzzzzzzzzzzzzzz>; HiZ drive
v0x55efe4702900_125 .net v0x55efe4702900 125, 15 0, o0x7f616e093ab8; 0 drivers
o0x7f616e093ae8 .functor BUFZ 16, C4<zzzzzzzzzzzzzzzz>; HiZ drive
v0x55efe4702900_126 .net v0x55efe4702900 126, 15 0, o0x7f616e093ae8; 0 drivers
o0x7f616e093b18 .functor BUFZ 16, C4<zzzzzzzzzzzzzzzz>; HiZ drive
v0x55efe4702900_127 .net v0x55efe4702900 127, 15 0, o0x7f616e093b18; 0 drivers
o0x7f616e093b48 .functor BUFZ 16, C4<zzzzzzzzzzzzzzzz>; HiZ drive
v0x55efe4702900_128 .net v0x55efe4702900 128, 15 0, o0x7f616e093b48; 0 drivers
o0x7f616e093b78 .functor BUFZ 16, C4<zzzzzzzzzzzzzzzz>; HiZ drive
v0x55efe4702900_129 .net v0x55efe4702900 129, 15 0, o0x7f616e093b78; 0 drivers
o0x7f616e093ba8 .functor BUFZ 16, C4<zzzzzzzzzzzzzzzz>; HiZ drive
v0x55efe4702900_130 .net v0x55efe4702900 130, 15 0, o0x7f616e093ba8; 0 drivers
o0x7f616e093bd8 .functor BUFZ 16, C4<zzzzzzzzzzzzzzzz>; HiZ drive
v0x55efe4702900_131 .net v0x55efe4702900 131, 15 0, o0x7f616e093bd8; 0 drivers
o0x7f616e093c08 .functor BUFZ 16, C4<zzzzzzzzzzzzzzzz>; HiZ drive
v0x55efe4702900_132 .net v0x55efe4702900 132, 15 0, o0x7f616e093c08; 0 drivers
o0x7f616e093c38 .functor BUFZ 16, C4<zzzzzzzzzzzzzzzz>; HiZ drive
v0x55efe4702900_133 .net v0x55efe4702900 133, 15 0, o0x7f616e093c38; 0 drivers
o0x7f616e093c68 .functor BUFZ 16, C4<zzzzzzzzzzzzzzzz>; HiZ drive
v0x55efe4702900_134 .net v0x55efe4702900 134, 15 0, o0x7f616e093c68; 0 drivers
o0x7f616e093c98 .functor BUFZ 16, C4<zzzzzzzzzzzzzzzz>; HiZ drive
v0x55efe4702900_135 .net v0x55efe4702900 135, 15 0, o0x7f616e093c98; 0 drivers
o0x7f616e093cc8 .functor BUFZ 16, C4<zzzzzzzzzzzzzzzz>; HiZ drive
v0x55efe4702900_136 .net v0x55efe4702900 136, 15 0, o0x7f616e093cc8; 0 drivers
o0x7f616e093cf8 .functor BUFZ 16, C4<zzzzzzzzzzzzzzzz>; HiZ drive
v0x55efe4702900_137 .net v0x55efe4702900 137, 15 0, o0x7f616e093cf8; 0 drivers
o0x7f616e093d28 .functor BUFZ 16, C4<zzzzzzzzzzzzzzzz>; HiZ drive
v0x55efe4702900_138 .net v0x55efe4702900 138, 15 0, o0x7f616e093d28; 0 drivers
o0x7f616e093d58 .functor BUFZ 16, C4<zzzzzzzzzzzzzzzz>; HiZ drive
v0x55efe4702900_139 .net v0x55efe4702900 139, 15 0, o0x7f616e093d58; 0 drivers
o0x7f616e093d88 .functor BUFZ 16, C4<zzzzzzzzzzzzzzzz>; HiZ drive
v0x55efe4702900_140 .net v0x55efe4702900 140, 15 0, o0x7f616e093d88; 0 drivers
o0x7f616e093db8 .functor BUFZ 16, C4<zzzzzzzzzzzzzzzz>; HiZ drive
v0x55efe4702900_141 .net v0x55efe4702900 141, 15 0, o0x7f616e093db8; 0 drivers
o0x7f616e093de8 .functor BUFZ 16, C4<zzzzzzzzzzzzzzzz>; HiZ drive
v0x55efe4702900_142 .net v0x55efe4702900 142, 15 0, o0x7f616e093de8; 0 drivers
o0x7f616e093e18 .functor BUFZ 16, C4<zzzzzzzzzzzzzzzz>; HiZ drive
v0x55efe4702900_143 .net v0x55efe4702900 143, 15 0, o0x7f616e093e18; 0 drivers
o0x7f616e093e48 .functor BUFZ 16, C4<zzzzzzzzzzzzzzzz>; HiZ drive
v0x55efe4702900_144 .net v0x55efe4702900 144, 15 0, o0x7f616e093e48; 0 drivers
o0x7f616e093e78 .functor BUFZ 16, C4<zzzzzzzzzzzzzzzz>; HiZ drive
v0x55efe4702900_145 .net v0x55efe4702900 145, 15 0, o0x7f616e093e78; 0 drivers
o0x7f616e093ea8 .functor BUFZ 16, C4<zzzzzzzzzzzzzzzz>; HiZ drive
v0x55efe4702900_146 .net v0x55efe4702900 146, 15 0, o0x7f616e093ea8; 0 drivers
o0x7f616e093ed8 .functor BUFZ 16, C4<zzzzzzzzzzzzzzzz>; HiZ drive
v0x55efe4702900_147 .net v0x55efe4702900 147, 15 0, o0x7f616e093ed8; 0 drivers
o0x7f616e093f08 .functor BUFZ 16, C4<zzzzzzzzzzzzzzzz>; HiZ drive
v0x55efe4702900_148 .net v0x55efe4702900 148, 15 0, o0x7f616e093f08; 0 drivers
o0x7f616e093f38 .functor BUFZ 16, C4<zzzzzzzzzzzzzzzz>; HiZ drive
v0x55efe4702900_149 .net v0x55efe4702900 149, 15 0, o0x7f616e093f38; 0 drivers
o0x7f616e093f68 .functor BUFZ 16, C4<zzzzzzzzzzzzzzzz>; HiZ drive
v0x55efe4702900_150 .net v0x55efe4702900 150, 15 0, o0x7f616e093f68; 0 drivers
o0x7f616e093f98 .functor BUFZ 16, C4<zzzzzzzzzzzzzzzz>; HiZ drive
v0x55efe4702900_151 .net v0x55efe4702900 151, 15 0, o0x7f616e093f98; 0 drivers
o0x7f616e093fc8 .functor BUFZ 16, C4<zzzzzzzzzzzzzzzz>; HiZ drive
v0x55efe4702900_152 .net v0x55efe4702900 152, 15 0, o0x7f616e093fc8; 0 drivers
o0x7f616e093ff8 .functor BUFZ 16, C4<zzzzzzzzzzzzzzzz>; HiZ drive
v0x55efe4702900_153 .net v0x55efe4702900 153, 15 0, o0x7f616e093ff8; 0 drivers
o0x7f616e094028 .functor BUFZ 16, C4<zzzzzzzzzzzzzzzz>; HiZ drive
v0x55efe4702900_154 .net v0x55efe4702900 154, 15 0, o0x7f616e094028; 0 drivers
o0x7f616e094058 .functor BUFZ 16, C4<zzzzzzzzzzzzzzzz>; HiZ drive
v0x55efe4702900_155 .net v0x55efe4702900 155, 15 0, o0x7f616e094058; 0 drivers
o0x7f616e094088 .functor BUFZ 16, C4<zzzzzzzzzzzzzzzz>; HiZ drive
v0x55efe4702900_156 .net v0x55efe4702900 156, 15 0, o0x7f616e094088; 0 drivers
o0x7f616e0940b8 .functor BUFZ 16, C4<zzzzzzzzzzzzzzzz>; HiZ drive
v0x55efe4702900_157 .net v0x55efe4702900 157, 15 0, o0x7f616e0940b8; 0 drivers
o0x7f616e0940e8 .functor BUFZ 16, C4<zzzzzzzzzzzzzzzz>; HiZ drive
v0x55efe4702900_158 .net v0x55efe4702900 158, 15 0, o0x7f616e0940e8; 0 drivers
o0x7f616e094118 .functor BUFZ 16, C4<zzzzzzzzzzzzzzzz>; HiZ drive
v0x55efe4702900_159 .net v0x55efe4702900 159, 15 0, o0x7f616e094118; 0 drivers
o0x7f616e094148 .functor BUFZ 16, C4<zzzzzzzzzzzzzzzz>; HiZ drive
v0x55efe4702900_160 .net v0x55efe4702900 160, 15 0, o0x7f616e094148; 0 drivers
o0x7f616e094178 .functor BUFZ 16, C4<zzzzzzzzzzzzzzzz>; HiZ drive
v0x55efe4702900_161 .net v0x55efe4702900 161, 15 0, o0x7f616e094178; 0 drivers
o0x7f616e0941a8 .functor BUFZ 16, C4<zzzzzzzzzzzzzzzz>; HiZ drive
v0x55efe4702900_162 .net v0x55efe4702900 162, 15 0, o0x7f616e0941a8; 0 drivers
o0x7f616e0941d8 .functor BUFZ 16, C4<zzzzzzzzzzzzzzzz>; HiZ drive
v0x55efe4702900_163 .net v0x55efe4702900 163, 15 0, o0x7f616e0941d8; 0 drivers
o0x7f616e094208 .functor BUFZ 16, C4<zzzzzzzzzzzzzzzz>; HiZ drive
v0x55efe4702900_164 .net v0x55efe4702900 164, 15 0, o0x7f616e094208; 0 drivers
o0x7f616e094238 .functor BUFZ 16, C4<zzzzzzzzzzzzzzzz>; HiZ drive
v0x55efe4702900_165 .net v0x55efe4702900 165, 15 0, o0x7f616e094238; 0 drivers
o0x7f616e094268 .functor BUFZ 16, C4<zzzzzzzzzzzzzzzz>; HiZ drive
v0x55efe4702900_166 .net v0x55efe4702900 166, 15 0, o0x7f616e094268; 0 drivers
o0x7f616e094298 .functor BUFZ 16, C4<zzzzzzzzzzzzzzzz>; HiZ drive
v0x55efe4702900_167 .net v0x55efe4702900 167, 15 0, o0x7f616e094298; 0 drivers
o0x7f616e0942c8 .functor BUFZ 16, C4<zzzzzzzzzzzzzzzz>; HiZ drive
v0x55efe4702900_168 .net v0x55efe4702900 168, 15 0, o0x7f616e0942c8; 0 drivers
o0x7f616e0942f8 .functor BUFZ 16, C4<zzzzzzzzzzzzzzzz>; HiZ drive
v0x55efe4702900_169 .net v0x55efe4702900 169, 15 0, o0x7f616e0942f8; 0 drivers
o0x7f616e094328 .functor BUFZ 16, C4<zzzzzzzzzzzzzzzz>; HiZ drive
v0x55efe4702900_170 .net v0x55efe4702900 170, 15 0, o0x7f616e094328; 0 drivers
o0x7f616e094358 .functor BUFZ 16, C4<zzzzzzzzzzzzzzzz>; HiZ drive
v0x55efe4702900_171 .net v0x55efe4702900 171, 15 0, o0x7f616e094358; 0 drivers
o0x7f616e094388 .functor BUFZ 16, C4<zzzzzzzzzzzzzzzz>; HiZ drive
v0x55efe4702900_172 .net v0x55efe4702900 172, 15 0, o0x7f616e094388; 0 drivers
o0x7f616e0943b8 .functor BUFZ 16, C4<zzzzzzzzzzzzzzzz>; HiZ drive
v0x55efe4702900_173 .net v0x55efe4702900 173, 15 0, o0x7f616e0943b8; 0 drivers
o0x7f616e0943e8 .functor BUFZ 16, C4<zzzzzzzzzzzzzzzz>; HiZ drive
v0x55efe4702900_174 .net v0x55efe4702900 174, 15 0, o0x7f616e0943e8; 0 drivers
o0x7f616e094418 .functor BUFZ 16, C4<zzzzzzzzzzzzzzzz>; HiZ drive
v0x55efe4702900_175 .net v0x55efe4702900 175, 15 0, o0x7f616e094418; 0 drivers
o0x7f616e094448 .functor BUFZ 16, C4<zzzzzzzzzzzzzzzz>; HiZ drive
v0x55efe4702900_176 .net v0x55efe4702900 176, 15 0, o0x7f616e094448; 0 drivers
o0x7f616e094478 .functor BUFZ 16, C4<zzzzzzzzzzzzzzzz>; HiZ drive
v0x55efe4702900_177 .net v0x55efe4702900 177, 15 0, o0x7f616e094478; 0 drivers
o0x7f616e0944a8 .functor BUFZ 16, C4<zzzzzzzzzzzzzzzz>; HiZ drive
v0x55efe4702900_178 .net v0x55efe4702900 178, 15 0, o0x7f616e0944a8; 0 drivers
o0x7f616e0944d8 .functor BUFZ 16, C4<zzzzzzzzzzzzzzzz>; HiZ drive
v0x55efe4702900_179 .net v0x55efe4702900 179, 15 0, o0x7f616e0944d8; 0 drivers
o0x7f616e094508 .functor BUFZ 16, C4<zzzzzzzzzzzzzzzz>; HiZ drive
v0x55efe4702900_180 .net v0x55efe4702900 180, 15 0, o0x7f616e094508; 0 drivers
o0x7f616e094538 .functor BUFZ 16, C4<zzzzzzzzzzzzzzzz>; HiZ drive
v0x55efe4702900_181 .net v0x55efe4702900 181, 15 0, o0x7f616e094538; 0 drivers
o0x7f616e094568 .functor BUFZ 16, C4<zzzzzzzzzzzzzzzz>; HiZ drive
v0x55efe4702900_182 .net v0x55efe4702900 182, 15 0, o0x7f616e094568; 0 drivers
o0x7f616e094598 .functor BUFZ 16, C4<zzzzzzzzzzzzzzzz>; HiZ drive
v0x55efe4702900_183 .net v0x55efe4702900 183, 15 0, o0x7f616e094598; 0 drivers
o0x7f616e0945c8 .functor BUFZ 16, C4<zzzzzzzzzzzzzzzz>; HiZ drive
v0x55efe4702900_184 .net v0x55efe4702900 184, 15 0, o0x7f616e0945c8; 0 drivers
o0x7f616e0945f8 .functor BUFZ 16, C4<zzzzzzzzzzzzzzzz>; HiZ drive
v0x55efe4702900_185 .net v0x55efe4702900 185, 15 0, o0x7f616e0945f8; 0 drivers
o0x7f616e094628 .functor BUFZ 16, C4<zzzzzzzzzzzzzzzz>; HiZ drive
v0x55efe4702900_186 .net v0x55efe4702900 186, 15 0, o0x7f616e094628; 0 drivers
o0x7f616e094658 .functor BUFZ 16, C4<zzzzzzzzzzzzzzzz>; HiZ drive
v0x55efe4702900_187 .net v0x55efe4702900 187, 15 0, o0x7f616e094658; 0 drivers
o0x7f616e094688 .functor BUFZ 16, C4<zzzzzzzzzzzzzzzz>; HiZ drive
v0x55efe4702900_188 .net v0x55efe4702900 188, 15 0, o0x7f616e094688; 0 drivers
o0x7f616e0946b8 .functor BUFZ 16, C4<zzzzzzzzzzzzzzzz>; HiZ drive
v0x55efe4702900_189 .net v0x55efe4702900 189, 15 0, o0x7f616e0946b8; 0 drivers
o0x7f616e0946e8 .functor BUFZ 16, C4<zzzzzzzzzzzzzzzz>; HiZ drive
v0x55efe4702900_190 .net v0x55efe4702900 190, 15 0, o0x7f616e0946e8; 0 drivers
o0x7f616e094718 .functor BUFZ 16, C4<zzzzzzzzzzzzzzzz>; HiZ drive
v0x55efe4702900_191 .net v0x55efe4702900 191, 15 0, o0x7f616e094718; 0 drivers
o0x7f616e094748 .functor BUFZ 16, C4<zzzzzzzzzzzzzzzz>; HiZ drive
v0x55efe4702900_192 .net v0x55efe4702900 192, 15 0, o0x7f616e094748; 0 drivers
o0x7f616e094778 .functor BUFZ 16, C4<zzzzzzzzzzzzzzzz>; HiZ drive
v0x55efe4702900_193 .net v0x55efe4702900 193, 15 0, o0x7f616e094778; 0 drivers
o0x7f616e0947a8 .functor BUFZ 16, C4<zzzzzzzzzzzzzzzz>; HiZ drive
v0x55efe4702900_194 .net v0x55efe4702900 194, 15 0, o0x7f616e0947a8; 0 drivers
o0x7f616e0947d8 .functor BUFZ 16, C4<zzzzzzzzzzzzzzzz>; HiZ drive
v0x55efe4702900_195 .net v0x55efe4702900 195, 15 0, o0x7f616e0947d8; 0 drivers
o0x7f616e094808 .functor BUFZ 16, C4<zzzzzzzzzzzzzzzz>; HiZ drive
v0x55efe4702900_196 .net v0x55efe4702900 196, 15 0, o0x7f616e094808; 0 drivers
o0x7f616e094838 .functor BUFZ 16, C4<zzzzzzzzzzzzzzzz>; HiZ drive
v0x55efe4702900_197 .net v0x55efe4702900 197, 15 0, o0x7f616e094838; 0 drivers
o0x7f616e094868 .functor BUFZ 16, C4<zzzzzzzzzzzzzzzz>; HiZ drive
v0x55efe4702900_198 .net v0x55efe4702900 198, 15 0, o0x7f616e094868; 0 drivers
o0x7f616e094898 .functor BUFZ 16, C4<zzzzzzzzzzzzzzzz>; HiZ drive
v0x55efe4702900_199 .net v0x55efe4702900 199, 15 0, o0x7f616e094898; 0 drivers
o0x7f616e0948c8 .functor BUFZ 16, C4<zzzzzzzzzzzzzzzz>; HiZ drive
v0x55efe4702900_200 .net v0x55efe4702900 200, 15 0, o0x7f616e0948c8; 0 drivers
o0x7f616e0948f8 .functor BUFZ 16, C4<zzzzzzzzzzzzzzzz>; HiZ drive
v0x55efe4702900_201 .net v0x55efe4702900 201, 15 0, o0x7f616e0948f8; 0 drivers
o0x7f616e094928 .functor BUFZ 16, C4<zzzzzzzzzzzzzzzz>; HiZ drive
v0x55efe4702900_202 .net v0x55efe4702900 202, 15 0, o0x7f616e094928; 0 drivers
o0x7f616e094958 .functor BUFZ 16, C4<zzzzzzzzzzzzzzzz>; HiZ drive
v0x55efe4702900_203 .net v0x55efe4702900 203, 15 0, o0x7f616e094958; 0 drivers
o0x7f616e094988 .functor BUFZ 16, C4<zzzzzzzzzzzzzzzz>; HiZ drive
v0x55efe4702900_204 .net v0x55efe4702900 204, 15 0, o0x7f616e094988; 0 drivers
o0x7f616e0949b8 .functor BUFZ 16, C4<zzzzzzzzzzzzzzzz>; HiZ drive
v0x55efe4702900_205 .net v0x55efe4702900 205, 15 0, o0x7f616e0949b8; 0 drivers
o0x7f616e0949e8 .functor BUFZ 16, C4<zzzzzzzzzzzzzzzz>; HiZ drive
v0x55efe4702900_206 .net v0x55efe4702900 206, 15 0, o0x7f616e0949e8; 0 drivers
o0x7f616e094a18 .functor BUFZ 16, C4<zzzzzzzzzzzzzzzz>; HiZ drive
v0x55efe4702900_207 .net v0x55efe4702900 207, 15 0, o0x7f616e094a18; 0 drivers
o0x7f616e094a48 .functor BUFZ 16, C4<zzzzzzzzzzzzzzzz>; HiZ drive
v0x55efe4702900_208 .net v0x55efe4702900 208, 15 0, o0x7f616e094a48; 0 drivers
o0x7f616e094a78 .functor BUFZ 16, C4<zzzzzzzzzzzzzzzz>; HiZ drive
v0x55efe4702900_209 .net v0x55efe4702900 209, 15 0, o0x7f616e094a78; 0 drivers
o0x7f616e094aa8 .functor BUFZ 16, C4<zzzzzzzzzzzzzzzz>; HiZ drive
v0x55efe4702900_210 .net v0x55efe4702900 210, 15 0, o0x7f616e094aa8; 0 drivers
o0x7f616e094ad8 .functor BUFZ 16, C4<zzzzzzzzzzzzzzzz>; HiZ drive
v0x55efe4702900_211 .net v0x55efe4702900 211, 15 0, o0x7f616e094ad8; 0 drivers
o0x7f616e094b08 .functor BUFZ 16, C4<zzzzzzzzzzzzzzzz>; HiZ drive
v0x55efe4702900_212 .net v0x55efe4702900 212, 15 0, o0x7f616e094b08; 0 drivers
o0x7f616e094b38 .functor BUFZ 16, C4<zzzzzzzzzzzzzzzz>; HiZ drive
v0x55efe4702900_213 .net v0x55efe4702900 213, 15 0, o0x7f616e094b38; 0 drivers
o0x7f616e094b68 .functor BUFZ 16, C4<zzzzzzzzzzzzzzzz>; HiZ drive
v0x55efe4702900_214 .net v0x55efe4702900 214, 15 0, o0x7f616e094b68; 0 drivers
o0x7f616e094b98 .functor BUFZ 16, C4<zzzzzzzzzzzzzzzz>; HiZ drive
v0x55efe4702900_215 .net v0x55efe4702900 215, 15 0, o0x7f616e094b98; 0 drivers
o0x7f616e094bc8 .functor BUFZ 16, C4<zzzzzzzzzzzzzzzz>; HiZ drive
v0x55efe4702900_216 .net v0x55efe4702900 216, 15 0, o0x7f616e094bc8; 0 drivers
o0x7f616e094bf8 .functor BUFZ 16, C4<zzzzzzzzzzzzzzzz>; HiZ drive
v0x55efe4702900_217 .net v0x55efe4702900 217, 15 0, o0x7f616e094bf8; 0 drivers
o0x7f616e094c28 .functor BUFZ 16, C4<zzzzzzzzzzzzzzzz>; HiZ drive
v0x55efe4702900_218 .net v0x55efe4702900 218, 15 0, o0x7f616e094c28; 0 drivers
o0x7f616e094c58 .functor BUFZ 16, C4<zzzzzzzzzzzzzzzz>; HiZ drive
v0x55efe4702900_219 .net v0x55efe4702900 219, 15 0, o0x7f616e094c58; 0 drivers
o0x7f616e094c88 .functor BUFZ 16, C4<zzzzzzzzzzzzzzzz>; HiZ drive
v0x55efe4702900_220 .net v0x55efe4702900 220, 15 0, o0x7f616e094c88; 0 drivers
o0x7f616e094cb8 .functor BUFZ 16, C4<zzzzzzzzzzzzzzzz>; HiZ drive
v0x55efe4702900_221 .net v0x55efe4702900 221, 15 0, o0x7f616e094cb8; 0 drivers
o0x7f616e094ce8 .functor BUFZ 16, C4<zzzzzzzzzzzzzzzz>; HiZ drive
v0x55efe4702900_222 .net v0x55efe4702900 222, 15 0, o0x7f616e094ce8; 0 drivers
o0x7f616e094d18 .functor BUFZ 16, C4<zzzzzzzzzzzzzzzz>; HiZ drive
v0x55efe4702900_223 .net v0x55efe4702900 223, 15 0, o0x7f616e094d18; 0 drivers
o0x7f616e094d48 .functor BUFZ 16, C4<zzzzzzzzzzzzzzzz>; HiZ drive
v0x55efe4702900_224 .net v0x55efe4702900 224, 15 0, o0x7f616e094d48; 0 drivers
o0x7f616e094d78 .functor BUFZ 16, C4<zzzzzzzzzzzzzzzz>; HiZ drive
v0x55efe4702900_225 .net v0x55efe4702900 225, 15 0, o0x7f616e094d78; 0 drivers
o0x7f616e094da8 .functor BUFZ 16, C4<zzzzzzzzzzzzzzzz>; HiZ drive
v0x55efe4702900_226 .net v0x55efe4702900 226, 15 0, o0x7f616e094da8; 0 drivers
o0x7f616e094dd8 .functor BUFZ 16, C4<zzzzzzzzzzzzzzzz>; HiZ drive
v0x55efe4702900_227 .net v0x55efe4702900 227, 15 0, o0x7f616e094dd8; 0 drivers
o0x7f616e094e08 .functor BUFZ 16, C4<zzzzzzzzzzzzzzzz>; HiZ drive
v0x55efe4702900_228 .net v0x55efe4702900 228, 15 0, o0x7f616e094e08; 0 drivers
o0x7f616e094e38 .functor BUFZ 16, C4<zzzzzzzzzzzzzzzz>; HiZ drive
v0x55efe4702900_229 .net v0x55efe4702900 229, 15 0, o0x7f616e094e38; 0 drivers
o0x7f616e094e68 .functor BUFZ 16, C4<zzzzzzzzzzzzzzzz>; HiZ drive
v0x55efe4702900_230 .net v0x55efe4702900 230, 15 0, o0x7f616e094e68; 0 drivers
o0x7f616e094e98 .functor BUFZ 16, C4<zzzzzzzzzzzzzzzz>; HiZ drive
v0x55efe4702900_231 .net v0x55efe4702900 231, 15 0, o0x7f616e094e98; 0 drivers
o0x7f616e094ec8 .functor BUFZ 16, C4<zzzzzzzzzzzzzzzz>; HiZ drive
v0x55efe4702900_232 .net v0x55efe4702900 232, 15 0, o0x7f616e094ec8; 0 drivers
o0x7f616e094ef8 .functor BUFZ 16, C4<zzzzzzzzzzzzzzzz>; HiZ drive
v0x55efe4702900_233 .net v0x55efe4702900 233, 15 0, o0x7f616e094ef8; 0 drivers
o0x7f616e094f28 .functor BUFZ 16, C4<zzzzzzzzzzzzzzzz>; HiZ drive
v0x55efe4702900_234 .net v0x55efe4702900 234, 15 0, o0x7f616e094f28; 0 drivers
o0x7f616e094f58 .functor BUFZ 16, C4<zzzzzzzzzzzzzzzz>; HiZ drive
v0x55efe4702900_235 .net v0x55efe4702900 235, 15 0, o0x7f616e094f58; 0 drivers
o0x7f616e094f88 .functor BUFZ 16, C4<zzzzzzzzzzzzzzzz>; HiZ drive
v0x55efe4702900_236 .net v0x55efe4702900 236, 15 0, o0x7f616e094f88; 0 drivers
o0x7f616e094fb8 .functor BUFZ 16, C4<zzzzzzzzzzzzzzzz>; HiZ drive
v0x55efe4702900_237 .net v0x55efe4702900 237, 15 0, o0x7f616e094fb8; 0 drivers
o0x7f616e094fe8 .functor BUFZ 16, C4<zzzzzzzzzzzzzzzz>; HiZ drive
v0x55efe4702900_238 .net v0x55efe4702900 238, 15 0, o0x7f616e094fe8; 0 drivers
o0x7f616e095018 .functor BUFZ 16, C4<zzzzzzzzzzzzzzzz>; HiZ drive
v0x55efe4702900_239 .net v0x55efe4702900 239, 15 0, o0x7f616e095018; 0 drivers
o0x7f616e095048 .functor BUFZ 16, C4<zzzzzzzzzzzzzzzz>; HiZ drive
v0x55efe4702900_240 .net v0x55efe4702900 240, 15 0, o0x7f616e095048; 0 drivers
o0x7f616e095078 .functor BUFZ 16, C4<zzzzzzzzzzzzzzzz>; HiZ drive
v0x55efe4702900_241 .net v0x55efe4702900 241, 15 0, o0x7f616e095078; 0 drivers
o0x7f616e0950a8 .functor BUFZ 16, C4<zzzzzzzzzzzzzzzz>; HiZ drive
v0x55efe4702900_242 .net v0x55efe4702900 242, 15 0, o0x7f616e0950a8; 0 drivers
o0x7f616e0950d8 .functor BUFZ 16, C4<zzzzzzzzzzzzzzzz>; HiZ drive
v0x55efe4702900_243 .net v0x55efe4702900 243, 15 0, o0x7f616e0950d8; 0 drivers
o0x7f616e095108 .functor BUFZ 16, C4<zzzzzzzzzzzzzzzz>; HiZ drive
v0x55efe4702900_244 .net v0x55efe4702900 244, 15 0, o0x7f616e095108; 0 drivers
o0x7f616e095138 .functor BUFZ 16, C4<zzzzzzzzzzzzzzzz>; HiZ drive
v0x55efe4702900_245 .net v0x55efe4702900 245, 15 0, o0x7f616e095138; 0 drivers
o0x7f616e095168 .functor BUFZ 16, C4<zzzzzzzzzzzzzzzz>; HiZ drive
v0x55efe4702900_246 .net v0x55efe4702900 246, 15 0, o0x7f616e095168; 0 drivers
o0x7f616e095198 .functor BUFZ 16, C4<zzzzzzzzzzzzzzzz>; HiZ drive
v0x55efe4702900_247 .net v0x55efe4702900 247, 15 0, o0x7f616e095198; 0 drivers
o0x7f616e0951c8 .functor BUFZ 16, C4<zzzzzzzzzzzzzzzz>; HiZ drive
v0x55efe4702900_248 .net v0x55efe4702900 248, 15 0, o0x7f616e0951c8; 0 drivers
o0x7f616e0951f8 .functor BUFZ 16, C4<zzzzzzzzzzzzzzzz>; HiZ drive
v0x55efe4702900_249 .net v0x55efe4702900 249, 15 0, o0x7f616e0951f8; 0 drivers
o0x7f616e095228 .functor BUFZ 16, C4<zzzzzzzzzzzzzzzz>; HiZ drive
v0x55efe4702900_250 .net v0x55efe4702900 250, 15 0, o0x7f616e095228; 0 drivers
o0x7f616e095258 .functor BUFZ 16, C4<zzzzzzzzzzzzzzzz>; HiZ drive
v0x55efe4702900_251 .net v0x55efe4702900 251, 15 0, o0x7f616e095258; 0 drivers
o0x7f616e095288 .functor BUFZ 16, C4<zzzzzzzzzzzzzzzz>; HiZ drive
v0x55efe4702900_252 .net v0x55efe4702900 252, 15 0, o0x7f616e095288; 0 drivers
o0x7f616e0952b8 .functor BUFZ 16, C4<zzzzzzzzzzzzzzzz>; HiZ drive
v0x55efe4702900_253 .net v0x55efe4702900 253, 15 0, o0x7f616e0952b8; 0 drivers
o0x7f616e0952e8 .functor BUFZ 16, C4<zzzzzzzzzzzzzzzz>; HiZ drive
v0x55efe4702900_254 .net v0x55efe4702900 254, 15 0, o0x7f616e0952e8; 0 drivers
o0x7f616e095318 .functor BUFZ 16, C4<zzzzzzzzzzzzzzzz>; HiZ drive
v0x55efe4702900_255 .net v0x55efe4702900 255, 15 0, o0x7f616e095318; 0 drivers
o0x7f616e095348 .functor BUFZ 16, C4<zzzzzzzzzzzzzzzz>; HiZ drive
v0x55efe4702900_256 .net v0x55efe4702900 256, 15 0, o0x7f616e095348; 0 drivers
o0x7f616e095378 .functor BUFZ 16, C4<zzzzzzzzzzzzzzzz>; HiZ drive
v0x55efe4702900_257 .net v0x55efe4702900 257, 15 0, o0x7f616e095378; 0 drivers
o0x7f616e0953a8 .functor BUFZ 16, C4<zzzzzzzzzzzzzzzz>; HiZ drive
v0x55efe4702900_258 .net v0x55efe4702900 258, 15 0, o0x7f616e0953a8; 0 drivers
o0x7f616e0953d8 .functor BUFZ 16, C4<zzzzzzzzzzzzzzzz>; HiZ drive
v0x55efe4702900_259 .net v0x55efe4702900 259, 15 0, o0x7f616e0953d8; 0 drivers
o0x7f616e095408 .functor BUFZ 16, C4<zzzzzzzzzzzzzzzz>; HiZ drive
v0x55efe4702900_260 .net v0x55efe4702900 260, 15 0, o0x7f616e095408; 0 drivers
o0x7f616e095438 .functor BUFZ 16, C4<zzzzzzzzzzzzzzzz>; HiZ drive
v0x55efe4702900_261 .net v0x55efe4702900 261, 15 0, o0x7f616e095438; 0 drivers
o0x7f616e095468 .functor BUFZ 16, C4<zzzzzzzzzzzzzzzz>; HiZ drive
v0x55efe4702900_262 .net v0x55efe4702900 262, 15 0, o0x7f616e095468; 0 drivers
o0x7f616e095498 .functor BUFZ 16, C4<zzzzzzzzzzzzzzzz>; HiZ drive
v0x55efe4702900_263 .net v0x55efe4702900 263, 15 0, o0x7f616e095498; 0 drivers
o0x7f616e0954c8 .functor BUFZ 16, C4<zzzzzzzzzzzzzzzz>; HiZ drive
v0x55efe4702900_264 .net v0x55efe4702900 264, 15 0, o0x7f616e0954c8; 0 drivers
o0x7f616e0954f8 .functor BUFZ 16, C4<zzzzzzzzzzzzzzzz>; HiZ drive
v0x55efe4702900_265 .net v0x55efe4702900 265, 15 0, o0x7f616e0954f8; 0 drivers
o0x7f616e095528 .functor BUFZ 16, C4<zzzzzzzzzzzzzzzz>; HiZ drive
v0x55efe4702900_266 .net v0x55efe4702900 266, 15 0, o0x7f616e095528; 0 drivers
o0x7f616e095558 .functor BUFZ 16, C4<zzzzzzzzzzzzzzzz>; HiZ drive
v0x55efe4702900_267 .net v0x55efe4702900 267, 15 0, o0x7f616e095558; 0 drivers
o0x7f616e095588 .functor BUFZ 16, C4<zzzzzzzzzzzzzzzz>; HiZ drive
v0x55efe4702900_268 .net v0x55efe4702900 268, 15 0, o0x7f616e095588; 0 drivers
o0x7f616e0955b8 .functor BUFZ 16, C4<zzzzzzzzzzzzzzzz>; HiZ drive
v0x55efe4702900_269 .net v0x55efe4702900 269, 15 0, o0x7f616e0955b8; 0 drivers
o0x7f616e0955e8 .functor BUFZ 16, C4<zzzzzzzzzzzzzzzz>; HiZ drive
v0x55efe4702900_270 .net v0x55efe4702900 270, 15 0, o0x7f616e0955e8; 0 drivers
o0x7f616e095618 .functor BUFZ 16, C4<zzzzzzzzzzzzzzzz>; HiZ drive
v0x55efe4702900_271 .net v0x55efe4702900 271, 15 0, o0x7f616e095618; 0 drivers
o0x7f616e095648 .functor BUFZ 16, C4<zzzzzzzzzzzzzzzz>; HiZ drive
v0x55efe4702900_272 .net v0x55efe4702900 272, 15 0, o0x7f616e095648; 0 drivers
o0x7f616e095678 .functor BUFZ 16, C4<zzzzzzzzzzzzzzzz>; HiZ drive
v0x55efe4702900_273 .net v0x55efe4702900 273, 15 0, o0x7f616e095678; 0 drivers
o0x7f616e0956a8 .functor BUFZ 16, C4<zzzzzzzzzzzzzzzz>; HiZ drive
v0x55efe4702900_274 .net v0x55efe4702900 274, 15 0, o0x7f616e0956a8; 0 drivers
o0x7f616e0956d8 .functor BUFZ 16, C4<zzzzzzzzzzzzzzzz>; HiZ drive
v0x55efe4702900_275 .net v0x55efe4702900 275, 15 0, o0x7f616e0956d8; 0 drivers
o0x7f616e095708 .functor BUFZ 16, C4<zzzzzzzzzzzzzzzz>; HiZ drive
v0x55efe4702900_276 .net v0x55efe4702900 276, 15 0, o0x7f616e095708; 0 drivers
o0x7f616e095738 .functor BUFZ 16, C4<zzzzzzzzzzzzzzzz>; HiZ drive
v0x55efe4702900_277 .net v0x55efe4702900 277, 15 0, o0x7f616e095738; 0 drivers
o0x7f616e095768 .functor BUFZ 16, C4<zzzzzzzzzzzzzzzz>; HiZ drive
v0x55efe4702900_278 .net v0x55efe4702900 278, 15 0, o0x7f616e095768; 0 drivers
o0x7f616e095798 .functor BUFZ 16, C4<zzzzzzzzzzzzzzzz>; HiZ drive
v0x55efe4702900_279 .net v0x55efe4702900 279, 15 0, o0x7f616e095798; 0 drivers
o0x7f616e0957c8 .functor BUFZ 16, C4<zzzzzzzzzzzzzzzz>; HiZ drive
v0x55efe4702900_280 .net v0x55efe4702900 280, 15 0, o0x7f616e0957c8; 0 drivers
o0x7f616e0957f8 .functor BUFZ 16, C4<zzzzzzzzzzzzzzzz>; HiZ drive
v0x55efe4702900_281 .net v0x55efe4702900 281, 15 0, o0x7f616e0957f8; 0 drivers
o0x7f616e095828 .functor BUFZ 16, C4<zzzzzzzzzzzzzzzz>; HiZ drive
v0x55efe4702900_282 .net v0x55efe4702900 282, 15 0, o0x7f616e095828; 0 drivers
o0x7f616e095858 .functor BUFZ 16, C4<zzzzzzzzzzzzzzzz>; HiZ drive
v0x55efe4702900_283 .net v0x55efe4702900 283, 15 0, o0x7f616e095858; 0 drivers
o0x7f616e095888 .functor BUFZ 16, C4<zzzzzzzzzzzzzzzz>; HiZ drive
v0x55efe4702900_284 .net v0x55efe4702900 284, 15 0, o0x7f616e095888; 0 drivers
o0x7f616e0958b8 .functor BUFZ 16, C4<zzzzzzzzzzzzzzzz>; HiZ drive
v0x55efe4702900_285 .net v0x55efe4702900 285, 15 0, o0x7f616e0958b8; 0 drivers
o0x7f616e0958e8 .functor BUFZ 16, C4<zzzzzzzzzzzzzzzz>; HiZ drive
v0x55efe4702900_286 .net v0x55efe4702900 286, 15 0, o0x7f616e0958e8; 0 drivers
o0x7f616e095918 .functor BUFZ 16, C4<zzzzzzzzzzzzzzzz>; HiZ drive
v0x55efe4702900_287 .net v0x55efe4702900 287, 15 0, o0x7f616e095918; 0 drivers
o0x7f616e095948 .functor BUFZ 16, C4<zzzzzzzzzzzzzzzz>; HiZ drive
v0x55efe4702900_288 .net v0x55efe4702900 288, 15 0, o0x7f616e095948; 0 drivers
o0x7f616e095978 .functor BUFZ 16, C4<zzzzzzzzzzzzzzzz>; HiZ drive
v0x55efe4702900_289 .net v0x55efe4702900 289, 15 0, o0x7f616e095978; 0 drivers
o0x7f616e0959a8 .functor BUFZ 16, C4<zzzzzzzzzzzzzzzz>; HiZ drive
v0x55efe4702900_290 .net v0x55efe4702900 290, 15 0, o0x7f616e0959a8; 0 drivers
o0x7f616e0959d8 .functor BUFZ 16, C4<zzzzzzzzzzzzzzzz>; HiZ drive
v0x55efe4702900_291 .net v0x55efe4702900 291, 15 0, o0x7f616e0959d8; 0 drivers
o0x7f616e095a08 .functor BUFZ 16, C4<zzzzzzzzzzzzzzzz>; HiZ drive
v0x55efe4702900_292 .net v0x55efe4702900 292, 15 0, o0x7f616e095a08; 0 drivers
o0x7f616e095a38 .functor BUFZ 16, C4<zzzzzzzzzzzzzzzz>; HiZ drive
v0x55efe4702900_293 .net v0x55efe4702900 293, 15 0, o0x7f616e095a38; 0 drivers
o0x7f616e095a68 .functor BUFZ 16, C4<zzzzzzzzzzzzzzzz>; HiZ drive
v0x55efe4702900_294 .net v0x55efe4702900 294, 15 0, o0x7f616e095a68; 0 drivers
o0x7f616e095a98 .functor BUFZ 16, C4<zzzzzzzzzzzzzzzz>; HiZ drive
v0x55efe4702900_295 .net v0x55efe4702900 295, 15 0, o0x7f616e095a98; 0 drivers
o0x7f616e095ac8 .functor BUFZ 16, C4<zzzzzzzzzzzzzzzz>; HiZ drive
v0x55efe4702900_296 .net v0x55efe4702900 296, 15 0, o0x7f616e095ac8; 0 drivers
o0x7f616e095af8 .functor BUFZ 16, C4<zzzzzzzzzzzzzzzz>; HiZ drive
v0x55efe4702900_297 .net v0x55efe4702900 297, 15 0, o0x7f616e095af8; 0 drivers
o0x7f616e095b28 .functor BUFZ 16, C4<zzzzzzzzzzzzzzzz>; HiZ drive
v0x55efe4702900_298 .net v0x55efe4702900 298, 15 0, o0x7f616e095b28; 0 drivers
o0x7f616e095b58 .functor BUFZ 16, C4<zzzzzzzzzzzzzzzz>; HiZ drive
v0x55efe4702900_299 .net v0x55efe4702900 299, 15 0, o0x7f616e095b58; 0 drivers
o0x7f616e095b88 .functor BUFZ 16, C4<zzzzzzzzzzzzzzzz>; HiZ drive
v0x55efe4702900_300 .net v0x55efe4702900 300, 15 0, o0x7f616e095b88; 0 drivers
o0x7f616e095bb8 .functor BUFZ 16, C4<zzzzzzzzzzzzzzzz>; HiZ drive
v0x55efe4702900_301 .net v0x55efe4702900 301, 15 0, o0x7f616e095bb8; 0 drivers
o0x7f616e095be8 .functor BUFZ 16, C4<zzzzzzzzzzzzzzzz>; HiZ drive
v0x55efe4702900_302 .net v0x55efe4702900 302, 15 0, o0x7f616e095be8; 0 drivers
o0x7f616e095c18 .functor BUFZ 16, C4<zzzzzzzzzzzzzzzz>; HiZ drive
v0x55efe4702900_303 .net v0x55efe4702900 303, 15 0, o0x7f616e095c18; 0 drivers
o0x7f616e095c48 .functor BUFZ 16, C4<zzzzzzzzzzzzzzzz>; HiZ drive
v0x55efe4702900_304 .net v0x55efe4702900 304, 15 0, o0x7f616e095c48; 0 drivers
o0x7f616e095c78 .functor BUFZ 16, C4<zzzzzzzzzzzzzzzz>; HiZ drive
v0x55efe4702900_305 .net v0x55efe4702900 305, 15 0, o0x7f616e095c78; 0 drivers
o0x7f616e095ca8 .functor BUFZ 16, C4<zzzzzzzzzzzzzzzz>; HiZ drive
v0x55efe4702900_306 .net v0x55efe4702900 306, 15 0, o0x7f616e095ca8; 0 drivers
o0x7f616e095cd8 .functor BUFZ 16, C4<zzzzzzzzzzzzzzzz>; HiZ drive
v0x55efe4702900_307 .net v0x55efe4702900 307, 15 0, o0x7f616e095cd8; 0 drivers
o0x7f616e095d08 .functor BUFZ 16, C4<zzzzzzzzzzzzzzzz>; HiZ drive
v0x55efe4702900_308 .net v0x55efe4702900 308, 15 0, o0x7f616e095d08; 0 drivers
o0x7f616e095d38 .functor BUFZ 16, C4<zzzzzzzzzzzzzzzz>; HiZ drive
v0x55efe4702900_309 .net v0x55efe4702900 309, 15 0, o0x7f616e095d38; 0 drivers
o0x7f616e095d68 .functor BUFZ 16, C4<zzzzzzzzzzzzzzzz>; HiZ drive
v0x55efe4702900_310 .net v0x55efe4702900 310, 15 0, o0x7f616e095d68; 0 drivers
o0x7f616e095d98 .functor BUFZ 16, C4<zzzzzzzzzzzzzzzz>; HiZ drive
v0x55efe4702900_311 .net v0x55efe4702900 311, 15 0, o0x7f616e095d98; 0 drivers
o0x7f616e095dc8 .functor BUFZ 16, C4<zzzzzzzzzzzzzzzz>; HiZ drive
v0x55efe4702900_312 .net v0x55efe4702900 312, 15 0, o0x7f616e095dc8; 0 drivers
o0x7f616e095df8 .functor BUFZ 16, C4<zzzzzzzzzzzzzzzz>; HiZ drive
v0x55efe4702900_313 .net v0x55efe4702900 313, 15 0, o0x7f616e095df8; 0 drivers
o0x7f616e095e28 .functor BUFZ 16, C4<zzzzzzzzzzzzzzzz>; HiZ drive
v0x55efe4702900_314 .net v0x55efe4702900 314, 15 0, o0x7f616e095e28; 0 drivers
o0x7f616e095e58 .functor BUFZ 16, C4<zzzzzzzzzzzzzzzz>; HiZ drive
v0x55efe4702900_315 .net v0x55efe4702900 315, 15 0, o0x7f616e095e58; 0 drivers
o0x7f616e095e88 .functor BUFZ 16, C4<zzzzzzzzzzzzzzzz>; HiZ drive
v0x55efe4702900_316 .net v0x55efe4702900 316, 15 0, o0x7f616e095e88; 0 drivers
o0x7f616e095eb8 .functor BUFZ 16, C4<zzzzzzzzzzzzzzzz>; HiZ drive
v0x55efe4702900_317 .net v0x55efe4702900 317, 15 0, o0x7f616e095eb8; 0 drivers
o0x7f616e095ee8 .functor BUFZ 16, C4<zzzzzzzzzzzzzzzz>; HiZ drive
v0x55efe4702900_318 .net v0x55efe4702900 318, 15 0, o0x7f616e095ee8; 0 drivers
o0x7f616e095f18 .functor BUFZ 16, C4<zzzzzzzzzzzzzzzz>; HiZ drive
v0x55efe4702900_319 .net v0x55efe4702900 319, 15 0, o0x7f616e095f18; 0 drivers
o0x7f616e095f48 .functor BUFZ 16, C4<zzzzzzzzzzzzzzzz>; HiZ drive
v0x55efe4702900_320 .net v0x55efe4702900 320, 15 0, o0x7f616e095f48; 0 drivers
o0x7f616e095f78 .functor BUFZ 16, C4<zzzzzzzzzzzzzzzz>; HiZ drive
v0x55efe4702900_321 .net v0x55efe4702900 321, 15 0, o0x7f616e095f78; 0 drivers
o0x7f616e095fa8 .functor BUFZ 16, C4<zzzzzzzzzzzzzzzz>; HiZ drive
v0x55efe4702900_322 .net v0x55efe4702900 322, 15 0, o0x7f616e095fa8; 0 drivers
o0x7f616e095fd8 .functor BUFZ 16, C4<zzzzzzzzzzzzzzzz>; HiZ drive
v0x55efe4702900_323 .net v0x55efe4702900 323, 15 0, o0x7f616e095fd8; 0 drivers
o0x7f616e096008 .functor BUFZ 16, C4<zzzzzzzzzzzzzzzz>; HiZ drive
v0x55efe4702900_324 .net v0x55efe4702900 324, 15 0, o0x7f616e096008; 0 drivers
o0x7f616e096038 .functor BUFZ 16, C4<zzzzzzzzzzzzzzzz>; HiZ drive
v0x55efe4702900_325 .net v0x55efe4702900 325, 15 0, o0x7f616e096038; 0 drivers
o0x7f616e096068 .functor BUFZ 16, C4<zzzzzzzzzzzzzzzz>; HiZ drive
v0x55efe4702900_326 .net v0x55efe4702900 326, 15 0, o0x7f616e096068; 0 drivers
o0x7f616e096098 .functor BUFZ 16, C4<zzzzzzzzzzzzzzzz>; HiZ drive
v0x55efe4702900_327 .net v0x55efe4702900 327, 15 0, o0x7f616e096098; 0 drivers
o0x7f616e0960c8 .functor BUFZ 16, C4<zzzzzzzzzzzzzzzz>; HiZ drive
v0x55efe4702900_328 .net v0x55efe4702900 328, 15 0, o0x7f616e0960c8; 0 drivers
o0x7f616e0960f8 .functor BUFZ 16, C4<zzzzzzzzzzzzzzzz>; HiZ drive
v0x55efe4702900_329 .net v0x55efe4702900 329, 15 0, o0x7f616e0960f8; 0 drivers
o0x7f616e096128 .functor BUFZ 16, C4<zzzzzzzzzzzzzzzz>; HiZ drive
v0x55efe4702900_330 .net v0x55efe4702900 330, 15 0, o0x7f616e096128; 0 drivers
o0x7f616e096158 .functor BUFZ 16, C4<zzzzzzzzzzzzzzzz>; HiZ drive
v0x55efe4702900_331 .net v0x55efe4702900 331, 15 0, o0x7f616e096158; 0 drivers
o0x7f616e096188 .functor BUFZ 16, C4<zzzzzzzzzzzzzzzz>; HiZ drive
v0x55efe4702900_332 .net v0x55efe4702900 332, 15 0, o0x7f616e096188; 0 drivers
o0x7f616e0961b8 .functor BUFZ 16, C4<zzzzzzzzzzzzzzzz>; HiZ drive
v0x55efe4702900_333 .net v0x55efe4702900 333, 15 0, o0x7f616e0961b8; 0 drivers
o0x7f616e0961e8 .functor BUFZ 16, C4<zzzzzzzzzzzzzzzz>; HiZ drive
v0x55efe4702900_334 .net v0x55efe4702900 334, 15 0, o0x7f616e0961e8; 0 drivers
o0x7f616e096218 .functor BUFZ 16, C4<zzzzzzzzzzzzzzzz>; HiZ drive
v0x55efe4702900_335 .net v0x55efe4702900 335, 15 0, o0x7f616e096218; 0 drivers
o0x7f616e096248 .functor BUFZ 16, C4<zzzzzzzzzzzzzzzz>; HiZ drive
v0x55efe4702900_336 .net v0x55efe4702900 336, 15 0, o0x7f616e096248; 0 drivers
o0x7f616e096278 .functor BUFZ 16, C4<zzzzzzzzzzzzzzzz>; HiZ drive
v0x55efe4702900_337 .net v0x55efe4702900 337, 15 0, o0x7f616e096278; 0 drivers
o0x7f616e0962a8 .functor BUFZ 16, C4<zzzzzzzzzzzzzzzz>; HiZ drive
v0x55efe4702900_338 .net v0x55efe4702900 338, 15 0, o0x7f616e0962a8; 0 drivers
o0x7f616e0962d8 .functor BUFZ 16, C4<zzzzzzzzzzzzzzzz>; HiZ drive
v0x55efe4702900_339 .net v0x55efe4702900 339, 15 0, o0x7f616e0962d8; 0 drivers
o0x7f616e096308 .functor BUFZ 16, C4<zzzzzzzzzzzzzzzz>; HiZ drive
v0x55efe4702900_340 .net v0x55efe4702900 340, 15 0, o0x7f616e096308; 0 drivers
o0x7f616e096338 .functor BUFZ 16, C4<zzzzzzzzzzzzzzzz>; HiZ drive
v0x55efe4702900_341 .net v0x55efe4702900 341, 15 0, o0x7f616e096338; 0 drivers
o0x7f616e096368 .functor BUFZ 16, C4<zzzzzzzzzzzzzzzz>; HiZ drive
v0x55efe4702900_342 .net v0x55efe4702900 342, 15 0, o0x7f616e096368; 0 drivers
o0x7f616e096398 .functor BUFZ 16, C4<zzzzzzzzzzzzzzzz>; HiZ drive
v0x55efe4702900_343 .net v0x55efe4702900 343, 15 0, o0x7f616e096398; 0 drivers
o0x7f616e0963c8 .functor BUFZ 16, C4<zzzzzzzzzzzzzzzz>; HiZ drive
v0x55efe4702900_344 .net v0x55efe4702900 344, 15 0, o0x7f616e0963c8; 0 drivers
o0x7f616e0963f8 .functor BUFZ 16, C4<zzzzzzzzzzzzzzzz>; HiZ drive
v0x55efe4702900_345 .net v0x55efe4702900 345, 15 0, o0x7f616e0963f8; 0 drivers
o0x7f616e096428 .functor BUFZ 16, C4<zzzzzzzzzzzzzzzz>; HiZ drive
v0x55efe4702900_346 .net v0x55efe4702900 346, 15 0, o0x7f616e096428; 0 drivers
o0x7f616e096458 .functor BUFZ 16, C4<zzzzzzzzzzzzzzzz>; HiZ drive
v0x55efe4702900_347 .net v0x55efe4702900 347, 15 0, o0x7f616e096458; 0 drivers
o0x7f616e096488 .functor BUFZ 16, C4<zzzzzzzzzzzzzzzz>; HiZ drive
v0x55efe4702900_348 .net v0x55efe4702900 348, 15 0, o0x7f616e096488; 0 drivers
o0x7f616e0964b8 .functor BUFZ 16, C4<zzzzzzzzzzzzzzzz>; HiZ drive
v0x55efe4702900_349 .net v0x55efe4702900 349, 15 0, o0x7f616e0964b8; 0 drivers
o0x7f616e0964e8 .functor BUFZ 16, C4<zzzzzzzzzzzzzzzz>; HiZ drive
v0x55efe4702900_350 .net v0x55efe4702900 350, 15 0, o0x7f616e0964e8; 0 drivers
o0x7f616e096518 .functor BUFZ 16, C4<zzzzzzzzzzzzzzzz>; HiZ drive
v0x55efe4702900_351 .net v0x55efe4702900 351, 15 0, o0x7f616e096518; 0 drivers
o0x7f616e096548 .functor BUFZ 16, C4<zzzzzzzzzzzzzzzz>; HiZ drive
v0x55efe4702900_352 .net v0x55efe4702900 352, 15 0, o0x7f616e096548; 0 drivers
o0x7f616e096578 .functor BUFZ 16, C4<zzzzzzzzzzzzzzzz>; HiZ drive
v0x55efe4702900_353 .net v0x55efe4702900 353, 15 0, o0x7f616e096578; 0 drivers
o0x7f616e0965a8 .functor BUFZ 16, C4<zzzzzzzzzzzzzzzz>; HiZ drive
v0x55efe4702900_354 .net v0x55efe4702900 354, 15 0, o0x7f616e0965a8; 0 drivers
o0x7f616e0965d8 .functor BUFZ 16, C4<zzzzzzzzzzzzzzzz>; HiZ drive
v0x55efe4702900_355 .net v0x55efe4702900 355, 15 0, o0x7f616e0965d8; 0 drivers
o0x7f616e096608 .functor BUFZ 16, C4<zzzzzzzzzzzzzzzz>; HiZ drive
v0x55efe4702900_356 .net v0x55efe4702900 356, 15 0, o0x7f616e096608; 0 drivers
o0x7f616e096638 .functor BUFZ 16, C4<zzzzzzzzzzzzzzzz>; HiZ drive
v0x55efe4702900_357 .net v0x55efe4702900 357, 15 0, o0x7f616e096638; 0 drivers
o0x7f616e096668 .functor BUFZ 16, C4<zzzzzzzzzzzzzzzz>; HiZ drive
v0x55efe4702900_358 .net v0x55efe4702900 358, 15 0, o0x7f616e096668; 0 drivers
o0x7f616e096698 .functor BUFZ 16, C4<zzzzzzzzzzzzzzzz>; HiZ drive
v0x55efe4702900_359 .net v0x55efe4702900 359, 15 0, o0x7f616e096698; 0 drivers
o0x7f616e0966c8 .functor BUFZ 16, C4<zzzzzzzzzzzzzzzz>; HiZ drive
v0x55efe4702900_360 .net v0x55efe4702900 360, 15 0, o0x7f616e0966c8; 0 drivers
o0x7f616e0966f8 .functor BUFZ 16, C4<zzzzzzzzzzzzzzzz>; HiZ drive
v0x55efe4702900_361 .net v0x55efe4702900 361, 15 0, o0x7f616e0966f8; 0 drivers
o0x7f616e096728 .functor BUFZ 16, C4<zzzzzzzzzzzzzzzz>; HiZ drive
v0x55efe4702900_362 .net v0x55efe4702900 362, 15 0, o0x7f616e096728; 0 drivers
o0x7f616e096758 .functor BUFZ 16, C4<zzzzzzzzzzzzzzzz>; HiZ drive
v0x55efe4702900_363 .net v0x55efe4702900 363, 15 0, o0x7f616e096758; 0 drivers
o0x7f616e096788 .functor BUFZ 16, C4<zzzzzzzzzzzzzzzz>; HiZ drive
v0x55efe4702900_364 .net v0x55efe4702900 364, 15 0, o0x7f616e096788; 0 drivers
o0x7f616e0967b8 .functor BUFZ 16, C4<zzzzzzzzzzzzzzzz>; HiZ drive
v0x55efe4702900_365 .net v0x55efe4702900 365, 15 0, o0x7f616e0967b8; 0 drivers
o0x7f616e0967e8 .functor BUFZ 16, C4<zzzzzzzzzzzzzzzz>; HiZ drive
v0x55efe4702900_366 .net v0x55efe4702900 366, 15 0, o0x7f616e0967e8; 0 drivers
o0x7f616e096818 .functor BUFZ 16, C4<zzzzzzzzzzzzzzzz>; HiZ drive
v0x55efe4702900_367 .net v0x55efe4702900 367, 15 0, o0x7f616e096818; 0 drivers
o0x7f616e096848 .functor BUFZ 16, C4<zzzzzzzzzzzzzzzz>; HiZ drive
v0x55efe4702900_368 .net v0x55efe4702900 368, 15 0, o0x7f616e096848; 0 drivers
o0x7f616e096878 .functor BUFZ 16, C4<zzzzzzzzzzzzzzzz>; HiZ drive
v0x55efe4702900_369 .net v0x55efe4702900 369, 15 0, o0x7f616e096878; 0 drivers
o0x7f616e0968a8 .functor BUFZ 16, C4<zzzzzzzzzzzzzzzz>; HiZ drive
v0x55efe4702900_370 .net v0x55efe4702900 370, 15 0, o0x7f616e0968a8; 0 drivers
o0x7f616e0968d8 .functor BUFZ 16, C4<zzzzzzzzzzzzzzzz>; HiZ drive
v0x55efe4702900_371 .net v0x55efe4702900 371, 15 0, o0x7f616e0968d8; 0 drivers
o0x7f616e096908 .functor BUFZ 16, C4<zzzzzzzzzzzzzzzz>; HiZ drive
v0x55efe4702900_372 .net v0x55efe4702900 372, 15 0, o0x7f616e096908; 0 drivers
o0x7f616e096938 .functor BUFZ 16, C4<zzzzzzzzzzzzzzzz>; HiZ drive
v0x55efe4702900_373 .net v0x55efe4702900 373, 15 0, o0x7f616e096938; 0 drivers
o0x7f616e096968 .functor BUFZ 16, C4<zzzzzzzzzzzzzzzz>; HiZ drive
v0x55efe4702900_374 .net v0x55efe4702900 374, 15 0, o0x7f616e096968; 0 drivers
o0x7f616e096998 .functor BUFZ 16, C4<zzzzzzzzzzzzzzzz>; HiZ drive
v0x55efe4702900_375 .net v0x55efe4702900 375, 15 0, o0x7f616e096998; 0 drivers
o0x7f616e0969c8 .functor BUFZ 16, C4<zzzzzzzzzzzzzzzz>; HiZ drive
v0x55efe4702900_376 .net v0x55efe4702900 376, 15 0, o0x7f616e0969c8; 0 drivers
o0x7f616e0969f8 .functor BUFZ 16, C4<zzzzzzzzzzzzzzzz>; HiZ drive
v0x55efe4702900_377 .net v0x55efe4702900 377, 15 0, o0x7f616e0969f8; 0 drivers
o0x7f616e096a28 .functor BUFZ 16, C4<zzzzzzzzzzzzzzzz>; HiZ drive
v0x55efe4702900_378 .net v0x55efe4702900 378, 15 0, o0x7f616e096a28; 0 drivers
o0x7f616e096a58 .functor BUFZ 16, C4<zzzzzzzzzzzzzzzz>; HiZ drive
v0x55efe4702900_379 .net v0x55efe4702900 379, 15 0, o0x7f616e096a58; 0 drivers
o0x7f616e096a88 .functor BUFZ 16, C4<zzzzzzzzzzzzzzzz>; HiZ drive
v0x55efe4702900_380 .net v0x55efe4702900 380, 15 0, o0x7f616e096a88; 0 drivers
o0x7f616e096ab8 .functor BUFZ 16, C4<zzzzzzzzzzzzzzzz>; HiZ drive
v0x55efe4702900_381 .net v0x55efe4702900 381, 15 0, o0x7f616e096ab8; 0 drivers
o0x7f616e096ae8 .functor BUFZ 16, C4<zzzzzzzzzzzzzzzz>; HiZ drive
v0x55efe4702900_382 .net v0x55efe4702900 382, 15 0, o0x7f616e096ae8; 0 drivers
o0x7f616e096b18 .functor BUFZ 16, C4<zzzzzzzzzzzzzzzz>; HiZ drive
v0x55efe4702900_383 .net v0x55efe4702900 383, 15 0, o0x7f616e096b18; 0 drivers
o0x7f616e096b48 .functor BUFZ 16, C4<zzzzzzzzzzzzzzzz>; HiZ drive
v0x55efe4702900_384 .net v0x55efe4702900 384, 15 0, o0x7f616e096b48; 0 drivers
o0x7f616e096b78 .functor BUFZ 16, C4<zzzzzzzzzzzzzzzz>; HiZ drive
v0x55efe4702900_385 .net v0x55efe4702900 385, 15 0, o0x7f616e096b78; 0 drivers
o0x7f616e096ba8 .functor BUFZ 16, C4<zzzzzzzzzzzzzzzz>; HiZ drive
v0x55efe4702900_386 .net v0x55efe4702900 386, 15 0, o0x7f616e096ba8; 0 drivers
o0x7f616e096bd8 .functor BUFZ 16, C4<zzzzzzzzzzzzzzzz>; HiZ drive
v0x55efe4702900_387 .net v0x55efe4702900 387, 15 0, o0x7f616e096bd8; 0 drivers
o0x7f616e096c08 .functor BUFZ 16, C4<zzzzzzzzzzzzzzzz>; HiZ drive
v0x55efe4702900_388 .net v0x55efe4702900 388, 15 0, o0x7f616e096c08; 0 drivers
o0x7f616e096c38 .functor BUFZ 16, C4<zzzzzzzzzzzzzzzz>; HiZ drive
v0x55efe4702900_389 .net v0x55efe4702900 389, 15 0, o0x7f616e096c38; 0 drivers
o0x7f616e096c68 .functor BUFZ 16, C4<zzzzzzzzzzzzzzzz>; HiZ drive
v0x55efe4702900_390 .net v0x55efe4702900 390, 15 0, o0x7f616e096c68; 0 drivers
o0x7f616e096c98 .functor BUFZ 16, C4<zzzzzzzzzzzzzzzz>; HiZ drive
v0x55efe4702900_391 .net v0x55efe4702900 391, 15 0, o0x7f616e096c98; 0 drivers
o0x7f616e096cc8 .functor BUFZ 16, C4<zzzzzzzzzzzzzzzz>; HiZ drive
v0x55efe4702900_392 .net v0x55efe4702900 392, 15 0, o0x7f616e096cc8; 0 drivers
o0x7f616e096cf8 .functor BUFZ 16, C4<zzzzzzzzzzzzzzzz>; HiZ drive
v0x55efe4702900_393 .net v0x55efe4702900 393, 15 0, o0x7f616e096cf8; 0 drivers
o0x7f616e096d28 .functor BUFZ 16, C4<zzzzzzzzzzzzzzzz>; HiZ drive
v0x55efe4702900_394 .net v0x55efe4702900 394, 15 0, o0x7f616e096d28; 0 drivers
o0x7f616e096d58 .functor BUFZ 16, C4<zzzzzzzzzzzzzzzz>; HiZ drive
v0x55efe4702900_395 .net v0x55efe4702900 395, 15 0, o0x7f616e096d58; 0 drivers
o0x7f616e096d88 .functor BUFZ 16, C4<zzzzzzzzzzzzzzzz>; HiZ drive
v0x55efe4702900_396 .net v0x55efe4702900 396, 15 0, o0x7f616e096d88; 0 drivers
o0x7f616e096db8 .functor BUFZ 16, C4<zzzzzzzzzzzzzzzz>; HiZ drive
v0x55efe4702900_397 .net v0x55efe4702900 397, 15 0, o0x7f616e096db8; 0 drivers
o0x7f616e096de8 .functor BUFZ 16, C4<zzzzzzzzzzzzzzzz>; HiZ drive
v0x55efe4702900_398 .net v0x55efe4702900 398, 15 0, o0x7f616e096de8; 0 drivers
o0x7f616e096e18 .functor BUFZ 16, C4<zzzzzzzzzzzzzzzz>; HiZ drive
v0x55efe4702900_399 .net v0x55efe4702900 399, 15 0, o0x7f616e096e18; 0 drivers
o0x7f616e096e48 .functor BUFZ 16, C4<zzzzzzzzzzzzzzzz>; HiZ drive
v0x55efe4702900_400 .net v0x55efe4702900 400, 15 0, o0x7f616e096e48; 0 drivers
o0x7f616e096e78 .functor BUFZ 16, C4<zzzzzzzzzzzzzzzz>; HiZ drive
v0x55efe4702900_401 .net v0x55efe4702900 401, 15 0, o0x7f616e096e78; 0 drivers
o0x7f616e096ea8 .functor BUFZ 16, C4<zzzzzzzzzzzzzzzz>; HiZ drive
v0x55efe4702900_402 .net v0x55efe4702900 402, 15 0, o0x7f616e096ea8; 0 drivers
o0x7f616e096ed8 .functor BUFZ 16, C4<zzzzzzzzzzzzzzzz>; HiZ drive
v0x55efe4702900_403 .net v0x55efe4702900 403, 15 0, o0x7f616e096ed8; 0 drivers
o0x7f616e096f08 .functor BUFZ 16, C4<zzzzzzzzzzzzzzzz>; HiZ drive
v0x55efe4702900_404 .net v0x55efe4702900 404, 15 0, o0x7f616e096f08; 0 drivers
o0x7f616e096f38 .functor BUFZ 16, C4<zzzzzzzzzzzzzzzz>; HiZ drive
v0x55efe4702900_405 .net v0x55efe4702900 405, 15 0, o0x7f616e096f38; 0 drivers
o0x7f616e096f68 .functor BUFZ 16, C4<zzzzzzzzzzzzzzzz>; HiZ drive
v0x55efe4702900_406 .net v0x55efe4702900 406, 15 0, o0x7f616e096f68; 0 drivers
o0x7f616e096f98 .functor BUFZ 16, C4<zzzzzzzzzzzzzzzz>; HiZ drive
v0x55efe4702900_407 .net v0x55efe4702900 407, 15 0, o0x7f616e096f98; 0 drivers
o0x7f616e096fc8 .functor BUFZ 16, C4<zzzzzzzzzzzzzzzz>; HiZ drive
v0x55efe4702900_408 .net v0x55efe4702900 408, 15 0, o0x7f616e096fc8; 0 drivers
o0x7f616e096ff8 .functor BUFZ 16, C4<zzzzzzzzzzzzzzzz>; HiZ drive
v0x55efe4702900_409 .net v0x55efe4702900 409, 15 0, o0x7f616e096ff8; 0 drivers
o0x7f616e097028 .functor BUFZ 16, C4<zzzzzzzzzzzzzzzz>; HiZ drive
v0x55efe4702900_410 .net v0x55efe4702900 410, 15 0, o0x7f616e097028; 0 drivers
o0x7f616e097058 .functor BUFZ 16, C4<zzzzzzzzzzzzzzzz>; HiZ drive
v0x55efe4702900_411 .net v0x55efe4702900 411, 15 0, o0x7f616e097058; 0 drivers
o0x7f616e097088 .functor BUFZ 16, C4<zzzzzzzzzzzzzzzz>; HiZ drive
v0x55efe4702900_412 .net v0x55efe4702900 412, 15 0, o0x7f616e097088; 0 drivers
o0x7f616e0970b8 .functor BUFZ 16, C4<zzzzzzzzzzzzzzzz>; HiZ drive
v0x55efe4702900_413 .net v0x55efe4702900 413, 15 0, o0x7f616e0970b8; 0 drivers
o0x7f616e0970e8 .functor BUFZ 16, C4<zzzzzzzzzzzzzzzz>; HiZ drive
v0x55efe4702900_414 .net v0x55efe4702900 414, 15 0, o0x7f616e0970e8; 0 drivers
o0x7f616e097118 .functor BUFZ 16, C4<zzzzzzzzzzzzzzzz>; HiZ drive
v0x55efe4702900_415 .net v0x55efe4702900 415, 15 0, o0x7f616e097118; 0 drivers
o0x7f616e097148 .functor BUFZ 16, C4<zzzzzzzzzzzzzzzz>; HiZ drive
v0x55efe4702900_416 .net v0x55efe4702900 416, 15 0, o0x7f616e097148; 0 drivers
o0x7f616e097178 .functor BUFZ 16, C4<zzzzzzzzzzzzzzzz>; HiZ drive
v0x55efe4702900_417 .net v0x55efe4702900 417, 15 0, o0x7f616e097178; 0 drivers
o0x7f616e0971a8 .functor BUFZ 16, C4<zzzzzzzzzzzzzzzz>; HiZ drive
v0x55efe4702900_418 .net v0x55efe4702900 418, 15 0, o0x7f616e0971a8; 0 drivers
o0x7f616e0971d8 .functor BUFZ 16, C4<zzzzzzzzzzzzzzzz>; HiZ drive
v0x55efe4702900_419 .net v0x55efe4702900 419, 15 0, o0x7f616e0971d8; 0 drivers
o0x7f616e097208 .functor BUFZ 16, C4<zzzzzzzzzzzzzzzz>; HiZ drive
v0x55efe4702900_420 .net v0x55efe4702900 420, 15 0, o0x7f616e097208; 0 drivers
o0x7f616e097238 .functor BUFZ 16, C4<zzzzzzzzzzzzzzzz>; HiZ drive
v0x55efe4702900_421 .net v0x55efe4702900 421, 15 0, o0x7f616e097238; 0 drivers
o0x7f616e097268 .functor BUFZ 16, C4<zzzzzzzzzzzzzzzz>; HiZ drive
v0x55efe4702900_422 .net v0x55efe4702900 422, 15 0, o0x7f616e097268; 0 drivers
o0x7f616e097298 .functor BUFZ 16, C4<zzzzzzzzzzzzzzzz>; HiZ drive
v0x55efe4702900_423 .net v0x55efe4702900 423, 15 0, o0x7f616e097298; 0 drivers
o0x7f616e0972c8 .functor BUFZ 16, C4<zzzzzzzzzzzzzzzz>; HiZ drive
v0x55efe4702900_424 .net v0x55efe4702900 424, 15 0, o0x7f616e0972c8; 0 drivers
o0x7f616e0972f8 .functor BUFZ 16, C4<zzzzzzzzzzzzzzzz>; HiZ drive
v0x55efe4702900_425 .net v0x55efe4702900 425, 15 0, o0x7f616e0972f8; 0 drivers
o0x7f616e097328 .functor BUFZ 16, C4<zzzzzzzzzzzzzzzz>; HiZ drive
v0x55efe4702900_426 .net v0x55efe4702900 426, 15 0, o0x7f616e097328; 0 drivers
o0x7f616e097358 .functor BUFZ 16, C4<zzzzzzzzzzzzzzzz>; HiZ drive
v0x55efe4702900_427 .net v0x55efe4702900 427, 15 0, o0x7f616e097358; 0 drivers
o0x7f616e097388 .functor BUFZ 16, C4<zzzzzzzzzzzzzzzz>; HiZ drive
v0x55efe4702900_428 .net v0x55efe4702900 428, 15 0, o0x7f616e097388; 0 drivers
o0x7f616e0973b8 .functor BUFZ 16, C4<zzzzzzzzzzzzzzzz>; HiZ drive
v0x55efe4702900_429 .net v0x55efe4702900 429, 15 0, o0x7f616e0973b8; 0 drivers
o0x7f616e0973e8 .functor BUFZ 16, C4<zzzzzzzzzzzzzzzz>; HiZ drive
v0x55efe4702900_430 .net v0x55efe4702900 430, 15 0, o0x7f616e0973e8; 0 drivers
o0x7f616e097418 .functor BUFZ 16, C4<zzzzzzzzzzzzzzzz>; HiZ drive
v0x55efe4702900_431 .net v0x55efe4702900 431, 15 0, o0x7f616e097418; 0 drivers
o0x7f616e097448 .functor BUFZ 16, C4<zzzzzzzzzzzzzzzz>; HiZ drive
v0x55efe4702900_432 .net v0x55efe4702900 432, 15 0, o0x7f616e097448; 0 drivers
o0x7f616e097478 .functor BUFZ 16, C4<zzzzzzzzzzzzzzzz>; HiZ drive
v0x55efe4702900_433 .net v0x55efe4702900 433, 15 0, o0x7f616e097478; 0 drivers
o0x7f616e0974a8 .functor BUFZ 16, C4<zzzzzzzzzzzzzzzz>; HiZ drive
v0x55efe4702900_434 .net v0x55efe4702900 434, 15 0, o0x7f616e0974a8; 0 drivers
o0x7f616e0974d8 .functor BUFZ 16, C4<zzzzzzzzzzzzzzzz>; HiZ drive
v0x55efe4702900_435 .net v0x55efe4702900 435, 15 0, o0x7f616e0974d8; 0 drivers
o0x7f616e097508 .functor BUFZ 16, C4<zzzzzzzzzzzzzzzz>; HiZ drive
v0x55efe4702900_436 .net v0x55efe4702900 436, 15 0, o0x7f616e097508; 0 drivers
o0x7f616e097538 .functor BUFZ 16, C4<zzzzzzzzzzzzzzzz>; HiZ drive
v0x55efe4702900_437 .net v0x55efe4702900 437, 15 0, o0x7f616e097538; 0 drivers
o0x7f616e097568 .functor BUFZ 16, C4<zzzzzzzzzzzzzzzz>; HiZ drive
v0x55efe4702900_438 .net v0x55efe4702900 438, 15 0, o0x7f616e097568; 0 drivers
o0x7f616e097598 .functor BUFZ 16, C4<zzzzzzzzzzzzzzzz>; HiZ drive
v0x55efe4702900_439 .net v0x55efe4702900 439, 15 0, o0x7f616e097598; 0 drivers
o0x7f616e0975c8 .functor BUFZ 16, C4<zzzzzzzzzzzzzzzz>; HiZ drive
v0x55efe4702900_440 .net v0x55efe4702900 440, 15 0, o0x7f616e0975c8; 0 drivers
o0x7f616e0975f8 .functor BUFZ 16, C4<zzzzzzzzzzzzzzzz>; HiZ drive
v0x55efe4702900_441 .net v0x55efe4702900 441, 15 0, o0x7f616e0975f8; 0 drivers
o0x7f616e097628 .functor BUFZ 16, C4<zzzzzzzzzzzzzzzz>; HiZ drive
v0x55efe4702900_442 .net v0x55efe4702900 442, 15 0, o0x7f616e097628; 0 drivers
o0x7f616e097658 .functor BUFZ 16, C4<zzzzzzzzzzzzzzzz>; HiZ drive
v0x55efe4702900_443 .net v0x55efe4702900 443, 15 0, o0x7f616e097658; 0 drivers
o0x7f616e097688 .functor BUFZ 16, C4<zzzzzzzzzzzzzzzz>; HiZ drive
v0x55efe4702900_444 .net v0x55efe4702900 444, 15 0, o0x7f616e097688; 0 drivers
o0x7f616e0976b8 .functor BUFZ 16, C4<zzzzzzzzzzzzzzzz>; HiZ drive
v0x55efe4702900_445 .net v0x55efe4702900 445, 15 0, o0x7f616e0976b8; 0 drivers
o0x7f616e0976e8 .functor BUFZ 16, C4<zzzzzzzzzzzzzzzz>; HiZ drive
v0x55efe4702900_446 .net v0x55efe4702900 446, 15 0, o0x7f616e0976e8; 0 drivers
o0x7f616e097718 .functor BUFZ 16, C4<zzzzzzzzzzzzzzzz>; HiZ drive
v0x55efe4702900_447 .net v0x55efe4702900 447, 15 0, o0x7f616e097718; 0 drivers
o0x7f616e097748 .functor BUFZ 16, C4<zzzzzzzzzzzzzzzz>; HiZ drive
v0x55efe4702900_448 .net v0x55efe4702900 448, 15 0, o0x7f616e097748; 0 drivers
o0x7f616e097778 .functor BUFZ 16, C4<zzzzzzzzzzzzzzzz>; HiZ drive
v0x55efe4702900_449 .net v0x55efe4702900 449, 15 0, o0x7f616e097778; 0 drivers
o0x7f616e0977a8 .functor BUFZ 16, C4<zzzzzzzzzzzzzzzz>; HiZ drive
v0x55efe4702900_450 .net v0x55efe4702900 450, 15 0, o0x7f616e0977a8; 0 drivers
o0x7f616e0977d8 .functor BUFZ 16, C4<zzzzzzzzzzzzzzzz>; HiZ drive
v0x55efe4702900_451 .net v0x55efe4702900 451, 15 0, o0x7f616e0977d8; 0 drivers
o0x7f616e097808 .functor BUFZ 16, C4<zzzzzzzzzzzzzzzz>; HiZ drive
v0x55efe4702900_452 .net v0x55efe4702900 452, 15 0, o0x7f616e097808; 0 drivers
o0x7f616e097838 .functor BUFZ 16, C4<zzzzzzzzzzzzzzzz>; HiZ drive
v0x55efe4702900_453 .net v0x55efe4702900 453, 15 0, o0x7f616e097838; 0 drivers
o0x7f616e097868 .functor BUFZ 16, C4<zzzzzzzzzzzzzzzz>; HiZ drive
v0x55efe4702900_454 .net v0x55efe4702900 454, 15 0, o0x7f616e097868; 0 drivers
o0x7f616e097898 .functor BUFZ 16, C4<zzzzzzzzzzzzzzzz>; HiZ drive
v0x55efe4702900_455 .net v0x55efe4702900 455, 15 0, o0x7f616e097898; 0 drivers
o0x7f616e0978c8 .functor BUFZ 16, C4<zzzzzzzzzzzzzzzz>; HiZ drive
v0x55efe4702900_456 .net v0x55efe4702900 456, 15 0, o0x7f616e0978c8; 0 drivers
o0x7f616e0978f8 .functor BUFZ 16, C4<zzzzzzzzzzzzzzzz>; HiZ drive
v0x55efe4702900_457 .net v0x55efe4702900 457, 15 0, o0x7f616e0978f8; 0 drivers
o0x7f616e097928 .functor BUFZ 16, C4<zzzzzzzzzzzzzzzz>; HiZ drive
v0x55efe4702900_458 .net v0x55efe4702900 458, 15 0, o0x7f616e097928; 0 drivers
o0x7f616e097958 .functor BUFZ 16, C4<zzzzzzzzzzzzzzzz>; HiZ drive
v0x55efe4702900_459 .net v0x55efe4702900 459, 15 0, o0x7f616e097958; 0 drivers
o0x7f616e097988 .functor BUFZ 16, C4<zzzzzzzzzzzzzzzz>; HiZ drive
v0x55efe4702900_460 .net v0x55efe4702900 460, 15 0, o0x7f616e097988; 0 drivers
o0x7f616e0979b8 .functor BUFZ 16, C4<zzzzzzzzzzzzzzzz>; HiZ drive
v0x55efe4702900_461 .net v0x55efe4702900 461, 15 0, o0x7f616e0979b8; 0 drivers
o0x7f616e0979e8 .functor BUFZ 16, C4<zzzzzzzzzzzzzzzz>; HiZ drive
v0x55efe4702900_462 .net v0x55efe4702900 462, 15 0, o0x7f616e0979e8; 0 drivers
o0x7f616e097a18 .functor BUFZ 16, C4<zzzzzzzzzzzzzzzz>; HiZ drive
v0x55efe4702900_463 .net v0x55efe4702900 463, 15 0, o0x7f616e097a18; 0 drivers
o0x7f616e097a48 .functor BUFZ 16, C4<zzzzzzzzzzzzzzzz>; HiZ drive
v0x55efe4702900_464 .net v0x55efe4702900 464, 15 0, o0x7f616e097a48; 0 drivers
o0x7f616e097a78 .functor BUFZ 16, C4<zzzzzzzzzzzzzzzz>; HiZ drive
v0x55efe4702900_465 .net v0x55efe4702900 465, 15 0, o0x7f616e097a78; 0 drivers
o0x7f616e097aa8 .functor BUFZ 16, C4<zzzzzzzzzzzzzzzz>; HiZ drive
v0x55efe4702900_466 .net v0x55efe4702900 466, 15 0, o0x7f616e097aa8; 0 drivers
o0x7f616e097ad8 .functor BUFZ 16, C4<zzzzzzzzzzzzzzzz>; HiZ drive
v0x55efe4702900_467 .net v0x55efe4702900 467, 15 0, o0x7f616e097ad8; 0 drivers
o0x7f616e097b08 .functor BUFZ 16, C4<zzzzzzzzzzzzzzzz>; HiZ drive
v0x55efe4702900_468 .net v0x55efe4702900 468, 15 0, o0x7f616e097b08; 0 drivers
o0x7f616e097b38 .functor BUFZ 16, C4<zzzzzzzzzzzzzzzz>; HiZ drive
v0x55efe4702900_469 .net v0x55efe4702900 469, 15 0, o0x7f616e097b38; 0 drivers
o0x7f616e097b68 .functor BUFZ 16, C4<zzzzzzzzzzzzzzzz>; HiZ drive
v0x55efe4702900_470 .net v0x55efe4702900 470, 15 0, o0x7f616e097b68; 0 drivers
o0x7f616e097b98 .functor BUFZ 16, C4<zzzzzzzzzzzzzzzz>; HiZ drive
v0x55efe4702900_471 .net v0x55efe4702900 471, 15 0, o0x7f616e097b98; 0 drivers
o0x7f616e097bc8 .functor BUFZ 16, C4<zzzzzzzzzzzzzzzz>; HiZ drive
v0x55efe4702900_472 .net v0x55efe4702900 472, 15 0, o0x7f616e097bc8; 0 drivers
o0x7f616e097bf8 .functor BUFZ 16, C4<zzzzzzzzzzzzzzzz>; HiZ drive
v0x55efe4702900_473 .net v0x55efe4702900 473, 15 0, o0x7f616e097bf8; 0 drivers
o0x7f616e097c28 .functor BUFZ 16, C4<zzzzzzzzzzzzzzzz>; HiZ drive
v0x55efe4702900_474 .net v0x55efe4702900 474, 15 0, o0x7f616e097c28; 0 drivers
o0x7f616e097c58 .functor BUFZ 16, C4<zzzzzzzzzzzzzzzz>; HiZ drive
v0x55efe4702900_475 .net v0x55efe4702900 475, 15 0, o0x7f616e097c58; 0 drivers
o0x7f616e097c88 .functor BUFZ 16, C4<zzzzzzzzzzzzzzzz>; HiZ drive
v0x55efe4702900_476 .net v0x55efe4702900 476, 15 0, o0x7f616e097c88; 0 drivers
o0x7f616e097cb8 .functor BUFZ 16, C4<zzzzzzzzzzzzzzzz>; HiZ drive
v0x55efe4702900_477 .net v0x55efe4702900 477, 15 0, o0x7f616e097cb8; 0 drivers
o0x7f616e097ce8 .functor BUFZ 16, C4<zzzzzzzzzzzzzzzz>; HiZ drive
v0x55efe4702900_478 .net v0x55efe4702900 478, 15 0, o0x7f616e097ce8; 0 drivers
o0x7f616e097d18 .functor BUFZ 16, C4<zzzzzzzzzzzzzzzz>; HiZ drive
v0x55efe4702900_479 .net v0x55efe4702900 479, 15 0, o0x7f616e097d18; 0 drivers
o0x7f616e097d48 .functor BUFZ 16, C4<zzzzzzzzzzzzzzzz>; HiZ drive
v0x55efe4702900_480 .net v0x55efe4702900 480, 15 0, o0x7f616e097d48; 0 drivers
o0x7f616e097d78 .functor BUFZ 16, C4<zzzzzzzzzzzzzzzz>; HiZ drive
v0x55efe4702900_481 .net v0x55efe4702900 481, 15 0, o0x7f616e097d78; 0 drivers
o0x7f616e097da8 .functor BUFZ 16, C4<zzzzzzzzzzzzzzzz>; HiZ drive
v0x55efe4702900_482 .net v0x55efe4702900 482, 15 0, o0x7f616e097da8; 0 drivers
o0x7f616e097dd8 .functor BUFZ 16, C4<zzzzzzzzzzzzzzzz>; HiZ drive
v0x55efe4702900_483 .net v0x55efe4702900 483, 15 0, o0x7f616e097dd8; 0 drivers
o0x7f616e097e08 .functor BUFZ 16, C4<zzzzzzzzzzzzzzzz>; HiZ drive
v0x55efe4702900_484 .net v0x55efe4702900 484, 15 0, o0x7f616e097e08; 0 drivers
o0x7f616e097e38 .functor BUFZ 16, C4<zzzzzzzzzzzzzzzz>; HiZ drive
v0x55efe4702900_485 .net v0x55efe4702900 485, 15 0, o0x7f616e097e38; 0 drivers
o0x7f616e097e68 .functor BUFZ 16, C4<zzzzzzzzzzzzzzzz>; HiZ drive
v0x55efe4702900_486 .net v0x55efe4702900 486, 15 0, o0x7f616e097e68; 0 drivers
o0x7f616e097e98 .functor BUFZ 16, C4<zzzzzzzzzzzzzzzz>; HiZ drive
v0x55efe4702900_487 .net v0x55efe4702900 487, 15 0, o0x7f616e097e98; 0 drivers
o0x7f616e097ec8 .functor BUFZ 16, C4<zzzzzzzzzzzzzzzz>; HiZ drive
v0x55efe4702900_488 .net v0x55efe4702900 488, 15 0, o0x7f616e097ec8; 0 drivers
o0x7f616e097ef8 .functor BUFZ 16, C4<zzzzzzzzzzzzzzzz>; HiZ drive
v0x55efe4702900_489 .net v0x55efe4702900 489, 15 0, o0x7f616e097ef8; 0 drivers
o0x7f616e097f28 .functor BUFZ 16, C4<zzzzzzzzzzzzzzzz>; HiZ drive
v0x55efe4702900_490 .net v0x55efe4702900 490, 15 0, o0x7f616e097f28; 0 drivers
o0x7f616e097f58 .functor BUFZ 16, C4<zzzzzzzzzzzzzzzz>; HiZ drive
v0x55efe4702900_491 .net v0x55efe4702900 491, 15 0, o0x7f616e097f58; 0 drivers
o0x7f616e097f88 .functor BUFZ 16, C4<zzzzzzzzzzzzzzzz>; HiZ drive
v0x55efe4702900_492 .net v0x55efe4702900 492, 15 0, o0x7f616e097f88; 0 drivers
o0x7f616e097fb8 .functor BUFZ 16, C4<zzzzzzzzzzzzzzzz>; HiZ drive
v0x55efe4702900_493 .net v0x55efe4702900 493, 15 0, o0x7f616e097fb8; 0 drivers
o0x7f616e097fe8 .functor BUFZ 16, C4<zzzzzzzzzzzzzzzz>; HiZ drive
v0x55efe4702900_494 .net v0x55efe4702900 494, 15 0, o0x7f616e097fe8; 0 drivers
o0x7f616e098018 .functor BUFZ 16, C4<zzzzzzzzzzzzzzzz>; HiZ drive
v0x55efe4702900_495 .net v0x55efe4702900 495, 15 0, o0x7f616e098018; 0 drivers
o0x7f616e098048 .functor BUFZ 16, C4<zzzzzzzzzzzzzzzz>; HiZ drive
v0x55efe4702900_496 .net v0x55efe4702900 496, 15 0, o0x7f616e098048; 0 drivers
o0x7f616e098078 .functor BUFZ 16, C4<zzzzzzzzzzzzzzzz>; HiZ drive
v0x55efe4702900_497 .net v0x55efe4702900 497, 15 0, o0x7f616e098078; 0 drivers
o0x7f616e0980a8 .functor BUFZ 16, C4<zzzzzzzzzzzzzzzz>; HiZ drive
v0x55efe4702900_498 .net v0x55efe4702900 498, 15 0, o0x7f616e0980a8; 0 drivers
o0x7f616e0980d8 .functor BUFZ 16, C4<zzzzzzzzzzzzzzzz>; HiZ drive
v0x55efe4702900_499 .net v0x55efe4702900 499, 15 0, o0x7f616e0980d8; 0 drivers
o0x7f616e098108 .functor BUFZ 16, C4<zzzzzzzzzzzzzzzz>; HiZ drive
v0x55efe4702900_500 .net v0x55efe4702900 500, 15 0, o0x7f616e098108; 0 drivers
o0x7f616e098138 .functor BUFZ 16, C4<zzzzzzzzzzzzzzzz>; HiZ drive
v0x55efe4702900_501 .net v0x55efe4702900 501, 15 0, o0x7f616e098138; 0 drivers
o0x7f616e098168 .functor BUFZ 16, C4<zzzzzzzzzzzzzzzz>; HiZ drive
v0x55efe4702900_502 .net v0x55efe4702900 502, 15 0, o0x7f616e098168; 0 drivers
o0x7f616e098198 .functor BUFZ 16, C4<zzzzzzzzzzzzzzzz>; HiZ drive
v0x55efe4702900_503 .net v0x55efe4702900 503, 15 0, o0x7f616e098198; 0 drivers
o0x7f616e0981c8 .functor BUFZ 16, C4<zzzzzzzzzzzzzzzz>; HiZ drive
v0x55efe4702900_504 .net v0x55efe4702900 504, 15 0, o0x7f616e0981c8; 0 drivers
o0x7f616e0981f8 .functor BUFZ 16, C4<zzzzzzzzzzzzzzzz>; HiZ drive
v0x55efe4702900_505 .net v0x55efe4702900 505, 15 0, o0x7f616e0981f8; 0 drivers
o0x7f616e098228 .functor BUFZ 16, C4<zzzzzzzzzzzzzzzz>; HiZ drive
v0x55efe4702900_506 .net v0x55efe4702900 506, 15 0, o0x7f616e098228; 0 drivers
o0x7f616e098258 .functor BUFZ 16, C4<zzzzzzzzzzzzzzzz>; HiZ drive
v0x55efe4702900_507 .net v0x55efe4702900 507, 15 0, o0x7f616e098258; 0 drivers
o0x7f616e098288 .functor BUFZ 16, C4<zzzzzzzzzzzzzzzz>; HiZ drive
v0x55efe4702900_508 .net v0x55efe4702900 508, 15 0, o0x7f616e098288; 0 drivers
o0x7f616e0982b8 .functor BUFZ 16, C4<zzzzzzzzzzzzzzzz>; HiZ drive
v0x55efe4702900_509 .net v0x55efe4702900 509, 15 0, o0x7f616e0982b8; 0 drivers
o0x7f616e0982e8 .functor BUFZ 16, C4<zzzzzzzzzzzzzzzz>; HiZ drive
v0x55efe4702900_510 .net v0x55efe4702900 510, 15 0, o0x7f616e0982e8; 0 drivers
o0x7f616e098318 .functor BUFZ 16, C4<zzzzzzzzzzzzzzzz>; HiZ drive
v0x55efe4702900_511 .net v0x55efe4702900 511, 15 0, o0x7f616e098318; 0 drivers
v0x55efe46f3530 .array "data_out", 511 0, 15 0;
v0x55efe46f35d0_0 .var "din_flat", 8191 0;
v0x55efe46f3000_0 .var "dout_flat", 8191 0;
o0x7f616e0983a8 .functor BUFZ 1, C4<z>; HiZ drive
v0x55efe46f2ad0_0 .net "en", 0 0, o0x7f616e0983a8;  0 drivers
o0x7f616e0983d8 .functor BUFZ 1, C4<z>; HiZ drive
v0x55efe46f2b90_0 .net "rst_n", 0 0, o0x7f616e0983d8;  0 drivers
o0x7f616e098408 .functor BUFZ 1, C4<z>; HiZ drive
v0x55efe46f25a0_0 .net "valid_in", 0 0, o0x7f616e098408;  0 drivers
v0x55efe46f2660_0 .var "valid_out", 0 0;
E_0x55efe45965d0 .event edge, v0x55efe46f3000_0;
E_0x55efe478a330/0 .event negedge, v0x55efe46f2b90_0;
E_0x55efe478a330/1 .event posedge, v0x55efe4702e30_0;
E_0x55efe478a330 .event/or E_0x55efe478a330/0, E_0x55efe478a330/1;
E_0x55efe4703910/0 .event edge, v0x55efe4702900_0, v0x55efe4702900_1, v0x55efe4702900_2, v0x55efe4702900_3;
E_0x55efe4703910/1 .event edge, v0x55efe4702900_4, v0x55efe4702900_5, v0x55efe4702900_6, v0x55efe4702900_7;
E_0x55efe4703910/2 .event edge, v0x55efe4702900_8, v0x55efe4702900_9, v0x55efe4702900_10, v0x55efe4702900_11;
E_0x55efe4703910/3 .event edge, v0x55efe4702900_12, v0x55efe4702900_13, v0x55efe4702900_14, v0x55efe4702900_15;
E_0x55efe4703910/4 .event edge, v0x55efe4702900_16, v0x55efe4702900_17, v0x55efe4702900_18, v0x55efe4702900_19;
E_0x55efe4703910/5 .event edge, v0x55efe4702900_20, v0x55efe4702900_21, v0x55efe4702900_22, v0x55efe4702900_23;
E_0x55efe4703910/6 .event edge, v0x55efe4702900_24, v0x55efe4702900_25, v0x55efe4702900_26, v0x55efe4702900_27;
E_0x55efe4703910/7 .event edge, v0x55efe4702900_28, v0x55efe4702900_29, v0x55efe4702900_30, v0x55efe4702900_31;
E_0x55efe4703910/8 .event edge, v0x55efe4702900_32, v0x55efe4702900_33, v0x55efe4702900_34, v0x55efe4702900_35;
E_0x55efe4703910/9 .event edge, v0x55efe4702900_36, v0x55efe4702900_37, v0x55efe4702900_38, v0x55efe4702900_39;
E_0x55efe4703910/10 .event edge, v0x55efe4702900_40, v0x55efe4702900_41, v0x55efe4702900_42, v0x55efe4702900_43;
E_0x55efe4703910/11 .event edge, v0x55efe4702900_44, v0x55efe4702900_45, v0x55efe4702900_46, v0x55efe4702900_47;
E_0x55efe4703910/12 .event edge, v0x55efe4702900_48, v0x55efe4702900_49, v0x55efe4702900_50, v0x55efe4702900_51;
E_0x55efe4703910/13 .event edge, v0x55efe4702900_52, v0x55efe4702900_53, v0x55efe4702900_54, v0x55efe4702900_55;
E_0x55efe4703910/14 .event edge, v0x55efe4702900_56, v0x55efe4702900_57, v0x55efe4702900_58, v0x55efe4702900_59;
E_0x55efe4703910/15 .event edge, v0x55efe4702900_60, v0x55efe4702900_61, v0x55efe4702900_62, v0x55efe4702900_63;
E_0x55efe4703910/16 .event edge, v0x55efe4702900_64, v0x55efe4702900_65, v0x55efe4702900_66, v0x55efe4702900_67;
E_0x55efe4703910/17 .event edge, v0x55efe4702900_68, v0x55efe4702900_69, v0x55efe4702900_70, v0x55efe4702900_71;
E_0x55efe4703910/18 .event edge, v0x55efe4702900_72, v0x55efe4702900_73, v0x55efe4702900_74, v0x55efe4702900_75;
E_0x55efe4703910/19 .event edge, v0x55efe4702900_76, v0x55efe4702900_77, v0x55efe4702900_78, v0x55efe4702900_79;
E_0x55efe4703910/20 .event edge, v0x55efe4702900_80, v0x55efe4702900_81, v0x55efe4702900_82, v0x55efe4702900_83;
E_0x55efe4703910/21 .event edge, v0x55efe4702900_84, v0x55efe4702900_85, v0x55efe4702900_86, v0x55efe4702900_87;
E_0x55efe4703910/22 .event edge, v0x55efe4702900_88, v0x55efe4702900_89, v0x55efe4702900_90, v0x55efe4702900_91;
E_0x55efe4703910/23 .event edge, v0x55efe4702900_92, v0x55efe4702900_93, v0x55efe4702900_94, v0x55efe4702900_95;
E_0x55efe4703910/24 .event edge, v0x55efe4702900_96, v0x55efe4702900_97, v0x55efe4702900_98, v0x55efe4702900_99;
E_0x55efe4703910/25 .event edge, v0x55efe4702900_100, v0x55efe4702900_101, v0x55efe4702900_102, v0x55efe4702900_103;
E_0x55efe4703910/26 .event edge, v0x55efe4702900_104, v0x55efe4702900_105, v0x55efe4702900_106, v0x55efe4702900_107;
E_0x55efe4703910/27 .event edge, v0x55efe4702900_108, v0x55efe4702900_109, v0x55efe4702900_110, v0x55efe4702900_111;
E_0x55efe4703910/28 .event edge, v0x55efe4702900_112, v0x55efe4702900_113, v0x55efe4702900_114, v0x55efe4702900_115;
E_0x55efe4703910/29 .event edge, v0x55efe4702900_116, v0x55efe4702900_117, v0x55efe4702900_118, v0x55efe4702900_119;
E_0x55efe4703910/30 .event edge, v0x55efe4702900_120, v0x55efe4702900_121, v0x55efe4702900_122, v0x55efe4702900_123;
E_0x55efe4703910/31 .event edge, v0x55efe4702900_124, v0x55efe4702900_125, v0x55efe4702900_126, v0x55efe4702900_127;
E_0x55efe4703910/32 .event edge, v0x55efe4702900_128, v0x55efe4702900_129, v0x55efe4702900_130, v0x55efe4702900_131;
E_0x55efe4703910/33 .event edge, v0x55efe4702900_132, v0x55efe4702900_133, v0x55efe4702900_134, v0x55efe4702900_135;
E_0x55efe4703910/34 .event edge, v0x55efe4702900_136, v0x55efe4702900_137, v0x55efe4702900_138, v0x55efe4702900_139;
E_0x55efe4703910/35 .event edge, v0x55efe4702900_140, v0x55efe4702900_141, v0x55efe4702900_142, v0x55efe4702900_143;
E_0x55efe4703910/36 .event edge, v0x55efe4702900_144, v0x55efe4702900_145, v0x55efe4702900_146, v0x55efe4702900_147;
E_0x55efe4703910/37 .event edge, v0x55efe4702900_148, v0x55efe4702900_149, v0x55efe4702900_150, v0x55efe4702900_151;
E_0x55efe4703910/38 .event edge, v0x55efe4702900_152, v0x55efe4702900_153, v0x55efe4702900_154, v0x55efe4702900_155;
E_0x55efe4703910/39 .event edge, v0x55efe4702900_156, v0x55efe4702900_157, v0x55efe4702900_158, v0x55efe4702900_159;
E_0x55efe4703910/40 .event edge, v0x55efe4702900_160, v0x55efe4702900_161, v0x55efe4702900_162, v0x55efe4702900_163;
E_0x55efe4703910/41 .event edge, v0x55efe4702900_164, v0x55efe4702900_165, v0x55efe4702900_166, v0x55efe4702900_167;
E_0x55efe4703910/42 .event edge, v0x55efe4702900_168, v0x55efe4702900_169, v0x55efe4702900_170, v0x55efe4702900_171;
E_0x55efe4703910/43 .event edge, v0x55efe4702900_172, v0x55efe4702900_173, v0x55efe4702900_174, v0x55efe4702900_175;
E_0x55efe4703910/44 .event edge, v0x55efe4702900_176, v0x55efe4702900_177, v0x55efe4702900_178, v0x55efe4702900_179;
E_0x55efe4703910/45 .event edge, v0x55efe4702900_180, v0x55efe4702900_181, v0x55efe4702900_182, v0x55efe4702900_183;
E_0x55efe4703910/46 .event edge, v0x55efe4702900_184, v0x55efe4702900_185, v0x55efe4702900_186, v0x55efe4702900_187;
E_0x55efe4703910/47 .event edge, v0x55efe4702900_188, v0x55efe4702900_189, v0x55efe4702900_190, v0x55efe4702900_191;
E_0x55efe4703910/48 .event edge, v0x55efe4702900_192, v0x55efe4702900_193, v0x55efe4702900_194, v0x55efe4702900_195;
E_0x55efe4703910/49 .event edge, v0x55efe4702900_196, v0x55efe4702900_197, v0x55efe4702900_198, v0x55efe4702900_199;
E_0x55efe4703910/50 .event edge, v0x55efe4702900_200, v0x55efe4702900_201, v0x55efe4702900_202, v0x55efe4702900_203;
E_0x55efe4703910/51 .event edge, v0x55efe4702900_204, v0x55efe4702900_205, v0x55efe4702900_206, v0x55efe4702900_207;
E_0x55efe4703910/52 .event edge, v0x55efe4702900_208, v0x55efe4702900_209, v0x55efe4702900_210, v0x55efe4702900_211;
E_0x55efe4703910/53 .event edge, v0x55efe4702900_212, v0x55efe4702900_213, v0x55efe4702900_214, v0x55efe4702900_215;
E_0x55efe4703910/54 .event edge, v0x55efe4702900_216, v0x55efe4702900_217, v0x55efe4702900_218, v0x55efe4702900_219;
E_0x55efe4703910/55 .event edge, v0x55efe4702900_220, v0x55efe4702900_221, v0x55efe4702900_222, v0x55efe4702900_223;
E_0x55efe4703910/56 .event edge, v0x55efe4702900_224, v0x55efe4702900_225, v0x55efe4702900_226, v0x55efe4702900_227;
E_0x55efe4703910/57 .event edge, v0x55efe4702900_228, v0x55efe4702900_229, v0x55efe4702900_230, v0x55efe4702900_231;
E_0x55efe4703910/58 .event edge, v0x55efe4702900_232, v0x55efe4702900_233, v0x55efe4702900_234, v0x55efe4702900_235;
E_0x55efe4703910/59 .event edge, v0x55efe4702900_236, v0x55efe4702900_237, v0x55efe4702900_238, v0x55efe4702900_239;
E_0x55efe4703910/60 .event edge, v0x55efe4702900_240, v0x55efe4702900_241, v0x55efe4702900_242, v0x55efe4702900_243;
E_0x55efe4703910/61 .event edge, v0x55efe4702900_244, v0x55efe4702900_245, v0x55efe4702900_246, v0x55efe4702900_247;
E_0x55efe4703910/62 .event edge, v0x55efe4702900_248, v0x55efe4702900_249, v0x55efe4702900_250, v0x55efe4702900_251;
E_0x55efe4703910/63 .event edge, v0x55efe4702900_252, v0x55efe4702900_253, v0x55efe4702900_254, v0x55efe4702900_255;
E_0x55efe4703910/64 .event edge, v0x55efe4702900_256, v0x55efe4702900_257, v0x55efe4702900_258, v0x55efe4702900_259;
E_0x55efe4703910/65 .event edge, v0x55efe4702900_260, v0x55efe4702900_261, v0x55efe4702900_262, v0x55efe4702900_263;
E_0x55efe4703910/66 .event edge, v0x55efe4702900_264, v0x55efe4702900_265, v0x55efe4702900_266, v0x55efe4702900_267;
E_0x55efe4703910/67 .event edge, v0x55efe4702900_268, v0x55efe4702900_269, v0x55efe4702900_270, v0x55efe4702900_271;
E_0x55efe4703910/68 .event edge, v0x55efe4702900_272, v0x55efe4702900_273, v0x55efe4702900_274, v0x55efe4702900_275;
E_0x55efe4703910/69 .event edge, v0x55efe4702900_276, v0x55efe4702900_277, v0x55efe4702900_278, v0x55efe4702900_279;
E_0x55efe4703910/70 .event edge, v0x55efe4702900_280, v0x55efe4702900_281, v0x55efe4702900_282, v0x55efe4702900_283;
E_0x55efe4703910/71 .event edge, v0x55efe4702900_284, v0x55efe4702900_285, v0x55efe4702900_286, v0x55efe4702900_287;
E_0x55efe4703910/72 .event edge, v0x55efe4702900_288, v0x55efe4702900_289, v0x55efe4702900_290, v0x55efe4702900_291;
E_0x55efe4703910/73 .event edge, v0x55efe4702900_292, v0x55efe4702900_293, v0x55efe4702900_294, v0x55efe4702900_295;
E_0x55efe4703910/74 .event edge, v0x55efe4702900_296, v0x55efe4702900_297, v0x55efe4702900_298, v0x55efe4702900_299;
E_0x55efe4703910/75 .event edge, v0x55efe4702900_300, v0x55efe4702900_301, v0x55efe4702900_302, v0x55efe4702900_303;
E_0x55efe4703910/76 .event edge, v0x55efe4702900_304, v0x55efe4702900_305, v0x55efe4702900_306, v0x55efe4702900_307;
E_0x55efe4703910/77 .event edge, v0x55efe4702900_308, v0x55efe4702900_309, v0x55efe4702900_310, v0x55efe4702900_311;
E_0x55efe4703910/78 .event edge, v0x55efe4702900_312, v0x55efe4702900_313, v0x55efe4702900_314, v0x55efe4702900_315;
E_0x55efe4703910/79 .event edge, v0x55efe4702900_316, v0x55efe4702900_317, v0x55efe4702900_318, v0x55efe4702900_319;
E_0x55efe4703910/80 .event edge, v0x55efe4702900_320, v0x55efe4702900_321, v0x55efe4702900_322, v0x55efe4702900_323;
E_0x55efe4703910/81 .event edge, v0x55efe4702900_324, v0x55efe4702900_325, v0x55efe4702900_326, v0x55efe4702900_327;
E_0x55efe4703910/82 .event edge, v0x55efe4702900_328, v0x55efe4702900_329, v0x55efe4702900_330, v0x55efe4702900_331;
E_0x55efe4703910/83 .event edge, v0x55efe4702900_332, v0x55efe4702900_333, v0x55efe4702900_334, v0x55efe4702900_335;
E_0x55efe4703910/84 .event edge, v0x55efe4702900_336, v0x55efe4702900_337, v0x55efe4702900_338, v0x55efe4702900_339;
E_0x55efe4703910/85 .event edge, v0x55efe4702900_340, v0x55efe4702900_341, v0x55efe4702900_342, v0x55efe4702900_343;
E_0x55efe4703910/86 .event edge, v0x55efe4702900_344, v0x55efe4702900_345, v0x55efe4702900_346, v0x55efe4702900_347;
E_0x55efe4703910/87 .event edge, v0x55efe4702900_348, v0x55efe4702900_349, v0x55efe4702900_350, v0x55efe4702900_351;
E_0x55efe4703910/88 .event edge, v0x55efe4702900_352, v0x55efe4702900_353, v0x55efe4702900_354, v0x55efe4702900_355;
E_0x55efe4703910/89 .event edge, v0x55efe4702900_356, v0x55efe4702900_357, v0x55efe4702900_358, v0x55efe4702900_359;
E_0x55efe4703910/90 .event edge, v0x55efe4702900_360, v0x55efe4702900_361, v0x55efe4702900_362, v0x55efe4702900_363;
E_0x55efe4703910/91 .event edge, v0x55efe4702900_364, v0x55efe4702900_365, v0x55efe4702900_366, v0x55efe4702900_367;
E_0x55efe4703910/92 .event edge, v0x55efe4702900_368, v0x55efe4702900_369, v0x55efe4702900_370, v0x55efe4702900_371;
E_0x55efe4703910/93 .event edge, v0x55efe4702900_372, v0x55efe4702900_373, v0x55efe4702900_374, v0x55efe4702900_375;
E_0x55efe4703910/94 .event edge, v0x55efe4702900_376, v0x55efe4702900_377, v0x55efe4702900_378, v0x55efe4702900_379;
E_0x55efe4703910/95 .event edge, v0x55efe4702900_380, v0x55efe4702900_381, v0x55efe4702900_382, v0x55efe4702900_383;
E_0x55efe4703910/96 .event edge, v0x55efe4702900_384, v0x55efe4702900_385, v0x55efe4702900_386, v0x55efe4702900_387;
E_0x55efe4703910/97 .event edge, v0x55efe4702900_388, v0x55efe4702900_389, v0x55efe4702900_390, v0x55efe4702900_391;
E_0x55efe4703910/98 .event edge, v0x55efe4702900_392, v0x55efe4702900_393, v0x55efe4702900_394, v0x55efe4702900_395;
E_0x55efe4703910/99 .event edge, v0x55efe4702900_396, v0x55efe4702900_397, v0x55efe4702900_398, v0x55efe4702900_399;
E_0x55efe4703910/100 .event edge, v0x55efe4702900_400, v0x55efe4702900_401, v0x55efe4702900_402, v0x55efe4702900_403;
E_0x55efe4703910/101 .event edge, v0x55efe4702900_404, v0x55efe4702900_405, v0x55efe4702900_406, v0x55efe4702900_407;
E_0x55efe4703910/102 .event edge, v0x55efe4702900_408, v0x55efe4702900_409, v0x55efe4702900_410, v0x55efe4702900_411;
E_0x55efe4703910/103 .event edge, v0x55efe4702900_412, v0x55efe4702900_413, v0x55efe4702900_414, v0x55efe4702900_415;
E_0x55efe4703910/104 .event edge, v0x55efe4702900_416, v0x55efe4702900_417, v0x55efe4702900_418, v0x55efe4702900_419;
E_0x55efe4703910/105 .event edge, v0x55efe4702900_420, v0x55efe4702900_421, v0x55efe4702900_422, v0x55efe4702900_423;
E_0x55efe4703910/106 .event edge, v0x55efe4702900_424, v0x55efe4702900_425, v0x55efe4702900_426, v0x55efe4702900_427;
E_0x55efe4703910/107 .event edge, v0x55efe4702900_428, v0x55efe4702900_429, v0x55efe4702900_430, v0x55efe4702900_431;
E_0x55efe4703910/108 .event edge, v0x55efe4702900_432, v0x55efe4702900_433, v0x55efe4702900_434, v0x55efe4702900_435;
E_0x55efe4703910/109 .event edge, v0x55efe4702900_436, v0x55efe4702900_437, v0x55efe4702900_438, v0x55efe4702900_439;
E_0x55efe4703910/110 .event edge, v0x55efe4702900_440, v0x55efe4702900_441, v0x55efe4702900_442, v0x55efe4702900_443;
E_0x55efe4703910/111 .event edge, v0x55efe4702900_444, v0x55efe4702900_445, v0x55efe4702900_446, v0x55efe4702900_447;
E_0x55efe4703910/112 .event edge, v0x55efe4702900_448, v0x55efe4702900_449, v0x55efe4702900_450, v0x55efe4702900_451;
E_0x55efe4703910/113 .event edge, v0x55efe4702900_452, v0x55efe4702900_453, v0x55efe4702900_454, v0x55efe4702900_455;
E_0x55efe4703910/114 .event edge, v0x55efe4702900_456, v0x55efe4702900_457, v0x55efe4702900_458, v0x55efe4702900_459;
E_0x55efe4703910/115 .event edge, v0x55efe4702900_460, v0x55efe4702900_461, v0x55efe4702900_462, v0x55efe4702900_463;
E_0x55efe4703910/116 .event edge, v0x55efe4702900_464, v0x55efe4702900_465, v0x55efe4702900_466, v0x55efe4702900_467;
E_0x55efe4703910/117 .event edge, v0x55efe4702900_468, v0x55efe4702900_469, v0x55efe4702900_470, v0x55efe4702900_471;
E_0x55efe4703910/118 .event edge, v0x55efe4702900_472, v0x55efe4702900_473, v0x55efe4702900_474, v0x55efe4702900_475;
E_0x55efe4703910/119 .event edge, v0x55efe4702900_476, v0x55efe4702900_477, v0x55efe4702900_478, v0x55efe4702900_479;
E_0x55efe4703910/120 .event edge, v0x55efe4702900_480, v0x55efe4702900_481, v0x55efe4702900_482, v0x55efe4702900_483;
E_0x55efe4703910/121 .event edge, v0x55efe4702900_484, v0x55efe4702900_485, v0x55efe4702900_486, v0x55efe4702900_487;
E_0x55efe4703910/122 .event edge, v0x55efe4702900_488, v0x55efe4702900_489, v0x55efe4702900_490, v0x55efe4702900_491;
E_0x55efe4703910/123 .event edge, v0x55efe4702900_492, v0x55efe4702900_493, v0x55efe4702900_494, v0x55efe4702900_495;
E_0x55efe4703910/124 .event edge, v0x55efe4702900_496, v0x55efe4702900_497, v0x55efe4702900_498, v0x55efe4702900_499;
E_0x55efe4703910/125 .event edge, v0x55efe4702900_500, v0x55efe4702900_501, v0x55efe4702900_502, v0x55efe4702900_503;
E_0x55efe4703910/126 .event edge, v0x55efe4702900_504, v0x55efe4702900_505, v0x55efe4702900_506, v0x55efe4702900_507;
E_0x55efe4703910/127 .event edge, v0x55efe4702900_508, v0x55efe4702900_509, v0x55efe4702900_510, v0x55efe4702900_511;
E_0x55efe4703910 .event/or E_0x55efe4703910/0, E_0x55efe4703910/1, E_0x55efe4703910/2, E_0x55efe4703910/3, E_0x55efe4703910/4, E_0x55efe4703910/5, E_0x55efe4703910/6, E_0x55efe4703910/7, E_0x55efe4703910/8, E_0x55efe4703910/9, E_0x55efe4703910/10, E_0x55efe4703910/11, E_0x55efe4703910/12, E_0x55efe4703910/13, E_0x55efe4703910/14, E_0x55efe4703910/15, E_0x55efe4703910/16, E_0x55efe4703910/17, E_0x55efe4703910/18, E_0x55efe4703910/19, E_0x55efe4703910/20, E_0x55efe4703910/21, E_0x55efe4703910/22, E_0x55efe4703910/23, E_0x55efe4703910/24, E_0x55efe4703910/25, E_0x55efe4703910/26, E_0x55efe4703910/27, E_0x55efe4703910/28, E_0x55efe4703910/29, E_0x55efe4703910/30, E_0x55efe4703910/31, E_0x55efe4703910/32, E_0x55efe4703910/33, E_0x55efe4703910/34, E_0x55efe4703910/35, E_0x55efe4703910/36, E_0x55efe4703910/37, E_0x55efe4703910/38, E_0x55efe4703910/39, E_0x55efe4703910/40, E_0x55efe4703910/41, E_0x55efe4703910/42, E_0x55efe4703910/43, E_0x55efe4703910/44, E_0x55efe4703910/45, E_0x55efe4703910/46, E_0x55efe4703910/47, E_0x55efe4703910/48, E_0x55efe4703910/49, E_0x55efe4703910/50, E_0x55efe4703910/51, E_0x55efe4703910/52, E_0x55efe4703910/53, E_0x55efe4703910/54, E_0x55efe4703910/55, E_0x55efe4703910/56, E_0x55efe4703910/57, E_0x55efe4703910/58, E_0x55efe4703910/59, E_0x55efe4703910/60, E_0x55efe4703910/61, E_0x55efe4703910/62, E_0x55efe4703910/63, E_0x55efe4703910/64, E_0x55efe4703910/65, E_0x55efe4703910/66, E_0x55efe4703910/67, E_0x55efe4703910/68, E_0x55efe4703910/69, E_0x55efe4703910/70, E_0x55efe4703910/71, E_0x55efe4703910/72, E_0x55efe4703910/73, E_0x55efe4703910/74, E_0x55efe4703910/75, E_0x55efe4703910/76, E_0x55efe4703910/77, E_0x55efe4703910/78, E_0x55efe4703910/79, E_0x55efe4703910/80, E_0x55efe4703910/81, E_0x55efe4703910/82, E_0x55efe4703910/83, E_0x55efe4703910/84, E_0x55efe4703910/85, E_0x55efe4703910/86, E_0x55efe4703910/87, E_0x55efe4703910/88, E_0x55efe4703910/89, E_0x55efe4703910/90, E_0x55efe4703910/91, E_0x55efe4703910/92, E_0x55efe4703910/93, E_0x55efe4703910/94, E_0x55efe4703910/95, E_0x55efe4703910/96, E_0x55efe4703910/97, E_0x55efe4703910/98, E_0x55efe4703910/99, E_0x55efe4703910/100, E_0x55efe4703910/101, E_0x55efe4703910/102, E_0x55efe4703910/103, E_0x55efe4703910/104, E_0x55efe4703910/105, E_0x55efe4703910/106, E_0x55efe4703910/107, E_0x55efe4703910/108, E_0x55efe4703910/109, E_0x55efe4703910/110, E_0x55efe4703910/111, E_0x55efe4703910/112, E_0x55efe4703910/113, E_0x55efe4703910/114, E_0x55efe4703910/115, E_0x55efe4703910/116, E_0x55efe4703910/117, E_0x55efe4703910/118, E_0x55efe4703910/119, E_0x55efe4703910/120, E_0x55efe4703910/121, E_0x55efe4703910/122, E_0x55efe4703910/123, E_0x55efe4703910/124, E_0x55efe4703910/125, E_0x55efe4703910/126, E_0x55efe4703910/127;
S_0x55efe459ab80 .scope begin, "$ivl_for_loop3" "$ivl_for_loop3" 4 27, 4 27 0, S_0x55efe45b1ab0;
 .timescale -9 -12;
v0x55efe4703950_0 .var/2s "i", 31 0;
S_0x55efe4791800 .scope begin, "$ivl_for_loop4" "$ivl_for_loop4" 4 42, 4 42 0, S_0x55efe45b1ab0;
 .timescale -9 -12;
v0x55efe47033d0_0 .var/2s "i", 31 0;
S_0x55efe45a2190 .scope module, "recurrent_datapath" "recurrent_datapath" 5 10;
 .timescale -9 -12;
    .port_info 0 /INPUT 1 "clk";
    .port_info 1 /INPUT 1 "rst_n";
    .port_info 2 /INPUT 1 "sel_external";
    .port_info 3 /INPUT 1 "capture_loop";
    .port_info 4 /INPUT 1 "start_layer";
    .port_info 5 /OUTPUT 1 "layer_done";
    .port_info 6 /INPUT 8192 "ext_data";
    .port_info 7 /INPUT 1 "ext_valid";
    .port_info 8 /OUTPUT 8192 "final_data";
    .port_info 9 /OUTPUT 1 "final_valid";
P_0x55efe45a2320 .param/l "DATA_WIDTH" 0 5 11, +C4<00000000000000000000000000010000>;
P_0x55efe45a2360 .param/l "FLAT_W" 1 5 34, +C4<00000000000000000010000000000000>;
P_0x55efe45a23a0 .param/l "LAT_W" 1 5 33, +C4<00000000000000000000000000000010>;
P_0x55efe45a23e0 .param/l "LAYER_LATENCY" 0 5 13, +C4<00000000000000000000000000000011>;
P_0x55efe45a2420 .param/l "VECTOR_LEN" 0 5 12, +C4<00000000000000000000001000000000>;
o0x7f616e0986a8 .functor BUFZ 1, C4<z>; HiZ drive
L_0x55efe47efb90 .functor NOT 1, o0x7f616e0986a8, C4<0>, C4<0>, C4<0>;
L_0x55efe4769900 .functor AND 1, v0x55efe47ec380_0, L_0x55efe47efb90, C4<1>, C4<1>;
L_0x7f616e037018 .functor BUFT 1, C4<01>, C4<0>, C4<0>, C4<0>;
v0x55efe47b3fd0_0 .net/2u *"_ivl_512", 1 0, L_0x7f616e037018;  1 drivers
v0x55efe47b40d0_0 .net *"_ivl_516", 0 0, L_0x55efe47efb90;  1 drivers
v0x55efe47b41b0_0 .var "cap_flat", 8191 0;
v0x55efe47b4270_0 .var "cap_valid", 0 0;
v0x55efe47b4330_0 .net "capture_loop", 0 0, o0x7f616e0986a8;  0 drivers
o0x7f616e0986d8 .functor BUFZ 1, C4<z>; HiZ drive
v0x55efe47b4440_0 .net "clk", 0 0, o0x7f616e0986d8;  0 drivers
v0x55efe47b4500_0 .var "cnt", 1 0;
o0x7f616e098738 .functor BUFZ 16, C4<zzzzzzzzzzzzzzzz>; HiZ drive
v0x55efe47b45e0 .array "ext_data", 511 0;
v0x55efe47b45e0_0 .net v0x55efe47b45e0 0, 15 0, o0x7f616e098738; 0 drivers
o0x7f616e098768 .functor BUFZ 16, C4<zzzzzzzzzzzzzzzz>; HiZ drive
v0x55efe47b45e0_1 .net v0x55efe47b45e0 1, 15 0, o0x7f616e098768; 0 drivers
o0x7f616e098798 .functor BUFZ 16, C4<zzzzzzzzzzzzzzzz>; HiZ drive
v0x55efe47b45e0_2 .net v0x55efe47b45e0 2, 15 0, o0x7f616e098798; 0 drivers
o0x7f616e0987c8 .functor BUFZ 16, C4<zzzzzzzzzzzzzzzz>; HiZ drive
v0x55efe47b45e0_3 .net v0x55efe47b45e0 3, 15 0, o0x7f616e0987c8; 0 drivers
o0x7f616e0987f8 .functor BUFZ 16, C4<zzzzzzzzzzzzzzzz>; HiZ drive
v0x55efe47b45e0_4 .net v0x55efe47b45e0 4, 15 0, o0x7f616e0987f8; 0 drivers
o0x7f616e098828 .functor BUFZ 16, C4<zzzzzzzzzzzzzzzz>; HiZ drive
v0x55efe47b45e0_5 .net v0x55efe47b45e0 5, 15 0, o0x7f616e098828; 0 drivers
o0x7f616e098858 .functor BUFZ 16, C4<zzzzzzzzzzzzzzzz>; HiZ drive
v0x55efe47b45e0_6 .net v0x55efe47b45e0 6, 15 0, o0x7f616e098858; 0 drivers
o0x7f616e098888 .functor BUFZ 16, C4<zzzzzzzzzzzzzzzz>; HiZ drive
v0x55efe47b45e0_7 .net v0x55efe47b45e0 7, 15 0, o0x7f616e098888; 0 drivers
o0x7f616e0988b8 .functor BUFZ 16, C4<zzzzzzzzzzzzzzzz>; HiZ drive
v0x55efe47b45e0_8 .net v0x55efe47b45e0 8, 15 0, o0x7f616e0988b8; 0 drivers
o0x7f616e0988e8 .functor BUFZ 16, C4<zzzzzzzzzzzzzzzz>; HiZ drive
v0x55efe47b45e0_9 .net v0x55efe47b45e0 9, 15 0, o0x7f616e0988e8; 0 drivers
o0x7f616e098918 .functor BUFZ 16, C4<zzzzzzzzzzzzzzzz>; HiZ drive
v0x55efe47b45e0_10 .net v0x55efe47b45e0 10, 15 0, o0x7f616e098918; 0 drivers
o0x7f616e098948 .functor BUFZ 16, C4<zzzzzzzzzzzzzzzz>; HiZ drive
v0x55efe47b45e0_11 .net v0x55efe47b45e0 11, 15 0, o0x7f616e098948; 0 drivers
o0x7f616e098978 .functor BUFZ 16, C4<zzzzzzzzzzzzzzzz>; HiZ drive
v0x55efe47b45e0_12 .net v0x55efe47b45e0 12, 15 0, o0x7f616e098978; 0 drivers
o0x7f616e0989a8 .functor BUFZ 16, C4<zzzzzzzzzzzzzzzz>; HiZ drive
v0x55efe47b45e0_13 .net v0x55efe47b45e0 13, 15 0, o0x7f616e0989a8; 0 drivers
o0x7f616e0989d8 .functor BUFZ 16, C4<zzzzzzzzzzzzzzzz>; HiZ drive
v0x55efe47b45e0_14 .net v0x55efe47b45e0 14, 15 0, o0x7f616e0989d8; 0 drivers
o0x7f616e098a08 .functor BUFZ 16, C4<zzzzzzzzzzzzzzzz>; HiZ drive
v0x55efe47b45e0_15 .net v0x55efe47b45e0 15, 15 0, o0x7f616e098a08; 0 drivers
o0x7f616e098a38 .functor BUFZ 16, C4<zzzzzzzzzzzzzzzz>; HiZ drive
v0x55efe47b45e0_16 .net v0x55efe47b45e0 16, 15 0, o0x7f616e098a38; 0 drivers
o0x7f616e098a68 .functor BUFZ 16, C4<zzzzzzzzzzzzzzzz>; HiZ drive
v0x55efe47b45e0_17 .net v0x55efe47b45e0 17, 15 0, o0x7f616e098a68; 0 drivers
o0x7f616e098a98 .functor BUFZ 16, C4<zzzzzzzzzzzzzzzz>; HiZ drive
v0x55efe47b45e0_18 .net v0x55efe47b45e0 18, 15 0, o0x7f616e098a98; 0 drivers
o0x7f616e098ac8 .functor BUFZ 16, C4<zzzzzzzzzzzzzzzz>; HiZ drive
v0x55efe47b45e0_19 .net v0x55efe47b45e0 19, 15 0, o0x7f616e098ac8; 0 drivers
o0x7f616e098af8 .functor BUFZ 16, C4<zzzzzzzzzzzzzzzz>; HiZ drive
v0x55efe47b45e0_20 .net v0x55efe47b45e0 20, 15 0, o0x7f616e098af8; 0 drivers
o0x7f616e098b28 .functor BUFZ 16, C4<zzzzzzzzzzzzzzzz>; HiZ drive
v0x55efe47b45e0_21 .net v0x55efe47b45e0 21, 15 0, o0x7f616e098b28; 0 drivers
o0x7f616e098b58 .functor BUFZ 16, C4<zzzzzzzzzzzzzzzz>; HiZ drive
v0x55efe47b45e0_22 .net v0x55efe47b45e0 22, 15 0, o0x7f616e098b58; 0 drivers
o0x7f616e098b88 .functor BUFZ 16, C4<zzzzzzzzzzzzzzzz>; HiZ drive
v0x55efe47b45e0_23 .net v0x55efe47b45e0 23, 15 0, o0x7f616e098b88; 0 drivers
o0x7f616e098bb8 .functor BUFZ 16, C4<zzzzzzzzzzzzzzzz>; HiZ drive
v0x55efe47b45e0_24 .net v0x55efe47b45e0 24, 15 0, o0x7f616e098bb8; 0 drivers
o0x7f616e098be8 .functor BUFZ 16, C4<zzzzzzzzzzzzzzzz>; HiZ drive
v0x55efe47b45e0_25 .net v0x55efe47b45e0 25, 15 0, o0x7f616e098be8; 0 drivers
o0x7f616e098c18 .functor BUFZ 16, C4<zzzzzzzzzzzzzzzz>; HiZ drive
v0x55efe47b45e0_26 .net v0x55efe47b45e0 26, 15 0, o0x7f616e098c18; 0 drivers
o0x7f616e098c48 .functor BUFZ 16, C4<zzzzzzzzzzzzzzzz>; HiZ drive
v0x55efe47b45e0_27 .net v0x55efe47b45e0 27, 15 0, o0x7f616e098c48; 0 drivers
o0x7f616e098c78 .functor BUFZ 16, C4<zzzzzzzzzzzzzzzz>; HiZ drive
v0x55efe47b45e0_28 .net v0x55efe47b45e0 28, 15 0, o0x7f616e098c78; 0 drivers
o0x7f616e098ca8 .functor BUFZ 16, C4<zzzzzzzzzzzzzzzz>; HiZ drive
v0x55efe47b45e0_29 .net v0x55efe47b45e0 29, 15 0, o0x7f616e098ca8; 0 drivers
o0x7f616e098cd8 .functor BUFZ 16, C4<zzzzzzzzzzzzzzzz>; HiZ drive
v0x55efe47b45e0_30 .net v0x55efe47b45e0 30, 15 0, o0x7f616e098cd8; 0 drivers
o0x7f616e098d08 .functor BUFZ 16, C4<zzzzzzzzzzzzzzzz>; HiZ drive
v0x55efe47b45e0_31 .net v0x55efe47b45e0 31, 15 0, o0x7f616e098d08; 0 drivers
o0x7f616e098d38 .functor BUFZ 16, C4<zzzzzzzzzzzzzzzz>; HiZ drive
v0x55efe47b45e0_32 .net v0x55efe47b45e0 32, 15 0, o0x7f616e098d38; 0 drivers
o0x7f616e098d68 .functor BUFZ 16, C4<zzzzzzzzzzzzzzzz>; HiZ drive
v0x55efe47b45e0_33 .net v0x55efe47b45e0 33, 15 0, o0x7f616e098d68; 0 drivers
o0x7f616e098d98 .functor BUFZ 16, C4<zzzzzzzzzzzzzzzz>; HiZ drive
v0x55efe47b45e0_34 .net v0x55efe47b45e0 34, 15 0, o0x7f616e098d98; 0 drivers
o0x7f616e098dc8 .functor BUFZ 16, C4<zzzzzzzzzzzzzzzz>; HiZ drive
v0x55efe47b45e0_35 .net v0x55efe47b45e0 35, 15 0, o0x7f616e098dc8; 0 drivers
o0x7f616e098df8 .functor BUFZ 16, C4<zzzzzzzzzzzzzzzz>; HiZ drive
v0x55efe47b45e0_36 .net v0x55efe47b45e0 36, 15 0, o0x7f616e098df8; 0 drivers
o0x7f616e098e28 .functor BUFZ 16, C4<zzzzzzzzzzzzzzzz>; HiZ drive
v0x55efe47b45e0_37 .net v0x55efe47b45e0 37, 15 0, o0x7f616e098e28; 0 drivers
o0x7f616e098e58 .functor BUFZ 16, C4<zzzzzzzzzzzzzzzz>; HiZ drive
v0x55efe47b45e0_38 .net v0x55efe47b45e0 38, 15 0, o0x7f616e098e58; 0 drivers
o0x7f616e098e88 .functor BUFZ 16, C4<zzzzzzzzzzzzzzzz>; HiZ drive
v0x55efe47b45e0_39 .net v0x55efe47b45e0 39, 15 0, o0x7f616e098e88; 0 drivers
o0x7f616e098eb8 .functor BUFZ 16, C4<zzzzzzzzzzzzzzzz>; HiZ drive
v0x55efe47b45e0_40 .net v0x55efe47b45e0 40, 15 0, o0x7f616e098eb8; 0 drivers
o0x7f616e098ee8 .functor BUFZ 16, C4<zzzzzzzzzzzzzzzz>; HiZ drive
v0x55efe47b45e0_41 .net v0x55efe47b45e0 41, 15 0, o0x7f616e098ee8; 0 drivers
o0x7f616e098f18 .functor BUFZ 16, C4<zzzzzzzzzzzzzzzz>; HiZ drive
v0x55efe47b45e0_42 .net v0x55efe47b45e0 42, 15 0, o0x7f616e098f18; 0 drivers
o0x7f616e098f48 .functor BUFZ 16, C4<zzzzzzzzzzzzzzzz>; HiZ drive
v0x55efe47b45e0_43 .net v0x55efe47b45e0 43, 15 0, o0x7f616e098f48; 0 drivers
o0x7f616e098f78 .functor BUFZ 16, C4<zzzzzzzzzzzzzzzz>; HiZ drive
v0x55efe47b45e0_44 .net v0x55efe47b45e0 44, 15 0, o0x7f616e098f78; 0 drivers
o0x7f616e098fa8 .functor BUFZ 16, C4<zzzzzzzzzzzzzzzz>; HiZ drive
v0x55efe47b45e0_45 .net v0x55efe47b45e0 45, 15 0, o0x7f616e098fa8; 0 drivers
o0x7f616e098fd8 .functor BUFZ 16, C4<zzzzzzzzzzzzzzzz>; HiZ drive
v0x55efe47b45e0_46 .net v0x55efe47b45e0 46, 15 0, o0x7f616e098fd8; 0 drivers
o0x7f616e099008 .functor BUFZ 16, C4<zzzzzzzzzzzzzzzz>; HiZ drive
v0x55efe47b45e0_47 .net v0x55efe47b45e0 47, 15 0, o0x7f616e099008; 0 drivers
o0x7f616e099038 .functor BUFZ 16, C4<zzzzzzzzzzzzzzzz>; HiZ drive
v0x55efe47b45e0_48 .net v0x55efe47b45e0 48, 15 0, o0x7f616e099038; 0 drivers
o0x7f616e099068 .functor BUFZ 16, C4<zzzzzzzzzzzzzzzz>; HiZ drive
v0x55efe47b45e0_49 .net v0x55efe47b45e0 49, 15 0, o0x7f616e099068; 0 drivers
o0x7f616e099098 .functor BUFZ 16, C4<zzzzzzzzzzzzzzzz>; HiZ drive
v0x55efe47b45e0_50 .net v0x55efe47b45e0 50, 15 0, o0x7f616e099098; 0 drivers
o0x7f616e0990c8 .functor BUFZ 16, C4<zzzzzzzzzzzzzzzz>; HiZ drive
v0x55efe47b45e0_51 .net v0x55efe47b45e0 51, 15 0, o0x7f616e0990c8; 0 drivers
o0x7f616e0990f8 .functor BUFZ 16, C4<zzzzzzzzzzzzzzzz>; HiZ drive
v0x55efe47b45e0_52 .net v0x55efe47b45e0 52, 15 0, o0x7f616e0990f8; 0 drivers
o0x7f616e099128 .functor BUFZ 16, C4<zzzzzzzzzzzzzzzz>; HiZ drive
v0x55efe47b45e0_53 .net v0x55efe47b45e0 53, 15 0, o0x7f616e099128; 0 drivers
o0x7f616e099158 .functor BUFZ 16, C4<zzzzzzzzzzzzzzzz>; HiZ drive
v0x55efe47b45e0_54 .net v0x55efe47b45e0 54, 15 0, o0x7f616e099158; 0 drivers
o0x7f616e099188 .functor BUFZ 16, C4<zzzzzzzzzzzzzzzz>; HiZ drive
v0x55efe47b45e0_55 .net v0x55efe47b45e0 55, 15 0, o0x7f616e099188; 0 drivers
o0x7f616e0991b8 .functor BUFZ 16, C4<zzzzzzzzzzzzzzzz>; HiZ drive
v0x55efe47b45e0_56 .net v0x55efe47b45e0 56, 15 0, o0x7f616e0991b8; 0 drivers
o0x7f616e0991e8 .functor BUFZ 16, C4<zzzzzzzzzzzzzzzz>; HiZ drive
v0x55efe47b45e0_57 .net v0x55efe47b45e0 57, 15 0, o0x7f616e0991e8; 0 drivers
o0x7f616e099218 .functor BUFZ 16, C4<zzzzzzzzzzzzzzzz>; HiZ drive
v0x55efe47b45e0_58 .net v0x55efe47b45e0 58, 15 0, o0x7f616e099218; 0 drivers
o0x7f616e099248 .functor BUFZ 16, C4<zzzzzzzzzzzzzzzz>; HiZ drive
v0x55efe47b45e0_59 .net v0x55efe47b45e0 59, 15 0, o0x7f616e099248; 0 drivers
o0x7f616e099278 .functor BUFZ 16, C4<zzzzzzzzzzzzzzzz>; HiZ drive
v0x55efe47b45e0_60 .net v0x55efe47b45e0 60, 15 0, o0x7f616e099278; 0 drivers
o0x7f616e0992a8 .functor BUFZ 16, C4<zzzzzzzzzzzzzzzz>; HiZ drive
v0x55efe47b45e0_61 .net v0x55efe47b45e0 61, 15 0, o0x7f616e0992a8; 0 drivers
o0x7f616e0992d8 .functor BUFZ 16, C4<zzzzzzzzzzzzzzzz>; HiZ drive
v0x55efe47b45e0_62 .net v0x55efe47b45e0 62, 15 0, o0x7f616e0992d8; 0 drivers
o0x7f616e099308 .functor BUFZ 16, C4<zzzzzzzzzzzzzzzz>; HiZ drive
v0x55efe47b45e0_63 .net v0x55efe47b45e0 63, 15 0, o0x7f616e099308; 0 drivers
o0x7f616e099338 .functor BUFZ 16, C4<zzzzzzzzzzzzzzzz>; HiZ drive
v0x55efe47b45e0_64 .net v0x55efe47b45e0 64, 15 0, o0x7f616e099338; 0 drivers
o0x7f616e099368 .functor BUFZ 16, C4<zzzzzzzzzzzzzzzz>; HiZ drive
v0x55efe47b45e0_65 .net v0x55efe47b45e0 65, 15 0, o0x7f616e099368; 0 drivers
o0x7f616e099398 .functor BUFZ 16, C4<zzzzzzzzzzzzzzzz>; HiZ drive
v0x55efe47b45e0_66 .net v0x55efe47b45e0 66, 15 0, o0x7f616e099398; 0 drivers
o0x7f616e0993c8 .functor BUFZ 16, C4<zzzzzzzzzzzzzzzz>; HiZ drive
v0x55efe47b45e0_67 .net v0x55efe47b45e0 67, 15 0, o0x7f616e0993c8; 0 drivers
o0x7f616e0993f8 .functor BUFZ 16, C4<zzzzzzzzzzzzzzzz>; HiZ drive
v0x55efe47b45e0_68 .net v0x55efe47b45e0 68, 15 0, o0x7f616e0993f8; 0 drivers
o0x7f616e099428 .functor BUFZ 16, C4<zzzzzzzzzzzzzzzz>; HiZ drive
v0x55efe47b45e0_69 .net v0x55efe47b45e0 69, 15 0, o0x7f616e099428; 0 drivers
o0x7f616e099458 .functor BUFZ 16, C4<zzzzzzzzzzzzzzzz>; HiZ drive
v0x55efe47b45e0_70 .net v0x55efe47b45e0 70, 15 0, o0x7f616e099458; 0 drivers
o0x7f616e099488 .functor BUFZ 16, C4<zzzzzzzzzzzzzzzz>; HiZ drive
v0x55efe47b45e0_71 .net v0x55efe47b45e0 71, 15 0, o0x7f616e099488; 0 drivers
o0x7f616e0994b8 .functor BUFZ 16, C4<zzzzzzzzzzzzzzzz>; HiZ drive
v0x55efe47b45e0_72 .net v0x55efe47b45e0 72, 15 0, o0x7f616e0994b8; 0 drivers
o0x7f616e0994e8 .functor BUFZ 16, C4<zzzzzzzzzzzzzzzz>; HiZ drive
v0x55efe47b45e0_73 .net v0x55efe47b45e0 73, 15 0, o0x7f616e0994e8; 0 drivers
o0x7f616e099518 .functor BUFZ 16, C4<zzzzzzzzzzzzzzzz>; HiZ drive
v0x55efe47b45e0_74 .net v0x55efe47b45e0 74, 15 0, o0x7f616e099518; 0 drivers
o0x7f616e099548 .functor BUFZ 16, C4<zzzzzzzzzzzzzzzz>; HiZ drive
v0x55efe47b45e0_75 .net v0x55efe47b45e0 75, 15 0, o0x7f616e099548; 0 drivers
o0x7f616e099578 .functor BUFZ 16, C4<zzzzzzzzzzzzzzzz>; HiZ drive
v0x55efe47b45e0_76 .net v0x55efe47b45e0 76, 15 0, o0x7f616e099578; 0 drivers
o0x7f616e0995a8 .functor BUFZ 16, C4<zzzzzzzzzzzzzzzz>; HiZ drive
v0x55efe47b45e0_77 .net v0x55efe47b45e0 77, 15 0, o0x7f616e0995a8; 0 drivers
o0x7f616e0995d8 .functor BUFZ 16, C4<zzzzzzzzzzzzzzzz>; HiZ drive
v0x55efe47b45e0_78 .net v0x55efe47b45e0 78, 15 0, o0x7f616e0995d8; 0 drivers
o0x7f616e099608 .functor BUFZ 16, C4<zzzzzzzzzzzzzzzz>; HiZ drive
v0x55efe47b45e0_79 .net v0x55efe47b45e0 79, 15 0, o0x7f616e099608; 0 drivers
o0x7f616e099638 .functor BUFZ 16, C4<zzzzzzzzzzzzzzzz>; HiZ drive
v0x55efe47b45e0_80 .net v0x55efe47b45e0 80, 15 0, o0x7f616e099638; 0 drivers
o0x7f616e099668 .functor BUFZ 16, C4<zzzzzzzzzzzzzzzz>; HiZ drive
v0x55efe47b45e0_81 .net v0x55efe47b45e0 81, 15 0, o0x7f616e099668; 0 drivers
o0x7f616e099698 .functor BUFZ 16, C4<zzzzzzzzzzzzzzzz>; HiZ drive
v0x55efe47b45e0_82 .net v0x55efe47b45e0 82, 15 0, o0x7f616e099698; 0 drivers
o0x7f616e0996c8 .functor BUFZ 16, C4<zzzzzzzzzzzzzzzz>; HiZ drive
v0x55efe47b45e0_83 .net v0x55efe47b45e0 83, 15 0, o0x7f616e0996c8; 0 drivers
o0x7f616e0996f8 .functor BUFZ 16, C4<zzzzzzzzzzzzzzzz>; HiZ drive
v0x55efe47b45e0_84 .net v0x55efe47b45e0 84, 15 0, o0x7f616e0996f8; 0 drivers
o0x7f616e099728 .functor BUFZ 16, C4<zzzzzzzzzzzzzzzz>; HiZ drive
v0x55efe47b45e0_85 .net v0x55efe47b45e0 85, 15 0, o0x7f616e099728; 0 drivers
o0x7f616e099758 .functor BUFZ 16, C4<zzzzzzzzzzzzzzzz>; HiZ drive
v0x55efe47b45e0_86 .net v0x55efe47b45e0 86, 15 0, o0x7f616e099758; 0 drivers
o0x7f616e099788 .functor BUFZ 16, C4<zzzzzzzzzzzzzzzz>; HiZ drive
v0x55efe47b45e0_87 .net v0x55efe47b45e0 87, 15 0, o0x7f616e099788; 0 drivers
o0x7f616e0997b8 .functor BUFZ 16, C4<zzzzzzzzzzzzzzzz>; HiZ drive
v0x55efe47b45e0_88 .net v0x55efe47b45e0 88, 15 0, o0x7f616e0997b8; 0 drivers
o0x7f616e0997e8 .functor BUFZ 16, C4<zzzzzzzzzzzzzzzz>; HiZ drive
v0x55efe47b45e0_89 .net v0x55efe47b45e0 89, 15 0, o0x7f616e0997e8; 0 drivers
o0x7f616e099818 .functor BUFZ 16, C4<zzzzzzzzzzzzzzzz>; HiZ drive
v0x55efe47b45e0_90 .net v0x55efe47b45e0 90, 15 0, o0x7f616e099818; 0 drivers
o0x7f616e099848 .functor BUFZ 16, C4<zzzzzzzzzzzzzzzz>; HiZ drive
v0x55efe47b45e0_91 .net v0x55efe47b45e0 91, 15 0, o0x7f616e099848; 0 drivers
o0x7f616e099878 .functor BUFZ 16, C4<zzzzzzzzzzzzzzzz>; HiZ drive
v0x55efe47b45e0_92 .net v0x55efe47b45e0 92, 15 0, o0x7f616e099878; 0 drivers
o0x7f616e0998a8 .functor BUFZ 16, C4<zzzzzzzzzzzzzzzz>; HiZ drive
v0x55efe47b45e0_93 .net v0x55efe47b45e0 93, 15 0, o0x7f616e0998a8; 0 drivers
o0x7f616e0998d8 .functor BUFZ 16, C4<zzzzzzzzzzzzzzzz>; HiZ drive
v0x55efe47b45e0_94 .net v0x55efe47b45e0 94, 15 0, o0x7f616e0998d8; 0 drivers
o0x7f616e099908 .functor BUFZ 16, C4<zzzzzzzzzzzzzzzz>; HiZ drive
v0x55efe47b45e0_95 .net v0x55efe47b45e0 95, 15 0, o0x7f616e099908; 0 drivers
o0x7f616e099938 .functor BUFZ 16, C4<zzzzzzzzzzzzzzzz>; HiZ drive
v0x55efe47b45e0_96 .net v0x55efe47b45e0 96, 15 0, o0x7f616e099938; 0 drivers
o0x7f616e099968 .functor BUFZ 16, C4<zzzzzzzzzzzzzzzz>; HiZ drive
v0x55efe47b45e0_97 .net v0x55efe47b45e0 97, 15 0, o0x7f616e099968; 0 drivers
o0x7f616e099998 .functor BUFZ 16, C4<zzzzzzzzzzzzzzzz>; HiZ drive
v0x55efe47b45e0_98 .net v0x55efe47b45e0 98, 15 0, o0x7f616e099998; 0 drivers
o0x7f616e0999c8 .functor BUFZ 16, C4<zzzzzzzzzzzzzzzz>; HiZ drive
v0x55efe47b45e0_99 .net v0x55efe47b45e0 99, 15 0, o0x7f616e0999c8; 0 drivers
o0x7f616e0999f8 .functor BUFZ 16, C4<zzzzzzzzzzzzzzzz>; HiZ drive
v0x55efe47b45e0_100 .net v0x55efe47b45e0 100, 15 0, o0x7f616e0999f8; 0 drivers
o0x7f616e099a28 .functor BUFZ 16, C4<zzzzzzzzzzzzzzzz>; HiZ drive
v0x55efe47b45e0_101 .net v0x55efe47b45e0 101, 15 0, o0x7f616e099a28; 0 drivers
o0x7f616e099a58 .functor BUFZ 16, C4<zzzzzzzzzzzzzzzz>; HiZ drive
v0x55efe47b45e0_102 .net v0x55efe47b45e0 102, 15 0, o0x7f616e099a58; 0 drivers
o0x7f616e099a88 .functor BUFZ 16, C4<zzzzzzzzzzzzzzzz>; HiZ drive
v0x55efe47b45e0_103 .net v0x55efe47b45e0 103, 15 0, o0x7f616e099a88; 0 drivers
o0x7f616e099ab8 .functor BUFZ 16, C4<zzzzzzzzzzzzzzzz>; HiZ drive
v0x55efe47b45e0_104 .net v0x55efe47b45e0 104, 15 0, o0x7f616e099ab8; 0 drivers
o0x7f616e099ae8 .functor BUFZ 16, C4<zzzzzzzzzzzzzzzz>; HiZ drive
v0x55efe47b45e0_105 .net v0x55efe47b45e0 105, 15 0, o0x7f616e099ae8; 0 drivers
o0x7f616e099b18 .functor BUFZ 16, C4<zzzzzzzzzzzzzzzz>; HiZ drive
v0x55efe47b45e0_106 .net v0x55efe47b45e0 106, 15 0, o0x7f616e099b18; 0 drivers
o0x7f616e099b48 .functor BUFZ 16, C4<zzzzzzzzzzzzzzzz>; HiZ drive
v0x55efe47b45e0_107 .net v0x55efe47b45e0 107, 15 0, o0x7f616e099b48; 0 drivers
o0x7f616e099b78 .functor BUFZ 16, C4<zzzzzzzzzzzzzzzz>; HiZ drive
v0x55efe47b45e0_108 .net v0x55efe47b45e0 108, 15 0, o0x7f616e099b78; 0 drivers
o0x7f616e099ba8 .functor BUFZ 16, C4<zzzzzzzzzzzzzzzz>; HiZ drive
v0x55efe47b45e0_109 .net v0x55efe47b45e0 109, 15 0, o0x7f616e099ba8; 0 drivers
o0x7f616e099bd8 .functor BUFZ 16, C4<zzzzzzzzzzzzzzzz>; HiZ drive
v0x55efe47b45e0_110 .net v0x55efe47b45e0 110, 15 0, o0x7f616e099bd8; 0 drivers
o0x7f616e099c08 .functor BUFZ 16, C4<zzzzzzzzzzzzzzzz>; HiZ drive
v0x55efe47b45e0_111 .net v0x55efe47b45e0 111, 15 0, o0x7f616e099c08; 0 drivers
o0x7f616e099c38 .functor BUFZ 16, C4<zzzzzzzzzzzzzzzz>; HiZ drive
v0x55efe47b45e0_112 .net v0x55efe47b45e0 112, 15 0, o0x7f616e099c38; 0 drivers
o0x7f616e099c68 .functor BUFZ 16, C4<zzzzzzzzzzzzzzzz>; HiZ drive
v0x55efe47b45e0_113 .net v0x55efe47b45e0 113, 15 0, o0x7f616e099c68; 0 drivers
o0x7f616e099c98 .functor BUFZ 16, C4<zzzzzzzzzzzzzzzz>; HiZ drive
v0x55efe47b45e0_114 .net v0x55efe47b45e0 114, 15 0, o0x7f616e099c98; 0 drivers
o0x7f616e099cc8 .functor BUFZ 16, C4<zzzzzzzzzzzzzzzz>; HiZ drive
v0x55efe47b45e0_115 .net v0x55efe47b45e0 115, 15 0, o0x7f616e099cc8; 0 drivers
o0x7f616e099cf8 .functor BUFZ 16, C4<zzzzzzzzzzzzzzzz>; HiZ drive
v0x55efe47b45e0_116 .net v0x55efe47b45e0 116, 15 0, o0x7f616e099cf8; 0 drivers
o0x7f616e099d28 .functor BUFZ 16, C4<zzzzzzzzzzzzzzzz>; HiZ drive
v0x55efe47b45e0_117 .net v0x55efe47b45e0 117, 15 0, o0x7f616e099d28; 0 drivers
o0x7f616e099d58 .functor BUFZ 16, C4<zzzzzzzzzzzzzzzz>; HiZ drive
v0x55efe47b45e0_118 .net v0x55efe47b45e0 118, 15 0, o0x7f616e099d58; 0 drivers
o0x7f616e099d88 .functor BUFZ 16, C4<zzzzzzzzzzzzzzzz>; HiZ drive
v0x55efe47b45e0_119 .net v0x55efe47b45e0 119, 15 0, o0x7f616e099d88; 0 drivers
o0x7f616e099db8 .functor BUFZ 16, C4<zzzzzzzzzzzzzzzz>; HiZ drive
v0x55efe47b45e0_120 .net v0x55efe47b45e0 120, 15 0, o0x7f616e099db8; 0 drivers
o0x7f616e099de8 .functor BUFZ 16, C4<zzzzzzzzzzzzzzzz>; HiZ drive
v0x55efe47b45e0_121 .net v0x55efe47b45e0 121, 15 0, o0x7f616e099de8; 0 drivers
o0x7f616e099e18 .functor BUFZ 16, C4<zzzzzzzzzzzzzzzz>; HiZ drive
v0x55efe47b45e0_122 .net v0x55efe47b45e0 122, 15 0, o0x7f616e099e18; 0 drivers
o0x7f616e099e48 .functor BUFZ 16, C4<zzzzzzzzzzzzzzzz>; HiZ drive
v0x55efe47b45e0_123 .net v0x55efe47b45e0 123, 15 0, o0x7f616e099e48; 0 drivers
o0x7f616e099e78 .functor BUFZ 16, C4<zzzzzzzzzzzzzzzz>; HiZ drive
v0x55efe47b45e0_124 .net v0x55efe47b45e0 124, 15 0, o0x7f616e099e78; 0 drivers
o0x7f616e099ea8 .functor BUFZ 16, C4<zzzzzzzzzzzzzzzz>; HiZ drive
v0x55efe47b45e0_125 .net v0x55efe47b45e0 125, 15 0, o0x7f616e099ea8; 0 drivers
o0x7f616e099ed8 .functor BUFZ 16, C4<zzzzzzzzzzzzzzzz>; HiZ drive
v0x55efe47b45e0_126 .net v0x55efe47b45e0 126, 15 0, o0x7f616e099ed8; 0 drivers
o0x7f616e099f08 .functor BUFZ 16, C4<zzzzzzzzzzzzzzzz>; HiZ drive
v0x55efe47b45e0_127 .net v0x55efe47b45e0 127, 15 0, o0x7f616e099f08; 0 drivers
o0x7f616e099f38 .functor BUFZ 16, C4<zzzzzzzzzzzzzzzz>; HiZ drive
v0x55efe47b45e0_128 .net v0x55efe47b45e0 128, 15 0, o0x7f616e099f38; 0 drivers
o0x7f616e099f68 .functor BUFZ 16, C4<zzzzzzzzzzzzzzzz>; HiZ drive
v0x55efe47b45e0_129 .net v0x55efe47b45e0 129, 15 0, o0x7f616e099f68; 0 drivers
o0x7f616e099f98 .functor BUFZ 16, C4<zzzzzzzzzzzzzzzz>; HiZ drive
v0x55efe47b45e0_130 .net v0x55efe47b45e0 130, 15 0, o0x7f616e099f98; 0 drivers
o0x7f616e099fc8 .functor BUFZ 16, C4<zzzzzzzzzzzzzzzz>; HiZ drive
v0x55efe47b45e0_131 .net v0x55efe47b45e0 131, 15 0, o0x7f616e099fc8; 0 drivers
o0x7f616e099ff8 .functor BUFZ 16, C4<zzzzzzzzzzzzzzzz>; HiZ drive
v0x55efe47b45e0_132 .net v0x55efe47b45e0 132, 15 0, o0x7f616e099ff8; 0 drivers
o0x7f616e09a028 .functor BUFZ 16, C4<zzzzzzzzzzzzzzzz>; HiZ drive
v0x55efe47b45e0_133 .net v0x55efe47b45e0 133, 15 0, o0x7f616e09a028; 0 drivers
o0x7f616e09a058 .functor BUFZ 16, C4<zzzzzzzzzzzzzzzz>; HiZ drive
v0x55efe47b45e0_134 .net v0x55efe47b45e0 134, 15 0, o0x7f616e09a058; 0 drivers
o0x7f616e09a088 .functor BUFZ 16, C4<zzzzzzzzzzzzzzzz>; HiZ drive
v0x55efe47b45e0_135 .net v0x55efe47b45e0 135, 15 0, o0x7f616e09a088; 0 drivers
o0x7f616e09a0b8 .functor BUFZ 16, C4<zzzzzzzzzzzzzzzz>; HiZ drive
v0x55efe47b45e0_136 .net v0x55efe47b45e0 136, 15 0, o0x7f616e09a0b8; 0 drivers
o0x7f616e09a0e8 .functor BUFZ 16, C4<zzzzzzzzzzzzzzzz>; HiZ drive
v0x55efe47b45e0_137 .net v0x55efe47b45e0 137, 15 0, o0x7f616e09a0e8; 0 drivers
o0x7f616e09a118 .functor BUFZ 16, C4<zzzzzzzzzzzzzzzz>; HiZ drive
v0x55efe47b45e0_138 .net v0x55efe47b45e0 138, 15 0, o0x7f616e09a118; 0 drivers
o0x7f616e09a148 .functor BUFZ 16, C4<zzzzzzzzzzzzzzzz>; HiZ drive
v0x55efe47b45e0_139 .net v0x55efe47b45e0 139, 15 0, o0x7f616e09a148; 0 drivers
o0x7f616e09a178 .functor BUFZ 16, C4<zzzzzzzzzzzzzzzz>; HiZ drive
v0x55efe47b45e0_140 .net v0x55efe47b45e0 140, 15 0, o0x7f616e09a178; 0 drivers
o0x7f616e09a1a8 .functor BUFZ 16, C4<zzzzzzzzzzzzzzzz>; HiZ drive
v0x55efe47b45e0_141 .net v0x55efe47b45e0 141, 15 0, o0x7f616e09a1a8; 0 drivers
o0x7f616e09a1d8 .functor BUFZ 16, C4<zzzzzzzzzzzzzzzz>; HiZ drive
v0x55efe47b45e0_142 .net v0x55efe47b45e0 142, 15 0, o0x7f616e09a1d8; 0 drivers
o0x7f616e09a208 .functor BUFZ 16, C4<zzzzzzzzzzzzzzzz>; HiZ drive
v0x55efe47b45e0_143 .net v0x55efe47b45e0 143, 15 0, o0x7f616e09a208; 0 drivers
o0x7f616e09a238 .functor BUFZ 16, C4<zzzzzzzzzzzzzzzz>; HiZ drive
v0x55efe47b45e0_144 .net v0x55efe47b45e0 144, 15 0, o0x7f616e09a238; 0 drivers
o0x7f616e09a268 .functor BUFZ 16, C4<zzzzzzzzzzzzzzzz>; HiZ drive
v0x55efe47b45e0_145 .net v0x55efe47b45e0 145, 15 0, o0x7f616e09a268; 0 drivers
o0x7f616e09a298 .functor BUFZ 16, C4<zzzzzzzzzzzzzzzz>; HiZ drive
v0x55efe47b45e0_146 .net v0x55efe47b45e0 146, 15 0, o0x7f616e09a298; 0 drivers
o0x7f616e09a2c8 .functor BUFZ 16, C4<zzzzzzzzzzzzzzzz>; HiZ drive
v0x55efe47b45e0_147 .net v0x55efe47b45e0 147, 15 0, o0x7f616e09a2c8; 0 drivers
o0x7f616e09a2f8 .functor BUFZ 16, C4<zzzzzzzzzzzzzzzz>; HiZ drive
v0x55efe47b45e0_148 .net v0x55efe47b45e0 148, 15 0, o0x7f616e09a2f8; 0 drivers
o0x7f616e09a328 .functor BUFZ 16, C4<zzzzzzzzzzzzzzzz>; HiZ drive
v0x55efe47b45e0_149 .net v0x55efe47b45e0 149, 15 0, o0x7f616e09a328; 0 drivers
o0x7f616e09a358 .functor BUFZ 16, C4<zzzzzzzzzzzzzzzz>; HiZ drive
v0x55efe47b45e0_150 .net v0x55efe47b45e0 150, 15 0, o0x7f616e09a358; 0 drivers
o0x7f616e09a388 .functor BUFZ 16, C4<zzzzzzzzzzzzzzzz>; HiZ drive
v0x55efe47b45e0_151 .net v0x55efe47b45e0 151, 15 0, o0x7f616e09a388; 0 drivers
o0x7f616e09a3b8 .functor BUFZ 16, C4<zzzzzzzzzzzzzzzz>; HiZ drive
v0x55efe47b45e0_152 .net v0x55efe47b45e0 152, 15 0, o0x7f616e09a3b8; 0 drivers
o0x7f616e09a3e8 .functor BUFZ 16, C4<zzzzzzzzzzzzzzzz>; HiZ drive
v0x55efe47b45e0_153 .net v0x55efe47b45e0 153, 15 0, o0x7f616e09a3e8; 0 drivers
o0x7f616e09a418 .functor BUFZ 16, C4<zzzzzzzzzzzzzzzz>; HiZ drive
v0x55efe47b45e0_154 .net v0x55efe47b45e0 154, 15 0, o0x7f616e09a418; 0 drivers
o0x7f616e09a448 .functor BUFZ 16, C4<zzzzzzzzzzzzzzzz>; HiZ drive
v0x55efe47b45e0_155 .net v0x55efe47b45e0 155, 15 0, o0x7f616e09a448; 0 drivers
o0x7f616e09a478 .functor BUFZ 16, C4<zzzzzzzzzzzzzzzz>; HiZ drive
v0x55efe47b45e0_156 .net v0x55efe47b45e0 156, 15 0, o0x7f616e09a478; 0 drivers
o0x7f616e09a4a8 .functor BUFZ 16, C4<zzzzzzzzzzzzzzzz>; HiZ drive
v0x55efe47b45e0_157 .net v0x55efe47b45e0 157, 15 0, o0x7f616e09a4a8; 0 drivers
o0x7f616e09a4d8 .functor BUFZ 16, C4<zzzzzzzzzzzzzzzz>; HiZ drive
v0x55efe47b45e0_158 .net v0x55efe47b45e0 158, 15 0, o0x7f616e09a4d8; 0 drivers
o0x7f616e09a508 .functor BUFZ 16, C4<zzzzzzzzzzzzzzzz>; HiZ drive
v0x55efe47b45e0_159 .net v0x55efe47b45e0 159, 15 0, o0x7f616e09a508; 0 drivers
o0x7f616e09a538 .functor BUFZ 16, C4<zzzzzzzzzzzzzzzz>; HiZ drive
v0x55efe47b45e0_160 .net v0x55efe47b45e0 160, 15 0, o0x7f616e09a538; 0 drivers
o0x7f616e09a568 .functor BUFZ 16, C4<zzzzzzzzzzzzzzzz>; HiZ drive
v0x55efe47b45e0_161 .net v0x55efe47b45e0 161, 15 0, o0x7f616e09a568; 0 drivers
o0x7f616e09a598 .functor BUFZ 16, C4<zzzzzzzzzzzzzzzz>; HiZ drive
v0x55efe47b45e0_162 .net v0x55efe47b45e0 162, 15 0, o0x7f616e09a598; 0 drivers
o0x7f616e09a5c8 .functor BUFZ 16, C4<zzzzzzzzzzzzzzzz>; HiZ drive
v0x55efe47b45e0_163 .net v0x55efe47b45e0 163, 15 0, o0x7f616e09a5c8; 0 drivers
o0x7f616e09a5f8 .functor BUFZ 16, C4<zzzzzzzzzzzzzzzz>; HiZ drive
v0x55efe47b45e0_164 .net v0x55efe47b45e0 164, 15 0, o0x7f616e09a5f8; 0 drivers
o0x7f616e09a628 .functor BUFZ 16, C4<zzzzzzzzzzzzzzzz>; HiZ drive
v0x55efe47b45e0_165 .net v0x55efe47b45e0 165, 15 0, o0x7f616e09a628; 0 drivers
o0x7f616e09a658 .functor BUFZ 16, C4<zzzzzzzzzzzzzzzz>; HiZ drive
v0x55efe47b45e0_166 .net v0x55efe47b45e0 166, 15 0, o0x7f616e09a658; 0 drivers
o0x7f616e09a688 .functor BUFZ 16, C4<zzzzzzzzzzzzzzzz>; HiZ drive
v0x55efe47b45e0_167 .net v0x55efe47b45e0 167, 15 0, o0x7f616e09a688; 0 drivers
o0x7f616e09a6b8 .functor BUFZ 16, C4<zzzzzzzzzzzzzzzz>; HiZ drive
v0x55efe47b45e0_168 .net v0x55efe47b45e0 168, 15 0, o0x7f616e09a6b8; 0 drivers
o0x7f616e09a6e8 .functor BUFZ 16, C4<zzzzzzzzzzzzzzzz>; HiZ drive
v0x55efe47b45e0_169 .net v0x55efe47b45e0 169, 15 0, o0x7f616e09a6e8; 0 drivers
o0x7f616e09a718 .functor BUFZ 16, C4<zzzzzzzzzzzzzzzz>; HiZ drive
v0x55efe47b45e0_170 .net v0x55efe47b45e0 170, 15 0, o0x7f616e09a718; 0 drivers
o0x7f616e09a748 .functor BUFZ 16, C4<zzzzzzzzzzzzzzzz>; HiZ drive
v0x55efe47b45e0_171 .net v0x55efe47b45e0 171, 15 0, o0x7f616e09a748; 0 drivers
o0x7f616e09a778 .functor BUFZ 16, C4<zzzzzzzzzzzzzzzz>; HiZ drive
v0x55efe47b45e0_172 .net v0x55efe47b45e0 172, 15 0, o0x7f616e09a778; 0 drivers
o0x7f616e09a7a8 .functor BUFZ 16, C4<zzzzzzzzzzzzzzzz>; HiZ drive
v0x55efe47b45e0_173 .net v0x55efe47b45e0 173, 15 0, o0x7f616e09a7a8; 0 drivers
o0x7f616e09a7d8 .functor BUFZ 16, C4<zzzzzzzzzzzzzzzz>; HiZ drive
v0x55efe47b45e0_174 .net v0x55efe47b45e0 174, 15 0, o0x7f616e09a7d8; 0 drivers
o0x7f616e09a808 .functor BUFZ 16, C4<zzzzzzzzzzzzzzzz>; HiZ drive
v0x55efe47b45e0_175 .net v0x55efe47b45e0 175, 15 0, o0x7f616e09a808; 0 drivers
o0x7f616e09a838 .functor BUFZ 16, C4<zzzzzzzzzzzzzzzz>; HiZ drive
v0x55efe47b45e0_176 .net v0x55efe47b45e0 176, 15 0, o0x7f616e09a838; 0 drivers
o0x7f616e09a868 .functor BUFZ 16, C4<zzzzzzzzzzzzzzzz>; HiZ drive
v0x55efe47b45e0_177 .net v0x55efe47b45e0 177, 15 0, o0x7f616e09a868; 0 drivers
o0x7f616e09a898 .functor BUFZ 16, C4<zzzzzzzzzzzzzzzz>; HiZ drive
v0x55efe47b45e0_178 .net v0x55efe47b45e0 178, 15 0, o0x7f616e09a898; 0 drivers
o0x7f616e09a8c8 .functor BUFZ 16, C4<zzzzzzzzzzzzzzzz>; HiZ drive
v0x55efe47b45e0_179 .net v0x55efe47b45e0 179, 15 0, o0x7f616e09a8c8; 0 drivers
o0x7f616e09a8f8 .functor BUFZ 16, C4<zzzzzzzzzzzzzzzz>; HiZ drive
v0x55efe47b45e0_180 .net v0x55efe47b45e0 180, 15 0, o0x7f616e09a8f8; 0 drivers
o0x7f616e09a928 .functor BUFZ 16, C4<zzzzzzzzzzzzzzzz>; HiZ drive
v0x55efe47b45e0_181 .net v0x55efe47b45e0 181, 15 0, o0x7f616e09a928; 0 drivers
o0x7f616e09a958 .functor BUFZ 16, C4<zzzzzzzzzzzzzzzz>; HiZ drive
v0x55efe47b45e0_182 .net v0x55efe47b45e0 182, 15 0, o0x7f616e09a958; 0 drivers
o0x7f616e09a988 .functor BUFZ 16, C4<zzzzzzzzzzzzzzzz>; HiZ drive
v0x55efe47b45e0_183 .net v0x55efe47b45e0 183, 15 0, o0x7f616e09a988; 0 drivers
o0x7f616e09a9b8 .functor BUFZ 16, C4<zzzzzzzzzzzzzzzz>; HiZ drive
v0x55efe47b45e0_184 .net v0x55efe47b45e0 184, 15 0, o0x7f616e09a9b8; 0 drivers
o0x7f616e09a9e8 .functor BUFZ 16, C4<zzzzzzzzzzzzzzzz>; HiZ drive
v0x55efe47b45e0_185 .net v0x55efe47b45e0 185, 15 0, o0x7f616e09a9e8; 0 drivers
o0x7f616e09aa18 .functor BUFZ 16, C4<zzzzzzzzzzzzzzzz>; HiZ drive
v0x55efe47b45e0_186 .net v0x55efe47b45e0 186, 15 0, o0x7f616e09aa18; 0 drivers
o0x7f616e09aa48 .functor BUFZ 16, C4<zzzzzzzzzzzzzzzz>; HiZ drive
v0x55efe47b45e0_187 .net v0x55efe47b45e0 187, 15 0, o0x7f616e09aa48; 0 drivers
o0x7f616e09aa78 .functor BUFZ 16, C4<zzzzzzzzzzzzzzzz>; HiZ drive
v0x55efe47b45e0_188 .net v0x55efe47b45e0 188, 15 0, o0x7f616e09aa78; 0 drivers
o0x7f616e09aaa8 .functor BUFZ 16, C4<zzzzzzzzzzzzzzzz>; HiZ drive
v0x55efe47b45e0_189 .net v0x55efe47b45e0 189, 15 0, o0x7f616e09aaa8; 0 drivers
o0x7f616e09aad8 .functor BUFZ 16, C4<zzzzzzzzzzzzzzzz>; HiZ drive
v0x55efe47b45e0_190 .net v0x55efe47b45e0 190, 15 0, o0x7f616e09aad8; 0 drivers
o0x7f616e09ab08 .functor BUFZ 16, C4<zzzzzzzzzzzzzzzz>; HiZ drive
v0x55efe47b45e0_191 .net v0x55efe47b45e0 191, 15 0, o0x7f616e09ab08; 0 drivers
o0x7f616e09ab38 .functor BUFZ 16, C4<zzzzzzzzzzzzzzzz>; HiZ drive
v0x55efe47b45e0_192 .net v0x55efe47b45e0 192, 15 0, o0x7f616e09ab38; 0 drivers
o0x7f616e09ab68 .functor BUFZ 16, C4<zzzzzzzzzzzzzzzz>; HiZ drive
v0x55efe47b45e0_193 .net v0x55efe47b45e0 193, 15 0, o0x7f616e09ab68; 0 drivers
o0x7f616e09ab98 .functor BUFZ 16, C4<zzzzzzzzzzzzzzzz>; HiZ drive
v0x55efe47b45e0_194 .net v0x55efe47b45e0 194, 15 0, o0x7f616e09ab98; 0 drivers
o0x7f616e09abc8 .functor BUFZ 16, C4<zzzzzzzzzzzzzzzz>; HiZ drive
v0x55efe47b45e0_195 .net v0x55efe47b45e0 195, 15 0, o0x7f616e09abc8; 0 drivers
o0x7f616e09abf8 .functor BUFZ 16, C4<zzzzzzzzzzzzzzzz>; HiZ drive
v0x55efe47b45e0_196 .net v0x55efe47b45e0 196, 15 0, o0x7f616e09abf8; 0 drivers
o0x7f616e09ac28 .functor BUFZ 16, C4<zzzzzzzzzzzzzzzz>; HiZ drive
v0x55efe47b45e0_197 .net v0x55efe47b45e0 197, 15 0, o0x7f616e09ac28; 0 drivers
o0x7f616e09ac58 .functor BUFZ 16, C4<zzzzzzzzzzzzzzzz>; HiZ drive
v0x55efe47b45e0_198 .net v0x55efe47b45e0 198, 15 0, o0x7f616e09ac58; 0 drivers
o0x7f616e09ac88 .functor BUFZ 16, C4<zzzzzzzzzzzzzzzz>; HiZ drive
v0x55efe47b45e0_199 .net v0x55efe47b45e0 199, 15 0, o0x7f616e09ac88; 0 drivers
o0x7f616e09acb8 .functor BUFZ 16, C4<zzzzzzzzzzzzzzzz>; HiZ drive
v0x55efe47b45e0_200 .net v0x55efe47b45e0 200, 15 0, o0x7f616e09acb8; 0 drivers
o0x7f616e09ace8 .functor BUFZ 16, C4<zzzzzzzzzzzzzzzz>; HiZ drive
v0x55efe47b45e0_201 .net v0x55efe47b45e0 201, 15 0, o0x7f616e09ace8; 0 drivers
o0x7f616e09ad18 .functor BUFZ 16, C4<zzzzzzzzzzzzzzzz>; HiZ drive
v0x55efe47b45e0_202 .net v0x55efe47b45e0 202, 15 0, o0x7f616e09ad18; 0 drivers
o0x7f616e09ad48 .functor BUFZ 16, C4<zzzzzzzzzzzzzzzz>; HiZ drive
v0x55efe47b45e0_203 .net v0x55efe47b45e0 203, 15 0, o0x7f616e09ad48; 0 drivers
o0x7f616e09ad78 .functor BUFZ 16, C4<zzzzzzzzzzzzzzzz>; HiZ drive
v0x55efe47b45e0_204 .net v0x55efe47b45e0 204, 15 0, o0x7f616e09ad78; 0 drivers
o0x7f616e09ada8 .functor BUFZ 16, C4<zzzzzzzzzzzzzzzz>; HiZ drive
v0x55efe47b45e0_205 .net v0x55efe47b45e0 205, 15 0, o0x7f616e09ada8; 0 drivers
o0x7f616e09add8 .functor BUFZ 16, C4<zzzzzzzzzzzzzzzz>; HiZ drive
v0x55efe47b45e0_206 .net v0x55efe47b45e0 206, 15 0, o0x7f616e09add8; 0 drivers
o0x7f616e09ae08 .functor BUFZ 16, C4<zzzzzzzzzzzzzzzz>; HiZ drive
v0x55efe47b45e0_207 .net v0x55efe47b45e0 207, 15 0, o0x7f616e09ae08; 0 drivers
o0x7f616e09ae38 .functor BUFZ 16, C4<zzzzzzzzzzzzzzzz>; HiZ drive
v0x55efe47b45e0_208 .net v0x55efe47b45e0 208, 15 0, o0x7f616e09ae38; 0 drivers
o0x7f616e09ae68 .functor BUFZ 16, C4<zzzzzzzzzzzzzzzz>; HiZ drive
v0x55efe47b45e0_209 .net v0x55efe47b45e0 209, 15 0, o0x7f616e09ae68; 0 drivers
o0x7f616e09ae98 .functor BUFZ 16, C4<zzzzzzzzzzzzzzzz>; HiZ drive
v0x55efe47b45e0_210 .net v0x55efe47b45e0 210, 15 0, o0x7f616e09ae98; 0 drivers
o0x7f616e09aec8 .functor BUFZ 16, C4<zzzzzzzzzzzzzzzz>; HiZ drive
v0x55efe47b45e0_211 .net v0x55efe47b45e0 211, 15 0, o0x7f616e09aec8; 0 drivers
o0x7f616e09aef8 .functor BUFZ 16, C4<zzzzzzzzzzzzzzzz>; HiZ drive
v0x55efe47b45e0_212 .net v0x55efe47b45e0 212, 15 0, o0x7f616e09aef8; 0 drivers
o0x7f616e09af28 .functor BUFZ 16, C4<zzzzzzzzzzzzzzzz>; HiZ drive
v0x55efe47b45e0_213 .net v0x55efe47b45e0 213, 15 0, o0x7f616e09af28; 0 drivers
o0x7f616e09af58 .functor BUFZ 16, C4<zzzzzzzzzzzzzzzz>; HiZ drive
v0x55efe47b45e0_214 .net v0x55efe47b45e0 214, 15 0, o0x7f616e09af58; 0 drivers
o0x7f616e09af88 .functor BUFZ 16, C4<zzzzzzzzzzzzzzzz>; HiZ drive
v0x55efe47b45e0_215 .net v0x55efe47b45e0 215, 15 0, o0x7f616e09af88; 0 drivers
o0x7f616e09afb8 .functor BUFZ 16, C4<zzzzzzzzzzzzzzzz>; HiZ drive
v0x55efe47b45e0_216 .net v0x55efe47b45e0 216, 15 0, o0x7f616e09afb8; 0 drivers
o0x7f616e09afe8 .functor BUFZ 16, C4<zzzzzzzzzzzzzzzz>; HiZ drive
v0x55efe47b45e0_217 .net v0x55efe47b45e0 217, 15 0, o0x7f616e09afe8; 0 drivers
o0x7f616e09b018 .functor BUFZ 16, C4<zzzzzzzzzzzzzzzz>; HiZ drive
v0x55efe47b45e0_218 .net v0x55efe47b45e0 218, 15 0, o0x7f616e09b018; 0 drivers
o0x7f616e09b048 .functor BUFZ 16, C4<zzzzzzzzzzzzzzzz>; HiZ drive
v0x55efe47b45e0_219 .net v0x55efe47b45e0 219, 15 0, o0x7f616e09b048; 0 drivers
o0x7f616e09b078 .functor BUFZ 16, C4<zzzzzzzzzzzzzzzz>; HiZ drive
v0x55efe47b45e0_220 .net v0x55efe47b45e0 220, 15 0, o0x7f616e09b078; 0 drivers
o0x7f616e09b0a8 .functor BUFZ 16, C4<zzzzzzzzzzzzzzzz>; HiZ drive
v0x55efe47b45e0_221 .net v0x55efe47b45e0 221, 15 0, o0x7f616e09b0a8; 0 drivers
o0x7f616e09b0d8 .functor BUFZ 16, C4<zzzzzzzzzzzzzzzz>; HiZ drive
v0x55efe47b45e0_222 .net v0x55efe47b45e0 222, 15 0, o0x7f616e09b0d8; 0 drivers
o0x7f616e09b108 .functor BUFZ 16, C4<zzzzzzzzzzzzzzzz>; HiZ drive
v0x55efe47b45e0_223 .net v0x55efe47b45e0 223, 15 0, o0x7f616e09b108; 0 drivers
o0x7f616e09b138 .functor BUFZ 16, C4<zzzzzzzzzzzzzzzz>; HiZ drive
v0x55efe47b45e0_224 .net v0x55efe47b45e0 224, 15 0, o0x7f616e09b138; 0 drivers
o0x7f616e09b168 .functor BUFZ 16, C4<zzzzzzzzzzzzzzzz>; HiZ drive
v0x55efe47b45e0_225 .net v0x55efe47b45e0 225, 15 0, o0x7f616e09b168; 0 drivers
o0x7f616e09b198 .functor BUFZ 16, C4<zzzzzzzzzzzzzzzz>; HiZ drive
v0x55efe47b45e0_226 .net v0x55efe47b45e0 226, 15 0, o0x7f616e09b198; 0 drivers
o0x7f616e09b1c8 .functor BUFZ 16, C4<zzzzzzzzzzzzzzzz>; HiZ drive
v0x55efe47b45e0_227 .net v0x55efe47b45e0 227, 15 0, o0x7f616e09b1c8; 0 drivers
o0x7f616e09b1f8 .functor BUFZ 16, C4<zzzzzzzzzzzzzzzz>; HiZ drive
v0x55efe47b45e0_228 .net v0x55efe47b45e0 228, 15 0, o0x7f616e09b1f8; 0 drivers
o0x7f616e09b228 .functor BUFZ 16, C4<zzzzzzzzzzzzzzzz>; HiZ drive
v0x55efe47b45e0_229 .net v0x55efe47b45e0 229, 15 0, o0x7f616e09b228; 0 drivers
o0x7f616e09b258 .functor BUFZ 16, C4<zzzzzzzzzzzzzzzz>; HiZ drive
v0x55efe47b45e0_230 .net v0x55efe47b45e0 230, 15 0, o0x7f616e09b258; 0 drivers
o0x7f616e09b288 .functor BUFZ 16, C4<zzzzzzzzzzzzzzzz>; HiZ drive
v0x55efe47b45e0_231 .net v0x55efe47b45e0 231, 15 0, o0x7f616e09b288; 0 drivers
o0x7f616e09b2b8 .functor BUFZ 16, C4<zzzzzzzzzzzzzzzz>; HiZ drive
v0x55efe47b45e0_232 .net v0x55efe47b45e0 232, 15 0, o0x7f616e09b2b8; 0 drivers
o0x7f616e09b2e8 .functor BUFZ 16, C4<zzzzzzzzzzzzzzzz>; HiZ drive
v0x55efe47b45e0_233 .net v0x55efe47b45e0 233, 15 0, o0x7f616e09b2e8; 0 drivers
o0x7f616e09b318 .functor BUFZ 16, C4<zzzzzzzzzzzzzzzz>; HiZ drive
v0x55efe47b45e0_234 .net v0x55efe47b45e0 234, 15 0, o0x7f616e09b318; 0 drivers
o0x7f616e09b348 .functor BUFZ 16, C4<zzzzzzzzzzzzzzzz>; HiZ drive
v0x55efe47b45e0_235 .net v0x55efe47b45e0 235, 15 0, o0x7f616e09b348; 0 drivers
o0x7f616e09b378 .functor BUFZ 16, C4<zzzzzzzzzzzzzzzz>; HiZ drive
v0x55efe47b45e0_236 .net v0x55efe47b45e0 236, 15 0, o0x7f616e09b378; 0 drivers
o0x7f616e09b3a8 .functor BUFZ 16, C4<zzzzzzzzzzzzzzzz>; HiZ drive
v0x55efe47b45e0_237 .net v0x55efe47b45e0 237, 15 0, o0x7f616e09b3a8; 0 drivers
o0x7f616e09b3d8 .functor BUFZ 16, C4<zzzzzzzzzzzzzzzz>; HiZ drive
v0x55efe47b45e0_238 .net v0x55efe47b45e0 238, 15 0, o0x7f616e09b3d8; 0 drivers
o0x7f616e09b408 .functor BUFZ 16, C4<zzzzzzzzzzzzzzzz>; HiZ drive
v0x55efe47b45e0_239 .net v0x55efe47b45e0 239, 15 0, o0x7f616e09b408; 0 drivers
o0x7f616e09b438 .functor BUFZ 16, C4<zzzzzzzzzzzzzzzz>; HiZ drive
v0x55efe47b45e0_240 .net v0x55efe47b45e0 240, 15 0, o0x7f616e09b438; 0 drivers
o0x7f616e09b468 .functor BUFZ 16, C4<zzzzzzzzzzzzzzzz>; HiZ drive
v0x55efe47b45e0_241 .net v0x55efe47b45e0 241, 15 0, o0x7f616e09b468; 0 drivers
o0x7f616e09b498 .functor BUFZ 16, C4<zzzzzzzzzzzzzzzz>; HiZ drive
v0x55efe47b45e0_242 .net v0x55efe47b45e0 242, 15 0, o0x7f616e09b498; 0 drivers
o0x7f616e09b4c8 .functor BUFZ 16, C4<zzzzzzzzzzzzzzzz>; HiZ drive
v0x55efe47b45e0_243 .net v0x55efe47b45e0 243, 15 0, o0x7f616e09b4c8; 0 drivers
o0x7f616e09b4f8 .functor BUFZ 16, C4<zzzzzzzzzzzzzzzz>; HiZ drive
v0x55efe47b45e0_244 .net v0x55efe47b45e0 244, 15 0, o0x7f616e09b4f8; 0 drivers
o0x7f616e09b528 .functor BUFZ 16, C4<zzzzzzzzzzzzzzzz>; HiZ drive
v0x55efe47b45e0_245 .net v0x55efe47b45e0 245, 15 0, o0x7f616e09b528; 0 drivers
o0x7f616e09b558 .functor BUFZ 16, C4<zzzzzzzzzzzzzzzz>; HiZ drive
v0x55efe47b45e0_246 .net v0x55efe47b45e0 246, 15 0, o0x7f616e09b558; 0 drivers
o0x7f616e09b588 .functor BUFZ 16, C4<zzzzzzzzzzzzzzzz>; HiZ drive
v0x55efe47b45e0_247 .net v0x55efe47b45e0 247, 15 0, o0x7f616e09b588; 0 drivers
o0x7f616e09b5b8 .functor BUFZ 16, C4<zzzzzzzzzzzzzzzz>; HiZ drive
v0x55efe47b45e0_248 .net v0x55efe47b45e0 248, 15 0, o0x7f616e09b5b8; 0 drivers
o0x7f616e09b5e8 .functor BUFZ 16, C4<zzzzzzzzzzzzzzzz>; HiZ drive
v0x55efe47b45e0_249 .net v0x55efe47b45e0 249, 15 0, o0x7f616e09b5e8; 0 drivers
o0x7f616e09b618 .functor BUFZ 16, C4<zzzzzzzzzzzzzzzz>; HiZ drive
v0x55efe47b45e0_250 .net v0x55efe47b45e0 250, 15 0, o0x7f616e09b618; 0 drivers
o0x7f616e09b648 .functor BUFZ 16, C4<zzzzzzzzzzzzzzzz>; HiZ drive
v0x55efe47b45e0_251 .net v0x55efe47b45e0 251, 15 0, o0x7f616e09b648; 0 drivers
o0x7f616e09b678 .functor BUFZ 16, C4<zzzzzzzzzzzzzzzz>; HiZ drive
v0x55efe47b45e0_252 .net v0x55efe47b45e0 252, 15 0, o0x7f616e09b678; 0 drivers
o0x7f616e09b6a8 .functor BUFZ 16, C4<zzzzzzzzzzzzzzzz>; HiZ drive
v0x55efe47b45e0_253 .net v0x55efe47b45e0 253, 15 0, o0x7f616e09b6a8; 0 drivers
o0x7f616e09b6d8 .functor BUFZ 16, C4<zzzzzzzzzzzzzzzz>; HiZ drive
v0x55efe47b45e0_254 .net v0x55efe47b45e0 254, 15 0, o0x7f616e09b6d8; 0 drivers
o0x7f616e09b708 .functor BUFZ 16, C4<zzzzzzzzzzzzzzzz>; HiZ drive
v0x55efe47b45e0_255 .net v0x55efe47b45e0 255, 15 0, o0x7f616e09b708; 0 drivers
o0x7f616e09b738 .functor BUFZ 16, C4<zzzzzzzzzzzzzzzz>; HiZ drive
v0x55efe47b45e0_256 .net v0x55efe47b45e0 256, 15 0, o0x7f616e09b738; 0 drivers
o0x7f616e09b768 .functor BUFZ 16, C4<zzzzzzzzzzzzzzzz>; HiZ drive
v0x55efe47b45e0_257 .net v0x55efe47b45e0 257, 15 0, o0x7f616e09b768; 0 drivers
o0x7f616e09b798 .functor BUFZ 16, C4<zzzzzzzzzzzzzzzz>; HiZ drive
v0x55efe47b45e0_258 .net v0x55efe47b45e0 258, 15 0, o0x7f616e09b798; 0 drivers
o0x7f616e09b7c8 .functor BUFZ 16, C4<zzzzzzzzzzzzzzzz>; HiZ drive
v0x55efe47b45e0_259 .net v0x55efe47b45e0 259, 15 0, o0x7f616e09b7c8; 0 drivers
o0x7f616e09b7f8 .functor BUFZ 16, C4<zzzzzzzzzzzzzzzz>; HiZ drive
v0x55efe47b45e0_260 .net v0x55efe47b45e0 260, 15 0, o0x7f616e09b7f8; 0 drivers
o0x7f616e09b828 .functor BUFZ 16, C4<zzzzzzzzzzzzzzzz>; HiZ drive
v0x55efe47b45e0_261 .net v0x55efe47b45e0 261, 15 0, o0x7f616e09b828; 0 drivers
o0x7f616e09b858 .functor BUFZ 16, C4<zzzzzzzzzzzzzzzz>; HiZ drive
v0x55efe47b45e0_262 .net v0x55efe47b45e0 262, 15 0, o0x7f616e09b858; 0 drivers
o0x7f616e09b888 .functor BUFZ 16, C4<zzzzzzzzzzzzzzzz>; HiZ drive
v0x55efe47b45e0_263 .net v0x55efe47b45e0 263, 15 0, o0x7f616e09b888; 0 drivers
o0x7f616e09b8b8 .functor BUFZ 16, C4<zzzzzzzzzzzzzzzz>; HiZ drive
v0x55efe47b45e0_264 .net v0x55efe47b45e0 264, 15 0, o0x7f616e09b8b8; 0 drivers
o0x7f616e09b8e8 .functor BUFZ 16, C4<zzzzzzzzzzzzzzzz>; HiZ drive
v0x55efe47b45e0_265 .net v0x55efe47b45e0 265, 15 0, o0x7f616e09b8e8; 0 drivers
o0x7f616e09b918 .functor BUFZ 16, C4<zzzzzzzzzzzzzzzz>; HiZ drive
v0x55efe47b45e0_266 .net v0x55efe47b45e0 266, 15 0, o0x7f616e09b918; 0 drivers
o0x7f616e09b948 .functor BUFZ 16, C4<zzzzzzzzzzzzzzzz>; HiZ drive
v0x55efe47b45e0_267 .net v0x55efe47b45e0 267, 15 0, o0x7f616e09b948; 0 drivers
o0x7f616e09b978 .functor BUFZ 16, C4<zzzzzzzzzzzzzzzz>; HiZ drive
v0x55efe47b45e0_268 .net v0x55efe47b45e0 268, 15 0, o0x7f616e09b978; 0 drivers
o0x7f616e09b9a8 .functor BUFZ 16, C4<zzzzzzzzzzzzzzzz>; HiZ drive
v0x55efe47b45e0_269 .net v0x55efe47b45e0 269, 15 0, o0x7f616e09b9a8; 0 drivers
o0x7f616e09b9d8 .functor BUFZ 16, C4<zzzzzzzzzzzzzzzz>; HiZ drive
v0x55efe47b45e0_270 .net v0x55efe47b45e0 270, 15 0, o0x7f616e09b9d8; 0 drivers
o0x7f616e09ba08 .functor BUFZ 16, C4<zzzzzzzzzzzzzzzz>; HiZ drive
v0x55efe47b45e0_271 .net v0x55efe47b45e0 271, 15 0, o0x7f616e09ba08; 0 drivers
o0x7f616e09ba38 .functor BUFZ 16, C4<zzzzzzzzzzzzzzzz>; HiZ drive
v0x55efe47b45e0_272 .net v0x55efe47b45e0 272, 15 0, o0x7f616e09ba38; 0 drivers
o0x7f616e09ba68 .functor BUFZ 16, C4<zzzzzzzzzzzzzzzz>; HiZ drive
v0x55efe47b45e0_273 .net v0x55efe47b45e0 273, 15 0, o0x7f616e09ba68; 0 drivers
o0x7f616e09ba98 .functor BUFZ 16, C4<zzzzzzzzzzzzzzzz>; HiZ drive
v0x55efe47b45e0_274 .net v0x55efe47b45e0 274, 15 0, o0x7f616e09ba98; 0 drivers
o0x7f616e09bac8 .functor BUFZ 16, C4<zzzzzzzzzzzzzzzz>; HiZ drive
v0x55efe47b45e0_275 .net v0x55efe47b45e0 275, 15 0, o0x7f616e09bac8; 0 drivers
o0x7f616e09baf8 .functor BUFZ 16, C4<zzzzzzzzzzzzzzzz>; HiZ drive
v0x55efe47b45e0_276 .net v0x55efe47b45e0 276, 15 0, o0x7f616e09baf8; 0 drivers
o0x7f616e09bb28 .functor BUFZ 16, C4<zzzzzzzzzzzzzzzz>; HiZ drive
v0x55efe47b45e0_277 .net v0x55efe47b45e0 277, 15 0, o0x7f616e09bb28; 0 drivers
o0x7f616e09bb58 .functor BUFZ 16, C4<zzzzzzzzzzzzzzzz>; HiZ drive
v0x55efe47b45e0_278 .net v0x55efe47b45e0 278, 15 0, o0x7f616e09bb58; 0 drivers
o0x7f616e09bb88 .functor BUFZ 16, C4<zzzzzzzzzzzzzzzz>; HiZ drive
v0x55efe47b45e0_279 .net v0x55efe47b45e0 279, 15 0, o0x7f616e09bb88; 0 drivers
o0x7f616e09bbb8 .functor BUFZ 16, C4<zzzzzzzzzzzzzzzz>; HiZ drive
v0x55efe47b45e0_280 .net v0x55efe47b45e0 280, 15 0, o0x7f616e09bbb8; 0 drivers
o0x7f616e09bbe8 .functor BUFZ 16, C4<zzzzzzzzzzzzzzzz>; HiZ drive
v0x55efe47b45e0_281 .net v0x55efe47b45e0 281, 15 0, o0x7f616e09bbe8; 0 drivers
o0x7f616e09bc18 .functor BUFZ 16, C4<zzzzzzzzzzzzzzzz>; HiZ drive
v0x55efe47b45e0_282 .net v0x55efe47b45e0 282, 15 0, o0x7f616e09bc18; 0 drivers
o0x7f616e09bc48 .functor BUFZ 16, C4<zzzzzzzzzzzzzzzz>; HiZ drive
v0x55efe47b45e0_283 .net v0x55efe47b45e0 283, 15 0, o0x7f616e09bc48; 0 drivers
o0x7f616e09bc78 .functor BUFZ 16, C4<zzzzzzzzzzzzzzzz>; HiZ drive
v0x55efe47b45e0_284 .net v0x55efe47b45e0 284, 15 0, o0x7f616e09bc78; 0 drivers
o0x7f616e09bca8 .functor BUFZ 16, C4<zzzzzzzzzzzzzzzz>; HiZ drive
v0x55efe47b45e0_285 .net v0x55efe47b45e0 285, 15 0, o0x7f616e09bca8; 0 drivers
o0x7f616e09bcd8 .functor BUFZ 16, C4<zzzzzzzzzzzzzzzz>; HiZ drive
v0x55efe47b45e0_286 .net v0x55efe47b45e0 286, 15 0, o0x7f616e09bcd8; 0 drivers
o0x7f616e09bd08 .functor BUFZ 16, C4<zzzzzzzzzzzzzzzz>; HiZ drive
v0x55efe47b45e0_287 .net v0x55efe47b45e0 287, 15 0, o0x7f616e09bd08; 0 drivers
o0x7f616e09bd38 .functor BUFZ 16, C4<zzzzzzzzzzzzzzzz>; HiZ drive
v0x55efe47b45e0_288 .net v0x55efe47b45e0 288, 15 0, o0x7f616e09bd38; 0 drivers
o0x7f616e09bd68 .functor BUFZ 16, C4<zzzzzzzzzzzzzzzz>; HiZ drive
v0x55efe47b45e0_289 .net v0x55efe47b45e0 289, 15 0, o0x7f616e09bd68; 0 drivers
o0x7f616e09bd98 .functor BUFZ 16, C4<zzzzzzzzzzzzzzzz>; HiZ drive
v0x55efe47b45e0_290 .net v0x55efe47b45e0 290, 15 0, o0x7f616e09bd98; 0 drivers
o0x7f616e09bdc8 .functor BUFZ 16, C4<zzzzzzzzzzzzzzzz>; HiZ drive
v0x55efe47b45e0_291 .net v0x55efe47b45e0 291, 15 0, o0x7f616e09bdc8; 0 drivers
o0x7f616e09bdf8 .functor BUFZ 16, C4<zzzzzzzzzzzzzzzz>; HiZ drive
v0x55efe47b45e0_292 .net v0x55efe47b45e0 292, 15 0, o0x7f616e09bdf8; 0 drivers
o0x7f616e09be28 .functor BUFZ 16, C4<zzzzzzzzzzzzzzzz>; HiZ drive
v0x55efe47b45e0_293 .net v0x55efe47b45e0 293, 15 0, o0x7f616e09be28; 0 drivers
o0x7f616e09be58 .functor BUFZ 16, C4<zzzzzzzzzzzzzzzz>; HiZ drive
v0x55efe47b45e0_294 .net v0x55efe47b45e0 294, 15 0, o0x7f616e09be58; 0 drivers
o0x7f616e09be88 .functor BUFZ 16, C4<zzzzzzzzzzzzzzzz>; HiZ drive
v0x55efe47b45e0_295 .net v0x55efe47b45e0 295, 15 0, o0x7f616e09be88; 0 drivers
o0x7f616e09beb8 .functor BUFZ 16, C4<zzzzzzzzzzzzzzzz>; HiZ drive
v0x55efe47b45e0_296 .net v0x55efe47b45e0 296, 15 0, o0x7f616e09beb8; 0 drivers
o0x7f616e09bee8 .functor BUFZ 16, C4<zzzzzzzzzzzzzzzz>; HiZ drive
v0x55efe47b45e0_297 .net v0x55efe47b45e0 297, 15 0, o0x7f616e09bee8; 0 drivers
o0x7f616e09bf18 .functor BUFZ 16, C4<zzzzzzzzzzzzzzzz>; HiZ drive
v0x55efe47b45e0_298 .net v0x55efe47b45e0 298, 15 0, o0x7f616e09bf18; 0 drivers
o0x7f616e09bf48 .functor BUFZ 16, C4<zzzzzzzzzzzzzzzz>; HiZ drive
v0x55efe47b45e0_299 .net v0x55efe47b45e0 299, 15 0, o0x7f616e09bf48; 0 drivers
o0x7f616e09bf78 .functor BUFZ 16, C4<zzzzzzzzzzzzzzzz>; HiZ drive
v0x55efe47b45e0_300 .net v0x55efe47b45e0 300, 15 0, o0x7f616e09bf78; 0 drivers
o0x7f616e09bfa8 .functor BUFZ 16, C4<zzzzzzzzzzzzzzzz>; HiZ drive
v0x55efe47b45e0_301 .net v0x55efe47b45e0 301, 15 0, o0x7f616e09bfa8; 0 drivers
o0x7f616e09bfd8 .functor BUFZ 16, C4<zzzzzzzzzzzzzzzz>; HiZ drive
v0x55efe47b45e0_302 .net v0x55efe47b45e0 302, 15 0, o0x7f616e09bfd8; 0 drivers
o0x7f616e09c008 .functor BUFZ 16, C4<zzzzzzzzzzzzzzzz>; HiZ drive
v0x55efe47b45e0_303 .net v0x55efe47b45e0 303, 15 0, o0x7f616e09c008; 0 drivers
o0x7f616e09c038 .functor BUFZ 16, C4<zzzzzzzzzzzzzzzz>; HiZ drive
v0x55efe47b45e0_304 .net v0x55efe47b45e0 304, 15 0, o0x7f616e09c038; 0 drivers
o0x7f616e09c068 .functor BUFZ 16, C4<zzzzzzzzzzzzzzzz>; HiZ drive
v0x55efe47b45e0_305 .net v0x55efe47b45e0 305, 15 0, o0x7f616e09c068; 0 drivers
o0x7f616e09c098 .functor BUFZ 16, C4<zzzzzzzzzzzzzzzz>; HiZ drive
v0x55efe47b45e0_306 .net v0x55efe47b45e0 306, 15 0, o0x7f616e09c098; 0 drivers
o0x7f616e09c0c8 .functor BUFZ 16, C4<zzzzzzzzzzzzzzzz>; HiZ drive
v0x55efe47b45e0_307 .net v0x55efe47b45e0 307, 15 0, o0x7f616e09c0c8; 0 drivers
o0x7f616e09c0f8 .functor BUFZ 16, C4<zzzzzzzzzzzzzzzz>; HiZ drive
v0x55efe47b45e0_308 .net v0x55efe47b45e0 308, 15 0, o0x7f616e09c0f8; 0 drivers
o0x7f616e09c128 .functor BUFZ 16, C4<zzzzzzzzzzzzzzzz>; HiZ drive
v0x55efe47b45e0_309 .net v0x55efe47b45e0 309, 15 0, o0x7f616e09c128; 0 drivers
o0x7f616e09c158 .functor BUFZ 16, C4<zzzzzzzzzzzzzzzz>; HiZ drive
v0x55efe47b45e0_310 .net v0x55efe47b45e0 310, 15 0, o0x7f616e09c158; 0 drivers
o0x7f616e09c188 .functor BUFZ 16, C4<zzzzzzzzzzzzzzzz>; HiZ drive
v0x55efe47b45e0_311 .net v0x55efe47b45e0 311, 15 0, o0x7f616e09c188; 0 drivers
o0x7f616e09c1b8 .functor BUFZ 16, C4<zzzzzzzzzzzzzzzz>; HiZ drive
v0x55efe47b45e0_312 .net v0x55efe47b45e0 312, 15 0, o0x7f616e09c1b8; 0 drivers
o0x7f616e09c1e8 .functor BUFZ 16, C4<zzzzzzzzzzzzzzzz>; HiZ drive
v0x55efe47b45e0_313 .net v0x55efe47b45e0 313, 15 0, o0x7f616e09c1e8; 0 drivers
o0x7f616e09c218 .functor BUFZ 16, C4<zzzzzzzzzzzzzzzz>; HiZ drive
v0x55efe47b45e0_314 .net v0x55efe47b45e0 314, 15 0, o0x7f616e09c218; 0 drivers
o0x7f616e09c248 .functor BUFZ 16, C4<zzzzzzzzzzzzzzzz>; HiZ drive
v0x55efe47b45e0_315 .net v0x55efe47b45e0 315, 15 0, o0x7f616e09c248; 0 drivers
o0x7f616e09c278 .functor BUFZ 16, C4<zzzzzzzzzzzzzzzz>; HiZ drive
v0x55efe47b45e0_316 .net v0x55efe47b45e0 316, 15 0, o0x7f616e09c278; 0 drivers
o0x7f616e09c2a8 .functor BUFZ 16, C4<zzzzzzzzzzzzzzzz>; HiZ drive
v0x55efe47b45e0_317 .net v0x55efe47b45e0 317, 15 0, o0x7f616e09c2a8; 0 drivers
o0x7f616e09c2d8 .functor BUFZ 16, C4<zzzzzzzzzzzzzzzz>; HiZ drive
v0x55efe47b45e0_318 .net v0x55efe47b45e0 318, 15 0, o0x7f616e09c2d8; 0 drivers
o0x7f616e09c308 .functor BUFZ 16, C4<zzzzzzzzzzzzzzzz>; HiZ drive
v0x55efe47b45e0_319 .net v0x55efe47b45e0 319, 15 0, o0x7f616e09c308; 0 drivers
o0x7f616e09c338 .functor BUFZ 16, C4<zzzzzzzzzzzzzzzz>; HiZ drive
v0x55efe47b45e0_320 .net v0x55efe47b45e0 320, 15 0, o0x7f616e09c338; 0 drivers
o0x7f616e09c368 .functor BUFZ 16, C4<zzzzzzzzzzzzzzzz>; HiZ drive
v0x55efe47b45e0_321 .net v0x55efe47b45e0 321, 15 0, o0x7f616e09c368; 0 drivers
o0x7f616e09c398 .functor BUFZ 16, C4<zzzzzzzzzzzzzzzz>; HiZ drive
v0x55efe47b45e0_322 .net v0x55efe47b45e0 322, 15 0, o0x7f616e09c398; 0 drivers
o0x7f616e09c3c8 .functor BUFZ 16, C4<zzzzzzzzzzzzzzzz>; HiZ drive
v0x55efe47b45e0_323 .net v0x55efe47b45e0 323, 15 0, o0x7f616e09c3c8; 0 drivers
o0x7f616e09c3f8 .functor BUFZ 16, C4<zzzzzzzzzzzzzzzz>; HiZ drive
v0x55efe47b45e0_324 .net v0x55efe47b45e0 324, 15 0, o0x7f616e09c3f8; 0 drivers
o0x7f616e09c428 .functor BUFZ 16, C4<zzzzzzzzzzzzzzzz>; HiZ drive
v0x55efe47b45e0_325 .net v0x55efe47b45e0 325, 15 0, o0x7f616e09c428; 0 drivers
o0x7f616e09c458 .functor BUFZ 16, C4<zzzzzzzzzzzzzzzz>; HiZ drive
v0x55efe47b45e0_326 .net v0x55efe47b45e0 326, 15 0, o0x7f616e09c458; 0 drivers
o0x7f616e09c488 .functor BUFZ 16, C4<zzzzzzzzzzzzzzzz>; HiZ drive
v0x55efe47b45e0_327 .net v0x55efe47b45e0 327, 15 0, o0x7f616e09c488; 0 drivers
o0x7f616e09c4b8 .functor BUFZ 16, C4<zzzzzzzzzzzzzzzz>; HiZ drive
v0x55efe47b45e0_328 .net v0x55efe47b45e0 328, 15 0, o0x7f616e09c4b8; 0 drivers
o0x7f616e09c4e8 .functor BUFZ 16, C4<zzzzzzzzzzzzzzzz>; HiZ drive
v0x55efe47b45e0_329 .net v0x55efe47b45e0 329, 15 0, o0x7f616e09c4e8; 0 drivers
o0x7f616e09c518 .functor BUFZ 16, C4<zzzzzzzzzzzzzzzz>; HiZ drive
v0x55efe47b45e0_330 .net v0x55efe47b45e0 330, 15 0, o0x7f616e09c518; 0 drivers
o0x7f616e09c548 .functor BUFZ 16, C4<zzzzzzzzzzzzzzzz>; HiZ drive
v0x55efe47b45e0_331 .net v0x55efe47b45e0 331, 15 0, o0x7f616e09c548; 0 drivers
o0x7f616e09c578 .functor BUFZ 16, C4<zzzzzzzzzzzzzzzz>; HiZ drive
v0x55efe47b45e0_332 .net v0x55efe47b45e0 332, 15 0, o0x7f616e09c578; 0 drivers
o0x7f616e09c5a8 .functor BUFZ 16, C4<zzzzzzzzzzzzzzzz>; HiZ drive
v0x55efe47b45e0_333 .net v0x55efe47b45e0 333, 15 0, o0x7f616e09c5a8; 0 drivers
o0x7f616e09c5d8 .functor BUFZ 16, C4<zzzzzzzzzzzzzzzz>; HiZ drive
v0x55efe47b45e0_334 .net v0x55efe47b45e0 334, 15 0, o0x7f616e09c5d8; 0 drivers
o0x7f616e09c608 .functor BUFZ 16, C4<zzzzzzzzzzzzzzzz>; HiZ drive
v0x55efe47b45e0_335 .net v0x55efe47b45e0 335, 15 0, o0x7f616e09c608; 0 drivers
o0x7f616e09c638 .functor BUFZ 16, C4<zzzzzzzzzzzzzzzz>; HiZ drive
v0x55efe47b45e0_336 .net v0x55efe47b45e0 336, 15 0, o0x7f616e09c638; 0 drivers
o0x7f616e09c668 .functor BUFZ 16, C4<zzzzzzzzzzzzzzzz>; HiZ drive
v0x55efe47b45e0_337 .net v0x55efe47b45e0 337, 15 0, o0x7f616e09c668; 0 drivers
o0x7f616e09c698 .functor BUFZ 16, C4<zzzzzzzzzzzzzzzz>; HiZ drive
v0x55efe47b45e0_338 .net v0x55efe47b45e0 338, 15 0, o0x7f616e09c698; 0 drivers
o0x7f616e09c6c8 .functor BUFZ 16, C4<zzzzzzzzzzzzzzzz>; HiZ drive
v0x55efe47b45e0_339 .net v0x55efe47b45e0 339, 15 0, o0x7f616e09c6c8; 0 drivers
o0x7f616e09c6f8 .functor BUFZ 16, C4<zzzzzzzzzzzzzzzz>; HiZ drive
v0x55efe47b45e0_340 .net v0x55efe47b45e0 340, 15 0, o0x7f616e09c6f8; 0 drivers
o0x7f616e09c728 .functor BUFZ 16, C4<zzzzzzzzzzzzzzzz>; HiZ drive
v0x55efe47b45e0_341 .net v0x55efe47b45e0 341, 15 0, o0x7f616e09c728; 0 drivers
o0x7f616e09c758 .functor BUFZ 16, C4<zzzzzzzzzzzzzzzz>; HiZ drive
v0x55efe47b45e0_342 .net v0x55efe47b45e0 342, 15 0, o0x7f616e09c758; 0 drivers
o0x7f616e09c788 .functor BUFZ 16, C4<zzzzzzzzzzzzzzzz>; HiZ drive
v0x55efe47b45e0_343 .net v0x55efe47b45e0 343, 15 0, o0x7f616e09c788; 0 drivers
o0x7f616e09c7b8 .functor BUFZ 16, C4<zzzzzzzzzzzzzzzz>; HiZ drive
v0x55efe47b45e0_344 .net v0x55efe47b45e0 344, 15 0, o0x7f616e09c7b8; 0 drivers
o0x7f616e09c7e8 .functor BUFZ 16, C4<zzzzzzzzzzzzzzzz>; HiZ drive
v0x55efe47b45e0_345 .net v0x55efe47b45e0 345, 15 0, o0x7f616e09c7e8; 0 drivers
o0x7f616e09c818 .functor BUFZ 16, C4<zzzzzzzzzzzzzzzz>; HiZ drive
v0x55efe47b45e0_346 .net v0x55efe47b45e0 346, 15 0, o0x7f616e09c818; 0 drivers
o0x7f616e09c848 .functor BUFZ 16, C4<zzzzzzzzzzzzzzzz>; HiZ drive
v0x55efe47b45e0_347 .net v0x55efe47b45e0 347, 15 0, o0x7f616e09c848; 0 drivers
o0x7f616e09c878 .functor BUFZ 16, C4<zzzzzzzzzzzzzzzz>; HiZ drive
v0x55efe47b45e0_348 .net v0x55efe47b45e0 348, 15 0, o0x7f616e09c878; 0 drivers
o0x7f616e09c8a8 .functor BUFZ 16, C4<zzzzzzzzzzzzzzzz>; HiZ drive
v0x55efe47b45e0_349 .net v0x55efe47b45e0 349, 15 0, o0x7f616e09c8a8; 0 drivers
o0x7f616e09c8d8 .functor BUFZ 16, C4<zzzzzzzzzzzzzzzz>; HiZ drive
v0x55efe47b45e0_350 .net v0x55efe47b45e0 350, 15 0, o0x7f616e09c8d8; 0 drivers
o0x7f616e09c908 .functor BUFZ 16, C4<zzzzzzzzzzzzzzzz>; HiZ drive
v0x55efe47b45e0_351 .net v0x55efe47b45e0 351, 15 0, o0x7f616e09c908; 0 drivers
o0x7f616e09c938 .functor BUFZ 16, C4<zzzzzzzzzzzzzzzz>; HiZ drive
v0x55efe47b45e0_352 .net v0x55efe47b45e0 352, 15 0, o0x7f616e09c938; 0 drivers
o0x7f616e09c968 .functor BUFZ 16, C4<zzzzzzzzzzzzzzzz>; HiZ drive
v0x55efe47b45e0_353 .net v0x55efe47b45e0 353, 15 0, o0x7f616e09c968; 0 drivers
o0x7f616e09c998 .functor BUFZ 16, C4<zzzzzzzzzzzzzzzz>; HiZ drive
v0x55efe47b45e0_354 .net v0x55efe47b45e0 354, 15 0, o0x7f616e09c998; 0 drivers
o0x7f616e09c9c8 .functor BUFZ 16, C4<zzzzzzzzzzzzzzzz>; HiZ drive
v0x55efe47b45e0_355 .net v0x55efe47b45e0 355, 15 0, o0x7f616e09c9c8; 0 drivers
o0x7f616e09c9f8 .functor BUFZ 16, C4<zzzzzzzzzzzzzzzz>; HiZ drive
v0x55efe47b45e0_356 .net v0x55efe47b45e0 356, 15 0, o0x7f616e09c9f8; 0 drivers
o0x7f616e09ca28 .functor BUFZ 16, C4<zzzzzzzzzzzzzzzz>; HiZ drive
v0x55efe47b45e0_357 .net v0x55efe47b45e0 357, 15 0, o0x7f616e09ca28; 0 drivers
o0x7f616e09ca58 .functor BUFZ 16, C4<zzzzzzzzzzzzzzzz>; HiZ drive
v0x55efe47b45e0_358 .net v0x55efe47b45e0 358, 15 0, o0x7f616e09ca58; 0 drivers
o0x7f616e09ca88 .functor BUFZ 16, C4<zzzzzzzzzzzzzzzz>; HiZ drive
v0x55efe47b45e0_359 .net v0x55efe47b45e0 359, 15 0, o0x7f616e09ca88; 0 drivers
o0x7f616e09cab8 .functor BUFZ 16, C4<zzzzzzzzzzzzzzzz>; HiZ drive
v0x55efe47b45e0_360 .net v0x55efe47b45e0 360, 15 0, o0x7f616e09cab8; 0 drivers
o0x7f616e09cae8 .functor BUFZ 16, C4<zzzzzzzzzzzzzzzz>; HiZ drive
v0x55efe47b45e0_361 .net v0x55efe47b45e0 361, 15 0, o0x7f616e09cae8; 0 drivers
o0x7f616e09cb18 .functor BUFZ 16, C4<zzzzzzzzzzzzzzzz>; HiZ drive
v0x55efe47b45e0_362 .net v0x55efe47b45e0 362, 15 0, o0x7f616e09cb18; 0 drivers
o0x7f616e09cb48 .functor BUFZ 16, C4<zzzzzzzzzzzzzzzz>; HiZ drive
v0x55efe47b45e0_363 .net v0x55efe47b45e0 363, 15 0, o0x7f616e09cb48; 0 drivers
o0x7f616e09cb78 .functor BUFZ 16, C4<zzzzzzzzzzzzzzzz>; HiZ drive
v0x55efe47b45e0_364 .net v0x55efe47b45e0 364, 15 0, o0x7f616e09cb78; 0 drivers
o0x7f616e09cba8 .functor BUFZ 16, C4<zzzzzzzzzzzzzzzz>; HiZ drive
v0x55efe47b45e0_365 .net v0x55efe47b45e0 365, 15 0, o0x7f616e09cba8; 0 drivers
o0x7f616e09cbd8 .functor BUFZ 16, C4<zzzzzzzzzzzzzzzz>; HiZ drive
v0x55efe47b45e0_366 .net v0x55efe47b45e0 366, 15 0, o0x7f616e09cbd8; 0 drivers
o0x7f616e09cc08 .functor BUFZ 16, C4<zzzzzzzzzzzzzzzz>; HiZ drive
v0x55efe47b45e0_367 .net v0x55efe47b45e0 367, 15 0, o0x7f616e09cc08; 0 drivers
o0x7f616e09cc38 .functor BUFZ 16, C4<zzzzzzzzzzzzzzzz>; HiZ drive
v0x55efe47b45e0_368 .net v0x55efe47b45e0 368, 15 0, o0x7f616e09cc38; 0 drivers
o0x7f616e09cc68 .functor BUFZ 16, C4<zzzzzzzzzzzzzzzz>; HiZ drive
v0x55efe47b45e0_369 .net v0x55efe47b45e0 369, 15 0, o0x7f616e09cc68; 0 drivers
o0x7f616e09cc98 .functor BUFZ 16, C4<zzzzzzzzzzzzzzzz>; HiZ drive
v0x55efe47b45e0_370 .net v0x55efe47b45e0 370, 15 0, o0x7f616e09cc98; 0 drivers
o0x7f616e09ccc8 .functor BUFZ 16, C4<zzzzzzzzzzzzzzzz>; HiZ drive
v0x55efe47b45e0_371 .net v0x55efe47b45e0 371, 15 0, o0x7f616e09ccc8; 0 drivers
o0x7f616e09ccf8 .functor BUFZ 16, C4<zzzzzzzzzzzzzzzz>; HiZ drive
v0x55efe47b45e0_372 .net v0x55efe47b45e0 372, 15 0, o0x7f616e09ccf8; 0 drivers
o0x7f616e09cd28 .functor BUFZ 16, C4<zzzzzzzzzzzzzzzz>; HiZ drive
v0x55efe47b45e0_373 .net v0x55efe47b45e0 373, 15 0, o0x7f616e09cd28; 0 drivers
o0x7f616e09cd58 .functor BUFZ 16, C4<zzzzzzzzzzzzzzzz>; HiZ drive
v0x55efe47b45e0_374 .net v0x55efe47b45e0 374, 15 0, o0x7f616e09cd58; 0 drivers
o0x7f616e09cd88 .functor BUFZ 16, C4<zzzzzzzzzzzzzzzz>; HiZ drive
v0x55efe47b45e0_375 .net v0x55efe47b45e0 375, 15 0, o0x7f616e09cd88; 0 drivers
o0x7f616e09cdb8 .functor BUFZ 16, C4<zzzzzzzzzzzzzzzz>; HiZ drive
v0x55efe47b45e0_376 .net v0x55efe47b45e0 376, 15 0, o0x7f616e09cdb8; 0 drivers
o0x7f616e09cde8 .functor BUFZ 16, C4<zzzzzzzzzzzzzzzz>; HiZ drive
v0x55efe47b45e0_377 .net v0x55efe47b45e0 377, 15 0, o0x7f616e09cde8; 0 drivers
o0x7f616e09ce18 .functor BUFZ 16, C4<zzzzzzzzzzzzzzzz>; HiZ drive
v0x55efe47b45e0_378 .net v0x55efe47b45e0 378, 15 0, o0x7f616e09ce18; 0 drivers
o0x7f616e09ce48 .functor BUFZ 16, C4<zzzzzzzzzzzzzzzz>; HiZ drive
v0x55efe47b45e0_379 .net v0x55efe47b45e0 379, 15 0, o0x7f616e09ce48; 0 drivers
o0x7f616e09ce78 .functor BUFZ 16, C4<zzzzzzzzzzzzzzzz>; HiZ drive
v0x55efe47b45e0_380 .net v0x55efe47b45e0 380, 15 0, o0x7f616e09ce78; 0 drivers
o0x7f616e09cea8 .functor BUFZ 16, C4<zzzzzzzzzzzzzzzz>; HiZ drive
v0x55efe47b45e0_381 .net v0x55efe47b45e0 381, 15 0, o0x7f616e09cea8; 0 drivers
o0x7f616e09ced8 .functor BUFZ 16, C4<zzzzzzzzzzzzzzzz>; HiZ drive
v0x55efe47b45e0_382 .net v0x55efe47b45e0 382, 15 0, o0x7f616e09ced8; 0 drivers
o0x7f616e09cf08 .functor BUFZ 16, C4<zzzzzzzzzzzzzzzz>; HiZ drive
v0x55efe47b45e0_383 .net v0x55efe47b45e0 383, 15 0, o0x7f616e09cf08; 0 drivers
o0x7f616e09cf38 .functor BUFZ 16, C4<zzzzzzzzzzzzzzzz>; HiZ drive
v0x55efe47b45e0_384 .net v0x55efe47b45e0 384, 15 0, o0x7f616e09cf38; 0 drivers
o0x7f616e09cf68 .functor BUFZ 16, C4<zzzzzzzzzzzzzzzz>; HiZ drive
v0x55efe47b45e0_385 .net v0x55efe47b45e0 385, 15 0, o0x7f616e09cf68; 0 drivers
o0x7f616e09cf98 .functor BUFZ 16, C4<zzzzzzzzzzzzzzzz>; HiZ drive
v0x55efe47b45e0_386 .net v0x55efe47b45e0 386, 15 0, o0x7f616e09cf98; 0 drivers
o0x7f616e09cfc8 .functor BUFZ 16, C4<zzzzzzzzzzzzzzzz>; HiZ drive
v0x55efe47b45e0_387 .net v0x55efe47b45e0 387, 15 0, o0x7f616e09cfc8; 0 drivers
o0x7f616e09cff8 .functor BUFZ 16, C4<zzzzzzzzzzzzzzzz>; HiZ drive
v0x55efe47b45e0_388 .net v0x55efe47b45e0 388, 15 0, o0x7f616e09cff8; 0 drivers
o0x7f616e09d028 .functor BUFZ 16, C4<zzzzzzzzzzzzzzzz>; HiZ drive
v0x55efe47b45e0_389 .net v0x55efe47b45e0 389, 15 0, o0x7f616e09d028; 0 drivers
o0x7f616e09d058 .functor BUFZ 16, C4<zzzzzzzzzzzzzzzz>; HiZ drive
v0x55efe47b45e0_390 .net v0x55efe47b45e0 390, 15 0, o0x7f616e09d058; 0 drivers
o0x7f616e09d088 .functor BUFZ 16, C4<zzzzzzzzzzzzzzzz>; HiZ drive
v0x55efe47b45e0_391 .net v0x55efe47b45e0 391, 15 0, o0x7f616e09d088; 0 drivers
o0x7f616e09d0b8 .functor BUFZ 16, C4<zzzzzzzzzzzzzzzz>; HiZ drive
v0x55efe47b45e0_392 .net v0x55efe47b45e0 392, 15 0, o0x7f616e09d0b8; 0 drivers
o0x7f616e09d0e8 .functor BUFZ 16, C4<zzzzzzzzzzzzzzzz>; HiZ drive
v0x55efe47b45e0_393 .net v0x55efe47b45e0 393, 15 0, o0x7f616e09d0e8; 0 drivers
o0x7f616e09d118 .functor BUFZ 16, C4<zzzzzzzzzzzzzzzz>; HiZ drive
v0x55efe47b45e0_394 .net v0x55efe47b45e0 394, 15 0, o0x7f616e09d118; 0 drivers
o0x7f616e09d148 .functor BUFZ 16, C4<zzzzzzzzzzzzzzzz>; HiZ drive
v0x55efe47b45e0_395 .net v0x55efe47b45e0 395, 15 0, o0x7f616e09d148; 0 drivers
o0x7f616e09d178 .functor BUFZ 16, C4<zzzzzzzzzzzzzzzz>; HiZ drive
v0x55efe47b45e0_396 .net v0x55efe47b45e0 396, 15 0, o0x7f616e09d178; 0 drivers
o0x7f616e09d1a8 .functor BUFZ 16, C4<zzzzzzzzzzzzzzzz>; HiZ drive
v0x55efe47b45e0_397 .net v0x55efe47b45e0 397, 15 0, o0x7f616e09d1a8; 0 drivers
o0x7f616e09d1d8 .functor BUFZ 16, C4<zzzzzzzzzzzzzzzz>; HiZ drive
v0x55efe47b45e0_398 .net v0x55efe47b45e0 398, 15 0, o0x7f616e09d1d8; 0 drivers
o0x7f616e09d208 .functor BUFZ 16, C4<zzzzzzzzzzzzzzzz>; HiZ drive
v0x55efe47b45e0_399 .net v0x55efe47b45e0 399, 15 0, o0x7f616e09d208; 0 drivers
o0x7f616e09d238 .functor BUFZ 16, C4<zzzzzzzzzzzzzzzz>; HiZ drive
v0x55efe47b45e0_400 .net v0x55efe47b45e0 400, 15 0, o0x7f616e09d238; 0 drivers
o0x7f616e09d268 .functor BUFZ 16, C4<zzzzzzzzzzzzzzzz>; HiZ drive
v0x55efe47b45e0_401 .net v0x55efe47b45e0 401, 15 0, o0x7f616e09d268; 0 drivers
o0x7f616e09d298 .functor BUFZ 16, C4<zzzzzzzzzzzzzzzz>; HiZ drive
v0x55efe47b45e0_402 .net v0x55efe47b45e0 402, 15 0, o0x7f616e09d298; 0 drivers
o0x7f616e09d2c8 .functor BUFZ 16, C4<zzzzzzzzzzzzzzzz>; HiZ drive
v0x55efe47b45e0_403 .net v0x55efe47b45e0 403, 15 0, o0x7f616e09d2c8; 0 drivers
o0x7f616e09d2f8 .functor BUFZ 16, C4<zzzzzzzzzzzzzzzz>; HiZ drive
v0x55efe47b45e0_404 .net v0x55efe47b45e0 404, 15 0, o0x7f616e09d2f8; 0 drivers
o0x7f616e09d328 .functor BUFZ 16, C4<zzzzzzzzzzzzzzzz>; HiZ drive
v0x55efe47b45e0_405 .net v0x55efe47b45e0 405, 15 0, o0x7f616e09d328; 0 drivers
o0x7f616e09d358 .functor BUFZ 16, C4<zzzzzzzzzzzzzzzz>; HiZ drive
v0x55efe47b45e0_406 .net v0x55efe47b45e0 406, 15 0, o0x7f616e09d358; 0 drivers
o0x7f616e09d388 .functor BUFZ 16, C4<zzzzzzzzzzzzzzzz>; HiZ drive
v0x55efe47b45e0_407 .net v0x55efe47b45e0 407, 15 0, o0x7f616e09d388; 0 drivers
o0x7f616e09d3b8 .functor BUFZ 16, C4<zzzzzzzzzzzzzzzz>; HiZ drive
v0x55efe47b45e0_408 .net v0x55efe47b45e0 408, 15 0, o0x7f616e09d3b8; 0 drivers
o0x7f616e09d3e8 .functor BUFZ 16, C4<zzzzzzzzzzzzzzzz>; HiZ drive
v0x55efe47b45e0_409 .net v0x55efe47b45e0 409, 15 0, o0x7f616e09d3e8; 0 drivers
o0x7f616e09d418 .functor BUFZ 16, C4<zzzzzzzzzzzzzzzz>; HiZ drive
v0x55efe47b45e0_410 .net v0x55efe47b45e0 410, 15 0, o0x7f616e09d418; 0 drivers
o0x7f616e09d448 .functor BUFZ 16, C4<zzzzzzzzzzzzzzzz>; HiZ drive
v0x55efe47b45e0_411 .net v0x55efe47b45e0 411, 15 0, o0x7f616e09d448; 0 drivers
o0x7f616e09d478 .functor BUFZ 16, C4<zzzzzzzzzzzzzzzz>; HiZ drive
v0x55efe47b45e0_412 .net v0x55efe47b45e0 412, 15 0, o0x7f616e09d478; 0 drivers
o0x7f616e09d4a8 .functor BUFZ 16, C4<zzzzzzzzzzzzzzzz>; HiZ drive
v0x55efe47b45e0_413 .net v0x55efe47b45e0 413, 15 0, o0x7f616e09d4a8; 0 drivers
o0x7f616e09d4d8 .functor BUFZ 16, C4<zzzzzzzzzzzzzzzz>; HiZ drive
v0x55efe47b45e0_414 .net v0x55efe47b45e0 414, 15 0, o0x7f616e09d4d8; 0 drivers
o0x7f616e09d508 .functor BUFZ 16, C4<zzzzzzzzzzzzzzzz>; HiZ drive
v0x55efe47b45e0_415 .net v0x55efe47b45e0 415, 15 0, o0x7f616e09d508; 0 drivers
o0x7f616e09d538 .functor BUFZ 16, C4<zzzzzzzzzzzzzzzz>; HiZ drive
v0x55efe47b45e0_416 .net v0x55efe47b45e0 416, 15 0, o0x7f616e09d538; 0 drivers
o0x7f616e09d568 .functor BUFZ 16, C4<zzzzzzzzzzzzzzzz>; HiZ drive
v0x55efe47b45e0_417 .net v0x55efe47b45e0 417, 15 0, o0x7f616e09d568; 0 drivers
o0x7f616e09d598 .functor BUFZ 16, C4<zzzzzzzzzzzzzzzz>; HiZ drive
v0x55efe47b45e0_418 .net v0x55efe47b45e0 418, 15 0, o0x7f616e09d598; 0 drivers
o0x7f616e09d5c8 .functor BUFZ 16, C4<zzzzzzzzzzzzzzzz>; HiZ drive
v0x55efe47b45e0_419 .net v0x55efe47b45e0 419, 15 0, o0x7f616e09d5c8; 0 drivers
o0x7f616e09d5f8 .functor BUFZ 16, C4<zzzzzzzzzzzzzzzz>; HiZ drive
v0x55efe47b45e0_420 .net v0x55efe47b45e0 420, 15 0, o0x7f616e09d5f8; 0 drivers
o0x7f616e09d628 .functor BUFZ 16, C4<zzzzzzzzzzzzzzzz>; HiZ drive
v0x55efe47b45e0_421 .net v0x55efe47b45e0 421, 15 0, o0x7f616e09d628; 0 drivers
o0x7f616e09d658 .functor BUFZ 16, C4<zzzzzzzzzzzzzzzz>; HiZ drive
v0x55efe47b45e0_422 .net v0x55efe47b45e0 422, 15 0, o0x7f616e09d658; 0 drivers
o0x7f616e09d688 .functor BUFZ 16, C4<zzzzzzzzzzzzzzzz>; HiZ drive
v0x55efe47b45e0_423 .net v0x55efe47b45e0 423, 15 0, o0x7f616e09d688; 0 drivers
o0x7f616e09d6b8 .functor BUFZ 16, C4<zzzzzzzzzzzzzzzz>; HiZ drive
v0x55efe47b45e0_424 .net v0x55efe47b45e0 424, 15 0, o0x7f616e09d6b8; 0 drivers
o0x7f616e09d6e8 .functor BUFZ 16, C4<zzzzzzzzzzzzzzzz>; HiZ drive
v0x55efe47b45e0_425 .net v0x55efe47b45e0 425, 15 0, o0x7f616e09d6e8; 0 drivers
o0x7f616e09d718 .functor BUFZ 16, C4<zzzzzzzzzzzzzzzz>; HiZ drive
v0x55efe47b45e0_426 .net v0x55efe47b45e0 426, 15 0, o0x7f616e09d718; 0 drivers
o0x7f616e09d748 .functor BUFZ 16, C4<zzzzzzzzzzzzzzzz>; HiZ drive
v0x55efe47b45e0_427 .net v0x55efe47b45e0 427, 15 0, o0x7f616e09d748; 0 drivers
o0x7f616e09d778 .functor BUFZ 16, C4<zzzzzzzzzzzzzzzz>; HiZ drive
v0x55efe47b45e0_428 .net v0x55efe47b45e0 428, 15 0, o0x7f616e09d778; 0 drivers
o0x7f616e09d7a8 .functor BUFZ 16, C4<zzzzzzzzzzzzzzzz>; HiZ drive
v0x55efe47b45e0_429 .net v0x55efe47b45e0 429, 15 0, o0x7f616e09d7a8; 0 drivers
o0x7f616e09d7d8 .functor BUFZ 16, C4<zzzzzzzzzzzzzzzz>; HiZ drive
v0x55efe47b45e0_430 .net v0x55efe47b45e0 430, 15 0, o0x7f616e09d7d8; 0 drivers
o0x7f616e09d808 .functor BUFZ 16, C4<zzzzzzzzzzzzzzzz>; HiZ drive
v0x55efe47b45e0_431 .net v0x55efe47b45e0 431, 15 0, o0x7f616e09d808; 0 drivers
o0x7f616e09d838 .functor BUFZ 16, C4<zzzzzzzzzzzzzzzz>; HiZ drive
v0x55efe47b45e0_432 .net v0x55efe47b45e0 432, 15 0, o0x7f616e09d838; 0 drivers
o0x7f616e09d868 .functor BUFZ 16, C4<zzzzzzzzzzzzzzzz>; HiZ drive
v0x55efe47b45e0_433 .net v0x55efe47b45e0 433, 15 0, o0x7f616e09d868; 0 drivers
o0x7f616e09d898 .functor BUFZ 16, C4<zzzzzzzzzzzzzzzz>; HiZ drive
v0x55efe47b45e0_434 .net v0x55efe47b45e0 434, 15 0, o0x7f616e09d898; 0 drivers
o0x7f616e09d8c8 .functor BUFZ 16, C4<zzzzzzzzzzzzzzzz>; HiZ drive
v0x55efe47b45e0_435 .net v0x55efe47b45e0 435, 15 0, o0x7f616e09d8c8; 0 drivers
o0x7f616e09d8f8 .functor BUFZ 16, C4<zzzzzzzzzzzzzzzz>; HiZ drive
v0x55efe47b45e0_436 .net v0x55efe47b45e0 436, 15 0, o0x7f616e09d8f8; 0 drivers
o0x7f616e09d928 .functor BUFZ 16, C4<zzzzzzzzzzzzzzzz>; HiZ drive
v0x55efe47b45e0_437 .net v0x55efe47b45e0 437, 15 0, o0x7f616e09d928; 0 drivers
o0x7f616e09d958 .functor BUFZ 16, C4<zzzzzzzzzzzzzzzz>; HiZ drive
v0x55efe47b45e0_438 .net v0x55efe47b45e0 438, 15 0, o0x7f616e09d958; 0 drivers
o0x7f616e09d988 .functor BUFZ 16, C4<zzzzzzzzzzzzzzzz>; HiZ drive
v0x55efe47b45e0_439 .net v0x55efe47b45e0 439, 15 0, o0x7f616e09d988; 0 drivers
o0x7f616e09d9b8 .functor BUFZ 16, C4<zzzzzzzzzzzzzzzz>; HiZ drive
v0x55efe47b45e0_440 .net v0x55efe47b45e0 440, 15 0, o0x7f616e09d9b8; 0 drivers
o0x7f616e09d9e8 .functor BUFZ 16, C4<zzzzzzzzzzzzzzzz>; HiZ drive
v0x55efe47b45e0_441 .net v0x55efe47b45e0 441, 15 0, o0x7f616e09d9e8; 0 drivers
o0x7f616e09da18 .functor BUFZ 16, C4<zzzzzzzzzzzzzzzz>; HiZ drive
v0x55efe47b45e0_442 .net v0x55efe47b45e0 442, 15 0, o0x7f616e09da18; 0 drivers
o0x7f616e09da48 .functor BUFZ 16, C4<zzzzzzzzzzzzzzzz>; HiZ drive
v0x55efe47b45e0_443 .net v0x55efe47b45e0 443, 15 0, o0x7f616e09da48; 0 drivers
o0x7f616e09da78 .functor BUFZ 16, C4<zzzzzzzzzzzzzzzz>; HiZ drive
v0x55efe47b45e0_444 .net v0x55efe47b45e0 444, 15 0, o0x7f616e09da78; 0 drivers
o0x7f616e09daa8 .functor BUFZ 16, C4<zzzzzzzzzzzzzzzz>; HiZ drive
v0x55efe47b45e0_445 .net v0x55efe47b45e0 445, 15 0, o0x7f616e09daa8; 0 drivers
o0x7f616e09dad8 .functor BUFZ 16, C4<zzzzzzzzzzzzzzzz>; HiZ drive
v0x55efe47b45e0_446 .net v0x55efe47b45e0 446, 15 0, o0x7f616e09dad8; 0 drivers
o0x7f616e09db08 .functor BUFZ 16, C4<zzzzzzzzzzzzzzzz>; HiZ drive
v0x55efe47b45e0_447 .net v0x55efe47b45e0 447, 15 0, o0x7f616e09db08; 0 drivers
o0x7f616e09db38 .functor BUFZ 16, C4<zzzzzzzzzzzzzzzz>; HiZ drive
v0x55efe47b45e0_448 .net v0x55efe47b45e0 448, 15 0, o0x7f616e09db38; 0 drivers
o0x7f616e09db68 .functor BUFZ 16, C4<zzzzzzzzzzzzzzzz>; HiZ drive
v0x55efe47b45e0_449 .net v0x55efe47b45e0 449, 15 0, o0x7f616e09db68; 0 drivers
o0x7f616e09db98 .functor BUFZ 16, C4<zzzzzzzzzzzzzzzz>; HiZ drive
v0x55efe47b45e0_450 .net v0x55efe47b45e0 450, 15 0, o0x7f616e09db98; 0 drivers
o0x7f616e09dbc8 .functor BUFZ 16, C4<zzzzzzzzzzzzzzzz>; HiZ drive
v0x55efe47b45e0_451 .net v0x55efe47b45e0 451, 15 0, o0x7f616e09dbc8; 0 drivers
o0x7f616e09dbf8 .functor BUFZ 16, C4<zzzzzzzzzzzzzzzz>; HiZ drive
v0x55efe47b45e0_452 .net v0x55efe47b45e0 452, 15 0, o0x7f616e09dbf8; 0 drivers
o0x7f616e09dc28 .functor BUFZ 16, C4<zzzzzzzzzzzzzzzz>; HiZ drive
v0x55efe47b45e0_453 .net v0x55efe47b45e0 453, 15 0, o0x7f616e09dc28; 0 drivers
o0x7f616e09dc58 .functor BUFZ 16, C4<zzzzzzzzzzzzzzzz>; HiZ drive
v0x55efe47b45e0_454 .net v0x55efe47b45e0 454, 15 0, o0x7f616e09dc58; 0 drivers
o0x7f616e09dc88 .functor BUFZ 16, C4<zzzzzzzzzzzzzzzz>; HiZ drive
v0x55efe47b45e0_455 .net v0x55efe47b45e0 455, 15 0, o0x7f616e09dc88; 0 drivers
o0x7f616e09dcb8 .functor BUFZ 16, C4<zzzzzzzzzzzzzzzz>; HiZ drive
v0x55efe47b45e0_456 .net v0x55efe47b45e0 456, 15 0, o0x7f616e09dcb8; 0 drivers
o0x7f616e09dce8 .functor BUFZ 16, C4<zzzzzzzzzzzzzzzz>; HiZ drive
v0x55efe47b45e0_457 .net v0x55efe47b45e0 457, 15 0, o0x7f616e09dce8; 0 drivers
o0x7f616e09dd18 .functor BUFZ 16, C4<zzzzzzzzzzzzzzzz>; HiZ drive
v0x55efe47b45e0_458 .net v0x55efe47b45e0 458, 15 0, o0x7f616e09dd18; 0 drivers
o0x7f616e09dd48 .functor BUFZ 16, C4<zzzzzzzzzzzzzzzz>; HiZ drive
v0x55efe47b45e0_459 .net v0x55efe47b45e0 459, 15 0, o0x7f616e09dd48; 0 drivers
o0x7f616e09dd78 .functor BUFZ 16, C4<zzzzzzzzzzzzzzzz>; HiZ drive
v0x55efe47b45e0_460 .net v0x55efe47b45e0 460, 15 0, o0x7f616e09dd78; 0 drivers
o0x7f616e09dda8 .functor BUFZ 16, C4<zzzzzzzzzzzzzzzz>; HiZ drive
v0x55efe47b45e0_461 .net v0x55efe47b45e0 461, 15 0, o0x7f616e09dda8; 0 drivers
o0x7f616e09ddd8 .functor BUFZ 16, C4<zzzzzzzzzzzzzzzz>; HiZ drive
v0x55efe47b45e0_462 .net v0x55efe47b45e0 462, 15 0, o0x7f616e09ddd8; 0 drivers
o0x7f616e09de08 .functor BUFZ 16, C4<zzzzzzzzzzzzzzzz>; HiZ drive
v0x55efe47b45e0_463 .net v0x55efe47b45e0 463, 15 0, o0x7f616e09de08; 0 drivers
o0x7f616e09de38 .functor BUFZ 16, C4<zzzzzzzzzzzzzzzz>; HiZ drive
v0x55efe47b45e0_464 .net v0x55efe47b45e0 464, 15 0, o0x7f616e09de38; 0 drivers
o0x7f616e09de68 .functor BUFZ 16, C4<zzzzzzzzzzzzzzzz>; HiZ drive
v0x55efe47b45e0_465 .net v0x55efe47b45e0 465, 15 0, o0x7f616e09de68; 0 drivers
o0x7f616e09de98 .functor BUFZ 16, C4<zzzzzzzzzzzzzzzz>; HiZ drive
v0x55efe47b45e0_466 .net v0x55efe47b45e0 466, 15 0, o0x7f616e09de98; 0 drivers
o0x7f616e09dec8 .functor BUFZ 16, C4<zzzzzzzzzzzzzzzz>; HiZ drive
v0x55efe47b45e0_467 .net v0x55efe47b45e0 467, 15 0, o0x7f616e09dec8; 0 drivers
o0x7f616e09def8 .functor BUFZ 16, C4<zzzzzzzzzzzzzzzz>; HiZ drive
v0x55efe47b45e0_468 .net v0x55efe47b45e0 468, 15 0, o0x7f616e09def8; 0 drivers
o0x7f616e09df28 .functor BUFZ 16, C4<zzzzzzzzzzzzzzzz>; HiZ drive
v0x55efe47b45e0_469 .net v0x55efe47b45e0 469, 15 0, o0x7f616e09df28; 0 drivers
o0x7f616e09df58 .functor BUFZ 16, C4<zzzzzzzzzzzzzzzz>; HiZ drive
v0x55efe47b45e0_470 .net v0x55efe47b45e0 470, 15 0, o0x7f616e09df58; 0 drivers
o0x7f616e09df88 .functor BUFZ 16, C4<zzzzzzzzzzzzzzzz>; HiZ drive
v0x55efe47b45e0_471 .net v0x55efe47b45e0 471, 15 0, o0x7f616e09df88; 0 drivers
o0x7f616e09dfb8 .functor BUFZ 16, C4<zzzzzzzzzzzzzzzz>; HiZ drive
v0x55efe47b45e0_472 .net v0x55efe47b45e0 472, 15 0, o0x7f616e09dfb8; 0 drivers
o0x7f616e09dfe8 .functor BUFZ 16, C4<zzzzzzzzzzzzzzzz>; HiZ drive
v0x55efe47b45e0_473 .net v0x55efe47b45e0 473, 15 0, o0x7f616e09dfe8; 0 drivers
o0x7f616e09e018 .functor BUFZ 16, C4<zzzzzzzzzzzzzzzz>; HiZ drive
v0x55efe47b45e0_474 .net v0x55efe47b45e0 474, 15 0, o0x7f616e09e018; 0 drivers
o0x7f616e09e048 .functor BUFZ 16, C4<zzzzzzzzzzzzzzzz>; HiZ drive
v0x55efe47b45e0_475 .net v0x55efe47b45e0 475, 15 0, o0x7f616e09e048; 0 drivers
o0x7f616e09e078 .functor BUFZ 16, C4<zzzzzzzzzzzzzzzz>; HiZ drive
v0x55efe47b45e0_476 .net v0x55efe47b45e0 476, 15 0, o0x7f616e09e078; 0 drivers
o0x7f616e09e0a8 .functor BUFZ 16, C4<zzzzzzzzzzzzzzzz>; HiZ drive
v0x55efe47b45e0_477 .net v0x55efe47b45e0 477, 15 0, o0x7f616e09e0a8; 0 drivers
o0x7f616e09e0d8 .functor BUFZ 16, C4<zzzzzzzzzzzzzzzz>; HiZ drive
v0x55efe47b45e0_478 .net v0x55efe47b45e0 478, 15 0, o0x7f616e09e0d8; 0 drivers
o0x7f616e09e108 .functor BUFZ 16, C4<zzzzzzzzzzzzzzzz>; HiZ drive
v0x55efe47b45e0_479 .net v0x55efe47b45e0 479, 15 0, o0x7f616e09e108; 0 drivers
o0x7f616e09e138 .functor BUFZ 16, C4<zzzzzzzzzzzzzzzz>; HiZ drive
v0x55efe47b45e0_480 .net v0x55efe47b45e0 480, 15 0, o0x7f616e09e138; 0 drivers
o0x7f616e09e168 .functor BUFZ 16, C4<zzzzzzzzzzzzzzzz>; HiZ drive
v0x55efe47b45e0_481 .net v0x55efe47b45e0 481, 15 0, o0x7f616e09e168; 0 drivers
o0x7f616e09e198 .functor BUFZ 16, C4<zzzzzzzzzzzzzzzz>; HiZ drive
v0x55efe47b45e0_482 .net v0x55efe47b45e0 482, 15 0, o0x7f616e09e198; 0 drivers
o0x7f616e09e1c8 .functor BUFZ 16, C4<zzzzzzzzzzzzzzzz>; HiZ drive
v0x55efe47b45e0_483 .net v0x55efe47b45e0 483, 15 0, o0x7f616e09e1c8; 0 drivers
o0x7f616e09e1f8 .functor BUFZ 16, C4<zzzzzzzzzzzzzzzz>; HiZ drive
v0x55efe47b45e0_484 .net v0x55efe47b45e0 484, 15 0, o0x7f616e09e1f8; 0 drivers
o0x7f616e09e228 .functor BUFZ 16, C4<zzzzzzzzzzzzzzzz>; HiZ drive
v0x55efe47b45e0_485 .net v0x55efe47b45e0 485, 15 0, o0x7f616e09e228; 0 drivers
o0x7f616e09e258 .functor BUFZ 16, C4<zzzzzzzzzzzzzzzz>; HiZ drive
v0x55efe47b45e0_486 .net v0x55efe47b45e0 486, 15 0, o0x7f616e09e258; 0 drivers
o0x7f616e09e288 .functor BUFZ 16, C4<zzzzzzzzzzzzzzzz>; HiZ drive
v0x55efe47b45e0_487 .net v0x55efe47b45e0 487, 15 0, o0x7f616e09e288; 0 drivers
o0x7f616e09e2b8 .functor BUFZ 16, C4<zzzzzzzzzzzzzzzz>; HiZ drive
v0x55efe47b45e0_488 .net v0x55efe47b45e0 488, 15 0, o0x7f616e09e2b8; 0 drivers
o0x7f616e09e2e8 .functor BUFZ 16, C4<zzzzzzzzzzzzzzzz>; HiZ drive
v0x55efe47b45e0_489 .net v0x55efe47b45e0 489, 15 0, o0x7f616e09e2e8; 0 drivers
o0x7f616e09e318 .functor BUFZ 16, C4<zzzzzzzzzzzzzzzz>; HiZ drive
v0x55efe47b45e0_490 .net v0x55efe47b45e0 490, 15 0, o0x7f616e09e318; 0 drivers
o0x7f616e09e348 .functor BUFZ 16, C4<zzzzzzzzzzzzzzzz>; HiZ drive
v0x55efe47b45e0_491 .net v0x55efe47b45e0 491, 15 0, o0x7f616e09e348; 0 drivers
o0x7f616e09e378 .functor BUFZ 16, C4<zzzzzzzzzzzzzzzz>; HiZ drive
v0x55efe47b45e0_492 .net v0x55efe47b45e0 492, 15 0, o0x7f616e09e378; 0 drivers
o0x7f616e09e3a8 .functor BUFZ 16, C4<zzzzzzzzzzzzzzzz>; HiZ drive
v0x55efe47b45e0_493 .net v0x55efe47b45e0 493, 15 0, o0x7f616e09e3a8; 0 drivers
o0x7f616e09e3d8 .functor BUFZ 16, C4<zzzzzzzzzzzzzzzz>; HiZ drive
v0x55efe47b45e0_494 .net v0x55efe47b45e0 494, 15 0, o0x7f616e09e3d8; 0 drivers
o0x7f616e09e408 .functor BUFZ 16, C4<zzzzzzzzzzzzzzzz>; HiZ drive
v0x55efe47b45e0_495 .net v0x55efe47b45e0 495, 15 0, o0x7f616e09e408; 0 drivers
o0x7f616e09e438 .functor BUFZ 16, C4<zzzzzzzzzzzzzzzz>; HiZ drive
v0x55efe47b45e0_496 .net v0x55efe47b45e0 496, 15 0, o0x7f616e09e438; 0 drivers
o0x7f616e09e468 .functor BUFZ 16, C4<zzzzzzzzzzzzzzzz>; HiZ drive
v0x55efe47b45e0_497 .net v0x55efe47b45e0 497, 15 0, o0x7f616e09e468; 0 drivers
o0x7f616e09e498 .functor BUFZ 16, C4<zzzzzzzzzzzzzzzz>; HiZ drive
v0x55efe47b45e0_498 .net v0x55efe47b45e0 498, 15 0, o0x7f616e09e498; 0 drivers
o0x7f616e09e4c8 .functor BUFZ 16, C4<zzzzzzzzzzzzzzzz>; HiZ drive
v0x55efe47b45e0_499 .net v0x55efe47b45e0 499, 15 0, o0x7f616e09e4c8; 0 drivers
o0x7f616e09e4f8 .functor BUFZ 16, C4<zzzzzzzzzzzzzzzz>; HiZ drive
v0x55efe47b45e0_500 .net v0x55efe47b45e0 500, 15 0, o0x7f616e09e4f8; 0 drivers
o0x7f616e09e528 .functor BUFZ 16, C4<zzzzzzzzzzzzzzzz>; HiZ drive
v0x55efe47b45e0_501 .net v0x55efe47b45e0 501, 15 0, o0x7f616e09e528; 0 drivers
o0x7f616e09e558 .functor BUFZ 16, C4<zzzzzzzzzzzzzzzz>; HiZ drive
v0x55efe47b45e0_502 .net v0x55efe47b45e0 502, 15 0, o0x7f616e09e558; 0 drivers
o0x7f616e09e588 .functor BUFZ 16, C4<zzzzzzzzzzzzzzzz>; HiZ drive
v0x55efe47b45e0_503 .net v0x55efe47b45e0 503, 15 0, o0x7f616e09e588; 0 drivers
o0x7f616e09e5b8 .functor BUFZ 16, C4<zzzzzzzzzzzzzzzz>; HiZ drive
v0x55efe47b45e0_504 .net v0x55efe47b45e0 504, 15 0, o0x7f616e09e5b8; 0 drivers
o0x7f616e09e5e8 .functor BUFZ 16, C4<zzzzzzzzzzzzzzzz>; HiZ drive
v0x55efe47b45e0_505 .net v0x55efe47b45e0 505, 15 0, o0x7f616e09e5e8; 0 drivers
o0x7f616e09e618 .functor BUFZ 16, C4<zzzzzzzzzzzzzzzz>; HiZ drive
v0x55efe47b45e0_506 .net v0x55efe47b45e0 506, 15 0, o0x7f616e09e618; 0 drivers
o0x7f616e09e648 .functor BUFZ 16, C4<zzzzzzzzzzzzzzzz>; HiZ drive
v0x55efe47b45e0_507 .net v0x55efe47b45e0 507, 15 0, o0x7f616e09e648; 0 drivers
o0x7f616e09e678 .functor BUFZ 16, C4<zzzzzzzzzzzzzzzz>; HiZ drive
v0x55efe47b45e0_508 .net v0x55efe47b45e0 508, 15 0, o0x7f616e09e678; 0 drivers
o0x7f616e09e6a8 .functor BUFZ 16, C4<zzzzzzzzzzzzzzzz>; HiZ drive
v0x55efe47b45e0_509 .net v0x55efe47b45e0 509, 15 0, o0x7f616e09e6a8; 0 drivers
o0x7f616e09e6d8 .functor BUFZ 16, C4<zzzzzzzzzzzzzzzz>; HiZ drive
v0x55efe47b45e0_510 .net v0x55efe47b45e0 510, 15 0, o0x7f616e09e6d8; 0 drivers
o0x7f616e09e708 .functor BUFZ 16, C4<zzzzzzzzzzzzzzzz>; HiZ drive
v0x55efe47b45e0_511 .net v0x55efe47b45e0 511, 15 0, o0x7f616e09e708; 0 drivers
v0x55efe47e6eb0_0 .var "ext_flat", 8191 0;
o0x7f616e09e768 .functor BUFZ 1, C4<z>; HiZ drive
v0x55efe47e6f90_0 .net "ext_valid", 0 0, o0x7f616e09e768;  0 drivers
v0x55efe47e7050 .array "final_data", 511 0;
v0x55efe47e7050_0 .net v0x55efe47e7050 0, 15 0, L_0x55efe47ef000; 1 drivers
v0x55efe47e7050_1 .net v0x55efe47e7050 1, 15 0, L_0x55efe47ef0d0; 1 drivers
v0x55efe47e7050_2 .net v0x55efe47e7050 2, 15 0, L_0x55efe47ef1a0; 1 drivers
v0x55efe47e7050_3 .net v0x55efe47e7050 3, 15 0, L_0x55efe47ef240; 1 drivers
v0x55efe47e7050_4 .net v0x55efe47e7050 4, 15 0, L_0x55efe47ef340; 1 drivers
v0x55efe47e7050_5 .net v0x55efe47e7050 5, 15 0, L_0x55efe47ef410; 1 drivers
v0x55efe47e7050_6 .net v0x55efe47e7050 6, 15 0, L_0x55efe47ef520; 1 drivers
v0x55efe47e7050_7 .net v0x55efe47e7050 7, 15 0, L_0x55efe47ef5c0; 1 drivers
v0x55efe47e7050_8 .net v0x55efe47e7050 8, 15 0, L_0x55efe47ef7f0; 1 drivers
v0x55efe47e7050_9 .net v0x55efe47e7050 9, 15 0, L_0x55efe47ef8c0; 1 drivers
v0x55efe47e7050_10 .net v0x55efe47e7050 10, 15 0, L_0x55efe47ef9f0; 1 drivers
v0x55efe47e7050_11 .net v0x55efe47e7050 11, 15 0, L_0x55efe47efac0; 1 drivers
v0x55efe47e7050_12 .net v0x55efe47e7050 12, 15 0, L_0x55efe47efc00; 1 drivers
v0x55efe47e7050_13 .net v0x55efe47e7050 13, 15 0, L_0x55efe47efcd0; 1 drivers
v0x55efe47e7050_14 .net v0x55efe47e7050 14, 15 0, L_0x55efe47efe20; 1 drivers
v0x55efe47e7050_15 .net v0x55efe47e7050 15, 15 0, L_0x55efe47efef0; 1 drivers
v0x55efe47e7050_16 .net v0x55efe47e7050 16, 15 0, L_0x55efe47f0050; 1 drivers
v0x55efe47e7050_17 .net v0x55efe47e7050 17, 15 0, L_0x55efe47f0120; 1 drivers
v0x55efe47e7050_18 .net v0x55efe47e7050 18, 15 0, L_0x55efe47f0290; 1 drivers
v0x55efe47e7050_19 .net v0x55efe47e7050 19, 15 0, L_0x55efe47f0360; 1 drivers
v0x55efe47e7050_20 .net v0x55efe47e7050 20, 15 0, L_0x55efe47f01f0; 1 drivers
v0x55efe47e7050_21 .net v0x55efe47e7050 21, 15 0, L_0x55efe47f0510; 1 drivers
v0x55efe47e7050_22 .net v0x55efe47e7050 22, 15 0, L_0x55efe47f06a0; 1 drivers
v0x55efe47e7050_23 .net v0x55efe47e7050 23, 15 0, L_0x55efe47f0770; 1 drivers
v0x55efe47e7050_24 .net v0x55efe47e7050 24, 15 0, L_0x55efe47f0910; 1 drivers
v0x55efe47e7050_25 .net v0x55efe47e7050 25, 15 0, L_0x55efe47f09e0; 1 drivers
v0x55efe47e7050_26 .net v0x55efe47e7050 26, 15 0, L_0x55efe47f0b90; 1 drivers
v0x55efe47e7050_27 .net v0x55efe47e7050 27, 15 0, L_0x55efe47f0c60; 1 drivers
v0x55efe47e7050_28 .net v0x55efe47e7050 28, 15 0, L_0x55efe47f0e20; 1 drivers
v0x55efe47e7050_29 .net v0x55efe47e7050 29, 15 0, L_0x55efe47f0ef0; 1 drivers
v0x55efe47e7050_30 .net v0x55efe47e7050 30, 15 0, L_0x55efe47f10c0; 1 drivers
v0x55efe47e7050_31 .net v0x55efe47e7050 31, 15 0, L_0x55efe47f1190; 1 drivers
v0x55efe47e7050_32 .net v0x55efe47e7050 32, 15 0, L_0x55efe47f1370; 1 drivers
v0x55efe47e7050_33 .net v0x55efe47e7050 33, 15 0, L_0x55efe47f1440; 1 drivers
v0x55efe47e7050_34 .net v0x55efe47e7050 34, 15 0, L_0x55efe47f1630; 1 drivers
v0x55efe47e7050_35 .net v0x55efe47e7050 35, 15 0, L_0x55efe47f1700; 1 drivers
v0x55efe47e7050_36 .net v0x55efe47e7050 36, 15 0, L_0x55efe47f1510; 1 drivers
v0x55efe47e7050_37 .net v0x55efe47e7050 37, 15 0, L_0x55efe47f1900; 1 drivers
v0x55efe47e7050_38 .net v0x55efe47e7050 38, 15 0, L_0x55efe47f1ae0; 1 drivers
v0x55efe47e7050_39 .net v0x55efe47e7050 39, 15 0, L_0x55efe47f1bb0; 1 drivers
v0x55efe47e7050_40 .net v0x55efe47e7050 40, 15 0, L_0x55efe47f1dd0; 1 drivers
v0x55efe47e7050_41 .net v0x55efe47e7050 41, 15 0, L_0x55efe47f1ea0; 1 drivers
v0x55efe47e7050_42 .net v0x55efe47e7050 42, 15 0, L_0x55efe47f20d0; 1 drivers
v0x55efe47e7050_43 .net v0x55efe47e7050 43, 15 0, L_0x55efe47f21a0; 1 drivers
v0x55efe47e7050_44 .net v0x55efe47e7050 44, 15 0, L_0x55efe47f23e0; 1 drivers
v0x55efe47e7050_45 .net v0x55efe47e7050 45, 15 0, L_0x55efe47f24b0; 1 drivers
v0x55efe47e7050_46 .net v0x55efe47e7050 46, 15 0, L_0x55efe47f2700; 1 drivers
v0x55efe47e7050_47 .net v0x55efe47e7050 47, 15 0, L_0x55efe47f27d0; 1 drivers
v0x55efe47e7050_48 .net v0x55efe47e7050 48, 15 0, L_0x55efe47f2a30; 1 drivers
v0x55efe47e7050_49 .net v0x55efe47e7050 49, 15 0, L_0x55efe47f2b00; 1 drivers
v0x55efe47e7050_50 .net v0x55efe47e7050 50, 15 0, L_0x55efe47f2d70; 1 drivers
v0x55efe47e7050_51 .net v0x55efe47e7050 51, 15 0, L_0x55efe47f2e40; 1 drivers
v0x55efe47e7050_52 .net v0x55efe47e7050 52, 15 0, L_0x55efe47f30c0; 1 drivers
v0x55efe47e7050_53 .net v0x55efe47e7050 53, 15 0, L_0x55efe47f3190; 1 drivers
v0x55efe47e7050_54 .net v0x55efe47e7050 54, 15 0, L_0x55efe47f3420; 1 drivers
v0x55efe47e7050_55 .net v0x55efe47e7050 55, 15 0, L_0x55efe47f34f0; 1 drivers
v0x55efe47e7050_56 .net v0x55efe47e7050 56, 15 0, L_0x55efe47f3790; 1 drivers
v0x55efe47e7050_57 .net v0x55efe47e7050 57, 15 0, L_0x55efe47f3860; 1 drivers
v0x55efe47e7050_58 .net v0x55efe47e7050 58, 15 0, L_0x55efe47f3b10; 1 drivers
v0x55efe47e7050_59 .net v0x55efe47e7050 59, 15 0, L_0x55efe47f3be0; 1 drivers
v0x55efe47e7050_60 .net v0x55efe47e7050 60, 15 0, L_0x55efe47f3ea0; 1 drivers
v0x55efe47e7050_61 .net v0x55efe47e7050 61, 15 0, L_0x55efe47f3f70; 1 drivers
v0x55efe47e7050_62 .net v0x55efe47e7050 62, 15 0, L_0x55efe47f4240; 1 drivers
v0x55efe47e7050_63 .net v0x55efe47e7050 63, 15 0, L_0x55efe47f4310; 1 drivers
v0x55efe47e7050_64 .net v0x55efe47e7050 64, 15 0, L_0x55efe47e83f0; 1 drivers
v0x55efe47e7050_65 .net v0x55efe47e7050 65, 15 0, L_0x55efe47e84c0; 1 drivers
v0x55efe47e7050_66 .net v0x55efe47e7050 66, 15 0, L_0x55efe47e87b0; 1 drivers
v0x55efe47e7050_67 .net v0x55efe47e7050 67, 15 0, L_0x55efe47e8880; 1 drivers
v0x55efe47e7050_68 .net v0x55efe47e7050 68, 15 0, L_0x55efe47f4e50; 1 drivers
v0x55efe47e7050_69 .net v0x55efe47e7050 69, 15 0, L_0x55efe47f4f20; 1 drivers
v0x55efe47e7050_70 .net v0x55efe47e7050 70, 15 0, L_0x55efe47f5230; 1 drivers
v0x55efe47e7050_71 .net v0x55efe47e7050 71, 15 0, L_0x55efe47f5300; 1 drivers
v0x55efe47e7050_72 .net v0x55efe47e7050 72, 15 0, L_0x55efe47f5620; 1 drivers
v0x55efe47e7050_73 .net v0x55efe47e7050 73, 15 0, L_0x55efe47f56f0; 1 drivers
v0x55efe47e7050_74 .net v0x55efe47e7050 74, 15 0, L_0x55efe47f5a20; 1 drivers
v0x55efe47e7050_75 .net v0x55efe47e7050 75, 15 0, L_0x55efe47f5af0; 1 drivers
v0x55efe47e7050_76 .net v0x55efe47e7050 76, 15 0, L_0x55efe47f5e30; 1 drivers
v0x55efe47e7050_77 .net v0x55efe47e7050 77, 15 0, L_0x55efe47f5f00; 1 drivers
v0x55efe47e7050_78 .net v0x55efe47e7050 78, 15 0, L_0x55efe47f6250; 1 drivers
v0x55efe47e7050_79 .net v0x55efe47e7050 79, 15 0, L_0x55efe47f6320; 1 drivers
v0x55efe47e7050_80 .net v0x55efe47e7050 80, 15 0, L_0x55efe47f6680; 1 drivers
v0x55efe47e7050_81 .net v0x55efe47e7050 81, 15 0, L_0x55efe47f6750; 1 drivers
v0x55efe47e7050_82 .net v0x55efe47e7050 82, 15 0, L_0x55efe47f6ac0; 1 drivers
v0x55efe47e7050_83 .net v0x55efe47e7050 83, 15 0, L_0x55efe47f6b90; 1 drivers
v0x55efe47e7050_84 .net v0x55efe47e7050 84, 15 0, L_0x55efe47f6f10; 1 drivers
v0x55efe47e7050_85 .net v0x55efe47e7050 85, 15 0, L_0x55efe47f6fe0; 1 drivers
v0x55efe47e7050_86 .net v0x55efe47e7050 86, 15 0, L_0x55efe47f7370; 1 drivers
v0x55efe47e7050_87 .net v0x55efe47e7050 87, 15 0, L_0x55efe47f7440; 1 drivers
v0x55efe47e7050_88 .net v0x55efe47e7050 88, 15 0, L_0x55efe47f77e0; 1 drivers
v0x55efe47e7050_89 .net v0x55efe47e7050 89, 15 0, L_0x55efe47f78b0; 1 drivers
v0x55efe47e7050_90 .net v0x55efe47e7050 90, 15 0, L_0x55efe47f7c60; 1 drivers
v0x55efe47e7050_91 .net v0x55efe47e7050 91, 15 0, L_0x55efe47f7d30; 1 drivers
v0x55efe47e7050_92 .net v0x55efe47e7050 92, 15 0, L_0x55efe47f80f0; 1 drivers
v0x55efe47e7050_93 .net v0x55efe47e7050 93, 15 0, L_0x55efe47f81c0; 1 drivers
v0x55efe47e7050_94 .net v0x55efe47e7050 94, 15 0, L_0x55efe47f8590; 1 drivers
v0x55efe47e7050_95 .net v0x55efe47e7050 95, 15 0, L_0x55efe47f8660; 1 drivers
v0x55efe47e7050_96 .net v0x55efe47e7050 96, 15 0, L_0x55efe47f8a40; 1 drivers
v0x55efe47e7050_97 .net v0x55efe47e7050 97, 15 0, L_0x55efe47f8b10; 1 drivers
v0x55efe47e7050_98 .net v0x55efe47e7050 98, 15 0, L_0x55efe47f8f00; 1 drivers
v0x55efe47e7050_99 .net v0x55efe47e7050 99, 15 0, L_0x55efe47f8fd0; 1 drivers
v0x55efe47e7050_100 .net v0x55efe47e7050 100, 15 0, L_0x55efe47f93d0; 1 drivers
v0x55efe47e7050_101 .net v0x55efe47e7050 101, 15 0, L_0x55efe47f94a0; 1 drivers
v0x55efe47e7050_102 .net v0x55efe47e7050 102, 15 0, L_0x55efe47f98b0; 1 drivers
v0x55efe47e7050_103 .net v0x55efe47e7050 103, 15 0, L_0x55efe47f9980; 1 drivers
v0x55efe47e7050_104 .net v0x55efe47e7050 104, 15 0, L_0x55efe47f9da0; 1 drivers
v0x55efe47e7050_105 .net v0x55efe47e7050 105, 15 0, L_0x55efe47f9e70; 1 drivers
v0x55efe47e7050_106 .net v0x55efe47e7050 106, 15 0, L_0x55efe47fa2a0; 1 drivers
v0x55efe47e7050_107 .net v0x55efe47e7050 107, 15 0, L_0x55efe47fa370; 1 drivers
v0x55efe47e7050_108 .net v0x55efe47e7050 108, 15 0, L_0x55efe47fa7b0; 1 drivers
v0x55efe47e7050_109 .net v0x55efe47e7050 109, 15 0, L_0x55efe47fa880; 1 drivers
v0x55efe47e7050_110 .net v0x55efe47e7050 110, 15 0, L_0x55efe47facd0; 1 drivers
v0x55efe47e7050_111 .net v0x55efe47e7050 111, 15 0, L_0x55efe47fada0; 1 drivers
v0x55efe47e7050_112 .net v0x55efe47e7050 112, 15 0, L_0x55efe47fb200; 1 drivers
v0x55efe47e7050_113 .net v0x55efe47e7050 113, 15 0, L_0x55efe47fb2d0; 1 drivers
v0x55efe47e7050_114 .net v0x55efe47e7050 114, 15 0, L_0x55efe47fb740; 1 drivers
v0x55efe47e7050_115 .net v0x55efe47e7050 115, 15 0, L_0x55efe47fb810; 1 drivers
v0x55efe47e7050_116 .net v0x55efe47e7050 116, 15 0, L_0x55efe47fbc90; 1 drivers
v0x55efe47e7050_117 .net v0x55efe47e7050 117, 15 0, L_0x55efe47fbd60; 1 drivers
v0x55efe47e7050_118 .net v0x55efe47e7050 118, 15 0, L_0x55efe47fc1f0; 1 drivers
v0x55efe47e7050_119 .net v0x55efe47e7050 119, 15 0, L_0x55efe47fc2c0; 1 drivers
v0x55efe47e7050_120 .net v0x55efe47e7050 120, 15 0, L_0x55efe47fc760; 1 drivers
v0x55efe47e7050_121 .net v0x55efe47e7050 121, 15 0, L_0x55efe47fc830; 1 drivers
v0x55efe47e7050_122 .net v0x55efe47e7050 122, 15 0, L_0x55efe47fcce0; 1 drivers
v0x55efe47e7050_123 .net v0x55efe47e7050 123, 15 0, L_0x55efe47fcdb0; 1 drivers
v0x55efe47e7050_124 .net v0x55efe47e7050 124, 15 0, L_0x55efe47fd270; 1 drivers
v0x55efe47e7050_125 .net v0x55efe47e7050 125, 15 0, L_0x55efe47fd340; 1 drivers
v0x55efe47e7050_126 .net v0x55efe47e7050 126, 15 0, L_0x55efe47e8d20; 1 drivers
v0x55efe47e7050_127 .net v0x55efe47e7050 127, 15 0, L_0x55efe47e8df0; 1 drivers
v0x55efe47e7050_128 .net v0x55efe47e7050 128, 15 0, L_0x55efe47e8ec0; 1 drivers
v0x55efe47e7050_129 .net v0x55efe47e7050 129, 15 0, L_0x55efe47e8f90; 1 drivers
v0x55efe47e7050_130 .net v0x55efe47e7050 130, 15 0, L_0x55efe47e9060; 1 drivers
v0x55efe47e7050_131 .net v0x55efe47e7050 131, 15 0, L_0x55efe47fe450; 1 drivers
v0x55efe47e7050_132 .net v0x55efe47e7050 132, 15 0, L_0x55efe47e9100; 1 drivers
v0x55efe47e7050_133 .net v0x55efe47e7050 133, 15 0, L_0x55efe47f4410; 1 drivers
v0x55efe47e7050_134 .net v0x55efe47e7050 134, 15 0, L_0x55efe47f44e0; 1 drivers
v0x55efe47e7050_135 .net v0x55efe47e7050 135, 15 0, L_0x55efe47f45b0; 1 drivers
v0x55efe47e7050_136 .net v0x55efe47e7050 136, 15 0, L_0x55efe47f4680; 1 drivers
v0x55efe47e7050_137 .net v0x55efe47e7050 137, 15 0, L_0x55efe47f4750; 1 drivers
v0x55efe47e7050_138 .net v0x55efe47e7050 138, 15 0, L_0x55efe47e91a0; 1 drivers
v0x55efe47e7050_139 .net v0x55efe47e7050 139, 15 0, L_0x55efe47fe550; 1 drivers
v0x55efe47e7050_140 .net v0x55efe47e7050 140, 15 0, L_0x55efe47fe620; 1 drivers
v0x55efe47e7050_141 .net v0x55efe47e7050 141, 15 0, L_0x55efe47fe6f0; 1 drivers
v0x55efe47e7050_142 .net v0x55efe47e7050 142, 15 0, L_0x55efe47fe7c0; 1 drivers
v0x55efe47e7050_143 .net v0x55efe47e7050 143, 15 0, L_0x55efe47fe890; 1 drivers
v0x55efe47e7050_144 .net v0x55efe47e7050 144, 15 0, L_0x55efe47fee30; 1 drivers
v0x55efe47e7050_145 .net v0x55efe47e7050 145, 15 0, L_0x55efe47fef00; 1 drivers
v0x55efe47e7050_146 .net v0x55efe47e7050 146, 15 0, L_0x55efe47e9240; 1 drivers
v0x55efe47e7050_147 .net v0x55efe47e7050 147, 15 0, L_0x55efe47fe9a0; 1 drivers
v0x55efe47e7050_148 .net v0x55efe47e7050 148, 15 0, L_0x55efe47fea70; 1 drivers
v0x55efe47e7050_149 .net v0x55efe47e7050 149, 15 0, L_0x55efe47feb40; 1 drivers
v0x55efe47e7050_150 .net v0x55efe47e7050 150, 15 0, L_0x55efe47fec10; 1 drivers
v0x55efe47e7050_151 .net v0x55efe47e7050 151, 15 0, L_0x55efe47fece0; 1 drivers
v0x55efe47e7050_152 .net v0x55efe47e7050 152, 15 0, L_0x55efe47ff4a0; 1 drivers
v0x55efe47e7050_153 .net v0x55efe47e7050 153, 15 0, L_0x55efe47ff540; 1 drivers
v0x55efe47e7050_154 .net v0x55efe47e7050 154, 15 0, L_0x55efe47e9340; 1 drivers
v0x55efe47e7050_155 .net v0x55efe47e7050 155, 15 0, L_0x55efe47fefd0; 1 drivers
v0x55efe47e7050_156 .net v0x55efe47e7050 156, 15 0, L_0x55efe47ff0a0; 1 drivers
v0x55efe47e7050_157 .net v0x55efe47e7050 157, 15 0, L_0x55efe47ff170; 1 drivers
v0x55efe47e7050_158 .net v0x55efe47e7050 158, 15 0, L_0x55efe47ff240; 1 drivers
v0x55efe47e7050_159 .net v0x55efe47e7050 159, 15 0, L_0x55efe47ff310; 1 drivers
v0x55efe47e7050_160 .net v0x55efe47e7050 160, 15 0, L_0x55efe47ff3e0; 1 drivers
v0x55efe47e7050_161 .net v0x55efe47e7050 161, 15 0, L_0x55efe47ffaf0; 1 drivers
v0x55efe47e7050_162 .net v0x55efe47e7050 162, 15 0, L_0x55efe47e9440; 1 drivers
v0x55efe47e7050_163 .net v0x55efe47e7050 163, 15 0, L_0x55efe47ff5e0; 1 drivers
v0x55efe47e7050_164 .net v0x55efe47e7050 164, 15 0, L_0x55efe47ff6b0; 1 drivers
v0x55efe47e7050_165 .net v0x55efe47e7050 165, 15 0, L_0x55efe47ff780; 1 drivers
v0x55efe47e7050_166 .net v0x55efe47e7050 166, 15 0, L_0x55efe47ff850; 1 drivers
v0x55efe47e7050_167 .net v0x55efe47e7050 167, 15 0, L_0x55efe47ff920; 1 drivers
v0x55efe47e7050_168 .net v0x55efe47e7050 168, 15 0, L_0x55efe47ff9f0; 1 drivers
v0x55efe47e7050_169 .net v0x55efe47e7050 169, 15 0, L_0x55efe48000e0; 1 drivers
v0x55efe47e7050_170 .net v0x55efe47e7050 170, 15 0, L_0x55efe47e9510; 1 drivers
v0x55efe47e7050_171 .net v0x55efe47e7050 171, 15 0, L_0x55efe47ffb90; 1 drivers
v0x55efe47e7050_172 .net v0x55efe47e7050 172, 15 0, L_0x55efe47ffc60; 1 drivers
v0x55efe47e7050_173 .net v0x55efe47e7050 173, 15 0, L_0x55efe47ffd30; 1 drivers
v0x55efe47e7050_174 .net v0x55efe47e7050 174, 15 0, L_0x55efe47ffe00; 1 drivers
v0x55efe47e7050_175 .net v0x55efe47e7050 175, 15 0, L_0x55efe47ffed0; 1 drivers
v0x55efe47e7050_176 .net v0x55efe47e7050 176, 15 0, L_0x55efe47fffa0; 1 drivers
v0x55efe47e7050_177 .net v0x55efe47e7050 177, 15 0, L_0x55efe4800710; 1 drivers
v0x55efe47e7050_178 .net v0x55efe47e7050 178, 15 0, L_0x55efe47e95e0; 1 drivers
v0x55efe47e7050_179 .net v0x55efe47e7050 179, 15 0, L_0x55efe47e96b0; 1 drivers
v0x55efe47e7050_180 .net v0x55efe47e7050 180, 15 0, L_0x55efe4800180; 1 drivers
v0x55efe47e7050_181 .net v0x55efe47e7050 181, 15 0, L_0x55efe4800250; 1 drivers
v0x55efe47e7050_182 .net v0x55efe47e7050 182, 15 0, L_0x55efe4800320; 1 drivers
v0x55efe47e7050_183 .net v0x55efe47e7050 183, 15 0, L_0x55efe48003f0; 1 drivers
v0x55efe47e7050_184 .net v0x55efe47e7050 184, 15 0, L_0x55efe48004c0; 1 drivers
v0x55efe47e7050_185 .net v0x55efe47e7050 185, 15 0, L_0x55efe4800590; 1 drivers
v0x55efe47e7050_186 .net v0x55efe47e7050 186, 15 0, L_0x55efe4800660; 1 drivers
v0x55efe47e7050_187 .net v0x55efe47e7050 187, 15 0, L_0x55efe4800dc0; 1 drivers
v0x55efe47e7050_188 .net v0x55efe47e7050 188, 15 0, L_0x55efe47e9760; 1 drivers
v0x55efe47e7050_189 .net v0x55efe47e7050 189, 15 0, L_0x55efe48007b0; 1 drivers
v0x55efe47e7050_190 .net v0x55efe47e7050 190, 15 0, L_0x55efe4800880; 1 drivers
v0x55efe47e7050_191 .net v0x55efe47e7050 191, 15 0, L_0x55efe4800950; 1 drivers
v0x55efe47e7050_192 .net v0x55efe47e7050 192, 15 0, L_0x55efe4800a20; 1 drivers
v0x55efe47e7050_193 .net v0x55efe47e7050 193, 15 0, L_0x55efe4800af0; 1 drivers
v0x55efe47e7050_194 .net v0x55efe47e7050 194, 15 0, L_0x55efe4800bc0; 1 drivers
v0x55efe47e7050_195 .net v0x55efe47e7050 195, 15 0, L_0x55efe4800c90; 1 drivers
v0x55efe47e7050_196 .net v0x55efe47e7050 196, 15 0, L_0x55efe48014c0; 1 drivers
v0x55efe47e7050_197 .net v0x55efe47e7050 197, 15 0, L_0x55efe4801560; 1 drivers
v0x55efe47e7050_198 .net v0x55efe47e7050 198, 15 0, L_0x55efe47e9860; 1 drivers
v0x55efe47e7050_199 .net v0x55efe47e7050 199, 15 0, L_0x55efe47e9930; 1 drivers
v0x55efe47e7050_200 .net v0x55efe47e7050 200, 15 0, L_0x55efe4800ec0; 1 drivers
v0x55efe47e7050_201 .net v0x55efe47e7050 201, 15 0, L_0x55efe4800f90; 1 drivers
v0x55efe47e7050_202 .net v0x55efe47e7050 202, 15 0, L_0x55efe4801060; 1 drivers
v0x55efe47e7050_203 .net v0x55efe47e7050 203, 15 0, L_0x55efe4801130; 1 drivers
v0x55efe47e7050_204 .net v0x55efe47e7050 204, 15 0, L_0x55efe4801200; 1 drivers
v0x55efe47e7050_205 .net v0x55efe47e7050 205, 15 0, L_0x55efe48012d0; 1 drivers
v0x55efe47e7050_206 .net v0x55efe47e7050 206, 15 0, L_0x55efe48013a0; 1 drivers
v0x55efe47e7050_207 .net v0x55efe47e7050 207, 15 0, L_0x55efe4801c80; 1 drivers
v0x55efe47e7050_208 .net v0x55efe47e7050 208, 15 0, L_0x55efe47e99e0; 1 drivers
v0x55efe47e7050_209 .net v0x55efe47e7050 209, 15 0, L_0x55efe4801600; 1 drivers
v0x55efe47e7050_210 .net v0x55efe47e7050 210, 15 0, L_0x55efe48016d0; 1 drivers
v0x55efe47e7050_211 .net v0x55efe47e7050 211, 15 0, L_0x55efe48017a0; 1 drivers
v0x55efe47e7050_212 .net v0x55efe47e7050 212, 15 0, L_0x55efe4801870; 1 drivers
v0x55efe47e7050_213 .net v0x55efe47e7050 213, 15 0, L_0x55efe4801940; 1 drivers
v0x55efe47e7050_214 .net v0x55efe47e7050 214, 15 0, L_0x55efe4801a10; 1 drivers
v0x55efe47e7050_215 .net v0x55efe47e7050 215, 15 0, L_0x55efe4801ae0; 1 drivers
v0x55efe47e7050_216 .net v0x55efe47e7050 216, 15 0, L_0x55efe4801bb0; 1 drivers
v0x55efe47e7050_217 .net v0x55efe47e7050 217, 15 0, L_0x55efe48023f0; 1 drivers
v0x55efe47e7050_218 .net v0x55efe47e7050 218, 15 0, L_0x55efe47e9ae0; 1 drivers
v0x55efe47e7050_219 .net v0x55efe47e7050 219, 15 0, L_0x55efe47e9bb0; 1 drivers
v0x55efe47e7050_220 .net v0x55efe47e7050 220, 15 0, L_0x55efe4801d50; 1 drivers
v0x55efe47e7050_221 .net v0x55efe47e7050 221, 15 0, L_0x55efe4801e20; 1 drivers
v0x55efe47e7050_222 .net v0x55efe47e7050 222, 15 0, L_0x55efe4801ef0; 1 drivers
v0x55efe47e7050_223 .net v0x55efe47e7050 223, 15 0, L_0x55efe4801fc0; 1 drivers
v0x55efe47e7050_224 .net v0x55efe47e7050 224, 15 0, L_0x55efe4802090; 1 drivers
v0x55efe47e7050_225 .net v0x55efe47e7050 225, 15 0, L_0x55efe4802160; 1 drivers
v0x55efe47e7050_226 .net v0x55efe47e7050 226, 15 0, L_0x55efe4802230; 1 drivers
v0x55efe47e7050_227 .net v0x55efe47e7050 227, 15 0, L_0x55efe4802300; 1 drivers
v0x55efe47e7050_228 .net v0x55efe47e7050 228, 15 0, L_0x55efe4802bc0; 1 drivers
v0x55efe47e7050_229 .net v0x55efe47e7050 229, 15 0, L_0x55efe4802c90; 1 drivers
v0x55efe47e7050_230 .net v0x55efe47e7050 230, 15 0, L_0x55efe47e9c60; 1 drivers
v0x55efe47e7050_231 .net v0x55efe47e7050 231, 15 0, L_0x55efe47e9d30; 1 drivers
v0x55efe47e7050_232 .net v0x55efe47e7050 232, 15 0, L_0x55efe48024c0; 1 drivers
v0x55efe47e7050_233 .net v0x55efe47e7050 233, 15 0, L_0x55efe4802590; 1 drivers
v0x55efe47e7050_234 .net v0x55efe47e7050 234, 15 0, L_0x55efe4802660; 1 drivers
v0x55efe47e7050_235 .net v0x55efe47e7050 235, 15 0, L_0x55efe4802730; 1 drivers
v0x55efe47e7050_236 .net v0x55efe47e7050 236, 15 0, L_0x55efe4802800; 1 drivers
v0x55efe47e7050_237 .net v0x55efe47e7050 237, 15 0, L_0x55efe48028d0; 1 drivers
v0x55efe47e7050_238 .net v0x55efe47e7050 238, 15 0, L_0x55efe48029a0; 1 drivers
v0x55efe47e7050_239 .net v0x55efe47e7050 239, 15 0, L_0x55efe4802a70; 1 drivers
v0x55efe47e7050_240 .net v0x55efe47e7050 240, 15 0, L_0x55efe48034f0; 1 drivers
v0x55efe47e7050_241 .net v0x55efe47e7050 241, 15 0, L_0x55efe4803590; 1 drivers
v0x55efe47e7050_242 .net v0x55efe47e7050 242, 15 0, L_0x55efe47e9de0; 1 drivers
v0x55efe47e7050_243 .net v0x55efe47e7050 243, 15 0, L_0x55efe47e9eb0; 1 drivers
v0x55efe47e7050_244 .net v0x55efe47e7050 244, 15 0, L_0x55efe4802d90; 1 drivers
v0x55efe47e7050_245 .net v0x55efe47e7050 245, 15 0, L_0x55efe4802e60; 1 drivers
v0x55efe47e7050_246 .net v0x55efe47e7050 246, 15 0, L_0x55efe4802f30; 1 drivers
v0x55efe47e7050_247 .net v0x55efe47e7050 247, 15 0, L_0x55efe4803000; 1 drivers
v0x55efe47e7050_248 .net v0x55efe47e7050 248, 15 0, L_0x55efe48030d0; 1 drivers
v0x55efe47e7050_249 .net v0x55efe47e7050 249, 15 0, L_0x55efe48031a0; 1 drivers
v0x55efe47e7050_250 .net v0x55efe47e7050 250, 15 0, L_0x55efe4803270; 1 drivers
v0x55efe47e7050_251 .net v0x55efe47e7050 251, 15 0, L_0x55efe4803340; 1 drivers
v0x55efe47e7050_252 .net v0x55efe47e7050 252, 15 0, L_0x55efe4803410; 1 drivers
v0x55efe47e7050_253 .net v0x55efe47e7050 253, 15 0, L_0x55efe4803e20; 1 drivers
v0x55efe47e7050_254 .net v0x55efe47e7050 254, 15 0, L_0x55efe47e9f60; 1 drivers
v0x55efe47e7050_255 .net v0x55efe47e7050 255, 15 0, L_0x55efe47ea030; 1 drivers
v0x55efe47e7050_256 .net v0x55efe47e7050 256, 15 0, L_0x55efe4803660; 1 drivers
v0x55efe47e7050_257 .net v0x55efe47e7050 257, 15 0, L_0x55efe4803730; 1 drivers
v0x55efe47e7050_258 .net v0x55efe47e7050 258, 15 0, L_0x55efe4803800; 1 drivers
v0x55efe47e7050_259 .net v0x55efe47e7050 259, 15 0, L_0x55efe48038d0; 1 drivers
v0x55efe47e7050_260 .net v0x55efe47e7050 260, 15 0, L_0x55efe48039a0; 1 drivers
v0x55efe47e7050_261 .net v0x55efe47e7050 261, 15 0, L_0x55efe4803a70; 1 drivers
v0x55efe47e7050_262 .net v0x55efe47e7050 262, 15 0, L_0x55efe4803b40; 1 drivers
v0x55efe47e7050_263 .net v0x55efe47e7050 263, 15 0, L_0x55efe4803c10; 1 drivers
v0x55efe47e7050_264 .net v0x55efe47e7050 264, 15 0, L_0x55efe4803ce0; 1 drivers
v0x55efe47e7050_265 .net v0x55efe47e7050 265, 15 0, L_0x55efe47fdc60; 1 drivers
v0x55efe47e7050_266 .net v0x55efe47e7050 266, 15 0, L_0x55efe47ea0e0; 1 drivers
v0x55efe47e7050_267 .net v0x55efe47e7050 267, 15 0, L_0x55efe47ea1b0; 1 drivers
v0x55efe47e7050_268 .net v0x55efe47e7050 268, 15 0, L_0x55efe47fdd30; 1 drivers
v0x55efe47e7050_269 .net v0x55efe47e7050 269, 15 0, L_0x55efe47fde00; 1 drivers
v0x55efe47e7050_270 .net v0x55efe47e7050 270, 15 0, L_0x55efe47fded0; 1 drivers
v0x55efe47e7050_271 .net v0x55efe47e7050 271, 15 0, L_0x55efe47fdfa0; 1 drivers
v0x55efe47e7050_272 .net v0x55efe47e7050 272, 15 0, L_0x55efe47fe070; 1 drivers
v0x55efe47e7050_273 .net v0x55efe47e7050 273, 15 0, L_0x55efe47fe140; 1 drivers
v0x55efe47e7050_274 .net v0x55efe47e7050 274, 15 0, L_0x55efe47fe210; 1 drivers
v0x55efe47e7050_275 .net v0x55efe47e7050 275, 15 0, L_0x55efe47fe2e0; 1 drivers
v0x55efe47e7050_276 .net v0x55efe47e7050 276, 15 0, L_0x55efe4803ef0; 1 drivers
v0x55efe47e7050_277 .net v0x55efe47e7050 277, 15 0, L_0x55efe4803fc0; 1 drivers
v0x55efe47e7050_278 .net v0x55efe47e7050 278, 15 0, L_0x55efe4804090; 1 drivers
v0x55efe47e7050_279 .net v0x55efe47e7050 279, 15 0, L_0x55efe4804160; 1 drivers
v0x55efe47e7050_280 .net v0x55efe47e7050 280, 15 0, L_0x55efe4804230; 1 drivers
v0x55efe47e7050_281 .net v0x55efe47e7050 281, 15 0, L_0x55efe4804300; 1 drivers
v0x55efe47e7050_282 .net v0x55efe47e7050 282, 15 0, L_0x55efe48043d0; 1 drivers
v0x55efe47e7050_283 .net v0x55efe47e7050 283, 15 0, L_0x55efe48044a0; 1 drivers
v0x55efe47e7050_284 .net v0x55efe47e7050 284, 15 0, L_0x55efe4804570; 1 drivers
v0x55efe47e7050_285 .net v0x55efe47e7050 285, 15 0, L_0x55efe4804640; 1 drivers
v0x55efe47e7050_286 .net v0x55efe47e7050 286, 15 0, L_0x55efe47fd410; 1 drivers
v0x55efe47e7050_287 .net v0x55efe47e7050 287, 15 0, L_0x55efe47fd4e0; 1 drivers
v0x55efe47e7050_288 .net v0x55efe47e7050 288, 15 0, L_0x55efe47fd5b0; 1 drivers
v0x55efe47e7050_289 .net v0x55efe47e7050 289, 15 0, L_0x55efe47fd680; 1 drivers
v0x55efe47e7050_290 .net v0x55efe47e7050 290, 15 0, L_0x55efe47fd750; 1 drivers
v0x55efe47e7050_291 .net v0x55efe47e7050 291, 15 0, L_0x55efe47fd820; 1 drivers
v0x55efe47e7050_292 .net v0x55efe47e7050 292, 15 0, L_0x55efe47fd8f0; 1 drivers
v0x55efe47e7050_293 .net v0x55efe47e7050 293, 15 0, L_0x55efe47fd9c0; 1 drivers
v0x55efe47e7050_294 .net v0x55efe47e7050 294, 15 0, L_0x55efe47fda90; 1 drivers
v0x55efe47e7050_295 .net v0x55efe47e7050 295, 15 0, L_0x55efe47fdb60; 1 drivers
v0x55efe47e7050_296 .net v0x55efe47e7050 296, 15 0, L_0x55efe4807050; 1 drivers
v0x55efe47e7050_297 .net v0x55efe47e7050 297, 15 0, L_0x55efe48070f0; 1 drivers
v0x55efe47e7050_298 .net v0x55efe47e7050 298, 15 0, L_0x55efe47ea260; 1 drivers
v0x55efe47e7050_299 .net v0x55efe47e7050 299, 15 0, L_0x55efe47ea330; 1 drivers
v0x55efe47e7050_300 .net v0x55efe47e7050 300, 15 0, L_0x55efe47ea400; 1 drivers
v0x55efe47e7050_301 .net v0x55efe47e7050 301, 15 0, L_0x55efe47ea4d0; 1 drivers
v0x55efe47e7050_302 .net v0x55efe47e7050 302, 15 0, L_0x55efe47ea5a0; 1 drivers
v0x55efe47e7050_303 .net v0x55efe47e7050 303, 15 0, L_0x55efe4806700; 1 drivers
v0x55efe47e7050_304 .net v0x55efe47e7050 304, 15 0, L_0x55efe48067d0; 1 drivers
v0x55efe47e7050_305 .net v0x55efe47e7050 305, 15 0, L_0x55efe48068a0; 1 drivers
v0x55efe47e7050_306 .net v0x55efe47e7050 306, 15 0, L_0x55efe4806970; 1 drivers
v0x55efe47e7050_307 .net v0x55efe47e7050 307, 15 0, L_0x55efe4806a40; 1 drivers
v0x55efe47e7050_308 .net v0x55efe47e7050 308, 15 0, L_0x55efe4806b10; 1 drivers
v0x55efe47e7050_309 .net v0x55efe47e7050 309, 15 0, L_0x55efe4806be0; 1 drivers
v0x55efe47e7050_310 .net v0x55efe47e7050 310, 15 0, L_0x55efe4806cb0; 1 drivers
v0x55efe47e7050_311 .net v0x55efe47e7050 311, 15 0, L_0x55efe4806d80; 1 drivers
v0x55efe47e7050_312 .net v0x55efe47e7050 312, 15 0, L_0x55efe4806e50; 1 drivers
v0x55efe47e7050_313 .net v0x55efe47e7050 313, 15 0, L_0x55efe4806f20; 1 drivers
v0x55efe47e7050_314 .net v0x55efe47e7050 314, 15 0, L_0x55efe4807b70; 1 drivers
v0x55efe47e7050_315 .net v0x55efe47e7050 315, 15 0, L_0x55efe4807c10; 1 drivers
v0x55efe47e7050_316 .net v0x55efe47e7050 316, 15 0, L_0x55efe47ea640; 1 drivers
v0x55efe47e7050_317 .net v0x55efe47e7050 317, 15 0, L_0x55efe47ea710; 1 drivers
v0x55efe47e7050_318 .net v0x55efe47e7050 318, 15 0, L_0x55efe47ea7e0; 1 drivers
v0x55efe47e7050_319 .net v0x55efe47e7050 319, 15 0, L_0x55efe48071c0; 1 drivers
v0x55efe47e7050_320 .net v0x55efe47e7050 320, 15 0, L_0x55efe4807290; 1 drivers
v0x55efe47e7050_321 .net v0x55efe47e7050 321, 15 0, L_0x55efe4807360; 1 drivers
v0x55efe47e7050_322 .net v0x55efe47e7050 322, 15 0, L_0x55efe4807430; 1 drivers
v0x55efe47e7050_323 .net v0x55efe47e7050 323, 15 0, L_0x55efe4807500; 1 drivers
v0x55efe47e7050_324 .net v0x55efe47e7050 324, 15 0, L_0x55efe48075d0; 1 drivers
v0x55efe47e7050_325 .net v0x55efe47e7050 325, 15 0, L_0x55efe48076a0; 1 drivers
v0x55efe47e7050_326 .net v0x55efe47e7050 326, 15 0, L_0x55efe4807770; 1 drivers
v0x55efe47e7050_327 .net v0x55efe47e7050 327, 15 0, L_0x55efe4807840; 1 drivers
v0x55efe47e7050_328 .net v0x55efe47e7050 328, 15 0, L_0x55efe4807910; 1 drivers
v0x55efe47e7050_329 .net v0x55efe47e7050 329, 15 0, L_0x55efe48079e0; 1 drivers
v0x55efe47e7050_330 .net v0x55efe47e7050 330, 15 0, L_0x55efe4807ab0; 1 drivers
v0x55efe47e7050_331 .net v0x55efe47e7050 331, 15 0, L_0x55efe4808740; 1 drivers
v0x55efe47e7050_332 .net v0x55efe47e7050 332, 15 0, L_0x55efe47ea880; 1 drivers
v0x55efe47e7050_333 .net v0x55efe47e7050 333, 15 0, L_0x55efe47ea950; 1 drivers
v0x55efe47e7050_334 .net v0x55efe47e7050 334, 15 0, L_0x55efe4807cb0; 1 drivers
v0x55efe47e7050_335 .net v0x55efe47e7050 335, 15 0, L_0x55efe4807d80; 1 drivers
v0x55efe47e7050_336 .net v0x55efe47e7050 336, 15 0, L_0x55efe4807e50; 1 drivers
v0x55efe47e7050_337 .net v0x55efe47e7050 337, 15 0, L_0x55efe4807f20; 1 drivers
v0x55efe47e7050_338 .net v0x55efe47e7050 338, 15 0, L_0x55efe4807ff0; 1 drivers
v0x55efe47e7050_339 .net v0x55efe47e7050 339, 15 0, L_0x55efe48080c0; 1 drivers
v0x55efe47e7050_340 .net v0x55efe47e7050 340, 15 0, L_0x55efe4808190; 1 drivers
v0x55efe47e7050_341 .net v0x55efe47e7050 341, 15 0, L_0x55efe4808260; 1 drivers
v0x55efe47e7050_342 .net v0x55efe47e7050 342, 15 0, L_0x55efe4808330; 1 drivers
v0x55efe47e7050_343 .net v0x55efe47e7050 343, 15 0, L_0x55efe4808400; 1 drivers
v0x55efe47e7050_344 .net v0x55efe47e7050 344, 15 0, L_0x55efe48084d0; 1 drivers
v0x55efe47e7050_345 .net v0x55efe47e7050 345, 15 0, L_0x55efe48085a0; 1 drivers
v0x55efe47e7050_346 .net v0x55efe47e7050 346, 15 0, L_0x55efe4808670; 1 drivers
v0x55efe47e7050_347 .net v0x55efe47e7050 347, 15 0, L_0x55efe48092f0; 1 drivers
v0x55efe47e7050_348 .net v0x55efe47e7050 348, 15 0, L_0x55efe47eaa80; 1 drivers
v0x55efe47e7050_349 .net v0x55efe47e7050 349, 15 0, L_0x55efe47eab50; 1 drivers
v0x55efe47e7050_350 .net v0x55efe47e7050 350, 15 0, L_0x55efe4808810; 1 drivers
v0x55efe47e7050_351 .net v0x55efe47e7050 351, 15 0, L_0x55efe48088e0; 1 drivers
v0x55efe47e7050_352 .net v0x55efe47e7050 352, 15 0, L_0x55efe48089b0; 1 drivers
v0x55efe47e7050_353 .net v0x55efe47e7050 353, 15 0, L_0x55efe4808a80; 1 drivers
v0x55efe47e7050_354 .net v0x55efe47e7050 354, 15 0, L_0x55efe4808b50; 1 drivers
v0x55efe47e7050_355 .net v0x55efe47e7050 355, 15 0, L_0x55efe4808c20; 1 drivers
v0x55efe47e7050_356 .net v0x55efe47e7050 356, 15 0, L_0x55efe4808cf0; 1 drivers
v0x55efe47e7050_357 .net v0x55efe47e7050 357, 15 0, L_0x55efe4808dc0; 1 drivers
v0x55efe47e7050_358 .net v0x55efe47e7050 358, 15 0, L_0x55efe4808e90; 1 drivers
v0x55efe47e7050_359 .net v0x55efe47e7050 359, 15 0, L_0x55efe4808f60; 1 drivers
v0x55efe47e7050_360 .net v0x55efe47e7050 360, 15 0, L_0x55efe4809030; 1 drivers
v0x55efe47e7050_361 .net v0x55efe47e7050 361, 15 0, L_0x55efe4809100; 1 drivers
v0x55efe47e7050_362 .net v0x55efe47e7050 362, 15 0, L_0x55efe48091d0; 1 drivers
v0x55efe47e7050_363 .net v0x55efe47e7050 363, 15 0, L_0x55efe4809ef0; 1 drivers
v0x55efe47e7050_364 .net v0x55efe47e7050 364, 15 0, L_0x55efe47eac20; 1 drivers
v0x55efe47e7050_365 .net v0x55efe47e7050 365, 15 0, L_0x55efe47eacf0; 1 drivers
v0x55efe47e7050_366 .net v0x55efe47e7050 366, 15 0, L_0x55efe47eadc0; 1 drivers
v0x55efe47e7050_367 .net v0x55efe47e7050 367, 15 0, L_0x55efe4809390; 1 drivers
v0x55efe47e7050_368 .net v0x55efe47e7050 368, 15 0, L_0x55efe4809460; 1 drivers
v0x55efe47e7050_369 .net v0x55efe47e7050 369, 15 0, L_0x55efe4809530; 1 drivers
v0x55efe47e7050_370 .net v0x55efe47e7050 370, 15 0, L_0x55efe4809600; 1 drivers
v0x55efe47e7050_371 .net v0x55efe47e7050 371, 15 0, L_0x55efe48096d0; 1 drivers
v0x55efe47e7050_372 .net v0x55efe47e7050 372, 15 0, L_0x55efe48097a0; 1 drivers
v0x55efe47e7050_373 .net v0x55efe47e7050 373, 15 0, L_0x55efe4809870; 1 drivers
v0x55efe47e7050_374 .net v0x55efe47e7050 374, 15 0, L_0x55efe4809940; 1 drivers
v0x55efe47e7050_375 .net v0x55efe47e7050 375, 15 0, L_0x55efe4809a10; 1 drivers
v0x55efe47e7050_376 .net v0x55efe47e7050 376, 15 0, L_0x55efe4809ae0; 1 drivers
v0x55efe47e7050_377 .net v0x55efe47e7050 377, 15 0, L_0x55efe4809bb0; 1 drivers
v0x55efe47e7050_378 .net v0x55efe47e7050 378, 15 0, L_0x55efe4809c80; 1 drivers
v0x55efe47e7050_379 .net v0x55efe47e7050 379, 15 0, L_0x55efe4809d50; 1 drivers
v0x55efe47e7050_380 .net v0x55efe47e7050 380, 15 0, L_0x55efe4809e20; 1 drivers
v0x55efe47e7050_381 .net v0x55efe47e7050 381, 15 0, L_0x55efe480ab80; 1 drivers
v0x55efe47e7050_382 .net v0x55efe47e7050 382, 15 0, L_0x55efe47eaea0; 1 drivers
v0x55efe47e7050_383 .net v0x55efe47e7050 383, 15 0, L_0x55efe47eaf70; 1 drivers
v0x55efe47e7050_384 .net v0x55efe47e7050 384, 15 0, L_0x55efe47eb040; 1 drivers
v0x55efe47e7050_385 .net v0x55efe47e7050 385, 15 0, L_0x55efe4809fc0; 1 drivers
v0x55efe47e7050_386 .net v0x55efe47e7050 386, 15 0, L_0x55efe480a090; 1 drivers
v0x55efe47e7050_387 .net v0x55efe47e7050 387, 15 0, L_0x55efe480a160; 1 drivers
v0x55efe47e7050_388 .net v0x55efe47e7050 388, 15 0, L_0x55efe480a230; 1 drivers
v0x55efe47e7050_389 .net v0x55efe47e7050 389, 15 0, L_0x55efe480a300; 1 drivers
v0x55efe47e7050_390 .net v0x55efe47e7050 390, 15 0, L_0x55efe480a3d0; 1 drivers
v0x55efe47e7050_391 .net v0x55efe47e7050 391, 15 0, L_0x55efe480a4a0; 1 drivers
v0x55efe47e7050_392 .net v0x55efe47e7050 392, 15 0, L_0x55efe480a570; 1 drivers
v0x55efe47e7050_393 .net v0x55efe47e7050 393, 15 0, L_0x55efe480a640; 1 drivers
v0x55efe47e7050_394 .net v0x55efe47e7050 394, 15 0, L_0x55efe480a710; 1 drivers
v0x55efe47e7050_395 .net v0x55efe47e7050 395, 15 0, L_0x55efe480a7e0; 1 drivers
v0x55efe47e7050_396 .net v0x55efe47e7050 396, 15 0, L_0x55efe480a8b0; 1 drivers
v0x55efe47e7050_397 .net v0x55efe47e7050 397, 15 0, L_0x55efe480a980; 1 drivers
v0x55efe47e7050_398 .net v0x55efe47e7050 398, 15 0, L_0x55efe480aa50; 1 drivers
v0x55efe47e7050_399 .net v0x55efe47e7050 399, 15 0, L_0x55efe480b8d0; 1 drivers
v0x55efe47e7050_400 .net v0x55efe47e7050 400, 15 0, L_0x55efe47eb0e0; 1 drivers
v0x55efe47e7050_401 .net v0x55efe47e7050 401, 15 0, L_0x55efe47eb180; 1 drivers
v0x55efe47e7050_402 .net v0x55efe47e7050 402, 15 0, L_0x55efe47eb250; 1 drivers
v0x55efe47e7050_403 .net v0x55efe47e7050 403, 15 0, L_0x55efe480ac50; 1 drivers
v0x55efe47e7050_404 .net v0x55efe47e7050 404, 15 0, L_0x55efe480ad20; 1 drivers
v0x55efe47e7050_405 .net v0x55efe47e7050 405, 15 0, L_0x55efe480adf0; 1 drivers
v0x55efe47e7050_406 .net v0x55efe47e7050 406, 15 0, L_0x55efe480aec0; 1 drivers
v0x55efe47e7050_407 .net v0x55efe47e7050 407, 15 0, L_0x55efe480af90; 1 drivers
v0x55efe47e7050_408 .net v0x55efe47e7050 408, 15 0, L_0x55efe480b060; 1 drivers
v0x55efe47e7050_409 .net v0x55efe47e7050 409, 15 0, L_0x55efe480b130; 1 drivers
v0x55efe47e7050_410 .net v0x55efe47e7050 410, 15 0, L_0x55efe480b200; 1 drivers
v0x55efe47e7050_411 .net v0x55efe47e7050 411, 15 0, L_0x55efe480b2d0; 1 drivers
v0x55efe47e7050_412 .net v0x55efe47e7050 412, 15 0, L_0x55efe480b3a0; 1 drivers
v0x55efe47e7050_413 .net v0x55efe47e7050 413, 15 0, L_0x55efe480b470; 1 drivers
v0x55efe47e7050_414 .net v0x55efe47e7050 414, 15 0, L_0x55efe480b540; 1 drivers
v0x55efe47e7050_415 .net v0x55efe47e7050 415, 15 0, L_0x55efe480b610; 1 drivers
v0x55efe47e7050_416 .net v0x55efe47e7050 416, 15 0, L_0x55efe480b6e0; 1 drivers
v0x55efe47e7050_417 .net v0x55efe47e7050 417, 15 0, L_0x55efe480b7b0; 1 drivers
v0x55efe47e7050_418 .net v0x55efe47e7050 418, 15 0, L_0x55efe480c690; 1 drivers
v0x55efe47e7050_419 .net v0x55efe47e7050 419, 15 0, L_0x55efe480c730; 1 drivers
v0x55efe47e7050_420 .net v0x55efe47e7050 420, 15 0, L_0x55efe47eb320; 1 drivers
v0x55efe47e7050_421 .net v0x55efe47e7050 421, 15 0, L_0x55efe47eb3f0; 1 drivers
v0x55efe47e7050_422 .net v0x55efe47e7050 422, 15 0, L_0x55efe47eb4c0; 1 drivers
v0x55efe47e7050_423 .net v0x55efe47e7050 423, 15 0, L_0x55efe480b970; 1 drivers
v0x55efe47e7050_424 .net v0x55efe47e7050 424, 15 0, L_0x55efe480ba40; 1 drivers
v0x55efe47e7050_425 .net v0x55efe47e7050 425, 15 0, L_0x55efe480bb10; 1 drivers
v0x55efe47e7050_426 .net v0x55efe47e7050 426, 15 0, L_0x55efe480bbe0; 1 drivers
v0x55efe47e7050_427 .net v0x55efe47e7050 427, 15 0, L_0x55efe480bcb0; 1 drivers
v0x55efe47e7050_428 .net v0x55efe47e7050 428, 15 0, L_0x55efe480bd80; 1 drivers
v0x55efe47e7050_429 .net v0x55efe47e7050 429, 15 0, L_0x55efe480be50; 1 drivers
v0x55efe47e7050_430 .net v0x55efe47e7050 430, 15 0, L_0x55efe480bf20; 1 drivers
v0x55efe47e7050_431 .net v0x55efe47e7050 431, 15 0, L_0x55efe480bff0; 1 drivers
v0x55efe47e7050_432 .net v0x55efe47e7050 432, 15 0, L_0x55efe480c0c0; 1 drivers
v0x55efe47e7050_433 .net v0x55efe47e7050 433, 15 0, L_0x55efe480c190; 1 drivers
v0x55efe47e7050_434 .net v0x55efe47e7050 434, 15 0, L_0x55efe480c260; 1 drivers
v0x55efe47e7050_435 .net v0x55efe47e7050 435, 15 0, L_0x55efe480c330; 1 drivers
v0x55efe47e7050_436 .net v0x55efe47e7050 436, 15 0, L_0x55efe480c400; 1 drivers
v0x55efe47e7050_437 .net v0x55efe47e7050 437, 15 0, L_0x55efe480c4d0; 1 drivers
v0x55efe47e7050_438 .net v0x55efe47e7050 438, 15 0, L_0x55efe480c5a0; 1 drivers
v0x55efe47e7050_439 .net v0x55efe47e7050 439, 15 0, L_0x55efe480d5c0; 1 drivers
v0x55efe47e7050_440 .net v0x55efe47e7050 440, 15 0, L_0x55efe47eb5a0; 1 drivers
v0x55efe47e7050_441 .net v0x55efe47e7050 441, 15 0, L_0x55efe47eb670; 1 drivers
v0x55efe47e7050_442 .net v0x55efe47e7050 442, 15 0, L_0x55efe47eb740; 1 drivers
v0x55efe47e7050_443 .net v0x55efe47e7050 443, 15 0, L_0x55efe480c800; 1 drivers
v0x55efe47e7050_444 .net v0x55efe47e7050 444, 15 0, L_0x55efe480c8d0; 1 drivers
v0x55efe47e7050_445 .net v0x55efe47e7050 445, 15 0, L_0x55efe480c9a0; 1 drivers
v0x55efe47e7050_446 .net v0x55efe47e7050 446, 15 0, L_0x55efe480ca70; 1 drivers
v0x55efe47e7050_447 .net v0x55efe47e7050 447, 15 0, L_0x55efe480cb40; 1 drivers
v0x55efe47e7050_448 .net v0x55efe47e7050 448, 15 0, L_0x55efe480cc10; 1 drivers
v0x55efe47e7050_449 .net v0x55efe47e7050 449, 15 0, L_0x55efe480cce0; 1 drivers
v0x55efe47e7050_450 .net v0x55efe47e7050 450, 15 0, L_0x55efe480cdb0; 1 drivers
v0x55efe47e7050_451 .net v0x55efe47e7050 451, 15 0, L_0x55efe480ce80; 1 drivers
v0x55efe47e7050_452 .net v0x55efe47e7050 452, 15 0, L_0x55efe480cf50; 1 drivers
v0x55efe47e7050_453 .net v0x55efe47e7050 453, 15 0, L_0x55efe480d020; 1 drivers
v0x55efe47e7050_454 .net v0x55efe47e7050 454, 15 0, L_0x55efe480d0f0; 1 drivers
v0x55efe47e7050_455 .net v0x55efe47e7050 455, 15 0, L_0x55efe480d1c0; 1 drivers
v0x55efe47e7050_456 .net v0x55efe47e7050 456, 15 0, L_0x55efe480d290; 1 drivers
v0x55efe47e7050_457 .net v0x55efe47e7050 457, 15 0, L_0x55efe480d360; 1 drivers
v0x55efe47e7050_458 .net v0x55efe47e7050 458, 15 0, L_0x55efe480d430; 1 drivers
v0x55efe47e7050_459 .net v0x55efe47e7050 459, 15 0, L_0x55efe480d500; 1 drivers
v0x55efe47e7050_460 .net v0x55efe47e7050 460, 15 0, L_0x55efe47eb820; 1 drivers
v0x55efe47e7050_461 .net v0x55efe47e7050 461, 15 0, L_0x55efe47eb8f0; 1 drivers
v0x55efe47e7050_462 .net v0x55efe47e7050 462, 15 0, L_0x55efe47eb9c0; 1 drivers
v0x55efe47e7050_463 .net v0x55efe47e7050 463, 15 0, L_0x55efe480d690; 1 drivers
v0x55efe47e7050_464 .net v0x55efe47e7050 464, 15 0, L_0x55efe480d760; 1 drivers
v0x55efe47e7050_465 .net v0x55efe47e7050 465, 15 0, L_0x55efe480d830; 1 drivers
v0x55efe47e7050_466 .net v0x55efe47e7050 466, 15 0, L_0x55efe480d900; 1 drivers
v0x55efe47e7050_467 .net v0x55efe47e7050 467, 15 0, L_0x55efe480d9d0; 1 drivers
v0x55efe47e7050_468 .net v0x55efe47e7050 468, 15 0, L_0x55efe480daa0; 1 drivers
v0x55efe47e7050_469 .net v0x55efe47e7050 469, 15 0, L_0x55efe480db70; 1 drivers
v0x55efe47e7050_470 .net v0x55efe47e7050 470, 15 0, L_0x55efe480dc40; 1 drivers
v0x55efe47e7050_471 .net v0x55efe47e7050 471, 15 0, L_0x55efe480dd10; 1 drivers
v0x55efe47e7050_472 .net v0x55efe47e7050 472, 15 0, L_0x55efe480dde0; 1 drivers
v0x55efe47e7050_473 .net v0x55efe47e7050 473, 15 0, L_0x55efe480deb0; 1 drivers
v0x55efe47e7050_474 .net v0x55efe47e7050 474, 15 0, L_0x55efe480df80; 1 drivers
v0x55efe47e7050_475 .net v0x55efe47e7050 475, 15 0, L_0x55efe480e050; 1 drivers
v0x55efe47e7050_476 .net v0x55efe47e7050 476, 15 0, L_0x55efe480e120; 1 drivers
v0x55efe47e7050_477 .net v0x55efe47e7050 477, 15 0, L_0x55efe480e1f0; 1 drivers
v0x55efe47e7050_478 .net v0x55efe47e7050 478, 15 0, L_0x55efe480e2c0; 1 drivers
v0x55efe47e7050_479 .net v0x55efe47e7050 479, 15 0, L_0x55efe480e390; 1 drivers
v0x55efe47e7050_480 .net v0x55efe47e7050 480, 15 0, L_0x55efe480f430; 1 drivers
v0x55efe47e7050_481 .net v0x55efe47e7050 481, 15 0, L_0x55efe480f4d0; 1 drivers
v0x55efe47e7050_482 .net v0x55efe47e7050 482, 15 0, L_0x55efe47ebaa0; 1 drivers
v0x55efe47e7050_483 .net v0x55efe47e7050 483, 15 0, L_0x55efe47ebb40; 1 drivers
v0x55efe47e7050_484 .net v0x55efe47e7050 484, 15 0, L_0x55efe47ebc10; 1 drivers
v0x55efe47e7050_485 .net v0x55efe47e7050 485, 15 0, L_0x55efe480e520; 1 drivers
v0x55efe47e7050_486 .net v0x55efe47e7050 486, 15 0, L_0x55efe480e5f0; 1 drivers
v0x55efe47e7050_487 .net v0x55efe47e7050 487, 15 0, L_0x55efe480e6c0; 1 drivers
v0x55efe47e7050_488 .net v0x55efe47e7050 488, 15 0, L_0x55efe480e790; 1 drivers
v0x55efe47e7050_489 .net v0x55efe47e7050 489, 15 0, L_0x55efe480e860; 1 drivers
v0x55efe47e7050_490 .net v0x55efe47e7050 490, 15 0, L_0x55efe480e930; 1 drivers
v0x55efe47e7050_491 .net v0x55efe47e7050 491, 15 0, L_0x55efe480ea00; 1 drivers
v0x55efe47e7050_492 .net v0x55efe47e7050 492, 15 0, L_0x55efe480ead0; 1 drivers
v0x55efe47e7050_493 .net v0x55efe47e7050 493, 15 0, L_0x55efe480eba0; 1 drivers
v0x55efe47e7050_494 .net v0x55efe47e7050 494, 15 0, L_0x55efe480ec70; 1 drivers
v0x55efe47e7050_495 .net v0x55efe47e7050 495, 15 0, L_0x55efe480ed40; 1 drivers
v0x55efe47e7050_496 .net v0x55efe47e7050 496, 15 0, L_0x55efe480ee10; 1 drivers
v0x55efe47e7050_497 .net v0x55efe47e7050 497, 15 0, L_0x55efe480eee0; 1 drivers
v0x55efe47e7050_498 .net v0x55efe47e7050 498, 15 0, L_0x55efe480efb0; 1 drivers
v0x55efe47e7050_499 .net v0x55efe47e7050 499, 15 0, L_0x55efe480f080; 1 drivers
v0x55efe47e7050_500 .net v0x55efe47e7050 500, 15 0, L_0x55efe480f150; 1 drivers
v0x55efe47e7050_501 .net v0x55efe47e7050 501, 15 0, L_0x55efe480f220; 1 drivers
v0x55efe47e7050_502 .net v0x55efe47e7050 502, 15 0, L_0x55efe480f2f0; 1 drivers
v0x55efe47e7050_503 .net v0x55efe47e7050 503, 15 0, L_0x55efe4810530; 1 drivers
v0x55efe47e7050_504 .net v0x55efe47e7050 504, 15 0, L_0x55efe47ebce0; 1 drivers
v0x55efe47e7050_505 .net v0x55efe47e7050 505, 15 0, L_0x55efe47ebdb0; 1 drivers
v0x55efe47e7050_506 .net v0x55efe47e7050 506, 15 0, L_0x55efe47ebe80; 1 drivers
v0x55efe47e7050_507 .net v0x55efe47e7050 507, 15 0, L_0x55efe47ebf50; 1 drivers
v0x55efe47e7050_508 .net v0x55efe47e7050 508, 15 0, L_0x55efe480f570; 1 drivers
v0x55efe47e7050_509 .net v0x55efe47e7050 509, 15 0, L_0x55efe480f640; 1 drivers
v0x55efe47e7050_510 .net v0x55efe47e7050 510, 15 0, L_0x55efe480f710; 1 drivers
v0x55efe47e7050_511 .net v0x55efe47e7050 511, 15 0, L_0x55efe480f7e0; 1 drivers
v0x55efe47ec120_0 .net "final_valid", 0 0, L_0x55efe4769900;  1 drivers
v0x55efe47ec1e0_0 .net "layer_done", 0 0, L_0x55efe47ec020;  1 drivers
v0x55efe47ec2a0_0 .var "layer_flat", 8191 0;
v0x55efe47ec380_0 .var "layer_valid", 0 0;
v0x55efe47ec440_0 .var "loop_flat", 8191 0;
v0x55efe47ec520_0 .var "loop_valid", 0 0;
v0x55efe47ec5e0_0 .var "mux_flat", 8191 0;
v0x55efe47ec6c0_0 .var "mux_valid", 0 0;
o0x7f616e0a4918 .functor BUFZ 1, C4<z>; HiZ drive
v0x55efe47ec780_0 .net "rst_n", 0 0, o0x7f616e0a4918;  0 drivers
o0x7f616e0a4948 .functor BUFZ 1, C4<z>; HiZ drive
v0x55efe47ec840_0 .net "sel_external", 0 0, o0x7f616e0a4948;  0 drivers
o0x7f616e0a4978 .functor BUFZ 1, C4<z>; HiZ drive
v0x55efe47ec900_0 .net "start_layer", 0 0, o0x7f616e0a4978;  0 drivers
E_0x55efe4595fc0/0 .event negedge, v0x55efe47ec780_0;
E_0x55efe4595fc0/1 .event posedge, v0x55efe47b4440_0;
E_0x55efe4595fc0 .event/or E_0x55efe4595fc0/0, E_0x55efe4595fc0/1;
E_0x55efe46f1b40/0 .event edge, v0x55efe47ec840_0, v0x55efe47e6eb0_0, v0x55efe47ec440_0, v0x55efe47e6f90_0;
E_0x55efe46f1b40/1 .event edge, v0x55efe47ec520_0;
E_0x55efe46f1b40 .event/or E_0x55efe46f1b40/0, E_0x55efe46f1b40/1;
E_0x55efe46f1bb0/0 .event edge, v0x55efe47b45e0_0, v0x55efe47b45e0_1, v0x55efe47b45e0_2, v0x55efe47b45e0_3;
E_0x55efe46f1bb0/1 .event edge, v0x55efe47b45e0_4, v0x55efe47b45e0_5, v0x55efe47b45e0_6, v0x55efe47b45e0_7;
E_0x55efe46f1bb0/2 .event edge, v0x55efe47b45e0_8, v0x55efe47b45e0_9, v0x55efe47b45e0_10, v0x55efe47b45e0_11;
E_0x55efe46f1bb0/3 .event edge, v0x55efe47b45e0_12, v0x55efe47b45e0_13, v0x55efe47b45e0_14, v0x55efe47b45e0_15;
E_0x55efe46f1bb0/4 .event edge, v0x55efe47b45e0_16, v0x55efe47b45e0_17, v0x55efe47b45e0_18, v0x55efe47b45e0_19;
E_0x55efe46f1bb0/5 .event edge, v0x55efe47b45e0_20, v0x55efe47b45e0_21, v0x55efe47b45e0_22, v0x55efe47b45e0_23;
E_0x55efe46f1bb0/6 .event edge, v0x55efe47b45e0_24, v0x55efe47b45e0_25, v0x55efe47b45e0_26, v0x55efe47b45e0_27;
E_0x55efe46f1bb0/7 .event edge, v0x55efe47b45e0_28, v0x55efe47b45e0_29, v0x55efe47b45e0_30, v0x55efe47b45e0_31;
E_0x55efe46f1bb0/8 .event edge, v0x55efe47b45e0_32, v0x55efe47b45e0_33, v0x55efe47b45e0_34, v0x55efe47b45e0_35;
E_0x55efe46f1bb0/9 .event edge, v0x55efe47b45e0_36, v0x55efe47b45e0_37, v0x55efe47b45e0_38, v0x55efe47b45e0_39;
E_0x55efe46f1bb0/10 .event edge, v0x55efe47b45e0_40, v0x55efe47b45e0_41, v0x55efe47b45e0_42, v0x55efe47b45e0_43;
E_0x55efe46f1bb0/11 .event edge, v0x55efe47b45e0_44, v0x55efe47b45e0_45, v0x55efe47b45e0_46, v0x55efe47b45e0_47;
E_0x55efe46f1bb0/12 .event edge, v0x55efe47b45e0_48, v0x55efe47b45e0_49, v0x55efe47b45e0_50, v0x55efe47b45e0_51;
E_0x55efe46f1bb0/13 .event edge, v0x55efe47b45e0_52, v0x55efe47b45e0_53, v0x55efe47b45e0_54, v0x55efe47b45e0_55;
E_0x55efe46f1bb0/14 .event edge, v0x55efe47b45e0_56, v0x55efe47b45e0_57, v0x55efe47b45e0_58, v0x55efe47b45e0_59;
E_0x55efe46f1bb0/15 .event edge, v0x55efe47b45e0_60, v0x55efe47b45e0_61, v0x55efe47b45e0_62, v0x55efe47b45e0_63;
E_0x55efe46f1bb0/16 .event edge, v0x55efe47b45e0_64, v0x55efe47b45e0_65, v0x55efe47b45e0_66, v0x55efe47b45e0_67;
E_0x55efe46f1bb0/17 .event edge, v0x55efe47b45e0_68, v0x55efe47b45e0_69, v0x55efe47b45e0_70, v0x55efe47b45e0_71;
E_0x55efe46f1bb0/18 .event edge, v0x55efe47b45e0_72, v0x55efe47b45e0_73, v0x55efe47b45e0_74, v0x55efe47b45e0_75;
E_0x55efe46f1bb0/19 .event edge, v0x55efe47b45e0_76, v0x55efe47b45e0_77, v0x55efe47b45e0_78, v0x55efe47b45e0_79;
E_0x55efe46f1bb0/20 .event edge, v0x55efe47b45e0_80, v0x55efe47b45e0_81, v0x55efe47b45e0_82, v0x55efe47b45e0_83;
E_0x55efe46f1bb0/21 .event edge, v0x55efe47b45e0_84, v0x55efe47b45e0_85, v0x55efe47b45e0_86, v0x55efe47b45e0_87;
E_0x55efe46f1bb0/22 .event edge, v0x55efe47b45e0_88, v0x55efe47b45e0_89, v0x55efe47b45e0_90, v0x55efe47b45e0_91;
E_0x55efe46f1bb0/23 .event edge, v0x55efe47b45e0_92, v0x55efe47b45e0_93, v0x55efe47b45e0_94, v0x55efe47b45e0_95;
E_0x55efe46f1bb0/24 .event edge, v0x55efe47b45e0_96, v0x55efe47b45e0_97, v0x55efe47b45e0_98, v0x55efe47b45e0_99;
E_0x55efe46f1bb0/25 .event edge, v0x55efe47b45e0_100, v0x55efe47b45e0_101, v0x55efe47b45e0_102, v0x55efe47b45e0_103;
E_0x55efe46f1bb0/26 .event edge, v0x55efe47b45e0_104, v0x55efe47b45e0_105, v0x55efe47b45e0_106, v0x55efe47b45e0_107;
E_0x55efe46f1bb0/27 .event edge, v0x55efe47b45e0_108, v0x55efe47b45e0_109, v0x55efe47b45e0_110, v0x55efe47b45e0_111;
E_0x55efe46f1bb0/28 .event edge, v0x55efe47b45e0_112, v0x55efe47b45e0_113, v0x55efe47b45e0_114, v0x55efe47b45e0_115;
E_0x55efe46f1bb0/29 .event edge, v0x55efe47b45e0_116, v0x55efe47b45e0_117, v0x55efe47b45e0_118, v0x55efe47b45e0_119;
E_0x55efe46f1bb0/30 .event edge, v0x55efe47b45e0_120, v0x55efe47b45e0_121, v0x55efe47b45e0_122, v0x55efe47b45e0_123;
E_0x55efe46f1bb0/31 .event edge, v0x55efe47b45e0_124, v0x55efe47b45e0_125, v0x55efe47b45e0_126, v0x55efe47b45e0_127;
E_0x55efe46f1bb0/32 .event edge, v0x55efe47b45e0_128, v0x55efe47b45e0_129, v0x55efe47b45e0_130, v0x55efe47b45e0_131;
E_0x55efe46f1bb0/33 .event edge, v0x55efe47b45e0_132, v0x55efe47b45e0_133, v0x55efe47b45e0_134, v0x55efe47b45e0_135;
E_0x55efe46f1bb0/34 .event edge, v0x55efe47b45e0_136, v0x55efe47b45e0_137, v0x55efe47b45e0_138, v0x55efe47b45e0_139;
E_0x55efe46f1bb0/35 .event edge, v0x55efe47b45e0_140, v0x55efe47b45e0_141, v0x55efe47b45e0_142, v0x55efe47b45e0_143;
E_0x55efe46f1bb0/36 .event edge, v0x55efe47b45e0_144, v0x55efe47b45e0_145, v0x55efe47b45e0_146, v0x55efe47b45e0_147;
E_0x55efe46f1bb0/37 .event edge, v0x55efe47b45e0_148, v0x55efe47b45e0_149, v0x55efe47b45e0_150, v0x55efe47b45e0_151;
E_0x55efe46f1bb0/38 .event edge, v0x55efe47b45e0_152, v0x55efe47b45e0_153, v0x55efe47b45e0_154, v0x55efe47b45e0_155;
E_0x55efe46f1bb0/39 .event edge, v0x55efe47b45e0_156, v0x55efe47b45e0_157, v0x55efe47b45e0_158, v0x55efe47b45e0_159;
E_0x55efe46f1bb0/40 .event edge, v0x55efe47b45e0_160, v0x55efe47b45e0_161, v0x55efe47b45e0_162, v0x55efe47b45e0_163;
E_0x55efe46f1bb0/41 .event edge, v0x55efe47b45e0_164, v0x55efe47b45e0_165, v0x55efe47b45e0_166, v0x55efe47b45e0_167;
E_0x55efe46f1bb0/42 .event edge, v0x55efe47b45e0_168, v0x55efe47b45e0_169, v0x55efe47b45e0_170, v0x55efe47b45e0_171;
E_0x55efe46f1bb0/43 .event edge, v0x55efe47b45e0_172, v0x55efe47b45e0_173, v0x55efe47b45e0_174, v0x55efe47b45e0_175;
E_0x55efe46f1bb0/44 .event edge, v0x55efe47b45e0_176, v0x55efe47b45e0_177, v0x55efe47b45e0_178, v0x55efe47b45e0_179;
E_0x55efe46f1bb0/45 .event edge, v0x55efe47b45e0_180, v0x55efe47b45e0_181, v0x55efe47b45e0_182, v0x55efe47b45e0_183;
E_0x55efe46f1bb0/46 .event edge, v0x55efe47b45e0_184, v0x55efe47b45e0_185, v0x55efe47b45e0_186, v0x55efe47b45e0_187;
E_0x55efe46f1bb0/47 .event edge, v0x55efe47b45e0_188, v0x55efe47b45e0_189, v0x55efe47b45e0_190, v0x55efe47b45e0_191;
E_0x55efe46f1bb0/48 .event edge, v0x55efe47b45e0_192, v0x55efe47b45e0_193, v0x55efe47b45e0_194, v0x55efe47b45e0_195;
E_0x55efe46f1bb0/49 .event edge, v0x55efe47b45e0_196, v0x55efe47b45e0_197, v0x55efe47b45e0_198, v0x55efe47b45e0_199;
E_0x55efe46f1bb0/50 .event edge, v0x55efe47b45e0_200, v0x55efe47b45e0_201, v0x55efe47b45e0_202, v0x55efe47b45e0_203;
E_0x55efe46f1bb0/51 .event edge, v0x55efe47b45e0_204, v0x55efe47b45e0_205, v0x55efe47b45e0_206, v0x55efe47b45e0_207;
E_0x55efe46f1bb0/52 .event edge, v0x55efe47b45e0_208, v0x55efe47b45e0_209, v0x55efe47b45e0_210, v0x55efe47b45e0_211;
E_0x55efe46f1bb0/53 .event edge, v0x55efe47b45e0_212, v0x55efe47b45e0_213, v0x55efe47b45e0_214, v0x55efe47b45e0_215;
E_0x55efe46f1bb0/54 .event edge, v0x55efe47b45e0_216, v0x55efe47b45e0_217, v0x55efe47b45e0_218, v0x55efe47b45e0_219;
E_0x55efe46f1bb0/55 .event edge, v0x55efe47b45e0_220, v0x55efe47b45e0_221, v0x55efe47b45e0_222, v0x55efe47b45e0_223;
E_0x55efe46f1bb0/56 .event edge, v0x55efe47b45e0_224, v0x55efe47b45e0_225, v0x55efe47b45e0_226, v0x55efe47b45e0_227;
E_0x55efe46f1bb0/57 .event edge, v0x55efe47b45e0_228, v0x55efe47b45e0_229, v0x55efe47b45e0_230, v0x55efe47b45e0_231;
E_0x55efe46f1bb0/58 .event edge, v0x55efe47b45e0_232, v0x55efe47b45e0_233, v0x55efe47b45e0_234, v0x55efe47b45e0_235;
E_0x55efe46f1bb0/59 .event edge, v0x55efe47b45e0_236, v0x55efe47b45e0_237, v0x55efe47b45e0_238, v0x55efe47b45e0_239;
E_0x55efe46f1bb0/60 .event edge, v0x55efe47b45e0_240, v0x55efe47b45e0_241, v0x55efe47b45e0_242, v0x55efe47b45e0_243;
E_0x55efe46f1bb0/61 .event edge, v0x55efe47b45e0_244, v0x55efe47b45e0_245, v0x55efe47b45e0_246, v0x55efe47b45e0_247;
E_0x55efe46f1bb0/62 .event edge, v0x55efe47b45e0_248, v0x55efe47b45e0_249, v0x55efe47b45e0_250, v0x55efe47b45e0_251;
E_0x55efe46f1bb0/63 .event edge, v0x55efe47b45e0_252, v0x55efe47b45e0_253, v0x55efe47b45e0_254, v0x55efe47b45e0_255;
E_0x55efe46f1bb0/64 .event edge, v0x55efe47b45e0_256, v0x55efe47b45e0_257, v0x55efe47b45e0_258, v0x55efe47b45e0_259;
E_0x55efe46f1bb0/65 .event edge, v0x55efe47b45e0_260, v0x55efe47b45e0_261, v0x55efe47b45e0_262, v0x55efe47b45e0_263;
E_0x55efe46f1bb0/66 .event edge, v0x55efe47b45e0_264, v0x55efe47b45e0_265, v0x55efe47b45e0_266, v0x55efe47b45e0_267;
E_0x55efe46f1bb0/67 .event edge, v0x55efe47b45e0_268, v0x55efe47b45e0_269, v0x55efe47b45e0_270, v0x55efe47b45e0_271;
E_0x55efe46f1bb0/68 .event edge, v0x55efe47b45e0_272, v0x55efe47b45e0_273, v0x55efe47b45e0_274, v0x55efe47b45e0_275;
E_0x55efe46f1bb0/69 .event edge, v0x55efe47b45e0_276, v0x55efe47b45e0_277, v0x55efe47b45e0_278, v0x55efe47b45e0_279;
E_0x55efe46f1bb0/70 .event edge, v0x55efe47b45e0_280, v0x55efe47b45e0_281, v0x55efe47b45e0_282, v0x55efe47b45e0_283;
E_0x55efe46f1bb0/71 .event edge, v0x55efe47b45e0_284, v0x55efe47b45e0_285, v0x55efe47b45e0_286, v0x55efe47b45e0_287;
E_0x55efe46f1bb0/72 .event edge, v0x55efe47b45e0_288, v0x55efe47b45e0_289, v0x55efe47b45e0_290, v0x55efe47b45e0_291;
E_0x55efe46f1bb0/73 .event edge, v0x55efe47b45e0_292, v0x55efe47b45e0_293, v0x55efe47b45e0_294, v0x55efe47b45e0_295;
E_0x55efe46f1bb0/74 .event edge, v0x55efe47b45e0_296, v0x55efe47b45e0_297, v0x55efe47b45e0_298, v0x55efe47b45e0_299;
E_0x55efe46f1bb0/75 .event edge, v0x55efe47b45e0_300, v0x55efe47b45e0_301, v0x55efe47b45e0_302, v0x55efe47b45e0_303;
E_0x55efe46f1bb0/76 .event edge, v0x55efe47b45e0_304, v0x55efe47b45e0_305, v0x55efe47b45e0_306, v0x55efe47b45e0_307;
E_0x55efe46f1bb0/77 .event edge, v0x55efe47b45e0_308, v0x55efe47b45e0_309, v0x55efe47b45e0_310, v0x55efe47b45e0_311;
E_0x55efe46f1bb0/78 .event edge, v0x55efe47b45e0_312, v0x55efe47b45e0_313, v0x55efe47b45e0_314, v0x55efe47b45e0_315;
E_0x55efe46f1bb0/79 .event edge, v0x55efe47b45e0_316, v0x55efe47b45e0_317, v0x55efe47b45e0_318, v0x55efe47b45e0_319;
E_0x55efe46f1bb0/80 .event edge, v0x55efe47b45e0_320, v0x55efe47b45e0_321, v0x55efe47b45e0_322, v0x55efe47b45e0_323;
E_0x55efe46f1bb0/81 .event edge, v0x55efe47b45e0_324, v0x55efe47b45e0_325, v0x55efe47b45e0_326, v0x55efe47b45e0_327;
E_0x55efe46f1bb0/82 .event edge, v0x55efe47b45e0_328, v0x55efe47b45e0_329, v0x55efe47b45e0_330, v0x55efe47b45e0_331;
E_0x55efe46f1bb0/83 .event edge, v0x55efe47b45e0_332, v0x55efe47b45e0_333, v0x55efe47b45e0_334, v0x55efe47b45e0_335;
E_0x55efe46f1bb0/84 .event edge, v0x55efe47b45e0_336, v0x55efe47b45e0_337, v0x55efe47b45e0_338, v0x55efe47b45e0_339;
E_0x55efe46f1bb0/85 .event edge, v0x55efe47b45e0_340, v0x55efe47b45e0_341, v0x55efe47b45e0_342, v0x55efe47b45e0_343;
E_0x55efe46f1bb0/86 .event edge, v0x55efe47b45e0_344, v0x55efe47b45e0_345, v0x55efe47b45e0_346, v0x55efe47b45e0_347;
E_0x55efe46f1bb0/87 .event edge, v0x55efe47b45e0_348, v0x55efe47b45e0_349, v0x55efe47b45e0_350, v0x55efe47b45e0_351;
E_0x55efe46f1bb0/88 .event edge, v0x55efe47b45e0_352, v0x55efe47b45e0_353, v0x55efe47b45e0_354, v0x55efe47b45e0_355;
E_0x55efe46f1bb0/89 .event edge, v0x55efe47b45e0_356, v0x55efe47b45e0_357, v0x55efe47b45e0_358, v0x55efe47b45e0_359;
E_0x55efe46f1bb0/90 .event edge, v0x55efe47b45e0_360, v0x55efe47b45e0_361, v0x55efe47b45e0_362, v0x55efe47b45e0_363;
E_0x55efe46f1bb0/91 .event edge, v0x55efe47b45e0_364, v0x55efe47b45e0_365, v0x55efe47b45e0_366, v0x55efe47b45e0_367;
E_0x55efe46f1bb0/92 .event edge, v0x55efe47b45e0_368, v0x55efe47b45e0_369, v0x55efe47b45e0_370, v0x55efe47b45e0_371;
E_0x55efe46f1bb0/93 .event edge, v0x55efe47b45e0_372, v0x55efe47b45e0_373, v0x55efe47b45e0_374, v0x55efe47b45e0_375;
E_0x55efe46f1bb0/94 .event edge, v0x55efe47b45e0_376, v0x55efe47b45e0_377, v0x55efe47b45e0_378, v0x55efe47b45e0_379;
E_0x55efe46f1bb0/95 .event edge, v0x55efe47b45e0_380, v0x55efe47b45e0_381, v0x55efe47b45e0_382, v0x55efe47b45e0_383;
E_0x55efe46f1bb0/96 .event edge, v0x55efe47b45e0_384, v0x55efe47b45e0_385, v0x55efe47b45e0_386, v0x55efe47b45e0_387;
E_0x55efe46f1bb0/97 .event edge, v0x55efe47b45e0_388, v0x55efe47b45e0_389, v0x55efe47b45e0_390, v0x55efe47b45e0_391;
E_0x55efe46f1bb0/98 .event edge, v0x55efe47b45e0_392, v0x55efe47b45e0_393, v0x55efe47b45e0_394, v0x55efe47b45e0_395;
E_0x55efe46f1bb0/99 .event edge, v0x55efe47b45e0_396, v0x55efe47b45e0_397, v0x55efe47b45e0_398, v0x55efe47b45e0_399;
E_0x55efe46f1bb0/100 .event edge, v0x55efe47b45e0_400, v0x55efe47b45e0_401, v0x55efe47b45e0_402, v0x55efe47b45e0_403;
E_0x55efe46f1bb0/101 .event edge, v0x55efe47b45e0_404, v0x55efe47b45e0_405, v0x55efe47b45e0_406, v0x55efe47b45e0_407;
E_0x55efe46f1bb0/102 .event edge, v0x55efe47b45e0_408, v0x55efe47b45e0_409, v0x55efe47b45e0_410, v0x55efe47b45e0_411;
E_0x55efe46f1bb0/103 .event edge, v0x55efe47b45e0_412, v0x55efe47b45e0_413, v0x55efe47b45e0_414, v0x55efe47b45e0_415;
E_0x55efe46f1bb0/104 .event edge, v0x55efe47b45e0_416, v0x55efe47b45e0_417, v0x55efe47b45e0_418, v0x55efe47b45e0_419;
E_0x55efe46f1bb0/105 .event edge, v0x55efe47b45e0_420, v0x55efe47b45e0_421, v0x55efe47b45e0_422, v0x55efe47b45e0_423;
E_0x55efe46f1bb0/106 .event edge, v0x55efe47b45e0_424, v0x55efe47b45e0_425, v0x55efe47b45e0_426, v0x55efe47b45e0_427;
E_0x55efe46f1bb0/107 .event edge, v0x55efe47b45e0_428, v0x55efe47b45e0_429, v0x55efe47b45e0_430, v0x55efe47b45e0_431;
E_0x55efe46f1bb0/108 .event edge, v0x55efe47b45e0_432, v0x55efe47b45e0_433, v0x55efe47b45e0_434, v0x55efe47b45e0_435;
E_0x55efe46f1bb0/109 .event edge, v0x55efe47b45e0_436, v0x55efe47b45e0_437, v0x55efe47b45e0_438, v0x55efe47b45e0_439;
E_0x55efe46f1bb0/110 .event edge, v0x55efe47b45e0_440, v0x55efe47b45e0_441, v0x55efe47b45e0_442, v0x55efe47b45e0_443;
E_0x55efe46f1bb0/111 .event edge, v0x55efe47b45e0_444, v0x55efe47b45e0_445, v0x55efe47b45e0_446, v0x55efe47b45e0_447;
E_0x55efe46f1bb0/112 .event edge, v0x55efe47b45e0_448, v0x55efe47b45e0_449, v0x55efe47b45e0_450, v0x55efe47b45e0_451;
E_0x55efe46f1bb0/113 .event edge, v0x55efe47b45e0_452, v0x55efe47b45e0_453, v0x55efe47b45e0_454, v0x55efe47b45e0_455;
E_0x55efe46f1bb0/114 .event edge, v0x55efe47b45e0_456, v0x55efe47b45e0_457, v0x55efe47b45e0_458, v0x55efe47b45e0_459;
E_0x55efe46f1bb0/115 .event edge, v0x55efe47b45e0_460, v0x55efe47b45e0_461, v0x55efe47b45e0_462, v0x55efe47b45e0_463;
E_0x55efe46f1bb0/116 .event edge, v0x55efe47b45e0_464, v0x55efe47b45e0_465, v0x55efe47b45e0_466, v0x55efe47b45e0_467;
E_0x55efe46f1bb0/117 .event edge, v0x55efe47b45e0_468, v0x55efe47b45e0_469, v0x55efe47b45e0_470, v0x55efe47b45e0_471;
E_0x55efe46f1bb0/118 .event edge, v0x55efe47b45e0_472, v0x55efe47b45e0_473, v0x55efe47b45e0_474, v0x55efe47b45e0_475;
E_0x55efe46f1bb0/119 .event edge, v0x55efe47b45e0_476, v0x55efe47b45e0_477, v0x55efe47b45e0_478, v0x55efe47b45e0_479;
E_0x55efe46f1bb0/120 .event edge, v0x55efe47b45e0_480, v0x55efe47b45e0_481, v0x55efe47b45e0_482, v0x55efe47b45e0_483;
E_0x55efe46f1bb0/121 .event edge, v0x55efe47b45e0_484, v0x55efe47b45e0_485, v0x55efe47b45e0_486, v0x55efe47b45e0_487;
E_0x55efe46f1bb0/122 .event edge, v0x55efe47b45e0_488, v0x55efe47b45e0_489, v0x55efe47b45e0_490, v0x55efe47b45e0_491;
E_0x55efe46f1bb0/123 .event edge, v0x55efe47b45e0_492, v0x55efe47b45e0_493, v0x55efe47b45e0_494, v0x55efe47b45e0_495;
E_0x55efe46f1bb0/124 .event edge, v0x55efe47b45e0_496, v0x55efe47b45e0_497, v0x55efe47b45e0_498, v0x55efe47b45e0_499;
E_0x55efe46f1bb0/125 .event edge, v0x55efe47b45e0_500, v0x55efe47b45e0_501, v0x55efe47b45e0_502, v0x55efe47b45e0_503;
E_0x55efe46f1bb0/126 .event edge, v0x55efe47b45e0_504, v0x55efe47b45e0_505, v0x55efe47b45e0_506, v0x55efe47b45e0_507;
E_0x55efe46f1bb0/127 .event edge, v0x55efe47b45e0_508, v0x55efe47b45e0_509, v0x55efe47b45e0_510, v0x55efe47b45e0_511;
E_0x55efe46f1bb0 .event/or E_0x55efe46f1bb0/0, E_0x55efe46f1bb0/1, E_0x55efe46f1bb0/2, E_0x55efe46f1bb0/3, E_0x55efe46f1bb0/4, E_0x55efe46f1bb0/5, E_0x55efe46f1bb0/6, E_0x55efe46f1bb0/7, E_0x55efe46f1bb0/8, E_0x55efe46f1bb0/9, E_0x55efe46f1bb0/10, E_0x55efe46f1bb0/11, E_0x55efe46f1bb0/12, E_0x55efe46f1bb0/13, E_0x55efe46f1bb0/14, E_0x55efe46f1bb0/15, E_0x55efe46f1bb0/16, E_0x55efe46f1bb0/17, E_0x55efe46f1bb0/18, E_0x55efe46f1bb0/19, E_0x55efe46f1bb0/20, E_0x55efe46f1bb0/21, E_0x55efe46f1bb0/22, E_0x55efe46f1bb0/23, E_0x55efe46f1bb0/24, E_0x55efe46f1bb0/25, E_0x55efe46f1bb0/26, E_0x55efe46f1bb0/27, E_0x55efe46f1bb0/28, E_0x55efe46f1bb0/29, E_0x55efe46f1bb0/30, E_0x55efe46f1bb0/31, E_0x55efe46f1bb0/32, E_0x55efe46f1bb0/33, E_0x55efe46f1bb0/34, E_0x55efe46f1bb0/35, E_0x55efe46f1bb0/36, E_0x55efe46f1bb0/37, E_0x55efe46f1bb0/38, E_0x55efe46f1bb0/39, E_0x55efe46f1bb0/40, E_0x55efe46f1bb0/41, E_0x55efe46f1bb0/42, E_0x55efe46f1bb0/43, E_0x55efe46f1bb0/44, E_0x55efe46f1bb0/45, E_0x55efe46f1bb0/46, E_0x55efe46f1bb0/47, E_0x55efe46f1bb0/48, E_0x55efe46f1bb0/49, E_0x55efe46f1bb0/50, E_0x55efe46f1bb0/51, E_0x55efe46f1bb0/52, E_0x55efe46f1bb0/53, E_0x55efe46f1bb0/54, E_0x55efe46f1bb0/55, E_0x55efe46f1bb0/56, E_0x55efe46f1bb0/57, E_0x55efe46f1bb0/58, E_0x55efe46f1bb0/59, E_0x55efe46f1bb0/60, E_0x55efe46f1bb0/61, E_0x55efe46f1bb0/62, E_0x55efe46f1bb0/63, E_0x55efe46f1bb0/64, E_0x55efe46f1bb0/65, E_0x55efe46f1bb0/66, E_0x55efe46f1bb0/67, E_0x55efe46f1bb0/68, E_0x55efe46f1bb0/69, E_0x55efe46f1bb0/70, E_0x55efe46f1bb0/71, E_0x55efe46f1bb0/72, E_0x55efe46f1bb0/73, E_0x55efe46f1bb0/74, E_0x55efe46f1bb0/75, E_0x55efe46f1bb0/76, E_0x55efe46f1bb0/77, E_0x55efe46f1bb0/78, E_0x55efe46f1bb0/79, E_0x55efe46f1bb0/80, E_0x55efe46f1bb0/81, E_0x55efe46f1bb0/82, E_0x55efe46f1bb0/83, E_0x55efe46f1bb0/84, E_0x55efe46f1bb0/85, E_0x55efe46f1bb0/86, E_0x55efe46f1bb0/87, E_0x55efe46f1bb0/88, E_0x55efe46f1bb0/89, E_0x55efe46f1bb0/90, E_0x55efe46f1bb0/91, E_0x55efe46f1bb0/92, E_0x55efe46f1bb0/93, E_0x55efe46f1bb0/94, E_0x55efe46f1bb0/95, E_0x55efe46f1bb0/96, E_0x55efe46f1bb0/97, E_0x55efe46f1bb0/98, E_0x55efe46f1bb0/99, E_0x55efe46f1bb0/100, E_0x55efe46f1bb0/101, E_0x55efe46f1bb0/102, E_0x55efe46f1bb0/103, E_0x55efe46f1bb0/104, E_0x55efe46f1bb0/105, E_0x55efe46f1bb0/106, E_0x55efe46f1bb0/107, E_0x55efe46f1bb0/108, E_0x55efe46f1bb0/109, E_0x55efe46f1bb0/110, E_0x55efe46f1bb0/111, E_0x55efe46f1bb0/112, E_0x55efe46f1bb0/113, E_0x55efe46f1bb0/114, E_0x55efe46f1bb0/115, E_0x55efe46f1bb0/116, E_0x55efe46f1bb0/117, E_0x55efe46f1bb0/118, E_0x55efe46f1bb0/119, E_0x55efe46f1bb0/120, E_0x55efe46f1bb0/121, E_0x55efe46f1bb0/122, E_0x55efe46f1bb0/123, E_0x55efe46f1bb0/124, E_0x55efe46f1bb0/125, E_0x55efe46f1bb0/126, E_0x55efe46f1bb0/127;
L_0x55efe47ef000 .part v0x55efe47ec2a0_0, 0, 16;
L_0x55efe47ef0d0 .part v0x55efe47ec2a0_0, 16, 16;
L_0x55efe47ef1a0 .part v0x55efe47ec2a0_0, 32, 16;
L_0x55efe47ef240 .part v0x55efe47ec2a0_0, 48, 16;
L_0x55efe47ef340 .part v0x55efe47ec2a0_0, 64, 16;
L_0x55efe47ef410 .part v0x55efe47ec2a0_0, 80, 16;
L_0x55efe47ef520 .part v0x55efe47ec2a0_0, 96, 16;
L_0x55efe47ef5c0 .part v0x55efe47ec2a0_0, 112, 16;
L_0x55efe47ef7f0 .part v0x55efe47ec2a0_0, 128, 16;
L_0x55efe47ef8c0 .part v0x55efe47ec2a0_0, 144, 16;
L_0x55efe47ef9f0 .part v0x55efe47ec2a0_0, 160, 16;
L_0x55efe47efac0 .part v0x55efe47ec2a0_0, 176, 16;
L_0x55efe47efc00 .part v0x55efe47ec2a0_0, 192, 16;
L_0x55efe47efcd0 .part v0x55efe47ec2a0_0, 208, 16;
L_0x55efe47efe20 .part v0x55efe47ec2a0_0, 224, 16;
L_0x55efe47efef0 .part v0x55efe47ec2a0_0, 240, 16;
L_0x55efe47f0050 .part v0x55efe47ec2a0_0, 256, 16;
L_0x55efe47f0120 .part v0x55efe47ec2a0_0, 272, 16;
L_0x55efe47f0290 .part v0x55efe47ec2a0_0, 288, 16;
L_0x55efe47f0360 .part v0x55efe47ec2a0_0, 304, 16;
L_0x55efe47f01f0 .part v0x55efe47ec2a0_0, 320, 16;
L_0x55efe47f0510 .part v0x55efe47ec2a0_0, 336, 16;
L_0x55efe47f06a0 .part v0x55efe47ec2a0_0, 352, 16;
L_0x55efe47f0770 .part v0x55efe47ec2a0_0, 368, 16;
L_0x55efe47f0910 .part v0x55efe47ec2a0_0, 384, 16;
L_0x55efe47f09e0 .part v0x55efe47ec2a0_0, 400, 16;
L_0x55efe47f0b90 .part v0x55efe47ec2a0_0, 416, 16;
L_0x55efe47f0c60 .part v0x55efe47ec2a0_0, 432, 16;
L_0x55efe47f0e20 .part v0x55efe47ec2a0_0, 448, 16;
L_0x55efe47f0ef0 .part v0x55efe47ec2a0_0, 464, 16;
L_0x55efe47f10c0 .part v0x55efe47ec2a0_0, 480, 16;
L_0x55efe47f1190 .part v0x55efe47ec2a0_0, 496, 16;
L_0x55efe47f1370 .part v0x55efe47ec2a0_0, 512, 16;
L_0x55efe47f1440 .part v0x55efe47ec2a0_0, 528, 16;
L_0x55efe47f1630 .part v0x55efe47ec2a0_0, 544, 16;
L_0x55efe47f1700 .part v0x55efe47ec2a0_0, 560, 16;
L_0x55efe47f1510 .part v0x55efe47ec2a0_0, 576, 16;
L_0x55efe47f1900 .part v0x55efe47ec2a0_0, 592, 16;
L_0x55efe47f1ae0 .part v0x55efe47ec2a0_0, 608, 16;
L_0x55efe47f1bb0 .part v0x55efe47ec2a0_0, 624, 16;
L_0x55efe47f1dd0 .part v0x55efe47ec2a0_0, 640, 16;
L_0x55efe47f1ea0 .part v0x55efe47ec2a0_0, 656, 16;
L_0x55efe47f20d0 .part v0x55efe47ec2a0_0, 672, 16;
L_0x55efe47f21a0 .part v0x55efe47ec2a0_0, 688, 16;
L_0x55efe47f23e0 .part v0x55efe47ec2a0_0, 704, 16;
L_0x55efe47f24b0 .part v0x55efe47ec2a0_0, 720, 16;
L_0x55efe47f2700 .part v0x55efe47ec2a0_0, 736, 16;
L_0x55efe47f27d0 .part v0x55efe47ec2a0_0, 752, 16;
L_0x55efe47f2a30 .part v0x55efe47ec2a0_0, 768, 16;
L_0x55efe47f2b00 .part v0x55efe47ec2a0_0, 784, 16;
L_0x55efe47f2d70 .part v0x55efe47ec2a0_0, 800, 16;
L_0x55efe47f2e40 .part v0x55efe47ec2a0_0, 816, 16;
L_0x55efe47f30c0 .part v0x55efe47ec2a0_0, 832, 16;
L_0x55efe47f3190 .part v0x55efe47ec2a0_0, 848, 16;
L_0x55efe47f3420 .part v0x55efe47ec2a0_0, 864, 16;
L_0x55efe47f34f0 .part v0x55efe47ec2a0_0, 880, 16;
L_0x55efe47f3790 .part v0x55efe47ec2a0_0, 896, 16;
L_0x55efe47f3860 .part v0x55efe47ec2a0_0, 912, 16;
L_0x55efe47f3b10 .part v0x55efe47ec2a0_0, 928, 16;
L_0x55efe47f3be0 .part v0x55efe47ec2a0_0, 944, 16;
L_0x55efe47f3ea0 .part v0x55efe47ec2a0_0, 960, 16;
L_0x55efe47f3f70 .part v0x55efe47ec2a0_0, 976, 16;
L_0x55efe47f4240 .part v0x55efe47ec2a0_0, 992, 16;
L_0x55efe47f4310 .part v0x55efe47ec2a0_0, 1008, 16;
L_0x55efe47e83f0 .part v0x55efe47ec2a0_0, 1024, 16;
L_0x55efe47e84c0 .part v0x55efe47ec2a0_0, 1040, 16;
L_0x55efe47e87b0 .part v0x55efe47ec2a0_0, 1056, 16;
L_0x55efe47e8880 .part v0x55efe47ec2a0_0, 1072, 16;
L_0x55efe47f4e50 .part v0x55efe47ec2a0_0, 1088, 16;
L_0x55efe47f4f20 .part v0x55efe47ec2a0_0, 1104, 16;
L_0x55efe47f5230 .part v0x55efe47ec2a0_0, 1120, 16;
L_0x55efe47f5300 .part v0x55efe47ec2a0_0, 1136, 16;
L_0x55efe47f5620 .part v0x55efe47ec2a0_0, 1152, 16;
L_0x55efe47f56f0 .part v0x55efe47ec2a0_0, 1168, 16;
L_0x55efe47f5a20 .part v0x55efe47ec2a0_0, 1184, 16;
L_0x55efe47f5af0 .part v0x55efe47ec2a0_0, 1200, 16;
L_0x55efe47f5e30 .part v0x55efe47ec2a0_0, 1216, 16;
L_0x55efe47f5f00 .part v0x55efe47ec2a0_0, 1232, 16;
L_0x55efe47f6250 .part v0x55efe47ec2a0_0, 1248, 16;
L_0x55efe47f6320 .part v0x55efe47ec2a0_0, 1264, 16;
L_0x55efe47f6680 .part v0x55efe47ec2a0_0, 1280, 16;
L_0x55efe47f6750 .part v0x55efe47ec2a0_0, 1296, 16;
L_0x55efe47f6ac0 .part v0x55efe47ec2a0_0, 1312, 16;
L_0x55efe47f6b90 .part v0x55efe47ec2a0_0, 1328, 16;
L_0x55efe47f6f10 .part v0x55efe47ec2a0_0, 1344, 16;
L_0x55efe47f6fe0 .part v0x55efe47ec2a0_0, 1360, 16;
L_0x55efe47f7370 .part v0x55efe47ec2a0_0, 1376, 16;
L_0x55efe47f7440 .part v0x55efe47ec2a0_0, 1392, 16;
L_0x55efe47f77e0 .part v0x55efe47ec2a0_0, 1408, 16;
L_0x55efe47f78b0 .part v0x55efe47ec2a0_0, 1424, 16;
L_0x55efe47f7c60 .part v0x55efe47ec2a0_0, 1440, 16;
L_0x55efe47f7d30 .part v0x55efe47ec2a0_0, 1456, 16;
L_0x55efe47f80f0 .part v0x55efe47ec2a0_0, 1472, 16;
L_0x55efe47f81c0 .part v0x55efe47ec2a0_0, 1488, 16;
L_0x55efe47f8590 .part v0x55efe47ec2a0_0, 1504, 16;
L_0x55efe47f8660 .part v0x55efe47ec2a0_0, 1520, 16;
L_0x55efe47f8a40 .part v0x55efe47ec2a0_0, 1536, 16;
L_0x55efe47f8b10 .part v0x55efe47ec2a0_0, 1552, 16;
L_0x55efe47f8f00 .part v0x55efe47ec2a0_0, 1568, 16;
L_0x55efe47f8fd0 .part v0x55efe47ec2a0_0, 1584, 16;
L_0x55efe47f93d0 .part v0x55efe47ec2a0_0, 1600, 16;
L_0x55efe47f94a0 .part v0x55efe47ec2a0_0, 1616, 16;
L_0x55efe47f98b0 .part v0x55efe47ec2a0_0, 1632, 16;
L_0x55efe47f9980 .part v0x55efe47ec2a0_0, 1648, 16;
L_0x55efe47f9da0 .part v0x55efe47ec2a0_0, 1664, 16;
L_0x55efe47f9e70 .part v0x55efe47ec2a0_0, 1680, 16;
L_0x55efe47fa2a0 .part v0x55efe47ec2a0_0, 1696, 16;
L_0x55efe47fa370 .part v0x55efe47ec2a0_0, 1712, 16;
L_0x55efe47fa7b0 .part v0x55efe47ec2a0_0, 1728, 16;
L_0x55efe47fa880 .part v0x55efe47ec2a0_0, 1744, 16;
L_0x55efe47facd0 .part v0x55efe47ec2a0_0, 1760, 16;
L_0x55efe47fada0 .part v0x55efe47ec2a0_0, 1776, 16;
L_0x55efe47fb200 .part v0x55efe47ec2a0_0, 1792, 16;
L_0x55efe47fb2d0 .part v0x55efe47ec2a0_0, 1808, 16;
L_0x55efe47fb740 .part v0x55efe47ec2a0_0, 1824, 16;
L_0x55efe47fb810 .part v0x55efe47ec2a0_0, 1840, 16;
L_0x55efe47fbc90 .part v0x55efe47ec2a0_0, 1856, 16;
L_0x55efe47fbd60 .part v0x55efe47ec2a0_0, 1872, 16;
L_0x55efe47fc1f0 .part v0x55efe47ec2a0_0, 1888, 16;
L_0x55efe47fc2c0 .part v0x55efe47ec2a0_0, 1904, 16;
L_0x55efe47fc760 .part v0x55efe47ec2a0_0, 1920, 16;
L_0x55efe47fc830 .part v0x55efe47ec2a0_0, 1936, 16;
L_0x55efe47fcce0 .part v0x55efe47ec2a0_0, 1952, 16;
L_0x55efe47fcdb0 .part v0x55efe47ec2a0_0, 1968, 16;
L_0x55efe47fd270 .part v0x55efe47ec2a0_0, 1984, 16;
L_0x55efe47fd340 .part v0x55efe47ec2a0_0, 2000, 16;
L_0x55efe47e8d20 .part v0x55efe47ec2a0_0, 2016, 16;
L_0x55efe47e8df0 .part v0x55efe47ec2a0_0, 2032, 16;
L_0x55efe47e8ec0 .part v0x55efe47ec2a0_0, 2048, 16;
L_0x55efe47e8f90 .part v0x55efe47ec2a0_0, 2064, 16;
L_0x55efe47e9060 .part v0x55efe47ec2a0_0, 2080, 16;
L_0x55efe47fe450 .part v0x55efe47ec2a0_0, 2096, 16;
L_0x55efe47e9100 .part v0x55efe47ec2a0_0, 2112, 16;
L_0x55efe47f4410 .part v0x55efe47ec2a0_0, 2128, 16;
L_0x55efe47f44e0 .part v0x55efe47ec2a0_0, 2144, 16;
L_0x55efe47f45b0 .part v0x55efe47ec2a0_0, 2160, 16;
L_0x55efe47f4680 .part v0x55efe47ec2a0_0, 2176, 16;
L_0x55efe47f4750 .part v0x55efe47ec2a0_0, 2192, 16;
L_0x55efe47e91a0 .part v0x55efe47ec2a0_0, 2208, 16;
L_0x55efe47fe550 .part v0x55efe47ec2a0_0, 2224, 16;
L_0x55efe47fe620 .part v0x55efe47ec2a0_0, 2240, 16;
L_0x55efe47fe6f0 .part v0x55efe47ec2a0_0, 2256, 16;
L_0x55efe47fe7c0 .part v0x55efe47ec2a0_0, 2272, 16;
L_0x55efe47fe890 .part v0x55efe47ec2a0_0, 2288, 16;
L_0x55efe47fee30 .part v0x55efe47ec2a0_0, 2304, 16;
L_0x55efe47fef00 .part v0x55efe47ec2a0_0, 2320, 16;
L_0x55efe47e9240 .part v0x55efe47ec2a0_0, 2336, 16;
L_0x55efe47fe9a0 .part v0x55efe47ec2a0_0, 2352, 16;
L_0x55efe47fea70 .part v0x55efe47ec2a0_0, 2368, 16;
L_0x55efe47feb40 .part v0x55efe47ec2a0_0, 2384, 16;
L_0x55efe47fec10 .part v0x55efe47ec2a0_0, 2400, 16;
L_0x55efe47fece0 .part v0x55efe47ec2a0_0, 2416, 16;
L_0x55efe47ff4a0 .part v0x55efe47ec2a0_0, 2432, 16;
L_0x55efe47ff540 .part v0x55efe47ec2a0_0, 2448, 16;
L_0x55efe47e9340 .part v0x55efe47ec2a0_0, 2464, 16;
L_0x55efe47fefd0 .part v0x55efe47ec2a0_0, 2480, 16;
L_0x55efe47ff0a0 .part v0x55efe47ec2a0_0, 2496, 16;
L_0x55efe47ff170 .part v0x55efe47ec2a0_0, 2512, 16;
L_0x55efe47ff240 .part v0x55efe47ec2a0_0, 2528, 16;
L_0x55efe47ff310 .part v0x55efe47ec2a0_0, 2544, 16;
L_0x55efe47ff3e0 .part v0x55efe47ec2a0_0, 2560, 16;
L_0x55efe47ffaf0 .part v0x55efe47ec2a0_0, 2576, 16;
L_0x55efe47e9440 .part v0x55efe47ec2a0_0, 2592, 16;
L_0x55efe47ff5e0 .part v0x55efe47ec2a0_0, 2608, 16;
L_0x55efe47ff6b0 .part v0x55efe47ec2a0_0, 2624, 16;
L_0x55efe47ff780 .part v0x55efe47ec2a0_0, 2640, 16;
L_0x55efe47ff850 .part v0x55efe47ec2a0_0, 2656, 16;
L_0x55efe47ff920 .part v0x55efe47ec2a0_0, 2672, 16;
L_0x55efe47ff9f0 .part v0x55efe47ec2a0_0, 2688, 16;
L_0x55efe48000e0 .part v0x55efe47ec2a0_0, 2704, 16;
L_0x55efe47e9510 .part v0x55efe47ec2a0_0, 2720, 16;
L_0x55efe47ffb90 .part v0x55efe47ec2a0_0, 2736, 16;
L_0x55efe47ffc60 .part v0x55efe47ec2a0_0, 2752, 16;
L_0x55efe47ffd30 .part v0x55efe47ec2a0_0, 2768, 16;
L_0x55efe47ffe00 .part v0x55efe47ec2a0_0, 2784, 16;
L_0x55efe47ffed0 .part v0x55efe47ec2a0_0, 2800, 16;
L_0x55efe47fffa0 .part v0x55efe47ec2a0_0, 2816, 16;
L_0x55efe4800710 .part v0x55efe47ec2a0_0, 2832, 16;
L_0x55efe47e95e0 .part v0x55efe47ec2a0_0, 2848, 16;
L_0x55efe47e96b0 .part v0x55efe47ec2a0_0, 2864, 16;
L_0x55efe4800180 .part v0x55efe47ec2a0_0, 2880, 16;
L_0x55efe4800250 .part v0x55efe47ec2a0_0, 2896, 16;
L_0x55efe4800320 .part v0x55efe47ec2a0_0, 2912, 16;
L_0x55efe48003f0 .part v0x55efe47ec2a0_0, 2928, 16;
L_0x55efe48004c0 .part v0x55efe47ec2a0_0, 2944, 16;
L_0x55efe4800590 .part v0x55efe47ec2a0_0, 2960, 16;
L_0x55efe4800660 .part v0x55efe47ec2a0_0, 2976, 16;
L_0x55efe4800dc0 .part v0x55efe47ec2a0_0, 2992, 16;
L_0x55efe47e9760 .part v0x55efe47ec2a0_0, 3008, 16;
L_0x55efe48007b0 .part v0x55efe47ec2a0_0, 3024, 16;
L_0x55efe4800880 .part v0x55efe47ec2a0_0, 3040, 16;
L_0x55efe4800950 .part v0x55efe47ec2a0_0, 3056, 16;
L_0x55efe4800a20 .part v0x55efe47ec2a0_0, 3072, 16;
L_0x55efe4800af0 .part v0x55efe47ec2a0_0, 3088, 16;
L_0x55efe4800bc0 .part v0x55efe47ec2a0_0, 3104, 16;
L_0x55efe4800c90 .part v0x55efe47ec2a0_0, 3120, 16;
L_0x55efe48014c0 .part v0x55efe47ec2a0_0, 3136, 16;
L_0x55efe4801560 .part v0x55efe47ec2a0_0, 3152, 16;
L_0x55efe47e9860 .part v0x55efe47ec2a0_0, 3168, 16;
L_0x55efe47e9930 .part v0x55efe47ec2a0_0, 3184, 16;
L_0x55efe4800ec0 .part v0x55efe47ec2a0_0, 3200, 16;
L_0x55efe4800f90 .part v0x55efe47ec2a0_0, 3216, 16;
L_0x55efe4801060 .part v0x55efe47ec2a0_0, 3232, 16;
L_0x55efe4801130 .part v0x55efe47ec2a0_0, 3248, 16;
L_0x55efe4801200 .part v0x55efe47ec2a0_0, 3264, 16;
L_0x55efe48012d0 .part v0x55efe47ec2a0_0, 3280, 16;
L_0x55efe48013a0 .part v0x55efe47ec2a0_0, 3296, 16;
L_0x55efe4801c80 .part v0x55efe47ec2a0_0, 3312, 16;
L_0x55efe47e99e0 .part v0x55efe47ec2a0_0, 3328, 16;
L_0x55efe4801600 .part v0x55efe47ec2a0_0, 3344, 16;
L_0x55efe48016d0 .part v0x55efe47ec2a0_0, 3360, 16;
L_0x55efe48017a0 .part v0x55efe47ec2a0_0, 3376, 16;
L_0x55efe4801870 .part v0x55efe47ec2a0_0, 3392, 16;
L_0x55efe4801940 .part v0x55efe47ec2a0_0, 3408, 16;
L_0x55efe4801a10 .part v0x55efe47ec2a0_0, 3424, 16;
L_0x55efe4801ae0 .part v0x55efe47ec2a0_0, 3440, 16;
L_0x55efe4801bb0 .part v0x55efe47ec2a0_0, 3456, 16;
L_0x55efe48023f0 .part v0x55efe47ec2a0_0, 3472, 16;
L_0x55efe47e9ae0 .part v0x55efe47ec2a0_0, 3488, 16;
L_0x55efe47e9bb0 .part v0x55efe47ec2a0_0, 3504, 16;
L_0x55efe4801d50 .part v0x55efe47ec2a0_0, 3520, 16;
L_0x55efe4801e20 .part v0x55efe47ec2a0_0, 3536, 16;
L_0x55efe4801ef0 .part v0x55efe47ec2a0_0, 3552, 16;
L_0x55efe4801fc0 .part v0x55efe47ec2a0_0, 3568, 16;
L_0x55efe4802090 .part v0x55efe47ec2a0_0, 3584, 16;
L_0x55efe4802160 .part v0x55efe47ec2a0_0, 3600, 16;
L_0x55efe4802230 .part v0x55efe47ec2a0_0, 3616, 16;
L_0x55efe4802300 .part v0x55efe47ec2a0_0, 3632, 16;
L_0x55efe4802bc0 .part v0x55efe47ec2a0_0, 3648, 16;
L_0x55efe4802c90 .part v0x55efe47ec2a0_0, 3664, 16;
L_0x55efe47e9c60 .part v0x55efe47ec2a0_0, 3680, 16;
L_0x55efe47e9d30 .part v0x55efe47ec2a0_0, 3696, 16;
L_0x55efe48024c0 .part v0x55efe47ec2a0_0, 3712, 16;
L_0x55efe4802590 .part v0x55efe47ec2a0_0, 3728, 16;
L_0x55efe4802660 .part v0x55efe47ec2a0_0, 3744, 16;
L_0x55efe4802730 .part v0x55efe47ec2a0_0, 3760, 16;
L_0x55efe4802800 .part v0x55efe47ec2a0_0, 3776, 16;
L_0x55efe48028d0 .part v0x55efe47ec2a0_0, 3792, 16;
L_0x55efe48029a0 .part v0x55efe47ec2a0_0, 3808, 16;
L_0x55efe4802a70 .part v0x55efe47ec2a0_0, 3824, 16;
L_0x55efe48034f0 .part v0x55efe47ec2a0_0, 3840, 16;
L_0x55efe4803590 .part v0x55efe47ec2a0_0, 3856, 16;
L_0x55efe47e9de0 .part v0x55efe47ec2a0_0, 3872, 16;
L_0x55efe47e9eb0 .part v0x55efe47ec2a0_0, 3888, 16;
L_0x55efe4802d90 .part v0x55efe47ec2a0_0, 3904, 16;
L_0x55efe4802e60 .part v0x55efe47ec2a0_0, 3920, 16;
L_0x55efe4802f30 .part v0x55efe47ec2a0_0, 3936, 16;
L_0x55efe4803000 .part v0x55efe47ec2a0_0, 3952, 16;
L_0x55efe48030d0 .part v0x55efe47ec2a0_0, 3968, 16;
L_0x55efe48031a0 .part v0x55efe47ec2a0_0, 3984, 16;
L_0x55efe4803270 .part v0x55efe47ec2a0_0, 4000, 16;
L_0x55efe4803340 .part v0x55efe47ec2a0_0, 4016, 16;
L_0x55efe4803410 .part v0x55efe47ec2a0_0, 4032, 16;
L_0x55efe4803e20 .part v0x55efe47ec2a0_0, 4048, 16;
L_0x55efe47e9f60 .part v0x55efe47ec2a0_0, 4064, 16;
L_0x55efe47ea030 .part v0x55efe47ec2a0_0, 4080, 16;
L_0x55efe4803660 .part v0x55efe47ec2a0_0, 4096, 16;
L_0x55efe4803730 .part v0x55efe47ec2a0_0, 4112, 16;
L_0x55efe4803800 .part v0x55efe47ec2a0_0, 4128, 16;
L_0x55efe48038d0 .part v0x55efe47ec2a0_0, 4144, 16;
L_0x55efe48039a0 .part v0x55efe47ec2a0_0, 4160, 16;
L_0x55efe4803a70 .part v0x55efe47ec2a0_0, 4176, 16;
L_0x55efe4803b40 .part v0x55efe47ec2a0_0, 4192, 16;
L_0x55efe4803c10 .part v0x55efe47ec2a0_0, 4208, 16;
L_0x55efe4803ce0 .part v0x55efe47ec2a0_0, 4224, 16;
L_0x55efe47fdc60 .part v0x55efe47ec2a0_0, 4240, 16;
L_0x55efe47ea0e0 .part v0x55efe47ec2a0_0, 4256, 16;
L_0x55efe47ea1b0 .part v0x55efe47ec2a0_0, 4272, 16;
L_0x55efe47fdd30 .part v0x55efe47ec2a0_0, 4288, 16;
L_0x55efe47fde00 .part v0x55efe47ec2a0_0, 4304, 16;
L_0x55efe47fded0 .part v0x55efe47ec2a0_0, 4320, 16;
L_0x55efe47fdfa0 .part v0x55efe47ec2a0_0, 4336, 16;
L_0x55efe47fe070 .part v0x55efe47ec2a0_0, 4352, 16;
L_0x55efe47fe140 .part v0x55efe47ec2a0_0, 4368, 16;
L_0x55efe47fe210 .part v0x55efe47ec2a0_0, 4384, 16;
L_0x55efe47fe2e0 .part v0x55efe47ec2a0_0, 4400, 16;
L_0x55efe4803ef0 .part v0x55efe47ec2a0_0, 4416, 16;
L_0x55efe4803fc0 .part v0x55efe47ec2a0_0, 4432, 16;
L_0x55efe4804090 .part v0x55efe47ec2a0_0, 4448, 16;
L_0x55efe4804160 .part v0x55efe47ec2a0_0, 4464, 16;
L_0x55efe4804230 .part v0x55efe47ec2a0_0, 4480, 16;
L_0x55efe4804300 .part v0x55efe47ec2a0_0, 4496, 16;
L_0x55efe48043d0 .part v0x55efe47ec2a0_0, 4512, 16;
L_0x55efe48044a0 .part v0x55efe47ec2a0_0, 4528, 16;
L_0x55efe4804570 .part v0x55efe47ec2a0_0, 4544, 16;
L_0x55efe4804640 .part v0x55efe47ec2a0_0, 4560, 16;
L_0x55efe47fd410 .part v0x55efe47ec2a0_0, 4576, 16;
L_0x55efe47fd4e0 .part v0x55efe47ec2a0_0, 4592, 16;
L_0x55efe47fd5b0 .part v0x55efe47ec2a0_0, 4608, 16;
L_0x55efe47fd680 .part v0x55efe47ec2a0_0, 4624, 16;
L_0x55efe47fd750 .part v0x55efe47ec2a0_0, 4640, 16;
L_0x55efe47fd820 .part v0x55efe47ec2a0_0, 4656, 16;
L_0x55efe47fd8f0 .part v0x55efe47ec2a0_0, 4672, 16;
L_0x55efe47fd9c0 .part v0x55efe47ec2a0_0, 4688, 16;
L_0x55efe47fda90 .part v0x55efe47ec2a0_0, 4704, 16;
L_0x55efe47fdb60 .part v0x55efe47ec2a0_0, 4720, 16;
L_0x55efe4807050 .part v0x55efe47ec2a0_0, 4736, 16;
L_0x55efe48070f0 .part v0x55efe47ec2a0_0, 4752, 16;
L_0x55efe47ea260 .part v0x55efe47ec2a0_0, 4768, 16;
L_0x55efe47ea330 .part v0x55efe47ec2a0_0, 4784, 16;
L_0x55efe47ea400 .part v0x55efe47ec2a0_0, 4800, 16;
L_0x55efe47ea4d0 .part v0x55efe47ec2a0_0, 4816, 16;
L_0x55efe47ea5a0 .part v0x55efe47ec2a0_0, 4832, 16;
L_0x55efe4806700 .part v0x55efe47ec2a0_0, 4848, 16;
L_0x55efe48067d0 .part v0x55efe47ec2a0_0, 4864, 16;
L_0x55efe48068a0 .part v0x55efe47ec2a0_0, 4880, 16;
L_0x55efe4806970 .part v0x55efe47ec2a0_0, 4896, 16;
L_0x55efe4806a40 .part v0x55efe47ec2a0_0, 4912, 16;
L_0x55efe4806b10 .part v0x55efe47ec2a0_0, 4928, 16;
L_0x55efe4806be0 .part v0x55efe47ec2a0_0, 4944, 16;
L_0x55efe4806cb0 .part v0x55efe47ec2a0_0, 4960, 16;
L_0x55efe4806d80 .part v0x55efe47ec2a0_0, 4976, 16;
L_0x55efe4806e50 .part v0x55efe47ec2a0_0, 4992, 16;
L_0x55efe4806f20 .part v0x55efe47ec2a0_0, 5008, 16;
L_0x55efe4807b70 .part v0x55efe47ec2a0_0, 5024, 16;
L_0x55efe4807c10 .part v0x55efe47ec2a0_0, 5040, 16;
L_0x55efe47ea640 .part v0x55efe47ec2a0_0, 5056, 16;
L_0x55efe47ea710 .part v0x55efe47ec2a0_0, 5072, 16;
L_0x55efe47ea7e0 .part v0x55efe47ec2a0_0, 5088, 16;
L_0x55efe48071c0 .part v0x55efe47ec2a0_0, 5104, 16;
L_0x55efe4807290 .part v0x55efe47ec2a0_0, 5120, 16;
L_0x55efe4807360 .part v0x55efe47ec2a0_0, 5136, 16;
L_0x55efe4807430 .part v0x55efe47ec2a0_0, 5152, 16;
L_0x55efe4807500 .part v0x55efe47ec2a0_0, 5168, 16;
L_0x55efe48075d0 .part v0x55efe47ec2a0_0, 5184, 16;
L_0x55efe48076a0 .part v0x55efe47ec2a0_0, 5200, 16;
L_0x55efe4807770 .part v0x55efe47ec2a0_0, 5216, 16;
L_0x55efe4807840 .part v0x55efe47ec2a0_0, 5232, 16;
L_0x55efe4807910 .part v0x55efe47ec2a0_0, 5248, 16;
L_0x55efe48079e0 .part v0x55efe47ec2a0_0, 5264, 16;
L_0x55efe4807ab0 .part v0x55efe47ec2a0_0, 5280, 16;
L_0x55efe4808740 .part v0x55efe47ec2a0_0, 5296, 16;
L_0x55efe47ea880 .part v0x55efe47ec2a0_0, 5312, 16;
L_0x55efe47ea950 .part v0x55efe47ec2a0_0, 5328, 16;
L_0x55efe4807cb0 .part v0x55efe47ec2a0_0, 5344, 16;
L_0x55efe4807d80 .part v0x55efe47ec2a0_0, 5360, 16;
L_0x55efe4807e50 .part v0x55efe47ec2a0_0, 5376, 16;
L_0x55efe4807f20 .part v0x55efe47ec2a0_0, 5392, 16;
L_0x55efe4807ff0 .part v0x55efe47ec2a0_0, 5408, 16;
L_0x55efe48080c0 .part v0x55efe47ec2a0_0, 5424, 16;
L_0x55efe4808190 .part v0x55efe47ec2a0_0, 5440, 16;
L_0x55efe4808260 .part v0x55efe47ec2a0_0, 5456, 16;
L_0x55efe4808330 .part v0x55efe47ec2a0_0, 5472, 16;
L_0x55efe4808400 .part v0x55efe47ec2a0_0, 5488, 16;
L_0x55efe48084d0 .part v0x55efe47ec2a0_0, 5504, 16;
L_0x55efe48085a0 .part v0x55efe47ec2a0_0, 5520, 16;
L_0x55efe4808670 .part v0x55efe47ec2a0_0, 5536, 16;
L_0x55efe48092f0 .part v0x55efe47ec2a0_0, 5552, 16;
L_0x55efe47eaa80 .part v0x55efe47ec2a0_0, 5568, 16;
L_0x55efe47eab50 .part v0x55efe47ec2a0_0, 5584, 16;
L_0x55efe4808810 .part v0x55efe47ec2a0_0, 5600, 16;
L_0x55efe48088e0 .part v0x55efe47ec2a0_0, 5616, 16;
L_0x55efe48089b0 .part v0x55efe47ec2a0_0, 5632, 16;
L_0x55efe4808a80 .part v0x55efe47ec2a0_0, 5648, 16;
L_0x55efe4808b50 .part v0x55efe47ec2a0_0, 5664, 16;
L_0x55efe4808c20 .part v0x55efe47ec2a0_0, 5680, 16;
L_0x55efe4808cf0 .part v0x55efe47ec2a0_0, 5696, 16;
L_0x55efe4808dc0 .part v0x55efe47ec2a0_0, 5712, 16;
L_0x55efe4808e90 .part v0x55efe47ec2a0_0, 5728, 16;
L_0x55efe4808f60 .part v0x55efe47ec2a0_0, 5744, 16;
L_0x55efe4809030 .part v0x55efe47ec2a0_0, 5760, 16;
L_0x55efe4809100 .part v0x55efe47ec2a0_0, 5776, 16;
L_0x55efe48091d0 .part v0x55efe47ec2a0_0, 5792, 16;
L_0x55efe4809ef0 .part v0x55efe47ec2a0_0, 5808, 16;
L_0x55efe47eac20 .part v0x55efe47ec2a0_0, 5824, 16;
L_0x55efe47eacf0 .part v0x55efe47ec2a0_0, 5840, 16;
L_0x55efe47eadc0 .part v0x55efe47ec2a0_0, 5856, 16;
L_0x55efe4809390 .part v0x55efe47ec2a0_0, 5872, 16;
L_0x55efe4809460 .part v0x55efe47ec2a0_0, 5888, 16;
L_0x55efe4809530 .part v0x55efe47ec2a0_0, 5904, 16;
L_0x55efe4809600 .part v0x55efe47ec2a0_0, 5920, 16;
L_0x55efe48096d0 .part v0x55efe47ec2a0_0, 5936, 16;
L_0x55efe48097a0 .part v0x55efe47ec2a0_0, 5952, 16;
L_0x55efe4809870 .part v0x55efe47ec2a0_0, 5968, 16;
L_0x55efe4809940 .part v0x55efe47ec2a0_0, 5984, 16;
L_0x55efe4809a10 .part v0x55efe47ec2a0_0, 6000, 16;
L_0x55efe4809ae0 .part v0x55efe47ec2a0_0, 6016, 16;
L_0x55efe4809bb0 .part v0x55efe47ec2a0_0, 6032, 16;
L_0x55efe4809c80 .part v0x55efe47ec2a0_0, 6048, 16;
L_0x55efe4809d50 .part v0x55efe47ec2a0_0, 6064, 16;
L_0x55efe4809e20 .part v0x55efe47ec2a0_0, 6080, 16;
L_0x55efe480ab80 .part v0x55efe47ec2a0_0, 6096, 16;
L_0x55efe47eaea0 .part v0x55efe47ec2a0_0, 6112, 16;
L_0x55efe47eaf70 .part v0x55efe47ec2a0_0, 6128, 16;
L_0x55efe47eb040 .part v0x55efe47ec2a0_0, 6144, 16;
L_0x55efe4809fc0 .part v0x55efe47ec2a0_0, 6160, 16;
L_0x55efe480a090 .part v0x55efe47ec2a0_0, 6176, 16;
L_0x55efe480a160 .part v0x55efe47ec2a0_0, 6192, 16;
L_0x55efe480a230 .part v0x55efe47ec2a0_0, 6208, 16;
L_0x55efe480a300 .part v0x55efe47ec2a0_0, 6224, 16;
L_0x55efe480a3d0 .part v0x55efe47ec2a0_0, 6240, 16;
L_0x55efe480a4a0 .part v0x55efe47ec2a0_0, 6256, 16;
L_0x55efe480a570 .part v0x55efe47ec2a0_0, 6272, 16;
L_0x55efe480a640 .part v0x55efe47ec2a0_0, 6288, 16;
L_0x55efe480a710 .part v0x55efe47ec2a0_0, 6304, 16;
L_0x55efe480a7e0 .part v0x55efe47ec2a0_0, 6320, 16;
L_0x55efe480a8b0 .part v0x55efe47ec2a0_0, 6336, 16;
L_0x55efe480a980 .part v0x55efe47ec2a0_0, 6352, 16;
L_0x55efe480aa50 .part v0x55efe47ec2a0_0, 6368, 16;
L_0x55efe480b8d0 .part v0x55efe47ec2a0_0, 6384, 16;
L_0x55efe47eb0e0 .part v0x55efe47ec2a0_0, 6400, 16;
L_0x55efe47eb180 .part v0x55efe47ec2a0_0, 6416, 16;
L_0x55efe47eb250 .part v0x55efe47ec2a0_0, 6432, 16;
L_0x55efe480ac50 .part v0x55efe47ec2a0_0, 6448, 16;
L_0x55efe480ad20 .part v0x55efe47ec2a0_0, 6464, 16;
L_0x55efe480adf0 .part v0x55efe47ec2a0_0, 6480, 16;
L_0x55efe480aec0 .part v0x55efe47ec2a0_0, 6496, 16;
L_0x55efe480af90 .part v0x55efe47ec2a0_0, 6512, 16;
L_0x55efe480b060 .part v0x55efe47ec2a0_0, 6528, 16;
L_0x55efe480b130 .part v0x55efe47ec2a0_0, 6544, 16;
L_0x55efe480b200 .part v0x55efe47ec2a0_0, 6560, 16;
L_0x55efe480b2d0 .part v0x55efe47ec2a0_0, 6576, 16;
L_0x55efe480b3a0 .part v0x55efe47ec2a0_0, 6592, 16;
L_0x55efe480b470 .part v0x55efe47ec2a0_0, 6608, 16;
L_0x55efe480b540 .part v0x55efe47ec2a0_0, 6624, 16;
L_0x55efe480b610 .part v0x55efe47ec2a0_0, 6640, 16;
L_0x55efe480b6e0 .part v0x55efe47ec2a0_0, 6656, 16;
L_0x55efe480b7b0 .part v0x55efe47ec2a0_0, 6672, 16;
L_0x55efe480c690 .part v0x55efe47ec2a0_0, 6688, 16;
L_0x55efe480c730 .part v0x55efe47ec2a0_0, 6704, 16;
L_0x55efe47eb320 .part v0x55efe47ec2a0_0, 6720, 16;
L_0x55efe47eb3f0 .part v0x55efe47ec2a0_0, 6736, 16;
L_0x55efe47eb4c0 .part v0x55efe47ec2a0_0, 6752, 16;
L_0x55efe480b970 .part v0x55efe47ec2a0_0, 6768, 16;
L_0x55efe480ba40 .part v0x55efe47ec2a0_0, 6784, 16;
L_0x55efe480bb10 .part v0x55efe47ec2a0_0, 6800, 16;
L_0x55efe480bbe0 .part v0x55efe47ec2a0_0, 6816, 16;
L_0x55efe480bcb0 .part v0x55efe47ec2a0_0, 6832, 16;
L_0x55efe480bd80 .part v0x55efe47ec2a0_0, 6848, 16;
L_0x55efe480be50 .part v0x55efe47ec2a0_0, 6864, 16;
L_0x55efe480bf20 .part v0x55efe47ec2a0_0, 6880, 16;
L_0x55efe480bff0 .part v0x55efe47ec2a0_0, 6896, 16;
L_0x55efe480c0c0 .part v0x55efe47ec2a0_0, 6912, 16;
L_0x55efe480c190 .part v0x55efe47ec2a0_0, 6928, 16;
L_0x55efe480c260 .part v0x55efe47ec2a0_0, 6944, 16;
L_0x55efe480c330 .part v0x55efe47ec2a0_0, 6960, 16;
L_0x55efe480c400 .part v0x55efe47ec2a0_0, 6976, 16;
L_0x55efe480c4d0 .part v0x55efe47ec2a0_0, 6992, 16;
L_0x55efe480c5a0 .part v0x55efe47ec2a0_0, 7008, 16;
L_0x55efe480d5c0 .part v0x55efe47ec2a0_0, 7024, 16;
L_0x55efe47eb5a0 .part v0x55efe47ec2a0_0, 7040, 16;
L_0x55efe47eb670 .part v0x55efe47ec2a0_0, 7056, 16;
L_0x55efe47eb740 .part v0x55efe47ec2a0_0, 7072, 16;
L_0x55efe480c800 .part v0x55efe47ec2a0_0, 7088, 16;
L_0x55efe480c8d0 .part v0x55efe47ec2a0_0, 7104, 16;
L_0x55efe480c9a0 .part v0x55efe47ec2a0_0, 7120, 16;
L_0x55efe480ca70 .part v0x55efe47ec2a0_0, 7136, 16;
L_0x55efe480cb40 .part v0x55efe47ec2a0_0, 7152, 16;
L_0x55efe480cc10 .part v0x55efe47ec2a0_0, 7168, 16;
L_0x55efe480cce0 .part v0x55efe47ec2a0_0, 7184, 16;
L_0x55efe480cdb0 .part v0x55efe47ec2a0_0, 7200, 16;
L_0x55efe480ce80 .part v0x55efe47ec2a0_0, 7216, 16;
L_0x55efe480cf50 .part v0x55efe47ec2a0_0, 7232, 16;
L_0x55efe480d020 .part v0x55efe47ec2a0_0, 7248, 16;
L_0x55efe480d0f0 .part v0x55efe47ec2a0_0, 7264, 16;
L_0x55efe480d1c0 .part v0x55efe47ec2a0_0, 7280, 16;
L_0x55efe480d290 .part v0x55efe47ec2a0_0, 7296, 16;
L_0x55efe480d360 .part v0x55efe47ec2a0_0, 7312, 16;
L_0x55efe480d430 .part v0x55efe47ec2a0_0, 7328, 16;
L_0x55efe480d500 .part v0x55efe47ec2a0_0, 7344, 16;
L_0x55efe47eb820 .part v0x55efe47ec2a0_0, 7360, 16;
L_0x55efe47eb8f0 .part v0x55efe47ec2a0_0, 7376, 16;
L_0x55efe47eb9c0 .part v0x55efe47ec2a0_0, 7392, 16;
L_0x55efe480d690 .part v0x55efe47ec2a0_0, 7408, 16;
L_0x55efe480d760 .part v0x55efe47ec2a0_0, 7424, 16;
L_0x55efe480d830 .part v0x55efe47ec2a0_0, 7440, 16;
L_0x55efe480d900 .part v0x55efe47ec2a0_0, 7456, 16;
L_0x55efe480d9d0 .part v0x55efe47ec2a0_0, 7472, 16;
L_0x55efe480daa0 .part v0x55efe47ec2a0_0, 7488, 16;
L_0x55efe480db70 .part v0x55efe47ec2a0_0, 7504, 16;
L_0x55efe480dc40 .part v0x55efe47ec2a0_0, 7520, 16;
L_0x55efe480dd10 .part v0x55efe47ec2a0_0, 7536, 16;
L_0x55efe480dde0 .part v0x55efe47ec2a0_0, 7552, 16;
L_0x55efe480deb0 .part v0x55efe47ec2a0_0, 7568, 16;
L_0x55efe480df80 .part v0x55efe47ec2a0_0, 7584, 16;
L_0x55efe480e050 .part v0x55efe47ec2a0_0, 7600, 16;
L_0x55efe480e120 .part v0x55efe47ec2a0_0, 7616, 16;
L_0x55efe480e1f0 .part v0x55efe47ec2a0_0, 7632, 16;
L_0x55efe480e2c0 .part v0x55efe47ec2a0_0, 7648, 16;
L_0x55efe480e390 .part v0x55efe47ec2a0_0, 7664, 16;
L_0x55efe480f430 .part v0x55efe47ec2a0_0, 7680, 16;
L_0x55efe480f4d0 .part v0x55efe47ec2a0_0, 7696, 16;
L_0x55efe47ebaa0 .part v0x55efe47ec2a0_0, 7712, 16;
L_0x55efe47ebb40 .part v0x55efe47ec2a0_0, 7728, 16;
L_0x55efe47ebc10 .part v0x55efe47ec2a0_0, 7744, 16;
L_0x55efe480e520 .part v0x55efe47ec2a0_0, 7760, 16;
L_0x55efe480e5f0 .part v0x55efe47ec2a0_0, 7776, 16;
L_0x55efe480e6c0 .part v0x55efe47ec2a0_0, 7792, 16;
L_0x55efe480e790 .part v0x55efe47ec2a0_0, 7808, 16;
L_0x55efe480e860 .part v0x55efe47ec2a0_0, 7824, 16;
L_0x55efe480e930 .part v0x55efe47ec2a0_0, 7840, 16;
L_0x55efe480ea00 .part v0x55efe47ec2a0_0, 7856, 16;
L_0x55efe480ead0 .part v0x55efe47ec2a0_0, 7872, 16;
L_0x55efe480eba0 .part v0x55efe47ec2a0_0, 7888, 16;
L_0x55efe480ec70 .part v0x55efe47ec2a0_0, 7904, 16;
L_0x55efe480ed40 .part v0x55efe47ec2a0_0, 7920, 16;
L_0x55efe480ee10 .part v0x55efe47ec2a0_0, 7936, 16;
L_0x55efe480eee0 .part v0x55efe47ec2a0_0, 7952, 16;
L_0x55efe480efb0 .part v0x55efe47ec2a0_0, 7968, 16;
L_0x55efe480f080 .part v0x55efe47ec2a0_0, 7984, 16;
L_0x55efe480f150 .part v0x55efe47ec2a0_0, 8000, 16;
L_0x55efe480f220 .part v0x55efe47ec2a0_0, 8016, 16;
L_0x55efe480f2f0 .part v0x55efe47ec2a0_0, 8032, 16;
L_0x55efe4810530 .part v0x55efe47ec2a0_0, 8048, 16;
L_0x55efe47ebce0 .part v0x55efe47ec2a0_0, 8064, 16;
L_0x55efe47ebdb0 .part v0x55efe47ec2a0_0, 8080, 16;
L_0x55efe47ebe80 .part v0x55efe47ec2a0_0, 8096, 16;
L_0x55efe47ebf50 .part v0x55efe47ec2a0_0, 8112, 16;
L_0x55efe480f570 .part v0x55efe47ec2a0_0, 8128, 16;
L_0x55efe480f640 .part v0x55efe47ec2a0_0, 8144, 16;
L_0x55efe480f710 .part v0x55efe47ec2a0_0, 8160, 16;
L_0x55efe480f7e0 .part v0x55efe47ec2a0_0, 8176, 16;
L_0x55efe47ec020 .cmp/eq 2, v0x55efe47b4500_0, L_0x7f616e037018;
S_0x55efe47939b0 .scope begin, "$ivl_for_loop6" "$ivl_for_loop6" 5 54, 5 54 0, S_0x55efe45a2190;
 .timescale -9 -12;
v0x55efe46f1bf0_0 .var/2s "i", 31 0;
S_0x55efe4793b40 .scope generate, "g_unflat_final[0]" "g_unflat_final[0]" 5 135, 5 135 0, S_0x55efe45a2190;
 .timescale -9 -12;
P_0x55efe46f1700 .param/l "gi" 0 5 135, +C4<00>;
S_0x55efe4793cd0 .scope generate, "g_unflat_final[1]" "g_unflat_final[1]" 5 135, 5 135 0, S_0x55efe45a2190;
 .timescale -9 -12;
P_0x55efe46f1180 .param/l "gi" 0 5 135, +C4<01>;
S_0x55efe4793e60 .scope generate, "g_unflat_final[2]" "g_unflat_final[2]" 5 135, 5 135 0, S_0x55efe45a2190;
 .timescale -9 -12;
P_0x55efe46f0c00 .param/l "gi" 0 5 135, +C4<010>;
S_0x55efe4793ff0 .scope generate, "g_unflat_final[3]" "g_unflat_final[3]" 5 135, 5 135 0, S_0x55efe45a2190;
 .timescale -9 -12;
P_0x55efe46f0720 .param/l "gi" 0 5 135, +C4<011>;
S_0x55efe4794180 .scope generate, "g_unflat_final[4]" "g_unflat_final[4]" 5 135, 5 135 0, S_0x55efe45a2190;
 .timescale -9 -12;
P_0x55efe46f01a0 .param/l "gi" 0 5 135, +C4<0100>;
S_0x55efe4794310 .scope generate, "g_unflat_final[5]" "g_unflat_final[5]" 5 135, 5 135 0, S_0x55efe45a2190;
 .timescale -9 -12;
P_0x55efe46efc70 .param/l "gi" 0 5 135, +C4<0101>;
S_0x55efe47944a0 .scope generate, "g_unflat_final[6]" "g_unflat_final[6]" 5 135, 5 135 0, S_0x55efe45a2190;
 .timescale -9 -12;
P_0x55efe46ef740 .param/l "gi" 0 5 135, +C4<0110>;
S_0x55efe4794630 .scope generate, "g_unflat_final[7]" "g_unflat_final[7]" 5 135, 5 135 0, S_0x55efe45a2190;
 .timescale -9 -12;
P_0x55efe46f06d0 .param/l "gi" 0 5 135, +C4<0111>;
S_0x55efe47947c0 .scope generate, "g_unflat_final[8]" "g_unflat_final[8]" 5 135, 5 135 0, S_0x55efe45a2190;
 .timescale -9 -12;
P_0x55efe46eec90 .param/l "gi" 0 5 135, +C4<01000>;
S_0x55efe4794950 .scope generate, "g_unflat_final[9]" "g_unflat_final[9]" 5 135, 5 135 0, S_0x55efe45a2190;
 .timescale -9 -12;
P_0x55efe46ee760 .param/l "gi" 0 5 135, +C4<01001>;
S_0x55efe4794ae0 .scope generate, "g_unflat_final[10]" "g_unflat_final[10]" 5 135, 5 135 0, S_0x55efe45a2190;
 .timescale -9 -12;
P_0x55efe46ee230 .param/l "gi" 0 5 135, +C4<01010>;
S_0x55efe4794c70 .scope generate, "g_unflat_final[11]" "g_unflat_final[11]" 5 135, 5 135 0, S_0x55efe45a2190;
 .timescale -9 -12;
P_0x55efe46edd00 .param/l "gi" 0 5 135, +C4<01011>;
S_0x55efe4794e00 .scope generate, "g_unflat_final[12]" "g_unflat_final[12]" 5 135, 5 135 0, S_0x55efe45a2190;
 .timescale -9 -12;
P_0x55efe46ed7d0 .param/l "gi" 0 5 135, +C4<01100>;
S_0x55efe4794f90 .scope generate, "g_unflat_final[13]" "g_unflat_final[13]" 5 135, 5 135 0, S_0x55efe45a2190;
 .timescale -9 -12;
P_0x55efe46ed2a0 .param/l "gi" 0 5 135, +C4<01101>;
S_0x55efe4795120 .scope generate, "g_unflat_final[14]" "g_unflat_final[14]" 5 135, 5 135 0, S_0x55efe45a2190;
 .timescale -9 -12;
P_0x55efe46ecd70 .param/l "gi" 0 5 135, +C4<01110>;
S_0x55efe47952b0 .scope generate, "g_unflat_final[15]" "g_unflat_final[15]" 5 135, 5 135 0, S_0x55efe45a2190;
 .timescale -9 -12;
P_0x55efe46ec840 .param/l "gi" 0 5 135, +C4<01111>;
S_0x55efe4795440 .scope generate, "g_unflat_final[16]" "g_unflat_final[16]" 5 135, 5 135 0, S_0x55efe45a2190;
 .timescale -9 -12;
P_0x55efe46ec310 .param/l "gi" 0 5 135, +C4<010000>;
S_0x55efe47955d0 .scope generate, "g_unflat_final[17]" "g_unflat_final[17]" 5 135, 5 135 0, S_0x55efe45a2190;
 .timescale -9 -12;
P_0x55efe46ebde0 .param/l "gi" 0 5 135, +C4<010001>;
S_0x55efe4795760 .scope generate, "g_unflat_final[18]" "g_unflat_final[18]" 5 135, 5 135 0, S_0x55efe45a2190;
 .timescale -9 -12;
P_0x55efe46eb8b0 .param/l "gi" 0 5 135, +C4<010010>;
S_0x55efe47958f0 .scope generate, "g_unflat_final[19]" "g_unflat_final[19]" 5 135, 5 135 0, S_0x55efe45a2190;
 .timescale -9 -12;
P_0x55efe46eb380 .param/l "gi" 0 5 135, +C4<010011>;
S_0x55efe4795a80 .scope generate, "g_unflat_final[20]" "g_unflat_final[20]" 5 135, 5 135 0, S_0x55efe45a2190;
 .timescale -9 -12;
P_0x55efe46eae50 .param/l "gi" 0 5 135, +C4<010100>;
S_0x55efe4795c10 .scope generate, "g_unflat_final[21]" "g_unflat_final[21]" 5 135, 5 135 0, S_0x55efe45a2190;
 .timescale -9 -12;
P_0x55efe46ea920 .param/l "gi" 0 5 135, +C4<010101>;
S_0x55efe4795da0 .scope generate, "g_unflat_final[22]" "g_unflat_final[22]" 5 135, 5 135 0, S_0x55efe45a2190;
 .timescale -9 -12;
P_0x55efe46ea3f0 .param/l "gi" 0 5 135, +C4<010110>;
S_0x55efe4795f30 .scope generate, "g_unflat_final[23]" "g_unflat_final[23]" 5 135, 5 135 0, S_0x55efe45a2190;
 .timescale -9 -12;
P_0x55efe46e9ec0 .param/l "gi" 0 5 135, +C4<010111>;
S_0x55efe47960c0 .scope generate, "g_unflat_final[24]" "g_unflat_final[24]" 5 135, 5 135 0, S_0x55efe45a2190;
 .timescale -9 -12;
P_0x55efe46e9990 .param/l "gi" 0 5 135, +C4<011000>;
S_0x55efe4796250 .scope generate, "g_unflat_final[25]" "g_unflat_final[25]" 5 135, 5 135 0, S_0x55efe45a2190;
 .timescale -9 -12;
P_0x55efe46e9460 .param/l "gi" 0 5 135, +C4<011001>;
S_0x55efe47963e0 .scope generate, "g_unflat_final[26]" "g_unflat_final[26]" 5 135, 5 135 0, S_0x55efe45a2190;
 .timescale -9 -12;
P_0x55efe46e8f30 .param/l "gi" 0 5 135, +C4<011010>;
S_0x55efe4796570 .scope generate, "g_unflat_final[27]" "g_unflat_final[27]" 5 135, 5 135 0, S_0x55efe45a2190;
 .timescale -9 -12;
P_0x55efe46e8a00 .param/l "gi" 0 5 135, +C4<011011>;
S_0x55efe4796700 .scope generate, "g_unflat_final[28]" "g_unflat_final[28]" 5 135, 5 135 0, S_0x55efe45a2190;
 .timescale -9 -12;
P_0x55efe46e84d0 .param/l "gi" 0 5 135, +C4<011100>;
S_0x55efe4796890 .scope generate, "g_unflat_final[29]" "g_unflat_final[29]" 5 135, 5 135 0, S_0x55efe45a2190;
 .timescale -9 -12;
P_0x55efe46e7fa0 .param/l "gi" 0 5 135, +C4<011101>;
S_0x55efe4796a20 .scope generate, "g_unflat_final[30]" "g_unflat_final[30]" 5 135, 5 135 0, S_0x55efe45a2190;
 .timescale -9 -12;
P_0x55efe46e7a70 .param/l "gi" 0 5 135, +C4<011110>;
S_0x55efe4796bb0 .scope generate, "g_unflat_final[31]" "g_unflat_final[31]" 5 135, 5 135 0, S_0x55efe45a2190;
 .timescale -9 -12;
P_0x55efe46e7540 .param/l "gi" 0 5 135, +C4<011111>;
S_0x55efe4796d40 .scope generate, "g_unflat_final[32]" "g_unflat_final[32]" 5 135, 5 135 0, S_0x55efe45a2190;
 .timescale -9 -12;
P_0x55efe46e7010 .param/l "gi" 0 5 135, +C4<0100000>;
S_0x55efe4796ed0 .scope generate, "g_unflat_final[33]" "g_unflat_final[33]" 5 135, 5 135 0, S_0x55efe45a2190;
 .timescale -9 -12;
P_0x55efe46e6ae0 .param/l "gi" 0 5 135, +C4<0100001>;
S_0x55efe4797060 .scope generate, "g_unflat_final[34]" "g_unflat_final[34]" 5 135, 5 135 0, S_0x55efe45a2190;
 .timescale -9 -12;
P_0x55efe46e65b0 .param/l "gi" 0 5 135, +C4<0100010>;
S_0x55efe47971f0 .scope generate, "g_unflat_final[35]" "g_unflat_final[35]" 5 135, 5 135 0, S_0x55efe45a2190;
 .timescale -9 -12;
P_0x55efe46e6080 .param/l "gi" 0 5 135, +C4<0100011>;
S_0x55efe4797380 .scope generate, "g_unflat_final[36]" "g_unflat_final[36]" 5 135, 5 135 0, S_0x55efe45a2190;
 .timescale -9 -12;
P_0x55efe46e5b50 .param/l "gi" 0 5 135, +C4<0100100>;
S_0x55efe4797510 .scope generate, "g_unflat_final[37]" "g_unflat_final[37]" 5 135, 5 135 0, S_0x55efe45a2190;
 .timescale -9 -12;
P_0x55efe46e5620 .param/l "gi" 0 5 135, +C4<0100101>;
S_0x55efe47976a0 .scope generate, "g_unflat_final[38]" "g_unflat_final[38]" 5 135, 5 135 0, S_0x55efe45a2190;
 .timescale -9 -12;
P_0x55efe46e50f0 .param/l "gi" 0 5 135, +C4<0100110>;
S_0x55efe4797830 .scope generate, "g_unflat_final[39]" "g_unflat_final[39]" 5 135, 5 135 0, S_0x55efe45a2190;
 .timescale -9 -12;
P_0x55efe46e4bc0 .param/l "gi" 0 5 135, +C4<0100111>;
S_0x55efe47979c0 .scope generate, "g_unflat_final[40]" "g_unflat_final[40]" 5 135, 5 135 0, S_0x55efe45a2190;
 .timescale -9 -12;
P_0x55efe46e4690 .param/l "gi" 0 5 135, +C4<0101000>;
S_0x55efe4797b50 .scope generate, "g_unflat_final[41]" "g_unflat_final[41]" 5 135, 5 135 0, S_0x55efe45a2190;
 .timescale -9 -12;
P_0x55efe46e4160 .param/l "gi" 0 5 135, +C4<0101001>;
S_0x55efe4797ce0 .scope generate, "g_unflat_final[42]" "g_unflat_final[42]" 5 135, 5 135 0, S_0x55efe45a2190;
 .timescale -9 -12;
P_0x55efe46e3c30 .param/l "gi" 0 5 135, +C4<0101010>;
S_0x55efe4797e70 .scope generate, "g_unflat_final[43]" "g_unflat_final[43]" 5 135, 5 135 0, S_0x55efe45a2190;
 .timescale -9 -12;
P_0x55efe46e3700 .param/l "gi" 0 5 135, +C4<0101011>;
S_0x55efe4798000 .scope generate, "g_unflat_final[44]" "g_unflat_final[44]" 5 135, 5 135 0, S_0x55efe45a2190;
 .timescale -9 -12;
P_0x55efe46e31d0 .param/l "gi" 0 5 135, +C4<0101100>;
S_0x55efe4798190 .scope generate, "g_unflat_final[45]" "g_unflat_final[45]" 5 135, 5 135 0, S_0x55efe45a2190;
 .timescale -9 -12;
P_0x55efe46e2ca0 .param/l "gi" 0 5 135, +C4<0101101>;
S_0x55efe4798320 .scope generate, "g_unflat_final[46]" "g_unflat_final[46]" 5 135, 5 135 0, S_0x55efe45a2190;
 .timescale -9 -12;
P_0x55efe46e2770 .param/l "gi" 0 5 135, +C4<0101110>;
S_0x55efe47984b0 .scope generate, "g_unflat_final[47]" "g_unflat_final[47]" 5 135, 5 135 0, S_0x55efe45a2190;
 .timescale -9 -12;
P_0x55efe46e2240 .param/l "gi" 0 5 135, +C4<0101111>;
S_0x55efe4798640 .scope generate, "g_unflat_final[48]" "g_unflat_final[48]" 5 135, 5 135 0, S_0x55efe45a2190;
 .timescale -9 -12;
P_0x55efe46e1d10 .param/l "gi" 0 5 135, +C4<0110000>;
S_0x55efe47987d0 .scope generate, "g_unflat_final[49]" "g_unflat_final[49]" 5 135, 5 135 0, S_0x55efe45a2190;
 .timescale -9 -12;
P_0x55efe46e17e0 .param/l "gi" 0 5 135, +C4<0110001>;
S_0x55efe4798960 .scope generate, "g_unflat_final[50]" "g_unflat_final[50]" 5 135, 5 135 0, S_0x55efe45a2190;
 .timescale -9 -12;
P_0x55efe46e12b0 .param/l "gi" 0 5 135, +C4<0110010>;
S_0x55efe4798af0 .scope generate, "g_unflat_final[51]" "g_unflat_final[51]" 5 135, 5 135 0, S_0x55efe45a2190;
 .timescale -9 -12;
P_0x55efe46e0d80 .param/l "gi" 0 5 135, +C4<0110011>;
S_0x55efe4798c80 .scope generate, "g_unflat_final[52]" "g_unflat_final[52]" 5 135, 5 135 0, S_0x55efe45a2190;
 .timescale -9 -12;
P_0x55efe46e0850 .param/l "gi" 0 5 135, +C4<0110100>;
S_0x55efe4798e10 .scope generate, "g_unflat_final[53]" "g_unflat_final[53]" 5 135, 5 135 0, S_0x55efe45a2190;
 .timescale -9 -12;
P_0x55efe46e0320 .param/l "gi" 0 5 135, +C4<0110101>;
S_0x55efe4798fa0 .scope generate, "g_unflat_final[54]" "g_unflat_final[54]" 5 135, 5 135 0, S_0x55efe45a2190;
 .timescale -9 -12;
P_0x55efe46dfdf0 .param/l "gi" 0 5 135, +C4<0110110>;
S_0x55efe4799130 .scope generate, "g_unflat_final[55]" "g_unflat_final[55]" 5 135, 5 135 0, S_0x55efe45a2190;
 .timescale -9 -12;
P_0x55efe46df8c0 .param/l "gi" 0 5 135, +C4<0110111>;
S_0x55efe47992c0 .scope generate, "g_unflat_final[56]" "g_unflat_final[56]" 5 135, 5 135 0, S_0x55efe45a2190;
 .timescale -9 -12;
P_0x55efe46df390 .param/l "gi" 0 5 135, +C4<0111000>;
S_0x55efe4799450 .scope generate, "g_unflat_final[57]" "g_unflat_final[57]" 5 135, 5 135 0, S_0x55efe45a2190;
 .timescale -9 -12;
P_0x55efe46dee60 .param/l "gi" 0 5 135, +C4<0111001>;
S_0x55efe47995e0 .scope generate, "g_unflat_final[58]" "g_unflat_final[58]" 5 135, 5 135 0, S_0x55efe45a2190;
 .timescale -9 -12;
P_0x55efe46de930 .param/l "gi" 0 5 135, +C4<0111010>;
S_0x55efe4799770 .scope generate, "g_unflat_final[59]" "g_unflat_final[59]" 5 135, 5 135 0, S_0x55efe45a2190;
 .timescale -9 -12;
P_0x55efe46de400 .param/l "gi" 0 5 135, +C4<0111011>;
S_0x55efe4799900 .scope generate, "g_unflat_final[60]" "g_unflat_final[60]" 5 135, 5 135 0, S_0x55efe45a2190;
 .timescale -9 -12;
P_0x55efe46dded0 .param/l "gi" 0 5 135, +C4<0111100>;
S_0x55efe4799a90 .scope generate, "g_unflat_final[61]" "g_unflat_final[61]" 5 135, 5 135 0, S_0x55efe45a2190;
 .timescale -9 -12;
P_0x55efe46dd9a0 .param/l "gi" 0 5 135, +C4<0111101>;
S_0x55efe4799c20 .scope generate, "g_unflat_final[62]" "g_unflat_final[62]" 5 135, 5 135 0, S_0x55efe45a2190;
 .timescale -9 -12;
P_0x55efe46dd470 .param/l "gi" 0 5 135, +C4<0111110>;
S_0x55efe4799db0 .scope generate, "g_unflat_final[63]" "g_unflat_final[63]" 5 135, 5 135 0, S_0x55efe45a2190;
 .timescale -9 -12;
P_0x55efe46dcf40 .param/l "gi" 0 5 135, +C4<0111111>;
S_0x55efe4799f40 .scope generate, "g_unflat_final[64]" "g_unflat_final[64]" 5 135, 5 135 0, S_0x55efe45a2190;
 .timescale -9 -12;
P_0x55efe46dca10 .param/l "gi" 0 5 135, +C4<01000000>;
S_0x55efe479a0d0 .scope generate, "g_unflat_final[65]" "g_unflat_final[65]" 5 135, 5 135 0, S_0x55efe45a2190;
 .timescale -9 -12;
P_0x55efe46dc4e0 .param/l "gi" 0 5 135, +C4<01000001>;
S_0x55efe479a260 .scope generate, "g_unflat_final[66]" "g_unflat_final[66]" 5 135, 5 135 0, S_0x55efe45a2190;
 .timescale -9 -12;
P_0x55efe46dbfb0 .param/l "gi" 0 5 135, +C4<01000010>;
S_0x55efe479a3f0 .scope generate, "g_unflat_final[67]" "g_unflat_final[67]" 5 135, 5 135 0, S_0x55efe45a2190;
 .timescale -9 -12;
P_0x55efe46dba80 .param/l "gi" 0 5 135, +C4<01000011>;
S_0x55efe479a580 .scope generate, "g_unflat_final[68]" "g_unflat_final[68]" 5 135, 5 135 0, S_0x55efe45a2190;
 .timescale -9 -12;
P_0x55efe46db550 .param/l "gi" 0 5 135, +C4<01000100>;
S_0x55efe479a710 .scope generate, "g_unflat_final[69]" "g_unflat_final[69]" 5 135, 5 135 0, S_0x55efe45a2190;
 .timescale -9 -12;
P_0x55efe46db020 .param/l "gi" 0 5 135, +C4<01000101>;
S_0x55efe479a8a0 .scope generate, "g_unflat_final[70]" "g_unflat_final[70]" 5 135, 5 135 0, S_0x55efe45a2190;
 .timescale -9 -12;
P_0x55efe46daaf0 .param/l "gi" 0 5 135, +C4<01000110>;
S_0x55efe479aa30 .scope generate, "g_unflat_final[71]" "g_unflat_final[71]" 5 135, 5 135 0, S_0x55efe45a2190;
 .timescale -9 -12;
P_0x55efe46da5c0 .param/l "gi" 0 5 135, +C4<01000111>;
S_0x55efe479abc0 .scope generate, "g_unflat_final[72]" "g_unflat_final[72]" 5 135, 5 135 0, S_0x55efe45a2190;
 .timescale -9 -12;
P_0x55efe46da090 .param/l "gi" 0 5 135, +C4<01001000>;
S_0x55efe479ad50 .scope generate, "g_unflat_final[73]" "g_unflat_final[73]" 5 135, 5 135 0, S_0x55efe45a2190;
 .timescale -9 -12;
P_0x55efe46d9b60 .param/l "gi" 0 5 135, +C4<01001001>;
S_0x55efe479aee0 .scope generate, "g_unflat_final[74]" "g_unflat_final[74]" 5 135, 5 135 0, S_0x55efe45a2190;
 .timescale -9 -12;
P_0x55efe46d9630 .param/l "gi" 0 5 135, +C4<01001010>;
S_0x55efe479b070 .scope generate, "g_unflat_final[75]" "g_unflat_final[75]" 5 135, 5 135 0, S_0x55efe45a2190;
 .timescale -9 -12;
P_0x55efe46d9100 .param/l "gi" 0 5 135, +C4<01001011>;
S_0x55efe479b200 .scope generate, "g_unflat_final[76]" "g_unflat_final[76]" 5 135, 5 135 0, S_0x55efe45a2190;
 .timescale -9 -12;
P_0x55efe46d8bd0 .param/l "gi" 0 5 135, +C4<01001100>;
S_0x55efe479b390 .scope generate, "g_unflat_final[77]" "g_unflat_final[77]" 5 135, 5 135 0, S_0x55efe45a2190;
 .timescale -9 -12;
P_0x55efe46d86a0 .param/l "gi" 0 5 135, +C4<01001101>;
S_0x55efe479b520 .scope generate, "g_unflat_final[78]" "g_unflat_final[78]" 5 135, 5 135 0, S_0x55efe45a2190;
 .timescale -9 -12;
P_0x55efe46d8170 .param/l "gi" 0 5 135, +C4<01001110>;
S_0x55efe479b6b0 .scope generate, "g_unflat_final[79]" "g_unflat_final[79]" 5 135, 5 135 0, S_0x55efe45a2190;
 .timescale -9 -12;
P_0x55efe46d7c40 .param/l "gi" 0 5 135, +C4<01001111>;
S_0x55efe479b840 .scope generate, "g_unflat_final[80]" "g_unflat_final[80]" 5 135, 5 135 0, S_0x55efe45a2190;
 .timescale -9 -12;
P_0x55efe46d7710 .param/l "gi" 0 5 135, +C4<01010000>;
S_0x55efe479b9d0 .scope generate, "g_unflat_final[81]" "g_unflat_final[81]" 5 135, 5 135 0, S_0x55efe45a2190;
 .timescale -9 -12;
P_0x55efe46d71e0 .param/l "gi" 0 5 135, +C4<01010001>;
S_0x55efe479bb60 .scope generate, "g_unflat_final[82]" "g_unflat_final[82]" 5 135, 5 135 0, S_0x55efe45a2190;
 .timescale -9 -12;
P_0x55efe46d6cb0 .param/l "gi" 0 5 135, +C4<01010010>;
S_0x55efe479bcf0 .scope generate, "g_unflat_final[83]" "g_unflat_final[83]" 5 135, 5 135 0, S_0x55efe45a2190;
 .timescale -9 -12;
P_0x55efe46d6780 .param/l "gi" 0 5 135, +C4<01010011>;
S_0x55efe479be80 .scope generate, "g_unflat_final[84]" "g_unflat_final[84]" 5 135, 5 135 0, S_0x55efe45a2190;
 .timescale -9 -12;
P_0x55efe46d6250 .param/l "gi" 0 5 135, +C4<01010100>;
S_0x55efe479c010 .scope generate, "g_unflat_final[85]" "g_unflat_final[85]" 5 135, 5 135 0, S_0x55efe45a2190;
 .timescale -9 -12;
P_0x55efe46d5d20 .param/l "gi" 0 5 135, +C4<01010101>;
S_0x55efe479c1a0 .scope generate, "g_unflat_final[86]" "g_unflat_final[86]" 5 135, 5 135 0, S_0x55efe45a2190;
 .timescale -9 -12;
P_0x55efe46d57f0 .param/l "gi" 0 5 135, +C4<01010110>;
S_0x55efe479c330 .scope generate, "g_unflat_final[87]" "g_unflat_final[87]" 5 135, 5 135 0, S_0x55efe45a2190;
 .timescale -9 -12;
P_0x55efe46d52c0 .param/l "gi" 0 5 135, +C4<01010111>;
S_0x55efe479c4c0 .scope generate, "g_unflat_final[88]" "g_unflat_final[88]" 5 135, 5 135 0, S_0x55efe45a2190;
 .timescale -9 -12;
P_0x55efe46d4d90 .param/l "gi" 0 5 135, +C4<01011000>;
S_0x55efe479c650 .scope generate, "g_unflat_final[89]" "g_unflat_final[89]" 5 135, 5 135 0, S_0x55efe45a2190;
 .timescale -9 -12;
P_0x55efe46d4860 .param/l "gi" 0 5 135, +C4<01011001>;
S_0x55efe479c7e0 .scope generate, "g_unflat_final[90]" "g_unflat_final[90]" 5 135, 5 135 0, S_0x55efe45a2190;
 .timescale -9 -12;
P_0x55efe46d4330 .param/l "gi" 0 5 135, +C4<01011010>;
S_0x55efe479c970 .scope generate, "g_unflat_final[91]" "g_unflat_final[91]" 5 135, 5 135 0, S_0x55efe45a2190;
 .timescale -9 -12;
P_0x55efe46d3e00 .param/l "gi" 0 5 135, +C4<01011011>;
S_0x55efe479cb00 .scope generate, "g_unflat_final[92]" "g_unflat_final[92]" 5 135, 5 135 0, S_0x55efe45a2190;
 .timescale -9 -12;
P_0x55efe46d38d0 .param/l "gi" 0 5 135, +C4<01011100>;
S_0x55efe479cc90 .scope generate, "g_unflat_final[93]" "g_unflat_final[93]" 5 135, 5 135 0, S_0x55efe45a2190;
 .timescale -9 -12;
P_0x55efe46d33a0 .param/l "gi" 0 5 135, +C4<01011101>;
S_0x55efe479ce20 .scope generate, "g_unflat_final[94]" "g_unflat_final[94]" 5 135, 5 135 0, S_0x55efe45a2190;
 .timescale -9 -12;
P_0x55efe46d2e70 .param/l "gi" 0 5 135, +C4<01011110>;
S_0x55efe479cfb0 .scope generate, "g_unflat_final[95]" "g_unflat_final[95]" 5 135, 5 135 0, S_0x55efe45a2190;
 .timescale -9 -12;
P_0x55efe46d2940 .param/l "gi" 0 5 135, +C4<01011111>;
S_0x55efe479d140 .scope generate, "g_unflat_final[96]" "g_unflat_final[96]" 5 135, 5 135 0, S_0x55efe45a2190;
 .timescale -9 -12;
P_0x55efe46d2410 .param/l "gi" 0 5 135, +C4<01100000>;
S_0x55efe479d2d0 .scope generate, "g_unflat_final[97]" "g_unflat_final[97]" 5 135, 5 135 0, S_0x55efe45a2190;
 .timescale -9 -12;
P_0x55efe46d1ee0 .param/l "gi" 0 5 135, +C4<01100001>;
S_0x55efe479d460 .scope generate, "g_unflat_final[98]" "g_unflat_final[98]" 5 135, 5 135 0, S_0x55efe45a2190;
 .timescale -9 -12;
P_0x55efe46d19b0 .param/l "gi" 0 5 135, +C4<01100010>;
S_0x55efe479d5f0 .scope generate, "g_unflat_final[99]" "g_unflat_final[99]" 5 135, 5 135 0, S_0x55efe45a2190;
 .timescale -9 -12;
P_0x55efe46d1480 .param/l "gi" 0 5 135, +C4<01100011>;
S_0x55efe479d780 .scope generate, "g_unflat_final[100]" "g_unflat_final[100]" 5 135, 5 135 0, S_0x55efe45a2190;
 .timescale -9 -12;
P_0x55efe46d0f50 .param/l "gi" 0 5 135, +C4<01100100>;
S_0x55efe479d910 .scope generate, "g_unflat_final[101]" "g_unflat_final[101]" 5 135, 5 135 0, S_0x55efe45a2190;
 .timescale -9 -12;
P_0x55efe46d0a20 .param/l "gi" 0 5 135, +C4<01100101>;
S_0x55efe479daa0 .scope generate, "g_unflat_final[102]" "g_unflat_final[102]" 5 135, 5 135 0, S_0x55efe45a2190;
 .timescale -9 -12;
P_0x55efe46d04f0 .param/l "gi" 0 5 135, +C4<01100110>;
S_0x55efe479dc30 .scope generate, "g_unflat_final[103]" "g_unflat_final[103]" 5 135, 5 135 0, S_0x55efe45a2190;
 .timescale -9 -12;
P_0x55efe46cffc0 .param/l "gi" 0 5 135, +C4<01100111>;
S_0x55efe479ddc0 .scope generate, "g_unflat_final[104]" "g_unflat_final[104]" 5 135, 5 135 0, S_0x55efe45a2190;
 .timescale -9 -12;
P_0x55efe46cfa90 .param/l "gi" 0 5 135, +C4<01101000>;
S_0x55efe479df50 .scope generate, "g_unflat_final[105]" "g_unflat_final[105]" 5 135, 5 135 0, S_0x55efe45a2190;
 .timescale -9 -12;
P_0x55efe46cf560 .param/l "gi" 0 5 135, +C4<01101001>;
S_0x55efe479e0e0 .scope generate, "g_unflat_final[106]" "g_unflat_final[106]" 5 135, 5 135 0, S_0x55efe45a2190;
 .timescale -9 -12;
P_0x55efe46cf030 .param/l "gi" 0 5 135, +C4<01101010>;
S_0x55efe479e270 .scope generate, "g_unflat_final[107]" "g_unflat_final[107]" 5 135, 5 135 0, S_0x55efe45a2190;
 .timescale -9 -12;
P_0x55efe46ceb00 .param/l "gi" 0 5 135, +C4<01101011>;
S_0x55efe479e400 .scope generate, "g_unflat_final[108]" "g_unflat_final[108]" 5 135, 5 135 0, S_0x55efe45a2190;
 .timescale -9 -12;
P_0x55efe46ce5d0 .param/l "gi" 0 5 135, +C4<01101100>;
S_0x55efe479e590 .scope generate, "g_unflat_final[109]" "g_unflat_final[109]" 5 135, 5 135 0, S_0x55efe45a2190;
 .timescale -9 -12;
P_0x55efe46ce0a0 .param/l "gi" 0 5 135, +C4<01101101>;
S_0x55efe479e720 .scope generate, "g_unflat_final[110]" "g_unflat_final[110]" 5 135, 5 135 0, S_0x55efe45a2190;
 .timescale -9 -12;
P_0x55efe46cdb70 .param/l "gi" 0 5 135, +C4<01101110>;
S_0x55efe479e8b0 .scope generate, "g_unflat_final[111]" "g_unflat_final[111]" 5 135, 5 135 0, S_0x55efe45a2190;
 .timescale -9 -12;
P_0x55efe46cd640 .param/l "gi" 0 5 135, +C4<01101111>;
S_0x55efe479ea40 .scope generate, "g_unflat_final[112]" "g_unflat_final[112]" 5 135, 5 135 0, S_0x55efe45a2190;
 .timescale -9 -12;
P_0x55efe46cd110 .param/l "gi" 0 5 135, +C4<01110000>;
S_0x55efe479ebd0 .scope generate, "g_unflat_final[113]" "g_unflat_final[113]" 5 135, 5 135 0, S_0x55efe45a2190;
 .timescale -9 -12;
P_0x55efe46ccbe0 .param/l "gi" 0 5 135, +C4<01110001>;
S_0x55efe479ed60 .scope generate, "g_unflat_final[114]" "g_unflat_final[114]" 5 135, 5 135 0, S_0x55efe45a2190;
 .timescale -9 -12;
P_0x55efe46cc6b0 .param/l "gi" 0 5 135, +C4<01110010>;
S_0x55efe479eef0 .scope generate, "g_unflat_final[115]" "g_unflat_final[115]" 5 135, 5 135 0, S_0x55efe45a2190;
 .timescale -9 -12;
P_0x55efe46cc180 .param/l "gi" 0 5 135, +C4<01110011>;
S_0x55efe479f080 .scope generate, "g_unflat_final[116]" "g_unflat_final[116]" 5 135, 5 135 0, S_0x55efe45a2190;
 .timescale -9 -12;
P_0x55efe46cbc50 .param/l "gi" 0 5 135, +C4<01110100>;
S_0x55efe479f210 .scope generate, "g_unflat_final[117]" "g_unflat_final[117]" 5 135, 5 135 0, S_0x55efe45a2190;
 .timescale -9 -12;
P_0x55efe46cb720 .param/l "gi" 0 5 135, +C4<01110101>;
S_0x55efe479f3a0 .scope generate, "g_unflat_final[118]" "g_unflat_final[118]" 5 135, 5 135 0, S_0x55efe45a2190;
 .timescale -9 -12;
P_0x55efe46cb1f0 .param/l "gi" 0 5 135, +C4<01110110>;
S_0x55efe479f530 .scope generate, "g_unflat_final[119]" "g_unflat_final[119]" 5 135, 5 135 0, S_0x55efe45a2190;
 .timescale -9 -12;
P_0x55efe46cacc0 .param/l "gi" 0 5 135, +C4<01110111>;
S_0x55efe479f6c0 .scope generate, "g_unflat_final[120]" "g_unflat_final[120]" 5 135, 5 135 0, S_0x55efe45a2190;
 .timescale -9 -12;
P_0x55efe46ca790 .param/l "gi" 0 5 135, +C4<01111000>;
S_0x55efe479f850 .scope generate, "g_unflat_final[121]" "g_unflat_final[121]" 5 135, 5 135 0, S_0x55efe45a2190;
 .timescale -9 -12;
P_0x55efe46ca260 .param/l "gi" 0 5 135, +C4<01111001>;
S_0x55efe479f9e0 .scope generate, "g_unflat_final[122]" "g_unflat_final[122]" 5 135, 5 135 0, S_0x55efe45a2190;
 .timescale -9 -12;
P_0x55efe46c9d30 .param/l "gi" 0 5 135, +C4<01111010>;
S_0x55efe479fb70 .scope generate, "g_unflat_final[123]" "g_unflat_final[123]" 5 135, 5 135 0, S_0x55efe45a2190;
 .timescale -9 -12;
P_0x55efe46c9800 .param/l "gi" 0 5 135, +C4<01111011>;
S_0x55efe479fd00 .scope generate, "g_unflat_final[124]" "g_unflat_final[124]" 5 135, 5 135 0, S_0x55efe45a2190;
 .timescale -9 -12;
P_0x55efe46c92d0 .param/l "gi" 0 5 135, +C4<01111100>;
S_0x55efe479fe90 .scope generate, "g_unflat_final[125]" "g_unflat_final[125]" 5 135, 5 135 0, S_0x55efe45a2190;
 .timescale -9 -12;
P_0x55efe46c8da0 .param/l "gi" 0 5 135, +C4<01111101>;
S_0x55efe47a0020 .scope generate, "g_unflat_final[126]" "g_unflat_final[126]" 5 135, 5 135 0, S_0x55efe45a2190;
 .timescale -9 -12;
P_0x55efe46c8870 .param/l "gi" 0 5 135, +C4<01111110>;
S_0x55efe47a01b0 .scope generate, "g_unflat_final[127]" "g_unflat_final[127]" 5 135, 5 135 0, S_0x55efe45a2190;
 .timescale -9 -12;
P_0x55efe46c8340 .param/l "gi" 0 5 135, +C4<01111111>;
S_0x55efe47a0b50 .scope generate, "g_unflat_final[128]" "g_unflat_final[128]" 5 135, 5 135 0, S_0x55efe45a2190;
 .timescale -9 -12;
P_0x55efe46c7e10 .param/l "gi" 0 5 135, +C4<010000000>;
S_0x55efe47a0ce0 .scope generate, "g_unflat_final[129]" "g_unflat_final[129]" 5 135, 5 135 0, S_0x55efe45a2190;
 .timescale -9 -12;
P_0x55efe46c78e0 .param/l "gi" 0 5 135, +C4<010000001>;
S_0x55efe47a0e70 .scope generate, "g_unflat_final[130]" "g_unflat_final[130]" 5 135, 5 135 0, S_0x55efe45a2190;
 .timescale -9 -12;
P_0x55efe46c73b0 .param/l "gi" 0 5 135, +C4<010000010>;
S_0x55efe47a1000 .scope generate, "g_unflat_final[131]" "g_unflat_final[131]" 5 135, 5 135 0, S_0x55efe45a2190;
 .timescale -9 -12;
P_0x55efe46c6e80 .param/l "gi" 0 5 135, +C4<010000011>;
S_0x55efe47a1190 .scope generate, "g_unflat_final[132]" "g_unflat_final[132]" 5 135, 5 135 0, S_0x55efe45a2190;
 .timescale -9 -12;
P_0x55efe46c6950 .param/l "gi" 0 5 135, +C4<010000100>;
S_0x55efe47a1320 .scope generate, "g_unflat_final[133]" "g_unflat_final[133]" 5 135, 5 135 0, S_0x55efe45a2190;
 .timescale -9 -12;
P_0x55efe46c6420 .param/l "gi" 0 5 135, +C4<010000101>;
S_0x55efe47a14b0 .scope generate, "g_unflat_final[134]" "g_unflat_final[134]" 5 135, 5 135 0, S_0x55efe45a2190;
 .timescale -9 -12;
P_0x55efe46c5ef0 .param/l "gi" 0 5 135, +C4<010000110>;
S_0x55efe47a1640 .scope generate, "g_unflat_final[135]" "g_unflat_final[135]" 5 135, 5 135 0, S_0x55efe45a2190;
 .timescale -9 -12;
P_0x55efe46c59c0 .param/l "gi" 0 5 135, +C4<010000111>;
S_0x55efe47a17d0 .scope generate, "g_unflat_final[136]" "g_unflat_final[136]" 5 135, 5 135 0, S_0x55efe45a2190;
 .timescale -9 -12;
P_0x55efe46c5490 .param/l "gi" 0 5 135, +C4<010001000>;
S_0x55efe47a1960 .scope generate, "g_unflat_final[137]" "g_unflat_final[137]" 5 135, 5 135 0, S_0x55efe45a2190;
 .timescale -9 -12;
P_0x55efe46c4f60 .param/l "gi" 0 5 135, +C4<010001001>;
S_0x55efe47a1af0 .scope generate, "g_unflat_final[138]" "g_unflat_final[138]" 5 135, 5 135 0, S_0x55efe45a2190;
 .timescale -9 -12;
P_0x55efe46c4a30 .param/l "gi" 0 5 135, +C4<010001010>;
S_0x55efe47a1c80 .scope generate, "g_unflat_final[139]" "g_unflat_final[139]" 5 135, 5 135 0, S_0x55efe45a2190;
 .timescale -9 -12;
P_0x55efe46c4500 .param/l "gi" 0 5 135, +C4<010001011>;
S_0x55efe47a1e10 .scope generate, "g_unflat_final[140]" "g_unflat_final[140]" 5 135, 5 135 0, S_0x55efe45a2190;
 .timescale -9 -12;
P_0x55efe46c3fd0 .param/l "gi" 0 5 135, +C4<010001100>;
S_0x55efe47a1fa0 .scope generate, "g_unflat_final[141]" "g_unflat_final[141]" 5 135, 5 135 0, S_0x55efe45a2190;
 .timescale -9 -12;
P_0x55efe46c3aa0 .param/l "gi" 0 5 135, +C4<010001101>;
S_0x55efe47a2130 .scope generate, "g_unflat_final[142]" "g_unflat_final[142]" 5 135, 5 135 0, S_0x55efe45a2190;
 .timescale -9 -12;
P_0x55efe46c3570 .param/l "gi" 0 5 135, +C4<010001110>;
S_0x55efe47a22c0 .scope generate, "g_unflat_final[143]" "g_unflat_final[143]" 5 135, 5 135 0, S_0x55efe45a2190;
 .timescale -9 -12;
P_0x55efe46c3040 .param/l "gi" 0 5 135, +C4<010001111>;
S_0x55efe47a2450 .scope generate, "g_unflat_final[144]" "g_unflat_final[144]" 5 135, 5 135 0, S_0x55efe45a2190;
 .timescale -9 -12;
P_0x55efe46c2b10 .param/l "gi" 0 5 135, +C4<010010000>;
S_0x55efe47a25e0 .scope generate, "g_unflat_final[145]" "g_unflat_final[145]" 5 135, 5 135 0, S_0x55efe45a2190;
 .timescale -9 -12;
P_0x55efe46c25e0 .param/l "gi" 0 5 135, +C4<010010001>;
S_0x55efe47a2770 .scope generate, "g_unflat_final[146]" "g_unflat_final[146]" 5 135, 5 135 0, S_0x55efe45a2190;
 .timescale -9 -12;
P_0x55efe46c20b0 .param/l "gi" 0 5 135, +C4<010010010>;
S_0x55efe47a2900 .scope generate, "g_unflat_final[147]" "g_unflat_final[147]" 5 135, 5 135 0, S_0x55efe45a2190;
 .timescale -9 -12;
P_0x55efe46c1b80 .param/l "gi" 0 5 135, +C4<010010011>;
S_0x55efe47a2a90 .scope generate, "g_unflat_final[148]" "g_unflat_final[148]" 5 135, 5 135 0, S_0x55efe45a2190;
 .timescale -9 -12;
P_0x55efe46c1650 .param/l "gi" 0 5 135, +C4<010010100>;
S_0x55efe47a2c20 .scope generate, "g_unflat_final[149]" "g_unflat_final[149]" 5 135, 5 135 0, S_0x55efe45a2190;
 .timescale -9 -12;
P_0x55efe47a2db0 .param/l "gi" 0 5 135, +C4<010010101>;
S_0x55efe47a2e50 .scope generate, "g_unflat_final[150]" "g_unflat_final[150]" 5 135, 5 135 0, S_0x55efe45a2190;
 .timescale -9 -12;
P_0x55efe47a3030 .param/l "gi" 0 5 135, +C4<010010110>;
S_0x55efe47a30d0 .scope generate, "g_unflat_final[151]" "g_unflat_final[151]" 5 135, 5 135 0, S_0x55efe45a2190;
 .timescale -9 -12;
P_0x55efe47a32b0 .param/l "gi" 0 5 135, +C4<010010111>;
S_0x55efe47a3350 .scope generate, "g_unflat_final[152]" "g_unflat_final[152]" 5 135, 5 135 0, S_0x55efe45a2190;
 .timescale -9 -12;
P_0x55efe47a3530 .param/l "gi" 0 5 135, +C4<010011000>;
S_0x55efe47a35d0 .scope generate, "g_unflat_final[153]" "g_unflat_final[153]" 5 135, 5 135 0, S_0x55efe45a2190;
 .timescale -9 -12;
P_0x55efe47a37b0 .param/l "gi" 0 5 135, +C4<010011001>;
S_0x55efe47a3850 .scope generate, "g_unflat_final[154]" "g_unflat_final[154]" 5 135, 5 135 0, S_0x55efe45a2190;
 .timescale -9 -12;
P_0x55efe47a3a30 .param/l "gi" 0 5 135, +C4<010011010>;
S_0x55efe47a3ad0 .scope generate, "g_unflat_final[155]" "g_unflat_final[155]" 5 135, 5 135 0, S_0x55efe45a2190;
 .timescale -9 -12;
P_0x55efe47a3cb0 .param/l "gi" 0 5 135, +C4<010011011>;
S_0x55efe47a3d50 .scope generate, "g_unflat_final[156]" "g_unflat_final[156]" 5 135, 5 135 0, S_0x55efe45a2190;
 .timescale -9 -12;
P_0x55efe47a3f30 .param/l "gi" 0 5 135, +C4<010011100>;
S_0x55efe47a3fd0 .scope generate, "g_unflat_final[157]" "g_unflat_final[157]" 5 135, 5 135 0, S_0x55efe45a2190;
 .timescale -9 -12;
P_0x55efe47a41b0 .param/l "gi" 0 5 135, +C4<010011101>;
S_0x55efe47a4250 .scope generate, "g_unflat_final[158]" "g_unflat_final[158]" 5 135, 5 135 0, S_0x55efe45a2190;
 .timescale -9 -12;
P_0x55efe47a4430 .param/l "gi" 0 5 135, +C4<010011110>;
S_0x55efe47a44d0 .scope generate, "g_unflat_final[159]" "g_unflat_final[159]" 5 135, 5 135 0, S_0x55efe45a2190;
 .timescale -9 -12;
P_0x55efe47a46b0 .param/l "gi" 0 5 135, +C4<010011111>;
S_0x55efe47a4750 .scope generate, "g_unflat_final[160]" "g_unflat_final[160]" 5 135, 5 135 0, S_0x55efe45a2190;
 .timescale -9 -12;
P_0x55efe47a4930 .param/l "gi" 0 5 135, +C4<010100000>;
S_0x55efe47a49d0 .scope generate, "g_unflat_final[161]" "g_unflat_final[161]" 5 135, 5 135 0, S_0x55efe45a2190;
 .timescale -9 -12;
P_0x55efe47a4bb0 .param/l "gi" 0 5 135, +C4<010100001>;
S_0x55efe47a4c50 .scope generate, "g_unflat_final[162]" "g_unflat_final[162]" 5 135, 5 135 0, S_0x55efe45a2190;
 .timescale -9 -12;
P_0x55efe47a4e30 .param/l "gi" 0 5 135, +C4<010100010>;
S_0x55efe47a4ed0 .scope generate, "g_unflat_final[163]" "g_unflat_final[163]" 5 135, 5 135 0, S_0x55efe45a2190;
 .timescale -9 -12;
P_0x55efe47a50b0 .param/l "gi" 0 5 135, +C4<010100011>;
S_0x55efe47a5150 .scope generate, "g_unflat_final[164]" "g_unflat_final[164]" 5 135, 5 135 0, S_0x55efe45a2190;
 .timescale -9 -12;
P_0x55efe47a5330 .param/l "gi" 0 5 135, +C4<010100100>;
S_0x55efe47a53d0 .scope generate, "g_unflat_final[165]" "g_unflat_final[165]" 5 135, 5 135 0, S_0x55efe45a2190;
 .timescale -9 -12;
P_0x55efe47a55b0 .param/l "gi" 0 5 135, +C4<010100101>;
S_0x55efe47a5650 .scope generate, "g_unflat_final[166]" "g_unflat_final[166]" 5 135, 5 135 0, S_0x55efe45a2190;
 .timescale -9 -12;
P_0x55efe47a5830 .param/l "gi" 0 5 135, +C4<010100110>;
S_0x55efe47a58d0 .scope generate, "g_unflat_final[167]" "g_unflat_final[167]" 5 135, 5 135 0, S_0x55efe45a2190;
 .timescale -9 -12;
P_0x55efe47a5ab0 .param/l "gi" 0 5 135, +C4<010100111>;
S_0x55efe47a5b50 .scope generate, "g_unflat_final[168]" "g_unflat_final[168]" 5 135, 5 135 0, S_0x55efe45a2190;
 .timescale -9 -12;
P_0x55efe47a5d30 .param/l "gi" 0 5 135, +C4<010101000>;
S_0x55efe47a5dd0 .scope generate, "g_unflat_final[169]" "g_unflat_final[169]" 5 135, 5 135 0, S_0x55efe45a2190;
 .timescale -9 -12;
P_0x55efe47a5fb0 .param/l "gi" 0 5 135, +C4<010101001>;
S_0x55efe47a6050 .scope generate, "g_unflat_final[170]" "g_unflat_final[170]" 5 135, 5 135 0, S_0x55efe45a2190;
 .timescale -9 -12;
P_0x55efe47a6230 .param/l "gi" 0 5 135, +C4<010101010>;
S_0x55efe47a62d0 .scope generate, "g_unflat_final[171]" "g_unflat_final[171]" 5 135, 5 135 0, S_0x55efe45a2190;
 .timescale -9 -12;
P_0x55efe47a64b0 .param/l "gi" 0 5 135, +C4<010101011>;
S_0x55efe47a6550 .scope generate, "g_unflat_final[172]" "g_unflat_final[172]" 5 135, 5 135 0, S_0x55efe45a2190;
 .timescale -9 -12;
P_0x55efe47a6730 .param/l "gi" 0 5 135, +C4<010101100>;
S_0x55efe47a67d0 .scope generate, "g_unflat_final[173]" "g_unflat_final[173]" 5 135, 5 135 0, S_0x55efe45a2190;
 .timescale -9 -12;
P_0x55efe47a69b0 .param/l "gi" 0 5 135, +C4<010101101>;
S_0x55efe47a6a50 .scope generate, "g_unflat_final[174]" "g_unflat_final[174]" 5 135, 5 135 0, S_0x55efe45a2190;
 .timescale -9 -12;
P_0x55efe47a6c30 .param/l "gi" 0 5 135, +C4<010101110>;
S_0x55efe47a6cd0 .scope generate, "g_unflat_final[175]" "g_unflat_final[175]" 5 135, 5 135 0, S_0x55efe45a2190;
 .timescale -9 -12;
P_0x55efe47a6eb0 .param/l "gi" 0 5 135, +C4<010101111>;
S_0x55efe47a6f50 .scope generate, "g_unflat_final[176]" "g_unflat_final[176]" 5 135, 5 135 0, S_0x55efe45a2190;
 .timescale -9 -12;
P_0x55efe47a7130 .param/l "gi" 0 5 135, +C4<010110000>;
S_0x55efe47a71d0 .scope generate, "g_unflat_final[177]" "g_unflat_final[177]" 5 135, 5 135 0, S_0x55efe45a2190;
 .timescale -9 -12;
P_0x55efe47a73b0 .param/l "gi" 0 5 135, +C4<010110001>;
S_0x55efe47a7450 .scope generate, "g_unflat_final[178]" "g_unflat_final[178]" 5 135, 5 135 0, S_0x55efe45a2190;
 .timescale -9 -12;
P_0x55efe47a7630 .param/l "gi" 0 5 135, +C4<010110010>;
S_0x55efe47a76d0 .scope generate, "g_unflat_final[179]" "g_unflat_final[179]" 5 135, 5 135 0, S_0x55efe45a2190;
 .timescale -9 -12;
P_0x55efe47a78b0 .param/l "gi" 0 5 135, +C4<010110011>;
S_0x55efe47a7950 .scope generate, "g_unflat_final[180]" "g_unflat_final[180]" 5 135, 5 135 0, S_0x55efe45a2190;
 .timescale -9 -12;
P_0x55efe47a7b30 .param/l "gi" 0 5 135, +C4<010110100>;
S_0x55efe47a7bd0 .scope generate, "g_unflat_final[181]" "g_unflat_final[181]" 5 135, 5 135 0, S_0x55efe45a2190;
 .timescale -9 -12;
P_0x55efe47a7db0 .param/l "gi" 0 5 135, +C4<010110101>;
S_0x55efe47a7e50 .scope generate, "g_unflat_final[182]" "g_unflat_final[182]" 5 135, 5 135 0, S_0x55efe45a2190;
 .timescale -9 -12;
P_0x55efe47a8030 .param/l "gi" 0 5 135, +C4<010110110>;
S_0x55efe47a80d0 .scope generate, "g_unflat_final[183]" "g_unflat_final[183]" 5 135, 5 135 0, S_0x55efe45a2190;
 .timescale -9 -12;
P_0x55efe47a82b0 .param/l "gi" 0 5 135, +C4<010110111>;
S_0x55efe47a8350 .scope generate, "g_unflat_final[184]" "g_unflat_final[184]" 5 135, 5 135 0, S_0x55efe45a2190;
 .timescale -9 -12;
P_0x55efe47a8530 .param/l "gi" 0 5 135, +C4<010111000>;
S_0x55efe47a85d0 .scope generate, "g_unflat_final[185]" "g_unflat_final[185]" 5 135, 5 135 0, S_0x55efe45a2190;
 .timescale -9 -12;
P_0x55efe47a87b0 .param/l "gi" 0 5 135, +C4<010111001>;
S_0x55efe47a8850 .scope generate, "g_unflat_final[186]" "g_unflat_final[186]" 5 135, 5 135 0, S_0x55efe45a2190;
 .timescale -9 -12;
P_0x55efe47a8a30 .param/l "gi" 0 5 135, +C4<010111010>;
S_0x55efe47a8ad0 .scope generate, "g_unflat_final[187]" "g_unflat_final[187]" 5 135, 5 135 0, S_0x55efe45a2190;
 .timescale -9 -12;
P_0x55efe47a8cb0 .param/l "gi" 0 5 135, +C4<010111011>;
S_0x55efe47a8d50 .scope generate, "g_unflat_final[188]" "g_unflat_final[188]" 5 135, 5 135 0, S_0x55efe45a2190;
 .timescale -9 -12;
P_0x55efe47a8f30 .param/l "gi" 0 5 135, +C4<010111100>;
S_0x55efe47a8fd0 .scope generate, "g_unflat_final[189]" "g_unflat_final[189]" 5 135, 5 135 0, S_0x55efe45a2190;
 .timescale -9 -12;
P_0x55efe47a91b0 .param/l "gi" 0 5 135, +C4<010111101>;
S_0x55efe47a9250 .scope generate, "g_unflat_final[190]" "g_unflat_final[190]" 5 135, 5 135 0, S_0x55efe45a2190;
 .timescale -9 -12;
P_0x55efe47a9430 .param/l "gi" 0 5 135, +C4<010111110>;
S_0x55efe47a94d0 .scope generate, "g_unflat_final[191]" "g_unflat_final[191]" 5 135, 5 135 0, S_0x55efe45a2190;
 .timescale -9 -12;
P_0x55efe47a96b0 .param/l "gi" 0 5 135, +C4<010111111>;
S_0x55efe47a9750 .scope generate, "g_unflat_final[192]" "g_unflat_final[192]" 5 135, 5 135 0, S_0x55efe45a2190;
 .timescale -9 -12;
P_0x55efe47a9930 .param/l "gi" 0 5 135, +C4<011000000>;
S_0x55efe47a99d0 .scope generate, "g_unflat_final[193]" "g_unflat_final[193]" 5 135, 5 135 0, S_0x55efe45a2190;
 .timescale -9 -12;
P_0x55efe47a9bb0 .param/l "gi" 0 5 135, +C4<011000001>;
S_0x55efe47a9c50 .scope generate, "g_unflat_final[194]" "g_unflat_final[194]" 5 135, 5 135 0, S_0x55efe45a2190;
 .timescale -9 -12;
P_0x55efe47a9e30 .param/l "gi" 0 5 135, +C4<011000010>;
S_0x55efe47a9ed0 .scope generate, "g_unflat_final[195]" "g_unflat_final[195]" 5 135, 5 135 0, S_0x55efe45a2190;
 .timescale -9 -12;
P_0x55efe47aa0b0 .param/l "gi" 0 5 135, +C4<011000011>;
S_0x55efe47aa150 .scope generate, "g_unflat_final[196]" "g_unflat_final[196]" 5 135, 5 135 0, S_0x55efe45a2190;
 .timescale -9 -12;
P_0x55efe47aa330 .param/l "gi" 0 5 135, +C4<011000100>;
S_0x55efe47aa3d0 .scope generate, "g_unflat_final[197]" "g_unflat_final[197]" 5 135, 5 135 0, S_0x55efe45a2190;
 .timescale -9 -12;
P_0x55efe47aa5b0 .param/l "gi" 0 5 135, +C4<011000101>;
S_0x55efe47aa650 .scope generate, "g_unflat_final[198]" "g_unflat_final[198]" 5 135, 5 135 0, S_0x55efe45a2190;
 .timescale -9 -12;
P_0x55efe47aa830 .param/l "gi" 0 5 135, +C4<011000110>;
S_0x55efe47aa8d0 .scope generate, "g_unflat_final[199]" "g_unflat_final[199]" 5 135, 5 135 0, S_0x55efe45a2190;
 .timescale -9 -12;
P_0x55efe47aaab0 .param/l "gi" 0 5 135, +C4<011000111>;
S_0x55efe47aab50 .scope generate, "g_unflat_final[200]" "g_unflat_final[200]" 5 135, 5 135 0, S_0x55efe45a2190;
 .timescale -9 -12;
P_0x55efe47aad30 .param/l "gi" 0 5 135, +C4<011001000>;
S_0x55efe47aadd0 .scope generate, "g_unflat_final[201]" "g_unflat_final[201]" 5 135, 5 135 0, S_0x55efe45a2190;
 .timescale -9 -12;
P_0x55efe47aafb0 .param/l "gi" 0 5 135, +C4<011001001>;
S_0x55efe47ab050 .scope generate, "g_unflat_final[202]" "g_unflat_final[202]" 5 135, 5 135 0, S_0x55efe45a2190;
 .timescale -9 -12;
P_0x55efe47ab230 .param/l "gi" 0 5 135, +C4<011001010>;
S_0x55efe47ab2d0 .scope generate, "g_unflat_final[203]" "g_unflat_final[203]" 5 135, 5 135 0, S_0x55efe45a2190;
 .timescale -9 -12;
P_0x55efe47ab4b0 .param/l "gi" 0 5 135, +C4<011001011>;
S_0x55efe47ab550 .scope generate, "g_unflat_final[204]" "g_unflat_final[204]" 5 135, 5 135 0, S_0x55efe45a2190;
 .timescale -9 -12;
P_0x55efe47ab730 .param/l "gi" 0 5 135, +C4<011001100>;
S_0x55efe47ab7d0 .scope generate, "g_unflat_final[205]" "g_unflat_final[205]" 5 135, 5 135 0, S_0x55efe45a2190;
 .timescale -9 -12;
P_0x55efe47ab9b0 .param/l "gi" 0 5 135, +C4<011001101>;
S_0x55efe47aba50 .scope generate, "g_unflat_final[206]" "g_unflat_final[206]" 5 135, 5 135 0, S_0x55efe45a2190;
 .timescale -9 -12;
P_0x55efe47abc30 .param/l "gi" 0 5 135, +C4<011001110>;
S_0x55efe47abcd0 .scope generate, "g_unflat_final[207]" "g_unflat_final[207]" 5 135, 5 135 0, S_0x55efe45a2190;
 .timescale -9 -12;
P_0x55efe47abeb0 .param/l "gi" 0 5 135, +C4<011001111>;
S_0x55efe47abf50 .scope generate, "g_unflat_final[208]" "g_unflat_final[208]" 5 135, 5 135 0, S_0x55efe45a2190;
 .timescale -9 -12;
P_0x55efe47ac130 .param/l "gi" 0 5 135, +C4<011010000>;
S_0x55efe47ac1d0 .scope generate, "g_unflat_final[209]" "g_unflat_final[209]" 5 135, 5 135 0, S_0x55efe45a2190;
 .timescale -9 -12;
P_0x55efe47ac3b0 .param/l "gi" 0 5 135, +C4<011010001>;
S_0x55efe47ac450 .scope generate, "g_unflat_final[210]" "g_unflat_final[210]" 5 135, 5 135 0, S_0x55efe45a2190;
 .timescale -9 -12;
P_0x55efe47ac630 .param/l "gi" 0 5 135, +C4<011010010>;
S_0x55efe47ac6d0 .scope generate, "g_unflat_final[211]" "g_unflat_final[211]" 5 135, 5 135 0, S_0x55efe45a2190;
 .timescale -9 -12;
P_0x55efe47ac8b0 .param/l "gi" 0 5 135, +C4<011010011>;
S_0x55efe47ac950 .scope generate, "g_unflat_final[212]" "g_unflat_final[212]" 5 135, 5 135 0, S_0x55efe45a2190;
 .timescale -9 -12;
P_0x55efe47acb30 .param/l "gi" 0 5 135, +C4<011010100>;
S_0x55efe47acbd0 .scope generate, "g_unflat_final[213]" "g_unflat_final[213]" 5 135, 5 135 0, S_0x55efe45a2190;
 .timescale -9 -12;
P_0x55efe47acdb0 .param/l "gi" 0 5 135, +C4<011010101>;
S_0x55efe47ace50 .scope generate, "g_unflat_final[214]" "g_unflat_final[214]" 5 135, 5 135 0, S_0x55efe45a2190;
 .timescale -9 -12;
P_0x55efe47ad030 .param/l "gi" 0 5 135, +C4<011010110>;
S_0x55efe47ad0d0 .scope generate, "g_unflat_final[215]" "g_unflat_final[215]" 5 135, 5 135 0, S_0x55efe45a2190;
 .timescale -9 -12;
P_0x55efe47ad2b0 .param/l "gi" 0 5 135, +C4<011010111>;
S_0x55efe47ad350 .scope generate, "g_unflat_final[216]" "g_unflat_final[216]" 5 135, 5 135 0, S_0x55efe45a2190;
 .timescale -9 -12;
P_0x55efe47ad530 .param/l "gi" 0 5 135, +C4<011011000>;
S_0x55efe47ad5d0 .scope generate, "g_unflat_final[217]" "g_unflat_final[217]" 5 135, 5 135 0, S_0x55efe45a2190;
 .timescale -9 -12;
P_0x55efe47ad7b0 .param/l "gi" 0 5 135, +C4<011011001>;
S_0x55efe47ad850 .scope generate, "g_unflat_final[218]" "g_unflat_final[218]" 5 135, 5 135 0, S_0x55efe45a2190;
 .timescale -9 -12;
P_0x55efe47ada30 .param/l "gi" 0 5 135, +C4<011011010>;
S_0x55efe47adad0 .scope generate, "g_unflat_final[219]" "g_unflat_final[219]" 5 135, 5 135 0, S_0x55efe45a2190;
 .timescale -9 -12;
P_0x55efe47adcb0 .param/l "gi" 0 5 135, +C4<011011011>;
S_0x55efe47add50 .scope generate, "g_unflat_final[220]" "g_unflat_final[220]" 5 135, 5 135 0, S_0x55efe45a2190;
 .timescale -9 -12;
P_0x55efe47adf30 .param/l "gi" 0 5 135, +C4<011011100>;
S_0x55efe47adfd0 .scope generate, "g_unflat_final[221]" "g_unflat_final[221]" 5 135, 5 135 0, S_0x55efe45a2190;
 .timescale -9 -12;
P_0x55efe47ae1b0 .param/l "gi" 0 5 135, +C4<011011101>;
S_0x55efe47ae250 .scope generate, "g_unflat_final[222]" "g_unflat_final[222]" 5 135, 5 135 0, S_0x55efe45a2190;
 .timescale -9 -12;
P_0x55efe47ae450 .param/l "gi" 0 5 135, +C4<011011110>;
S_0x55efe47ae510 .scope generate, "g_unflat_final[223]" "g_unflat_final[223]" 5 135, 5 135 0, S_0x55efe45a2190;
 .timescale -9 -12;
P_0x55efe47ae710 .param/l "gi" 0 5 135, +C4<011011111>;
S_0x55efe47ae7d0 .scope generate, "g_unflat_final[224]" "g_unflat_final[224]" 5 135, 5 135 0, S_0x55efe45a2190;
 .timescale -9 -12;
P_0x55efe47ae9d0 .param/l "gi" 0 5 135, +C4<011100000>;
S_0x55efe47aea90 .scope generate, "g_unflat_final[225]" "g_unflat_final[225]" 5 135, 5 135 0, S_0x55efe45a2190;
 .timescale -9 -12;
P_0x55efe47aec90 .param/l "gi" 0 5 135, +C4<011100001>;
S_0x55efe47aed50 .scope generate, "g_unflat_final[226]" "g_unflat_final[226]" 5 135, 5 135 0, S_0x55efe45a2190;
 .timescale -9 -12;
P_0x55efe47aef50 .param/l "gi" 0 5 135, +C4<011100010>;
S_0x55efe47af010 .scope generate, "g_unflat_final[227]" "g_unflat_final[227]" 5 135, 5 135 0, S_0x55efe45a2190;
 .timescale -9 -12;
P_0x55efe47af210 .param/l "gi" 0 5 135, +C4<011100011>;
S_0x55efe47af2d0 .scope generate, "g_unflat_final[228]" "g_unflat_final[228]" 5 135, 5 135 0, S_0x55efe45a2190;
 .timescale -9 -12;
P_0x55efe47af4d0 .param/l "gi" 0 5 135, +C4<011100100>;
S_0x55efe47af590 .scope generate, "g_unflat_final[229]" "g_unflat_final[229]" 5 135, 5 135 0, S_0x55efe45a2190;
 .timescale -9 -12;
P_0x55efe47af790 .param/l "gi" 0 5 135, +C4<011100101>;
S_0x55efe47af850 .scope generate, "g_unflat_final[230]" "g_unflat_final[230]" 5 135, 5 135 0, S_0x55efe45a2190;
 .timescale -9 -12;
P_0x55efe47afa50 .param/l "gi" 0 5 135, +C4<011100110>;
S_0x55efe47afb10 .scope generate, "g_unflat_final[231]" "g_unflat_final[231]" 5 135, 5 135 0, S_0x55efe45a2190;
 .timescale -9 -12;
P_0x55efe47afd10 .param/l "gi" 0 5 135, +C4<011100111>;
S_0x55efe47afdd0 .scope generate, "g_unflat_final[232]" "g_unflat_final[232]" 5 135, 5 135 0, S_0x55efe45a2190;
 .timescale -9 -12;
P_0x55efe47affd0 .param/l "gi" 0 5 135, +C4<011101000>;
S_0x55efe47b0090 .scope generate, "g_unflat_final[233]" "g_unflat_final[233]" 5 135, 5 135 0, S_0x55efe45a2190;
 .timescale -9 -12;
P_0x55efe47b0290 .param/l "gi" 0 5 135, +C4<011101001>;
S_0x55efe47b0350 .scope generate, "g_unflat_final[234]" "g_unflat_final[234]" 5 135, 5 135 0, S_0x55efe45a2190;
 .timescale -9 -12;
P_0x55efe47b0550 .param/l "gi" 0 5 135, +C4<011101010>;
S_0x55efe47b0610 .scope generate, "g_unflat_final[235]" "g_unflat_final[235]" 5 135, 5 135 0, S_0x55efe45a2190;
 .timescale -9 -12;
P_0x55efe47b0810 .param/l "gi" 0 5 135, +C4<011101011>;
S_0x55efe47b08d0 .scope generate, "g_unflat_final[236]" "g_unflat_final[236]" 5 135, 5 135 0, S_0x55efe45a2190;
 .timescale -9 -12;
P_0x55efe47b0ad0 .param/l "gi" 0 5 135, +C4<011101100>;
S_0x55efe47b0b90 .scope generate, "g_unflat_final[237]" "g_unflat_final[237]" 5 135, 5 135 0, S_0x55efe45a2190;
 .timescale -9 -12;
P_0x55efe47b0d90 .param/l "gi" 0 5 135, +C4<011101101>;
S_0x55efe47b0e50 .scope generate, "g_unflat_final[238]" "g_unflat_final[238]" 5 135, 5 135 0, S_0x55efe45a2190;
 .timescale -9 -12;
P_0x55efe47b1050 .param/l "gi" 0 5 135, +C4<011101110>;
S_0x55efe47b1110 .scope generate, "g_unflat_final[239]" "g_unflat_final[239]" 5 135, 5 135 0, S_0x55efe45a2190;
 .timescale -9 -12;
P_0x55efe47b1310 .param/l "gi" 0 5 135, +C4<011101111>;
S_0x55efe47b13d0 .scope generate, "g_unflat_final[240]" "g_unflat_final[240]" 5 135, 5 135 0, S_0x55efe45a2190;
 .timescale -9 -12;
P_0x55efe47b15d0 .param/l "gi" 0 5 135, +C4<011110000>;
S_0x55efe47b1690 .scope generate, "g_unflat_final[241]" "g_unflat_final[241]" 5 135, 5 135 0, S_0x55efe45a2190;
 .timescale -9 -12;
P_0x55efe47b1890 .param/l "gi" 0 5 135, +C4<011110001>;
S_0x55efe47b1950 .scope generate, "g_unflat_final[242]" "g_unflat_final[242]" 5 135, 5 135 0, S_0x55efe45a2190;
 .timescale -9 -12;
P_0x55efe47b1b50 .param/l "gi" 0 5 135, +C4<011110010>;
S_0x55efe47b1c10 .scope generate, "g_unflat_final[243]" "g_unflat_final[243]" 5 135, 5 135 0, S_0x55efe45a2190;
 .timescale -9 -12;
P_0x55efe47b1e10 .param/l "gi" 0 5 135, +C4<011110011>;
S_0x55efe47b1ed0 .scope generate, "g_unflat_final[244]" "g_unflat_final[244]" 5 135, 5 135 0, S_0x55efe45a2190;
 .timescale -9 -12;
P_0x55efe47b20d0 .param/l "gi" 0 5 135, +C4<011110100>;
S_0x55efe47b2190 .scope generate, "g_unflat_final[245]" "g_unflat_final[245]" 5 135, 5 135 0, S_0x55efe45a2190;
 .timescale -9 -12;
P_0x55efe47b2390 .param/l "gi" 0 5 135, +C4<011110101>;
S_0x55efe47b2450 .scope generate, "g_unflat_final[246]" "g_unflat_final[246]" 5 135, 5 135 0, S_0x55efe45a2190;
 .timescale -9 -12;
P_0x55efe47b2650 .param/l "gi" 0 5 135, +C4<011110110>;
S_0x55efe47b2710 .scope generate, "g_unflat_final[247]" "g_unflat_final[247]" 5 135, 5 135 0, S_0x55efe45a2190;
 .timescale -9 -12;
P_0x55efe47b2910 .param/l "gi" 0 5 135, +C4<011110111>;
S_0x55efe47b29d0 .scope generate, "g_unflat_final[248]" "g_unflat_final[248]" 5 135, 5 135 0, S_0x55efe45a2190;
 .timescale -9 -12;
P_0x55efe47b2bd0 .param/l "gi" 0 5 135, +C4<011111000>;
S_0x55efe47b2c90 .scope generate, "g_unflat_final[249]" "g_unflat_final[249]" 5 135, 5 135 0, S_0x55efe45a2190;
 .timescale -9 -12;
P_0x55efe47b2e90 .param/l "gi" 0 5 135, +C4<011111001>;
S_0x55efe47b2f50 .scope generate, "g_unflat_final[250]" "g_unflat_final[250]" 5 135, 5 135 0, S_0x55efe45a2190;
 .timescale -9 -12;
P_0x55efe47b3150 .param/l "gi" 0 5 135, +C4<011111010>;
S_0x55efe47b3210 .scope generate, "g_unflat_final[251]" "g_unflat_final[251]" 5 135, 5 135 0, S_0x55efe45a2190;
 .timescale -9 -12;
P_0x55efe47b3410 .param/l "gi" 0 5 135, +C4<011111011>;
S_0x55efe47b34d0 .scope generate, "g_unflat_final[252]" "g_unflat_final[252]" 5 135, 5 135 0, S_0x55efe45a2190;
 .timescale -9 -12;
P_0x55efe47b36d0 .param/l "gi" 0 5 135, +C4<011111100>;
S_0x55efe47b3790 .scope generate, "g_unflat_final[253]" "g_unflat_final[253]" 5 135, 5 135 0, S_0x55efe45a2190;
 .timescale -9 -12;
P_0x55efe47b3990 .param/l "gi" 0 5 135, +C4<011111101>;
S_0x55efe47b3a50 .scope generate, "g_unflat_final[254]" "g_unflat_final[254]" 5 135, 5 135 0, S_0x55efe45a2190;
 .timescale -9 -12;
P_0x55efe47b3c50 .param/l "gi" 0 5 135, +C4<011111110>;
S_0x55efe47b3d10 .scope generate, "g_unflat_final[255]" "g_unflat_final[255]" 5 135, 5 135 0, S_0x55efe45a2190;
 .timescale -9 -12;
P_0x55efe47a0340 .param/l "gi" 0 5 135, +C4<011111111>;
S_0x55efe47a0400 .scope generate, "g_unflat_final[256]" "g_unflat_final[256]" 5 135, 5 135 0, S_0x55efe45a2190;
 .timescale -9 -12;
P_0x55efe47a0600 .param/l "gi" 0 5 135, +C4<0100000000>;
S_0x55efe47a06c0 .scope generate, "g_unflat_final[257]" "g_unflat_final[257]" 5 135, 5 135 0, S_0x55efe45a2190;
 .timescale -9 -12;
P_0x55efe47a08c0 .param/l "gi" 0 5 135, +C4<0100000001>;
S_0x55efe47a0980 .scope generate, "g_unflat_final[258]" "g_unflat_final[258]" 5 135, 5 135 0, S_0x55efe45a2190;
 .timescale -9 -12;
P_0x55efe47b4f70 .param/l "gi" 0 5 135, +C4<0100000010>;
S_0x55efe47b5010 .scope generate, "g_unflat_final[259]" "g_unflat_final[259]" 5 135, 5 135 0, S_0x55efe45a2190;
 .timescale -9 -12;
P_0x55efe47b5210 .param/l "gi" 0 5 135, +C4<0100000011>;
S_0x55efe47b52d0 .scope generate, "g_unflat_final[260]" "g_unflat_final[260]" 5 135, 5 135 0, S_0x55efe45a2190;
 .timescale -9 -12;
P_0x55efe47b54d0 .param/l "gi" 0 5 135, +C4<0100000100>;
S_0x55efe47b5590 .scope generate, "g_unflat_final[261]" "g_unflat_final[261]" 5 135, 5 135 0, S_0x55efe45a2190;
 .timescale -9 -12;
P_0x55efe47b5790 .param/l "gi" 0 5 135, +C4<0100000101>;
S_0x55efe47b5850 .scope generate, "g_unflat_final[262]" "g_unflat_final[262]" 5 135, 5 135 0, S_0x55efe45a2190;
 .timescale -9 -12;
P_0x55efe47b5a50 .param/l "gi" 0 5 135, +C4<0100000110>;
S_0x55efe47b5b10 .scope generate, "g_unflat_final[263]" "g_unflat_final[263]" 5 135, 5 135 0, S_0x55efe45a2190;
 .timescale -9 -12;
P_0x55efe47b5d10 .param/l "gi" 0 5 135, +C4<0100000111>;
S_0x55efe47b5dd0 .scope generate, "g_unflat_final[264]" "g_unflat_final[264]" 5 135, 5 135 0, S_0x55efe45a2190;
 .timescale -9 -12;
P_0x55efe47b5fd0 .param/l "gi" 0 5 135, +C4<0100001000>;
S_0x55efe47b6090 .scope generate, "g_unflat_final[265]" "g_unflat_final[265]" 5 135, 5 135 0, S_0x55efe45a2190;
 .timescale -9 -12;
P_0x55efe47b6290 .param/l "gi" 0 5 135, +C4<0100001001>;
S_0x55efe47b6350 .scope generate, "g_unflat_final[266]" "g_unflat_final[266]" 5 135, 5 135 0, S_0x55efe45a2190;
 .timescale -9 -12;
P_0x55efe47b6550 .param/l "gi" 0 5 135, +C4<0100001010>;
S_0x55efe47b6610 .scope generate, "g_unflat_final[267]" "g_unflat_final[267]" 5 135, 5 135 0, S_0x55efe45a2190;
 .timescale -9 -12;
P_0x55efe47b6810 .param/l "gi" 0 5 135, +C4<0100001011>;
S_0x55efe47b68d0 .scope generate, "g_unflat_final[268]" "g_unflat_final[268]" 5 135, 5 135 0, S_0x55efe45a2190;
 .timescale -9 -12;
P_0x55efe47b6ad0 .param/l "gi" 0 5 135, +C4<0100001100>;
S_0x55efe47b6b90 .scope generate, "g_unflat_final[269]" "g_unflat_final[269]" 5 135, 5 135 0, S_0x55efe45a2190;
 .timescale -9 -12;
P_0x55efe47b6d90 .param/l "gi" 0 5 135, +C4<0100001101>;
S_0x55efe47b6e50 .scope generate, "g_unflat_final[270]" "g_unflat_final[270]" 5 135, 5 135 0, S_0x55efe45a2190;
 .timescale -9 -12;
P_0x55efe47b7050 .param/l "gi" 0 5 135, +C4<0100001110>;
S_0x55efe47b7110 .scope generate, "g_unflat_final[271]" "g_unflat_final[271]" 5 135, 5 135 0, S_0x55efe45a2190;
 .timescale -9 -12;
P_0x55efe47b7310 .param/l "gi" 0 5 135, +C4<0100001111>;
S_0x55efe47b73d0 .scope generate, "g_unflat_final[272]" "g_unflat_final[272]" 5 135, 5 135 0, S_0x55efe45a2190;
 .timescale -9 -12;
P_0x55efe47b75d0 .param/l "gi" 0 5 135, +C4<0100010000>;
S_0x55efe47b7690 .scope generate, "g_unflat_final[273]" "g_unflat_final[273]" 5 135, 5 135 0, S_0x55efe45a2190;
 .timescale -9 -12;
P_0x55efe47b7890 .param/l "gi" 0 5 135, +C4<0100010001>;
S_0x55efe47b7950 .scope generate, "g_unflat_final[274]" "g_unflat_final[274]" 5 135, 5 135 0, S_0x55efe45a2190;
 .timescale -9 -12;
P_0x55efe47b7b50 .param/l "gi" 0 5 135, +C4<0100010010>;
S_0x55efe47b7c10 .scope generate, "g_unflat_final[275]" "g_unflat_final[275]" 5 135, 5 135 0, S_0x55efe45a2190;
 .timescale -9 -12;
P_0x55efe47b7e10 .param/l "gi" 0 5 135, +C4<0100010011>;
S_0x55efe47b7ed0 .scope generate, "g_unflat_final[276]" "g_unflat_final[276]" 5 135, 5 135 0, S_0x55efe45a2190;
 .timescale -9 -12;
P_0x55efe47b80d0 .param/l "gi" 0 5 135, +C4<0100010100>;
S_0x55efe47b8190 .scope generate, "g_unflat_final[277]" "g_unflat_final[277]" 5 135, 5 135 0, S_0x55efe45a2190;
 .timescale -9 -12;
P_0x55efe47b8390 .param/l "gi" 0 5 135, +C4<0100010101>;
S_0x55efe47b8450 .scope generate, "g_unflat_final[278]" "g_unflat_final[278]" 5 135, 5 135 0, S_0x55efe45a2190;
 .timescale -9 -12;
P_0x55efe47b8650 .param/l "gi" 0 5 135, +C4<0100010110>;
S_0x55efe47b8710 .scope generate, "g_unflat_final[279]" "g_unflat_final[279]" 5 135, 5 135 0, S_0x55efe45a2190;
 .timescale -9 -12;
P_0x55efe47b8910 .param/l "gi" 0 5 135, +C4<0100010111>;
S_0x55efe47b89d0 .scope generate, "g_unflat_final[280]" "g_unflat_final[280]" 5 135, 5 135 0, S_0x55efe45a2190;
 .timescale -9 -12;
P_0x55efe47b8bd0 .param/l "gi" 0 5 135, +C4<0100011000>;
S_0x55efe47b8c90 .scope generate, "g_unflat_final[281]" "g_unflat_final[281]" 5 135, 5 135 0, S_0x55efe45a2190;
 .timescale -9 -12;
P_0x55efe47b8e90 .param/l "gi" 0 5 135, +C4<0100011001>;
S_0x55efe47b8f50 .scope generate, "g_unflat_final[282]" "g_unflat_final[282]" 5 135, 5 135 0, S_0x55efe45a2190;
 .timescale -9 -12;
P_0x55efe47b9150 .param/l "gi" 0 5 135, +C4<0100011010>;
S_0x55efe47b9210 .scope generate, "g_unflat_final[283]" "g_unflat_final[283]" 5 135, 5 135 0, S_0x55efe45a2190;
 .timescale -9 -12;
P_0x55efe47b9410 .param/l "gi" 0 5 135, +C4<0100011011>;
S_0x55efe47b94d0 .scope generate, "g_unflat_final[284]" "g_unflat_final[284]" 5 135, 5 135 0, S_0x55efe45a2190;
 .timescale -9 -12;
P_0x55efe47b96d0 .param/l "gi" 0 5 135, +C4<0100011100>;
S_0x55efe47b9790 .scope generate, "g_unflat_final[285]" "g_unflat_final[285]" 5 135, 5 135 0, S_0x55efe45a2190;
 .timescale -9 -12;
P_0x55efe47b9990 .param/l "gi" 0 5 135, +C4<0100011101>;
S_0x55efe47b9a50 .scope generate, "g_unflat_final[286]" "g_unflat_final[286]" 5 135, 5 135 0, S_0x55efe45a2190;
 .timescale -9 -12;
P_0x55efe47b9c50 .param/l "gi" 0 5 135, +C4<0100011110>;
S_0x55efe47b9d10 .scope generate, "g_unflat_final[287]" "g_unflat_final[287]" 5 135, 5 135 0, S_0x55efe45a2190;
 .timescale -9 -12;
P_0x55efe47b9f10 .param/l "gi" 0 5 135, +C4<0100011111>;
S_0x55efe47b9fd0 .scope generate, "g_unflat_final[288]" "g_unflat_final[288]" 5 135, 5 135 0, S_0x55efe45a2190;
 .timescale -9 -12;
P_0x55efe47ba1d0 .param/l "gi" 0 5 135, +C4<0100100000>;
S_0x55efe47ba290 .scope generate, "g_unflat_final[289]" "g_unflat_final[289]" 5 135, 5 135 0, S_0x55efe45a2190;
 .timescale -9 -12;
P_0x55efe47ba490 .param/l "gi" 0 5 135, +C4<0100100001>;
S_0x55efe47ba550 .scope generate, "g_unflat_final[290]" "g_unflat_final[290]" 5 135, 5 135 0, S_0x55efe45a2190;
 .timescale -9 -12;
P_0x55efe47ba750 .param/l "gi" 0 5 135, +C4<0100100010>;
S_0x55efe47ba810 .scope generate, "g_unflat_final[291]" "g_unflat_final[291]" 5 135, 5 135 0, S_0x55efe45a2190;
 .timescale -9 -12;
P_0x55efe47baa10 .param/l "gi" 0 5 135, +C4<0100100011>;
S_0x55efe47baad0 .scope generate, "g_unflat_final[292]" "g_unflat_final[292]" 5 135, 5 135 0, S_0x55efe45a2190;
 .timescale -9 -12;
P_0x55efe47bacd0 .param/l "gi" 0 5 135, +C4<0100100100>;
S_0x55efe47bad90 .scope generate, "g_unflat_final[293]" "g_unflat_final[293]" 5 135, 5 135 0, S_0x55efe45a2190;
 .timescale -9 -12;
P_0x55efe47baf90 .param/l "gi" 0 5 135, +C4<0100100101>;
S_0x55efe47bb050 .scope generate, "g_unflat_final[294]" "g_unflat_final[294]" 5 135, 5 135 0, S_0x55efe45a2190;
 .timescale -9 -12;
P_0x55efe47bb250 .param/l "gi" 0 5 135, +C4<0100100110>;
S_0x55efe47bb310 .scope generate, "g_unflat_final[295]" "g_unflat_final[295]" 5 135, 5 135 0, S_0x55efe45a2190;
 .timescale -9 -12;
P_0x55efe47bb510 .param/l "gi" 0 5 135, +C4<0100100111>;
S_0x55efe47bb5d0 .scope generate, "g_unflat_final[296]" "g_unflat_final[296]" 5 135, 5 135 0, S_0x55efe45a2190;
 .timescale -9 -12;
P_0x55efe47bb7d0 .param/l "gi" 0 5 135, +C4<0100101000>;
S_0x55efe47bb890 .scope generate, "g_unflat_final[297]" "g_unflat_final[297]" 5 135, 5 135 0, S_0x55efe45a2190;
 .timescale -9 -12;
P_0x55efe47bba90 .param/l "gi" 0 5 135, +C4<0100101001>;
S_0x55efe47bbb50 .scope generate, "g_unflat_final[298]" "g_unflat_final[298]" 5 135, 5 135 0, S_0x55efe45a2190;
 .timescale -9 -12;
P_0x55efe47bbd50 .param/l "gi" 0 5 135, +C4<0100101010>;
S_0x55efe47bbe10 .scope generate, "g_unflat_final[299]" "g_unflat_final[299]" 5 135, 5 135 0, S_0x55efe45a2190;
 .timescale -9 -12;
P_0x55efe47bc010 .param/l "gi" 0 5 135, +C4<0100101011>;
S_0x55efe47bc0d0 .scope generate, "g_unflat_final[300]" "g_unflat_final[300]" 5 135, 5 135 0, S_0x55efe45a2190;
 .timescale -9 -12;
P_0x55efe47bc2d0 .param/l "gi" 0 5 135, +C4<0100101100>;
S_0x55efe47bc390 .scope generate, "g_unflat_final[301]" "g_unflat_final[301]" 5 135, 5 135 0, S_0x55efe45a2190;
 .timescale -9 -12;
P_0x55efe47bc590 .param/l "gi" 0 5 135, +C4<0100101101>;
S_0x55efe47bc650 .scope generate, "g_unflat_final[302]" "g_unflat_final[302]" 5 135, 5 135 0, S_0x55efe45a2190;
 .timescale -9 -12;
P_0x55efe47bc850 .param/l "gi" 0 5 135, +C4<0100101110>;
S_0x55efe47bc910 .scope generate, "g_unflat_final[303]" "g_unflat_final[303]" 5 135, 5 135 0, S_0x55efe45a2190;
 .timescale -9 -12;
P_0x55efe47bcb10 .param/l "gi" 0 5 135, +C4<0100101111>;
S_0x55efe47bcbd0 .scope generate, "g_unflat_final[304]" "g_unflat_final[304]" 5 135, 5 135 0, S_0x55efe45a2190;
 .timescale -9 -12;
P_0x55efe47bcdd0 .param/l "gi" 0 5 135, +C4<0100110000>;
S_0x55efe47bce90 .scope generate, "g_unflat_final[305]" "g_unflat_final[305]" 5 135, 5 135 0, S_0x55efe45a2190;
 .timescale -9 -12;
P_0x55efe47bd090 .param/l "gi" 0 5 135, +C4<0100110001>;
S_0x55efe47bd150 .scope generate, "g_unflat_final[306]" "g_unflat_final[306]" 5 135, 5 135 0, S_0x55efe45a2190;
 .timescale -9 -12;
P_0x55efe47bd350 .param/l "gi" 0 5 135, +C4<0100110010>;
S_0x55efe47bd410 .scope generate, "g_unflat_final[307]" "g_unflat_final[307]" 5 135, 5 135 0, S_0x55efe45a2190;
 .timescale -9 -12;
P_0x55efe47bd610 .param/l "gi" 0 5 135, +C4<0100110011>;
S_0x55efe47bd6d0 .scope generate, "g_unflat_final[308]" "g_unflat_final[308]" 5 135, 5 135 0, S_0x55efe45a2190;
 .timescale -9 -12;
P_0x55efe47bd8d0 .param/l "gi" 0 5 135, +C4<0100110100>;
S_0x55efe47bd990 .scope generate, "g_unflat_final[309]" "g_unflat_final[309]" 5 135, 5 135 0, S_0x55efe45a2190;
 .timescale -9 -12;
P_0x55efe47bdb90 .param/l "gi" 0 5 135, +C4<0100110101>;
S_0x55efe47bdc50 .scope generate, "g_unflat_final[310]" "g_unflat_final[310]" 5 135, 5 135 0, S_0x55efe45a2190;
 .timescale -9 -12;
P_0x55efe47bde50 .param/l "gi" 0 5 135, +C4<0100110110>;
S_0x55efe47bdf10 .scope generate, "g_unflat_final[311]" "g_unflat_final[311]" 5 135, 5 135 0, S_0x55efe45a2190;
 .timescale -9 -12;
P_0x55efe47be110 .param/l "gi" 0 5 135, +C4<0100110111>;
S_0x55efe47be1d0 .scope generate, "g_unflat_final[312]" "g_unflat_final[312]" 5 135, 5 135 0, S_0x55efe45a2190;
 .timescale -9 -12;
P_0x55efe47be3d0 .param/l "gi" 0 5 135, +C4<0100111000>;
S_0x55efe47be490 .scope generate, "g_unflat_final[313]" "g_unflat_final[313]" 5 135, 5 135 0, S_0x55efe45a2190;
 .timescale -9 -12;
P_0x55efe47be690 .param/l "gi" 0 5 135, +C4<0100111001>;
S_0x55efe47be750 .scope generate, "g_unflat_final[314]" "g_unflat_final[314]" 5 135, 5 135 0, S_0x55efe45a2190;
 .timescale -9 -12;
P_0x55efe47be950 .param/l "gi" 0 5 135, +C4<0100111010>;
S_0x55efe47bea10 .scope generate, "g_unflat_final[315]" "g_unflat_final[315]" 5 135, 5 135 0, S_0x55efe45a2190;
 .timescale -9 -12;
P_0x55efe47bec10 .param/l "gi" 0 5 135, +C4<0100111011>;
S_0x55efe47becd0 .scope generate, "g_unflat_final[316]" "g_unflat_final[316]" 5 135, 5 135 0, S_0x55efe45a2190;
 .timescale -9 -12;
P_0x55efe47beed0 .param/l "gi" 0 5 135, +C4<0100111100>;
S_0x55efe47bef90 .scope generate, "g_unflat_final[317]" "g_unflat_final[317]" 5 135, 5 135 0, S_0x55efe45a2190;
 .timescale -9 -12;
P_0x55efe47bf190 .param/l "gi" 0 5 135, +C4<0100111101>;
S_0x55efe47bf250 .scope generate, "g_unflat_final[318]" "g_unflat_final[318]" 5 135, 5 135 0, S_0x55efe45a2190;
 .timescale -9 -12;
P_0x55efe47bf450 .param/l "gi" 0 5 135, +C4<0100111110>;
S_0x55efe47bf510 .scope generate, "g_unflat_final[319]" "g_unflat_final[319]" 5 135, 5 135 0, S_0x55efe45a2190;
 .timescale -9 -12;
P_0x55efe47bf710 .param/l "gi" 0 5 135, +C4<0100111111>;
S_0x55efe47bf7d0 .scope generate, "g_unflat_final[320]" "g_unflat_final[320]" 5 135, 5 135 0, S_0x55efe45a2190;
 .timescale -9 -12;
P_0x55efe47bf9d0 .param/l "gi" 0 5 135, +C4<0101000000>;
S_0x55efe47bfa90 .scope generate, "g_unflat_final[321]" "g_unflat_final[321]" 5 135, 5 135 0, S_0x55efe45a2190;
 .timescale -9 -12;
P_0x55efe47bfc90 .param/l "gi" 0 5 135, +C4<0101000001>;
S_0x55efe47bfd50 .scope generate, "g_unflat_final[322]" "g_unflat_final[322]" 5 135, 5 135 0, S_0x55efe45a2190;
 .timescale -9 -12;
P_0x55efe47bff50 .param/l "gi" 0 5 135, +C4<0101000010>;
S_0x55efe47c0010 .scope generate, "g_unflat_final[323]" "g_unflat_final[323]" 5 135, 5 135 0, S_0x55efe45a2190;
 .timescale -9 -12;
P_0x55efe47c0210 .param/l "gi" 0 5 135, +C4<0101000011>;
S_0x55efe47c02d0 .scope generate, "g_unflat_final[324]" "g_unflat_final[324]" 5 135, 5 135 0, S_0x55efe45a2190;
 .timescale -9 -12;
P_0x55efe47c04d0 .param/l "gi" 0 5 135, +C4<0101000100>;
S_0x55efe47c0590 .scope generate, "g_unflat_final[325]" "g_unflat_final[325]" 5 135, 5 135 0, S_0x55efe45a2190;
 .timescale -9 -12;
P_0x55efe47c0790 .param/l "gi" 0 5 135, +C4<0101000101>;
S_0x55efe47c0850 .scope generate, "g_unflat_final[326]" "g_unflat_final[326]" 5 135, 5 135 0, S_0x55efe45a2190;
 .timescale -9 -12;
P_0x55efe47c0a50 .param/l "gi" 0 5 135, +C4<0101000110>;
S_0x55efe47c0b10 .scope generate, "g_unflat_final[327]" "g_unflat_final[327]" 5 135, 5 135 0, S_0x55efe45a2190;
 .timescale -9 -12;
P_0x55efe47c0d10 .param/l "gi" 0 5 135, +C4<0101000111>;
S_0x55efe47c0dd0 .scope generate, "g_unflat_final[328]" "g_unflat_final[328]" 5 135, 5 135 0, S_0x55efe45a2190;
 .timescale -9 -12;
P_0x55efe47c0fd0 .param/l "gi" 0 5 135, +C4<0101001000>;
S_0x55efe47c1090 .scope generate, "g_unflat_final[329]" "g_unflat_final[329]" 5 135, 5 135 0, S_0x55efe45a2190;
 .timescale -9 -12;
P_0x55efe47c1290 .param/l "gi" 0 5 135, +C4<0101001001>;
S_0x55efe47c1350 .scope generate, "g_unflat_final[330]" "g_unflat_final[330]" 5 135, 5 135 0, S_0x55efe45a2190;
 .timescale -9 -12;
P_0x55efe47c1550 .param/l "gi" 0 5 135, +C4<0101001010>;
S_0x55efe47c1610 .scope generate, "g_unflat_final[331]" "g_unflat_final[331]" 5 135, 5 135 0, S_0x55efe45a2190;
 .timescale -9 -12;
P_0x55efe47c1810 .param/l "gi" 0 5 135, +C4<0101001011>;
S_0x55efe47c18d0 .scope generate, "g_unflat_final[332]" "g_unflat_final[332]" 5 135, 5 135 0, S_0x55efe45a2190;
 .timescale -9 -12;
P_0x55efe47c1ad0 .param/l "gi" 0 5 135, +C4<0101001100>;
S_0x55efe47c1b90 .scope generate, "g_unflat_final[333]" "g_unflat_final[333]" 5 135, 5 135 0, S_0x55efe45a2190;
 .timescale -9 -12;
P_0x55efe47c1d90 .param/l "gi" 0 5 135, +C4<0101001101>;
S_0x55efe47c1e50 .scope generate, "g_unflat_final[334]" "g_unflat_final[334]" 5 135, 5 135 0, S_0x55efe45a2190;
 .timescale -9 -12;
P_0x55efe47c2050 .param/l "gi" 0 5 135, +C4<0101001110>;
S_0x55efe47c2110 .scope generate, "g_unflat_final[335]" "g_unflat_final[335]" 5 135, 5 135 0, S_0x55efe45a2190;
 .timescale -9 -12;
P_0x55efe47c2310 .param/l "gi" 0 5 135, +C4<0101001111>;
S_0x55efe47c23d0 .scope generate, "g_unflat_final[336]" "g_unflat_final[336]" 5 135, 5 135 0, S_0x55efe45a2190;
 .timescale -9 -12;
P_0x55efe47c25d0 .param/l "gi" 0 5 135, +C4<0101010000>;
S_0x55efe47c2690 .scope generate, "g_unflat_final[337]" "g_unflat_final[337]" 5 135, 5 135 0, S_0x55efe45a2190;
 .timescale -9 -12;
P_0x55efe47c2890 .param/l "gi" 0 5 135, +C4<0101010001>;
S_0x55efe47c2950 .scope generate, "g_unflat_final[338]" "g_unflat_final[338]" 5 135, 5 135 0, S_0x55efe45a2190;
 .timescale -9 -12;
P_0x55efe47c2b50 .param/l "gi" 0 5 135, +C4<0101010010>;
S_0x55efe47c2c10 .scope generate, "g_unflat_final[339]" "g_unflat_final[339]" 5 135, 5 135 0, S_0x55efe45a2190;
 .timescale -9 -12;
P_0x55efe47c2e10 .param/l "gi" 0 5 135, +C4<0101010011>;
S_0x55efe47c2ed0 .scope generate, "g_unflat_final[340]" "g_unflat_final[340]" 5 135, 5 135 0, S_0x55efe45a2190;
 .timescale -9 -12;
P_0x55efe47c30d0 .param/l "gi" 0 5 135, +C4<0101010100>;
S_0x55efe47c3190 .scope generate, "g_unflat_final[341]" "g_unflat_final[341]" 5 135, 5 135 0, S_0x55efe45a2190;
 .timescale -9 -12;
P_0x55efe47c3390 .param/l "gi" 0 5 135, +C4<0101010101>;
S_0x55efe47c3450 .scope generate, "g_unflat_final[342]" "g_unflat_final[342]" 5 135, 5 135 0, S_0x55efe45a2190;
 .timescale -9 -12;
P_0x55efe47c3650 .param/l "gi" 0 5 135, +C4<0101010110>;
S_0x55efe47c3710 .scope generate, "g_unflat_final[343]" "g_unflat_final[343]" 5 135, 5 135 0, S_0x55efe45a2190;
 .timescale -9 -12;
P_0x55efe47c3910 .param/l "gi" 0 5 135, +C4<0101010111>;
S_0x55efe47c39d0 .scope generate, "g_unflat_final[344]" "g_unflat_final[344]" 5 135, 5 135 0, S_0x55efe45a2190;
 .timescale -9 -12;
P_0x55efe47c3bd0 .param/l "gi" 0 5 135, +C4<0101011000>;
S_0x55efe47c3c90 .scope generate, "g_unflat_final[345]" "g_unflat_final[345]" 5 135, 5 135 0, S_0x55efe45a2190;
 .timescale -9 -12;
P_0x55efe47c3e90 .param/l "gi" 0 5 135, +C4<0101011001>;
S_0x55efe47c3f50 .scope generate, "g_unflat_final[346]" "g_unflat_final[346]" 5 135, 5 135 0, S_0x55efe45a2190;
 .timescale -9 -12;
P_0x55efe47c4150 .param/l "gi" 0 5 135, +C4<0101011010>;
S_0x55efe47c4210 .scope generate, "g_unflat_final[347]" "g_unflat_final[347]" 5 135, 5 135 0, S_0x55efe45a2190;
 .timescale -9 -12;
P_0x55efe47c4410 .param/l "gi" 0 5 135, +C4<0101011011>;
S_0x55efe47c44d0 .scope generate, "g_unflat_final[348]" "g_unflat_final[348]" 5 135, 5 135 0, S_0x55efe45a2190;
 .timescale -9 -12;
P_0x55efe47c46d0 .param/l "gi" 0 5 135, +C4<0101011100>;
S_0x55efe47c4790 .scope generate, "g_unflat_final[349]" "g_unflat_final[349]" 5 135, 5 135 0, S_0x55efe45a2190;
 .timescale -9 -12;
P_0x55efe47c4990 .param/l "gi" 0 5 135, +C4<0101011101>;
S_0x55efe47c4a50 .scope generate, "g_unflat_final[350]" "g_unflat_final[350]" 5 135, 5 135 0, S_0x55efe45a2190;
 .timescale -9 -12;
P_0x55efe47c4c50 .param/l "gi" 0 5 135, +C4<0101011110>;
S_0x55efe47c4d10 .scope generate, "g_unflat_final[351]" "g_unflat_final[351]" 5 135, 5 135 0, S_0x55efe45a2190;
 .timescale -9 -12;
P_0x55efe47c4f10 .param/l "gi" 0 5 135, +C4<0101011111>;
S_0x55efe47c4fd0 .scope generate, "g_unflat_final[352]" "g_unflat_final[352]" 5 135, 5 135 0, S_0x55efe45a2190;
 .timescale -9 -12;
P_0x55efe47c51d0 .param/l "gi" 0 5 135, +C4<0101100000>;
S_0x55efe47c5290 .scope generate, "g_unflat_final[353]" "g_unflat_final[353]" 5 135, 5 135 0, S_0x55efe45a2190;
 .timescale -9 -12;
P_0x55efe47c5490 .param/l "gi" 0 5 135, +C4<0101100001>;
S_0x55efe47c5550 .scope generate, "g_unflat_final[354]" "g_unflat_final[354]" 5 135, 5 135 0, S_0x55efe45a2190;
 .timescale -9 -12;
P_0x55efe47c5750 .param/l "gi" 0 5 135, +C4<0101100010>;
S_0x55efe47c5810 .scope generate, "g_unflat_final[355]" "g_unflat_final[355]" 5 135, 5 135 0, S_0x55efe45a2190;
 .timescale -9 -12;
P_0x55efe47c5a10 .param/l "gi" 0 5 135, +C4<0101100011>;
S_0x55efe47c5ad0 .scope generate, "g_unflat_final[356]" "g_unflat_final[356]" 5 135, 5 135 0, S_0x55efe45a2190;
 .timescale -9 -12;
P_0x55efe47c5cd0 .param/l "gi" 0 5 135, +C4<0101100100>;
S_0x55efe47c5d90 .scope generate, "g_unflat_final[357]" "g_unflat_final[357]" 5 135, 5 135 0, S_0x55efe45a2190;
 .timescale -9 -12;
P_0x55efe47c5f90 .param/l "gi" 0 5 135, +C4<0101100101>;
S_0x55efe47c6050 .scope generate, "g_unflat_final[358]" "g_unflat_final[358]" 5 135, 5 135 0, S_0x55efe45a2190;
 .timescale -9 -12;
P_0x55efe47c6250 .param/l "gi" 0 5 135, +C4<0101100110>;
S_0x55efe47c6310 .scope generate, "g_unflat_final[359]" "g_unflat_final[359]" 5 135, 5 135 0, S_0x55efe45a2190;
 .timescale -9 -12;
P_0x55efe47c6510 .param/l "gi" 0 5 135, +C4<0101100111>;
S_0x55efe47c65d0 .scope generate, "g_unflat_final[360]" "g_unflat_final[360]" 5 135, 5 135 0, S_0x55efe45a2190;
 .timescale -9 -12;
P_0x55efe47c67d0 .param/l "gi" 0 5 135, +C4<0101101000>;
S_0x55efe47c6890 .scope generate, "g_unflat_final[361]" "g_unflat_final[361]" 5 135, 5 135 0, S_0x55efe45a2190;
 .timescale -9 -12;
P_0x55efe47c6a90 .param/l "gi" 0 5 135, +C4<0101101001>;
S_0x55efe47c6b50 .scope generate, "g_unflat_final[362]" "g_unflat_final[362]" 5 135, 5 135 0, S_0x55efe45a2190;
 .timescale -9 -12;
P_0x55efe47c6d50 .param/l "gi" 0 5 135, +C4<0101101010>;
S_0x55efe47c6e10 .scope generate, "g_unflat_final[363]" "g_unflat_final[363]" 5 135, 5 135 0, S_0x55efe45a2190;
 .timescale -9 -12;
P_0x55efe47c7010 .param/l "gi" 0 5 135, +C4<0101101011>;
S_0x55efe47c70d0 .scope generate, "g_unflat_final[364]" "g_unflat_final[364]" 5 135, 5 135 0, S_0x55efe45a2190;
 .timescale -9 -12;
P_0x55efe47c72d0 .param/l "gi" 0 5 135, +C4<0101101100>;
S_0x55efe47c7390 .scope generate, "g_unflat_final[365]" "g_unflat_final[365]" 5 135, 5 135 0, S_0x55efe45a2190;
 .timescale -9 -12;
P_0x55efe47c7590 .param/l "gi" 0 5 135, +C4<0101101101>;
S_0x55efe47c7650 .scope generate, "g_unflat_final[366]" "g_unflat_final[366]" 5 135, 5 135 0, S_0x55efe45a2190;
 .timescale -9 -12;
P_0x55efe47c7850 .param/l "gi" 0 5 135, +C4<0101101110>;
S_0x55efe47c7910 .scope generate, "g_unflat_final[367]" "g_unflat_final[367]" 5 135, 5 135 0, S_0x55efe45a2190;
 .timescale -9 -12;
P_0x55efe47c7b10 .param/l "gi" 0 5 135, +C4<0101101111>;
S_0x55efe47c7bd0 .scope generate, "g_unflat_final[368]" "g_unflat_final[368]" 5 135, 5 135 0, S_0x55efe45a2190;
 .timescale -9 -12;
P_0x55efe47c7dd0 .param/l "gi" 0 5 135, +C4<0101110000>;
S_0x55efe47c7e90 .scope generate, "g_unflat_final[369]" "g_unflat_final[369]" 5 135, 5 135 0, S_0x55efe45a2190;
 .timescale -9 -12;
P_0x55efe47c8090 .param/l "gi" 0 5 135, +C4<0101110001>;
S_0x55efe47c8150 .scope generate, "g_unflat_final[370]" "g_unflat_final[370]" 5 135, 5 135 0, S_0x55efe45a2190;
 .timescale -9 -12;
P_0x55efe47c8350 .param/l "gi" 0 5 135, +C4<0101110010>;
S_0x55efe47c8410 .scope generate, "g_unflat_final[371]" "g_unflat_final[371]" 5 135, 5 135 0, S_0x55efe45a2190;
 .timescale -9 -12;
P_0x55efe47c8610 .param/l "gi" 0 5 135, +C4<0101110011>;
S_0x55efe47c86d0 .scope generate, "g_unflat_final[372]" "g_unflat_final[372]" 5 135, 5 135 0, S_0x55efe45a2190;
 .timescale -9 -12;
P_0x55efe47c88d0 .param/l "gi" 0 5 135, +C4<0101110100>;
S_0x55efe47c8990 .scope generate, "g_unflat_final[373]" "g_unflat_final[373]" 5 135, 5 135 0, S_0x55efe45a2190;
 .timescale -9 -12;
P_0x55efe47c8b90 .param/l "gi" 0 5 135, +C4<0101110101>;
S_0x55efe47c8c50 .scope generate, "g_unflat_final[374]" "g_unflat_final[374]" 5 135, 5 135 0, S_0x55efe45a2190;
 .timescale -9 -12;
P_0x55efe47c8e50 .param/l "gi" 0 5 135, +C4<0101110110>;
S_0x55efe47c8f10 .scope generate, "g_unflat_final[375]" "g_unflat_final[375]" 5 135, 5 135 0, S_0x55efe45a2190;
 .timescale -9 -12;
P_0x55efe47c9110 .param/l "gi" 0 5 135, +C4<0101110111>;
S_0x55efe47c91d0 .scope generate, "g_unflat_final[376]" "g_unflat_final[376]" 5 135, 5 135 0, S_0x55efe45a2190;
 .timescale -9 -12;
P_0x55efe47c93d0 .param/l "gi" 0 5 135, +C4<0101111000>;
S_0x55efe47c9490 .scope generate, "g_unflat_final[377]" "g_unflat_final[377]" 5 135, 5 135 0, S_0x55efe45a2190;
 .timescale -9 -12;
P_0x55efe47c9690 .param/l "gi" 0 5 135, +C4<0101111001>;
S_0x55efe47c9750 .scope generate, "g_unflat_final[378]" "g_unflat_final[378]" 5 135, 5 135 0, S_0x55efe45a2190;
 .timescale -9 -12;
P_0x55efe47c9950 .param/l "gi" 0 5 135, +C4<0101111010>;
S_0x55efe47c9a10 .scope generate, "g_unflat_final[379]" "g_unflat_final[379]" 5 135, 5 135 0, S_0x55efe45a2190;
 .timescale -9 -12;
P_0x55efe47c9c10 .param/l "gi" 0 5 135, +C4<0101111011>;
S_0x55efe47c9cd0 .scope generate, "g_unflat_final[380]" "g_unflat_final[380]" 5 135, 5 135 0, S_0x55efe45a2190;
 .timescale -9 -12;
P_0x55efe47c9ed0 .param/l "gi" 0 5 135, +C4<0101111100>;
S_0x55efe47c9f90 .scope generate, "g_unflat_final[381]" "g_unflat_final[381]" 5 135, 5 135 0, S_0x55efe45a2190;
 .timescale -9 -12;
P_0x55efe47ca190 .param/l "gi" 0 5 135, +C4<0101111101>;
S_0x55efe47ca250 .scope generate, "g_unflat_final[382]" "g_unflat_final[382]" 5 135, 5 135 0, S_0x55efe45a2190;
 .timescale -9 -12;
P_0x55efe47ca450 .param/l "gi" 0 5 135, +C4<0101111110>;
S_0x55efe47ca510 .scope generate, "g_unflat_final[383]" "g_unflat_final[383]" 5 135, 5 135 0, S_0x55efe45a2190;
 .timescale -9 -12;
P_0x55efe47ca710 .param/l "gi" 0 5 135, +C4<0101111111>;
S_0x55efe47ca7d0 .scope generate, "g_unflat_final[384]" "g_unflat_final[384]" 5 135, 5 135 0, S_0x55efe45a2190;
 .timescale -9 -12;
P_0x55efe47ca9d0 .param/l "gi" 0 5 135, +C4<0110000000>;
S_0x55efe47caa90 .scope generate, "g_unflat_final[385]" "g_unflat_final[385]" 5 135, 5 135 0, S_0x55efe45a2190;
 .timescale -9 -12;
P_0x55efe47cac90 .param/l "gi" 0 5 135, +C4<0110000001>;
S_0x55efe47cad50 .scope generate, "g_unflat_final[386]" "g_unflat_final[386]" 5 135, 5 135 0, S_0x55efe45a2190;
 .timescale -9 -12;
P_0x55efe47caf50 .param/l "gi" 0 5 135, +C4<0110000010>;
S_0x55efe47cb010 .scope generate, "g_unflat_final[387]" "g_unflat_final[387]" 5 135, 5 135 0, S_0x55efe45a2190;
 .timescale -9 -12;
P_0x55efe47cb210 .param/l "gi" 0 5 135, +C4<0110000011>;
S_0x55efe47cb2d0 .scope generate, "g_unflat_final[388]" "g_unflat_final[388]" 5 135, 5 135 0, S_0x55efe45a2190;
 .timescale -9 -12;
P_0x55efe47cb4d0 .param/l "gi" 0 5 135, +C4<0110000100>;
S_0x55efe47cb590 .scope generate, "g_unflat_final[389]" "g_unflat_final[389]" 5 135, 5 135 0, S_0x55efe45a2190;
 .timescale -9 -12;
P_0x55efe47cb790 .param/l "gi" 0 5 135, +C4<0110000101>;
S_0x55efe47cb850 .scope generate, "g_unflat_final[390]" "g_unflat_final[390]" 5 135, 5 135 0, S_0x55efe45a2190;
 .timescale -9 -12;
P_0x55efe47cba50 .param/l "gi" 0 5 135, +C4<0110000110>;
S_0x55efe47cbb10 .scope generate, "g_unflat_final[391]" "g_unflat_final[391]" 5 135, 5 135 0, S_0x55efe45a2190;
 .timescale -9 -12;
P_0x55efe47cbd10 .param/l "gi" 0 5 135, +C4<0110000111>;
S_0x55efe47cbdd0 .scope generate, "g_unflat_final[392]" "g_unflat_final[392]" 5 135, 5 135 0, S_0x55efe45a2190;
 .timescale -9 -12;
P_0x55efe47cbfd0 .param/l "gi" 0 5 135, +C4<0110001000>;
S_0x55efe47cc090 .scope generate, "g_unflat_final[393]" "g_unflat_final[393]" 5 135, 5 135 0, S_0x55efe45a2190;
 .timescale -9 -12;
P_0x55efe47cc290 .param/l "gi" 0 5 135, +C4<0110001001>;
S_0x55efe47cc350 .scope generate, "g_unflat_final[394]" "g_unflat_final[394]" 5 135, 5 135 0, S_0x55efe45a2190;
 .timescale -9 -12;
P_0x55efe47cc550 .param/l "gi" 0 5 135, +C4<0110001010>;
S_0x55efe47cc610 .scope generate, "g_unflat_final[395]" "g_unflat_final[395]" 5 135, 5 135 0, S_0x55efe45a2190;
 .timescale -9 -12;
P_0x55efe47cc810 .param/l "gi" 0 5 135, +C4<0110001011>;
S_0x55efe47cc8d0 .scope generate, "g_unflat_final[396]" "g_unflat_final[396]" 5 135, 5 135 0, S_0x55efe45a2190;
 .timescale -9 -12;
P_0x55efe47ccad0 .param/l "gi" 0 5 135, +C4<0110001100>;
S_0x55efe47ccb90 .scope generate, "g_unflat_final[397]" "g_unflat_final[397]" 5 135, 5 135 0, S_0x55efe45a2190;
 .timescale -9 -12;
P_0x55efe47ccd90 .param/l "gi" 0 5 135, +C4<0110001101>;
S_0x55efe47cce50 .scope generate, "g_unflat_final[398]" "g_unflat_final[398]" 5 135, 5 135 0, S_0x55efe45a2190;
 .timescale -9 -12;
P_0x55efe47cd050 .param/l "gi" 0 5 135, +C4<0110001110>;
S_0x55efe47cd110 .scope generate, "g_unflat_final[399]" "g_unflat_final[399]" 5 135, 5 135 0, S_0x55efe45a2190;
 .timescale -9 -12;
P_0x55efe47cd310 .param/l "gi" 0 5 135, +C4<0110001111>;
S_0x55efe47cd3d0 .scope generate, "g_unflat_final[400]" "g_unflat_final[400]" 5 135, 5 135 0, S_0x55efe45a2190;
 .timescale -9 -12;
P_0x55efe47cd5d0 .param/l "gi" 0 5 135, +C4<0110010000>;
S_0x55efe47cd690 .scope generate, "g_unflat_final[401]" "g_unflat_final[401]" 5 135, 5 135 0, S_0x55efe45a2190;
 .timescale -9 -12;
P_0x55efe47cd890 .param/l "gi" 0 5 135, +C4<0110010001>;
S_0x55efe47cd950 .scope generate, "g_unflat_final[402]" "g_unflat_final[402]" 5 135, 5 135 0, S_0x55efe45a2190;
 .timescale -9 -12;
P_0x55efe47cdb50 .param/l "gi" 0 5 135, +C4<0110010010>;
S_0x55efe47cdc10 .scope generate, "g_unflat_final[403]" "g_unflat_final[403]" 5 135, 5 135 0, S_0x55efe45a2190;
 .timescale -9 -12;
P_0x55efe47cde10 .param/l "gi" 0 5 135, +C4<0110010011>;
S_0x55efe47cded0 .scope generate, "g_unflat_final[404]" "g_unflat_final[404]" 5 135, 5 135 0, S_0x55efe45a2190;
 .timescale -9 -12;
P_0x55efe47ce0d0 .param/l "gi" 0 5 135, +C4<0110010100>;
S_0x55efe47ce190 .scope generate, "g_unflat_final[405]" "g_unflat_final[405]" 5 135, 5 135 0, S_0x55efe45a2190;
 .timescale -9 -12;
P_0x55efe47ce390 .param/l "gi" 0 5 135, +C4<0110010101>;
S_0x55efe47ce450 .scope generate, "g_unflat_final[406]" "g_unflat_final[406]" 5 135, 5 135 0, S_0x55efe45a2190;
 .timescale -9 -12;
P_0x55efe47ce650 .param/l "gi" 0 5 135, +C4<0110010110>;
S_0x55efe47ce710 .scope generate, "g_unflat_final[407]" "g_unflat_final[407]" 5 135, 5 135 0, S_0x55efe45a2190;
 .timescale -9 -12;
P_0x55efe47ce910 .param/l "gi" 0 5 135, +C4<0110010111>;
S_0x55efe47ce9d0 .scope generate, "g_unflat_final[408]" "g_unflat_final[408]" 5 135, 5 135 0, S_0x55efe45a2190;
 .timescale -9 -12;
P_0x55efe47cebd0 .param/l "gi" 0 5 135, +C4<0110011000>;
S_0x55efe47cec90 .scope generate, "g_unflat_final[409]" "g_unflat_final[409]" 5 135, 5 135 0, S_0x55efe45a2190;
 .timescale -9 -12;
P_0x55efe47cee90 .param/l "gi" 0 5 135, +C4<0110011001>;
S_0x55efe47cef50 .scope generate, "g_unflat_final[410]" "g_unflat_final[410]" 5 135, 5 135 0, S_0x55efe45a2190;
 .timescale -9 -12;
P_0x55efe47cf150 .param/l "gi" 0 5 135, +C4<0110011010>;
S_0x55efe47cf210 .scope generate, "g_unflat_final[411]" "g_unflat_final[411]" 5 135, 5 135 0, S_0x55efe45a2190;
 .timescale -9 -12;
P_0x55efe47cf410 .param/l "gi" 0 5 135, +C4<0110011011>;
S_0x55efe47cf4d0 .scope generate, "g_unflat_final[412]" "g_unflat_final[412]" 5 135, 5 135 0, S_0x55efe45a2190;
 .timescale -9 -12;
P_0x55efe47cf6d0 .param/l "gi" 0 5 135, +C4<0110011100>;
S_0x55efe47cf790 .scope generate, "g_unflat_final[413]" "g_unflat_final[413]" 5 135, 5 135 0, S_0x55efe45a2190;
 .timescale -9 -12;
P_0x55efe47cf990 .param/l "gi" 0 5 135, +C4<0110011101>;
S_0x55efe47cfa50 .scope generate, "g_unflat_final[414]" "g_unflat_final[414]" 5 135, 5 135 0, S_0x55efe45a2190;
 .timescale -9 -12;
P_0x55efe47cfc50 .param/l "gi" 0 5 135, +C4<0110011110>;
S_0x55efe47cfd10 .scope generate, "g_unflat_final[415]" "g_unflat_final[415]" 5 135, 5 135 0, S_0x55efe45a2190;
 .timescale -9 -12;
P_0x55efe47cff10 .param/l "gi" 0 5 135, +C4<0110011111>;
S_0x55efe47cffd0 .scope generate, "g_unflat_final[416]" "g_unflat_final[416]" 5 135, 5 135 0, S_0x55efe45a2190;
 .timescale -9 -12;
P_0x55efe47d01d0 .param/l "gi" 0 5 135, +C4<0110100000>;
S_0x55efe47d0290 .scope generate, "g_unflat_final[417]" "g_unflat_final[417]" 5 135, 5 135 0, S_0x55efe45a2190;
 .timescale -9 -12;
P_0x55efe47d0490 .param/l "gi" 0 5 135, +C4<0110100001>;
S_0x55efe47d0550 .scope generate, "g_unflat_final[418]" "g_unflat_final[418]" 5 135, 5 135 0, S_0x55efe45a2190;
 .timescale -9 -12;
P_0x55efe47d0750 .param/l "gi" 0 5 135, +C4<0110100010>;
S_0x55efe47d0810 .scope generate, "g_unflat_final[419]" "g_unflat_final[419]" 5 135, 5 135 0, S_0x55efe45a2190;
 .timescale -9 -12;
P_0x55efe47d0a10 .param/l "gi" 0 5 135, +C4<0110100011>;
S_0x55efe47d0ad0 .scope generate, "g_unflat_final[420]" "g_unflat_final[420]" 5 135, 5 135 0, S_0x55efe45a2190;
 .timescale -9 -12;
P_0x55efe47d0cd0 .param/l "gi" 0 5 135, +C4<0110100100>;
S_0x55efe47d0d90 .scope generate, "g_unflat_final[421]" "g_unflat_final[421]" 5 135, 5 135 0, S_0x55efe45a2190;
 .timescale -9 -12;
P_0x55efe47d0f90 .param/l "gi" 0 5 135, +C4<0110100101>;
S_0x55efe47d1050 .scope generate, "g_unflat_final[422]" "g_unflat_final[422]" 5 135, 5 135 0, S_0x55efe45a2190;
 .timescale -9 -12;
P_0x55efe47d1250 .param/l "gi" 0 5 135, +C4<0110100110>;
S_0x55efe47d1310 .scope generate, "g_unflat_final[423]" "g_unflat_final[423]" 5 135, 5 135 0, S_0x55efe45a2190;
 .timescale -9 -12;
P_0x55efe47d1510 .param/l "gi" 0 5 135, +C4<0110100111>;
S_0x55efe47d15d0 .scope generate, "g_unflat_final[424]" "g_unflat_final[424]" 5 135, 5 135 0, S_0x55efe45a2190;
 .timescale -9 -12;
P_0x55efe47d17d0 .param/l "gi" 0 5 135, +C4<0110101000>;
S_0x55efe47d1890 .scope generate, "g_unflat_final[425]" "g_unflat_final[425]" 5 135, 5 135 0, S_0x55efe45a2190;
 .timescale -9 -12;
P_0x55efe47d1a90 .param/l "gi" 0 5 135, +C4<0110101001>;
S_0x55efe47d1b50 .scope generate, "g_unflat_final[426]" "g_unflat_final[426]" 5 135, 5 135 0, S_0x55efe45a2190;
 .timescale -9 -12;
P_0x55efe47d1d50 .param/l "gi" 0 5 135, +C4<0110101010>;
S_0x55efe47d1e10 .scope generate, "g_unflat_final[427]" "g_unflat_final[427]" 5 135, 5 135 0, S_0x55efe45a2190;
 .timescale -9 -12;
P_0x55efe47d2010 .param/l "gi" 0 5 135, +C4<0110101011>;
S_0x55efe47d20d0 .scope generate, "g_unflat_final[428]" "g_unflat_final[428]" 5 135, 5 135 0, S_0x55efe45a2190;
 .timescale -9 -12;
P_0x55efe47d22d0 .param/l "gi" 0 5 135, +C4<0110101100>;
S_0x55efe47d2390 .scope generate, "g_unflat_final[429]" "g_unflat_final[429]" 5 135, 5 135 0, S_0x55efe45a2190;
 .timescale -9 -12;
P_0x55efe47d2590 .param/l "gi" 0 5 135, +C4<0110101101>;
S_0x55efe47d2650 .scope generate, "g_unflat_final[430]" "g_unflat_final[430]" 5 135, 5 135 0, S_0x55efe45a2190;
 .timescale -9 -12;
P_0x55efe47d2850 .param/l "gi" 0 5 135, +C4<0110101110>;
S_0x55efe47d2910 .scope generate, "g_unflat_final[431]" "g_unflat_final[431]" 5 135, 5 135 0, S_0x55efe45a2190;
 .timescale -9 -12;
P_0x55efe47d2b10 .param/l "gi" 0 5 135, +C4<0110101111>;
S_0x55efe47d2bd0 .scope generate, "g_unflat_final[432]" "g_unflat_final[432]" 5 135, 5 135 0, S_0x55efe45a2190;
 .timescale -9 -12;
P_0x55efe47d2dd0 .param/l "gi" 0 5 135, +C4<0110110000>;
S_0x55efe47d2e90 .scope generate, "g_unflat_final[433]" "g_unflat_final[433]" 5 135, 5 135 0, S_0x55efe45a2190;
 .timescale -9 -12;
P_0x55efe47d3090 .param/l "gi" 0 5 135, +C4<0110110001>;
S_0x55efe47d3150 .scope generate, "g_unflat_final[434]" "g_unflat_final[434]" 5 135, 5 135 0, S_0x55efe45a2190;
 .timescale -9 -12;
P_0x55efe47d3350 .param/l "gi" 0 5 135, +C4<0110110010>;
S_0x55efe47d3410 .scope generate, "g_unflat_final[435]" "g_unflat_final[435]" 5 135, 5 135 0, S_0x55efe45a2190;
 .timescale -9 -12;
P_0x55efe47d3610 .param/l "gi" 0 5 135, +C4<0110110011>;
S_0x55efe47d36d0 .scope generate, "g_unflat_final[436]" "g_unflat_final[436]" 5 135, 5 135 0, S_0x55efe45a2190;
 .timescale -9 -12;
P_0x55efe47d38d0 .param/l "gi" 0 5 135, +C4<0110110100>;
S_0x55efe47d3990 .scope generate, "g_unflat_final[437]" "g_unflat_final[437]" 5 135, 5 135 0, S_0x55efe45a2190;
 .timescale -9 -12;
P_0x55efe47d3b90 .param/l "gi" 0 5 135, +C4<0110110101>;
S_0x55efe47d3c50 .scope generate, "g_unflat_final[438]" "g_unflat_final[438]" 5 135, 5 135 0, S_0x55efe45a2190;
 .timescale -9 -12;
P_0x55efe47d3e50 .param/l "gi" 0 5 135, +C4<0110110110>;
S_0x55efe47d3f10 .scope generate, "g_unflat_final[439]" "g_unflat_final[439]" 5 135, 5 135 0, S_0x55efe45a2190;
 .timescale -9 -12;
P_0x55efe47d4110 .param/l "gi" 0 5 135, +C4<0110110111>;
S_0x55efe47d41d0 .scope generate, "g_unflat_final[440]" "g_unflat_final[440]" 5 135, 5 135 0, S_0x55efe45a2190;
 .timescale -9 -12;
P_0x55efe47d43d0 .param/l "gi" 0 5 135, +C4<0110111000>;
S_0x55efe47d4490 .scope generate, "g_unflat_final[441]" "g_unflat_final[441]" 5 135, 5 135 0, S_0x55efe45a2190;
 .timescale -9 -12;
P_0x55efe47d4690 .param/l "gi" 0 5 135, +C4<0110111001>;
S_0x55efe47d4750 .scope generate, "g_unflat_final[442]" "g_unflat_final[442]" 5 135, 5 135 0, S_0x55efe45a2190;
 .timescale -9 -12;
P_0x55efe47d4950 .param/l "gi" 0 5 135, +C4<0110111010>;
S_0x55efe47d4a10 .scope generate, "g_unflat_final[443]" "g_unflat_final[443]" 5 135, 5 135 0, S_0x55efe45a2190;
 .timescale -9 -12;
P_0x55efe47d4c10 .param/l "gi" 0 5 135, +C4<0110111011>;
S_0x55efe47d4cd0 .scope generate, "g_unflat_final[444]" "g_unflat_final[444]" 5 135, 5 135 0, S_0x55efe45a2190;
 .timescale -9 -12;
P_0x55efe47d4ed0 .param/l "gi" 0 5 135, +C4<0110111100>;
S_0x55efe47d4f90 .scope generate, "g_unflat_final[445]" "g_unflat_final[445]" 5 135, 5 135 0, S_0x55efe45a2190;
 .timescale -9 -12;
P_0x55efe47d5190 .param/l "gi" 0 5 135, +C4<0110111101>;
S_0x55efe47d5250 .scope generate, "g_unflat_final[446]" "g_unflat_final[446]" 5 135, 5 135 0, S_0x55efe45a2190;
 .timescale -9 -12;
P_0x55efe47d5450 .param/l "gi" 0 5 135, +C4<0110111110>;
S_0x55efe47d5510 .scope generate, "g_unflat_final[447]" "g_unflat_final[447]" 5 135, 5 135 0, S_0x55efe45a2190;
 .timescale -9 -12;
P_0x55efe47d5710 .param/l "gi" 0 5 135, +C4<0110111111>;
S_0x55efe47d57d0 .scope generate, "g_unflat_final[448]" "g_unflat_final[448]" 5 135, 5 135 0, S_0x55efe45a2190;
 .timescale -9 -12;
P_0x55efe47d59d0 .param/l "gi" 0 5 135, +C4<0111000000>;
S_0x55efe47d5a90 .scope generate, "g_unflat_final[449]" "g_unflat_final[449]" 5 135, 5 135 0, S_0x55efe45a2190;
 .timescale -9 -12;
P_0x55efe47d5c90 .param/l "gi" 0 5 135, +C4<0111000001>;
S_0x55efe47d5d50 .scope generate, "g_unflat_final[450]" "g_unflat_final[450]" 5 135, 5 135 0, S_0x55efe45a2190;
 .timescale -9 -12;
P_0x55efe47d5f50 .param/l "gi" 0 5 135, +C4<0111000010>;
S_0x55efe47d6010 .scope generate, "g_unflat_final[451]" "g_unflat_final[451]" 5 135, 5 135 0, S_0x55efe45a2190;
 .timescale -9 -12;
P_0x55efe47d6210 .param/l "gi" 0 5 135, +C4<0111000011>;
S_0x55efe47d62d0 .scope generate, "g_unflat_final[452]" "g_unflat_final[452]" 5 135, 5 135 0, S_0x55efe45a2190;
 .timescale -9 -12;
P_0x55efe47d64d0 .param/l "gi" 0 5 135, +C4<0111000100>;
S_0x55efe47d6590 .scope generate, "g_unflat_final[453]" "g_unflat_final[453]" 5 135, 5 135 0, S_0x55efe45a2190;
 .timescale -9 -12;
P_0x55efe47d6790 .param/l "gi" 0 5 135, +C4<0111000101>;
S_0x55efe47d6850 .scope generate, "g_unflat_final[454]" "g_unflat_final[454]" 5 135, 5 135 0, S_0x55efe45a2190;
 .timescale -9 -12;
P_0x55efe47d6a50 .param/l "gi" 0 5 135, +C4<0111000110>;
S_0x55efe47d6b10 .scope generate, "g_unflat_final[455]" "g_unflat_final[455]" 5 135, 5 135 0, S_0x55efe45a2190;
 .timescale -9 -12;
P_0x55efe47d6d10 .param/l "gi" 0 5 135, +C4<0111000111>;
S_0x55efe47d6dd0 .scope generate, "g_unflat_final[456]" "g_unflat_final[456]" 5 135, 5 135 0, S_0x55efe45a2190;
 .timescale -9 -12;
P_0x55efe47d6fd0 .param/l "gi" 0 5 135, +C4<0111001000>;
S_0x55efe47d7090 .scope generate, "g_unflat_final[457]" "g_unflat_final[457]" 5 135, 5 135 0, S_0x55efe45a2190;
 .timescale -9 -12;
P_0x55efe47d7290 .param/l "gi" 0 5 135, +C4<0111001001>;
S_0x55efe47d7350 .scope generate, "g_unflat_final[458]" "g_unflat_final[458]" 5 135, 5 135 0, S_0x55efe45a2190;
 .timescale -9 -12;
P_0x55efe47d7550 .param/l "gi" 0 5 135, +C4<0111001010>;
S_0x55efe47d7610 .scope generate, "g_unflat_final[459]" "g_unflat_final[459]" 5 135, 5 135 0, S_0x55efe45a2190;
 .timescale -9 -12;
P_0x55efe47d7810 .param/l "gi" 0 5 135, +C4<0111001011>;
S_0x55efe47d78d0 .scope generate, "g_unflat_final[460]" "g_unflat_final[460]" 5 135, 5 135 0, S_0x55efe45a2190;
 .timescale -9 -12;
P_0x55efe47d7ad0 .param/l "gi" 0 5 135, +C4<0111001100>;
S_0x55efe47d7b90 .scope generate, "g_unflat_final[461]" "g_unflat_final[461]" 5 135, 5 135 0, S_0x55efe45a2190;
 .timescale -9 -12;
P_0x55efe47d7d90 .param/l "gi" 0 5 135, +C4<0111001101>;
S_0x55efe47d7e50 .scope generate, "g_unflat_final[462]" "g_unflat_final[462]" 5 135, 5 135 0, S_0x55efe45a2190;
 .timescale -9 -12;
P_0x55efe47d8050 .param/l "gi" 0 5 135, +C4<0111001110>;
S_0x55efe47d8110 .scope generate, "g_unflat_final[463]" "g_unflat_final[463]" 5 135, 5 135 0, S_0x55efe45a2190;
 .timescale -9 -12;
P_0x55efe47d8310 .param/l "gi" 0 5 135, +C4<0111001111>;
S_0x55efe47d83d0 .scope generate, "g_unflat_final[464]" "g_unflat_final[464]" 5 135, 5 135 0, S_0x55efe45a2190;
 .timescale -9 -12;
P_0x55efe47d85d0 .param/l "gi" 0 5 135, +C4<0111010000>;
S_0x55efe47d8690 .scope generate, "g_unflat_final[465]" "g_unflat_final[465]" 5 135, 5 135 0, S_0x55efe45a2190;
 .timescale -9 -12;
P_0x55efe47d8890 .param/l "gi" 0 5 135, +C4<0111010001>;
S_0x55efe47d8950 .scope generate, "g_unflat_final[466]" "g_unflat_final[466]" 5 135, 5 135 0, S_0x55efe45a2190;
 .timescale -9 -12;
P_0x55efe47d8b50 .param/l "gi" 0 5 135, +C4<0111010010>;
S_0x55efe47d8c10 .scope generate, "g_unflat_final[467]" "g_unflat_final[467]" 5 135, 5 135 0, S_0x55efe45a2190;
 .timescale -9 -12;
P_0x55efe47d8e10 .param/l "gi" 0 5 135, +C4<0111010011>;
S_0x55efe47d8ed0 .scope generate, "g_unflat_final[468]" "g_unflat_final[468]" 5 135, 5 135 0, S_0x55efe45a2190;
 .timescale -9 -12;
P_0x55efe47d90d0 .param/l "gi" 0 5 135, +C4<0111010100>;
S_0x55efe47d9190 .scope generate, "g_unflat_final[469]" "g_unflat_final[469]" 5 135, 5 135 0, S_0x55efe45a2190;
 .timescale -9 -12;
P_0x55efe47d9390 .param/l "gi" 0 5 135, +C4<0111010101>;
S_0x55efe47d9450 .scope generate, "g_unflat_final[470]" "g_unflat_final[470]" 5 135, 5 135 0, S_0x55efe45a2190;
 .timescale -9 -12;
P_0x55efe47d9650 .param/l "gi" 0 5 135, +C4<0111010110>;
S_0x55efe47d9710 .scope generate, "g_unflat_final[471]" "g_unflat_final[471]" 5 135, 5 135 0, S_0x55efe45a2190;
 .timescale -9 -12;
P_0x55efe47d9910 .param/l "gi" 0 5 135, +C4<0111010111>;
S_0x55efe47d99d0 .scope generate, "g_unflat_final[472]" "g_unflat_final[472]" 5 135, 5 135 0, S_0x55efe45a2190;
 .timescale -9 -12;
P_0x55efe47d9bd0 .param/l "gi" 0 5 135, +C4<0111011000>;
S_0x55efe47d9c90 .scope generate, "g_unflat_final[473]" "g_unflat_final[473]" 5 135, 5 135 0, S_0x55efe45a2190;
 .timescale -9 -12;
P_0x55efe47d9e90 .param/l "gi" 0 5 135, +C4<0111011001>;
S_0x55efe47d9f50 .scope generate, "g_unflat_final[474]" "g_unflat_final[474]" 5 135, 5 135 0, S_0x55efe45a2190;
 .timescale -9 -12;
P_0x55efe47da150 .param/l "gi" 0 5 135, +C4<0111011010>;
S_0x55efe47da210 .scope generate, "g_unflat_final[475]" "g_unflat_final[475]" 5 135, 5 135 0, S_0x55efe45a2190;
 .timescale -9 -12;
P_0x55efe47da410 .param/l "gi" 0 5 135, +C4<0111011011>;
S_0x55efe47da4d0 .scope generate, "g_unflat_final[476]" "g_unflat_final[476]" 5 135, 5 135 0, S_0x55efe45a2190;
 .timescale -9 -12;
P_0x55efe47da6d0 .param/l "gi" 0 5 135, +C4<0111011100>;
S_0x55efe47da790 .scope generate, "g_unflat_final[477]" "g_unflat_final[477]" 5 135, 5 135 0, S_0x55efe45a2190;
 .timescale -9 -12;
P_0x55efe47da990 .param/l "gi" 0 5 135, +C4<0111011101>;
S_0x55efe47daa50 .scope generate, "g_unflat_final[478]" "g_unflat_final[478]" 5 135, 5 135 0, S_0x55efe45a2190;
 .timescale -9 -12;
P_0x55efe47dac50 .param/l "gi" 0 5 135, +C4<0111011110>;
S_0x55efe47dad10 .scope generate, "g_unflat_final[479]" "g_unflat_final[479]" 5 135, 5 135 0, S_0x55efe45a2190;
 .timescale -9 -12;
P_0x55efe47daf10 .param/l "gi" 0 5 135, +C4<0111011111>;
S_0x55efe47dafd0 .scope generate, "g_unflat_final[480]" "g_unflat_final[480]" 5 135, 5 135 0, S_0x55efe45a2190;
 .timescale -9 -12;
P_0x55efe47db1d0 .param/l "gi" 0 5 135, +C4<0111100000>;
S_0x55efe47db290 .scope generate, "g_unflat_final[481]" "g_unflat_final[481]" 5 135, 5 135 0, S_0x55efe45a2190;
 .timescale -9 -12;
P_0x55efe47db490 .param/l "gi" 0 5 135, +C4<0111100001>;
S_0x55efe47db550 .scope generate, "g_unflat_final[482]" "g_unflat_final[482]" 5 135, 5 135 0, S_0x55efe45a2190;
 .timescale -9 -12;
P_0x55efe47db750 .param/l "gi" 0 5 135, +C4<0111100010>;
S_0x55efe47db810 .scope generate, "g_unflat_final[483]" "g_unflat_final[483]" 5 135, 5 135 0, S_0x55efe45a2190;
 .timescale -9 -12;
P_0x55efe47dba10 .param/l "gi" 0 5 135, +C4<0111100011>;
S_0x55efe47dbad0 .scope generate, "g_unflat_final[484]" "g_unflat_final[484]" 5 135, 5 135 0, S_0x55efe45a2190;
 .timescale -9 -12;
P_0x55efe47dbcd0 .param/l "gi" 0 5 135, +C4<0111100100>;
S_0x55efe47dbd90 .scope generate, "g_unflat_final[485]" "g_unflat_final[485]" 5 135, 5 135 0, S_0x55efe45a2190;
 .timescale -9 -12;
P_0x55efe47dbf90 .param/l "gi" 0 5 135, +C4<0111100101>;
S_0x55efe47dc050 .scope generate, "g_unflat_final[486]" "g_unflat_final[486]" 5 135, 5 135 0, S_0x55efe45a2190;
 .timescale -9 -12;
P_0x55efe47dc250 .param/l "gi" 0 5 135, +C4<0111100110>;
S_0x55efe47dc310 .scope generate, "g_unflat_final[487]" "g_unflat_final[487]" 5 135, 5 135 0, S_0x55efe45a2190;
 .timescale -9 -12;
P_0x55efe47dc510 .param/l "gi" 0 5 135, +C4<0111100111>;
S_0x55efe47dc5d0 .scope generate, "g_unflat_final[488]" "g_unflat_final[488]" 5 135, 5 135 0, S_0x55efe45a2190;
 .timescale -9 -12;
P_0x55efe47dc7d0 .param/l "gi" 0 5 135, +C4<0111101000>;
S_0x55efe47dc890 .scope generate, "g_unflat_final[489]" "g_unflat_final[489]" 5 135, 5 135 0, S_0x55efe45a2190;
 .timescale -9 -12;
P_0x55efe47dca90 .param/l "gi" 0 5 135, +C4<0111101001>;
S_0x55efe47dcb50 .scope generate, "g_unflat_final[490]" "g_unflat_final[490]" 5 135, 5 135 0, S_0x55efe45a2190;
 .timescale -9 -12;
P_0x55efe47dcd50 .param/l "gi" 0 5 135, +C4<0111101010>;
S_0x55efe47dce10 .scope generate, "g_unflat_final[491]" "g_unflat_final[491]" 5 135, 5 135 0, S_0x55efe45a2190;
 .timescale -9 -12;
P_0x55efe47dd010 .param/l "gi" 0 5 135, +C4<0111101011>;
S_0x55efe47dd0d0 .scope generate, "g_unflat_final[492]" "g_unflat_final[492]" 5 135, 5 135 0, S_0x55efe45a2190;
 .timescale -9 -12;
P_0x55efe47dd2d0 .param/l "gi" 0 5 135, +C4<0111101100>;
S_0x55efe47dd390 .scope generate, "g_unflat_final[493]" "g_unflat_final[493]" 5 135, 5 135 0, S_0x55efe45a2190;
 .timescale -9 -12;
P_0x55efe47dd590 .param/l "gi" 0 5 135, +C4<0111101101>;
S_0x55efe47dd650 .scope generate, "g_unflat_final[494]" "g_unflat_final[494]" 5 135, 5 135 0, S_0x55efe45a2190;
 .timescale -9 -12;
P_0x55efe47dd850 .param/l "gi" 0 5 135, +C4<0111101110>;
S_0x55efe47dd910 .scope generate, "g_unflat_final[495]" "g_unflat_final[495]" 5 135, 5 135 0, S_0x55efe45a2190;
 .timescale -9 -12;
P_0x55efe47ddb10 .param/l "gi" 0 5 135, +C4<0111101111>;
S_0x55efe47ddbd0 .scope generate, "g_unflat_final[496]" "g_unflat_final[496]" 5 135, 5 135 0, S_0x55efe45a2190;
 .timescale -9 -12;
P_0x55efe47dddd0 .param/l "gi" 0 5 135, +C4<0111110000>;
S_0x55efe47dde90 .scope generate, "g_unflat_final[497]" "g_unflat_final[497]" 5 135, 5 135 0, S_0x55efe45a2190;
 .timescale -9 -12;
P_0x55efe47de090 .param/l "gi" 0 5 135, +C4<0111110001>;
S_0x55efe47de150 .scope generate, "g_unflat_final[498]" "g_unflat_final[498]" 5 135, 5 135 0, S_0x55efe45a2190;
 .timescale -9 -12;
P_0x55efe47de350 .param/l "gi" 0 5 135, +C4<0111110010>;
S_0x55efe47de410 .scope generate, "g_unflat_final[499]" "g_unflat_final[499]" 5 135, 5 135 0, S_0x55efe45a2190;
 .timescale -9 -12;
P_0x55efe47de610 .param/l "gi" 0 5 135, +C4<0111110011>;
S_0x55efe47de6d0 .scope generate, "g_unflat_final[500]" "g_unflat_final[500]" 5 135, 5 135 0, S_0x55efe45a2190;
 .timescale -9 -12;
P_0x55efe47de8d0 .param/l "gi" 0 5 135, +C4<0111110100>;
S_0x55efe47de990 .scope generate, "g_unflat_final[501]" "g_unflat_final[501]" 5 135, 5 135 0, S_0x55efe45a2190;
 .timescale -9 -12;
P_0x55efe47deb90 .param/l "gi" 0 5 135, +C4<0111110101>;
S_0x55efe47dec50 .scope generate, "g_unflat_final[502]" "g_unflat_final[502]" 5 135, 5 135 0, S_0x55efe45a2190;
 .timescale -9 -12;
P_0x55efe47dee50 .param/l "gi" 0 5 135, +C4<0111110110>;
S_0x55efe47def10 .scope generate, "g_unflat_final[503]" "g_unflat_final[503]" 5 135, 5 135 0, S_0x55efe45a2190;
 .timescale -9 -12;
P_0x55efe47df110 .param/l "gi" 0 5 135, +C4<0111110111>;
S_0x55efe47df1d0 .scope generate, "g_unflat_final[504]" "g_unflat_final[504]" 5 135, 5 135 0, S_0x55efe45a2190;
 .timescale -9 -12;
P_0x55efe47df3d0 .param/l "gi" 0 5 135, +C4<0111111000>;
S_0x55efe47df490 .scope generate, "g_unflat_final[505]" "g_unflat_final[505]" 5 135, 5 135 0, S_0x55efe45a2190;
 .timescale -9 -12;
P_0x55efe47df690 .param/l "gi" 0 5 135, +C4<0111111001>;
S_0x55efe47df750 .scope generate, "g_unflat_final[506]" "g_unflat_final[506]" 5 135, 5 135 0, S_0x55efe45a2190;
 .timescale -9 -12;
P_0x55efe47df950 .param/l "gi" 0 5 135, +C4<0111111010>;
S_0x55efe47dfa10 .scope generate, "g_unflat_final[507]" "g_unflat_final[507]" 5 135, 5 135 0, S_0x55efe45a2190;
 .timescale -9 -12;
P_0x55efe47dfc10 .param/l "gi" 0 5 135, +C4<0111111011>;
S_0x55efe47dfcd0 .scope generate, "g_unflat_final[508]" "g_unflat_final[508]" 5 135, 5 135 0, S_0x55efe45a2190;
 .timescale -9 -12;
P_0x55efe47dfed0 .param/l "gi" 0 5 135, +C4<0111111100>;
S_0x55efe47dff90 .scope generate, "g_unflat_final[509]" "g_unflat_final[509]" 5 135, 5 135 0, S_0x55efe45a2190;
 .timescale -9 -12;
P_0x55efe47e0190 .param/l "gi" 0 5 135, +C4<0111111101>;
S_0x55efe47e0250 .scope generate, "g_unflat_final[510]" "g_unflat_final[510]" 5 135, 5 135 0, S_0x55efe45a2190;
 .timescale -9 -12;
P_0x55efe47e0450 .param/l "gi" 0 5 135, +C4<0111111110>;
S_0x55efe47e0510 .scope generate, "g_unflat_final[511]" "g_unflat_final[511]" 5 135, 5 135 0, S_0x55efe45a2190;
 .timescale -9 -12;
P_0x55efe47b3f10 .param/l "gi" 0 5 135, +C4<0111111111>;
S_0x55efe45c1610 .scope module, "tb_sa_done_generator" "tb_sa_done_generator" 6 3;
 .timescale -9 -12;
P_0x55efe45a7b30 .param/l "LATENCY_WIDTH" 1 6 5, +C4<00000000000000000000000000001000>;
v0x55efe47ed5a0_0 .var "clk", 0 0;
v0x55efe47ed660_0 .var/2s "cycle_count", 31 0;
v0x55efe47ed720_0 .net "done", 0 0, v0x55efe47ed190_0;  1 drivers
v0x55efe47ed7c0_0 .var/2s "error_count", 31 0;
v0x55efe47ed860_0 .var "latency_cfg", 7 0;
v0x55efe47ed970_0 .var "rst_n", 0 0;
v0x55efe47eda10_0 .var "start", 0 0;
E_0x55efe47ecb00 .event posedge, v0x55efe47ed010_0;
E_0x55efe47ecb80 .event negedge, v0x55efe47ed010_0;
S_0x55efe47ecbe0 .scope module, "dut" "sa_done_generator" 6 17, 7 7 0, S_0x55efe45c1610;
 .timescale -9 -12;
    .port_info 0 /INPUT 1 "clk";
    .port_info 1 /INPUT 1 "rst_n";
    .port_info 2 /INPUT 1 "start";
    .port_info 3 /INPUT 8 "latency_cfg";
    .port_info 4 /OUTPUT 1 "done";
P_0x55efe47ecd90 .param/l "LATENCY_WIDTH" 0 7 8, +C4<00000000000000000000000000001000>;
v0x55efe47ecf30_0 .var "active", 0 0;
v0x55efe47ed010_0 .net "clk", 0 0, v0x55efe47ed5a0_0;  1 drivers
v0x55efe47ed0d0_0 .var "counter", 7 0;
v0x55efe47ed190_0 .var "done", 0 0;
v0x55efe47ed250_0 .net "latency_cfg", 7 0, v0x55efe47ed860_0;  1 drivers
v0x55efe47ed380_0 .net "rst_n", 0 0, v0x55efe47ed970_0;  1 drivers
v0x55efe47ed440_0 .net "start", 0 0, v0x55efe47eda10_0;  1 drivers
E_0x55efe47eceb0/0 .event negedge, v0x55efe47ed380_0;
E_0x55efe47eceb0/1 .event posedge, v0x55efe47ed010_0;
E_0x55efe47eceb0 .event/or E_0x55efe47eceb0/0, E_0x55efe47eceb0/1;
S_0x55efe45c17a0 .scope module, "weight_pingpong" "weight_pingpong" 8 11;
 .timescale -9 -12;
    .port_info 0 /INPUT 1 "clk";
    .port_info 1 /INPUT 1 "rst_n";
    .port_info 2 /INPUT 1 "buf_sel";
    .port_info 3 /INPUT 1 "load_en";
    .port_info 4 /INPUT 16 "load_data";
    .port_info 5 /OUTPUT 12 "dma_addr";
    .port_info 6 /INPUT 12 "read_addr";
    .port_info 7 /OUTPUT 16 "weight_out";
    .port_info 8 /OUTPUT 1 "load_done";
P_0x55efe45c1930 .param/l "AW" 1 8 34, +C4<00000000000000000000000000001100>;
P_0x55efe45c1970 .param/l "DATA_WIDTH" 0 8 12, +C4<00000000000000000000000000010000>;
P_0x55efe45c19b0 .param/l "WEIGHT_DEPTH" 0 8 13, +C4<00000000000000000001000000000000>;
L_0x55efe4769ba0 .functor BUFZ 12, v0x55efe47ee6c0_0, C4<000000000000>, C4<000000000000>, C4<000000000000>;
L_0x55efe476a0f0 .functor BUFZ 1, v0x55efe47ee940_0, C4<0>, C4<0>, C4<0>;
v0x55efe47ede00_0 .net *"_ivl_10", 15 0, L_0x55efe480fc70;  1 drivers
v0x55efe47edf00_0 .net *"_ivl_12", 13 0, L_0x55efe480fd40;  1 drivers
L_0x7f616e0370a8 .functor BUFT 1, C4<00>, C4<0>, C4<0>, C4<0>;
v0x55efe47edfe0_0 .net *"_ivl_15", 1 0, L_0x7f616e0370a8;  1 drivers
v0x55efe47ee0d0_0 .net *"_ivl_4", 15 0, L_0x55efe480fa00;  1 drivers
v0x55efe47ee1b0_0 .net *"_ivl_6", 13 0, L_0x55efe480fb00;  1 drivers
L_0x7f616e037060 .functor BUFT 1, C4<00>, C4<0>, C4<0>, C4<0>;
v0x55efe47ee2e0_0 .net *"_ivl_9", 1 0, L_0x7f616e037060;  1 drivers
v0x55efe47ee3c0 .array "buf_a", 4095 0, 15 0;
v0x55efe47ee480 .array "buf_b", 4095 0, 15 0;
o0x7f616e0a4f78 .functor BUFZ 1, C4<z>; HiZ drive
v0x55efe47ee540_0 .net "buf_sel", 0 0, o0x7f616e0a4f78;  0 drivers
o0x7f616e0a4fa8 .functor BUFZ 1, C4<z>; HiZ drive
v0x55efe47ee600_0 .net "clk", 0 0, o0x7f616e0a4fa8;  0 drivers
v0x55efe47ee6c0_0 .var "cnt", 11 0;
v0x55efe47ee7a0_0 .var "counting", 0 0;
v0x55efe47ee860_0 .net "dma_addr", 11 0, L_0x55efe4769ba0;  1 drivers
v0x55efe47ee940_0 .var "done_r", 0 0;
o0x7f616e0a5098 .functor BUFZ 16, C4<zzzzzzzzzzzzzzzz>; HiZ drive
v0x55efe47eea00_0 .net "load_data", 15 0, o0x7f616e0a5098;  0 drivers
v0x55efe47eeae0_0 .net "load_done", 0 0, L_0x55efe476a0f0;  1 drivers
o0x7f616e0a50f8 .functor BUFZ 1, C4<z>; HiZ drive
v0x55efe47eeba0_0 .net "load_en", 0 0, o0x7f616e0a50f8;  0 drivers
o0x7f616e0a5128 .functor BUFZ 12, C4<zzzzzzzzzzzz>; HiZ drive
v0x55efe47eec60_0 .net "read_addr", 11 0, o0x7f616e0a5128;  0 drivers
o0x7f616e0a5158 .functor BUFZ 1, C4<z>; HiZ drive
v0x55efe47eed40_0 .net "rst_n", 0 0, o0x7f616e0a5158;  0 drivers
v0x55efe47eee00_0 .net "weight_out", 15 0, L_0x55efe480ff00;  1 drivers
E_0x55efe47edae0/0 .event negedge, v0x55efe47eed40_0;
E_0x55efe47edae0/1 .event posedge, v0x55efe47ee600_0;
E_0x55efe47edae0 .event/or E_0x55efe47edae0/0, E_0x55efe47edae0/1;
L_0x55efe480fa00 .array/port v0x55efe47ee480, L_0x55efe480fb00;
L_0x55efe480fb00 .concat [ 12 2 0 0], o0x7f616e0a5128, L_0x7f616e037060;
L_0x55efe480fc70 .array/port v0x55efe47ee3c0, L_0x55efe480fd40;
L_0x55efe480fd40 .concat [ 12 2 0 0], o0x7f616e0a5128, L_0x7f616e0370a8;
L_0x55efe480ff00 .functor MUXZ 16, L_0x55efe480fc70, L_0x55efe480fa00, o0x7f616e0a4f78, C4<>;
S_0x55efe47edb40 .scope begin, "$ivl_for_loop5" "$ivl_for_loop5" 8 41, 8 41 0, S_0x55efe45c17a0;
 .timescale -9 -12;
v0x55efe47edd20_0 .var/2s "i", 31 0;
    .scope S_0x55efe45b1880;
T_0 ;
Ewait_0 .event/or E_0x55efe478a2b0, E_0x0;
    %wait Ewait_0;
    %load/vec4 v0x55efe4713190_0;
    %flag_set/vec4 8;
    %jmp/0xz  T_0.0, 8;
    %fork t_1, S_0x55efe45a7080;
    %jmp t_0;
    .scope S_0x55efe45a7080;
t_1 ;
    %pushi/vec4 0, 0, 32;
    %store/vec4 v0x55efe4769d00_0, 0, 32;
T_0.2 ;
    %load/vec4 v0x55efe4769d00_0;
    %cmpi/s 512, 0, 32;
    %jmp/0xz T_0.3, 5;
    %ix/getv/s 4, v0x55efe4769d00_0;
    %load/vec4a v0x55efe475b150, 4;
    %ix/getv/s 4, v0x55efe4769d00_0;
    %store/vec4a v0x55efe4713250, 4, 0;
    ; show_stmt_assign_vector: Get l-value for compressed += operand
    %load/vec4 v0x55efe4769d00_0;
    %pushi/vec4 1, 0, 32;
    %add;
    %cast2;
    %store/vec4 v0x55efe4769d00_0, 0, 32;
    %jmp T_0.2;
T_0.3 ;
    %end;
    .scope S_0x55efe45b1880;
t_0 %join;
    %load/vec4 v0x55efe475b1f0_0;
    %store/vec4 v0x55efe4713710_0, 0, 1;
    %jmp T_0.1;
T_0.0 ;
    %fork t_3, S_0x55efe45a7260;
    %jmp t_2;
    .scope S_0x55efe45a7260;
t_3 ;
    %pushi/vec4 0, 0, 32;
    %store/vec4 v0x55efe476a2d0_0, 0, 32;
T_0.4 ;
    %load/vec4 v0x55efe476a2d0_0;
    %cmpi/s 512, 0, 32;
    %jmp/0xz T_0.5, 5;
    %ix/getv/s 4, v0x55efe476a2d0_0;
    %load/vec4a v0x55efe4762940, 4;
    %ix/getv/s 4, v0x55efe476a2d0_0;
    %store/vec4a v0x55efe4713250, 4, 0;
    ; show_stmt_assign_vector: Get l-value for compressed += operand
    %load/vec4 v0x55efe476a2d0_0;
    %pushi/vec4 1, 0, 32;
    %add;
    %cast2;
    %store/vec4 v0x55efe476a2d0_0, 0, 32;
    %jmp T_0.4;
T_0.5 ;
    %end;
    .scope S_0x55efe45b1880;
t_2 %join;
    %load/vec4 v0x55efe47629e0_0;
    %store/vec4 v0x55efe4713710_0, 0, 1;
T_0.1 ;
    %jmp T_0;
    .thread T_0, $push;
    .scope S_0x55efe45b1880;
T_1 ;
Ewait_1 .event/or E_0x55efe457efe0, E_0x0;
    %wait Ewait_1;
    %fork t_5, S_0x55efe459a920;
    %jmp t_4;
    .scope S_0x55efe459a920;
t_5 ;
    %pushi/vec4 0, 0, 32;
    %store/vec4 v0x55efe476bc70_0, 0, 32;
T_1.0 ;
    %load/vec4 v0x55efe476bc70_0;
    %cmpi/s 512, 0, 32;
    %jmp/0xz T_1.1, 5;
    %ix/getv/s 4, v0x55efe476bc70_0;
    %load/vec4a v0x55efe4713250, 4;
    %ix/getv/s 4, v0x55efe476bc70_0;
    %store/vec4a v0x55efe4713c90, 4, 0;
    ; show_stmt_assign_vector: Get l-value for compressed += operand
    %load/vec4 v0x55efe476bc70_0;
    %pushi/vec4 1, 0, 32;
    %add;
    %cast2;
    %store/vec4 v0x55efe476bc70_0, 0, 32;
    %jmp T_1.0;
T_1.1 ;
    %end;
    .scope S_0x55efe45b1880;
t_4 %join;
    %jmp T_1;
    .thread T_1, $push;
    .scope S_0x55efe45b1ab0;
T_2 ;
    %wait E_0x55efe4703910;
    %fork t_7, S_0x55efe459ab80;
    %jmp t_6;
    .scope S_0x55efe459ab80;
t_7 ;
    %pushi/vec4 0, 0, 32;
    %store/vec4 v0x55efe4703950_0, 0, 32;
T_2.0 ;
    %load/vec4 v0x55efe4703950_0;
    %cmpi/s 512, 0, 32;
    %jmp/0xz T_2.1, 5;
    %ix/getv/s 4, v0x55efe4703950_0;
    %load/vec4a v0x55efe4702900, 4;
    %load/vec4 v0x55efe4703950_0;
    %muli 16, 0, 32;
    %ix/vec4/s 4;
    %store/vec4 v0x55efe46f35d0_0, 4, 16;
    ; show_stmt_assign_vector: Get l-value for compressed += operand
    %load/vec4 v0x55efe4703950_0;
    %pushi/vec4 1, 0, 32;
    %add;
    %cast2;
    %store/vec4 v0x55efe4703950_0, 0, 32;
    %jmp T_2.0;
T_2.1 ;
    %end;
    .scope S_0x55efe45b1ab0;
t_6 %join;
    %jmp T_2;
    .thread T_2, $push;
    .scope S_0x55efe45b1ab0;
T_3 ;
    %wait E_0x55efe478a330;
    %load/vec4 v0x55efe46f2b90_0;
    %nor/r;
    %flag_set/vec4 8;
    %jmp/0xz  T_3.0, 8;
    %pushi/vec4 0, 0, 1;
    %assign/vec4 v0x55efe46f2660_0, 0;
    %pushi/vec4 0, 0, 8192;
    %assign/vec4 v0x55efe46f3000_0, 0;
    %jmp T_3.1;
T_3.0 ;
    %load/vec4 v0x55efe46f2ad0_0;
    %flag_set/vec4 8;
    %jmp/0xz  T_3.2, 8;
    %load/vec4 v0x55efe46f25a0_0;
    %assign/vec4 v0x55efe46f2660_0, 0;
    %load/vec4 v0x55efe46f35d0_0;
    %assign/vec4 v0x55efe46f3000_0, 0;
T_3.2 ;
T_3.1 ;
    %jmp T_3;
    .thread T_3;
    .scope S_0x55efe45b1ab0;
T_4 ;
    %wait E_0x55efe45965d0;
    %fork t_9, S_0x55efe4791800;
    %jmp t_8;
    .scope S_0x55efe4791800;
t_9 ;
    %pushi/vec4 0, 0, 32;
    %store/vec4 v0x55efe47033d0_0, 0, 32;
T_4.0 ;
    %load/vec4 v0x55efe47033d0_0;
    %cmpi/s 512, 0, 32;
    %jmp/0xz T_4.1, 5;
    %load/vec4 v0x55efe46f3000_0;
    %load/vec4 v0x55efe47033d0_0;
    %muli 16, 0, 32;
    %part/s 16;
    %ix/getv/s 4, v0x55efe47033d0_0;
    %store/vec4a v0x55efe46f3530, 4, 0;
    ; show_stmt_assign_vector: Get l-value for compressed += operand
    %load/vec4 v0x55efe47033d0_0;
    %pushi/vec4 1, 0, 32;
    %add;
    %cast2;
    %store/vec4 v0x55efe47033d0_0, 0, 32;
    %jmp T_4.0;
T_4.1 ;
    %end;
    .scope S_0x55efe45b1ab0;
t_8 %join;
    %jmp T_4;
    .thread T_4, $push;
    .scope S_0x55efe45a2190;
T_5 ;
Ewait_2 .event/or E_0x55efe46f1bb0, E_0x0;
    %wait Ewait_2;
    %fork t_11, S_0x55efe47939b0;
    %jmp t_10;
    .scope S_0x55efe47939b0;
t_11 ;
    %pushi/vec4 0, 0, 32;
    %store/vec4 v0x55efe46f1bf0_0, 0, 32;
T_5.0 ;
    %load/vec4 v0x55efe46f1bf0_0;
    %cmpi/s 512, 0, 32;
    %jmp/0xz T_5.1, 5;
    %ix/getv/s 4, v0x55efe46f1bf0_0;
    %load/vec4a v0x55efe47b45e0, 4;
    %load/vec4 v0x55efe46f1bf0_0;
    %muli 16, 0, 32;
    %ix/vec4/s 4;
    %store/vec4 v0x55efe47e6eb0_0, 4, 16;
    ; show_stmt_assign_vector: Get l-value for compressed += operand
    %load/vec4 v0x55efe46f1bf0_0;
    %pushi/vec4 1, 0, 32;
    %add;
    %cast2;
    %store/vec4 v0x55efe46f1bf0_0, 0, 32;
    %jmp T_5.0;
T_5.1 ;
    %end;
    .scope S_0x55efe45a2190;
t_10 %join;
    %jmp T_5;
    .thread T_5, $push;
    .scope S_0x55efe45a2190;
T_6 ;
Ewait_3 .event/or E_0x55efe46f1b40, E_0x0;
    %wait Ewait_3;
    %load/vec4 v0x55efe47ec840_0;
    %flag_set/vec4 8;
    %jmp/0 T_6.0, 8;
    %load/vec4 v0x55efe47e6eb0_0;
    %jmp/1 T_6.1, 8;
T_6.0 ; End of true expr.
    %load/vec4 v0x55efe47ec440_0;
    %jmp/0 T_6.1, 8;
 ; End of false expr.
    %blend;
T_6.1;
    %store/vec4 v0x55efe47ec5e0_0, 0, 8192;
    %load/vec4 v0x55efe47ec840_0;
    %flag_set/vec4 8;
    %jmp/0 T_6.2, 8;
    %load/vec4 v0x55efe47e6f90_0;
    %jmp/1 T_6.3, 8;
T_6.2 ; End of true expr.
    %load/vec4 v0x55efe47ec520_0;
    %jmp/0 T_6.3, 8;
 ; End of false expr.
    %blend;
T_6.3;
    %store/vec4 v0x55efe47ec6c0_0, 0, 1;
    %jmp T_6;
    .thread T_6, $push;
    .scope S_0x55efe45a2190;
T_7 ;
    %wait E_0x55efe4595fc0;
    %load/vec4 v0x55efe47ec780_0;
    %nor/r;
    %flag_set/vec4 8;
    %jmp/0xz  T_7.0, 8;
    %pushi/vec4 0, 0, 1;
    %assign/vec4 v0x55efe47b4270_0, 0;
    %pushi/vec4 0, 0, 8192;
    %assign/vec4 v0x55efe47b41b0_0, 0;
    %jmp T_7.1;
T_7.0 ;
    %pushi/vec4 0, 0, 1;
    %assign/vec4 v0x55efe47b4270_0, 0;
    %load/vec4 v0x55efe47ec900_0;
    %load/vec4 v0x55efe47ec6c0_0;
    %and;
    %flag_set/vec4 8;
    %jmp/0xz  T_7.2, 8;
    %pushi/vec4 1, 0, 1;
    %assign/vec4 v0x55efe47b4270_0, 0;
    %load/vec4 v0x55efe47ec5e0_0;
    %assign/vec4 v0x55efe47b41b0_0, 0;
T_7.2 ;
T_7.1 ;
    %jmp T_7;
    .thread T_7;
    .scope S_0x55efe45a2190;
T_8 ;
    %wait E_0x55efe4595fc0;
    %load/vec4 v0x55efe47ec780_0;
    %nor/r;
    %flag_set/vec4 8;
    %jmp/0xz  T_8.0, 8;
    %pushi/vec4 0, 0, 2;
    %assign/vec4 v0x55efe47b4500_0, 0;
    %pushi/vec4 0, 0, 1;
    %assign/vec4 v0x55efe47ec380_0, 0;
    %pushi/vec4 0, 0, 8192;
    %assign/vec4 v0x55efe47ec2a0_0, 0;
    %jmp T_8.1;
T_8.0 ;
    %pushi/vec4 0, 0, 1;
    %assign/vec4 v0x55efe47ec380_0, 0;
    %load/vec4 v0x55efe47b4270_0;
    %flag_set/vec4 8;
    %jmp/0xz  T_8.2, 8;
    %pushi/vec4 2, 0, 2;
    %assign/vec4 v0x55efe47b4500_0, 0;
    %jmp T_8.3;
T_8.2 ;
    %load/vec4 v0x55efe47b4500_0;
    %cmpi/ne 0, 0, 2;
    %jmp/0xz  T_8.4, 4;
    %load/vec4 v0x55efe47b4500_0;
    %subi 1, 0, 2;
    %assign/vec4 v0x55efe47b4500_0, 0;
    %load/vec4 v0x55efe47b4500_0;
    %cmpi/e 2, 0, 2;
    %jmp/0xz  T_8.6, 4;
    %load/vec4 v0x55efe47b41b0_0;
    %assign/vec4 v0x55efe47ec2a0_0, 0;
    %pushi/vec4 1, 0, 1;
    %assign/vec4 v0x55efe47ec380_0, 0;
    %jmp T_8.7;
T_8.6 ;
    %load/vec4 v0x55efe47b4500_0;
    %cmpi/e 1, 0, 2;
    %jmp/0xz  T_8.8, 4;
    %pushi/vec4 1, 0, 1;
    %assign/vec4 v0x55efe47ec380_0, 0;
T_8.8 ;
T_8.7 ;
T_8.4 ;
T_8.3 ;
T_8.1 ;
    %jmp T_8;
    .thread T_8;
    .scope S_0x55efe45a2190;
T_9 ;
    %wait E_0x55efe4595fc0;
    %load/vec4 v0x55efe47ec780_0;
    %nor/r;
    %flag_set/vec4 8;
    %jmp/0xz  T_9.0, 8;
    %pushi/vec4 0, 0, 1;
    %assign/vec4 v0x55efe47ec520_0, 0;
    %pushi/vec4 0, 0, 8192;
    %assign/vec4 v0x55efe47ec440_0, 0;
    %jmp T_9.1;
T_9.0 ;
    %load/vec4 v0x55efe47b4330_0;
    %load/vec4 v0x55efe47ec380_0;
    %and;
    %flag_set/vec4 8;
    %jmp/0xz  T_9.2, 8;
    %pushi/vec4 1, 0, 1;
    %assign/vec4 v0x55efe47ec520_0, 0;
    %load/vec4 v0x55efe47ec2a0_0;
    %assign/vec4 v0x55efe47ec440_0, 0;
T_9.2 ;
T_9.1 ;
    %jmp T_9;
    .thread T_9;
    .scope S_0x55efe47ecbe0;
T_10 ;
    %wait E_0x55efe47eceb0;
    %load/vec4 v0x55efe47ed380_0;
    %nor/r;
    %flag_set/vec4 8;
    %jmp/0xz  T_10.0, 8;
    %pushi/vec4 0, 0, 8;
    %assign/vec4 v0x55efe47ed0d0_0, 0;
    %pushi/vec4 0, 0, 1;
    %assign/vec4 v0x55efe47ecf30_0, 0;
    %pushi/vec4 0, 0, 1;
    %assign/vec4 v0x55efe47ed190_0, 0;
    %jmp T_10.1;
T_10.0 ;
    %pushi/vec4 0, 0, 1;
    %assign/vec4 v0x55efe47ed190_0, 0;
    %load/vec4 v0x55efe47ed440_0;
    %flag_set/vec4 8;
    %jmp/0xz  T_10.2, 8;
    %load/vec4 v0x55efe47ed250_0;
    %subi 1, 0, 8;
    %assign/vec4 v0x55efe47ed0d0_0, 0;
    %pushi/vec4 1, 0, 1;
    %assign/vec4 v0x55efe47ecf30_0, 0;
    %jmp T_10.3;
T_10.2 ;
    %load/vec4 v0x55efe47ecf30_0;
    %flag_set/vec4 8;
    %jmp/0xz  T_10.4, 8;
    %load/vec4 v0x55efe47ed0d0_0;
    %cmpi/e 0, 0, 8;
    %jmp/0xz  T_10.6, 4;
    %pushi/vec4 1, 0, 1;
    %assign/vec4 v0x55efe47ed190_0, 0;
    %pushi/vec4 0, 0, 1;
    %assign/vec4 v0x55efe47ecf30_0, 0;
    %jmp T_10.7;
T_10.6 ;
    %load/vec4 v0x55efe47ed0d0_0;
    %subi 1, 0, 8;
    %assign/vec4 v0x55efe47ed0d0_0, 0;
T_10.7 ;
T_10.4 ;
T_10.3 ;
T_10.1 ;
    %jmp T_10;
    .thread T_10;
    .scope S_0x55efe45c1610;
T_11 ;
    %pushi/vec4 0, 0, 1;
    %store/vec4 v0x55efe47ed5a0_0, 0, 1;
    %pushi/vec4 0, 0, 32;
    %store/vec4 v0x55efe47ed7c0_0, 0, 32;
    %end;
    .thread T_11, $init;
    .scope S_0x55efe45c1610;
T_12 ;
    %delay 5000, 0;
    %load/vec4 v0x55efe47ed5a0_0;
    %inv;
    %store/vec4 v0x55efe47ed5a0_0, 0, 1;
    %jmp T_12;
    .thread T_12;
    .scope S_0x55efe45c1610;
T_13 ;
    %delay 1000, 0;
    %pushi/vec4 0, 0, 1;
    %store/vec4 v0x55efe47ed970_0, 0, 1;
    %pushi/vec4 0, 0, 1;
    %store/vec4 v0x55efe47eda10_0, 0, 1;
    %pushi/vec4 5, 0, 8;
    %store/vec4 v0x55efe47ed860_0, 0, 8;
    %delay 11000, 0;
    %pushi/vec4 1, 0, 1;
    %store/vec4 v0x55efe47ed970_0, 0, 1;
    %wait E_0x55efe47ecb80;
    %pushi/vec4 1, 0, 1;
    %store/vec4 v0x55efe47eda10_0, 0, 1;
    %wait E_0x55efe47ecb80;
    %pushi/vec4 0, 0, 1;
    %store/vec4 v0x55efe47eda10_0, 0, 1;
    %pushi/vec4 0, 0, 32;
    %store/vec4 v0x55efe47ed660_0, 0, 32;
T_13.0 ;
    %load/vec4 v0x55efe47ed720_0;
    %nor/r;
    %load/vec4 v0x55efe47ed660_0;
    %cmpi/s 20, 0, 32;
    %flag_get/vec4 5;
    %and;
    %flag_set/vec4 8;
    %jmp/0xz T_13.1, 8;
    %wait E_0x55efe47ecb00;
    %delay 1000, 0;
    ; show_stmt_assign_vector: Get l-value for compressed += operand
    %load/vec4 v0x55efe47ed660_0;
    %pushi/vec4 1, 0, 32;
    %add;
    %cast2;
    %store/vec4 v0x55efe47ed660_0, 0, 32;
    %jmp T_13.0;
T_13.1 ;
    %load/vec4 v0x55efe47ed720_0;
    %nor/r;
    %flag_set/vec4 8;
    %jmp/0xz  T_13.2, 8;
    %vpi_call/w 6 42 "$error", "done was not issued within 20 cycles" {0 0 0};
    ; show_stmt_assign_vector: Get l-value for compressed += operand
    %load/vec4 v0x55efe47ed7c0_0;
    %pushi/vec4 1, 0, 32;
    %add;
    %cast2;
    %store/vec4 v0x55efe47ed7c0_0, 0, 32;
    %jmp T_13.3;
T_13.2 ;
    %load/vec4 v0x55efe47ed660_0;
    %cmpi/ne 5, 0, 32;
    %jmp/0xz  T_13.4, 4;
    %vpi_call/w 6 45 "$error", "cycle count = %0d, expected 5", v0x55efe47ed660_0 {0 0 0};
    ; show_stmt_assign_vector: Get l-value for compressed += operand
    %load/vec4 v0x55efe47ed7c0_0;
    %pushi/vec4 1, 0, 32;
    %add;
    %cast2;
    %store/vec4 v0x55efe47ed7c0_0, 0, 32;
    %jmp T_13.5;
T_13.4 ;
    %vpi_call/w 6 48 "$display", "OK: done issued after %0d cycles (expected 5)", v0x55efe47ed660_0 {0 0 0};
T_13.5 ;
T_13.3 ;
    %wait E_0x55efe47ecb80;
    %pushi/vec4 3, 0, 8;
    %store/vec4 v0x55efe47ed860_0, 0, 8;
    %pushi/vec4 1, 0, 1;
    %store/vec4 v0x55efe47eda10_0, 0, 1;
    %wait E_0x55efe47ecb80;
    %pushi/vec4 0, 0, 1;
    %store/vec4 v0x55efe47eda10_0, 0, 1;
    %pushi/vec4 0, 0, 32;
    %store/vec4 v0x55efe47ed660_0, 0, 32;
T_13.6 ;
    %load/vec4 v0x55efe47ed720_0;
    %nor/r;
    %load/vec4 v0x55efe47ed660_0;
    %cmpi/s 10, 0, 32;
    %flag_get/vec4 5;
    %and;
    %flag_set/vec4 8;
    %jmp/0xz T_13.7, 8;
    %wait E_0x55efe47ecb00;
    %delay 1000, 0;
    ; show_stmt_assign_vector: Get l-value for compressed += operand
    %load/vec4 v0x55efe47ed660_0;
    %pushi/vec4 1, 0, 32;
    %add;
    %cast2;
    %store/vec4 v0x55efe47ed660_0, 0, 32;
    %jmp T_13.6;
T_13.7 ;
    %load/vec4 v0x55efe47ed660_0;
    %cmpi/ne 3, 0, 32;
    %jmp/0xz  T_13.8, 4;
    %vpi_call/w 6 63 "$error", "test2: cycle count = %0d, expected 3", v0x55efe47ed660_0 {0 0 0};
    ; show_stmt_assign_vector: Get l-value for compressed += operand
    %load/vec4 v0x55efe47ed7c0_0;
    %pushi/vec4 1, 0, 32;
    %add;
    %cast2;
    %store/vec4 v0x55efe47ed7c0_0, 0, 32;
T_13.8 ;
    %load/vec4 v0x55efe47ed7c0_0;
    %cmpi/e 0, 0, 32;
    %jmp/0xz  T_13.10, 4;
    %vpi_call/w 6 68 "$display", "PASS: tb_sa_done_generator - all tests passed" {0 0 0};
    %jmp T_13.11;
T_13.10 ;
    %vpi_call/w 6 70 "$error", "FAIL: tb_sa_done_generator - %0d errors", v0x55efe47ed7c0_0 {0 0 0};
T_13.11 ;
    %vpi_call/w 6 72 "$finish" {0 0 0};
    %end;
    .thread T_13;
    .scope S_0x55efe45c17a0;
T_14 ;
    %fork t_13, S_0x55efe47edb40;
    %jmp t_12;
    .scope S_0x55efe47edb40;
t_13 ;
    %pushi/vec4 0, 0, 32;
    %store/vec4 v0x55efe47edd20_0, 0, 32;
T_14.0 ;
    %load/vec4 v0x55efe47edd20_0;
    %cmpi/s 4096, 0, 32;
    %jmp/0xz T_14.1, 5;
    %pushi/vec4 0, 0, 16;
    %ix/getv/s 4, v0x55efe47edd20_0;
    %store/vec4a v0x55efe47ee3c0, 4, 0;
    %pushi/vec4 0, 0, 16;
    %ix/getv/s 4, v0x55efe47edd20_0;
    %store/vec4a v0x55efe47ee480, 4, 0;
    ; show_stmt_assign_vector: Get l-value for compressed += operand
    %load/vec4 v0x55efe47edd20_0;
    %pushi/vec4 1, 0, 32;
    %add;
    %cast2;
    %store/vec4 v0x55efe47edd20_0, 0, 32;
    %jmp T_14.0;
T_14.1 ;
    %end;
    .scope S_0x55efe45c17a0;
t_12 %join;
    %end;
    .thread T_14;
    .scope S_0x55efe45c17a0;
T_15 ;
    %wait E_0x55efe47edae0;
    %load/vec4 v0x55efe47eed40_0;
    %nor/r;
    %flag_set/vec4 8;
    %jmp/0xz  T_15.0, 8;
    %pushi/vec4 0, 0, 12;
    %assign/vec4 v0x55efe47ee6c0_0, 0;
    %pushi/vec4 0, 0, 1;
    %assign/vec4 v0x55efe47ee7a0_0, 0;
    %pushi/vec4 0, 0, 1;
    %assign/vec4 v0x55efe47ee940_0, 0;
    %jmp T_15.1;
T_15.0 ;
    %pushi/vec4 0, 0, 1;
    %assign/vec4 v0x55efe47ee940_0, 0;
    %load/vec4 v0x55efe47eeba0_0;
    %flag_set/vec4 8;
    %jmp/0xz  T_15.2, 8;
    %load/vec4 v0x55efe47ee540_0;
    %flag_set/vec4 8;
    %jmp/0xz  T_15.4, 8;
    %load/vec4 v0x55efe47eea00_0;
    %load/vec4 v0x55efe47ee6c0_0;
    %pad/u 14;
    %ix/vec4 3;
    %ix/load 4, 0, 0; Constant delay
    %assign/vec4/a/d v0x55efe47ee3c0, 0, 4;
    %jmp T_15.5;
T_15.4 ;
    %load/vec4 v0x55efe47eea00_0;
    %load/vec4 v0x55efe47ee6c0_0;
    %pad/u 14;
    %ix/vec4 3;
    %ix/load 4, 0, 0; Constant delay
    %assign/vec4/a/d v0x55efe47ee480, 0, 4;
T_15.5 ;
T_15.2 ;
    %load/vec4 v0x55efe47eeba0_0;
    %load/vec4 v0x55efe47ee7a0_0;
    %nor/r;
    %and;
    %flag_set/vec4 8;
    %jmp/0xz  T_15.6, 8;
    %pushi/vec4 1, 0, 1;
    %assign/vec4 v0x55efe47ee7a0_0, 0;
    %jmp T_15.7;
T_15.6 ;
    %load/vec4 v0x55efe47ee7a0_0;
    %flag_set/vec4 8;
    %jmp/0xz  T_15.8, 8;
    %load/vec4 v0x55efe47ee6c0_0;
    %cmpi/e 4095, 0, 12;
    %jmp/0xz  T_15.10, 4;
    %pushi/vec4 0, 0, 12;
    %assign/vec4 v0x55efe47ee6c0_0, 0;
    %pushi/vec4 0, 0, 1;
    %assign/vec4 v0x55efe47ee7a0_0, 0;
    %pushi/vec4 1, 0, 1;
    %assign/vec4 v0x55efe47ee940_0, 0;
    %jmp T_15.11;
T_15.10 ;
    %load/vec4 v0x55efe47ee6c0_0;
    %addi 1, 0, 12;
    %assign/vec4 v0x55efe47ee6c0_0, 0;
T_15.11 ;
T_15.8 ;
T_15.7 ;
T_15.1 ;
    %jmp T_15;
    .thread T_15;
# The file index is used to find the file name in the following table.
:file_names 9;
    "N/A";
    "<interactive>";
    "-";
    "rtl/recurrent/layer_loopback_mux.sv";
    "rtl/recurrent/loopback_register.sv";
    "rtl/top/recurrent_datapath.sv";
    "tb/tb_sa_done_generator.sv";
    "rtl/recurrent/sa_done_generator.sv";
    "rtl/recurrent/weight_pingpong.sv";
