#! /usr/bin/vvp
:ivl_version "11.0 (stable)";
:ivl_delay_selection "TYPICAL";
:vpi_time_precision - 12;
:vpi_module "/usr/lib/x86_64-linux-gnu/ivl/system.vpi";
:vpi_module "/usr/lib/x86_64-linux-gnu/ivl/vhdl_sys.vpi";
:vpi_module "/usr/lib/x86_64-linux-gnu/ivl/vhdl_textio.vpi";
:vpi_module "/usr/lib/x86_64-linux-gnu/ivl/v2005_math.vpi";
:vpi_module "/usr/lib/x86_64-linux-gnu/ivl/va_math.vpi";
:vpi_module "/usr/lib/x86_64-linux-gnu/ivl/v2009.vpi";
S_0x55db6694eb50 .scope package, "$unit" "$unit" 2 1;
 .timescale 0 0;
S_0x55db6676e880 .scope module, "layer_loopback_mux" "layer_loopback_mux" 3 10;
 .timescale -9 -12;
    .port_info 0 /INPUT 1 "sel_external";
    .port_info 1 /INPUT 8192 "ext_data";
    .port_info 2 /INPUT 1 "ext_valid";
    .port_info 3 /INPUT 8192 "loop_data";
    .port_info 4 /INPUT 1 "loop_valid";
    .port_info 5 /OUTPUT 8192 "mux_data";
    .port_info 6 /OUTPUT 1 "mux_valid";
P_0x55db66931b90 .param/l "DATA_WIDTH" 0 3 11, +C4<00000000000000000000000000010000>;
P_0x55db66931bd0 .param/l "VECTOR_LEN" 0 3 12, +C4<00000000000000000000001000000000>;
o0x7f55a6d9e0a8 .functor BUFZ 16, C4<zzzzzzzzzzzzzzzz>; HiZ drive
v0x55db6691e1c0 .array "ext_data", 511 0;
v0x55db6691e1c0_0 .net v0x55db6691e1c0 0, 15 0, o0x7f55a6d9e0a8; 0 drivers
o0x7f55a6d9e0d8 .functor BUFZ 16, C4<zzzzzzzzzzzzzzzz>; HiZ drive
v0x55db6691e1c0_1 .net v0x55db6691e1c0 1, 15 0, o0x7f55a6d9e0d8; 0 drivers
o0x7f55a6d9e108 .functor BUFZ 16, C4<zzzzzzzzzzzzzzzz>; HiZ drive
v0x55db6691e1c0_2 .net v0x55db6691e1c0 2, 15 0, o0x7f55a6d9e108; 0 drivers
o0x7f55a6d9e138 .functor BUFZ 16, C4<zzzzzzzzzzzzzzzz>; HiZ drive
v0x55db6691e1c0_3 .net v0x55db6691e1c0 3, 15 0, o0x7f55a6d9e138; 0 drivers
o0x7f55a6d9e168 .functor BUFZ 16, C4<zzzzzzzzzzzzzzzz>; HiZ drive
v0x55db6691e1c0_4 .net v0x55db6691e1c0 4, 15 0, o0x7f55a6d9e168; 0 drivers
o0x7f55a6d9e198 .functor BUFZ 16, C4<zzzzzzzzzzzzzzzz>; HiZ drive
v0x55db6691e1c0_5 .net v0x55db6691e1c0 5, 15 0, o0x7f55a6d9e198; 0 drivers
o0x7f55a6d9e1c8 .functor BUFZ 16, C4<zzzzzzzzzzzzzzzz>; HiZ drive
v0x55db6691e1c0_6 .net v0x55db6691e1c0 6, 15 0, o0x7f55a6d9e1c8; 0 drivers
o0x7f55a6d9e1f8 .functor BUFZ 16, C4<zzzzzzzzzzzzzzzz>; HiZ drive
v0x55db6691e1c0_7 .net v0x55db6691e1c0 7, 15 0, o0x7f55a6d9e1f8; 0 drivers
o0x7f55a6d9e228 .functor BUFZ 16, C4<zzzzzzzzzzzzzzzz>; HiZ drive
v0x55db6691e1c0_8 .net v0x55db6691e1c0 8, 15 0, o0x7f55a6d9e228; 0 drivers
o0x7f55a6d9e258 .functor BUFZ 16, C4<zzzzzzzzzzzzzzzz>; HiZ drive
v0x55db6691e1c0_9 .net v0x55db6691e1c0 9, 15 0, o0x7f55a6d9e258; 0 drivers
o0x7f55a6d9e288 .functor BUFZ 16, C4<zzzzzzzzzzzzzzzz>; HiZ drive
v0x55db6691e1c0_10 .net v0x55db6691e1c0 10, 15 0, o0x7f55a6d9e288; 0 drivers
o0x7f55a6d9e2b8 .functor BUFZ 16, C4<zzzzzzzzzzzzzzzz>; HiZ drive
v0x55db6691e1c0_11 .net v0x55db6691e1c0 11, 15 0, o0x7f55a6d9e2b8; 0 drivers
o0x7f55a6d9e2e8 .functor BUFZ 16, C4<zzzzzzzzzzzzzzzz>; HiZ drive
v0x55db6691e1c0_12 .net v0x55db6691e1c0 12, 15 0, o0x7f55a6d9e2e8; 0 drivers
o0x7f55a6d9e318 .functor BUFZ 16, C4<zzzzzzzzzzzzzzzz>; HiZ drive
v0x55db6691e1c0_13 .net v0x55db6691e1c0 13, 15 0, o0x7f55a6d9e318; 0 drivers
o0x7f55a6d9e348 .functor BUFZ 16, C4<zzzzzzzzzzzzzzzz>; HiZ drive
v0x55db6691e1c0_14 .net v0x55db6691e1c0 14, 15 0, o0x7f55a6d9e348; 0 drivers
o0x7f55a6d9e378 .functor BUFZ 16, C4<zzzzzzzzzzzzzzzz>; HiZ drive
v0x55db6691e1c0_15 .net v0x55db6691e1c0 15, 15 0, o0x7f55a6d9e378; 0 drivers
o0x7f55a6d9e3a8 .functor BUFZ 16, C4<zzzzzzzzzzzzzzzz>; HiZ drive
v0x55db6691e1c0_16 .net v0x55db6691e1c0 16, 15 0, o0x7f55a6d9e3a8; 0 drivers
o0x7f55a6d9e3d8 .functor BUFZ 16, C4<zzzzzzzzzzzzzzzz>; HiZ drive
v0x55db6691e1c0_17 .net v0x55db6691e1c0 17, 15 0, o0x7f55a6d9e3d8; 0 drivers
o0x7f55a6d9e408 .functor BUFZ 16, C4<zzzzzzzzzzzzzzzz>; HiZ drive
v0x55db6691e1c0_18 .net v0x55db6691e1c0 18, 15 0, o0x7f55a6d9e408; 0 drivers
o0x7f55a6d9e438 .functor BUFZ 16, C4<zzzzzzzzzzzzzzzz>; HiZ drive
v0x55db6691e1c0_19 .net v0x55db6691e1c0 19, 15 0, o0x7f55a6d9e438; 0 drivers
o0x7f55a6d9e468 .functor BUFZ 16, C4<zzzzzzzzzzzzzzzz>; HiZ drive
v0x55db6691e1c0_20 .net v0x55db6691e1c0 20, 15 0, o0x7f55a6d9e468; 0 drivers
o0x7f55a6d9e498 .functor BUFZ 16, C4<zzzzzzzzzzzzzzzz>; HiZ drive
v0x55db6691e1c0_21 .net v0x55db6691e1c0 21, 15 0, o0x7f55a6d9e498; 0 drivers
o0x7f55a6d9e4c8 .functor BUFZ 16, C4<zzzzzzzzzzzzzzzz>; HiZ drive
v0x55db6691e1c0_22 .net v0x55db6691e1c0 22, 15 0, o0x7f55a6d9e4c8; 0 drivers
o0x7f55a6d9e4f8 .functor BUFZ 16, C4<zzzzzzzzzzzzzzzz>; HiZ drive
v0x55db6691e1c0_23 .net v0x55db6691e1c0 23, 15 0, o0x7f55a6d9e4f8; 0 drivers
o0x7f55a6d9e528 .functor BUFZ 16, C4<zzzzzzzzzzzzzzzz>; HiZ drive
v0x55db6691e1c0_24 .net v0x55db6691e1c0 24, 15 0, o0x7f55a6d9e528; 0 drivers
o0x7f55a6d9e558 .functor BUFZ 16, C4<zzzzzzzzzzzzzzzz>; HiZ drive
v0x55db6691e1c0_25 .net v0x55db6691e1c0 25, 15 0, o0x7f55a6d9e558; 0 drivers
o0x7f55a6d9e588 .functor BUFZ 16, C4<zzzzzzzzzzzzzzzz>; HiZ drive
v0x55db6691e1c0_26 .net v0x55db6691e1c0 26, 15 0, o0x7f55a6d9e588; 0 drivers
o0x7f55a6d9e5b8 .functor BUFZ 16, C4<zzzzzzzzzzzzzzzz>; HiZ drive
v0x55db6691e1c0_27 .net v0x55db6691e1c0 27, 15 0, o0x7f55a6d9e5b8; 0 drivers
o0x7f55a6d9e5e8 .functor BUFZ 16, C4<zzzzzzzzzzzzzzzz>; HiZ drive
v0x55db6691e1c0_28 .net v0x55db6691e1c0 28, 15 0, o0x7f55a6d9e5e8; 0 drivers
o0x7f55a6d9e618 .functor BUFZ 16, C4<zzzzzzzzzzzzzzzz>; HiZ drive
v0x55db6691e1c0_29 .net v0x55db6691e1c0 29, 15 0, o0x7f55a6d9e618; 0 drivers
o0x7f55a6d9e648 .functor BUFZ 16, C4<zzzzzzzzzzzzzzzz>; HiZ drive
v0x55db6691e1c0_30 .net v0x55db6691e1c0 30, 15 0, o0x7f55a6d9e648; 0 drivers
o0x7f55a6d9e678 .functor BUFZ 16, C4<zzzzzzzzzzzzzzzz>; HiZ drive
v0x55db6691e1c0_31 .net v0x55db6691e1c0 31, 15 0, o0x7f55a6d9e678; 0 drivers
o0x7f55a6d9e6a8 .functor BUFZ 16, C4<zzzzzzzzzzzzzzzz>; HiZ drive
v0x55db6691e1c0_32 .net v0x55db6691e1c0 32, 15 0, o0x7f55a6d9e6a8; 0 drivers
o0x7f55a6d9e6d8 .functor BUFZ 16, C4<zzzzzzzzzzzzzzzz>; HiZ drive
v0x55db6691e1c0_33 .net v0x55db6691e1c0 33, 15 0, o0x7f55a6d9e6d8; 0 drivers
o0x7f55a6d9e708 .functor BUFZ 16, C4<zzzzzzzzzzzzzzzz>; HiZ drive
v0x55db6691e1c0_34 .net v0x55db6691e1c0 34, 15 0, o0x7f55a6d9e708; 0 drivers
o0x7f55a6d9e738 .functor BUFZ 16, C4<zzzzzzzzzzzzzzzz>; HiZ drive
v0x55db6691e1c0_35 .net v0x55db6691e1c0 35, 15 0, o0x7f55a6d9e738; 0 drivers
o0x7f55a6d9e768 .functor BUFZ 16, C4<zzzzzzzzzzzzzzzz>; HiZ drive
v0x55db6691e1c0_36 .net v0x55db6691e1c0 36, 15 0, o0x7f55a6d9e768; 0 drivers
o0x7f55a6d9e798 .functor BUFZ 16, C4<zzzzzzzzzzzzzzzz>; HiZ drive
v0x55db6691e1c0_37 .net v0x55db6691e1c0 37, 15 0, o0x7f55a6d9e798; 0 drivers
o0x7f55a6d9e7c8 .functor BUFZ 16, C4<zzzzzzzzzzzzzzzz>; HiZ drive
v0x55db6691e1c0_38 .net v0x55db6691e1c0 38, 15 0, o0x7f55a6d9e7c8; 0 drivers
o0x7f55a6d9e7f8 .functor BUFZ 16, C4<zzzzzzzzzzzzzzzz>; HiZ drive
v0x55db6691e1c0_39 .net v0x55db6691e1c0 39, 15 0, o0x7f55a6d9e7f8; 0 drivers
o0x7f55a6d9e828 .functor BUFZ 16, C4<zzzzzzzzzzzzzzzz>; HiZ drive
v0x55db6691e1c0_40 .net v0x55db6691e1c0 40, 15 0, o0x7f55a6d9e828; 0 drivers
o0x7f55a6d9e858 .functor BUFZ 16, C4<zzzzzzzzzzzzzzzz>; HiZ drive
v0x55db6691e1c0_41 .net v0x55db6691e1c0 41, 15 0, o0x7f55a6d9e858; 0 drivers
o0x7f55a6d9e888 .functor BUFZ 16, C4<zzzzzzzzzzzzzzzz>; HiZ drive
v0x55db6691e1c0_42 .net v0x55db6691e1c0 42, 15 0, o0x7f55a6d9e888; 0 drivers
o0x7f55a6d9e8b8 .functor BUFZ 16, C4<zzzzzzzzzzzzzzzz>; HiZ drive
v0x55db6691e1c0_43 .net v0x55db6691e1c0 43, 15 0, o0x7f55a6d9e8b8; 0 drivers
o0x7f55a6d9e8e8 .functor BUFZ 16, C4<zzzzzzzzzzzzzzzz>; HiZ drive
v0x55db6691e1c0_44 .net v0x55db6691e1c0 44, 15 0, o0x7f55a6d9e8e8; 0 drivers
o0x7f55a6d9e918 .functor BUFZ 16, C4<zzzzzzzzzzzzzzzz>; HiZ drive
v0x55db6691e1c0_45 .net v0x55db6691e1c0 45, 15 0, o0x7f55a6d9e918; 0 drivers
o0x7f55a6d9e948 .functor BUFZ 16, C4<zzzzzzzzzzzzzzzz>; HiZ drive
v0x55db6691e1c0_46 .net v0x55db6691e1c0 46, 15 0, o0x7f55a6d9e948; 0 drivers
o0x7f55a6d9e978 .functor BUFZ 16, C4<zzzzzzzzzzzzzzzz>; HiZ drive
v0x55db6691e1c0_47 .net v0x55db6691e1c0 47, 15 0, o0x7f55a6d9e978; 0 drivers
o0x7f55a6d9e9a8 .functor BUFZ 16, C4<zzzzzzzzzzzzzzzz>; HiZ drive
v0x55db6691e1c0_48 .net v0x55db6691e1c0 48, 15 0, o0x7f55a6d9e9a8; 0 drivers
o0x7f55a6d9e9d8 .functor BUFZ 16, C4<zzzzzzzzzzzzzzzz>; HiZ drive
v0x55db6691e1c0_49 .net v0x55db6691e1c0 49, 15 0, o0x7f55a6d9e9d8; 0 drivers
o0x7f55a6d9ea08 .functor BUFZ 16, C4<zzzzzzzzzzzzzzzz>; HiZ drive
v0x55db6691e1c0_50 .net v0x55db6691e1c0 50, 15 0, o0x7f55a6d9ea08; 0 drivers
o0x7f55a6d9ea38 .functor BUFZ 16, C4<zzzzzzzzzzzzzzzz>; HiZ drive
v0x55db6691e1c0_51 .net v0x55db6691e1c0 51, 15 0, o0x7f55a6d9ea38; 0 drivers
o0x7f55a6d9ea68 .functor BUFZ 16, C4<zzzzzzzzzzzzzzzz>; HiZ drive
v0x55db6691e1c0_52 .net v0x55db6691e1c0 52, 15 0, o0x7f55a6d9ea68; 0 drivers
o0x7f55a6d9ea98 .functor BUFZ 16, C4<zzzzzzzzzzzzzzzz>; HiZ drive
v0x55db6691e1c0_53 .net v0x55db6691e1c0 53, 15 0, o0x7f55a6d9ea98; 0 drivers
o0x7f55a6d9eac8 .functor BUFZ 16, C4<zzzzzzzzzzzzzzzz>; HiZ drive
v0x55db6691e1c0_54 .net v0x55db6691e1c0 54, 15 0, o0x7f55a6d9eac8; 0 drivers
o0x7f55a6d9eaf8 .functor BUFZ 16, C4<zzzzzzzzzzzzzzzz>; HiZ drive
v0x55db6691e1c0_55 .net v0x55db6691e1c0 55, 15 0, o0x7f55a6d9eaf8; 0 drivers
o0x7f55a6d9eb28 .functor BUFZ 16, C4<zzzzzzzzzzzzzzzz>; HiZ drive
v0x55db6691e1c0_56 .net v0x55db6691e1c0 56, 15 0, o0x7f55a6d9eb28; 0 drivers
o0x7f55a6d9eb58 .functor BUFZ 16, C4<zzzzzzzzzzzzzzzz>; HiZ drive
v0x55db6691e1c0_57 .net v0x55db6691e1c0 57, 15 0, o0x7f55a6d9eb58; 0 drivers
o0x7f55a6d9eb88 .functor BUFZ 16, C4<zzzzzzzzzzzzzzzz>; HiZ drive
v0x55db6691e1c0_58 .net v0x55db6691e1c0 58, 15 0, o0x7f55a6d9eb88; 0 drivers
o0x7f55a6d9ebb8 .functor BUFZ 16, C4<zzzzzzzzzzzzzzzz>; HiZ drive
v0x55db6691e1c0_59 .net v0x55db6691e1c0 59, 15 0, o0x7f55a6d9ebb8; 0 drivers
o0x7f55a6d9ebe8 .functor BUFZ 16, C4<zzzzzzzzzzzzzzzz>; HiZ drive
v0x55db6691e1c0_60 .net v0x55db6691e1c0 60, 15 0, o0x7f55a6d9ebe8; 0 drivers
o0x7f55a6d9ec18 .functor BUFZ 16, C4<zzzzzzzzzzzzzzzz>; HiZ drive
v0x55db6691e1c0_61 .net v0x55db6691e1c0 61, 15 0, o0x7f55a6d9ec18; 0 drivers
o0x7f55a6d9ec48 .functor BUFZ 16, C4<zzzzzzzzzzzzzzzz>; HiZ drive
v0x55db6691e1c0_62 .net v0x55db6691e1c0 62, 15 0, o0x7f55a6d9ec48; 0 drivers
o0x7f55a6d9ec78 .functor BUFZ 16, C4<zzzzzzzzzzzzzzzz>; HiZ drive
v0x55db6691e1c0_63 .net v0x55db6691e1c0 63, 15 0, o0x7f55a6d9ec78; 0 drivers
o0x7f55a6d9eca8 .functor BUFZ 16, C4<zzzzzzzzzzzzzzzz>; HiZ drive
v0x55db6691e1c0_64 .net v0x55db6691e1c0 64, 15 0, o0x7f55a6d9eca8; 0 drivers
o0x7f55a6d9ecd8 .functor BUFZ 16, C4<zzzzzzzzzzzzzzzz>; HiZ drive
v0x55db6691e1c0_65 .net v0x55db6691e1c0 65, 15 0, o0x7f55a6d9ecd8; 0 drivers
o0x7f55a6d9ed08 .functor BUFZ 16, C4<zzzzzzzzzzzzzzzz>; HiZ drive
v0x55db6691e1c0_66 .net v0x55db6691e1c0 66, 15 0, o0x7f55a6d9ed08; 0 drivers
o0x7f55a6d9ed38 .functor BUFZ 16, C4<zzzzzzzzzzzzzzzz>; HiZ drive
v0x55db6691e1c0_67 .net v0x55db6691e1c0 67, 15 0, o0x7f55a6d9ed38; 0 drivers
o0x7f55a6d9ed68 .functor BUFZ 16, C4<zzzzzzzzzzzzzzzz>; HiZ drive
v0x55db6691e1c0_68 .net v0x55db6691e1c0 68, 15 0, o0x7f55a6d9ed68; 0 drivers
o0x7f55a6d9ed98 .functor BUFZ 16, C4<zzzzzzzzzzzzzzzz>; HiZ drive
v0x55db6691e1c0_69 .net v0x55db6691e1c0 69, 15 0, o0x7f55a6d9ed98; 0 drivers
o0x7f55a6d9edc8 .functor BUFZ 16, C4<zzzzzzzzzzzzzzzz>; HiZ drive
v0x55db6691e1c0_70 .net v0x55db6691e1c0 70, 15 0, o0x7f55a6d9edc8; 0 drivers
o0x7f55a6d9edf8 .functor BUFZ 16, C4<zzzzzzzzzzzzzzzz>; HiZ drive
v0x55db6691e1c0_71 .net v0x55db6691e1c0 71, 15 0, o0x7f55a6d9edf8; 0 drivers
o0x7f55a6d9ee28 .functor BUFZ 16, C4<zzzzzzzzzzzzzzzz>; HiZ drive
v0x55db6691e1c0_72 .net v0x55db6691e1c0 72, 15 0, o0x7f55a6d9ee28; 0 drivers
o0x7f55a6d9ee58 .functor BUFZ 16, C4<zzzzzzzzzzzzzzzz>; HiZ drive
v0x55db6691e1c0_73 .net v0x55db6691e1c0 73, 15 0, o0x7f55a6d9ee58; 0 drivers
o0x7f55a6d9ee88 .functor BUFZ 16, C4<zzzzzzzzzzzzzzzz>; HiZ drive
v0x55db6691e1c0_74 .net v0x55db6691e1c0 74, 15 0, o0x7f55a6d9ee88; 0 drivers
o0x7f55a6d9eeb8 .functor BUFZ 16, C4<zzzzzzzzzzzzzzzz>; HiZ drive
v0x55db6691e1c0_75 .net v0x55db6691e1c0 75, 15 0, o0x7f55a6d9eeb8; 0 drivers
o0x7f55a6d9eee8 .functor BUFZ 16, C4<zzzzzzzzzzzzzzzz>; HiZ drive
v0x55db6691e1c0_76 .net v0x55db6691e1c0 76, 15 0, o0x7f55a6d9eee8; 0 drivers
o0x7f55a6d9ef18 .functor BUFZ 16, C4<zzzzzzzzzzzzzzzz>; HiZ drive
v0x55db6691e1c0_77 .net v0x55db6691e1c0 77, 15 0, o0x7f55a6d9ef18; 0 drivers
o0x7f55a6d9ef48 .functor BUFZ 16, C4<zzzzzzzzzzzzzzzz>; HiZ drive
v0x55db6691e1c0_78 .net v0x55db6691e1c0 78, 15 0, o0x7f55a6d9ef48; 0 drivers
o0x7f55a6d9ef78 .functor BUFZ 16, C4<zzzzzzzzzzzzzzzz>; HiZ drive
v0x55db6691e1c0_79 .net v0x55db6691e1c0 79, 15 0, o0x7f55a6d9ef78; 0 drivers
o0x7f55a6d9efa8 .functor BUFZ 16, C4<zzzzzzzzzzzzzzzz>; HiZ drive
v0x55db6691e1c0_80 .net v0x55db6691e1c0 80, 15 0, o0x7f55a6d9efa8; 0 drivers
o0x7f55a6d9efd8 .functor BUFZ 16, C4<zzzzzzzzzzzzzzzz>; HiZ drive
v0x55db6691e1c0_81 .net v0x55db6691e1c0 81, 15 0, o0x7f55a6d9efd8; 0 drivers
o0x7f55a6d9f008 .functor BUFZ 16, C4<zzzzzzzzzzzzzzzz>; HiZ drive
v0x55db6691e1c0_82 .net v0x55db6691e1c0 82, 15 0, o0x7f55a6d9f008; 0 drivers
o0x7f55a6d9f038 .functor BUFZ 16, C4<zzzzzzzzzzzzzzzz>; HiZ drive
v0x55db6691e1c0_83 .net v0x55db6691e1c0 83, 15 0, o0x7f55a6d9f038; 0 drivers
o0x7f55a6d9f068 .functor BUFZ 16, C4<zzzzzzzzzzzzzzzz>; HiZ drive
v0x55db6691e1c0_84 .net v0x55db6691e1c0 84, 15 0, o0x7f55a6d9f068; 0 drivers
o0x7f55a6d9f098 .functor BUFZ 16, C4<zzzzzzzzzzzzzzzz>; HiZ drive
v0x55db6691e1c0_85 .net v0x55db6691e1c0 85, 15 0, o0x7f55a6d9f098; 0 drivers
o0x7f55a6d9f0c8 .functor BUFZ 16, C4<zzzzzzzzzzzzzzzz>; HiZ drive
v0x55db6691e1c0_86 .net v0x55db6691e1c0 86, 15 0, o0x7f55a6d9f0c8; 0 drivers
o0x7f55a6d9f0f8 .functor BUFZ 16, C4<zzzzzzzzzzzzzzzz>; HiZ drive
v0x55db6691e1c0_87 .net v0x55db6691e1c0 87, 15 0, o0x7f55a6d9f0f8; 0 drivers
o0x7f55a6d9f128 .functor BUFZ 16, C4<zzzzzzzzzzzzzzzz>; HiZ drive
v0x55db6691e1c0_88 .net v0x55db6691e1c0 88, 15 0, o0x7f55a6d9f128; 0 drivers
o0x7f55a6d9f158 .functor BUFZ 16, C4<zzzzzzzzzzzzzzzz>; HiZ drive
v0x55db6691e1c0_89 .net v0x55db6691e1c0 89, 15 0, o0x7f55a6d9f158; 0 drivers
o0x7f55a6d9f188 .functor BUFZ 16, C4<zzzzzzzzzzzzzzzz>; HiZ drive
v0x55db6691e1c0_90 .net v0x55db6691e1c0 90, 15 0, o0x7f55a6d9f188; 0 drivers
o0x7f55a6d9f1b8 .functor BUFZ 16, C4<zzzzzzzzzzzzzzzz>; HiZ drive
v0x55db6691e1c0_91 .net v0x55db6691e1c0 91, 15 0, o0x7f55a6d9f1b8; 0 drivers
o0x7f55a6d9f1e8 .functor BUFZ 16, C4<zzzzzzzzzzzzzzzz>; HiZ drive
v0x55db6691e1c0_92 .net v0x55db6691e1c0 92, 15 0, o0x7f55a6d9f1e8; 0 drivers
o0x7f55a6d9f218 .functor BUFZ 16, C4<zzzzzzzzzzzzzzzz>; HiZ drive
v0x55db6691e1c0_93 .net v0x55db6691e1c0 93, 15 0, o0x7f55a6d9f218; 0 drivers
o0x7f55a6d9f248 .functor BUFZ 16, C4<zzzzzzzzzzzzzzzz>; HiZ drive
v0x55db6691e1c0_94 .net v0x55db6691e1c0 94, 15 0, o0x7f55a6d9f248; 0 drivers
o0x7f55a6d9f278 .functor BUFZ 16, C4<zzzzzzzzzzzzzzzz>; HiZ drive
v0x55db6691e1c0_95 .net v0x55db6691e1c0 95, 15 0, o0x7f55a6d9f278; 0 drivers
o0x7f55a6d9f2a8 .functor BUFZ 16, C4<zzzzzzzzzzzzzzzz>; HiZ drive
v0x55db6691e1c0_96 .net v0x55db6691e1c0 96, 15 0, o0x7f55a6d9f2a8; 0 drivers
o0x7f55a6d9f2d8 .functor BUFZ 16, C4<zzzzzzzzzzzzzzzz>; HiZ drive
v0x55db6691e1c0_97 .net v0x55db6691e1c0 97, 15 0, o0x7f55a6d9f2d8; 0 drivers
o0x7f55a6d9f308 .functor BUFZ 16, C4<zzzzzzzzzzzzzzzz>; HiZ drive
v0x55db6691e1c0_98 .net v0x55db6691e1c0 98, 15 0, o0x7f55a6d9f308; 0 drivers
o0x7f55a6d9f338 .functor BUFZ 16, C4<zzzzzzzzzzzzzzzz>; HiZ drive
v0x55db6691e1c0_99 .net v0x55db6691e1c0 99, 15 0, o0x7f55a6d9f338; 0 drivers
o0x7f55a6d9f368 .functor BUFZ 16, C4<zzzzzzzzzzzzzzzz>; HiZ drive
v0x55db6691e1c0_100 .net v0x55db6691e1c0 100, 15 0, o0x7f55a6d9f368; 0 drivers
o0x7f55a6d9f398 .functor BUFZ 16, C4<zzzzzzzzzzzzzzzz>; HiZ drive
v0x55db6691e1c0_101 .net v0x55db6691e1c0 101, 15 0, o0x7f55a6d9f398; 0 drivers
o0x7f55a6d9f3c8 .functor BUFZ 16, C4<zzzzzzzzzzzzzzzz>; HiZ drive
v0x55db6691e1c0_102 .net v0x55db6691e1c0 102, 15 0, o0x7f55a6d9f3c8; 0 drivers
o0x7f55a6d9f3f8 .functor BUFZ 16, C4<zzzzzzzzzzzzzzzz>; HiZ drive
v0x55db6691e1c0_103 .net v0x55db6691e1c0 103, 15 0, o0x7f55a6d9f3f8; 0 drivers
o0x7f55a6d9f428 .functor BUFZ 16, C4<zzzzzzzzzzzzzzzz>; HiZ drive
v0x55db6691e1c0_104 .net v0x55db6691e1c0 104, 15 0, o0x7f55a6d9f428; 0 drivers
o0x7f55a6d9f458 .functor BUFZ 16, C4<zzzzzzzzzzzzzzzz>; HiZ drive
v0x55db6691e1c0_105 .net v0x55db6691e1c0 105, 15 0, o0x7f55a6d9f458; 0 drivers
o0x7f55a6d9f488 .functor BUFZ 16, C4<zzzzzzzzzzzzzzzz>; HiZ drive
v0x55db6691e1c0_106 .net v0x55db6691e1c0 106, 15 0, o0x7f55a6d9f488; 0 drivers
o0x7f55a6d9f4b8 .functor BUFZ 16, C4<zzzzzzzzzzzzzzzz>; HiZ drive
v0x55db6691e1c0_107 .net v0x55db6691e1c0 107, 15 0, o0x7f55a6d9f4b8; 0 drivers
o0x7f55a6d9f4e8 .functor BUFZ 16, C4<zzzzzzzzzzzzzzzz>; HiZ drive
v0x55db6691e1c0_108 .net v0x55db6691e1c0 108, 15 0, o0x7f55a6d9f4e8; 0 drivers
o0x7f55a6d9f518 .functor BUFZ 16, C4<zzzzzzzzzzzzzzzz>; HiZ drive
v0x55db6691e1c0_109 .net v0x55db6691e1c0 109, 15 0, o0x7f55a6d9f518; 0 drivers
o0x7f55a6d9f548 .functor BUFZ 16, C4<zzzzzzzzzzzzzzzz>; HiZ drive
v0x55db6691e1c0_110 .net v0x55db6691e1c0 110, 15 0, o0x7f55a6d9f548; 0 drivers
o0x7f55a6d9f578 .functor BUFZ 16, C4<zzzzzzzzzzzzzzzz>; HiZ drive
v0x55db6691e1c0_111 .net v0x55db6691e1c0 111, 15 0, o0x7f55a6d9f578; 0 drivers
o0x7f55a6d9f5a8 .functor BUFZ 16, C4<zzzzzzzzzzzzzzzz>; HiZ drive
v0x55db6691e1c0_112 .net v0x55db6691e1c0 112, 15 0, o0x7f55a6d9f5a8; 0 drivers
o0x7f55a6d9f5d8 .functor BUFZ 16, C4<zzzzzzzzzzzzzzzz>; HiZ drive
v0x55db6691e1c0_113 .net v0x55db6691e1c0 113, 15 0, o0x7f55a6d9f5d8; 0 drivers
o0x7f55a6d9f608 .functor BUFZ 16, C4<zzzzzzzzzzzzzzzz>; HiZ drive
v0x55db6691e1c0_114 .net v0x55db6691e1c0 114, 15 0, o0x7f55a6d9f608; 0 drivers
o0x7f55a6d9f638 .functor BUFZ 16, C4<zzzzzzzzzzzzzzzz>; HiZ drive
v0x55db6691e1c0_115 .net v0x55db6691e1c0 115, 15 0, o0x7f55a6d9f638; 0 drivers
o0x7f55a6d9f668 .functor BUFZ 16, C4<zzzzzzzzzzzzzzzz>; HiZ drive
v0x55db6691e1c0_116 .net v0x55db6691e1c0 116, 15 0, o0x7f55a6d9f668; 0 drivers
o0x7f55a6d9f698 .functor BUFZ 16, C4<zzzzzzzzzzzzzzzz>; HiZ drive
v0x55db6691e1c0_117 .net v0x55db6691e1c0 117, 15 0, o0x7f55a6d9f698; 0 drivers
o0x7f55a6d9f6c8 .functor BUFZ 16, C4<zzzzzzzzzzzzzzzz>; HiZ drive
v0x55db6691e1c0_118 .net v0x55db6691e1c0 118, 15 0, o0x7f55a6d9f6c8; 0 drivers
o0x7f55a6d9f6f8 .functor BUFZ 16, C4<zzzzzzzzzzzzzzzz>; HiZ drive
v0x55db6691e1c0_119 .net v0x55db6691e1c0 119, 15 0, o0x7f55a6d9f6f8; 0 drivers
o0x7f55a6d9f728 .functor BUFZ 16, C4<zzzzzzzzzzzzzzzz>; HiZ drive
v0x55db6691e1c0_120 .net v0x55db6691e1c0 120, 15 0, o0x7f55a6d9f728; 0 drivers
o0x7f55a6d9f758 .functor BUFZ 16, C4<zzzzzzzzzzzzzzzz>; HiZ drive
v0x55db6691e1c0_121 .net v0x55db6691e1c0 121, 15 0, o0x7f55a6d9f758; 0 drivers
o0x7f55a6d9f788 .functor BUFZ 16, C4<zzzzzzzzzzzzzzzz>; HiZ drive
v0x55db6691e1c0_122 .net v0x55db6691e1c0 122, 15 0, o0x7f55a6d9f788; 0 drivers
o0x7f55a6d9f7b8 .functor BUFZ 16, C4<zzzzzzzzzzzzzzzz>; HiZ drive
v0x55db6691e1c0_123 .net v0x55db6691e1c0 123, 15 0, o0x7f55a6d9f7b8; 0 drivers
o0x7f55a6d9f7e8 .functor BUFZ 16, C4<zzzzzzzzzzzzzzzz>; HiZ drive
v0x55db6691e1c0_124 .net v0x55db6691e1c0 124, 15 0, o0x7f55a6d9f7e8; 0 drivers
o0x7f55a6d9f818 .functor BUFZ 16, C4<zzzzzzzzzzzzzzzz>; HiZ drive
v0x55db6691e1c0_125 .net v0x55db6691e1c0 125, 15 0, o0x7f55a6d9f818; 0 drivers
o0x7f55a6d9f848 .functor BUFZ 16, C4<zzzzzzzzzzzzzzzz>; HiZ drive
v0x55db6691e1c0_126 .net v0x55db6691e1c0 126, 15 0, o0x7f55a6d9f848; 0 drivers
o0x7f55a6d9f878 .functor BUFZ 16, C4<zzzzzzzzzzzzzzzz>; HiZ drive
v0x55db6691e1c0_127 .net v0x55db6691e1c0 127, 15 0, o0x7f55a6d9f878; 0 drivers
o0x7f55a6d9f8a8 .functor BUFZ 16, C4<zzzzzzzzzzzzzzzz>; HiZ drive
v0x55db6691e1c0_128 .net v0x55db6691e1c0 128, 15 0, o0x7f55a6d9f8a8; 0 drivers
o0x7f55a6d9f8d8 .functor BUFZ 16, C4<zzzzzzzzzzzzzzzz>; HiZ drive
v0x55db6691e1c0_129 .net v0x55db6691e1c0 129, 15 0, o0x7f55a6d9f8d8; 0 drivers
o0x7f55a6d9f908 .functor BUFZ 16, C4<zzzzzzzzzzzzzzzz>; HiZ drive
v0x55db6691e1c0_130 .net v0x55db6691e1c0 130, 15 0, o0x7f55a6d9f908; 0 drivers
o0x7f55a6d9f938 .functor BUFZ 16, C4<zzzzzzzzzzzzzzzz>; HiZ drive
v0x55db6691e1c0_131 .net v0x55db6691e1c0 131, 15 0, o0x7f55a6d9f938; 0 drivers
o0x7f55a6d9f968 .functor BUFZ 16, C4<zzzzzzzzzzzzzzzz>; HiZ drive
v0x55db6691e1c0_132 .net v0x55db6691e1c0 132, 15 0, o0x7f55a6d9f968; 0 drivers
o0x7f55a6d9f998 .functor BUFZ 16, C4<zzzzzzzzzzzzzzzz>; HiZ drive
v0x55db6691e1c0_133 .net v0x55db6691e1c0 133, 15 0, o0x7f55a6d9f998; 0 drivers
o0x7f55a6d9f9c8 .functor BUFZ 16, C4<zzzzzzzzzzzzzzzz>; HiZ drive
v0x55db6691e1c0_134 .net v0x55db6691e1c0 134, 15 0, o0x7f55a6d9f9c8; 0 drivers
o0x7f55a6d9f9f8 .functor BUFZ 16, C4<zzzzzzzzzzzzzzzz>; HiZ drive
v0x55db6691e1c0_135 .net v0x55db6691e1c0 135, 15 0, o0x7f55a6d9f9f8; 0 drivers
o0x7f55a6d9fa28 .functor BUFZ 16, C4<zzzzzzzzzzzzzzzz>; HiZ drive
v0x55db6691e1c0_136 .net v0x55db6691e1c0 136, 15 0, o0x7f55a6d9fa28; 0 drivers
o0x7f55a6d9fa58 .functor BUFZ 16, C4<zzzzzzzzzzzzzzzz>; HiZ drive
v0x55db6691e1c0_137 .net v0x55db6691e1c0 137, 15 0, o0x7f55a6d9fa58; 0 drivers
o0x7f55a6d9fa88 .functor BUFZ 16, C4<zzzzzzzzzzzzzzzz>; HiZ drive
v0x55db6691e1c0_138 .net v0x55db6691e1c0 138, 15 0, o0x7f55a6d9fa88; 0 drivers
o0x7f55a6d9fab8 .functor BUFZ 16, C4<zzzzzzzzzzzzzzzz>; HiZ drive
v0x55db6691e1c0_139 .net v0x55db6691e1c0 139, 15 0, o0x7f55a6d9fab8; 0 drivers
o0x7f55a6d9fae8 .functor BUFZ 16, C4<zzzzzzzzzzzzzzzz>; HiZ drive
v0x55db6691e1c0_140 .net v0x55db6691e1c0 140, 15 0, o0x7f55a6d9fae8; 0 drivers
o0x7f55a6d9fb18 .functor BUFZ 16, C4<zzzzzzzzzzzzzzzz>; HiZ drive
v0x55db6691e1c0_141 .net v0x55db6691e1c0 141, 15 0, o0x7f55a6d9fb18; 0 drivers
o0x7f55a6d9fb48 .functor BUFZ 16, C4<zzzzzzzzzzzzzzzz>; HiZ drive
v0x55db6691e1c0_142 .net v0x55db6691e1c0 142, 15 0, o0x7f55a6d9fb48; 0 drivers
o0x7f55a6d9fb78 .functor BUFZ 16, C4<zzzzzzzzzzzzzzzz>; HiZ drive
v0x55db6691e1c0_143 .net v0x55db6691e1c0 143, 15 0, o0x7f55a6d9fb78; 0 drivers
o0x7f55a6d9fba8 .functor BUFZ 16, C4<zzzzzzzzzzzzzzzz>; HiZ drive
v0x55db6691e1c0_144 .net v0x55db6691e1c0 144, 15 0, o0x7f55a6d9fba8; 0 drivers
o0x7f55a6d9fbd8 .functor BUFZ 16, C4<zzzzzzzzzzzzzzzz>; HiZ drive
v0x55db6691e1c0_145 .net v0x55db6691e1c0 145, 15 0, o0x7f55a6d9fbd8; 0 drivers
o0x7f55a6d9fc08 .functor BUFZ 16, C4<zzzzzzzzzzzzzzzz>; HiZ drive
v0x55db6691e1c0_146 .net v0x55db6691e1c0 146, 15 0, o0x7f55a6d9fc08; 0 drivers
o0x7f55a6d9fc38 .functor BUFZ 16, C4<zzzzzzzzzzzzzzzz>; HiZ drive
v0x55db6691e1c0_147 .net v0x55db6691e1c0 147, 15 0, o0x7f55a6d9fc38; 0 drivers
o0x7f55a6d9fc68 .functor BUFZ 16, C4<zzzzzzzzzzzzzzzz>; HiZ drive
v0x55db6691e1c0_148 .net v0x55db6691e1c0 148, 15 0, o0x7f55a6d9fc68; 0 drivers
o0x7f55a6d9fc98 .functor BUFZ 16, C4<zzzzzzzzzzzzzzzz>; HiZ drive
v0x55db6691e1c0_149 .net v0x55db6691e1c0 149, 15 0, o0x7f55a6d9fc98; 0 drivers
o0x7f55a6d9fcc8 .functor BUFZ 16, C4<zzzzzzzzzzzzzzzz>; HiZ drive
v0x55db6691e1c0_150 .net v0x55db6691e1c0 150, 15 0, o0x7f55a6d9fcc8; 0 drivers
o0x7f55a6d9fcf8 .functor BUFZ 16, C4<zzzzzzzzzzzzzzzz>; HiZ drive
v0x55db6691e1c0_151 .net v0x55db6691e1c0 151, 15 0, o0x7f55a6d9fcf8; 0 drivers
o0x7f55a6d9fd28 .functor BUFZ 16, C4<zzzzzzzzzzzzzzzz>; HiZ drive
v0x55db6691e1c0_152 .net v0x55db6691e1c0 152, 15 0, o0x7f55a6d9fd28; 0 drivers
o0x7f55a6d9fd58 .functor BUFZ 16, C4<zzzzzzzzzzzzzzzz>; HiZ drive
v0x55db6691e1c0_153 .net v0x55db6691e1c0 153, 15 0, o0x7f55a6d9fd58; 0 drivers
o0x7f55a6d9fd88 .functor BUFZ 16, C4<zzzzzzzzzzzzzzzz>; HiZ drive
v0x55db6691e1c0_154 .net v0x55db6691e1c0 154, 15 0, o0x7f55a6d9fd88; 0 drivers
o0x7f55a6d9fdb8 .functor BUFZ 16, C4<zzzzzzzzzzzzzzzz>; HiZ drive
v0x55db6691e1c0_155 .net v0x55db6691e1c0 155, 15 0, o0x7f55a6d9fdb8; 0 drivers
o0x7f55a6d9fde8 .functor BUFZ 16, C4<zzzzzzzzzzzzzzzz>; HiZ drive
v0x55db6691e1c0_156 .net v0x55db6691e1c0 156, 15 0, o0x7f55a6d9fde8; 0 drivers
o0x7f55a6d9fe18 .functor BUFZ 16, C4<zzzzzzzzzzzzzzzz>; HiZ drive
v0x55db6691e1c0_157 .net v0x55db6691e1c0 157, 15 0, o0x7f55a6d9fe18; 0 drivers
o0x7f55a6d9fe48 .functor BUFZ 16, C4<zzzzzzzzzzzzzzzz>; HiZ drive
v0x55db6691e1c0_158 .net v0x55db6691e1c0 158, 15 0, o0x7f55a6d9fe48; 0 drivers
o0x7f55a6d9fe78 .functor BUFZ 16, C4<zzzzzzzzzzzzzzzz>; HiZ drive
v0x55db6691e1c0_159 .net v0x55db6691e1c0 159, 15 0, o0x7f55a6d9fe78; 0 drivers
o0x7f55a6d9fea8 .functor BUFZ 16, C4<zzzzzzzzzzzzzzzz>; HiZ drive
v0x55db6691e1c0_160 .net v0x55db6691e1c0 160, 15 0, o0x7f55a6d9fea8; 0 drivers
o0x7f55a6d9fed8 .functor BUFZ 16, C4<zzzzzzzzzzzzzzzz>; HiZ drive
v0x55db6691e1c0_161 .net v0x55db6691e1c0 161, 15 0, o0x7f55a6d9fed8; 0 drivers
o0x7f55a6d9ff08 .functor BUFZ 16, C4<zzzzzzzzzzzzzzzz>; HiZ drive
v0x55db6691e1c0_162 .net v0x55db6691e1c0 162, 15 0, o0x7f55a6d9ff08; 0 drivers
o0x7f55a6d9ff38 .functor BUFZ 16, C4<zzzzzzzzzzzzzzzz>; HiZ drive
v0x55db6691e1c0_163 .net v0x55db6691e1c0 163, 15 0, o0x7f55a6d9ff38; 0 drivers
o0x7f55a6d9ff68 .functor BUFZ 16, C4<zzzzzzzzzzzzzzzz>; HiZ drive
v0x55db6691e1c0_164 .net v0x55db6691e1c0 164, 15 0, o0x7f55a6d9ff68; 0 drivers
o0x7f55a6d9ff98 .functor BUFZ 16, C4<zzzzzzzzzzzzzzzz>; HiZ drive
v0x55db6691e1c0_165 .net v0x55db6691e1c0 165, 15 0, o0x7f55a6d9ff98; 0 drivers
o0x7f55a6d9ffc8 .functor BUFZ 16, C4<zzzzzzzzzzzzzzzz>; HiZ drive
v0x55db6691e1c0_166 .net v0x55db6691e1c0 166, 15 0, o0x7f55a6d9ffc8; 0 drivers
o0x7f55a6d9fff8 .functor BUFZ 16, C4<zzzzzzzzzzzzzzzz>; HiZ drive
v0x55db6691e1c0_167 .net v0x55db6691e1c0 167, 15 0, o0x7f55a6d9fff8; 0 drivers
o0x7f55a6da0028 .functor BUFZ 16, C4<zzzzzzzzzzzzzzzz>; HiZ drive
v0x55db6691e1c0_168 .net v0x55db6691e1c0 168, 15 0, o0x7f55a6da0028; 0 drivers
o0x7f55a6da0058 .functor BUFZ 16, C4<zzzzzzzzzzzzzzzz>; HiZ drive
v0x55db6691e1c0_169 .net v0x55db6691e1c0 169, 15 0, o0x7f55a6da0058; 0 drivers
o0x7f55a6da0088 .functor BUFZ 16, C4<zzzzzzzzzzzzzzzz>; HiZ drive
v0x55db6691e1c0_170 .net v0x55db6691e1c0 170, 15 0, o0x7f55a6da0088; 0 drivers
o0x7f55a6da00b8 .functor BUFZ 16, C4<zzzzzzzzzzzzzzzz>; HiZ drive
v0x55db6691e1c0_171 .net v0x55db6691e1c0 171, 15 0, o0x7f55a6da00b8; 0 drivers
o0x7f55a6da00e8 .functor BUFZ 16, C4<zzzzzzzzzzzzzzzz>; HiZ drive
v0x55db6691e1c0_172 .net v0x55db6691e1c0 172, 15 0, o0x7f55a6da00e8; 0 drivers
o0x7f55a6da0118 .functor BUFZ 16, C4<zzzzzzzzzzzzzzzz>; HiZ drive
v0x55db6691e1c0_173 .net v0x55db6691e1c0 173, 15 0, o0x7f55a6da0118; 0 drivers
o0x7f55a6da0148 .functor BUFZ 16, C4<zzzzzzzzzzzzzzzz>; HiZ drive
v0x55db6691e1c0_174 .net v0x55db6691e1c0 174, 15 0, o0x7f55a6da0148; 0 drivers
o0x7f55a6da0178 .functor BUFZ 16, C4<zzzzzzzzzzzzzzzz>; HiZ drive
v0x55db6691e1c0_175 .net v0x55db6691e1c0 175, 15 0, o0x7f55a6da0178; 0 drivers
o0x7f55a6da01a8 .functor BUFZ 16, C4<zzzzzzzzzzzzzzzz>; HiZ drive
v0x55db6691e1c0_176 .net v0x55db6691e1c0 176, 15 0, o0x7f55a6da01a8; 0 drivers
o0x7f55a6da01d8 .functor BUFZ 16, C4<zzzzzzzzzzzzzzzz>; HiZ drive
v0x55db6691e1c0_177 .net v0x55db6691e1c0 177, 15 0, o0x7f55a6da01d8; 0 drivers
o0x7f55a6da0208 .functor BUFZ 16, C4<zzzzzzzzzzzzzzzz>; HiZ drive
v0x55db6691e1c0_178 .net v0x55db6691e1c0 178, 15 0, o0x7f55a6da0208; 0 drivers
o0x7f55a6da0238 .functor BUFZ 16, C4<zzzzzzzzzzzzzzzz>; HiZ drive
v0x55db6691e1c0_179 .net v0x55db6691e1c0 179, 15 0, o0x7f55a6da0238; 0 drivers
o0x7f55a6da0268 .functor BUFZ 16, C4<zzzzzzzzzzzzzzzz>; HiZ drive
v0x55db6691e1c0_180 .net v0x55db6691e1c0 180, 15 0, o0x7f55a6da0268; 0 drivers
o0x7f55a6da0298 .functor BUFZ 16, C4<zzzzzzzzzzzzzzzz>; HiZ drive
v0x55db6691e1c0_181 .net v0x55db6691e1c0 181, 15 0, o0x7f55a6da0298; 0 drivers
o0x7f55a6da02c8 .functor BUFZ 16, C4<zzzzzzzzzzzzzzzz>; HiZ drive
v0x55db6691e1c0_182 .net v0x55db6691e1c0 182, 15 0, o0x7f55a6da02c8; 0 drivers
o0x7f55a6da02f8 .functor BUFZ 16, C4<zzzzzzzzzzzzzzzz>; HiZ drive
v0x55db6691e1c0_183 .net v0x55db6691e1c0 183, 15 0, o0x7f55a6da02f8; 0 drivers
o0x7f55a6da0328 .functor BUFZ 16, C4<zzzzzzzzzzzzzzzz>; HiZ drive
v0x55db6691e1c0_184 .net v0x55db6691e1c0 184, 15 0, o0x7f55a6da0328; 0 drivers
o0x7f55a6da0358 .functor BUFZ 16, C4<zzzzzzzzzzzzzzzz>; HiZ drive
v0x55db6691e1c0_185 .net v0x55db6691e1c0 185, 15 0, o0x7f55a6da0358; 0 drivers
o0x7f55a6da0388 .functor BUFZ 16, C4<zzzzzzzzzzzzzzzz>; HiZ drive
v0x55db6691e1c0_186 .net v0x55db6691e1c0 186, 15 0, o0x7f55a6da0388; 0 drivers
o0x7f55a6da03b8 .functor BUFZ 16, C4<zzzzzzzzzzzzzzzz>; HiZ drive
v0x55db6691e1c0_187 .net v0x55db6691e1c0 187, 15 0, o0x7f55a6da03b8; 0 drivers
o0x7f55a6da03e8 .functor BUFZ 16, C4<zzzzzzzzzzzzzzzz>; HiZ drive
v0x55db6691e1c0_188 .net v0x55db6691e1c0 188, 15 0, o0x7f55a6da03e8; 0 drivers
o0x7f55a6da0418 .functor BUFZ 16, C4<zzzzzzzzzzzzzzzz>; HiZ drive
v0x55db6691e1c0_189 .net v0x55db6691e1c0 189, 15 0, o0x7f55a6da0418; 0 drivers
o0x7f55a6da0448 .functor BUFZ 16, C4<zzzzzzzzzzzzzzzz>; HiZ drive
v0x55db6691e1c0_190 .net v0x55db6691e1c0 190, 15 0, o0x7f55a6da0448; 0 drivers
o0x7f55a6da0478 .functor BUFZ 16, C4<zzzzzzzzzzzzzzzz>; HiZ drive
v0x55db6691e1c0_191 .net v0x55db6691e1c0 191, 15 0, o0x7f55a6da0478; 0 drivers
o0x7f55a6da04a8 .functor BUFZ 16, C4<zzzzzzzzzzzzzzzz>; HiZ drive
v0x55db6691e1c0_192 .net v0x55db6691e1c0 192, 15 0, o0x7f55a6da04a8; 0 drivers
o0x7f55a6da04d8 .functor BUFZ 16, C4<zzzzzzzzzzzzzzzz>; HiZ drive
v0x55db6691e1c0_193 .net v0x55db6691e1c0 193, 15 0, o0x7f55a6da04d8; 0 drivers
o0x7f55a6da0508 .functor BUFZ 16, C4<zzzzzzzzzzzzzzzz>; HiZ drive
v0x55db6691e1c0_194 .net v0x55db6691e1c0 194, 15 0, o0x7f55a6da0508; 0 drivers
o0x7f55a6da0538 .functor BUFZ 16, C4<zzzzzzzzzzzzzzzz>; HiZ drive
v0x55db6691e1c0_195 .net v0x55db6691e1c0 195, 15 0, o0x7f55a6da0538; 0 drivers
o0x7f55a6da0568 .functor BUFZ 16, C4<zzzzzzzzzzzzzzzz>; HiZ drive
v0x55db6691e1c0_196 .net v0x55db6691e1c0 196, 15 0, o0x7f55a6da0568; 0 drivers
o0x7f55a6da0598 .functor BUFZ 16, C4<zzzzzzzzzzzzzzzz>; HiZ drive
v0x55db6691e1c0_197 .net v0x55db6691e1c0 197, 15 0, o0x7f55a6da0598; 0 drivers
o0x7f55a6da05c8 .functor BUFZ 16, C4<zzzzzzzzzzzzzzzz>; HiZ drive
v0x55db6691e1c0_198 .net v0x55db6691e1c0 198, 15 0, o0x7f55a6da05c8; 0 drivers
o0x7f55a6da05f8 .functor BUFZ 16, C4<zzzzzzzzzzzzzzzz>; HiZ drive
v0x55db6691e1c0_199 .net v0x55db6691e1c0 199, 15 0, o0x7f55a6da05f8; 0 drivers
o0x7f55a6da0628 .functor BUFZ 16, C4<zzzzzzzzzzzzzzzz>; HiZ drive
v0x55db6691e1c0_200 .net v0x55db6691e1c0 200, 15 0, o0x7f55a6da0628; 0 drivers
o0x7f55a6da0658 .functor BUFZ 16, C4<zzzzzzzzzzzzzzzz>; HiZ drive
v0x55db6691e1c0_201 .net v0x55db6691e1c0 201, 15 0, o0x7f55a6da0658; 0 drivers
o0x7f55a6da0688 .functor BUFZ 16, C4<zzzzzzzzzzzzzzzz>; HiZ drive
v0x55db6691e1c0_202 .net v0x55db6691e1c0 202, 15 0, o0x7f55a6da0688; 0 drivers
o0x7f55a6da06b8 .functor BUFZ 16, C4<zzzzzzzzzzzzzzzz>; HiZ drive
v0x55db6691e1c0_203 .net v0x55db6691e1c0 203, 15 0, o0x7f55a6da06b8; 0 drivers
o0x7f55a6da06e8 .functor BUFZ 16, C4<zzzzzzzzzzzzzzzz>; HiZ drive
v0x55db6691e1c0_204 .net v0x55db6691e1c0 204, 15 0, o0x7f55a6da06e8; 0 drivers
o0x7f55a6da0718 .functor BUFZ 16, C4<zzzzzzzzzzzzzzzz>; HiZ drive
v0x55db6691e1c0_205 .net v0x55db6691e1c0 205, 15 0, o0x7f55a6da0718; 0 drivers
o0x7f55a6da0748 .functor BUFZ 16, C4<zzzzzzzzzzzzzzzz>; HiZ drive
v0x55db6691e1c0_206 .net v0x55db6691e1c0 206, 15 0, o0x7f55a6da0748; 0 drivers
o0x7f55a6da0778 .functor BUFZ 16, C4<zzzzzzzzzzzzzzzz>; HiZ drive
v0x55db6691e1c0_207 .net v0x55db6691e1c0 207, 15 0, o0x7f55a6da0778; 0 drivers
o0x7f55a6da07a8 .functor BUFZ 16, C4<zzzzzzzzzzzzzzzz>; HiZ drive
v0x55db6691e1c0_208 .net v0x55db6691e1c0 208, 15 0, o0x7f55a6da07a8; 0 drivers
o0x7f55a6da07d8 .functor BUFZ 16, C4<zzzzzzzzzzzzzzzz>; HiZ drive
v0x55db6691e1c0_209 .net v0x55db6691e1c0 209, 15 0, o0x7f55a6da07d8; 0 drivers
o0x7f55a6da0808 .functor BUFZ 16, C4<zzzzzzzzzzzzzzzz>; HiZ drive
v0x55db6691e1c0_210 .net v0x55db6691e1c0 210, 15 0, o0x7f55a6da0808; 0 drivers
o0x7f55a6da0838 .functor BUFZ 16, C4<zzzzzzzzzzzzzzzz>; HiZ drive
v0x55db6691e1c0_211 .net v0x55db6691e1c0 211, 15 0, o0x7f55a6da0838; 0 drivers
o0x7f55a6da0868 .functor BUFZ 16, C4<zzzzzzzzzzzzzzzz>; HiZ drive
v0x55db6691e1c0_212 .net v0x55db6691e1c0 212, 15 0, o0x7f55a6da0868; 0 drivers
o0x7f55a6da0898 .functor BUFZ 16, C4<zzzzzzzzzzzzzzzz>; HiZ drive
v0x55db6691e1c0_213 .net v0x55db6691e1c0 213, 15 0, o0x7f55a6da0898; 0 drivers
o0x7f55a6da08c8 .functor BUFZ 16, C4<zzzzzzzzzzzzzzzz>; HiZ drive
v0x55db6691e1c0_214 .net v0x55db6691e1c0 214, 15 0, o0x7f55a6da08c8; 0 drivers
o0x7f55a6da08f8 .functor BUFZ 16, C4<zzzzzzzzzzzzzzzz>; HiZ drive
v0x55db6691e1c0_215 .net v0x55db6691e1c0 215, 15 0, o0x7f55a6da08f8; 0 drivers
o0x7f55a6da0928 .functor BUFZ 16, C4<zzzzzzzzzzzzzzzz>; HiZ drive
v0x55db6691e1c0_216 .net v0x55db6691e1c0 216, 15 0, o0x7f55a6da0928; 0 drivers
o0x7f55a6da0958 .functor BUFZ 16, C4<zzzzzzzzzzzzzzzz>; HiZ drive
v0x55db6691e1c0_217 .net v0x55db6691e1c0 217, 15 0, o0x7f55a6da0958; 0 drivers
o0x7f55a6da0988 .functor BUFZ 16, C4<zzzzzzzzzzzzzzzz>; HiZ drive
v0x55db6691e1c0_218 .net v0x55db6691e1c0 218, 15 0, o0x7f55a6da0988; 0 drivers
o0x7f55a6da09b8 .functor BUFZ 16, C4<zzzzzzzzzzzzzzzz>; HiZ drive
v0x55db6691e1c0_219 .net v0x55db6691e1c0 219, 15 0, o0x7f55a6da09b8; 0 drivers
o0x7f55a6da09e8 .functor BUFZ 16, C4<zzzzzzzzzzzzzzzz>; HiZ drive
v0x55db6691e1c0_220 .net v0x55db6691e1c0 220, 15 0, o0x7f55a6da09e8; 0 drivers
o0x7f55a6da0a18 .functor BUFZ 16, C4<zzzzzzzzzzzzzzzz>; HiZ drive
v0x55db6691e1c0_221 .net v0x55db6691e1c0 221, 15 0, o0x7f55a6da0a18; 0 drivers
o0x7f55a6da0a48 .functor BUFZ 16, C4<zzzzzzzzzzzzzzzz>; HiZ drive
v0x55db6691e1c0_222 .net v0x55db6691e1c0 222, 15 0, o0x7f55a6da0a48; 0 drivers
o0x7f55a6da0a78 .functor BUFZ 16, C4<zzzzzzzzzzzzzzzz>; HiZ drive
v0x55db6691e1c0_223 .net v0x55db6691e1c0 223, 15 0, o0x7f55a6da0a78; 0 drivers
o0x7f55a6da0aa8 .functor BUFZ 16, C4<zzzzzzzzzzzzzzzz>; HiZ drive
v0x55db6691e1c0_224 .net v0x55db6691e1c0 224, 15 0, o0x7f55a6da0aa8; 0 drivers
o0x7f55a6da0ad8 .functor BUFZ 16, C4<zzzzzzzzzzzzzzzz>; HiZ drive
v0x55db6691e1c0_225 .net v0x55db6691e1c0 225, 15 0, o0x7f55a6da0ad8; 0 drivers
o0x7f55a6da0b08 .functor BUFZ 16, C4<zzzzzzzzzzzzzzzz>; HiZ drive
v0x55db6691e1c0_226 .net v0x55db6691e1c0 226, 15 0, o0x7f55a6da0b08; 0 drivers
o0x7f55a6da0b38 .functor BUFZ 16, C4<zzzzzzzzzzzzzzzz>; HiZ drive
v0x55db6691e1c0_227 .net v0x55db6691e1c0 227, 15 0, o0x7f55a6da0b38; 0 drivers
o0x7f55a6da0b68 .functor BUFZ 16, C4<zzzzzzzzzzzzzzzz>; HiZ drive
v0x55db6691e1c0_228 .net v0x55db6691e1c0 228, 15 0, o0x7f55a6da0b68; 0 drivers
o0x7f55a6da0b98 .functor BUFZ 16, C4<zzzzzzzzzzzzzzzz>; HiZ drive
v0x55db6691e1c0_229 .net v0x55db6691e1c0 229, 15 0, o0x7f55a6da0b98; 0 drivers
o0x7f55a6da0bc8 .functor BUFZ 16, C4<zzzzzzzzzzzzzzzz>; HiZ drive
v0x55db6691e1c0_230 .net v0x55db6691e1c0 230, 15 0, o0x7f55a6da0bc8; 0 drivers
o0x7f55a6da0bf8 .functor BUFZ 16, C4<zzzzzzzzzzzzzzzz>; HiZ drive
v0x55db6691e1c0_231 .net v0x55db6691e1c0 231, 15 0, o0x7f55a6da0bf8; 0 drivers
o0x7f55a6da0c28 .functor BUFZ 16, C4<zzzzzzzzzzzzzzzz>; HiZ drive
v0x55db6691e1c0_232 .net v0x55db6691e1c0 232, 15 0, o0x7f55a6da0c28; 0 drivers
o0x7f55a6da0c58 .functor BUFZ 16, C4<zzzzzzzzzzzzzzzz>; HiZ drive
v0x55db6691e1c0_233 .net v0x55db6691e1c0 233, 15 0, o0x7f55a6da0c58; 0 drivers
o0x7f55a6da0c88 .functor BUFZ 16, C4<zzzzzzzzzzzzzzzz>; HiZ drive
v0x55db6691e1c0_234 .net v0x55db6691e1c0 234, 15 0, o0x7f55a6da0c88; 0 drivers
o0x7f55a6da0cb8 .functor BUFZ 16, C4<zzzzzzzzzzzzzzzz>; HiZ drive
v0x55db6691e1c0_235 .net v0x55db6691e1c0 235, 15 0, o0x7f55a6da0cb8; 0 drivers
o0x7f55a6da0ce8 .functor BUFZ 16, C4<zzzzzzzzzzzzzzzz>; HiZ drive
v0x55db6691e1c0_236 .net v0x55db6691e1c0 236, 15 0, o0x7f55a6da0ce8; 0 drivers
o0x7f55a6da0d18 .functor BUFZ 16, C4<zzzzzzzzzzzzzzzz>; HiZ drive
v0x55db6691e1c0_237 .net v0x55db6691e1c0 237, 15 0, o0x7f55a6da0d18; 0 drivers
o0x7f55a6da0d48 .functor BUFZ 16, C4<zzzzzzzzzzzzzzzz>; HiZ drive
v0x55db6691e1c0_238 .net v0x55db6691e1c0 238, 15 0, o0x7f55a6da0d48; 0 drivers
o0x7f55a6da0d78 .functor BUFZ 16, C4<zzzzzzzzzzzzzzzz>; HiZ drive
v0x55db6691e1c0_239 .net v0x55db6691e1c0 239, 15 0, o0x7f55a6da0d78; 0 drivers
o0x7f55a6da0da8 .functor BUFZ 16, C4<zzzzzzzzzzzzzzzz>; HiZ drive
v0x55db6691e1c0_240 .net v0x55db6691e1c0 240, 15 0, o0x7f55a6da0da8; 0 drivers
o0x7f55a6da0dd8 .functor BUFZ 16, C4<zzzzzzzzzzzzzzzz>; HiZ drive
v0x55db6691e1c0_241 .net v0x55db6691e1c0 241, 15 0, o0x7f55a6da0dd8; 0 drivers
o0x7f55a6da0e08 .functor BUFZ 16, C4<zzzzzzzzzzzzzzzz>; HiZ drive
v0x55db6691e1c0_242 .net v0x55db6691e1c0 242, 15 0, o0x7f55a6da0e08; 0 drivers
o0x7f55a6da0e38 .functor BUFZ 16, C4<zzzzzzzzzzzzzzzz>; HiZ drive
v0x55db6691e1c0_243 .net v0x55db6691e1c0 243, 15 0, o0x7f55a6da0e38; 0 drivers
o0x7f55a6da0e68 .functor BUFZ 16, C4<zzzzzzzzzzzzzzzz>; HiZ drive
v0x55db6691e1c0_244 .net v0x55db6691e1c0 244, 15 0, o0x7f55a6da0e68; 0 drivers
o0x7f55a6da0e98 .functor BUFZ 16, C4<zzzzzzzzzzzzzzzz>; HiZ drive
v0x55db6691e1c0_245 .net v0x55db6691e1c0 245, 15 0, o0x7f55a6da0e98; 0 drivers
o0x7f55a6da0ec8 .functor BUFZ 16, C4<zzzzzzzzzzzzzzzz>; HiZ drive
v0x55db6691e1c0_246 .net v0x55db6691e1c0 246, 15 0, o0x7f55a6da0ec8; 0 drivers
o0x7f55a6da0ef8 .functor BUFZ 16, C4<zzzzzzzzzzzzzzzz>; HiZ drive
v0x55db6691e1c0_247 .net v0x55db6691e1c0 247, 15 0, o0x7f55a6da0ef8; 0 drivers
o0x7f55a6da0f28 .functor BUFZ 16, C4<zzzzzzzzzzzzzzzz>; HiZ drive
v0x55db6691e1c0_248 .net v0x55db6691e1c0 248, 15 0, o0x7f55a6da0f28; 0 drivers
o0x7f55a6da0f58 .functor BUFZ 16, C4<zzzzzzzzzzzzzzzz>; HiZ drive
v0x55db6691e1c0_249 .net v0x55db6691e1c0 249, 15 0, o0x7f55a6da0f58; 0 drivers
o0x7f55a6da0f88 .functor BUFZ 16, C4<zzzzzzzzzzzzzzzz>; HiZ drive
v0x55db6691e1c0_250 .net v0x55db6691e1c0 250, 15 0, o0x7f55a6da0f88; 0 drivers
o0x7f55a6da0fb8 .functor BUFZ 16, C4<zzzzzzzzzzzzzzzz>; HiZ drive
v0x55db6691e1c0_251 .net v0x55db6691e1c0 251, 15 0, o0x7f55a6da0fb8; 0 drivers
o0x7f55a6da0fe8 .functor BUFZ 16, C4<zzzzzzzzzzzzzzzz>; HiZ drive
v0x55db6691e1c0_252 .net v0x55db6691e1c0 252, 15 0, o0x7f55a6da0fe8; 0 drivers
o0x7f55a6da1018 .functor BUFZ 16, C4<zzzzzzzzzzzzzzzz>; HiZ drive
v0x55db6691e1c0_253 .net v0x55db6691e1c0 253, 15 0, o0x7f55a6da1018; 0 drivers
o0x7f55a6da1048 .functor BUFZ 16, C4<zzzzzzzzzzzzzzzz>; HiZ drive
v0x55db6691e1c0_254 .net v0x55db6691e1c0 254, 15 0, o0x7f55a6da1048; 0 drivers
o0x7f55a6da1078 .functor BUFZ 16, C4<zzzzzzzzzzzzzzzz>; HiZ drive
v0x55db6691e1c0_255 .net v0x55db6691e1c0 255, 15 0, o0x7f55a6da1078; 0 drivers
o0x7f55a6da10a8 .functor BUFZ 16, C4<zzzzzzzzzzzzzzzz>; HiZ drive
v0x55db6691e1c0_256 .net v0x55db6691e1c0 256, 15 0, o0x7f55a6da10a8; 0 drivers
o0x7f55a6da10d8 .functor BUFZ 16, C4<zzzzzzzzzzzzzzzz>; HiZ drive
v0x55db6691e1c0_257 .net v0x55db6691e1c0 257, 15 0, o0x7f55a6da10d8; 0 drivers
o0x7f55a6da1108 .functor BUFZ 16, C4<zzzzzzzzzzzzzzzz>; HiZ drive
v0x55db6691e1c0_258 .net v0x55db6691e1c0 258, 15 0, o0x7f55a6da1108; 0 drivers
o0x7f55a6da1138 .functor BUFZ 16, C4<zzzzzzzzzzzzzzzz>; HiZ drive
v0x55db6691e1c0_259 .net v0x55db6691e1c0 259, 15 0, o0x7f55a6da1138; 0 drivers
o0x7f55a6da1168 .functor BUFZ 16, C4<zzzzzzzzzzzzzzzz>; HiZ drive
v0x55db6691e1c0_260 .net v0x55db6691e1c0 260, 15 0, o0x7f55a6da1168; 0 drivers
o0x7f55a6da1198 .functor BUFZ 16, C4<zzzzzzzzzzzzzzzz>; HiZ drive
v0x55db6691e1c0_261 .net v0x55db6691e1c0 261, 15 0, o0x7f55a6da1198; 0 drivers
o0x7f55a6da11c8 .functor BUFZ 16, C4<zzzzzzzzzzzzzzzz>; HiZ drive
v0x55db6691e1c0_262 .net v0x55db6691e1c0 262, 15 0, o0x7f55a6da11c8; 0 drivers
o0x7f55a6da11f8 .functor BUFZ 16, C4<zzzzzzzzzzzzzzzz>; HiZ drive
v0x55db6691e1c0_263 .net v0x55db6691e1c0 263, 15 0, o0x7f55a6da11f8; 0 drivers
o0x7f55a6da1228 .functor BUFZ 16, C4<zzzzzzzzzzzzzzzz>; HiZ drive
v0x55db6691e1c0_264 .net v0x55db6691e1c0 264, 15 0, o0x7f55a6da1228; 0 drivers
o0x7f55a6da1258 .functor BUFZ 16, C4<zzzzzzzzzzzzzzzz>; HiZ drive
v0x55db6691e1c0_265 .net v0x55db6691e1c0 265, 15 0, o0x7f55a6da1258; 0 drivers
o0x7f55a6da1288 .functor BUFZ 16, C4<zzzzzzzzzzzzzzzz>; HiZ drive
v0x55db6691e1c0_266 .net v0x55db6691e1c0 266, 15 0, o0x7f55a6da1288; 0 drivers
o0x7f55a6da12b8 .functor BUFZ 16, C4<zzzzzzzzzzzzzzzz>; HiZ drive
v0x55db6691e1c0_267 .net v0x55db6691e1c0 267, 15 0, o0x7f55a6da12b8; 0 drivers
o0x7f55a6da12e8 .functor BUFZ 16, C4<zzzzzzzzzzzzzzzz>; HiZ drive
v0x55db6691e1c0_268 .net v0x55db6691e1c0 268, 15 0, o0x7f55a6da12e8; 0 drivers
o0x7f55a6da1318 .functor BUFZ 16, C4<zzzzzzzzzzzzzzzz>; HiZ drive
v0x55db6691e1c0_269 .net v0x55db6691e1c0 269, 15 0, o0x7f55a6da1318; 0 drivers
o0x7f55a6da1348 .functor BUFZ 16, C4<zzzzzzzzzzzzzzzz>; HiZ drive
v0x55db6691e1c0_270 .net v0x55db6691e1c0 270, 15 0, o0x7f55a6da1348; 0 drivers
o0x7f55a6da1378 .functor BUFZ 16, C4<zzzzzzzzzzzzzzzz>; HiZ drive
v0x55db6691e1c0_271 .net v0x55db6691e1c0 271, 15 0, o0x7f55a6da1378; 0 drivers
o0x7f55a6da13a8 .functor BUFZ 16, C4<zzzzzzzzzzzzzzzz>; HiZ drive
v0x55db6691e1c0_272 .net v0x55db6691e1c0 272, 15 0, o0x7f55a6da13a8; 0 drivers
o0x7f55a6da13d8 .functor BUFZ 16, C4<zzzzzzzzzzzzzzzz>; HiZ drive
v0x55db6691e1c0_273 .net v0x55db6691e1c0 273, 15 0, o0x7f55a6da13d8; 0 drivers
o0x7f55a6da1408 .functor BUFZ 16, C4<zzzzzzzzzzzzzzzz>; HiZ drive
v0x55db6691e1c0_274 .net v0x55db6691e1c0 274, 15 0, o0x7f55a6da1408; 0 drivers
o0x7f55a6da1438 .functor BUFZ 16, C4<zzzzzzzzzzzzzzzz>; HiZ drive
v0x55db6691e1c0_275 .net v0x55db6691e1c0 275, 15 0, o0x7f55a6da1438; 0 drivers
o0x7f55a6da1468 .functor BUFZ 16, C4<zzzzzzzzzzzzzzzz>; HiZ drive
v0x55db6691e1c0_276 .net v0x55db6691e1c0 276, 15 0, o0x7f55a6da1468; 0 drivers
o0x7f55a6da1498 .functor BUFZ 16, C4<zzzzzzzzzzzzzzzz>; HiZ drive
v0x55db6691e1c0_277 .net v0x55db6691e1c0 277, 15 0, o0x7f55a6da1498; 0 drivers
o0x7f55a6da14c8 .functor BUFZ 16, C4<zzzzzzzzzzzzzzzz>; HiZ drive
v0x55db6691e1c0_278 .net v0x55db6691e1c0 278, 15 0, o0x7f55a6da14c8; 0 drivers
o0x7f55a6da14f8 .functor BUFZ 16, C4<zzzzzzzzzzzzzzzz>; HiZ drive
v0x55db6691e1c0_279 .net v0x55db6691e1c0 279, 15 0, o0x7f55a6da14f8; 0 drivers
o0x7f55a6da1528 .functor BUFZ 16, C4<zzzzzzzzzzzzzzzz>; HiZ drive
v0x55db6691e1c0_280 .net v0x55db6691e1c0 280, 15 0, o0x7f55a6da1528; 0 drivers
o0x7f55a6da1558 .functor BUFZ 16, C4<zzzzzzzzzzzzzzzz>; HiZ drive
v0x55db6691e1c0_281 .net v0x55db6691e1c0 281, 15 0, o0x7f55a6da1558; 0 drivers
o0x7f55a6da1588 .functor BUFZ 16, C4<zzzzzzzzzzzzzzzz>; HiZ drive
v0x55db6691e1c0_282 .net v0x55db6691e1c0 282, 15 0, o0x7f55a6da1588; 0 drivers
o0x7f55a6da15b8 .functor BUFZ 16, C4<zzzzzzzzzzzzzzzz>; HiZ drive
v0x55db6691e1c0_283 .net v0x55db6691e1c0 283, 15 0, o0x7f55a6da15b8; 0 drivers
o0x7f55a6da15e8 .functor BUFZ 16, C4<zzzzzzzzzzzzzzzz>; HiZ drive
v0x55db6691e1c0_284 .net v0x55db6691e1c0 284, 15 0, o0x7f55a6da15e8; 0 drivers
o0x7f55a6da1618 .functor BUFZ 16, C4<zzzzzzzzzzzzzzzz>; HiZ drive
v0x55db6691e1c0_285 .net v0x55db6691e1c0 285, 15 0, o0x7f55a6da1618; 0 drivers
o0x7f55a6da1648 .functor BUFZ 16, C4<zzzzzzzzzzzzzzzz>; HiZ drive
v0x55db6691e1c0_286 .net v0x55db6691e1c0 286, 15 0, o0x7f55a6da1648; 0 drivers
o0x7f55a6da1678 .functor BUFZ 16, C4<zzzzzzzzzzzzzzzz>; HiZ drive
v0x55db6691e1c0_287 .net v0x55db6691e1c0 287, 15 0, o0x7f55a6da1678; 0 drivers
o0x7f55a6da16a8 .functor BUFZ 16, C4<zzzzzzzzzzzzzzzz>; HiZ drive
v0x55db6691e1c0_288 .net v0x55db6691e1c0 288, 15 0, o0x7f55a6da16a8; 0 drivers
o0x7f55a6da16d8 .functor BUFZ 16, C4<zzzzzzzzzzzzzzzz>; HiZ drive
v0x55db6691e1c0_289 .net v0x55db6691e1c0 289, 15 0, o0x7f55a6da16d8; 0 drivers
o0x7f55a6da1708 .functor BUFZ 16, C4<zzzzzzzzzzzzzzzz>; HiZ drive
v0x55db6691e1c0_290 .net v0x55db6691e1c0 290, 15 0, o0x7f55a6da1708; 0 drivers
o0x7f55a6da1738 .functor BUFZ 16, C4<zzzzzzzzzzzzzzzz>; HiZ drive
v0x55db6691e1c0_291 .net v0x55db6691e1c0 291, 15 0, o0x7f55a6da1738; 0 drivers
o0x7f55a6da1768 .functor BUFZ 16, C4<zzzzzzzzzzzzzzzz>; HiZ drive
v0x55db6691e1c0_292 .net v0x55db6691e1c0 292, 15 0, o0x7f55a6da1768; 0 drivers
o0x7f55a6da1798 .functor BUFZ 16, C4<zzzzzzzzzzzzzzzz>; HiZ drive
v0x55db6691e1c0_293 .net v0x55db6691e1c0 293, 15 0, o0x7f55a6da1798; 0 drivers
o0x7f55a6da17c8 .functor BUFZ 16, C4<zzzzzzzzzzzzzzzz>; HiZ drive
v0x55db6691e1c0_294 .net v0x55db6691e1c0 294, 15 0, o0x7f55a6da17c8; 0 drivers
o0x7f55a6da17f8 .functor BUFZ 16, C4<zzzzzzzzzzzzzzzz>; HiZ drive
v0x55db6691e1c0_295 .net v0x55db6691e1c0 295, 15 0, o0x7f55a6da17f8; 0 drivers
o0x7f55a6da1828 .functor BUFZ 16, C4<zzzzzzzzzzzzzzzz>; HiZ drive
v0x55db6691e1c0_296 .net v0x55db6691e1c0 296, 15 0, o0x7f55a6da1828; 0 drivers
o0x7f55a6da1858 .functor BUFZ 16, C4<zzzzzzzzzzzzzzzz>; HiZ drive
v0x55db6691e1c0_297 .net v0x55db6691e1c0 297, 15 0, o0x7f55a6da1858; 0 drivers
o0x7f55a6da1888 .functor BUFZ 16, C4<zzzzzzzzzzzzzzzz>; HiZ drive
v0x55db6691e1c0_298 .net v0x55db6691e1c0 298, 15 0, o0x7f55a6da1888; 0 drivers
o0x7f55a6da18b8 .functor BUFZ 16, C4<zzzzzzzzzzzzzzzz>; HiZ drive
v0x55db6691e1c0_299 .net v0x55db6691e1c0 299, 15 0, o0x7f55a6da18b8; 0 drivers
o0x7f55a6da18e8 .functor BUFZ 16, C4<zzzzzzzzzzzzzzzz>; HiZ drive
v0x55db6691e1c0_300 .net v0x55db6691e1c0 300, 15 0, o0x7f55a6da18e8; 0 drivers
o0x7f55a6da1918 .functor BUFZ 16, C4<zzzzzzzzzzzzzzzz>; HiZ drive
v0x55db6691e1c0_301 .net v0x55db6691e1c0 301, 15 0, o0x7f55a6da1918; 0 drivers
o0x7f55a6da1948 .functor BUFZ 16, C4<zzzzzzzzzzzzzzzz>; HiZ drive
v0x55db6691e1c0_302 .net v0x55db6691e1c0 302, 15 0, o0x7f55a6da1948; 0 drivers
o0x7f55a6da1978 .functor BUFZ 16, C4<zzzzzzzzzzzzzzzz>; HiZ drive
v0x55db6691e1c0_303 .net v0x55db6691e1c0 303, 15 0, o0x7f55a6da1978; 0 drivers
o0x7f55a6da19a8 .functor BUFZ 16, C4<zzzzzzzzzzzzzzzz>; HiZ drive
v0x55db6691e1c0_304 .net v0x55db6691e1c0 304, 15 0, o0x7f55a6da19a8; 0 drivers
o0x7f55a6da19d8 .functor BUFZ 16, C4<zzzzzzzzzzzzzzzz>; HiZ drive
v0x55db6691e1c0_305 .net v0x55db6691e1c0 305, 15 0, o0x7f55a6da19d8; 0 drivers
o0x7f55a6da1a08 .functor BUFZ 16, C4<zzzzzzzzzzzzzzzz>; HiZ drive
v0x55db6691e1c0_306 .net v0x55db6691e1c0 306, 15 0, o0x7f55a6da1a08; 0 drivers
o0x7f55a6da1a38 .functor BUFZ 16, C4<zzzzzzzzzzzzzzzz>; HiZ drive
v0x55db6691e1c0_307 .net v0x55db6691e1c0 307, 15 0, o0x7f55a6da1a38; 0 drivers
o0x7f55a6da1a68 .functor BUFZ 16, C4<zzzzzzzzzzzzzzzz>; HiZ drive
v0x55db6691e1c0_308 .net v0x55db6691e1c0 308, 15 0, o0x7f55a6da1a68; 0 drivers
o0x7f55a6da1a98 .functor BUFZ 16, C4<zzzzzzzzzzzzzzzz>; HiZ drive
v0x55db6691e1c0_309 .net v0x55db6691e1c0 309, 15 0, o0x7f55a6da1a98; 0 drivers
o0x7f55a6da1ac8 .functor BUFZ 16, C4<zzzzzzzzzzzzzzzz>; HiZ drive
v0x55db6691e1c0_310 .net v0x55db6691e1c0 310, 15 0, o0x7f55a6da1ac8; 0 drivers
o0x7f55a6da1af8 .functor BUFZ 16, C4<zzzzzzzzzzzzzzzz>; HiZ drive
v0x55db6691e1c0_311 .net v0x55db6691e1c0 311, 15 0, o0x7f55a6da1af8; 0 drivers
o0x7f55a6da1b28 .functor BUFZ 16, C4<zzzzzzzzzzzzzzzz>; HiZ drive
v0x55db6691e1c0_312 .net v0x55db6691e1c0 312, 15 0, o0x7f55a6da1b28; 0 drivers
o0x7f55a6da1b58 .functor BUFZ 16, C4<zzzzzzzzzzzzzzzz>; HiZ drive
v0x55db6691e1c0_313 .net v0x55db6691e1c0 313, 15 0, o0x7f55a6da1b58; 0 drivers
o0x7f55a6da1b88 .functor BUFZ 16, C4<zzzzzzzzzzzzzzzz>; HiZ drive
v0x55db6691e1c0_314 .net v0x55db6691e1c0 314, 15 0, o0x7f55a6da1b88; 0 drivers
o0x7f55a6da1bb8 .functor BUFZ 16, C4<zzzzzzzzzzzzzzzz>; HiZ drive
v0x55db6691e1c0_315 .net v0x55db6691e1c0 315, 15 0, o0x7f55a6da1bb8; 0 drivers
o0x7f55a6da1be8 .functor BUFZ 16, C4<zzzzzzzzzzzzzzzz>; HiZ drive
v0x55db6691e1c0_316 .net v0x55db6691e1c0 316, 15 0, o0x7f55a6da1be8; 0 drivers
o0x7f55a6da1c18 .functor BUFZ 16, C4<zzzzzzzzzzzzzzzz>; HiZ drive
v0x55db6691e1c0_317 .net v0x55db6691e1c0 317, 15 0, o0x7f55a6da1c18; 0 drivers
o0x7f55a6da1c48 .functor BUFZ 16, C4<zzzzzzzzzzzzzzzz>; HiZ drive
v0x55db6691e1c0_318 .net v0x55db6691e1c0 318, 15 0, o0x7f55a6da1c48; 0 drivers
o0x7f55a6da1c78 .functor BUFZ 16, C4<zzzzzzzzzzzzzzzz>; HiZ drive
v0x55db6691e1c0_319 .net v0x55db6691e1c0 319, 15 0, o0x7f55a6da1c78; 0 drivers
o0x7f55a6da1ca8 .functor BUFZ 16, C4<zzzzzzzzzzzzzzzz>; HiZ drive
v0x55db6691e1c0_320 .net v0x55db6691e1c0 320, 15 0, o0x7f55a6da1ca8; 0 drivers
o0x7f55a6da1cd8 .functor BUFZ 16, C4<zzzzzzzzzzzzzzzz>; HiZ drive
v0x55db6691e1c0_321 .net v0x55db6691e1c0 321, 15 0, o0x7f55a6da1cd8; 0 drivers
o0x7f55a6da1d08 .functor BUFZ 16, C4<zzzzzzzzzzzzzzzz>; HiZ drive
v0x55db6691e1c0_322 .net v0x55db6691e1c0 322, 15 0, o0x7f55a6da1d08; 0 drivers
o0x7f55a6da1d38 .functor BUFZ 16, C4<zzzzzzzzzzzzzzzz>; HiZ drive
v0x55db6691e1c0_323 .net v0x55db6691e1c0 323, 15 0, o0x7f55a6da1d38; 0 drivers
o0x7f55a6da1d68 .functor BUFZ 16, C4<zzzzzzzzzzzzzzzz>; HiZ drive
v0x55db6691e1c0_324 .net v0x55db6691e1c0 324, 15 0, o0x7f55a6da1d68; 0 drivers
o0x7f55a6da1d98 .functor BUFZ 16, C4<zzzzzzzzzzzzzzzz>; HiZ drive
v0x55db6691e1c0_325 .net v0x55db6691e1c0 325, 15 0, o0x7f55a6da1d98; 0 drivers
o0x7f55a6da1dc8 .functor BUFZ 16, C4<zzzzzzzzzzzzzzzz>; HiZ drive
v0x55db6691e1c0_326 .net v0x55db6691e1c0 326, 15 0, o0x7f55a6da1dc8; 0 drivers
o0x7f55a6da1df8 .functor BUFZ 16, C4<zzzzzzzzzzzzzzzz>; HiZ drive
v0x55db6691e1c0_327 .net v0x55db6691e1c0 327, 15 0, o0x7f55a6da1df8; 0 drivers
o0x7f55a6da1e28 .functor BUFZ 16, C4<zzzzzzzzzzzzzzzz>; HiZ drive
v0x55db6691e1c0_328 .net v0x55db6691e1c0 328, 15 0, o0x7f55a6da1e28; 0 drivers
o0x7f55a6da1e58 .functor BUFZ 16, C4<zzzzzzzzzzzzzzzz>; HiZ drive
v0x55db6691e1c0_329 .net v0x55db6691e1c0 329, 15 0, o0x7f55a6da1e58; 0 drivers
o0x7f55a6da1e88 .functor BUFZ 16, C4<zzzzzzzzzzzzzzzz>; HiZ drive
v0x55db6691e1c0_330 .net v0x55db6691e1c0 330, 15 0, o0x7f55a6da1e88; 0 drivers
o0x7f55a6da1eb8 .functor BUFZ 16, C4<zzzzzzzzzzzzzzzz>; HiZ drive
v0x55db6691e1c0_331 .net v0x55db6691e1c0 331, 15 0, o0x7f55a6da1eb8; 0 drivers
o0x7f55a6da1ee8 .functor BUFZ 16, C4<zzzzzzzzzzzzzzzz>; HiZ drive
v0x55db6691e1c0_332 .net v0x55db6691e1c0 332, 15 0, o0x7f55a6da1ee8; 0 drivers
o0x7f55a6da1f18 .functor BUFZ 16, C4<zzzzzzzzzzzzzzzz>; HiZ drive
v0x55db6691e1c0_333 .net v0x55db6691e1c0 333, 15 0, o0x7f55a6da1f18; 0 drivers
o0x7f55a6da1f48 .functor BUFZ 16, C4<zzzzzzzzzzzzzzzz>; HiZ drive
v0x55db6691e1c0_334 .net v0x55db6691e1c0 334, 15 0, o0x7f55a6da1f48; 0 drivers
o0x7f55a6da1f78 .functor BUFZ 16, C4<zzzzzzzzzzzzzzzz>; HiZ drive
v0x55db6691e1c0_335 .net v0x55db6691e1c0 335, 15 0, o0x7f55a6da1f78; 0 drivers
o0x7f55a6da1fa8 .functor BUFZ 16, C4<zzzzzzzzzzzzzzzz>; HiZ drive
v0x55db6691e1c0_336 .net v0x55db6691e1c0 336, 15 0, o0x7f55a6da1fa8; 0 drivers
o0x7f55a6da1fd8 .functor BUFZ 16, C4<zzzzzzzzzzzzzzzz>; HiZ drive
v0x55db6691e1c0_337 .net v0x55db6691e1c0 337, 15 0, o0x7f55a6da1fd8; 0 drivers
o0x7f55a6da2008 .functor BUFZ 16, C4<zzzzzzzzzzzzzzzz>; HiZ drive
v0x55db6691e1c0_338 .net v0x55db6691e1c0 338, 15 0, o0x7f55a6da2008; 0 drivers
o0x7f55a6da2038 .functor BUFZ 16, C4<zzzzzzzzzzzzzzzz>; HiZ drive
v0x55db6691e1c0_339 .net v0x55db6691e1c0 339, 15 0, o0x7f55a6da2038; 0 drivers
o0x7f55a6da2068 .functor BUFZ 16, C4<zzzzzzzzzzzzzzzz>; HiZ drive
v0x55db6691e1c0_340 .net v0x55db6691e1c0 340, 15 0, o0x7f55a6da2068; 0 drivers
o0x7f55a6da2098 .functor BUFZ 16, C4<zzzzzzzzzzzzzzzz>; HiZ drive
v0x55db6691e1c0_341 .net v0x55db6691e1c0 341, 15 0, o0x7f55a6da2098; 0 drivers
o0x7f55a6da20c8 .functor BUFZ 16, C4<zzzzzzzzzzzzzzzz>; HiZ drive
v0x55db6691e1c0_342 .net v0x55db6691e1c0 342, 15 0, o0x7f55a6da20c8; 0 drivers
o0x7f55a6da20f8 .functor BUFZ 16, C4<zzzzzzzzzzzzzzzz>; HiZ drive
v0x55db6691e1c0_343 .net v0x55db6691e1c0 343, 15 0, o0x7f55a6da20f8; 0 drivers
o0x7f55a6da2128 .functor BUFZ 16, C4<zzzzzzzzzzzzzzzz>; HiZ drive
v0x55db6691e1c0_344 .net v0x55db6691e1c0 344, 15 0, o0x7f55a6da2128; 0 drivers
o0x7f55a6da2158 .functor BUFZ 16, C4<zzzzzzzzzzzzzzzz>; HiZ drive
v0x55db6691e1c0_345 .net v0x55db6691e1c0 345, 15 0, o0x7f55a6da2158; 0 drivers
o0x7f55a6da2188 .functor BUFZ 16, C4<zzzzzzzzzzzzzzzz>; HiZ drive
v0x55db6691e1c0_346 .net v0x55db6691e1c0 346, 15 0, o0x7f55a6da2188; 0 drivers
o0x7f55a6da21b8 .functor BUFZ 16, C4<zzzzzzzzzzzzzzzz>; HiZ drive
v0x55db6691e1c0_347 .net v0x55db6691e1c0 347, 15 0, o0x7f55a6da21b8; 0 drivers
o0x7f55a6da21e8 .functor BUFZ 16, C4<zzzzzzzzzzzzzzzz>; HiZ drive
v0x55db6691e1c0_348 .net v0x55db6691e1c0 348, 15 0, o0x7f55a6da21e8; 0 drivers
o0x7f55a6da2218 .functor BUFZ 16, C4<zzzzzzzzzzzzzzzz>; HiZ drive
v0x55db6691e1c0_349 .net v0x55db6691e1c0 349, 15 0, o0x7f55a6da2218; 0 drivers
o0x7f55a6da2248 .functor BUFZ 16, C4<zzzzzzzzzzzzzzzz>; HiZ drive
v0x55db6691e1c0_350 .net v0x55db6691e1c0 350, 15 0, o0x7f55a6da2248; 0 drivers
o0x7f55a6da2278 .functor BUFZ 16, C4<zzzzzzzzzzzzzzzz>; HiZ drive
v0x55db6691e1c0_351 .net v0x55db6691e1c0 351, 15 0, o0x7f55a6da2278; 0 drivers
o0x7f55a6da22a8 .functor BUFZ 16, C4<zzzzzzzzzzzzzzzz>; HiZ drive
v0x55db6691e1c0_352 .net v0x55db6691e1c0 352, 15 0, o0x7f55a6da22a8; 0 drivers
o0x7f55a6da22d8 .functor BUFZ 16, C4<zzzzzzzzzzzzzzzz>; HiZ drive
v0x55db6691e1c0_353 .net v0x55db6691e1c0 353, 15 0, o0x7f55a6da22d8; 0 drivers
o0x7f55a6da2308 .functor BUFZ 16, C4<zzzzzzzzzzzzzzzz>; HiZ drive
v0x55db6691e1c0_354 .net v0x55db6691e1c0 354, 15 0, o0x7f55a6da2308; 0 drivers
o0x7f55a6da2338 .functor BUFZ 16, C4<zzzzzzzzzzzzzzzz>; HiZ drive
v0x55db6691e1c0_355 .net v0x55db6691e1c0 355, 15 0, o0x7f55a6da2338; 0 drivers
o0x7f55a6da2368 .functor BUFZ 16, C4<zzzzzzzzzzzzzzzz>; HiZ drive
v0x55db6691e1c0_356 .net v0x55db6691e1c0 356, 15 0, o0x7f55a6da2368; 0 drivers
o0x7f55a6da2398 .functor BUFZ 16, C4<zzzzzzzzzzzzzzzz>; HiZ drive
v0x55db6691e1c0_357 .net v0x55db6691e1c0 357, 15 0, o0x7f55a6da2398; 0 drivers
o0x7f55a6da23c8 .functor BUFZ 16, C4<zzzzzzzzzzzzzzzz>; HiZ drive
v0x55db6691e1c0_358 .net v0x55db6691e1c0 358, 15 0, o0x7f55a6da23c8; 0 drivers
o0x7f55a6da23f8 .functor BUFZ 16, C4<zzzzzzzzzzzzzzzz>; HiZ drive
v0x55db6691e1c0_359 .net v0x55db6691e1c0 359, 15 0, o0x7f55a6da23f8; 0 drivers
o0x7f55a6da2428 .functor BUFZ 16, C4<zzzzzzzzzzzzzzzz>; HiZ drive
v0x55db6691e1c0_360 .net v0x55db6691e1c0 360, 15 0, o0x7f55a6da2428; 0 drivers
o0x7f55a6da2458 .functor BUFZ 16, C4<zzzzzzzzzzzzzzzz>; HiZ drive
v0x55db6691e1c0_361 .net v0x55db6691e1c0 361, 15 0, o0x7f55a6da2458; 0 drivers
o0x7f55a6da2488 .functor BUFZ 16, C4<zzzzzzzzzzzzzzzz>; HiZ drive
v0x55db6691e1c0_362 .net v0x55db6691e1c0 362, 15 0, o0x7f55a6da2488; 0 drivers
o0x7f55a6da24b8 .functor BUFZ 16, C4<zzzzzzzzzzzzzzzz>; HiZ drive
v0x55db6691e1c0_363 .net v0x55db6691e1c0 363, 15 0, o0x7f55a6da24b8; 0 drivers
o0x7f55a6da24e8 .functor BUFZ 16, C4<zzzzzzzzzzzzzzzz>; HiZ drive
v0x55db6691e1c0_364 .net v0x55db6691e1c0 364, 15 0, o0x7f55a6da24e8; 0 drivers
o0x7f55a6da2518 .functor BUFZ 16, C4<zzzzzzzzzzzzzzzz>; HiZ drive
v0x55db6691e1c0_365 .net v0x55db6691e1c0 365, 15 0, o0x7f55a6da2518; 0 drivers
o0x7f55a6da2548 .functor BUFZ 16, C4<zzzzzzzzzzzzzzzz>; HiZ drive
v0x55db6691e1c0_366 .net v0x55db6691e1c0 366, 15 0, o0x7f55a6da2548; 0 drivers
o0x7f55a6da2578 .functor BUFZ 16, C4<zzzzzzzzzzzzzzzz>; HiZ drive
v0x55db6691e1c0_367 .net v0x55db6691e1c0 367, 15 0, o0x7f55a6da2578; 0 drivers
o0x7f55a6da25a8 .functor BUFZ 16, C4<zzzzzzzzzzzzzzzz>; HiZ drive
v0x55db6691e1c0_368 .net v0x55db6691e1c0 368, 15 0, o0x7f55a6da25a8; 0 drivers
o0x7f55a6da25d8 .functor BUFZ 16, C4<zzzzzzzzzzzzzzzz>; HiZ drive
v0x55db6691e1c0_369 .net v0x55db6691e1c0 369, 15 0, o0x7f55a6da25d8; 0 drivers
o0x7f55a6da2608 .functor BUFZ 16, C4<zzzzzzzzzzzzzzzz>; HiZ drive
v0x55db6691e1c0_370 .net v0x55db6691e1c0 370, 15 0, o0x7f55a6da2608; 0 drivers
o0x7f55a6da2638 .functor BUFZ 16, C4<zzzzzzzzzzzzzzzz>; HiZ drive
v0x55db6691e1c0_371 .net v0x55db6691e1c0 371, 15 0, o0x7f55a6da2638; 0 drivers
o0x7f55a6da2668 .functor BUFZ 16, C4<zzzzzzzzzzzzzzzz>; HiZ drive
v0x55db6691e1c0_372 .net v0x55db6691e1c0 372, 15 0, o0x7f55a6da2668; 0 drivers
o0x7f55a6da2698 .functor BUFZ 16, C4<zzzzzzzzzzzzzzzz>; HiZ drive
v0x55db6691e1c0_373 .net v0x55db6691e1c0 373, 15 0, o0x7f55a6da2698; 0 drivers
o0x7f55a6da26c8 .functor BUFZ 16, C4<zzzzzzzzzzzzzzzz>; HiZ drive
v0x55db6691e1c0_374 .net v0x55db6691e1c0 374, 15 0, o0x7f55a6da26c8; 0 drivers
o0x7f55a6da26f8 .functor BUFZ 16, C4<zzzzzzzzzzzzzzzz>; HiZ drive
v0x55db6691e1c0_375 .net v0x55db6691e1c0 375, 15 0, o0x7f55a6da26f8; 0 drivers
o0x7f55a6da2728 .functor BUFZ 16, C4<zzzzzzzzzzzzzzzz>; HiZ drive
v0x55db6691e1c0_376 .net v0x55db6691e1c0 376, 15 0, o0x7f55a6da2728; 0 drivers
o0x7f55a6da2758 .functor BUFZ 16, C4<zzzzzzzzzzzzzzzz>; HiZ drive
v0x55db6691e1c0_377 .net v0x55db6691e1c0 377, 15 0, o0x7f55a6da2758; 0 drivers
o0x7f55a6da2788 .functor BUFZ 16, C4<zzzzzzzzzzzzzzzz>; HiZ drive
v0x55db6691e1c0_378 .net v0x55db6691e1c0 378, 15 0, o0x7f55a6da2788; 0 drivers
o0x7f55a6da27b8 .functor BUFZ 16, C4<zzzzzzzzzzzzzzzz>; HiZ drive
v0x55db6691e1c0_379 .net v0x55db6691e1c0 379, 15 0, o0x7f55a6da27b8; 0 drivers
o0x7f55a6da27e8 .functor BUFZ 16, C4<zzzzzzzzzzzzzzzz>; HiZ drive
v0x55db6691e1c0_380 .net v0x55db6691e1c0 380, 15 0, o0x7f55a6da27e8; 0 drivers
o0x7f55a6da2818 .functor BUFZ 16, C4<zzzzzzzzzzzzzzzz>; HiZ drive
v0x55db6691e1c0_381 .net v0x55db6691e1c0 381, 15 0, o0x7f55a6da2818; 0 drivers
o0x7f55a6da2848 .functor BUFZ 16, C4<zzzzzzzzzzzzzzzz>; HiZ drive
v0x55db6691e1c0_382 .net v0x55db6691e1c0 382, 15 0, o0x7f55a6da2848; 0 drivers
o0x7f55a6da2878 .functor BUFZ 16, C4<zzzzzzzzzzzzzzzz>; HiZ drive
v0x55db6691e1c0_383 .net v0x55db6691e1c0 383, 15 0, o0x7f55a6da2878; 0 drivers
o0x7f55a6da28a8 .functor BUFZ 16, C4<zzzzzzzzzzzzzzzz>; HiZ drive
v0x55db6691e1c0_384 .net v0x55db6691e1c0 384, 15 0, o0x7f55a6da28a8; 0 drivers
o0x7f55a6da28d8 .functor BUFZ 16, C4<zzzzzzzzzzzzzzzz>; HiZ drive
v0x55db6691e1c0_385 .net v0x55db6691e1c0 385, 15 0, o0x7f55a6da28d8; 0 drivers
o0x7f55a6da2908 .functor BUFZ 16, C4<zzzzzzzzzzzzzzzz>; HiZ drive
v0x55db6691e1c0_386 .net v0x55db6691e1c0 386, 15 0, o0x7f55a6da2908; 0 drivers
o0x7f55a6da2938 .functor BUFZ 16, C4<zzzzzzzzzzzzzzzz>; HiZ drive
v0x55db6691e1c0_387 .net v0x55db6691e1c0 387, 15 0, o0x7f55a6da2938; 0 drivers
o0x7f55a6da2968 .functor BUFZ 16, C4<zzzzzzzzzzzzzzzz>; HiZ drive
v0x55db6691e1c0_388 .net v0x55db6691e1c0 388, 15 0, o0x7f55a6da2968; 0 drivers
o0x7f55a6da2998 .functor BUFZ 16, C4<zzzzzzzzzzzzzzzz>; HiZ drive
v0x55db6691e1c0_389 .net v0x55db6691e1c0 389, 15 0, o0x7f55a6da2998; 0 drivers
o0x7f55a6da29c8 .functor BUFZ 16, C4<zzzzzzzzzzzzzzzz>; HiZ drive
v0x55db6691e1c0_390 .net v0x55db6691e1c0 390, 15 0, o0x7f55a6da29c8; 0 drivers
o0x7f55a6da29f8 .functor BUFZ 16, C4<zzzzzzzzzzzzzzzz>; HiZ drive
v0x55db6691e1c0_391 .net v0x55db6691e1c0 391, 15 0, o0x7f55a6da29f8; 0 drivers
o0x7f55a6da2a28 .functor BUFZ 16, C4<zzzzzzzzzzzzzzzz>; HiZ drive
v0x55db6691e1c0_392 .net v0x55db6691e1c0 392, 15 0, o0x7f55a6da2a28; 0 drivers
o0x7f55a6da2a58 .functor BUFZ 16, C4<zzzzzzzzzzzzzzzz>; HiZ drive
v0x55db6691e1c0_393 .net v0x55db6691e1c0 393, 15 0, o0x7f55a6da2a58; 0 drivers
o0x7f55a6da2a88 .functor BUFZ 16, C4<zzzzzzzzzzzzzzzz>; HiZ drive
v0x55db6691e1c0_394 .net v0x55db6691e1c0 394, 15 0, o0x7f55a6da2a88; 0 drivers
o0x7f55a6da2ab8 .functor BUFZ 16, C4<zzzzzzzzzzzzzzzz>; HiZ drive
v0x55db6691e1c0_395 .net v0x55db6691e1c0 395, 15 0, o0x7f55a6da2ab8; 0 drivers
o0x7f55a6da2ae8 .functor BUFZ 16, C4<zzzzzzzzzzzzzzzz>; HiZ drive
v0x55db6691e1c0_396 .net v0x55db6691e1c0 396, 15 0, o0x7f55a6da2ae8; 0 drivers
o0x7f55a6da2b18 .functor BUFZ 16, C4<zzzzzzzzzzzzzzzz>; HiZ drive
v0x55db6691e1c0_397 .net v0x55db6691e1c0 397, 15 0, o0x7f55a6da2b18; 0 drivers
o0x7f55a6da2b48 .functor BUFZ 16, C4<zzzzzzzzzzzzzzzz>; HiZ drive
v0x55db6691e1c0_398 .net v0x55db6691e1c0 398, 15 0, o0x7f55a6da2b48; 0 drivers
o0x7f55a6da2b78 .functor BUFZ 16, C4<zzzzzzzzzzzzzzzz>; HiZ drive
v0x55db6691e1c0_399 .net v0x55db6691e1c0 399, 15 0, o0x7f55a6da2b78; 0 drivers
o0x7f55a6da2ba8 .functor BUFZ 16, C4<zzzzzzzzzzzzzzzz>; HiZ drive
v0x55db6691e1c0_400 .net v0x55db6691e1c0 400, 15 0, o0x7f55a6da2ba8; 0 drivers
o0x7f55a6da2bd8 .functor BUFZ 16, C4<zzzzzzzzzzzzzzzz>; HiZ drive
v0x55db6691e1c0_401 .net v0x55db6691e1c0 401, 15 0, o0x7f55a6da2bd8; 0 drivers
o0x7f55a6da2c08 .functor BUFZ 16, C4<zzzzzzzzzzzzzzzz>; HiZ drive
v0x55db6691e1c0_402 .net v0x55db6691e1c0 402, 15 0, o0x7f55a6da2c08; 0 drivers
o0x7f55a6da2c38 .functor BUFZ 16, C4<zzzzzzzzzzzzzzzz>; HiZ drive
v0x55db6691e1c0_403 .net v0x55db6691e1c0 403, 15 0, o0x7f55a6da2c38; 0 drivers
o0x7f55a6da2c68 .functor BUFZ 16, C4<zzzzzzzzzzzzzzzz>; HiZ drive
v0x55db6691e1c0_404 .net v0x55db6691e1c0 404, 15 0, o0x7f55a6da2c68; 0 drivers
o0x7f55a6da2c98 .functor BUFZ 16, C4<zzzzzzzzzzzzzzzz>; HiZ drive
v0x55db6691e1c0_405 .net v0x55db6691e1c0 405, 15 0, o0x7f55a6da2c98; 0 drivers
o0x7f55a6da2cc8 .functor BUFZ 16, C4<zzzzzzzzzzzzzzzz>; HiZ drive
v0x55db6691e1c0_406 .net v0x55db6691e1c0 406, 15 0, o0x7f55a6da2cc8; 0 drivers
o0x7f55a6da2cf8 .functor BUFZ 16, C4<zzzzzzzzzzzzzzzz>; HiZ drive
v0x55db6691e1c0_407 .net v0x55db6691e1c0 407, 15 0, o0x7f55a6da2cf8; 0 drivers
o0x7f55a6da2d28 .functor BUFZ 16, C4<zzzzzzzzzzzzzzzz>; HiZ drive
v0x55db6691e1c0_408 .net v0x55db6691e1c0 408, 15 0, o0x7f55a6da2d28; 0 drivers
o0x7f55a6da2d58 .functor BUFZ 16, C4<zzzzzzzzzzzzzzzz>; HiZ drive
v0x55db6691e1c0_409 .net v0x55db6691e1c0 409, 15 0, o0x7f55a6da2d58; 0 drivers
o0x7f55a6da2d88 .functor BUFZ 16, C4<zzzzzzzzzzzzzzzz>; HiZ drive
v0x55db6691e1c0_410 .net v0x55db6691e1c0 410, 15 0, o0x7f55a6da2d88; 0 drivers
o0x7f55a6da2db8 .functor BUFZ 16, C4<zzzzzzzzzzzzzzzz>; HiZ drive
v0x55db6691e1c0_411 .net v0x55db6691e1c0 411, 15 0, o0x7f55a6da2db8; 0 drivers
o0x7f55a6da2de8 .functor BUFZ 16, C4<zzzzzzzzzzzzzzzz>; HiZ drive
v0x55db6691e1c0_412 .net v0x55db6691e1c0 412, 15 0, o0x7f55a6da2de8; 0 drivers
o0x7f55a6da2e18 .functor BUFZ 16, C4<zzzzzzzzzzzzzzzz>; HiZ drive
v0x55db6691e1c0_413 .net v0x55db6691e1c0 413, 15 0, o0x7f55a6da2e18; 0 drivers
o0x7f55a6da2e48 .functor BUFZ 16, C4<zzzzzzzzzzzzzzzz>; HiZ drive
v0x55db6691e1c0_414 .net v0x55db6691e1c0 414, 15 0, o0x7f55a6da2e48; 0 drivers
o0x7f55a6da2e78 .functor BUFZ 16, C4<zzzzzzzzzzzzzzzz>; HiZ drive
v0x55db6691e1c0_415 .net v0x55db6691e1c0 415, 15 0, o0x7f55a6da2e78; 0 drivers
o0x7f55a6da2ea8 .functor BUFZ 16, C4<zzzzzzzzzzzzzzzz>; HiZ drive
v0x55db6691e1c0_416 .net v0x55db6691e1c0 416, 15 0, o0x7f55a6da2ea8; 0 drivers
o0x7f55a6da2ed8 .functor BUFZ 16, C4<zzzzzzzzzzzzzzzz>; HiZ drive
v0x55db6691e1c0_417 .net v0x55db6691e1c0 417, 15 0, o0x7f55a6da2ed8; 0 drivers
o0x7f55a6da2f08 .functor BUFZ 16, C4<zzzzzzzzzzzzzzzz>; HiZ drive
v0x55db6691e1c0_418 .net v0x55db6691e1c0 418, 15 0, o0x7f55a6da2f08; 0 drivers
o0x7f55a6da2f38 .functor BUFZ 16, C4<zzzzzzzzzzzzzzzz>; HiZ drive
v0x55db6691e1c0_419 .net v0x55db6691e1c0 419, 15 0, o0x7f55a6da2f38; 0 drivers
o0x7f55a6da2f68 .functor BUFZ 16, C4<zzzzzzzzzzzzzzzz>; HiZ drive
v0x55db6691e1c0_420 .net v0x55db6691e1c0 420, 15 0, o0x7f55a6da2f68; 0 drivers
o0x7f55a6da2f98 .functor BUFZ 16, C4<zzzzzzzzzzzzzzzz>; HiZ drive
v0x55db6691e1c0_421 .net v0x55db6691e1c0 421, 15 0, o0x7f55a6da2f98; 0 drivers
o0x7f55a6da2fc8 .functor BUFZ 16, C4<zzzzzzzzzzzzzzzz>; HiZ drive
v0x55db6691e1c0_422 .net v0x55db6691e1c0 422, 15 0, o0x7f55a6da2fc8; 0 drivers
o0x7f55a6da2ff8 .functor BUFZ 16, C4<zzzzzzzzzzzzzzzz>; HiZ drive
v0x55db6691e1c0_423 .net v0x55db6691e1c0 423, 15 0, o0x7f55a6da2ff8; 0 drivers
o0x7f55a6da3028 .functor BUFZ 16, C4<zzzzzzzzzzzzzzzz>; HiZ drive
v0x55db6691e1c0_424 .net v0x55db6691e1c0 424, 15 0, o0x7f55a6da3028; 0 drivers
o0x7f55a6da3058 .functor BUFZ 16, C4<zzzzzzzzzzzzzzzz>; HiZ drive
v0x55db6691e1c0_425 .net v0x55db6691e1c0 425, 15 0, o0x7f55a6da3058; 0 drivers
o0x7f55a6da3088 .functor BUFZ 16, C4<zzzzzzzzzzzzzzzz>; HiZ drive
v0x55db6691e1c0_426 .net v0x55db6691e1c0 426, 15 0, o0x7f55a6da3088; 0 drivers
o0x7f55a6da30b8 .functor BUFZ 16, C4<zzzzzzzzzzzzzzzz>; HiZ drive
v0x55db6691e1c0_427 .net v0x55db6691e1c0 427, 15 0, o0x7f55a6da30b8; 0 drivers
o0x7f55a6da30e8 .functor BUFZ 16, C4<zzzzzzzzzzzzzzzz>; HiZ drive
v0x55db6691e1c0_428 .net v0x55db6691e1c0 428, 15 0, o0x7f55a6da30e8; 0 drivers
o0x7f55a6da3118 .functor BUFZ 16, C4<zzzzzzzzzzzzzzzz>; HiZ drive
v0x55db6691e1c0_429 .net v0x55db6691e1c0 429, 15 0, o0x7f55a6da3118; 0 drivers
o0x7f55a6da3148 .functor BUFZ 16, C4<zzzzzzzzzzzzzzzz>; HiZ drive
v0x55db6691e1c0_430 .net v0x55db6691e1c0 430, 15 0, o0x7f55a6da3148; 0 drivers
o0x7f55a6da3178 .functor BUFZ 16, C4<zzzzzzzzzzzzzzzz>; HiZ drive
v0x55db6691e1c0_431 .net v0x55db6691e1c0 431, 15 0, o0x7f55a6da3178; 0 drivers
o0x7f55a6da31a8 .functor BUFZ 16, C4<zzzzzzzzzzzzzzzz>; HiZ drive
v0x55db6691e1c0_432 .net v0x55db6691e1c0 432, 15 0, o0x7f55a6da31a8; 0 drivers
o0x7f55a6da31d8 .functor BUFZ 16, C4<zzzzzzzzzzzzzzzz>; HiZ drive
v0x55db6691e1c0_433 .net v0x55db6691e1c0 433, 15 0, o0x7f55a6da31d8; 0 drivers
o0x7f55a6da3208 .functor BUFZ 16, C4<zzzzzzzzzzzzzzzz>; HiZ drive
v0x55db6691e1c0_434 .net v0x55db6691e1c0 434, 15 0, o0x7f55a6da3208; 0 drivers
o0x7f55a6da3238 .functor BUFZ 16, C4<zzzzzzzzzzzzzzzz>; HiZ drive
v0x55db6691e1c0_435 .net v0x55db6691e1c0 435, 15 0, o0x7f55a6da3238; 0 drivers
o0x7f55a6da3268 .functor BUFZ 16, C4<zzzzzzzzzzzzzzzz>; HiZ drive
v0x55db6691e1c0_436 .net v0x55db6691e1c0 436, 15 0, o0x7f55a6da3268; 0 drivers
o0x7f55a6da3298 .functor BUFZ 16, C4<zzzzzzzzzzzzzzzz>; HiZ drive
v0x55db6691e1c0_437 .net v0x55db6691e1c0 437, 15 0, o0x7f55a6da3298; 0 drivers
o0x7f55a6da32c8 .functor BUFZ 16, C4<zzzzzzzzzzzzzzzz>; HiZ drive
v0x55db6691e1c0_438 .net v0x55db6691e1c0 438, 15 0, o0x7f55a6da32c8; 0 drivers
o0x7f55a6da32f8 .functor BUFZ 16, C4<zzzzzzzzzzzzzzzz>; HiZ drive
v0x55db6691e1c0_439 .net v0x55db6691e1c0 439, 15 0, o0x7f55a6da32f8; 0 drivers
o0x7f55a6da3328 .functor BUFZ 16, C4<zzzzzzzzzzzzzzzz>; HiZ drive
v0x55db6691e1c0_440 .net v0x55db6691e1c0 440, 15 0, o0x7f55a6da3328; 0 drivers
o0x7f55a6da3358 .functor BUFZ 16, C4<zzzzzzzzzzzzzzzz>; HiZ drive
v0x55db6691e1c0_441 .net v0x55db6691e1c0 441, 15 0, o0x7f55a6da3358; 0 drivers
o0x7f55a6da3388 .functor BUFZ 16, C4<zzzzzzzzzzzzzzzz>; HiZ drive
v0x55db6691e1c0_442 .net v0x55db6691e1c0 442, 15 0, o0x7f55a6da3388; 0 drivers
o0x7f55a6da33b8 .functor BUFZ 16, C4<zzzzzzzzzzzzzzzz>; HiZ drive
v0x55db6691e1c0_443 .net v0x55db6691e1c0 443, 15 0, o0x7f55a6da33b8; 0 drivers
o0x7f55a6da33e8 .functor BUFZ 16, C4<zzzzzzzzzzzzzzzz>; HiZ drive
v0x55db6691e1c0_444 .net v0x55db6691e1c0 444, 15 0, o0x7f55a6da33e8; 0 drivers
o0x7f55a6da3418 .functor BUFZ 16, C4<zzzzzzzzzzzzzzzz>; HiZ drive
v0x55db6691e1c0_445 .net v0x55db6691e1c0 445, 15 0, o0x7f55a6da3418; 0 drivers
o0x7f55a6da3448 .functor BUFZ 16, C4<zzzzzzzzzzzzzzzz>; HiZ drive
v0x55db6691e1c0_446 .net v0x55db6691e1c0 446, 15 0, o0x7f55a6da3448; 0 drivers
o0x7f55a6da3478 .functor BUFZ 16, C4<zzzzzzzzzzzzzzzz>; HiZ drive
v0x55db6691e1c0_447 .net v0x55db6691e1c0 447, 15 0, o0x7f55a6da3478; 0 drivers
o0x7f55a6da34a8 .functor BUFZ 16, C4<zzzzzzzzzzzzzzzz>; HiZ drive
v0x55db6691e1c0_448 .net v0x55db6691e1c0 448, 15 0, o0x7f55a6da34a8; 0 drivers
o0x7f55a6da34d8 .functor BUFZ 16, C4<zzzzzzzzzzzzzzzz>; HiZ drive
v0x55db6691e1c0_449 .net v0x55db6691e1c0 449, 15 0, o0x7f55a6da34d8; 0 drivers
o0x7f55a6da3508 .functor BUFZ 16, C4<zzzzzzzzzzzzzzzz>; HiZ drive
v0x55db6691e1c0_450 .net v0x55db6691e1c0 450, 15 0, o0x7f55a6da3508; 0 drivers
o0x7f55a6da3538 .functor BUFZ 16, C4<zzzzzzzzzzzzzzzz>; HiZ drive
v0x55db6691e1c0_451 .net v0x55db6691e1c0 451, 15 0, o0x7f55a6da3538; 0 drivers
o0x7f55a6da3568 .functor BUFZ 16, C4<zzzzzzzzzzzzzzzz>; HiZ drive
v0x55db6691e1c0_452 .net v0x55db6691e1c0 452, 15 0, o0x7f55a6da3568; 0 drivers
o0x7f55a6da3598 .functor BUFZ 16, C4<zzzzzzzzzzzzzzzz>; HiZ drive
v0x55db6691e1c0_453 .net v0x55db6691e1c0 453, 15 0, o0x7f55a6da3598; 0 drivers
o0x7f55a6da35c8 .functor BUFZ 16, C4<zzzzzzzzzzzzzzzz>; HiZ drive
v0x55db6691e1c0_454 .net v0x55db6691e1c0 454, 15 0, o0x7f55a6da35c8; 0 drivers
o0x7f55a6da35f8 .functor BUFZ 16, C4<zzzzzzzzzzzzzzzz>; HiZ drive
v0x55db6691e1c0_455 .net v0x55db6691e1c0 455, 15 0, o0x7f55a6da35f8; 0 drivers
o0x7f55a6da3628 .functor BUFZ 16, C4<zzzzzzzzzzzzzzzz>; HiZ drive
v0x55db6691e1c0_456 .net v0x55db6691e1c0 456, 15 0, o0x7f55a6da3628; 0 drivers
o0x7f55a6da3658 .functor BUFZ 16, C4<zzzzzzzzzzzzzzzz>; HiZ drive
v0x55db6691e1c0_457 .net v0x55db6691e1c0 457, 15 0, o0x7f55a6da3658; 0 drivers
o0x7f55a6da3688 .functor BUFZ 16, C4<zzzzzzzzzzzzzzzz>; HiZ drive
v0x55db6691e1c0_458 .net v0x55db6691e1c0 458, 15 0, o0x7f55a6da3688; 0 drivers
o0x7f55a6da36b8 .functor BUFZ 16, C4<zzzzzzzzzzzzzzzz>; HiZ drive
v0x55db6691e1c0_459 .net v0x55db6691e1c0 459, 15 0, o0x7f55a6da36b8; 0 drivers
o0x7f55a6da36e8 .functor BUFZ 16, C4<zzzzzzzzzzzzzzzz>; HiZ drive
v0x55db6691e1c0_460 .net v0x55db6691e1c0 460, 15 0, o0x7f55a6da36e8; 0 drivers
o0x7f55a6da3718 .functor BUFZ 16, C4<zzzzzzzzzzzzzzzz>; HiZ drive
v0x55db6691e1c0_461 .net v0x55db6691e1c0 461, 15 0, o0x7f55a6da3718; 0 drivers
o0x7f55a6da3748 .functor BUFZ 16, C4<zzzzzzzzzzzzzzzz>; HiZ drive
v0x55db6691e1c0_462 .net v0x55db6691e1c0 462, 15 0, o0x7f55a6da3748; 0 drivers
o0x7f55a6da3778 .functor BUFZ 16, C4<zzzzzzzzzzzzzzzz>; HiZ drive
v0x55db6691e1c0_463 .net v0x55db6691e1c0 463, 15 0, o0x7f55a6da3778; 0 drivers
o0x7f55a6da37a8 .functor BUFZ 16, C4<zzzzzzzzzzzzzzzz>; HiZ drive
v0x55db6691e1c0_464 .net v0x55db6691e1c0 464, 15 0, o0x7f55a6da37a8; 0 drivers
o0x7f55a6da37d8 .functor BUFZ 16, C4<zzzzzzzzzzzzzzzz>; HiZ drive
v0x55db6691e1c0_465 .net v0x55db6691e1c0 465, 15 0, o0x7f55a6da37d8; 0 drivers
o0x7f55a6da3808 .functor BUFZ 16, C4<zzzzzzzzzzzzzzzz>; HiZ drive
v0x55db6691e1c0_466 .net v0x55db6691e1c0 466, 15 0, o0x7f55a6da3808; 0 drivers
o0x7f55a6da3838 .functor BUFZ 16, C4<zzzzzzzzzzzzzzzz>; HiZ drive
v0x55db6691e1c0_467 .net v0x55db6691e1c0 467, 15 0, o0x7f55a6da3838; 0 drivers
o0x7f55a6da3868 .functor BUFZ 16, C4<zzzzzzzzzzzzzzzz>; HiZ drive
v0x55db6691e1c0_468 .net v0x55db6691e1c0 468, 15 0, o0x7f55a6da3868; 0 drivers
o0x7f55a6da3898 .functor BUFZ 16, C4<zzzzzzzzzzzzzzzz>; HiZ drive
v0x55db6691e1c0_469 .net v0x55db6691e1c0 469, 15 0, o0x7f55a6da3898; 0 drivers
o0x7f55a6da38c8 .functor BUFZ 16, C4<zzzzzzzzzzzzzzzz>; HiZ drive
v0x55db6691e1c0_470 .net v0x55db6691e1c0 470, 15 0, o0x7f55a6da38c8; 0 drivers
o0x7f55a6da38f8 .functor BUFZ 16, C4<zzzzzzzzzzzzzzzz>; HiZ drive
v0x55db6691e1c0_471 .net v0x55db6691e1c0 471, 15 0, o0x7f55a6da38f8; 0 drivers
o0x7f55a6da3928 .functor BUFZ 16, C4<zzzzzzzzzzzzzzzz>; HiZ drive
v0x55db6691e1c0_472 .net v0x55db6691e1c0 472, 15 0, o0x7f55a6da3928; 0 drivers
o0x7f55a6da3958 .functor BUFZ 16, C4<zzzzzzzzzzzzzzzz>; HiZ drive
v0x55db6691e1c0_473 .net v0x55db6691e1c0 473, 15 0, o0x7f55a6da3958; 0 drivers
o0x7f55a6da3988 .functor BUFZ 16, C4<zzzzzzzzzzzzzzzz>; HiZ drive
v0x55db6691e1c0_474 .net v0x55db6691e1c0 474, 15 0, o0x7f55a6da3988; 0 drivers
o0x7f55a6da39b8 .functor BUFZ 16, C4<zzzzzzzzzzzzzzzz>; HiZ drive
v0x55db6691e1c0_475 .net v0x55db6691e1c0 475, 15 0, o0x7f55a6da39b8; 0 drivers
o0x7f55a6da39e8 .functor BUFZ 16, C4<zzzzzzzzzzzzzzzz>; HiZ drive
v0x55db6691e1c0_476 .net v0x55db6691e1c0 476, 15 0, o0x7f55a6da39e8; 0 drivers
o0x7f55a6da3a18 .functor BUFZ 16, C4<zzzzzzzzzzzzzzzz>; HiZ drive
v0x55db6691e1c0_477 .net v0x55db6691e1c0 477, 15 0, o0x7f55a6da3a18; 0 drivers
o0x7f55a6da3a48 .functor BUFZ 16, C4<zzzzzzzzzzzzzzzz>; HiZ drive
v0x55db6691e1c0_478 .net v0x55db6691e1c0 478, 15 0, o0x7f55a6da3a48; 0 drivers
o0x7f55a6da3a78 .functor BUFZ 16, C4<zzzzzzzzzzzzzzzz>; HiZ drive
v0x55db6691e1c0_479 .net v0x55db6691e1c0 479, 15 0, o0x7f55a6da3a78; 0 drivers
o0x7f55a6da3aa8 .functor BUFZ 16, C4<zzzzzzzzzzzzzzzz>; HiZ drive
v0x55db6691e1c0_480 .net v0x55db6691e1c0 480, 15 0, o0x7f55a6da3aa8; 0 drivers
o0x7f55a6da3ad8 .functor BUFZ 16, C4<zzzzzzzzzzzzzzzz>; HiZ drive
v0x55db6691e1c0_481 .net v0x55db6691e1c0 481, 15 0, o0x7f55a6da3ad8; 0 drivers
o0x7f55a6da3b08 .functor BUFZ 16, C4<zzzzzzzzzzzzzzzz>; HiZ drive
v0x55db6691e1c0_482 .net v0x55db6691e1c0 482, 15 0, o0x7f55a6da3b08; 0 drivers
o0x7f55a6da3b38 .functor BUFZ 16, C4<zzzzzzzzzzzzzzzz>; HiZ drive
v0x55db6691e1c0_483 .net v0x55db6691e1c0 483, 15 0, o0x7f55a6da3b38; 0 drivers
o0x7f55a6da3b68 .functor BUFZ 16, C4<zzzzzzzzzzzzzzzz>; HiZ drive
v0x55db6691e1c0_484 .net v0x55db6691e1c0 484, 15 0, o0x7f55a6da3b68; 0 drivers
o0x7f55a6da3b98 .functor BUFZ 16, C4<zzzzzzzzzzzzzzzz>; HiZ drive
v0x55db6691e1c0_485 .net v0x55db6691e1c0 485, 15 0, o0x7f55a6da3b98; 0 drivers
o0x7f55a6da3bc8 .functor BUFZ 16, C4<zzzzzzzzzzzzzzzz>; HiZ drive
v0x55db6691e1c0_486 .net v0x55db6691e1c0 486, 15 0, o0x7f55a6da3bc8; 0 drivers
o0x7f55a6da3bf8 .functor BUFZ 16, C4<zzzzzzzzzzzzzzzz>; HiZ drive
v0x55db6691e1c0_487 .net v0x55db6691e1c0 487, 15 0, o0x7f55a6da3bf8; 0 drivers
o0x7f55a6da3c28 .functor BUFZ 16, C4<zzzzzzzzzzzzzzzz>; HiZ drive
v0x55db6691e1c0_488 .net v0x55db6691e1c0 488, 15 0, o0x7f55a6da3c28; 0 drivers
o0x7f55a6da3c58 .functor BUFZ 16, C4<zzzzzzzzzzzzzzzz>; HiZ drive
v0x55db6691e1c0_489 .net v0x55db6691e1c0 489, 15 0, o0x7f55a6da3c58; 0 drivers
o0x7f55a6da3c88 .functor BUFZ 16, C4<zzzzzzzzzzzzzzzz>; HiZ drive
v0x55db6691e1c0_490 .net v0x55db6691e1c0 490, 15 0, o0x7f55a6da3c88; 0 drivers
o0x7f55a6da3cb8 .functor BUFZ 16, C4<zzzzzzzzzzzzzzzz>; HiZ drive
v0x55db6691e1c0_491 .net v0x55db6691e1c0 491, 15 0, o0x7f55a6da3cb8; 0 drivers
o0x7f55a6da3ce8 .functor BUFZ 16, C4<zzzzzzzzzzzzzzzz>; HiZ drive
v0x55db6691e1c0_492 .net v0x55db6691e1c0 492, 15 0, o0x7f55a6da3ce8; 0 drivers
o0x7f55a6da3d18 .functor BUFZ 16, C4<zzzzzzzzzzzzzzzz>; HiZ drive
v0x55db6691e1c0_493 .net v0x55db6691e1c0 493, 15 0, o0x7f55a6da3d18; 0 drivers
o0x7f55a6da3d48 .functor BUFZ 16, C4<zzzzzzzzzzzzzzzz>; HiZ drive
v0x55db6691e1c0_494 .net v0x55db6691e1c0 494, 15 0, o0x7f55a6da3d48; 0 drivers
o0x7f55a6da3d78 .functor BUFZ 16, C4<zzzzzzzzzzzzzzzz>; HiZ drive
v0x55db6691e1c0_495 .net v0x55db6691e1c0 495, 15 0, o0x7f55a6da3d78; 0 drivers
o0x7f55a6da3da8 .functor BUFZ 16, C4<zzzzzzzzzzzzzzzz>; HiZ drive
v0x55db6691e1c0_496 .net v0x55db6691e1c0 496, 15 0, o0x7f55a6da3da8; 0 drivers
o0x7f55a6da3dd8 .functor BUFZ 16, C4<zzzzzzzzzzzzzzzz>; HiZ drive
v0x55db6691e1c0_497 .net v0x55db6691e1c0 497, 15 0, o0x7f55a6da3dd8; 0 drivers
o0x7f55a6da3e08 .functor BUFZ 16, C4<zzzzzzzzzzzzzzzz>; HiZ drive
v0x55db6691e1c0_498 .net v0x55db6691e1c0 498, 15 0, o0x7f55a6da3e08; 0 drivers
o0x7f55a6da3e38 .functor BUFZ 16, C4<zzzzzzzzzzzzzzzz>; HiZ drive
v0x55db6691e1c0_499 .net v0x55db6691e1c0 499, 15 0, o0x7f55a6da3e38; 0 drivers
o0x7f55a6da3e68 .functor BUFZ 16, C4<zzzzzzzzzzzzzzzz>; HiZ drive
v0x55db6691e1c0_500 .net v0x55db6691e1c0 500, 15 0, o0x7f55a6da3e68; 0 drivers
o0x7f55a6da3e98 .functor BUFZ 16, C4<zzzzzzzzzzzzzzzz>; HiZ drive
v0x55db6691e1c0_501 .net v0x55db6691e1c0 501, 15 0, o0x7f55a6da3e98; 0 drivers
o0x7f55a6da3ec8 .functor BUFZ 16, C4<zzzzzzzzzzzzzzzz>; HiZ drive
v0x55db6691e1c0_502 .net v0x55db6691e1c0 502, 15 0, o0x7f55a6da3ec8; 0 drivers
o0x7f55a6da3ef8 .functor BUFZ 16, C4<zzzzzzzzzzzzzzzz>; HiZ drive
v0x55db6691e1c0_503 .net v0x55db6691e1c0 503, 15 0, o0x7f55a6da3ef8; 0 drivers
o0x7f55a6da3f28 .functor BUFZ 16, C4<zzzzzzzzzzzzzzzz>; HiZ drive
v0x55db6691e1c0_504 .net v0x55db6691e1c0 504, 15 0, o0x7f55a6da3f28; 0 drivers
o0x7f55a6da3f58 .functor BUFZ 16, C4<zzzzzzzzzzzzzzzz>; HiZ drive
v0x55db6691e1c0_505 .net v0x55db6691e1c0 505, 15 0, o0x7f55a6da3f58; 0 drivers
o0x7f55a6da3f88 .functor BUFZ 16, C4<zzzzzzzzzzzzzzzz>; HiZ drive
v0x55db6691e1c0_506 .net v0x55db6691e1c0 506, 15 0, o0x7f55a6da3f88; 0 drivers
o0x7f55a6da3fb8 .functor BUFZ 16, C4<zzzzzzzzzzzzzzzz>; HiZ drive
v0x55db6691e1c0_507 .net v0x55db6691e1c0 507, 15 0, o0x7f55a6da3fb8; 0 drivers
o0x7f55a6da3fe8 .functor BUFZ 16, C4<zzzzzzzzzzzzzzzz>; HiZ drive
v0x55db6691e1c0_508 .net v0x55db6691e1c0 508, 15 0, o0x7f55a6da3fe8; 0 drivers
o0x7f55a6da4018 .functor BUFZ 16, C4<zzzzzzzzzzzzzzzz>; HiZ drive
v0x55db6691e1c0_509 .net v0x55db6691e1c0 509, 15 0, o0x7f55a6da4018; 0 drivers
o0x7f55a6da4048 .functor BUFZ 16, C4<zzzzzzzzzzzzzzzz>; HiZ drive
v0x55db6691e1c0_510 .net v0x55db6691e1c0 510, 15 0, o0x7f55a6da4048; 0 drivers
o0x7f55a6da4078 .functor BUFZ 16, C4<zzzzzzzzzzzzzzzz>; HiZ drive
v0x55db6691e1c0_511 .net v0x55db6691e1c0 511, 15 0, o0x7f55a6da4078; 0 drivers
o0x7f55a6da40a8 .functor BUFZ 1, C4<z>; HiZ drive
v0x55db6691e260_0 .net "ext_valid", 0 0, o0x7f55a6da40a8;  0 drivers
o0x7f55a6da40d8 .functor BUFZ 16, C4<zzzzzzzzzzzzzzzz>; HiZ drive
v0x55db669259b0 .array "loop_data", 511 0;
v0x55db669259b0_0 .net v0x55db669259b0 0, 15 0, o0x7f55a6da40d8; 0 drivers
o0x7f55a6da4108 .functor BUFZ 16, C4<zzzzzzzzzzzzzzzz>; HiZ drive
v0x55db669259b0_1 .net v0x55db669259b0 1, 15 0, o0x7f55a6da4108; 0 drivers
o0x7f55a6da4138 .functor BUFZ 16, C4<zzzzzzzzzzzzzzzz>; HiZ drive
v0x55db669259b0_2 .net v0x55db669259b0 2, 15 0, o0x7f55a6da4138; 0 drivers
o0x7f55a6da4168 .functor BUFZ 16, C4<zzzzzzzzzzzzzzzz>; HiZ drive
v0x55db669259b0_3 .net v0x55db669259b0 3, 15 0, o0x7f55a6da4168; 0 drivers
o0x7f55a6da4198 .functor BUFZ 16, C4<zzzzzzzzzzzzzzzz>; HiZ drive
v0x55db669259b0_4 .net v0x55db669259b0 4, 15 0, o0x7f55a6da4198; 0 drivers
o0x7f55a6da41c8 .functor BUFZ 16, C4<zzzzzzzzzzzzzzzz>; HiZ drive
v0x55db669259b0_5 .net v0x55db669259b0 5, 15 0, o0x7f55a6da41c8; 0 drivers
o0x7f55a6da41f8 .functor BUFZ 16, C4<zzzzzzzzzzzzzzzz>; HiZ drive
v0x55db669259b0_6 .net v0x55db669259b0 6, 15 0, o0x7f55a6da41f8; 0 drivers
o0x7f55a6da4228 .functor BUFZ 16, C4<zzzzzzzzzzzzzzzz>; HiZ drive
v0x55db669259b0_7 .net v0x55db669259b0 7, 15 0, o0x7f55a6da4228; 0 drivers
o0x7f55a6da4258 .functor BUFZ 16, C4<zzzzzzzzzzzzzzzz>; HiZ drive
v0x55db669259b0_8 .net v0x55db669259b0 8, 15 0, o0x7f55a6da4258; 0 drivers
o0x7f55a6da4288 .functor BUFZ 16, C4<zzzzzzzzzzzzzzzz>; HiZ drive
v0x55db669259b0_9 .net v0x55db669259b0 9, 15 0, o0x7f55a6da4288; 0 drivers
o0x7f55a6da42b8 .functor BUFZ 16, C4<zzzzzzzzzzzzzzzz>; HiZ drive
v0x55db669259b0_10 .net v0x55db669259b0 10, 15 0, o0x7f55a6da42b8; 0 drivers
o0x7f55a6da42e8 .functor BUFZ 16, C4<zzzzzzzzzzzzzzzz>; HiZ drive
v0x55db669259b0_11 .net v0x55db669259b0 11, 15 0, o0x7f55a6da42e8; 0 drivers
o0x7f55a6da4318 .functor BUFZ 16, C4<zzzzzzzzzzzzzzzz>; HiZ drive
v0x55db669259b0_12 .net v0x55db669259b0 12, 15 0, o0x7f55a6da4318; 0 drivers
o0x7f55a6da4348 .functor BUFZ 16, C4<zzzzzzzzzzzzzzzz>; HiZ drive
v0x55db669259b0_13 .net v0x55db669259b0 13, 15 0, o0x7f55a6da4348; 0 drivers
o0x7f55a6da4378 .functor BUFZ 16, C4<zzzzzzzzzzzzzzzz>; HiZ drive
v0x55db669259b0_14 .net v0x55db669259b0 14, 15 0, o0x7f55a6da4378; 0 drivers
o0x7f55a6da43a8 .functor BUFZ 16, C4<zzzzzzzzzzzzzzzz>; HiZ drive
v0x55db669259b0_15 .net v0x55db669259b0 15, 15 0, o0x7f55a6da43a8; 0 drivers
o0x7f55a6da43d8 .functor BUFZ 16, C4<zzzzzzzzzzzzzzzz>; HiZ drive
v0x55db669259b0_16 .net v0x55db669259b0 16, 15 0, o0x7f55a6da43d8; 0 drivers
o0x7f55a6da4408 .functor BUFZ 16, C4<zzzzzzzzzzzzzzzz>; HiZ drive
v0x55db669259b0_17 .net v0x55db669259b0 17, 15 0, o0x7f55a6da4408; 0 drivers
o0x7f55a6da4438 .functor BUFZ 16, C4<zzzzzzzzzzzzzzzz>; HiZ drive
v0x55db669259b0_18 .net v0x55db669259b0 18, 15 0, o0x7f55a6da4438; 0 drivers
o0x7f55a6da4468 .functor BUFZ 16, C4<zzzzzzzzzzzzzzzz>; HiZ drive
v0x55db669259b0_19 .net v0x55db669259b0 19, 15 0, o0x7f55a6da4468; 0 drivers
o0x7f55a6da4498 .functor BUFZ 16, C4<zzzzzzzzzzzzzzzz>; HiZ drive
v0x55db669259b0_20 .net v0x55db669259b0 20, 15 0, o0x7f55a6da4498; 0 drivers
o0x7f55a6da44c8 .functor BUFZ 16, C4<zzzzzzzzzzzzzzzz>; HiZ drive
v0x55db669259b0_21 .net v0x55db669259b0 21, 15 0, o0x7f55a6da44c8; 0 drivers
o0x7f55a6da44f8 .functor BUFZ 16, C4<zzzzzzzzzzzzzzzz>; HiZ drive
v0x55db669259b0_22 .net v0x55db669259b0 22, 15 0, o0x7f55a6da44f8; 0 drivers
o0x7f55a6da4528 .functor BUFZ 16, C4<zzzzzzzzzzzzzzzz>; HiZ drive
v0x55db669259b0_23 .net v0x55db669259b0 23, 15 0, o0x7f55a6da4528; 0 drivers
o0x7f55a6da4558 .functor BUFZ 16, C4<zzzzzzzzzzzzzzzz>; HiZ drive
v0x55db669259b0_24 .net v0x55db669259b0 24, 15 0, o0x7f55a6da4558; 0 drivers
o0x7f55a6da4588 .functor BUFZ 16, C4<zzzzzzzzzzzzzzzz>; HiZ drive
v0x55db669259b0_25 .net v0x55db669259b0 25, 15 0, o0x7f55a6da4588; 0 drivers
o0x7f55a6da45b8 .functor BUFZ 16, C4<zzzzzzzzzzzzzzzz>; HiZ drive
v0x55db669259b0_26 .net v0x55db669259b0 26, 15 0, o0x7f55a6da45b8; 0 drivers
o0x7f55a6da45e8 .functor BUFZ 16, C4<zzzzzzzzzzzzzzzz>; HiZ drive
v0x55db669259b0_27 .net v0x55db669259b0 27, 15 0, o0x7f55a6da45e8; 0 drivers
o0x7f55a6da4618 .functor BUFZ 16, C4<zzzzzzzzzzzzzzzz>; HiZ drive
v0x55db669259b0_28 .net v0x55db669259b0 28, 15 0, o0x7f55a6da4618; 0 drivers
o0x7f55a6da4648 .functor BUFZ 16, C4<zzzzzzzzzzzzzzzz>; HiZ drive
v0x55db669259b0_29 .net v0x55db669259b0 29, 15 0, o0x7f55a6da4648; 0 drivers
o0x7f55a6da4678 .functor BUFZ 16, C4<zzzzzzzzzzzzzzzz>; HiZ drive
v0x55db669259b0_30 .net v0x55db669259b0 30, 15 0, o0x7f55a6da4678; 0 drivers
o0x7f55a6da46a8 .functor BUFZ 16, C4<zzzzzzzzzzzzzzzz>; HiZ drive
v0x55db669259b0_31 .net v0x55db669259b0 31, 15 0, o0x7f55a6da46a8; 0 drivers
o0x7f55a6da46d8 .functor BUFZ 16, C4<zzzzzzzzzzzzzzzz>; HiZ drive
v0x55db669259b0_32 .net v0x55db669259b0 32, 15 0, o0x7f55a6da46d8; 0 drivers
o0x7f55a6da4708 .functor BUFZ 16, C4<zzzzzzzzzzzzzzzz>; HiZ drive
v0x55db669259b0_33 .net v0x55db669259b0 33, 15 0, o0x7f55a6da4708; 0 drivers
o0x7f55a6da4738 .functor BUFZ 16, C4<zzzzzzzzzzzzzzzz>; HiZ drive
v0x55db669259b0_34 .net v0x55db669259b0 34, 15 0, o0x7f55a6da4738; 0 drivers
o0x7f55a6da4768 .functor BUFZ 16, C4<zzzzzzzzzzzzzzzz>; HiZ drive
v0x55db669259b0_35 .net v0x55db669259b0 35, 15 0, o0x7f55a6da4768; 0 drivers
o0x7f55a6da4798 .functor BUFZ 16, C4<zzzzzzzzzzzzzzzz>; HiZ drive
v0x55db669259b0_36 .net v0x55db669259b0 36, 15 0, o0x7f55a6da4798; 0 drivers
o0x7f55a6da47c8 .functor BUFZ 16, C4<zzzzzzzzzzzzzzzz>; HiZ drive
v0x55db669259b0_37 .net v0x55db669259b0 37, 15 0, o0x7f55a6da47c8; 0 drivers
o0x7f55a6da47f8 .functor BUFZ 16, C4<zzzzzzzzzzzzzzzz>; HiZ drive
v0x55db669259b0_38 .net v0x55db669259b0 38, 15 0, o0x7f55a6da47f8; 0 drivers
o0x7f55a6da4828 .functor BUFZ 16, C4<zzzzzzzzzzzzzzzz>; HiZ drive
v0x55db669259b0_39 .net v0x55db669259b0 39, 15 0, o0x7f55a6da4828; 0 drivers
o0x7f55a6da4858 .functor BUFZ 16, C4<zzzzzzzzzzzzzzzz>; HiZ drive
v0x55db669259b0_40 .net v0x55db669259b0 40, 15 0, o0x7f55a6da4858; 0 drivers
o0x7f55a6da4888 .functor BUFZ 16, C4<zzzzzzzzzzzzzzzz>; HiZ drive
v0x55db669259b0_41 .net v0x55db669259b0 41, 15 0, o0x7f55a6da4888; 0 drivers
o0x7f55a6da48b8 .functor BUFZ 16, C4<zzzzzzzzzzzzzzzz>; HiZ drive
v0x55db669259b0_42 .net v0x55db669259b0 42, 15 0, o0x7f55a6da48b8; 0 drivers
o0x7f55a6da48e8 .functor BUFZ 16, C4<zzzzzzzzzzzzzzzz>; HiZ drive
v0x55db669259b0_43 .net v0x55db669259b0 43, 15 0, o0x7f55a6da48e8; 0 drivers
o0x7f55a6da4918 .functor BUFZ 16, C4<zzzzzzzzzzzzzzzz>; HiZ drive
v0x55db669259b0_44 .net v0x55db669259b0 44, 15 0, o0x7f55a6da4918; 0 drivers
o0x7f55a6da4948 .functor BUFZ 16, C4<zzzzzzzzzzzzzzzz>; HiZ drive
v0x55db669259b0_45 .net v0x55db669259b0 45, 15 0, o0x7f55a6da4948; 0 drivers
o0x7f55a6da4978 .functor BUFZ 16, C4<zzzzzzzzzzzzzzzz>; HiZ drive
v0x55db669259b0_46 .net v0x55db669259b0 46, 15 0, o0x7f55a6da4978; 0 drivers
o0x7f55a6da49a8 .functor BUFZ 16, C4<zzzzzzzzzzzzzzzz>; HiZ drive
v0x55db669259b0_47 .net v0x55db669259b0 47, 15 0, o0x7f55a6da49a8; 0 drivers
o0x7f55a6da49d8 .functor BUFZ 16, C4<zzzzzzzzzzzzzzzz>; HiZ drive
v0x55db669259b0_48 .net v0x55db669259b0 48, 15 0, o0x7f55a6da49d8; 0 drivers
o0x7f55a6da4a08 .functor BUFZ 16, C4<zzzzzzzzzzzzzzzz>; HiZ drive
v0x55db669259b0_49 .net v0x55db669259b0 49, 15 0, o0x7f55a6da4a08; 0 drivers
o0x7f55a6da4a38 .functor BUFZ 16, C4<zzzzzzzzzzzzzzzz>; HiZ drive
v0x55db669259b0_50 .net v0x55db669259b0 50, 15 0, o0x7f55a6da4a38; 0 drivers
o0x7f55a6da4a68 .functor BUFZ 16, C4<zzzzzzzzzzzzzzzz>; HiZ drive
v0x55db669259b0_51 .net v0x55db669259b0 51, 15 0, o0x7f55a6da4a68; 0 drivers
o0x7f55a6da4a98 .functor BUFZ 16, C4<zzzzzzzzzzzzzzzz>; HiZ drive
v0x55db669259b0_52 .net v0x55db669259b0 52, 15 0, o0x7f55a6da4a98; 0 drivers
o0x7f55a6da4ac8 .functor BUFZ 16, C4<zzzzzzzzzzzzzzzz>; HiZ drive
v0x55db669259b0_53 .net v0x55db669259b0 53, 15 0, o0x7f55a6da4ac8; 0 drivers
o0x7f55a6da4af8 .functor BUFZ 16, C4<zzzzzzzzzzzzzzzz>; HiZ drive
v0x55db669259b0_54 .net v0x55db669259b0 54, 15 0, o0x7f55a6da4af8; 0 drivers
o0x7f55a6da4b28 .functor BUFZ 16, C4<zzzzzzzzzzzzzzzz>; HiZ drive
v0x55db669259b0_55 .net v0x55db669259b0 55, 15 0, o0x7f55a6da4b28; 0 drivers
o0x7f55a6da4b58 .functor BUFZ 16, C4<zzzzzzzzzzzzzzzz>; HiZ drive
v0x55db669259b0_56 .net v0x55db669259b0 56, 15 0, o0x7f55a6da4b58; 0 drivers
o0x7f55a6da4b88 .functor BUFZ 16, C4<zzzzzzzzzzzzzzzz>; HiZ drive
v0x55db669259b0_57 .net v0x55db669259b0 57, 15 0, o0x7f55a6da4b88; 0 drivers
o0x7f55a6da4bb8 .functor BUFZ 16, C4<zzzzzzzzzzzzzzzz>; HiZ drive
v0x55db669259b0_58 .net v0x55db669259b0 58, 15 0, o0x7f55a6da4bb8; 0 drivers
o0x7f55a6da4be8 .functor BUFZ 16, C4<zzzzzzzzzzzzzzzz>; HiZ drive
v0x55db669259b0_59 .net v0x55db669259b0 59, 15 0, o0x7f55a6da4be8; 0 drivers
o0x7f55a6da4c18 .functor BUFZ 16, C4<zzzzzzzzzzzzzzzz>; HiZ drive
v0x55db669259b0_60 .net v0x55db669259b0 60, 15 0, o0x7f55a6da4c18; 0 drivers
o0x7f55a6da4c48 .functor BUFZ 16, C4<zzzzzzzzzzzzzzzz>; HiZ drive
v0x55db669259b0_61 .net v0x55db669259b0 61, 15 0, o0x7f55a6da4c48; 0 drivers
o0x7f55a6da4c78 .functor BUFZ 16, C4<zzzzzzzzzzzzzzzz>; HiZ drive
v0x55db669259b0_62 .net v0x55db669259b0 62, 15 0, o0x7f55a6da4c78; 0 drivers
o0x7f55a6da4ca8 .functor BUFZ 16, C4<zzzzzzzzzzzzzzzz>; HiZ drive
v0x55db669259b0_63 .net v0x55db669259b0 63, 15 0, o0x7f55a6da4ca8; 0 drivers
o0x7f55a6da4cd8 .functor BUFZ 16, C4<zzzzzzzzzzzzzzzz>; HiZ drive
v0x55db669259b0_64 .net v0x55db669259b0 64, 15 0, o0x7f55a6da4cd8; 0 drivers
o0x7f55a6da4d08 .functor BUFZ 16, C4<zzzzzzzzzzzzzzzz>; HiZ drive
v0x55db669259b0_65 .net v0x55db669259b0 65, 15 0, o0x7f55a6da4d08; 0 drivers
o0x7f55a6da4d38 .functor BUFZ 16, C4<zzzzzzzzzzzzzzzz>; HiZ drive
v0x55db669259b0_66 .net v0x55db669259b0 66, 15 0, o0x7f55a6da4d38; 0 drivers
o0x7f55a6da4d68 .functor BUFZ 16, C4<zzzzzzzzzzzzzzzz>; HiZ drive
v0x55db669259b0_67 .net v0x55db669259b0 67, 15 0, o0x7f55a6da4d68; 0 drivers
o0x7f55a6da4d98 .functor BUFZ 16, C4<zzzzzzzzzzzzzzzz>; HiZ drive
v0x55db669259b0_68 .net v0x55db669259b0 68, 15 0, o0x7f55a6da4d98; 0 drivers
o0x7f55a6da4dc8 .functor BUFZ 16, C4<zzzzzzzzzzzzzzzz>; HiZ drive
v0x55db669259b0_69 .net v0x55db669259b0 69, 15 0, o0x7f55a6da4dc8; 0 drivers
o0x7f55a6da4df8 .functor BUFZ 16, C4<zzzzzzzzzzzzzzzz>; HiZ drive
v0x55db669259b0_70 .net v0x55db669259b0 70, 15 0, o0x7f55a6da4df8; 0 drivers
o0x7f55a6da4e28 .functor BUFZ 16, C4<zzzzzzzzzzzzzzzz>; HiZ drive
v0x55db669259b0_71 .net v0x55db669259b0 71, 15 0, o0x7f55a6da4e28; 0 drivers
o0x7f55a6da4e58 .functor BUFZ 16, C4<zzzzzzzzzzzzzzzz>; HiZ drive
v0x55db669259b0_72 .net v0x55db669259b0 72, 15 0, o0x7f55a6da4e58; 0 drivers
o0x7f55a6da4e88 .functor BUFZ 16, C4<zzzzzzzzzzzzzzzz>; HiZ drive
v0x55db669259b0_73 .net v0x55db669259b0 73, 15 0, o0x7f55a6da4e88; 0 drivers
o0x7f55a6da4eb8 .functor BUFZ 16, C4<zzzzzzzzzzzzzzzz>; HiZ drive
v0x55db669259b0_74 .net v0x55db669259b0 74, 15 0, o0x7f55a6da4eb8; 0 drivers
o0x7f55a6da4ee8 .functor BUFZ 16, C4<zzzzzzzzzzzzzzzz>; HiZ drive
v0x55db669259b0_75 .net v0x55db669259b0 75, 15 0, o0x7f55a6da4ee8; 0 drivers
o0x7f55a6da4f18 .functor BUFZ 16, C4<zzzzzzzzzzzzzzzz>; HiZ drive
v0x55db669259b0_76 .net v0x55db669259b0 76, 15 0, o0x7f55a6da4f18; 0 drivers
o0x7f55a6da4f48 .functor BUFZ 16, C4<zzzzzzzzzzzzzzzz>; HiZ drive
v0x55db669259b0_77 .net v0x55db669259b0 77, 15 0, o0x7f55a6da4f48; 0 drivers
o0x7f55a6da4f78 .functor BUFZ 16, C4<zzzzzzzzzzzzzzzz>; HiZ drive
v0x55db669259b0_78 .net v0x55db669259b0 78, 15 0, o0x7f55a6da4f78; 0 drivers
o0x7f55a6da4fa8 .functor BUFZ 16, C4<zzzzzzzzzzzzzzzz>; HiZ drive
v0x55db669259b0_79 .net v0x55db669259b0 79, 15 0, o0x7f55a6da4fa8; 0 drivers
o0x7f55a6da4fd8 .functor BUFZ 16, C4<zzzzzzzzzzzzzzzz>; HiZ drive
v0x55db669259b0_80 .net v0x55db669259b0 80, 15 0, o0x7f55a6da4fd8; 0 drivers
o0x7f55a6da5008 .functor BUFZ 16, C4<zzzzzzzzzzzzzzzz>; HiZ drive
v0x55db669259b0_81 .net v0x55db669259b0 81, 15 0, o0x7f55a6da5008; 0 drivers
o0x7f55a6da5038 .functor BUFZ 16, C4<zzzzzzzzzzzzzzzz>; HiZ drive
v0x55db669259b0_82 .net v0x55db669259b0 82, 15 0, o0x7f55a6da5038; 0 drivers
o0x7f55a6da5068 .functor BUFZ 16, C4<zzzzzzzzzzzzzzzz>; HiZ drive
v0x55db669259b0_83 .net v0x55db669259b0 83, 15 0, o0x7f55a6da5068; 0 drivers
o0x7f55a6da5098 .functor BUFZ 16, C4<zzzzzzzzzzzzzzzz>; HiZ drive
v0x55db669259b0_84 .net v0x55db669259b0 84, 15 0, o0x7f55a6da5098; 0 drivers
o0x7f55a6da50c8 .functor BUFZ 16, C4<zzzzzzzzzzzzzzzz>; HiZ drive
v0x55db669259b0_85 .net v0x55db669259b0 85, 15 0, o0x7f55a6da50c8; 0 drivers
o0x7f55a6da50f8 .functor BUFZ 16, C4<zzzzzzzzzzzzzzzz>; HiZ drive
v0x55db669259b0_86 .net v0x55db669259b0 86, 15 0, o0x7f55a6da50f8; 0 drivers
o0x7f55a6da5128 .functor BUFZ 16, C4<zzzzzzzzzzzzzzzz>; HiZ drive
v0x55db669259b0_87 .net v0x55db669259b0 87, 15 0, o0x7f55a6da5128; 0 drivers
o0x7f55a6da5158 .functor BUFZ 16, C4<zzzzzzzzzzzzzzzz>; HiZ drive
v0x55db669259b0_88 .net v0x55db669259b0 88, 15 0, o0x7f55a6da5158; 0 drivers
o0x7f55a6da5188 .functor BUFZ 16, C4<zzzzzzzzzzzzzzzz>; HiZ drive
v0x55db669259b0_89 .net v0x55db669259b0 89, 15 0, o0x7f55a6da5188; 0 drivers
o0x7f55a6da51b8 .functor BUFZ 16, C4<zzzzzzzzzzzzzzzz>; HiZ drive
v0x55db669259b0_90 .net v0x55db669259b0 90, 15 0, o0x7f55a6da51b8; 0 drivers
o0x7f55a6da51e8 .functor BUFZ 16, C4<zzzzzzzzzzzzzzzz>; HiZ drive
v0x55db669259b0_91 .net v0x55db669259b0 91, 15 0, o0x7f55a6da51e8; 0 drivers
o0x7f55a6da5218 .functor BUFZ 16, C4<zzzzzzzzzzzzzzzz>; HiZ drive
v0x55db669259b0_92 .net v0x55db669259b0 92, 15 0, o0x7f55a6da5218; 0 drivers
o0x7f55a6da5248 .functor BUFZ 16, C4<zzzzzzzzzzzzzzzz>; HiZ drive
v0x55db669259b0_93 .net v0x55db669259b0 93, 15 0, o0x7f55a6da5248; 0 drivers
o0x7f55a6da5278 .functor BUFZ 16, C4<zzzzzzzzzzzzzzzz>; HiZ drive
v0x55db669259b0_94 .net v0x55db669259b0 94, 15 0, o0x7f55a6da5278; 0 drivers
o0x7f55a6da52a8 .functor BUFZ 16, C4<zzzzzzzzzzzzzzzz>; HiZ drive
v0x55db669259b0_95 .net v0x55db669259b0 95, 15 0, o0x7f55a6da52a8; 0 drivers
o0x7f55a6da52d8 .functor BUFZ 16, C4<zzzzzzzzzzzzzzzz>; HiZ drive
v0x55db669259b0_96 .net v0x55db669259b0 96, 15 0, o0x7f55a6da52d8; 0 drivers
o0x7f55a6da5308 .functor BUFZ 16, C4<zzzzzzzzzzzzzzzz>; HiZ drive
v0x55db669259b0_97 .net v0x55db669259b0 97, 15 0, o0x7f55a6da5308; 0 drivers
o0x7f55a6da5338 .functor BUFZ 16, C4<zzzzzzzzzzzzzzzz>; HiZ drive
v0x55db669259b0_98 .net v0x55db669259b0 98, 15 0, o0x7f55a6da5338; 0 drivers
o0x7f55a6da5368 .functor BUFZ 16, C4<zzzzzzzzzzzzzzzz>; HiZ drive
v0x55db669259b0_99 .net v0x55db669259b0 99, 15 0, o0x7f55a6da5368; 0 drivers
o0x7f55a6da5398 .functor BUFZ 16, C4<zzzzzzzzzzzzzzzz>; HiZ drive
v0x55db669259b0_100 .net v0x55db669259b0 100, 15 0, o0x7f55a6da5398; 0 drivers
o0x7f55a6da53c8 .functor BUFZ 16, C4<zzzzzzzzzzzzzzzz>; HiZ drive
v0x55db669259b0_101 .net v0x55db669259b0 101, 15 0, o0x7f55a6da53c8; 0 drivers
o0x7f55a6da53f8 .functor BUFZ 16, C4<zzzzzzzzzzzzzzzz>; HiZ drive
v0x55db669259b0_102 .net v0x55db669259b0 102, 15 0, o0x7f55a6da53f8; 0 drivers
o0x7f55a6da5428 .functor BUFZ 16, C4<zzzzzzzzzzzzzzzz>; HiZ drive
v0x55db669259b0_103 .net v0x55db669259b0 103, 15 0, o0x7f55a6da5428; 0 drivers
o0x7f55a6da5458 .functor BUFZ 16, C4<zzzzzzzzzzzzzzzz>; HiZ drive
v0x55db669259b0_104 .net v0x55db669259b0 104, 15 0, o0x7f55a6da5458; 0 drivers
o0x7f55a6da5488 .functor BUFZ 16, C4<zzzzzzzzzzzzzzzz>; HiZ drive
v0x55db669259b0_105 .net v0x55db669259b0 105, 15 0, o0x7f55a6da5488; 0 drivers
o0x7f55a6da54b8 .functor BUFZ 16, C4<zzzzzzzzzzzzzzzz>; HiZ drive
v0x55db669259b0_106 .net v0x55db669259b0 106, 15 0, o0x7f55a6da54b8; 0 drivers
o0x7f55a6da54e8 .functor BUFZ 16, C4<zzzzzzzzzzzzzzzz>; HiZ drive
v0x55db669259b0_107 .net v0x55db669259b0 107, 15 0, o0x7f55a6da54e8; 0 drivers
o0x7f55a6da5518 .functor BUFZ 16, C4<zzzzzzzzzzzzzzzz>; HiZ drive
v0x55db669259b0_108 .net v0x55db669259b0 108, 15 0, o0x7f55a6da5518; 0 drivers
o0x7f55a6da5548 .functor BUFZ 16, C4<zzzzzzzzzzzzzzzz>; HiZ drive
v0x55db669259b0_109 .net v0x55db669259b0 109, 15 0, o0x7f55a6da5548; 0 drivers
o0x7f55a6da5578 .functor BUFZ 16, C4<zzzzzzzzzzzzzzzz>; HiZ drive
v0x55db669259b0_110 .net v0x55db669259b0 110, 15 0, o0x7f55a6da5578; 0 drivers
o0x7f55a6da55a8 .functor BUFZ 16, C4<zzzzzzzzzzzzzzzz>; HiZ drive
v0x55db669259b0_111 .net v0x55db669259b0 111, 15 0, o0x7f55a6da55a8; 0 drivers
o0x7f55a6da55d8 .functor BUFZ 16, C4<zzzzzzzzzzzzzzzz>; HiZ drive
v0x55db669259b0_112 .net v0x55db669259b0 112, 15 0, o0x7f55a6da55d8; 0 drivers
o0x7f55a6da5608 .functor BUFZ 16, C4<zzzzzzzzzzzzzzzz>; HiZ drive
v0x55db669259b0_113 .net v0x55db669259b0 113, 15 0, o0x7f55a6da5608; 0 drivers
o0x7f55a6da5638 .functor BUFZ 16, C4<zzzzzzzzzzzzzzzz>; HiZ drive
v0x55db669259b0_114 .net v0x55db669259b0 114, 15 0, o0x7f55a6da5638; 0 drivers
o0x7f55a6da5668 .functor BUFZ 16, C4<zzzzzzzzzzzzzzzz>; HiZ drive
v0x55db669259b0_115 .net v0x55db669259b0 115, 15 0, o0x7f55a6da5668; 0 drivers
o0x7f55a6da5698 .functor BUFZ 16, C4<zzzzzzzzzzzzzzzz>; HiZ drive
v0x55db669259b0_116 .net v0x55db669259b0 116, 15 0, o0x7f55a6da5698; 0 drivers
o0x7f55a6da56c8 .functor BUFZ 16, C4<zzzzzzzzzzzzzzzz>; HiZ drive
v0x55db669259b0_117 .net v0x55db669259b0 117, 15 0, o0x7f55a6da56c8; 0 drivers
o0x7f55a6da56f8 .functor BUFZ 16, C4<zzzzzzzzzzzzzzzz>; HiZ drive
v0x55db669259b0_118 .net v0x55db669259b0 118, 15 0, o0x7f55a6da56f8; 0 drivers
o0x7f55a6da5728 .functor BUFZ 16, C4<zzzzzzzzzzzzzzzz>; HiZ drive
v0x55db669259b0_119 .net v0x55db669259b0 119, 15 0, o0x7f55a6da5728; 0 drivers
o0x7f55a6da5758 .functor BUFZ 16, C4<zzzzzzzzzzzzzzzz>; HiZ drive
v0x55db669259b0_120 .net v0x55db669259b0 120, 15 0, o0x7f55a6da5758; 0 drivers
o0x7f55a6da5788 .functor BUFZ 16, C4<zzzzzzzzzzzzzzzz>; HiZ drive
v0x55db669259b0_121 .net v0x55db669259b0 121, 15 0, o0x7f55a6da5788; 0 drivers
o0x7f55a6da57b8 .functor BUFZ 16, C4<zzzzzzzzzzzzzzzz>; HiZ drive
v0x55db669259b0_122 .net v0x55db669259b0 122, 15 0, o0x7f55a6da57b8; 0 drivers
o0x7f55a6da57e8 .functor BUFZ 16, C4<zzzzzzzzzzzzzzzz>; HiZ drive
v0x55db669259b0_123 .net v0x55db669259b0 123, 15 0, o0x7f55a6da57e8; 0 drivers
o0x7f55a6da5818 .functor BUFZ 16, C4<zzzzzzzzzzzzzzzz>; HiZ drive
v0x55db669259b0_124 .net v0x55db669259b0 124, 15 0, o0x7f55a6da5818; 0 drivers
o0x7f55a6da5848 .functor BUFZ 16, C4<zzzzzzzzzzzzzzzz>; HiZ drive
v0x55db669259b0_125 .net v0x55db669259b0 125, 15 0, o0x7f55a6da5848; 0 drivers
o0x7f55a6da5878 .functor BUFZ 16, C4<zzzzzzzzzzzzzzzz>; HiZ drive
v0x55db669259b0_126 .net v0x55db669259b0 126, 15 0, o0x7f55a6da5878; 0 drivers
o0x7f55a6da58a8 .functor BUFZ 16, C4<zzzzzzzzzzzzzzzz>; HiZ drive
v0x55db669259b0_127 .net v0x55db669259b0 127, 15 0, o0x7f55a6da58a8; 0 drivers
o0x7f55a6da58d8 .functor BUFZ 16, C4<zzzzzzzzzzzzzzzz>; HiZ drive
v0x55db669259b0_128 .net v0x55db669259b0 128, 15 0, o0x7f55a6da58d8; 0 drivers
o0x7f55a6da5908 .functor BUFZ 16, C4<zzzzzzzzzzzzzzzz>; HiZ drive
v0x55db669259b0_129 .net v0x55db669259b0 129, 15 0, o0x7f55a6da5908; 0 drivers
o0x7f55a6da5938 .functor BUFZ 16, C4<zzzzzzzzzzzzzzzz>; HiZ drive
v0x55db669259b0_130 .net v0x55db669259b0 130, 15 0, o0x7f55a6da5938; 0 drivers
o0x7f55a6da5968 .functor BUFZ 16, C4<zzzzzzzzzzzzzzzz>; HiZ drive
v0x55db669259b0_131 .net v0x55db669259b0 131, 15 0, o0x7f55a6da5968; 0 drivers
o0x7f55a6da5998 .functor BUFZ 16, C4<zzzzzzzzzzzzzzzz>; HiZ drive
v0x55db669259b0_132 .net v0x55db669259b0 132, 15 0, o0x7f55a6da5998; 0 drivers
o0x7f55a6da59c8 .functor BUFZ 16, C4<zzzzzzzzzzzzzzzz>; HiZ drive
v0x55db669259b0_133 .net v0x55db669259b0 133, 15 0, o0x7f55a6da59c8; 0 drivers
o0x7f55a6da59f8 .functor BUFZ 16, C4<zzzzzzzzzzzzzzzz>; HiZ drive
v0x55db669259b0_134 .net v0x55db669259b0 134, 15 0, o0x7f55a6da59f8; 0 drivers
o0x7f55a6da5a28 .functor BUFZ 16, C4<zzzzzzzzzzzzzzzz>; HiZ drive
v0x55db669259b0_135 .net v0x55db669259b0 135, 15 0, o0x7f55a6da5a28; 0 drivers
o0x7f55a6da5a58 .functor BUFZ 16, C4<zzzzzzzzzzzzzzzz>; HiZ drive
v0x55db669259b0_136 .net v0x55db669259b0 136, 15 0, o0x7f55a6da5a58; 0 drivers
o0x7f55a6da5a88 .functor BUFZ 16, C4<zzzzzzzzzzzzzzzz>; HiZ drive
v0x55db669259b0_137 .net v0x55db669259b0 137, 15 0, o0x7f55a6da5a88; 0 drivers
o0x7f55a6da5ab8 .functor BUFZ 16, C4<zzzzzzzzzzzzzzzz>; HiZ drive
v0x55db669259b0_138 .net v0x55db669259b0 138, 15 0, o0x7f55a6da5ab8; 0 drivers
o0x7f55a6da5ae8 .functor BUFZ 16, C4<zzzzzzzzzzzzzzzz>; HiZ drive
v0x55db669259b0_139 .net v0x55db669259b0 139, 15 0, o0x7f55a6da5ae8; 0 drivers
o0x7f55a6da5b18 .functor BUFZ 16, C4<zzzzzzzzzzzzzzzz>; HiZ drive
v0x55db669259b0_140 .net v0x55db669259b0 140, 15 0, o0x7f55a6da5b18; 0 drivers
o0x7f55a6da5b48 .functor BUFZ 16, C4<zzzzzzzzzzzzzzzz>; HiZ drive
v0x55db669259b0_141 .net v0x55db669259b0 141, 15 0, o0x7f55a6da5b48; 0 drivers
o0x7f55a6da5b78 .functor BUFZ 16, C4<zzzzzzzzzzzzzzzz>; HiZ drive
v0x55db669259b0_142 .net v0x55db669259b0 142, 15 0, o0x7f55a6da5b78; 0 drivers
o0x7f55a6da5ba8 .functor BUFZ 16, C4<zzzzzzzzzzzzzzzz>; HiZ drive
v0x55db669259b0_143 .net v0x55db669259b0 143, 15 0, o0x7f55a6da5ba8; 0 drivers
o0x7f55a6da5bd8 .functor BUFZ 16, C4<zzzzzzzzzzzzzzzz>; HiZ drive
v0x55db669259b0_144 .net v0x55db669259b0 144, 15 0, o0x7f55a6da5bd8; 0 drivers
o0x7f55a6da5c08 .functor BUFZ 16, C4<zzzzzzzzzzzzzzzz>; HiZ drive
v0x55db669259b0_145 .net v0x55db669259b0 145, 15 0, o0x7f55a6da5c08; 0 drivers
o0x7f55a6da5c38 .functor BUFZ 16, C4<zzzzzzzzzzzzzzzz>; HiZ drive
v0x55db669259b0_146 .net v0x55db669259b0 146, 15 0, o0x7f55a6da5c38; 0 drivers
o0x7f55a6da5c68 .functor BUFZ 16, C4<zzzzzzzzzzzzzzzz>; HiZ drive
v0x55db669259b0_147 .net v0x55db669259b0 147, 15 0, o0x7f55a6da5c68; 0 drivers
o0x7f55a6da5c98 .functor BUFZ 16, C4<zzzzzzzzzzzzzzzz>; HiZ drive
v0x55db669259b0_148 .net v0x55db669259b0 148, 15 0, o0x7f55a6da5c98; 0 drivers
o0x7f55a6da5cc8 .functor BUFZ 16, C4<zzzzzzzzzzzzzzzz>; HiZ drive
v0x55db669259b0_149 .net v0x55db669259b0 149, 15 0, o0x7f55a6da5cc8; 0 drivers
o0x7f55a6da5cf8 .functor BUFZ 16, C4<zzzzzzzzzzzzzzzz>; HiZ drive
v0x55db669259b0_150 .net v0x55db669259b0 150, 15 0, o0x7f55a6da5cf8; 0 drivers
o0x7f55a6da5d28 .functor BUFZ 16, C4<zzzzzzzzzzzzzzzz>; HiZ drive
v0x55db669259b0_151 .net v0x55db669259b0 151, 15 0, o0x7f55a6da5d28; 0 drivers
o0x7f55a6da5d58 .functor BUFZ 16, C4<zzzzzzzzzzzzzzzz>; HiZ drive
v0x55db669259b0_152 .net v0x55db669259b0 152, 15 0, o0x7f55a6da5d58; 0 drivers
o0x7f55a6da5d88 .functor BUFZ 16, C4<zzzzzzzzzzzzzzzz>; HiZ drive
v0x55db669259b0_153 .net v0x55db669259b0 153, 15 0, o0x7f55a6da5d88; 0 drivers
o0x7f55a6da5db8 .functor BUFZ 16, C4<zzzzzzzzzzzzzzzz>; HiZ drive
v0x55db669259b0_154 .net v0x55db669259b0 154, 15 0, o0x7f55a6da5db8; 0 drivers
o0x7f55a6da5de8 .functor BUFZ 16, C4<zzzzzzzzzzzzzzzz>; HiZ drive
v0x55db669259b0_155 .net v0x55db669259b0 155, 15 0, o0x7f55a6da5de8; 0 drivers
o0x7f55a6da5e18 .functor BUFZ 16, C4<zzzzzzzzzzzzzzzz>; HiZ drive
v0x55db669259b0_156 .net v0x55db669259b0 156, 15 0, o0x7f55a6da5e18; 0 drivers
o0x7f55a6da5e48 .functor BUFZ 16, C4<zzzzzzzzzzzzzzzz>; HiZ drive
v0x55db669259b0_157 .net v0x55db669259b0 157, 15 0, o0x7f55a6da5e48; 0 drivers
o0x7f55a6da5e78 .functor BUFZ 16, C4<zzzzzzzzzzzzzzzz>; HiZ drive
v0x55db669259b0_158 .net v0x55db669259b0 158, 15 0, o0x7f55a6da5e78; 0 drivers
o0x7f55a6da5ea8 .functor BUFZ 16, C4<zzzzzzzzzzzzzzzz>; HiZ drive
v0x55db669259b0_159 .net v0x55db669259b0 159, 15 0, o0x7f55a6da5ea8; 0 drivers
o0x7f55a6da5ed8 .functor BUFZ 16, C4<zzzzzzzzzzzzzzzz>; HiZ drive
v0x55db669259b0_160 .net v0x55db669259b0 160, 15 0, o0x7f55a6da5ed8; 0 drivers
o0x7f55a6da5f08 .functor BUFZ 16, C4<zzzzzzzzzzzzzzzz>; HiZ drive
v0x55db669259b0_161 .net v0x55db669259b0 161, 15 0, o0x7f55a6da5f08; 0 drivers
o0x7f55a6da5f38 .functor BUFZ 16, C4<zzzzzzzzzzzzzzzz>; HiZ drive
v0x55db669259b0_162 .net v0x55db669259b0 162, 15 0, o0x7f55a6da5f38; 0 drivers
o0x7f55a6da5f68 .functor BUFZ 16, C4<zzzzzzzzzzzzzzzz>; HiZ drive
v0x55db669259b0_163 .net v0x55db669259b0 163, 15 0, o0x7f55a6da5f68; 0 drivers
o0x7f55a6da5f98 .functor BUFZ 16, C4<zzzzzzzzzzzzzzzz>; HiZ drive
v0x55db669259b0_164 .net v0x55db669259b0 164, 15 0, o0x7f55a6da5f98; 0 drivers
o0x7f55a6da5fc8 .functor BUFZ 16, C4<zzzzzzzzzzzzzzzz>; HiZ drive
v0x55db669259b0_165 .net v0x55db669259b0 165, 15 0, o0x7f55a6da5fc8; 0 drivers
o0x7f55a6da5ff8 .functor BUFZ 16, C4<zzzzzzzzzzzzzzzz>; HiZ drive
v0x55db669259b0_166 .net v0x55db669259b0 166, 15 0, o0x7f55a6da5ff8; 0 drivers
o0x7f55a6da6028 .functor BUFZ 16, C4<zzzzzzzzzzzzzzzz>; HiZ drive
v0x55db669259b0_167 .net v0x55db669259b0 167, 15 0, o0x7f55a6da6028; 0 drivers
o0x7f55a6da6058 .functor BUFZ 16, C4<zzzzzzzzzzzzzzzz>; HiZ drive
v0x55db669259b0_168 .net v0x55db669259b0 168, 15 0, o0x7f55a6da6058; 0 drivers
o0x7f55a6da6088 .functor BUFZ 16, C4<zzzzzzzzzzzzzzzz>; HiZ drive
v0x55db669259b0_169 .net v0x55db669259b0 169, 15 0, o0x7f55a6da6088; 0 drivers
o0x7f55a6da60b8 .functor BUFZ 16, C4<zzzzzzzzzzzzzzzz>; HiZ drive
v0x55db669259b0_170 .net v0x55db669259b0 170, 15 0, o0x7f55a6da60b8; 0 drivers
o0x7f55a6da60e8 .functor BUFZ 16, C4<zzzzzzzzzzzzzzzz>; HiZ drive
v0x55db669259b0_171 .net v0x55db669259b0 171, 15 0, o0x7f55a6da60e8; 0 drivers
o0x7f55a6da6118 .functor BUFZ 16, C4<zzzzzzzzzzzzzzzz>; HiZ drive
v0x55db669259b0_172 .net v0x55db669259b0 172, 15 0, o0x7f55a6da6118; 0 drivers
o0x7f55a6da6148 .functor BUFZ 16, C4<zzzzzzzzzzzzzzzz>; HiZ drive
v0x55db669259b0_173 .net v0x55db669259b0 173, 15 0, o0x7f55a6da6148; 0 drivers
o0x7f55a6da6178 .functor BUFZ 16, C4<zzzzzzzzzzzzzzzz>; HiZ drive
v0x55db669259b0_174 .net v0x55db669259b0 174, 15 0, o0x7f55a6da6178; 0 drivers
o0x7f55a6da61a8 .functor BUFZ 16, C4<zzzzzzzzzzzzzzzz>; HiZ drive
v0x55db669259b0_175 .net v0x55db669259b0 175, 15 0, o0x7f55a6da61a8; 0 drivers
o0x7f55a6da61d8 .functor BUFZ 16, C4<zzzzzzzzzzzzzzzz>; HiZ drive
v0x55db669259b0_176 .net v0x55db669259b0 176, 15 0, o0x7f55a6da61d8; 0 drivers
o0x7f55a6da6208 .functor BUFZ 16, C4<zzzzzzzzzzzzzzzz>; HiZ drive
v0x55db669259b0_177 .net v0x55db669259b0 177, 15 0, o0x7f55a6da6208; 0 drivers
o0x7f55a6da6238 .functor BUFZ 16, C4<zzzzzzzzzzzzzzzz>; HiZ drive
v0x55db669259b0_178 .net v0x55db669259b0 178, 15 0, o0x7f55a6da6238; 0 drivers
o0x7f55a6da6268 .functor BUFZ 16, C4<zzzzzzzzzzzzzzzz>; HiZ drive
v0x55db669259b0_179 .net v0x55db669259b0 179, 15 0, o0x7f55a6da6268; 0 drivers
o0x7f55a6da6298 .functor BUFZ 16, C4<zzzzzzzzzzzzzzzz>; HiZ drive
v0x55db669259b0_180 .net v0x55db669259b0 180, 15 0, o0x7f55a6da6298; 0 drivers
o0x7f55a6da62c8 .functor BUFZ 16, C4<zzzzzzzzzzzzzzzz>; HiZ drive
v0x55db669259b0_181 .net v0x55db669259b0 181, 15 0, o0x7f55a6da62c8; 0 drivers
o0x7f55a6da62f8 .functor BUFZ 16, C4<zzzzzzzzzzzzzzzz>; HiZ drive
v0x55db669259b0_182 .net v0x55db669259b0 182, 15 0, o0x7f55a6da62f8; 0 drivers
o0x7f55a6da6328 .functor BUFZ 16, C4<zzzzzzzzzzzzzzzz>; HiZ drive
v0x55db669259b0_183 .net v0x55db669259b0 183, 15 0, o0x7f55a6da6328; 0 drivers
o0x7f55a6da6358 .functor BUFZ 16, C4<zzzzzzzzzzzzzzzz>; HiZ drive
v0x55db669259b0_184 .net v0x55db669259b0 184, 15 0, o0x7f55a6da6358; 0 drivers
o0x7f55a6da6388 .functor BUFZ 16, C4<zzzzzzzzzzzzzzzz>; HiZ drive
v0x55db669259b0_185 .net v0x55db669259b0 185, 15 0, o0x7f55a6da6388; 0 drivers
o0x7f55a6da63b8 .functor BUFZ 16, C4<zzzzzzzzzzzzzzzz>; HiZ drive
v0x55db669259b0_186 .net v0x55db669259b0 186, 15 0, o0x7f55a6da63b8; 0 drivers
o0x7f55a6da63e8 .functor BUFZ 16, C4<zzzzzzzzzzzzzzzz>; HiZ drive
v0x55db669259b0_187 .net v0x55db669259b0 187, 15 0, o0x7f55a6da63e8; 0 drivers
o0x7f55a6da6418 .functor BUFZ 16, C4<zzzzzzzzzzzzzzzz>; HiZ drive
v0x55db669259b0_188 .net v0x55db669259b0 188, 15 0, o0x7f55a6da6418; 0 drivers
o0x7f55a6da6448 .functor BUFZ 16, C4<zzzzzzzzzzzzzzzz>; HiZ drive
v0x55db669259b0_189 .net v0x55db669259b0 189, 15 0, o0x7f55a6da6448; 0 drivers
o0x7f55a6da6478 .functor BUFZ 16, C4<zzzzzzzzzzzzzzzz>; HiZ drive
v0x55db669259b0_190 .net v0x55db669259b0 190, 15 0, o0x7f55a6da6478; 0 drivers
o0x7f55a6da64a8 .functor BUFZ 16, C4<zzzzzzzzzzzzzzzz>; HiZ drive
v0x55db669259b0_191 .net v0x55db669259b0 191, 15 0, o0x7f55a6da64a8; 0 drivers
o0x7f55a6da64d8 .functor BUFZ 16, C4<zzzzzzzzzzzzzzzz>; HiZ drive
v0x55db669259b0_192 .net v0x55db669259b0 192, 15 0, o0x7f55a6da64d8; 0 drivers
o0x7f55a6da6508 .functor BUFZ 16, C4<zzzzzzzzzzzzzzzz>; HiZ drive
v0x55db669259b0_193 .net v0x55db669259b0 193, 15 0, o0x7f55a6da6508; 0 drivers
o0x7f55a6da6538 .functor BUFZ 16, C4<zzzzzzzzzzzzzzzz>; HiZ drive
v0x55db669259b0_194 .net v0x55db669259b0 194, 15 0, o0x7f55a6da6538; 0 drivers
o0x7f55a6da6568 .functor BUFZ 16, C4<zzzzzzzzzzzzzzzz>; HiZ drive
v0x55db669259b0_195 .net v0x55db669259b0 195, 15 0, o0x7f55a6da6568; 0 drivers
o0x7f55a6da6598 .functor BUFZ 16, C4<zzzzzzzzzzzzzzzz>; HiZ drive
v0x55db669259b0_196 .net v0x55db669259b0 196, 15 0, o0x7f55a6da6598; 0 drivers
o0x7f55a6da65c8 .functor BUFZ 16, C4<zzzzzzzzzzzzzzzz>; HiZ drive
v0x55db669259b0_197 .net v0x55db669259b0 197, 15 0, o0x7f55a6da65c8; 0 drivers
o0x7f55a6da65f8 .functor BUFZ 16, C4<zzzzzzzzzzzzzzzz>; HiZ drive
v0x55db669259b0_198 .net v0x55db669259b0 198, 15 0, o0x7f55a6da65f8; 0 drivers
o0x7f55a6da6628 .functor BUFZ 16, C4<zzzzzzzzzzzzzzzz>; HiZ drive
v0x55db669259b0_199 .net v0x55db669259b0 199, 15 0, o0x7f55a6da6628; 0 drivers
o0x7f55a6da6658 .functor BUFZ 16, C4<zzzzzzzzzzzzzzzz>; HiZ drive
v0x55db669259b0_200 .net v0x55db669259b0 200, 15 0, o0x7f55a6da6658; 0 drivers
o0x7f55a6da6688 .functor BUFZ 16, C4<zzzzzzzzzzzzzzzz>; HiZ drive
v0x55db669259b0_201 .net v0x55db669259b0 201, 15 0, o0x7f55a6da6688; 0 drivers
o0x7f55a6da66b8 .functor BUFZ 16, C4<zzzzzzzzzzzzzzzz>; HiZ drive
v0x55db669259b0_202 .net v0x55db669259b0 202, 15 0, o0x7f55a6da66b8; 0 drivers
o0x7f55a6da66e8 .functor BUFZ 16, C4<zzzzzzzzzzzzzzzz>; HiZ drive
v0x55db669259b0_203 .net v0x55db669259b0 203, 15 0, o0x7f55a6da66e8; 0 drivers
o0x7f55a6da6718 .functor BUFZ 16, C4<zzzzzzzzzzzzzzzz>; HiZ drive
v0x55db669259b0_204 .net v0x55db669259b0 204, 15 0, o0x7f55a6da6718; 0 drivers
o0x7f55a6da6748 .functor BUFZ 16, C4<zzzzzzzzzzzzzzzz>; HiZ drive
v0x55db669259b0_205 .net v0x55db669259b0 205, 15 0, o0x7f55a6da6748; 0 drivers
o0x7f55a6da6778 .functor BUFZ 16, C4<zzzzzzzzzzzzzzzz>; HiZ drive
v0x55db669259b0_206 .net v0x55db669259b0 206, 15 0, o0x7f55a6da6778; 0 drivers
o0x7f55a6da67a8 .functor BUFZ 16, C4<zzzzzzzzzzzzzzzz>; HiZ drive
v0x55db669259b0_207 .net v0x55db669259b0 207, 15 0, o0x7f55a6da67a8; 0 drivers
o0x7f55a6da67d8 .functor BUFZ 16, C4<zzzzzzzzzzzzzzzz>; HiZ drive
v0x55db669259b0_208 .net v0x55db669259b0 208, 15 0, o0x7f55a6da67d8; 0 drivers
o0x7f55a6da6808 .functor BUFZ 16, C4<zzzzzzzzzzzzzzzz>; HiZ drive
v0x55db669259b0_209 .net v0x55db669259b0 209, 15 0, o0x7f55a6da6808; 0 drivers
o0x7f55a6da6838 .functor BUFZ 16, C4<zzzzzzzzzzzzzzzz>; HiZ drive
v0x55db669259b0_210 .net v0x55db669259b0 210, 15 0, o0x7f55a6da6838; 0 drivers
o0x7f55a6da6868 .functor BUFZ 16, C4<zzzzzzzzzzzzzzzz>; HiZ drive
v0x55db669259b0_211 .net v0x55db669259b0 211, 15 0, o0x7f55a6da6868; 0 drivers
o0x7f55a6da6898 .functor BUFZ 16, C4<zzzzzzzzzzzzzzzz>; HiZ drive
v0x55db669259b0_212 .net v0x55db669259b0 212, 15 0, o0x7f55a6da6898; 0 drivers
o0x7f55a6da68c8 .functor BUFZ 16, C4<zzzzzzzzzzzzzzzz>; HiZ drive
v0x55db669259b0_213 .net v0x55db669259b0 213, 15 0, o0x7f55a6da68c8; 0 drivers
o0x7f55a6da68f8 .functor BUFZ 16, C4<zzzzzzzzzzzzzzzz>; HiZ drive
v0x55db669259b0_214 .net v0x55db669259b0 214, 15 0, o0x7f55a6da68f8; 0 drivers
o0x7f55a6da6928 .functor BUFZ 16, C4<zzzzzzzzzzzzzzzz>; HiZ drive
v0x55db669259b0_215 .net v0x55db669259b0 215, 15 0, o0x7f55a6da6928; 0 drivers
o0x7f55a6da6958 .functor BUFZ 16, C4<zzzzzzzzzzzzzzzz>; HiZ drive
v0x55db669259b0_216 .net v0x55db669259b0 216, 15 0, o0x7f55a6da6958; 0 drivers
o0x7f55a6da6988 .functor BUFZ 16, C4<zzzzzzzzzzzzzzzz>; HiZ drive
v0x55db669259b0_217 .net v0x55db669259b0 217, 15 0, o0x7f55a6da6988; 0 drivers
o0x7f55a6da69b8 .functor BUFZ 16, C4<zzzzzzzzzzzzzzzz>; HiZ drive
v0x55db669259b0_218 .net v0x55db669259b0 218, 15 0, o0x7f55a6da69b8; 0 drivers
o0x7f55a6da69e8 .functor BUFZ 16, C4<zzzzzzzzzzzzzzzz>; HiZ drive
v0x55db669259b0_219 .net v0x55db669259b0 219, 15 0, o0x7f55a6da69e8; 0 drivers
o0x7f55a6da6a18 .functor BUFZ 16, C4<zzzzzzzzzzzzzzzz>; HiZ drive
v0x55db669259b0_220 .net v0x55db669259b0 220, 15 0, o0x7f55a6da6a18; 0 drivers
o0x7f55a6da6a48 .functor BUFZ 16, C4<zzzzzzzzzzzzzzzz>; HiZ drive
v0x55db669259b0_221 .net v0x55db669259b0 221, 15 0, o0x7f55a6da6a48; 0 drivers
o0x7f55a6da6a78 .functor BUFZ 16, C4<zzzzzzzzzzzzzzzz>; HiZ drive
v0x55db669259b0_222 .net v0x55db669259b0 222, 15 0, o0x7f55a6da6a78; 0 drivers
o0x7f55a6da6aa8 .functor BUFZ 16, C4<zzzzzzzzzzzzzzzz>; HiZ drive
v0x55db669259b0_223 .net v0x55db669259b0 223, 15 0, o0x7f55a6da6aa8; 0 drivers
o0x7f55a6da6ad8 .functor BUFZ 16, C4<zzzzzzzzzzzzzzzz>; HiZ drive
v0x55db669259b0_224 .net v0x55db669259b0 224, 15 0, o0x7f55a6da6ad8; 0 drivers
o0x7f55a6da6b08 .functor BUFZ 16, C4<zzzzzzzzzzzzzzzz>; HiZ drive
v0x55db669259b0_225 .net v0x55db669259b0 225, 15 0, o0x7f55a6da6b08; 0 drivers
o0x7f55a6da6b38 .functor BUFZ 16, C4<zzzzzzzzzzzzzzzz>; HiZ drive
v0x55db669259b0_226 .net v0x55db669259b0 226, 15 0, o0x7f55a6da6b38; 0 drivers
o0x7f55a6da6b68 .functor BUFZ 16, C4<zzzzzzzzzzzzzzzz>; HiZ drive
v0x55db669259b0_227 .net v0x55db669259b0 227, 15 0, o0x7f55a6da6b68; 0 drivers
o0x7f55a6da6b98 .functor BUFZ 16, C4<zzzzzzzzzzzzzzzz>; HiZ drive
v0x55db669259b0_228 .net v0x55db669259b0 228, 15 0, o0x7f55a6da6b98; 0 drivers
o0x7f55a6da6bc8 .functor BUFZ 16, C4<zzzzzzzzzzzzzzzz>; HiZ drive
v0x55db669259b0_229 .net v0x55db669259b0 229, 15 0, o0x7f55a6da6bc8; 0 drivers
o0x7f55a6da6bf8 .functor BUFZ 16, C4<zzzzzzzzzzzzzzzz>; HiZ drive
v0x55db669259b0_230 .net v0x55db669259b0 230, 15 0, o0x7f55a6da6bf8; 0 drivers
o0x7f55a6da6c28 .functor BUFZ 16, C4<zzzzzzzzzzzzzzzz>; HiZ drive
v0x55db669259b0_231 .net v0x55db669259b0 231, 15 0, o0x7f55a6da6c28; 0 drivers
o0x7f55a6da6c58 .functor BUFZ 16, C4<zzzzzzzzzzzzzzzz>; HiZ drive
v0x55db669259b0_232 .net v0x55db669259b0 232, 15 0, o0x7f55a6da6c58; 0 drivers
o0x7f55a6da6c88 .functor BUFZ 16, C4<zzzzzzzzzzzzzzzz>; HiZ drive
v0x55db669259b0_233 .net v0x55db669259b0 233, 15 0, o0x7f55a6da6c88; 0 drivers
o0x7f55a6da6cb8 .functor BUFZ 16, C4<zzzzzzzzzzzzzzzz>; HiZ drive
v0x55db669259b0_234 .net v0x55db669259b0 234, 15 0, o0x7f55a6da6cb8; 0 drivers
o0x7f55a6da6ce8 .functor BUFZ 16, C4<zzzzzzzzzzzzzzzz>; HiZ drive
v0x55db669259b0_235 .net v0x55db669259b0 235, 15 0, o0x7f55a6da6ce8; 0 drivers
o0x7f55a6da6d18 .functor BUFZ 16, C4<zzzzzzzzzzzzzzzz>; HiZ drive
v0x55db669259b0_236 .net v0x55db669259b0 236, 15 0, o0x7f55a6da6d18; 0 drivers
o0x7f55a6da6d48 .functor BUFZ 16, C4<zzzzzzzzzzzzzzzz>; HiZ drive
v0x55db669259b0_237 .net v0x55db669259b0 237, 15 0, o0x7f55a6da6d48; 0 drivers
o0x7f55a6da6d78 .functor BUFZ 16, C4<zzzzzzzzzzzzzzzz>; HiZ drive
v0x55db669259b0_238 .net v0x55db669259b0 238, 15 0, o0x7f55a6da6d78; 0 drivers
o0x7f55a6da6da8 .functor BUFZ 16, C4<zzzzzzzzzzzzzzzz>; HiZ drive
v0x55db669259b0_239 .net v0x55db669259b0 239, 15 0, o0x7f55a6da6da8; 0 drivers
o0x7f55a6da6dd8 .functor BUFZ 16, C4<zzzzzzzzzzzzzzzz>; HiZ drive
v0x55db669259b0_240 .net v0x55db669259b0 240, 15 0, o0x7f55a6da6dd8; 0 drivers
o0x7f55a6da6e08 .functor BUFZ 16, C4<zzzzzzzzzzzzzzzz>; HiZ drive
v0x55db669259b0_241 .net v0x55db669259b0 241, 15 0, o0x7f55a6da6e08; 0 drivers
o0x7f55a6da6e38 .functor BUFZ 16, C4<zzzzzzzzzzzzzzzz>; HiZ drive
v0x55db669259b0_242 .net v0x55db669259b0 242, 15 0, o0x7f55a6da6e38; 0 drivers
o0x7f55a6da6e68 .functor BUFZ 16, C4<zzzzzzzzzzzzzzzz>; HiZ drive
v0x55db669259b0_243 .net v0x55db669259b0 243, 15 0, o0x7f55a6da6e68; 0 drivers
o0x7f55a6da6e98 .functor BUFZ 16, C4<zzzzzzzzzzzzzzzz>; HiZ drive
v0x55db669259b0_244 .net v0x55db669259b0 244, 15 0, o0x7f55a6da6e98; 0 drivers
o0x7f55a6da6ec8 .functor BUFZ 16, C4<zzzzzzzzzzzzzzzz>; HiZ drive
v0x55db669259b0_245 .net v0x55db669259b0 245, 15 0, o0x7f55a6da6ec8; 0 drivers
o0x7f55a6da6ef8 .functor BUFZ 16, C4<zzzzzzzzzzzzzzzz>; HiZ drive
v0x55db669259b0_246 .net v0x55db669259b0 246, 15 0, o0x7f55a6da6ef8; 0 drivers
o0x7f55a6da6f28 .functor BUFZ 16, C4<zzzzzzzzzzzzzzzz>; HiZ drive
v0x55db669259b0_247 .net v0x55db669259b0 247, 15 0, o0x7f55a6da6f28; 0 drivers
o0x7f55a6da6f58 .functor BUFZ 16, C4<zzzzzzzzzzzzzzzz>; HiZ drive
v0x55db669259b0_248 .net v0x55db669259b0 248, 15 0, o0x7f55a6da6f58; 0 drivers
o0x7f55a6da6f88 .functor BUFZ 16, C4<zzzzzzzzzzzzzzzz>; HiZ drive
v0x55db669259b0_249 .net v0x55db669259b0 249, 15 0, o0x7f55a6da6f88; 0 drivers
o0x7f55a6da6fb8 .functor BUFZ 16, C4<zzzzzzzzzzzzzzzz>; HiZ drive
v0x55db669259b0_250 .net v0x55db669259b0 250, 15 0, o0x7f55a6da6fb8; 0 drivers
o0x7f55a6da6fe8 .functor BUFZ 16, C4<zzzzzzzzzzzzzzzz>; HiZ drive
v0x55db669259b0_251 .net v0x55db669259b0 251, 15 0, o0x7f55a6da6fe8; 0 drivers
o0x7f55a6da7018 .functor BUFZ 16, C4<zzzzzzzzzzzzzzzz>; HiZ drive
v0x55db669259b0_252 .net v0x55db669259b0 252, 15 0, o0x7f55a6da7018; 0 drivers
o0x7f55a6da7048 .functor BUFZ 16, C4<zzzzzzzzzzzzzzzz>; HiZ drive
v0x55db669259b0_253 .net v0x55db669259b0 253, 15 0, o0x7f55a6da7048; 0 drivers
o0x7f55a6da7078 .functor BUFZ 16, C4<zzzzzzzzzzzzzzzz>; HiZ drive
v0x55db669259b0_254 .net v0x55db669259b0 254, 15 0, o0x7f55a6da7078; 0 drivers
o0x7f55a6da70a8 .functor BUFZ 16, C4<zzzzzzzzzzzzzzzz>; HiZ drive
v0x55db669259b0_255 .net v0x55db669259b0 255, 15 0, o0x7f55a6da70a8; 0 drivers
o0x7f55a6da70d8 .functor BUFZ 16, C4<zzzzzzzzzzzzzzzz>; HiZ drive
v0x55db669259b0_256 .net v0x55db669259b0 256, 15 0, o0x7f55a6da70d8; 0 drivers
o0x7f55a6da7108 .functor BUFZ 16, C4<zzzzzzzzzzzzzzzz>; HiZ drive
v0x55db669259b0_257 .net v0x55db669259b0 257, 15 0, o0x7f55a6da7108; 0 drivers
o0x7f55a6da7138 .functor BUFZ 16, C4<zzzzzzzzzzzzzzzz>; HiZ drive
v0x55db669259b0_258 .net v0x55db669259b0 258, 15 0, o0x7f55a6da7138; 0 drivers
o0x7f55a6da7168 .functor BUFZ 16, C4<zzzzzzzzzzzzzzzz>; HiZ drive
v0x55db669259b0_259 .net v0x55db669259b0 259, 15 0, o0x7f55a6da7168; 0 drivers
o0x7f55a6da7198 .functor BUFZ 16, C4<zzzzzzzzzzzzzzzz>; HiZ drive
v0x55db669259b0_260 .net v0x55db669259b0 260, 15 0, o0x7f55a6da7198; 0 drivers
o0x7f55a6da71c8 .functor BUFZ 16, C4<zzzzzzzzzzzzzzzz>; HiZ drive
v0x55db669259b0_261 .net v0x55db669259b0 261, 15 0, o0x7f55a6da71c8; 0 drivers
o0x7f55a6da71f8 .functor BUFZ 16, C4<zzzzzzzzzzzzzzzz>; HiZ drive
v0x55db669259b0_262 .net v0x55db669259b0 262, 15 0, o0x7f55a6da71f8; 0 drivers
o0x7f55a6da7228 .functor BUFZ 16, C4<zzzzzzzzzzzzzzzz>; HiZ drive
v0x55db669259b0_263 .net v0x55db669259b0 263, 15 0, o0x7f55a6da7228; 0 drivers
o0x7f55a6da7258 .functor BUFZ 16, C4<zzzzzzzzzzzzzzzz>; HiZ drive
v0x55db669259b0_264 .net v0x55db669259b0 264, 15 0, o0x7f55a6da7258; 0 drivers
o0x7f55a6da7288 .functor BUFZ 16, C4<zzzzzzzzzzzzzzzz>; HiZ drive
v0x55db669259b0_265 .net v0x55db669259b0 265, 15 0, o0x7f55a6da7288; 0 drivers
o0x7f55a6da72b8 .functor BUFZ 16, C4<zzzzzzzzzzzzzzzz>; HiZ drive
v0x55db669259b0_266 .net v0x55db669259b0 266, 15 0, o0x7f55a6da72b8; 0 drivers
o0x7f55a6da72e8 .functor BUFZ 16, C4<zzzzzzzzzzzzzzzz>; HiZ drive
v0x55db669259b0_267 .net v0x55db669259b0 267, 15 0, o0x7f55a6da72e8; 0 drivers
o0x7f55a6da7318 .functor BUFZ 16, C4<zzzzzzzzzzzzzzzz>; HiZ drive
v0x55db669259b0_268 .net v0x55db669259b0 268, 15 0, o0x7f55a6da7318; 0 drivers
o0x7f55a6da7348 .functor BUFZ 16, C4<zzzzzzzzzzzzzzzz>; HiZ drive
v0x55db669259b0_269 .net v0x55db669259b0 269, 15 0, o0x7f55a6da7348; 0 drivers
o0x7f55a6da7378 .functor BUFZ 16, C4<zzzzzzzzzzzzzzzz>; HiZ drive
v0x55db669259b0_270 .net v0x55db669259b0 270, 15 0, o0x7f55a6da7378; 0 drivers
o0x7f55a6da73a8 .functor BUFZ 16, C4<zzzzzzzzzzzzzzzz>; HiZ drive
v0x55db669259b0_271 .net v0x55db669259b0 271, 15 0, o0x7f55a6da73a8; 0 drivers
o0x7f55a6da73d8 .functor BUFZ 16, C4<zzzzzzzzzzzzzzzz>; HiZ drive
v0x55db669259b0_272 .net v0x55db669259b0 272, 15 0, o0x7f55a6da73d8; 0 drivers
o0x7f55a6da7408 .functor BUFZ 16, C4<zzzzzzzzzzzzzzzz>; HiZ drive
v0x55db669259b0_273 .net v0x55db669259b0 273, 15 0, o0x7f55a6da7408; 0 drivers
o0x7f55a6da7438 .functor BUFZ 16, C4<zzzzzzzzzzzzzzzz>; HiZ drive
v0x55db669259b0_274 .net v0x55db669259b0 274, 15 0, o0x7f55a6da7438; 0 drivers
o0x7f55a6da7468 .functor BUFZ 16, C4<zzzzzzzzzzzzzzzz>; HiZ drive
v0x55db669259b0_275 .net v0x55db669259b0 275, 15 0, o0x7f55a6da7468; 0 drivers
o0x7f55a6da7498 .functor BUFZ 16, C4<zzzzzzzzzzzzzzzz>; HiZ drive
v0x55db669259b0_276 .net v0x55db669259b0 276, 15 0, o0x7f55a6da7498; 0 drivers
o0x7f55a6da74c8 .functor BUFZ 16, C4<zzzzzzzzzzzzzzzz>; HiZ drive
v0x55db669259b0_277 .net v0x55db669259b0 277, 15 0, o0x7f55a6da74c8; 0 drivers
o0x7f55a6da74f8 .functor BUFZ 16, C4<zzzzzzzzzzzzzzzz>; HiZ drive
v0x55db669259b0_278 .net v0x55db669259b0 278, 15 0, o0x7f55a6da74f8; 0 drivers
o0x7f55a6da7528 .functor BUFZ 16, C4<zzzzzzzzzzzzzzzz>; HiZ drive
v0x55db669259b0_279 .net v0x55db669259b0 279, 15 0, o0x7f55a6da7528; 0 drivers
o0x7f55a6da7558 .functor BUFZ 16, C4<zzzzzzzzzzzzzzzz>; HiZ drive
v0x55db669259b0_280 .net v0x55db669259b0 280, 15 0, o0x7f55a6da7558; 0 drivers
o0x7f55a6da7588 .functor BUFZ 16, C4<zzzzzzzzzzzzzzzz>; HiZ drive
v0x55db669259b0_281 .net v0x55db669259b0 281, 15 0, o0x7f55a6da7588; 0 drivers
o0x7f55a6da75b8 .functor BUFZ 16, C4<zzzzzzzzzzzzzzzz>; HiZ drive
v0x55db669259b0_282 .net v0x55db669259b0 282, 15 0, o0x7f55a6da75b8; 0 drivers
o0x7f55a6da75e8 .functor BUFZ 16, C4<zzzzzzzzzzzzzzzz>; HiZ drive
v0x55db669259b0_283 .net v0x55db669259b0 283, 15 0, o0x7f55a6da75e8; 0 drivers
o0x7f55a6da7618 .functor BUFZ 16, C4<zzzzzzzzzzzzzzzz>; HiZ drive
v0x55db669259b0_284 .net v0x55db669259b0 284, 15 0, o0x7f55a6da7618; 0 drivers
o0x7f55a6da7648 .functor BUFZ 16, C4<zzzzzzzzzzzzzzzz>; HiZ drive
v0x55db669259b0_285 .net v0x55db669259b0 285, 15 0, o0x7f55a6da7648; 0 drivers
o0x7f55a6da7678 .functor BUFZ 16, C4<zzzzzzzzzzzzzzzz>; HiZ drive
v0x55db669259b0_286 .net v0x55db669259b0 286, 15 0, o0x7f55a6da7678; 0 drivers
o0x7f55a6da76a8 .functor BUFZ 16, C4<zzzzzzzzzzzzzzzz>; HiZ drive
v0x55db669259b0_287 .net v0x55db669259b0 287, 15 0, o0x7f55a6da76a8; 0 drivers
o0x7f55a6da76d8 .functor BUFZ 16, C4<zzzzzzzzzzzzzzzz>; HiZ drive
v0x55db669259b0_288 .net v0x55db669259b0 288, 15 0, o0x7f55a6da76d8; 0 drivers
o0x7f55a6da7708 .functor BUFZ 16, C4<zzzzzzzzzzzzzzzz>; HiZ drive
v0x55db669259b0_289 .net v0x55db669259b0 289, 15 0, o0x7f55a6da7708; 0 drivers
o0x7f55a6da7738 .functor BUFZ 16, C4<zzzzzzzzzzzzzzzz>; HiZ drive
v0x55db669259b0_290 .net v0x55db669259b0 290, 15 0, o0x7f55a6da7738; 0 drivers
o0x7f55a6da7768 .functor BUFZ 16, C4<zzzzzzzzzzzzzzzz>; HiZ drive
v0x55db669259b0_291 .net v0x55db669259b0 291, 15 0, o0x7f55a6da7768; 0 drivers
o0x7f55a6da7798 .functor BUFZ 16, C4<zzzzzzzzzzzzzzzz>; HiZ drive
v0x55db669259b0_292 .net v0x55db669259b0 292, 15 0, o0x7f55a6da7798; 0 drivers
o0x7f55a6da77c8 .functor BUFZ 16, C4<zzzzzzzzzzzzzzzz>; HiZ drive
v0x55db669259b0_293 .net v0x55db669259b0 293, 15 0, o0x7f55a6da77c8; 0 drivers
o0x7f55a6da77f8 .functor BUFZ 16, C4<zzzzzzzzzzzzzzzz>; HiZ drive
v0x55db669259b0_294 .net v0x55db669259b0 294, 15 0, o0x7f55a6da77f8; 0 drivers
o0x7f55a6da7828 .functor BUFZ 16, C4<zzzzzzzzzzzzzzzz>; HiZ drive
v0x55db669259b0_295 .net v0x55db669259b0 295, 15 0, o0x7f55a6da7828; 0 drivers
o0x7f55a6da7858 .functor BUFZ 16, C4<zzzzzzzzzzzzzzzz>; HiZ drive
v0x55db669259b0_296 .net v0x55db669259b0 296, 15 0, o0x7f55a6da7858; 0 drivers
o0x7f55a6da7888 .functor BUFZ 16, C4<zzzzzzzzzzzzzzzz>; HiZ drive
v0x55db669259b0_297 .net v0x55db669259b0 297, 15 0, o0x7f55a6da7888; 0 drivers
o0x7f55a6da78b8 .functor BUFZ 16, C4<zzzzzzzzzzzzzzzz>; HiZ drive
v0x55db669259b0_298 .net v0x55db669259b0 298, 15 0, o0x7f55a6da78b8; 0 drivers
o0x7f55a6da78e8 .functor BUFZ 16, C4<zzzzzzzzzzzzzzzz>; HiZ drive
v0x55db669259b0_299 .net v0x55db669259b0 299, 15 0, o0x7f55a6da78e8; 0 drivers
o0x7f55a6da7918 .functor BUFZ 16, C4<zzzzzzzzzzzzzzzz>; HiZ drive
v0x55db669259b0_300 .net v0x55db669259b0 300, 15 0, o0x7f55a6da7918; 0 drivers
o0x7f55a6da7948 .functor BUFZ 16, C4<zzzzzzzzzzzzzzzz>; HiZ drive
v0x55db669259b0_301 .net v0x55db669259b0 301, 15 0, o0x7f55a6da7948; 0 drivers
o0x7f55a6da7978 .functor BUFZ 16, C4<zzzzzzzzzzzzzzzz>; HiZ drive
v0x55db669259b0_302 .net v0x55db669259b0 302, 15 0, o0x7f55a6da7978; 0 drivers
o0x7f55a6da79a8 .functor BUFZ 16, C4<zzzzzzzzzzzzzzzz>; HiZ drive
v0x55db669259b0_303 .net v0x55db669259b0 303, 15 0, o0x7f55a6da79a8; 0 drivers
o0x7f55a6da79d8 .functor BUFZ 16, C4<zzzzzzzzzzzzzzzz>; HiZ drive
v0x55db669259b0_304 .net v0x55db669259b0 304, 15 0, o0x7f55a6da79d8; 0 drivers
o0x7f55a6da7a08 .functor BUFZ 16, C4<zzzzzzzzzzzzzzzz>; HiZ drive
v0x55db669259b0_305 .net v0x55db669259b0 305, 15 0, o0x7f55a6da7a08; 0 drivers
o0x7f55a6da7a38 .functor BUFZ 16, C4<zzzzzzzzzzzzzzzz>; HiZ drive
v0x55db669259b0_306 .net v0x55db669259b0 306, 15 0, o0x7f55a6da7a38; 0 drivers
o0x7f55a6da7a68 .functor BUFZ 16, C4<zzzzzzzzzzzzzzzz>; HiZ drive
v0x55db669259b0_307 .net v0x55db669259b0 307, 15 0, o0x7f55a6da7a68; 0 drivers
o0x7f55a6da7a98 .functor BUFZ 16, C4<zzzzzzzzzzzzzzzz>; HiZ drive
v0x55db669259b0_308 .net v0x55db669259b0 308, 15 0, o0x7f55a6da7a98; 0 drivers
o0x7f55a6da7ac8 .functor BUFZ 16, C4<zzzzzzzzzzzzzzzz>; HiZ drive
v0x55db669259b0_309 .net v0x55db669259b0 309, 15 0, o0x7f55a6da7ac8; 0 drivers
o0x7f55a6da7af8 .functor BUFZ 16, C4<zzzzzzzzzzzzzzzz>; HiZ drive
v0x55db669259b0_310 .net v0x55db669259b0 310, 15 0, o0x7f55a6da7af8; 0 drivers
o0x7f55a6da7b28 .functor BUFZ 16, C4<zzzzzzzzzzzzzzzz>; HiZ drive
v0x55db669259b0_311 .net v0x55db669259b0 311, 15 0, o0x7f55a6da7b28; 0 drivers
o0x7f55a6da7b58 .functor BUFZ 16, C4<zzzzzzzzzzzzzzzz>; HiZ drive
v0x55db669259b0_312 .net v0x55db669259b0 312, 15 0, o0x7f55a6da7b58; 0 drivers
o0x7f55a6da7b88 .functor BUFZ 16, C4<zzzzzzzzzzzzzzzz>; HiZ drive
v0x55db669259b0_313 .net v0x55db669259b0 313, 15 0, o0x7f55a6da7b88; 0 drivers
o0x7f55a6da7bb8 .functor BUFZ 16, C4<zzzzzzzzzzzzzzzz>; HiZ drive
v0x55db669259b0_314 .net v0x55db669259b0 314, 15 0, o0x7f55a6da7bb8; 0 drivers
o0x7f55a6da7be8 .functor BUFZ 16, C4<zzzzzzzzzzzzzzzz>; HiZ drive
v0x55db669259b0_315 .net v0x55db669259b0 315, 15 0, o0x7f55a6da7be8; 0 drivers
o0x7f55a6da7c18 .functor BUFZ 16, C4<zzzzzzzzzzzzzzzz>; HiZ drive
v0x55db669259b0_316 .net v0x55db669259b0 316, 15 0, o0x7f55a6da7c18; 0 drivers
o0x7f55a6da7c48 .functor BUFZ 16, C4<zzzzzzzzzzzzzzzz>; HiZ drive
v0x55db669259b0_317 .net v0x55db669259b0 317, 15 0, o0x7f55a6da7c48; 0 drivers
o0x7f55a6da7c78 .functor BUFZ 16, C4<zzzzzzzzzzzzzzzz>; HiZ drive
v0x55db669259b0_318 .net v0x55db669259b0 318, 15 0, o0x7f55a6da7c78; 0 drivers
o0x7f55a6da7ca8 .functor BUFZ 16, C4<zzzzzzzzzzzzzzzz>; HiZ drive
v0x55db669259b0_319 .net v0x55db669259b0 319, 15 0, o0x7f55a6da7ca8; 0 drivers
o0x7f55a6da7cd8 .functor BUFZ 16, C4<zzzzzzzzzzzzzzzz>; HiZ drive
v0x55db669259b0_320 .net v0x55db669259b0 320, 15 0, o0x7f55a6da7cd8; 0 drivers
o0x7f55a6da7d08 .functor BUFZ 16, C4<zzzzzzzzzzzzzzzz>; HiZ drive
v0x55db669259b0_321 .net v0x55db669259b0 321, 15 0, o0x7f55a6da7d08; 0 drivers
o0x7f55a6da7d38 .functor BUFZ 16, C4<zzzzzzzzzzzzzzzz>; HiZ drive
v0x55db669259b0_322 .net v0x55db669259b0 322, 15 0, o0x7f55a6da7d38; 0 drivers
o0x7f55a6da7d68 .functor BUFZ 16, C4<zzzzzzzzzzzzzzzz>; HiZ drive
v0x55db669259b0_323 .net v0x55db669259b0 323, 15 0, o0x7f55a6da7d68; 0 drivers
o0x7f55a6da7d98 .functor BUFZ 16, C4<zzzzzzzzzzzzzzzz>; HiZ drive
v0x55db669259b0_324 .net v0x55db669259b0 324, 15 0, o0x7f55a6da7d98; 0 drivers
o0x7f55a6da7dc8 .functor BUFZ 16, C4<zzzzzzzzzzzzzzzz>; HiZ drive
v0x55db669259b0_325 .net v0x55db669259b0 325, 15 0, o0x7f55a6da7dc8; 0 drivers
o0x7f55a6da7df8 .functor BUFZ 16, C4<zzzzzzzzzzzzzzzz>; HiZ drive
v0x55db669259b0_326 .net v0x55db669259b0 326, 15 0, o0x7f55a6da7df8; 0 drivers
o0x7f55a6da7e28 .functor BUFZ 16, C4<zzzzzzzzzzzzzzzz>; HiZ drive
v0x55db669259b0_327 .net v0x55db669259b0 327, 15 0, o0x7f55a6da7e28; 0 drivers
o0x7f55a6da7e58 .functor BUFZ 16, C4<zzzzzzzzzzzzzzzz>; HiZ drive
v0x55db669259b0_328 .net v0x55db669259b0 328, 15 0, o0x7f55a6da7e58; 0 drivers
o0x7f55a6da7e88 .functor BUFZ 16, C4<zzzzzzzzzzzzzzzz>; HiZ drive
v0x55db669259b0_329 .net v0x55db669259b0 329, 15 0, o0x7f55a6da7e88; 0 drivers
o0x7f55a6da7eb8 .functor BUFZ 16, C4<zzzzzzzzzzzzzzzz>; HiZ drive
v0x55db669259b0_330 .net v0x55db669259b0 330, 15 0, o0x7f55a6da7eb8; 0 drivers
o0x7f55a6da7ee8 .functor BUFZ 16, C4<zzzzzzzzzzzzzzzz>; HiZ drive
v0x55db669259b0_331 .net v0x55db669259b0 331, 15 0, o0x7f55a6da7ee8; 0 drivers
o0x7f55a6da7f18 .functor BUFZ 16, C4<zzzzzzzzzzzzzzzz>; HiZ drive
v0x55db669259b0_332 .net v0x55db669259b0 332, 15 0, o0x7f55a6da7f18; 0 drivers
o0x7f55a6da7f48 .functor BUFZ 16, C4<zzzzzzzzzzzzzzzz>; HiZ drive
v0x55db669259b0_333 .net v0x55db669259b0 333, 15 0, o0x7f55a6da7f48; 0 drivers
o0x7f55a6da7f78 .functor BUFZ 16, C4<zzzzzzzzzzzzzzzz>; HiZ drive
v0x55db669259b0_334 .net v0x55db669259b0 334, 15 0, o0x7f55a6da7f78; 0 drivers
o0x7f55a6da7fa8 .functor BUFZ 16, C4<zzzzzzzzzzzzzzzz>; HiZ drive
v0x55db669259b0_335 .net v0x55db669259b0 335, 15 0, o0x7f55a6da7fa8; 0 drivers
o0x7f55a6da7fd8 .functor BUFZ 16, C4<zzzzzzzzzzzzzzzz>; HiZ drive
v0x55db669259b0_336 .net v0x55db669259b0 336, 15 0, o0x7f55a6da7fd8; 0 drivers
o0x7f55a6da8008 .functor BUFZ 16, C4<zzzzzzzzzzzzzzzz>; HiZ drive
v0x55db669259b0_337 .net v0x55db669259b0 337, 15 0, o0x7f55a6da8008; 0 drivers
o0x7f55a6da8038 .functor BUFZ 16, C4<zzzzzzzzzzzzzzzz>; HiZ drive
v0x55db669259b0_338 .net v0x55db669259b0 338, 15 0, o0x7f55a6da8038; 0 drivers
o0x7f55a6da8068 .functor BUFZ 16, C4<zzzzzzzzzzzzzzzz>; HiZ drive
v0x55db669259b0_339 .net v0x55db669259b0 339, 15 0, o0x7f55a6da8068; 0 drivers
o0x7f55a6da8098 .functor BUFZ 16, C4<zzzzzzzzzzzzzzzz>; HiZ drive
v0x55db669259b0_340 .net v0x55db669259b0 340, 15 0, o0x7f55a6da8098; 0 drivers
o0x7f55a6da80c8 .functor BUFZ 16, C4<zzzzzzzzzzzzzzzz>; HiZ drive
v0x55db669259b0_341 .net v0x55db669259b0 341, 15 0, o0x7f55a6da80c8; 0 drivers
o0x7f55a6da80f8 .functor BUFZ 16, C4<zzzzzzzzzzzzzzzz>; HiZ drive
v0x55db669259b0_342 .net v0x55db669259b0 342, 15 0, o0x7f55a6da80f8; 0 drivers
o0x7f55a6da8128 .functor BUFZ 16, C4<zzzzzzzzzzzzzzzz>; HiZ drive
v0x55db669259b0_343 .net v0x55db669259b0 343, 15 0, o0x7f55a6da8128; 0 drivers
o0x7f55a6da8158 .functor BUFZ 16, C4<zzzzzzzzzzzzzzzz>; HiZ drive
v0x55db669259b0_344 .net v0x55db669259b0 344, 15 0, o0x7f55a6da8158; 0 drivers
o0x7f55a6da8188 .functor BUFZ 16, C4<zzzzzzzzzzzzzzzz>; HiZ drive
v0x55db669259b0_345 .net v0x55db669259b0 345, 15 0, o0x7f55a6da8188; 0 drivers
o0x7f55a6da81b8 .functor BUFZ 16, C4<zzzzzzzzzzzzzzzz>; HiZ drive
v0x55db669259b0_346 .net v0x55db669259b0 346, 15 0, o0x7f55a6da81b8; 0 drivers
o0x7f55a6da81e8 .functor BUFZ 16, C4<zzzzzzzzzzzzzzzz>; HiZ drive
v0x55db669259b0_347 .net v0x55db669259b0 347, 15 0, o0x7f55a6da81e8; 0 drivers
o0x7f55a6da8218 .functor BUFZ 16, C4<zzzzzzzzzzzzzzzz>; HiZ drive
v0x55db669259b0_348 .net v0x55db669259b0 348, 15 0, o0x7f55a6da8218; 0 drivers
o0x7f55a6da8248 .functor BUFZ 16, C4<zzzzzzzzzzzzzzzz>; HiZ drive
v0x55db669259b0_349 .net v0x55db669259b0 349, 15 0, o0x7f55a6da8248; 0 drivers
o0x7f55a6da8278 .functor BUFZ 16, C4<zzzzzzzzzzzzzzzz>; HiZ drive
v0x55db669259b0_350 .net v0x55db669259b0 350, 15 0, o0x7f55a6da8278; 0 drivers
o0x7f55a6da82a8 .functor BUFZ 16, C4<zzzzzzzzzzzzzzzz>; HiZ drive
v0x55db669259b0_351 .net v0x55db669259b0 351, 15 0, o0x7f55a6da82a8; 0 drivers
o0x7f55a6da82d8 .functor BUFZ 16, C4<zzzzzzzzzzzzzzzz>; HiZ drive
v0x55db669259b0_352 .net v0x55db669259b0 352, 15 0, o0x7f55a6da82d8; 0 drivers
o0x7f55a6da8308 .functor BUFZ 16, C4<zzzzzzzzzzzzzzzz>; HiZ drive
v0x55db669259b0_353 .net v0x55db669259b0 353, 15 0, o0x7f55a6da8308; 0 drivers
o0x7f55a6da8338 .functor BUFZ 16, C4<zzzzzzzzzzzzzzzz>; HiZ drive
v0x55db669259b0_354 .net v0x55db669259b0 354, 15 0, o0x7f55a6da8338; 0 drivers
o0x7f55a6da8368 .functor BUFZ 16, C4<zzzzzzzzzzzzzzzz>; HiZ drive
v0x55db669259b0_355 .net v0x55db669259b0 355, 15 0, o0x7f55a6da8368; 0 drivers
o0x7f55a6da8398 .functor BUFZ 16, C4<zzzzzzzzzzzzzzzz>; HiZ drive
v0x55db669259b0_356 .net v0x55db669259b0 356, 15 0, o0x7f55a6da8398; 0 drivers
o0x7f55a6da83c8 .functor BUFZ 16, C4<zzzzzzzzzzzzzzzz>; HiZ drive
v0x55db669259b0_357 .net v0x55db669259b0 357, 15 0, o0x7f55a6da83c8; 0 drivers
o0x7f55a6da83f8 .functor BUFZ 16, C4<zzzzzzzzzzzzzzzz>; HiZ drive
v0x55db669259b0_358 .net v0x55db669259b0 358, 15 0, o0x7f55a6da83f8; 0 drivers
o0x7f55a6da8428 .functor BUFZ 16, C4<zzzzzzzzzzzzzzzz>; HiZ drive
v0x55db669259b0_359 .net v0x55db669259b0 359, 15 0, o0x7f55a6da8428; 0 drivers
o0x7f55a6da8458 .functor BUFZ 16, C4<zzzzzzzzzzzzzzzz>; HiZ drive
v0x55db669259b0_360 .net v0x55db669259b0 360, 15 0, o0x7f55a6da8458; 0 drivers
o0x7f55a6da8488 .functor BUFZ 16, C4<zzzzzzzzzzzzzzzz>; HiZ drive
v0x55db669259b0_361 .net v0x55db669259b0 361, 15 0, o0x7f55a6da8488; 0 drivers
o0x7f55a6da84b8 .functor BUFZ 16, C4<zzzzzzzzzzzzzzzz>; HiZ drive
v0x55db669259b0_362 .net v0x55db669259b0 362, 15 0, o0x7f55a6da84b8; 0 drivers
o0x7f55a6da84e8 .functor BUFZ 16, C4<zzzzzzzzzzzzzzzz>; HiZ drive
v0x55db669259b0_363 .net v0x55db669259b0 363, 15 0, o0x7f55a6da84e8; 0 drivers
o0x7f55a6da8518 .functor BUFZ 16, C4<zzzzzzzzzzzzzzzz>; HiZ drive
v0x55db669259b0_364 .net v0x55db669259b0 364, 15 0, o0x7f55a6da8518; 0 drivers
o0x7f55a6da8548 .functor BUFZ 16, C4<zzzzzzzzzzzzzzzz>; HiZ drive
v0x55db669259b0_365 .net v0x55db669259b0 365, 15 0, o0x7f55a6da8548; 0 drivers
o0x7f55a6da8578 .functor BUFZ 16, C4<zzzzzzzzzzzzzzzz>; HiZ drive
v0x55db669259b0_366 .net v0x55db669259b0 366, 15 0, o0x7f55a6da8578; 0 drivers
o0x7f55a6da85a8 .functor BUFZ 16, C4<zzzzzzzzzzzzzzzz>; HiZ drive
v0x55db669259b0_367 .net v0x55db669259b0 367, 15 0, o0x7f55a6da85a8; 0 drivers
o0x7f55a6da85d8 .functor BUFZ 16, C4<zzzzzzzzzzzzzzzz>; HiZ drive
v0x55db669259b0_368 .net v0x55db669259b0 368, 15 0, o0x7f55a6da85d8; 0 drivers
o0x7f55a6da8608 .functor BUFZ 16, C4<zzzzzzzzzzzzzzzz>; HiZ drive
v0x55db669259b0_369 .net v0x55db669259b0 369, 15 0, o0x7f55a6da8608; 0 drivers
o0x7f55a6da8638 .functor BUFZ 16, C4<zzzzzzzzzzzzzzzz>; HiZ drive
v0x55db669259b0_370 .net v0x55db669259b0 370, 15 0, o0x7f55a6da8638; 0 drivers
o0x7f55a6da8668 .functor BUFZ 16, C4<zzzzzzzzzzzzzzzz>; HiZ drive
v0x55db669259b0_371 .net v0x55db669259b0 371, 15 0, o0x7f55a6da8668; 0 drivers
o0x7f55a6da8698 .functor BUFZ 16, C4<zzzzzzzzzzzzzzzz>; HiZ drive
v0x55db669259b0_372 .net v0x55db669259b0 372, 15 0, o0x7f55a6da8698; 0 drivers
o0x7f55a6da86c8 .functor BUFZ 16, C4<zzzzzzzzzzzzzzzz>; HiZ drive
v0x55db669259b0_373 .net v0x55db669259b0 373, 15 0, o0x7f55a6da86c8; 0 drivers
o0x7f55a6da86f8 .functor BUFZ 16, C4<zzzzzzzzzzzzzzzz>; HiZ drive
v0x55db669259b0_374 .net v0x55db669259b0 374, 15 0, o0x7f55a6da86f8; 0 drivers
o0x7f55a6da8728 .functor BUFZ 16, C4<zzzzzzzzzzzzzzzz>; HiZ drive
v0x55db669259b0_375 .net v0x55db669259b0 375, 15 0, o0x7f55a6da8728; 0 drivers
o0x7f55a6da8758 .functor BUFZ 16, C4<zzzzzzzzzzzzzzzz>; HiZ drive
v0x55db669259b0_376 .net v0x55db669259b0 376, 15 0, o0x7f55a6da8758; 0 drivers
o0x7f55a6da8788 .functor BUFZ 16, C4<zzzzzzzzzzzzzzzz>; HiZ drive
v0x55db669259b0_377 .net v0x55db669259b0 377, 15 0, o0x7f55a6da8788; 0 drivers
o0x7f55a6da87b8 .functor BUFZ 16, C4<zzzzzzzzzzzzzzzz>; HiZ drive
v0x55db669259b0_378 .net v0x55db669259b0 378, 15 0, o0x7f55a6da87b8; 0 drivers
o0x7f55a6da87e8 .functor BUFZ 16, C4<zzzzzzzzzzzzzzzz>; HiZ drive
v0x55db669259b0_379 .net v0x55db669259b0 379, 15 0, o0x7f55a6da87e8; 0 drivers
o0x7f55a6da8818 .functor BUFZ 16, C4<zzzzzzzzzzzzzzzz>; HiZ drive
v0x55db669259b0_380 .net v0x55db669259b0 380, 15 0, o0x7f55a6da8818; 0 drivers
o0x7f55a6da8848 .functor BUFZ 16, C4<zzzzzzzzzzzzzzzz>; HiZ drive
v0x55db669259b0_381 .net v0x55db669259b0 381, 15 0, o0x7f55a6da8848; 0 drivers
o0x7f55a6da8878 .functor BUFZ 16, C4<zzzzzzzzzzzzzzzz>; HiZ drive
v0x55db669259b0_382 .net v0x55db669259b0 382, 15 0, o0x7f55a6da8878; 0 drivers
o0x7f55a6da88a8 .functor BUFZ 16, C4<zzzzzzzzzzzzzzzz>; HiZ drive
v0x55db669259b0_383 .net v0x55db669259b0 383, 15 0, o0x7f55a6da88a8; 0 drivers
o0x7f55a6da88d8 .functor BUFZ 16, C4<zzzzzzzzzzzzzzzz>; HiZ drive
v0x55db669259b0_384 .net v0x55db669259b0 384, 15 0, o0x7f55a6da88d8; 0 drivers
o0x7f55a6da8908 .functor BUFZ 16, C4<zzzzzzzzzzzzzzzz>; HiZ drive
v0x55db669259b0_385 .net v0x55db669259b0 385, 15 0, o0x7f55a6da8908; 0 drivers
o0x7f55a6da8938 .functor BUFZ 16, C4<zzzzzzzzzzzzzzzz>; HiZ drive
v0x55db669259b0_386 .net v0x55db669259b0 386, 15 0, o0x7f55a6da8938; 0 drivers
o0x7f55a6da8968 .functor BUFZ 16, C4<zzzzzzzzzzzzzzzz>; HiZ drive
v0x55db669259b0_387 .net v0x55db669259b0 387, 15 0, o0x7f55a6da8968; 0 drivers
o0x7f55a6da8998 .functor BUFZ 16, C4<zzzzzzzzzzzzzzzz>; HiZ drive
v0x55db669259b0_388 .net v0x55db669259b0 388, 15 0, o0x7f55a6da8998; 0 drivers
o0x7f55a6da89c8 .functor BUFZ 16, C4<zzzzzzzzzzzzzzzz>; HiZ drive
v0x55db669259b0_389 .net v0x55db669259b0 389, 15 0, o0x7f55a6da89c8; 0 drivers
o0x7f55a6da89f8 .functor BUFZ 16, C4<zzzzzzzzzzzzzzzz>; HiZ drive
v0x55db669259b0_390 .net v0x55db669259b0 390, 15 0, o0x7f55a6da89f8; 0 drivers
o0x7f55a6da8a28 .functor BUFZ 16, C4<zzzzzzzzzzzzzzzz>; HiZ drive
v0x55db669259b0_391 .net v0x55db669259b0 391, 15 0, o0x7f55a6da8a28; 0 drivers
o0x7f55a6da8a58 .functor BUFZ 16, C4<zzzzzzzzzzzzzzzz>; HiZ drive
v0x55db669259b0_392 .net v0x55db669259b0 392, 15 0, o0x7f55a6da8a58; 0 drivers
o0x7f55a6da8a88 .functor BUFZ 16, C4<zzzzzzzzzzzzzzzz>; HiZ drive
v0x55db669259b0_393 .net v0x55db669259b0 393, 15 0, o0x7f55a6da8a88; 0 drivers
o0x7f55a6da8ab8 .functor BUFZ 16, C4<zzzzzzzzzzzzzzzz>; HiZ drive
v0x55db669259b0_394 .net v0x55db669259b0 394, 15 0, o0x7f55a6da8ab8; 0 drivers
o0x7f55a6da8ae8 .functor BUFZ 16, C4<zzzzzzzzzzzzzzzz>; HiZ drive
v0x55db669259b0_395 .net v0x55db669259b0 395, 15 0, o0x7f55a6da8ae8; 0 drivers
o0x7f55a6da8b18 .functor BUFZ 16, C4<zzzzzzzzzzzzzzzz>; HiZ drive
v0x55db669259b0_396 .net v0x55db669259b0 396, 15 0, o0x7f55a6da8b18; 0 drivers
o0x7f55a6da8b48 .functor BUFZ 16, C4<zzzzzzzzzzzzzzzz>; HiZ drive
v0x55db669259b0_397 .net v0x55db669259b0 397, 15 0, o0x7f55a6da8b48; 0 drivers
o0x7f55a6da8b78 .functor BUFZ 16, C4<zzzzzzzzzzzzzzzz>; HiZ drive
v0x55db669259b0_398 .net v0x55db669259b0 398, 15 0, o0x7f55a6da8b78; 0 drivers
o0x7f55a6da8ba8 .functor BUFZ 16, C4<zzzzzzzzzzzzzzzz>; HiZ drive
v0x55db669259b0_399 .net v0x55db669259b0 399, 15 0, o0x7f55a6da8ba8; 0 drivers
o0x7f55a6da8bd8 .functor BUFZ 16, C4<zzzzzzzzzzzzzzzz>; HiZ drive
v0x55db669259b0_400 .net v0x55db669259b0 400, 15 0, o0x7f55a6da8bd8; 0 drivers
o0x7f55a6da8c08 .functor BUFZ 16, C4<zzzzzzzzzzzzzzzz>; HiZ drive
v0x55db669259b0_401 .net v0x55db669259b0 401, 15 0, o0x7f55a6da8c08; 0 drivers
o0x7f55a6da8c38 .functor BUFZ 16, C4<zzzzzzzzzzzzzzzz>; HiZ drive
v0x55db669259b0_402 .net v0x55db669259b0 402, 15 0, o0x7f55a6da8c38; 0 drivers
o0x7f55a6da8c68 .functor BUFZ 16, C4<zzzzzzzzzzzzzzzz>; HiZ drive
v0x55db669259b0_403 .net v0x55db669259b0 403, 15 0, o0x7f55a6da8c68; 0 drivers
o0x7f55a6da8c98 .functor BUFZ 16, C4<zzzzzzzzzzzzzzzz>; HiZ drive
v0x55db669259b0_404 .net v0x55db669259b0 404, 15 0, o0x7f55a6da8c98; 0 drivers
o0x7f55a6da8cc8 .functor BUFZ 16, C4<zzzzzzzzzzzzzzzz>; HiZ drive
v0x55db669259b0_405 .net v0x55db669259b0 405, 15 0, o0x7f55a6da8cc8; 0 drivers
o0x7f55a6da8cf8 .functor BUFZ 16, C4<zzzzzzzzzzzzzzzz>; HiZ drive
v0x55db669259b0_406 .net v0x55db669259b0 406, 15 0, o0x7f55a6da8cf8; 0 drivers
o0x7f55a6da8d28 .functor BUFZ 16, C4<zzzzzzzzzzzzzzzz>; HiZ drive
v0x55db669259b0_407 .net v0x55db669259b0 407, 15 0, o0x7f55a6da8d28; 0 drivers
o0x7f55a6da8d58 .functor BUFZ 16, C4<zzzzzzzzzzzzzzzz>; HiZ drive
v0x55db669259b0_408 .net v0x55db669259b0 408, 15 0, o0x7f55a6da8d58; 0 drivers
o0x7f55a6da8d88 .functor BUFZ 16, C4<zzzzzzzzzzzzzzzz>; HiZ drive
v0x55db669259b0_409 .net v0x55db669259b0 409, 15 0, o0x7f55a6da8d88; 0 drivers
o0x7f55a6da8db8 .functor BUFZ 16, C4<zzzzzzzzzzzzzzzz>; HiZ drive
v0x55db669259b0_410 .net v0x55db669259b0 410, 15 0, o0x7f55a6da8db8; 0 drivers
o0x7f55a6da8de8 .functor BUFZ 16, C4<zzzzzzzzzzzzzzzz>; HiZ drive
v0x55db669259b0_411 .net v0x55db669259b0 411, 15 0, o0x7f55a6da8de8; 0 drivers
o0x7f55a6da8e18 .functor BUFZ 16, C4<zzzzzzzzzzzzzzzz>; HiZ drive
v0x55db669259b0_412 .net v0x55db669259b0 412, 15 0, o0x7f55a6da8e18; 0 drivers
o0x7f55a6da8e48 .functor BUFZ 16, C4<zzzzzzzzzzzzzzzz>; HiZ drive
v0x55db669259b0_413 .net v0x55db669259b0 413, 15 0, o0x7f55a6da8e48; 0 drivers
o0x7f55a6da8e78 .functor BUFZ 16, C4<zzzzzzzzzzzzzzzz>; HiZ drive
v0x55db669259b0_414 .net v0x55db669259b0 414, 15 0, o0x7f55a6da8e78; 0 drivers
o0x7f55a6da8ea8 .functor BUFZ 16, C4<zzzzzzzzzzzzzzzz>; HiZ drive
v0x55db669259b0_415 .net v0x55db669259b0 415, 15 0, o0x7f55a6da8ea8; 0 drivers
o0x7f55a6da8ed8 .functor BUFZ 16, C4<zzzzzzzzzzzzzzzz>; HiZ drive
v0x55db669259b0_416 .net v0x55db669259b0 416, 15 0, o0x7f55a6da8ed8; 0 drivers
o0x7f55a6da8f08 .functor BUFZ 16, C4<zzzzzzzzzzzzzzzz>; HiZ drive
v0x55db669259b0_417 .net v0x55db669259b0 417, 15 0, o0x7f55a6da8f08; 0 drivers
o0x7f55a6da8f38 .functor BUFZ 16, C4<zzzzzzzzzzzzzzzz>; HiZ drive
v0x55db669259b0_418 .net v0x55db669259b0 418, 15 0, o0x7f55a6da8f38; 0 drivers
o0x7f55a6da8f68 .functor BUFZ 16, C4<zzzzzzzzzzzzzzzz>; HiZ drive
v0x55db669259b0_419 .net v0x55db669259b0 419, 15 0, o0x7f55a6da8f68; 0 drivers
o0x7f55a6da8f98 .functor BUFZ 16, C4<zzzzzzzzzzzzzzzz>; HiZ drive
v0x55db669259b0_420 .net v0x55db669259b0 420, 15 0, o0x7f55a6da8f98; 0 drivers
o0x7f55a6da8fc8 .functor BUFZ 16, C4<zzzzzzzzzzzzzzzz>; HiZ drive
v0x55db669259b0_421 .net v0x55db669259b0 421, 15 0, o0x7f55a6da8fc8; 0 drivers
o0x7f55a6da8ff8 .functor BUFZ 16, C4<zzzzzzzzzzzzzzzz>; HiZ drive
v0x55db669259b0_422 .net v0x55db669259b0 422, 15 0, o0x7f55a6da8ff8; 0 drivers
o0x7f55a6da9028 .functor BUFZ 16, C4<zzzzzzzzzzzzzzzz>; HiZ drive
v0x55db669259b0_423 .net v0x55db669259b0 423, 15 0, o0x7f55a6da9028; 0 drivers
o0x7f55a6da9058 .functor BUFZ 16, C4<zzzzzzzzzzzzzzzz>; HiZ drive
v0x55db669259b0_424 .net v0x55db669259b0 424, 15 0, o0x7f55a6da9058; 0 drivers
o0x7f55a6da9088 .functor BUFZ 16, C4<zzzzzzzzzzzzzzzz>; HiZ drive
v0x55db669259b0_425 .net v0x55db669259b0 425, 15 0, o0x7f55a6da9088; 0 drivers
o0x7f55a6da90b8 .functor BUFZ 16, C4<zzzzzzzzzzzzzzzz>; HiZ drive
v0x55db669259b0_426 .net v0x55db669259b0 426, 15 0, o0x7f55a6da90b8; 0 drivers
o0x7f55a6da90e8 .functor BUFZ 16, C4<zzzzzzzzzzzzzzzz>; HiZ drive
v0x55db669259b0_427 .net v0x55db669259b0 427, 15 0, o0x7f55a6da90e8; 0 drivers
o0x7f55a6da9118 .functor BUFZ 16, C4<zzzzzzzzzzzzzzzz>; HiZ drive
v0x55db669259b0_428 .net v0x55db669259b0 428, 15 0, o0x7f55a6da9118; 0 drivers
o0x7f55a6da9148 .functor BUFZ 16, C4<zzzzzzzzzzzzzzzz>; HiZ drive
v0x55db669259b0_429 .net v0x55db669259b0 429, 15 0, o0x7f55a6da9148; 0 drivers
o0x7f55a6da9178 .functor BUFZ 16, C4<zzzzzzzzzzzzzzzz>; HiZ drive
v0x55db669259b0_430 .net v0x55db669259b0 430, 15 0, o0x7f55a6da9178; 0 drivers
o0x7f55a6da91a8 .functor BUFZ 16, C4<zzzzzzzzzzzzzzzz>; HiZ drive
v0x55db669259b0_431 .net v0x55db669259b0 431, 15 0, o0x7f55a6da91a8; 0 drivers
o0x7f55a6da91d8 .functor BUFZ 16, C4<zzzzzzzzzzzzzzzz>; HiZ drive
v0x55db669259b0_432 .net v0x55db669259b0 432, 15 0, o0x7f55a6da91d8; 0 drivers
o0x7f55a6da9208 .functor BUFZ 16, C4<zzzzzzzzzzzzzzzz>; HiZ drive
v0x55db669259b0_433 .net v0x55db669259b0 433, 15 0, o0x7f55a6da9208; 0 drivers
o0x7f55a6da9238 .functor BUFZ 16, C4<zzzzzzzzzzzzzzzz>; HiZ drive
v0x55db669259b0_434 .net v0x55db669259b0 434, 15 0, o0x7f55a6da9238; 0 drivers
o0x7f55a6da9268 .functor BUFZ 16, C4<zzzzzzzzzzzzzzzz>; HiZ drive
v0x55db669259b0_435 .net v0x55db669259b0 435, 15 0, o0x7f55a6da9268; 0 drivers
o0x7f55a6da9298 .functor BUFZ 16, C4<zzzzzzzzzzzzzzzz>; HiZ drive
v0x55db669259b0_436 .net v0x55db669259b0 436, 15 0, o0x7f55a6da9298; 0 drivers
o0x7f55a6da92c8 .functor BUFZ 16, C4<zzzzzzzzzzzzzzzz>; HiZ drive
v0x55db669259b0_437 .net v0x55db669259b0 437, 15 0, o0x7f55a6da92c8; 0 drivers
o0x7f55a6da92f8 .functor BUFZ 16, C4<zzzzzzzzzzzzzzzz>; HiZ drive
v0x55db669259b0_438 .net v0x55db669259b0 438, 15 0, o0x7f55a6da92f8; 0 drivers
o0x7f55a6da9328 .functor BUFZ 16, C4<zzzzzzzzzzzzzzzz>; HiZ drive
v0x55db669259b0_439 .net v0x55db669259b0 439, 15 0, o0x7f55a6da9328; 0 drivers
o0x7f55a6da9358 .functor BUFZ 16, C4<zzzzzzzzzzzzzzzz>; HiZ drive
v0x55db669259b0_440 .net v0x55db669259b0 440, 15 0, o0x7f55a6da9358; 0 drivers
o0x7f55a6da9388 .functor BUFZ 16, C4<zzzzzzzzzzzzzzzz>; HiZ drive
v0x55db669259b0_441 .net v0x55db669259b0 441, 15 0, o0x7f55a6da9388; 0 drivers
o0x7f55a6da93b8 .functor BUFZ 16, C4<zzzzzzzzzzzzzzzz>; HiZ drive
v0x55db669259b0_442 .net v0x55db669259b0 442, 15 0, o0x7f55a6da93b8; 0 drivers
o0x7f55a6da93e8 .functor BUFZ 16, C4<zzzzzzzzzzzzzzzz>; HiZ drive
v0x55db669259b0_443 .net v0x55db669259b0 443, 15 0, o0x7f55a6da93e8; 0 drivers
o0x7f55a6da9418 .functor BUFZ 16, C4<zzzzzzzzzzzzzzzz>; HiZ drive
v0x55db669259b0_444 .net v0x55db669259b0 444, 15 0, o0x7f55a6da9418; 0 drivers
o0x7f55a6da9448 .functor BUFZ 16, C4<zzzzzzzzzzzzzzzz>; HiZ drive
v0x55db669259b0_445 .net v0x55db669259b0 445, 15 0, o0x7f55a6da9448; 0 drivers
o0x7f55a6da9478 .functor BUFZ 16, C4<zzzzzzzzzzzzzzzz>; HiZ drive
v0x55db669259b0_446 .net v0x55db669259b0 446, 15 0, o0x7f55a6da9478; 0 drivers
o0x7f55a6da94a8 .functor BUFZ 16, C4<zzzzzzzzzzzzzzzz>; HiZ drive
v0x55db669259b0_447 .net v0x55db669259b0 447, 15 0, o0x7f55a6da94a8; 0 drivers
o0x7f55a6da94d8 .functor BUFZ 16, C4<zzzzzzzzzzzzzzzz>; HiZ drive
v0x55db669259b0_448 .net v0x55db669259b0 448, 15 0, o0x7f55a6da94d8; 0 drivers
o0x7f55a6da9508 .functor BUFZ 16, C4<zzzzzzzzzzzzzzzz>; HiZ drive
v0x55db669259b0_449 .net v0x55db669259b0 449, 15 0, o0x7f55a6da9508; 0 drivers
o0x7f55a6da9538 .functor BUFZ 16, C4<zzzzzzzzzzzzzzzz>; HiZ drive
v0x55db669259b0_450 .net v0x55db669259b0 450, 15 0, o0x7f55a6da9538; 0 drivers
o0x7f55a6da9568 .functor BUFZ 16, C4<zzzzzzzzzzzzzzzz>; HiZ drive
v0x55db669259b0_451 .net v0x55db669259b0 451, 15 0, o0x7f55a6da9568; 0 drivers
o0x7f55a6da9598 .functor BUFZ 16, C4<zzzzzzzzzzzzzzzz>; HiZ drive
v0x55db669259b0_452 .net v0x55db669259b0 452, 15 0, o0x7f55a6da9598; 0 drivers
o0x7f55a6da95c8 .functor BUFZ 16, C4<zzzzzzzzzzzzzzzz>; HiZ drive
v0x55db669259b0_453 .net v0x55db669259b0 453, 15 0, o0x7f55a6da95c8; 0 drivers
o0x7f55a6da95f8 .functor BUFZ 16, C4<zzzzzzzzzzzzzzzz>; HiZ drive
v0x55db669259b0_454 .net v0x55db669259b0 454, 15 0, o0x7f55a6da95f8; 0 drivers
o0x7f55a6da9628 .functor BUFZ 16, C4<zzzzzzzzzzzzzzzz>; HiZ drive
v0x55db669259b0_455 .net v0x55db669259b0 455, 15 0, o0x7f55a6da9628; 0 drivers
o0x7f55a6da9658 .functor BUFZ 16, C4<zzzzzzzzzzzzzzzz>; HiZ drive
v0x55db669259b0_456 .net v0x55db669259b0 456, 15 0, o0x7f55a6da9658; 0 drivers
o0x7f55a6da9688 .functor BUFZ 16, C4<zzzzzzzzzzzzzzzz>; HiZ drive
v0x55db669259b0_457 .net v0x55db669259b0 457, 15 0, o0x7f55a6da9688; 0 drivers
o0x7f55a6da96b8 .functor BUFZ 16, C4<zzzzzzzzzzzzzzzz>; HiZ drive
v0x55db669259b0_458 .net v0x55db669259b0 458, 15 0, o0x7f55a6da96b8; 0 drivers
o0x7f55a6da96e8 .functor BUFZ 16, C4<zzzzzzzzzzzzzzzz>; HiZ drive
v0x55db669259b0_459 .net v0x55db669259b0 459, 15 0, o0x7f55a6da96e8; 0 drivers
o0x7f55a6da9718 .functor BUFZ 16, C4<zzzzzzzzzzzzzzzz>; HiZ drive
v0x55db669259b0_460 .net v0x55db669259b0 460, 15 0, o0x7f55a6da9718; 0 drivers
o0x7f55a6da9748 .functor BUFZ 16, C4<zzzzzzzzzzzzzzzz>; HiZ drive
v0x55db669259b0_461 .net v0x55db669259b0 461, 15 0, o0x7f55a6da9748; 0 drivers
o0x7f55a6da9778 .functor BUFZ 16, C4<zzzzzzzzzzzzzzzz>; HiZ drive
v0x55db669259b0_462 .net v0x55db669259b0 462, 15 0, o0x7f55a6da9778; 0 drivers
o0x7f55a6da97a8 .functor BUFZ 16, C4<zzzzzzzzzzzzzzzz>; HiZ drive
v0x55db669259b0_463 .net v0x55db669259b0 463, 15 0, o0x7f55a6da97a8; 0 drivers
o0x7f55a6da97d8 .functor BUFZ 16, C4<zzzzzzzzzzzzzzzz>; HiZ drive
v0x55db669259b0_464 .net v0x55db669259b0 464, 15 0, o0x7f55a6da97d8; 0 drivers
o0x7f55a6da9808 .functor BUFZ 16, C4<zzzzzzzzzzzzzzzz>; HiZ drive
v0x55db669259b0_465 .net v0x55db669259b0 465, 15 0, o0x7f55a6da9808; 0 drivers
o0x7f55a6da9838 .functor BUFZ 16, C4<zzzzzzzzzzzzzzzz>; HiZ drive
v0x55db669259b0_466 .net v0x55db669259b0 466, 15 0, o0x7f55a6da9838; 0 drivers
o0x7f55a6da9868 .functor BUFZ 16, C4<zzzzzzzzzzzzzzzz>; HiZ drive
v0x55db669259b0_467 .net v0x55db669259b0 467, 15 0, o0x7f55a6da9868; 0 drivers
o0x7f55a6da9898 .functor BUFZ 16, C4<zzzzzzzzzzzzzzzz>; HiZ drive
v0x55db669259b0_468 .net v0x55db669259b0 468, 15 0, o0x7f55a6da9898; 0 drivers
o0x7f55a6da98c8 .functor BUFZ 16, C4<zzzzzzzzzzzzzzzz>; HiZ drive
v0x55db669259b0_469 .net v0x55db669259b0 469, 15 0, o0x7f55a6da98c8; 0 drivers
o0x7f55a6da98f8 .functor BUFZ 16, C4<zzzzzzzzzzzzzzzz>; HiZ drive
v0x55db669259b0_470 .net v0x55db669259b0 470, 15 0, o0x7f55a6da98f8; 0 drivers
o0x7f55a6da9928 .functor BUFZ 16, C4<zzzzzzzzzzzzzzzz>; HiZ drive
v0x55db669259b0_471 .net v0x55db669259b0 471, 15 0, o0x7f55a6da9928; 0 drivers
o0x7f55a6da9958 .functor BUFZ 16, C4<zzzzzzzzzzzzzzzz>; HiZ drive
v0x55db669259b0_472 .net v0x55db669259b0 472, 15 0, o0x7f55a6da9958; 0 drivers
o0x7f55a6da9988 .functor BUFZ 16, C4<zzzzzzzzzzzzzzzz>; HiZ drive
v0x55db669259b0_473 .net v0x55db669259b0 473, 15 0, o0x7f55a6da9988; 0 drivers
o0x7f55a6da99b8 .functor BUFZ 16, C4<zzzzzzzzzzzzzzzz>; HiZ drive
v0x55db669259b0_474 .net v0x55db669259b0 474, 15 0, o0x7f55a6da99b8; 0 drivers
o0x7f55a6da99e8 .functor BUFZ 16, C4<zzzzzzzzzzzzzzzz>; HiZ drive
v0x55db669259b0_475 .net v0x55db669259b0 475, 15 0, o0x7f55a6da99e8; 0 drivers
o0x7f55a6da9a18 .functor BUFZ 16, C4<zzzzzzzzzzzzzzzz>; HiZ drive
v0x55db669259b0_476 .net v0x55db669259b0 476, 15 0, o0x7f55a6da9a18; 0 drivers
o0x7f55a6da9a48 .functor BUFZ 16, C4<zzzzzzzzzzzzzzzz>; HiZ drive
v0x55db669259b0_477 .net v0x55db669259b0 477, 15 0, o0x7f55a6da9a48; 0 drivers
o0x7f55a6da9a78 .functor BUFZ 16, C4<zzzzzzzzzzzzzzzz>; HiZ drive
v0x55db669259b0_478 .net v0x55db669259b0 478, 15 0, o0x7f55a6da9a78; 0 drivers
o0x7f55a6da9aa8 .functor BUFZ 16, C4<zzzzzzzzzzzzzzzz>; HiZ drive
v0x55db669259b0_479 .net v0x55db669259b0 479, 15 0, o0x7f55a6da9aa8; 0 drivers
o0x7f55a6da9ad8 .functor BUFZ 16, C4<zzzzzzzzzzzzzzzz>; HiZ drive
v0x55db669259b0_480 .net v0x55db669259b0 480, 15 0, o0x7f55a6da9ad8; 0 drivers
o0x7f55a6da9b08 .functor BUFZ 16, C4<zzzzzzzzzzzzzzzz>; HiZ drive
v0x55db669259b0_481 .net v0x55db669259b0 481, 15 0, o0x7f55a6da9b08; 0 drivers
o0x7f55a6da9b38 .functor BUFZ 16, C4<zzzzzzzzzzzzzzzz>; HiZ drive
v0x55db669259b0_482 .net v0x55db669259b0 482, 15 0, o0x7f55a6da9b38; 0 drivers
o0x7f55a6da9b68 .functor BUFZ 16, C4<zzzzzzzzzzzzzzzz>; HiZ drive
v0x55db669259b0_483 .net v0x55db669259b0 483, 15 0, o0x7f55a6da9b68; 0 drivers
o0x7f55a6da9b98 .functor BUFZ 16, C4<zzzzzzzzzzzzzzzz>; HiZ drive
v0x55db669259b0_484 .net v0x55db669259b0 484, 15 0, o0x7f55a6da9b98; 0 drivers
o0x7f55a6da9bc8 .functor BUFZ 16, C4<zzzzzzzzzzzzzzzz>; HiZ drive
v0x55db669259b0_485 .net v0x55db669259b0 485, 15 0, o0x7f55a6da9bc8; 0 drivers
o0x7f55a6da9bf8 .functor BUFZ 16, C4<zzzzzzzzzzzzzzzz>; HiZ drive
v0x55db669259b0_486 .net v0x55db669259b0 486, 15 0, o0x7f55a6da9bf8; 0 drivers
o0x7f55a6da9c28 .functor BUFZ 16, C4<zzzzzzzzzzzzzzzz>; HiZ drive
v0x55db669259b0_487 .net v0x55db669259b0 487, 15 0, o0x7f55a6da9c28; 0 drivers
o0x7f55a6da9c58 .functor BUFZ 16, C4<zzzzzzzzzzzzzzzz>; HiZ drive
v0x55db669259b0_488 .net v0x55db669259b0 488, 15 0, o0x7f55a6da9c58; 0 drivers
o0x7f55a6da9c88 .functor BUFZ 16, C4<zzzzzzzzzzzzzzzz>; HiZ drive
v0x55db669259b0_489 .net v0x55db669259b0 489, 15 0, o0x7f55a6da9c88; 0 drivers
o0x7f55a6da9cb8 .functor BUFZ 16, C4<zzzzzzzzzzzzzzzz>; HiZ drive
v0x55db669259b0_490 .net v0x55db669259b0 490, 15 0, o0x7f55a6da9cb8; 0 drivers
o0x7f55a6da9ce8 .functor BUFZ 16, C4<zzzzzzzzzzzzzzzz>; HiZ drive
v0x55db669259b0_491 .net v0x55db669259b0 491, 15 0, o0x7f55a6da9ce8; 0 drivers
o0x7f55a6da9d18 .functor BUFZ 16, C4<zzzzzzzzzzzzzzzz>; HiZ drive
v0x55db669259b0_492 .net v0x55db669259b0 492, 15 0, o0x7f55a6da9d18; 0 drivers
o0x7f55a6da9d48 .functor BUFZ 16, C4<zzzzzzzzzzzzzzzz>; HiZ drive
v0x55db669259b0_493 .net v0x55db669259b0 493, 15 0, o0x7f55a6da9d48; 0 drivers
o0x7f55a6da9d78 .functor BUFZ 16, C4<zzzzzzzzzzzzzzzz>; HiZ drive
v0x55db669259b0_494 .net v0x55db669259b0 494, 15 0, o0x7f55a6da9d78; 0 drivers
o0x7f55a6da9da8 .functor BUFZ 16, C4<zzzzzzzzzzzzzzzz>; HiZ drive
v0x55db669259b0_495 .net v0x55db669259b0 495, 15 0, o0x7f55a6da9da8; 0 drivers
o0x7f55a6da9dd8 .functor BUFZ 16, C4<zzzzzzzzzzzzzzzz>; HiZ drive
v0x55db669259b0_496 .net v0x55db669259b0 496, 15 0, o0x7f55a6da9dd8; 0 drivers
o0x7f55a6da9e08 .functor BUFZ 16, C4<zzzzzzzzzzzzzzzz>; HiZ drive
v0x55db669259b0_497 .net v0x55db669259b0 497, 15 0, o0x7f55a6da9e08; 0 drivers
o0x7f55a6da9e38 .functor BUFZ 16, C4<zzzzzzzzzzzzzzzz>; HiZ drive
v0x55db669259b0_498 .net v0x55db669259b0 498, 15 0, o0x7f55a6da9e38; 0 drivers
o0x7f55a6da9e68 .functor BUFZ 16, C4<zzzzzzzzzzzzzzzz>; HiZ drive
v0x55db669259b0_499 .net v0x55db669259b0 499, 15 0, o0x7f55a6da9e68; 0 drivers
o0x7f55a6da9e98 .functor BUFZ 16, C4<zzzzzzzzzzzzzzzz>; HiZ drive
v0x55db669259b0_500 .net v0x55db669259b0 500, 15 0, o0x7f55a6da9e98; 0 drivers
o0x7f55a6da9ec8 .functor BUFZ 16, C4<zzzzzzzzzzzzzzzz>; HiZ drive
v0x55db669259b0_501 .net v0x55db669259b0 501, 15 0, o0x7f55a6da9ec8; 0 drivers
o0x7f55a6da9ef8 .functor BUFZ 16, C4<zzzzzzzzzzzzzzzz>; HiZ drive
v0x55db669259b0_502 .net v0x55db669259b0 502, 15 0, o0x7f55a6da9ef8; 0 drivers
o0x7f55a6da9f28 .functor BUFZ 16, C4<zzzzzzzzzzzzzzzz>; HiZ drive
v0x55db669259b0_503 .net v0x55db669259b0 503, 15 0, o0x7f55a6da9f28; 0 drivers
o0x7f55a6da9f58 .functor BUFZ 16, C4<zzzzzzzzzzzzzzzz>; HiZ drive
v0x55db669259b0_504 .net v0x55db669259b0 504, 15 0, o0x7f55a6da9f58; 0 drivers
o0x7f55a6da9f88 .functor BUFZ 16, C4<zzzzzzzzzzzzzzzz>; HiZ drive
v0x55db669259b0_505 .net v0x55db669259b0 505, 15 0, o0x7f55a6da9f88; 0 drivers
o0x7f55a6da9fb8 .functor BUFZ 16, C4<zzzzzzzzzzzzzzzz>; HiZ drive
v0x55db669259b0_506 .net v0x55db669259b0 506, 15 0, o0x7f55a6da9fb8; 0 drivers
o0x7f55a6da9fe8 .functor BUFZ 16, C4<zzzzzzzzzzzzzzzz>; HiZ drive
v0x55db669259b0_507 .net v0x55db669259b0 507, 15 0, o0x7f55a6da9fe8; 0 drivers
o0x7f55a6daa018 .functor BUFZ 16, C4<zzzzzzzzzzzzzzzz>; HiZ drive
v0x55db669259b0_508 .net v0x55db669259b0 508, 15 0, o0x7f55a6daa018; 0 drivers
o0x7f55a6daa048 .functor BUFZ 16, C4<zzzzzzzzzzzzzzzz>; HiZ drive
v0x55db669259b0_509 .net v0x55db669259b0 509, 15 0, o0x7f55a6daa048; 0 drivers
o0x7f55a6daa078 .functor BUFZ 16, C4<zzzzzzzzzzzzzzzz>; HiZ drive
v0x55db669259b0_510 .net v0x55db669259b0 510, 15 0, o0x7f55a6daa078; 0 drivers
o0x7f55a6daa0a8 .functor BUFZ 16, C4<zzzzzzzzzzzzzzzz>; HiZ drive
v0x55db669259b0_511 .net v0x55db669259b0 511, 15 0, o0x7f55a6daa0a8; 0 drivers
o0x7f55a6daa0d8 .functor BUFZ 1, C4<z>; HiZ drive
v0x55db66925a50_0 .net "loop_valid", 0 0, o0x7f55a6daa0d8;  0 drivers
v0x55db668d4e40 .array "mux_data", 511 0, 15 0;
v0x55db668d48c0_0 .var "mux_valid", 0 0;
o0x7f55a6daa138 .functor BUFZ 1, C4<z>; HiZ drive
v0x55db668d4340_0 .net "sel_external", 0 0, o0x7f55a6daa138;  0 drivers
v0x55db668d4400 .array "tmp", 511 0, 15 0;
v0x55db668d4400_0 .array/port v0x55db668d4400, 0;
v0x55db668d4400_1 .array/port v0x55db668d4400, 1;
v0x55db668d4400_2 .array/port v0x55db668d4400, 2;
v0x55db668d4400_3 .array/port v0x55db668d4400, 3;
E_0x55db6673bfe0/0 .event edge, v0x55db668d4400_0, v0x55db668d4400_1, v0x55db668d4400_2, v0x55db668d4400_3;
v0x55db668d4400_4 .array/port v0x55db668d4400, 4;
v0x55db668d4400_5 .array/port v0x55db668d4400, 5;
v0x55db668d4400_6 .array/port v0x55db668d4400, 6;
v0x55db668d4400_7 .array/port v0x55db668d4400, 7;
E_0x55db6673bfe0/1 .event edge, v0x55db668d4400_4, v0x55db668d4400_5, v0x55db668d4400_6, v0x55db668d4400_7;
v0x55db668d4400_8 .array/port v0x55db668d4400, 8;
v0x55db668d4400_9 .array/port v0x55db668d4400, 9;
v0x55db668d4400_10 .array/port v0x55db668d4400, 10;
v0x55db668d4400_11 .array/port v0x55db668d4400, 11;
E_0x55db6673bfe0/2 .event edge, v0x55db668d4400_8, v0x55db668d4400_9, v0x55db668d4400_10, v0x55db668d4400_11;
v0x55db668d4400_12 .array/port v0x55db668d4400, 12;
v0x55db668d4400_13 .array/port v0x55db668d4400, 13;
v0x55db668d4400_14 .array/port v0x55db668d4400, 14;
v0x55db668d4400_15 .array/port v0x55db668d4400, 15;
E_0x55db6673bfe0/3 .event edge, v0x55db668d4400_12, v0x55db668d4400_13, v0x55db668d4400_14, v0x55db668d4400_15;
v0x55db668d4400_16 .array/port v0x55db668d4400, 16;
v0x55db668d4400_17 .array/port v0x55db668d4400, 17;
v0x55db668d4400_18 .array/port v0x55db668d4400, 18;
v0x55db668d4400_19 .array/port v0x55db668d4400, 19;
E_0x55db6673bfe0/4 .event edge, v0x55db668d4400_16, v0x55db668d4400_17, v0x55db668d4400_18, v0x55db668d4400_19;
v0x55db668d4400_20 .array/port v0x55db668d4400, 20;
v0x55db668d4400_21 .array/port v0x55db668d4400, 21;
v0x55db668d4400_22 .array/port v0x55db668d4400, 22;
v0x55db668d4400_23 .array/port v0x55db668d4400, 23;
E_0x55db6673bfe0/5 .event edge, v0x55db668d4400_20, v0x55db668d4400_21, v0x55db668d4400_22, v0x55db668d4400_23;
v0x55db668d4400_24 .array/port v0x55db668d4400, 24;
v0x55db668d4400_25 .array/port v0x55db668d4400, 25;
v0x55db668d4400_26 .array/port v0x55db668d4400, 26;
v0x55db668d4400_27 .array/port v0x55db668d4400, 27;
E_0x55db6673bfe0/6 .event edge, v0x55db668d4400_24, v0x55db668d4400_25, v0x55db668d4400_26, v0x55db668d4400_27;
v0x55db668d4400_28 .array/port v0x55db668d4400, 28;
v0x55db668d4400_29 .array/port v0x55db668d4400, 29;
v0x55db668d4400_30 .array/port v0x55db668d4400, 30;
v0x55db668d4400_31 .array/port v0x55db668d4400, 31;
E_0x55db6673bfe0/7 .event edge, v0x55db668d4400_28, v0x55db668d4400_29, v0x55db668d4400_30, v0x55db668d4400_31;
v0x55db668d4400_32 .array/port v0x55db668d4400, 32;
v0x55db668d4400_33 .array/port v0x55db668d4400, 33;
v0x55db668d4400_34 .array/port v0x55db668d4400, 34;
v0x55db668d4400_35 .array/port v0x55db668d4400, 35;
E_0x55db6673bfe0/8 .event edge, v0x55db668d4400_32, v0x55db668d4400_33, v0x55db668d4400_34, v0x55db668d4400_35;
v0x55db668d4400_36 .array/port v0x55db668d4400, 36;
v0x55db668d4400_37 .array/port v0x55db668d4400, 37;
v0x55db668d4400_38 .array/port v0x55db668d4400, 38;
v0x55db668d4400_39 .array/port v0x55db668d4400, 39;
E_0x55db6673bfe0/9 .event edge, v0x55db668d4400_36, v0x55db668d4400_37, v0x55db668d4400_38, v0x55db668d4400_39;
v0x55db668d4400_40 .array/port v0x55db668d4400, 40;
v0x55db668d4400_41 .array/port v0x55db668d4400, 41;
v0x55db668d4400_42 .array/port v0x55db668d4400, 42;
v0x55db668d4400_43 .array/port v0x55db668d4400, 43;
E_0x55db6673bfe0/10 .event edge, v0x55db668d4400_40, v0x55db668d4400_41, v0x55db668d4400_42, v0x55db668d4400_43;
v0x55db668d4400_44 .array/port v0x55db668d4400, 44;
v0x55db668d4400_45 .array/port v0x55db668d4400, 45;
v0x55db668d4400_46 .array/port v0x55db668d4400, 46;
v0x55db668d4400_47 .array/port v0x55db668d4400, 47;
E_0x55db6673bfe0/11 .event edge, v0x55db668d4400_44, v0x55db668d4400_45, v0x55db668d4400_46, v0x55db668d4400_47;
v0x55db668d4400_48 .array/port v0x55db668d4400, 48;
v0x55db668d4400_49 .array/port v0x55db668d4400, 49;
v0x55db668d4400_50 .array/port v0x55db668d4400, 50;
v0x55db668d4400_51 .array/port v0x55db668d4400, 51;
E_0x55db6673bfe0/12 .event edge, v0x55db668d4400_48, v0x55db668d4400_49, v0x55db668d4400_50, v0x55db668d4400_51;
v0x55db668d4400_52 .array/port v0x55db668d4400, 52;
v0x55db668d4400_53 .array/port v0x55db668d4400, 53;
v0x55db668d4400_54 .array/port v0x55db668d4400, 54;
v0x55db668d4400_55 .array/port v0x55db668d4400, 55;
E_0x55db6673bfe0/13 .event edge, v0x55db668d4400_52, v0x55db668d4400_53, v0x55db668d4400_54, v0x55db668d4400_55;
v0x55db668d4400_56 .array/port v0x55db668d4400, 56;
v0x55db668d4400_57 .array/port v0x55db668d4400, 57;
v0x55db668d4400_58 .array/port v0x55db668d4400, 58;
v0x55db668d4400_59 .array/port v0x55db668d4400, 59;
E_0x55db6673bfe0/14 .event edge, v0x55db668d4400_56, v0x55db668d4400_57, v0x55db668d4400_58, v0x55db668d4400_59;
v0x55db668d4400_60 .array/port v0x55db668d4400, 60;
v0x55db668d4400_61 .array/port v0x55db668d4400, 61;
v0x55db668d4400_62 .array/port v0x55db668d4400, 62;
v0x55db668d4400_63 .array/port v0x55db668d4400, 63;
E_0x55db6673bfe0/15 .event edge, v0x55db668d4400_60, v0x55db668d4400_61, v0x55db668d4400_62, v0x55db668d4400_63;
v0x55db668d4400_64 .array/port v0x55db668d4400, 64;
v0x55db668d4400_65 .array/port v0x55db668d4400, 65;
v0x55db668d4400_66 .array/port v0x55db668d4400, 66;
v0x55db668d4400_67 .array/port v0x55db668d4400, 67;
E_0x55db6673bfe0/16 .event edge, v0x55db668d4400_64, v0x55db668d4400_65, v0x55db668d4400_66, v0x55db668d4400_67;
v0x55db668d4400_68 .array/port v0x55db668d4400, 68;
v0x55db668d4400_69 .array/port v0x55db668d4400, 69;
v0x55db668d4400_70 .array/port v0x55db668d4400, 70;
v0x55db668d4400_71 .array/port v0x55db668d4400, 71;
E_0x55db6673bfe0/17 .event edge, v0x55db668d4400_68, v0x55db668d4400_69, v0x55db668d4400_70, v0x55db668d4400_71;
v0x55db668d4400_72 .array/port v0x55db668d4400, 72;
v0x55db668d4400_73 .array/port v0x55db668d4400, 73;
v0x55db668d4400_74 .array/port v0x55db668d4400, 74;
v0x55db668d4400_75 .array/port v0x55db668d4400, 75;
E_0x55db6673bfe0/18 .event edge, v0x55db668d4400_72, v0x55db668d4400_73, v0x55db668d4400_74, v0x55db668d4400_75;
v0x55db668d4400_76 .array/port v0x55db668d4400, 76;
v0x55db668d4400_77 .array/port v0x55db668d4400, 77;
v0x55db668d4400_78 .array/port v0x55db668d4400, 78;
v0x55db668d4400_79 .array/port v0x55db668d4400, 79;
E_0x55db6673bfe0/19 .event edge, v0x55db668d4400_76, v0x55db668d4400_77, v0x55db668d4400_78, v0x55db668d4400_79;
v0x55db668d4400_80 .array/port v0x55db668d4400, 80;
v0x55db668d4400_81 .array/port v0x55db668d4400, 81;
v0x55db668d4400_82 .array/port v0x55db668d4400, 82;
v0x55db668d4400_83 .array/port v0x55db668d4400, 83;
E_0x55db6673bfe0/20 .event edge, v0x55db668d4400_80, v0x55db668d4400_81, v0x55db668d4400_82, v0x55db668d4400_83;
v0x55db668d4400_84 .array/port v0x55db668d4400, 84;
v0x55db668d4400_85 .array/port v0x55db668d4400, 85;
v0x55db668d4400_86 .array/port v0x55db668d4400, 86;
v0x55db668d4400_87 .array/port v0x55db668d4400, 87;
E_0x55db6673bfe0/21 .event edge, v0x55db668d4400_84, v0x55db668d4400_85, v0x55db668d4400_86, v0x55db668d4400_87;
v0x55db668d4400_88 .array/port v0x55db668d4400, 88;
v0x55db668d4400_89 .array/port v0x55db668d4400, 89;
v0x55db668d4400_90 .array/port v0x55db668d4400, 90;
v0x55db668d4400_91 .array/port v0x55db668d4400, 91;
E_0x55db6673bfe0/22 .event edge, v0x55db668d4400_88, v0x55db668d4400_89, v0x55db668d4400_90, v0x55db668d4400_91;
v0x55db668d4400_92 .array/port v0x55db668d4400, 92;
v0x55db668d4400_93 .array/port v0x55db668d4400, 93;
v0x55db668d4400_94 .array/port v0x55db668d4400, 94;
v0x55db668d4400_95 .array/port v0x55db668d4400, 95;
E_0x55db6673bfe0/23 .event edge, v0x55db668d4400_92, v0x55db668d4400_93, v0x55db668d4400_94, v0x55db668d4400_95;
v0x55db668d4400_96 .array/port v0x55db668d4400, 96;
v0x55db668d4400_97 .array/port v0x55db668d4400, 97;
v0x55db668d4400_98 .array/port v0x55db668d4400, 98;
v0x55db668d4400_99 .array/port v0x55db668d4400, 99;
E_0x55db6673bfe0/24 .event edge, v0x55db668d4400_96, v0x55db668d4400_97, v0x55db668d4400_98, v0x55db668d4400_99;
v0x55db668d4400_100 .array/port v0x55db668d4400, 100;
v0x55db668d4400_101 .array/port v0x55db668d4400, 101;
v0x55db668d4400_102 .array/port v0x55db668d4400, 102;
v0x55db668d4400_103 .array/port v0x55db668d4400, 103;
E_0x55db6673bfe0/25 .event edge, v0x55db668d4400_100, v0x55db668d4400_101, v0x55db668d4400_102, v0x55db668d4400_103;
v0x55db668d4400_104 .array/port v0x55db668d4400, 104;
v0x55db668d4400_105 .array/port v0x55db668d4400, 105;
v0x55db668d4400_106 .array/port v0x55db668d4400, 106;
v0x55db668d4400_107 .array/port v0x55db668d4400, 107;
E_0x55db6673bfe0/26 .event edge, v0x55db668d4400_104, v0x55db668d4400_105, v0x55db668d4400_106, v0x55db668d4400_107;
v0x55db668d4400_108 .array/port v0x55db668d4400, 108;
v0x55db668d4400_109 .array/port v0x55db668d4400, 109;
v0x55db668d4400_110 .array/port v0x55db668d4400, 110;
v0x55db668d4400_111 .array/port v0x55db668d4400, 111;
E_0x55db6673bfe0/27 .event edge, v0x55db668d4400_108, v0x55db668d4400_109, v0x55db668d4400_110, v0x55db668d4400_111;
v0x55db668d4400_112 .array/port v0x55db668d4400, 112;
v0x55db668d4400_113 .array/port v0x55db668d4400, 113;
v0x55db668d4400_114 .array/port v0x55db668d4400, 114;
v0x55db668d4400_115 .array/port v0x55db668d4400, 115;
E_0x55db6673bfe0/28 .event edge, v0x55db668d4400_112, v0x55db668d4400_113, v0x55db668d4400_114, v0x55db668d4400_115;
v0x55db668d4400_116 .array/port v0x55db668d4400, 116;
v0x55db668d4400_117 .array/port v0x55db668d4400, 117;
v0x55db668d4400_118 .array/port v0x55db668d4400, 118;
v0x55db668d4400_119 .array/port v0x55db668d4400, 119;
E_0x55db6673bfe0/29 .event edge, v0x55db668d4400_116, v0x55db668d4400_117, v0x55db668d4400_118, v0x55db668d4400_119;
v0x55db668d4400_120 .array/port v0x55db668d4400, 120;
v0x55db668d4400_121 .array/port v0x55db668d4400, 121;
v0x55db668d4400_122 .array/port v0x55db668d4400, 122;
v0x55db668d4400_123 .array/port v0x55db668d4400, 123;
E_0x55db6673bfe0/30 .event edge, v0x55db668d4400_120, v0x55db668d4400_121, v0x55db668d4400_122, v0x55db668d4400_123;
v0x55db668d4400_124 .array/port v0x55db668d4400, 124;
v0x55db668d4400_125 .array/port v0x55db668d4400, 125;
v0x55db668d4400_126 .array/port v0x55db668d4400, 126;
v0x55db668d4400_127 .array/port v0x55db668d4400, 127;
E_0x55db6673bfe0/31 .event edge, v0x55db668d4400_124, v0x55db668d4400_125, v0x55db668d4400_126, v0x55db668d4400_127;
v0x55db668d4400_128 .array/port v0x55db668d4400, 128;
v0x55db668d4400_129 .array/port v0x55db668d4400, 129;
v0x55db668d4400_130 .array/port v0x55db668d4400, 130;
v0x55db668d4400_131 .array/port v0x55db668d4400, 131;
E_0x55db6673bfe0/32 .event edge, v0x55db668d4400_128, v0x55db668d4400_129, v0x55db668d4400_130, v0x55db668d4400_131;
v0x55db668d4400_132 .array/port v0x55db668d4400, 132;
v0x55db668d4400_133 .array/port v0x55db668d4400, 133;
v0x55db668d4400_134 .array/port v0x55db668d4400, 134;
v0x55db668d4400_135 .array/port v0x55db668d4400, 135;
E_0x55db6673bfe0/33 .event edge, v0x55db668d4400_132, v0x55db668d4400_133, v0x55db668d4400_134, v0x55db668d4400_135;
v0x55db668d4400_136 .array/port v0x55db668d4400, 136;
v0x55db668d4400_137 .array/port v0x55db668d4400, 137;
v0x55db668d4400_138 .array/port v0x55db668d4400, 138;
v0x55db668d4400_139 .array/port v0x55db668d4400, 139;
E_0x55db6673bfe0/34 .event edge, v0x55db668d4400_136, v0x55db668d4400_137, v0x55db668d4400_138, v0x55db668d4400_139;
v0x55db668d4400_140 .array/port v0x55db668d4400, 140;
v0x55db668d4400_141 .array/port v0x55db668d4400, 141;
v0x55db668d4400_142 .array/port v0x55db668d4400, 142;
v0x55db668d4400_143 .array/port v0x55db668d4400, 143;
E_0x55db6673bfe0/35 .event edge, v0x55db668d4400_140, v0x55db668d4400_141, v0x55db668d4400_142, v0x55db668d4400_143;
v0x55db668d4400_144 .array/port v0x55db668d4400, 144;
v0x55db668d4400_145 .array/port v0x55db668d4400, 145;
v0x55db668d4400_146 .array/port v0x55db668d4400, 146;
v0x55db668d4400_147 .array/port v0x55db668d4400, 147;
E_0x55db6673bfe0/36 .event edge, v0x55db668d4400_144, v0x55db668d4400_145, v0x55db668d4400_146, v0x55db668d4400_147;
v0x55db668d4400_148 .array/port v0x55db668d4400, 148;
v0x55db668d4400_149 .array/port v0x55db668d4400, 149;
v0x55db668d4400_150 .array/port v0x55db668d4400, 150;
v0x55db668d4400_151 .array/port v0x55db668d4400, 151;
E_0x55db6673bfe0/37 .event edge, v0x55db668d4400_148, v0x55db668d4400_149, v0x55db668d4400_150, v0x55db668d4400_151;
v0x55db668d4400_152 .array/port v0x55db668d4400, 152;
v0x55db668d4400_153 .array/port v0x55db668d4400, 153;
v0x55db668d4400_154 .array/port v0x55db668d4400, 154;
v0x55db668d4400_155 .array/port v0x55db668d4400, 155;
E_0x55db6673bfe0/38 .event edge, v0x55db668d4400_152, v0x55db668d4400_153, v0x55db668d4400_154, v0x55db668d4400_155;
v0x55db668d4400_156 .array/port v0x55db668d4400, 156;
v0x55db668d4400_157 .array/port v0x55db668d4400, 157;
v0x55db668d4400_158 .array/port v0x55db668d4400, 158;
v0x55db668d4400_159 .array/port v0x55db668d4400, 159;
E_0x55db6673bfe0/39 .event edge, v0x55db668d4400_156, v0x55db668d4400_157, v0x55db668d4400_158, v0x55db668d4400_159;
v0x55db668d4400_160 .array/port v0x55db668d4400, 160;
v0x55db668d4400_161 .array/port v0x55db668d4400, 161;
v0x55db668d4400_162 .array/port v0x55db668d4400, 162;
v0x55db668d4400_163 .array/port v0x55db668d4400, 163;
E_0x55db6673bfe0/40 .event edge, v0x55db668d4400_160, v0x55db668d4400_161, v0x55db668d4400_162, v0x55db668d4400_163;
v0x55db668d4400_164 .array/port v0x55db668d4400, 164;
v0x55db668d4400_165 .array/port v0x55db668d4400, 165;
v0x55db668d4400_166 .array/port v0x55db668d4400, 166;
v0x55db668d4400_167 .array/port v0x55db668d4400, 167;
E_0x55db6673bfe0/41 .event edge, v0x55db668d4400_164, v0x55db668d4400_165, v0x55db668d4400_166, v0x55db668d4400_167;
v0x55db668d4400_168 .array/port v0x55db668d4400, 168;
v0x55db668d4400_169 .array/port v0x55db668d4400, 169;
v0x55db668d4400_170 .array/port v0x55db668d4400, 170;
v0x55db668d4400_171 .array/port v0x55db668d4400, 171;
E_0x55db6673bfe0/42 .event edge, v0x55db668d4400_168, v0x55db668d4400_169, v0x55db668d4400_170, v0x55db668d4400_171;
v0x55db668d4400_172 .array/port v0x55db668d4400, 172;
v0x55db668d4400_173 .array/port v0x55db668d4400, 173;
v0x55db668d4400_174 .array/port v0x55db668d4400, 174;
v0x55db668d4400_175 .array/port v0x55db668d4400, 175;
E_0x55db6673bfe0/43 .event edge, v0x55db668d4400_172, v0x55db668d4400_173, v0x55db668d4400_174, v0x55db668d4400_175;
v0x55db668d4400_176 .array/port v0x55db668d4400, 176;
v0x55db668d4400_177 .array/port v0x55db668d4400, 177;
v0x55db668d4400_178 .array/port v0x55db668d4400, 178;
v0x55db668d4400_179 .array/port v0x55db668d4400, 179;
E_0x55db6673bfe0/44 .event edge, v0x55db668d4400_176, v0x55db668d4400_177, v0x55db668d4400_178, v0x55db668d4400_179;
v0x55db668d4400_180 .array/port v0x55db668d4400, 180;
v0x55db668d4400_181 .array/port v0x55db668d4400, 181;
v0x55db668d4400_182 .array/port v0x55db668d4400, 182;
v0x55db668d4400_183 .array/port v0x55db668d4400, 183;
E_0x55db6673bfe0/45 .event edge, v0x55db668d4400_180, v0x55db668d4400_181, v0x55db668d4400_182, v0x55db668d4400_183;
v0x55db668d4400_184 .array/port v0x55db668d4400, 184;
v0x55db668d4400_185 .array/port v0x55db668d4400, 185;
v0x55db668d4400_186 .array/port v0x55db668d4400, 186;
v0x55db668d4400_187 .array/port v0x55db668d4400, 187;
E_0x55db6673bfe0/46 .event edge, v0x55db668d4400_184, v0x55db668d4400_185, v0x55db668d4400_186, v0x55db668d4400_187;
v0x55db668d4400_188 .array/port v0x55db668d4400, 188;
v0x55db668d4400_189 .array/port v0x55db668d4400, 189;
v0x55db668d4400_190 .array/port v0x55db668d4400, 190;
v0x55db668d4400_191 .array/port v0x55db668d4400, 191;
E_0x55db6673bfe0/47 .event edge, v0x55db668d4400_188, v0x55db668d4400_189, v0x55db668d4400_190, v0x55db668d4400_191;
v0x55db668d4400_192 .array/port v0x55db668d4400, 192;
v0x55db668d4400_193 .array/port v0x55db668d4400, 193;
v0x55db668d4400_194 .array/port v0x55db668d4400, 194;
v0x55db668d4400_195 .array/port v0x55db668d4400, 195;
E_0x55db6673bfe0/48 .event edge, v0x55db668d4400_192, v0x55db668d4400_193, v0x55db668d4400_194, v0x55db668d4400_195;
v0x55db668d4400_196 .array/port v0x55db668d4400, 196;
v0x55db668d4400_197 .array/port v0x55db668d4400, 197;
v0x55db668d4400_198 .array/port v0x55db668d4400, 198;
v0x55db668d4400_199 .array/port v0x55db668d4400, 199;
E_0x55db6673bfe0/49 .event edge, v0x55db668d4400_196, v0x55db668d4400_197, v0x55db668d4400_198, v0x55db668d4400_199;
v0x55db668d4400_200 .array/port v0x55db668d4400, 200;
v0x55db668d4400_201 .array/port v0x55db668d4400, 201;
v0x55db668d4400_202 .array/port v0x55db668d4400, 202;
v0x55db668d4400_203 .array/port v0x55db668d4400, 203;
E_0x55db6673bfe0/50 .event edge, v0x55db668d4400_200, v0x55db668d4400_201, v0x55db668d4400_202, v0x55db668d4400_203;
v0x55db668d4400_204 .array/port v0x55db668d4400, 204;
v0x55db668d4400_205 .array/port v0x55db668d4400, 205;
v0x55db668d4400_206 .array/port v0x55db668d4400, 206;
v0x55db668d4400_207 .array/port v0x55db668d4400, 207;
E_0x55db6673bfe0/51 .event edge, v0x55db668d4400_204, v0x55db668d4400_205, v0x55db668d4400_206, v0x55db668d4400_207;
v0x55db668d4400_208 .array/port v0x55db668d4400, 208;
v0x55db668d4400_209 .array/port v0x55db668d4400, 209;
v0x55db668d4400_210 .array/port v0x55db668d4400, 210;
v0x55db668d4400_211 .array/port v0x55db668d4400, 211;
E_0x55db6673bfe0/52 .event edge, v0x55db668d4400_208, v0x55db668d4400_209, v0x55db668d4400_210, v0x55db668d4400_211;
v0x55db668d4400_212 .array/port v0x55db668d4400, 212;
v0x55db668d4400_213 .array/port v0x55db668d4400, 213;
v0x55db668d4400_214 .array/port v0x55db668d4400, 214;
v0x55db668d4400_215 .array/port v0x55db668d4400, 215;
E_0x55db6673bfe0/53 .event edge, v0x55db668d4400_212, v0x55db668d4400_213, v0x55db668d4400_214, v0x55db668d4400_215;
v0x55db668d4400_216 .array/port v0x55db668d4400, 216;
v0x55db668d4400_217 .array/port v0x55db668d4400, 217;
v0x55db668d4400_218 .array/port v0x55db668d4400, 218;
v0x55db668d4400_219 .array/port v0x55db668d4400, 219;
E_0x55db6673bfe0/54 .event edge, v0x55db668d4400_216, v0x55db668d4400_217, v0x55db668d4400_218, v0x55db668d4400_219;
v0x55db668d4400_220 .array/port v0x55db668d4400, 220;
v0x55db668d4400_221 .array/port v0x55db668d4400, 221;
v0x55db668d4400_222 .array/port v0x55db668d4400, 222;
v0x55db668d4400_223 .array/port v0x55db668d4400, 223;
E_0x55db6673bfe0/55 .event edge, v0x55db668d4400_220, v0x55db668d4400_221, v0x55db668d4400_222, v0x55db668d4400_223;
v0x55db668d4400_224 .array/port v0x55db668d4400, 224;
v0x55db668d4400_225 .array/port v0x55db668d4400, 225;
v0x55db668d4400_226 .array/port v0x55db668d4400, 226;
v0x55db668d4400_227 .array/port v0x55db668d4400, 227;
E_0x55db6673bfe0/56 .event edge, v0x55db668d4400_224, v0x55db668d4400_225, v0x55db668d4400_226, v0x55db668d4400_227;
v0x55db668d4400_228 .array/port v0x55db668d4400, 228;
v0x55db668d4400_229 .array/port v0x55db668d4400, 229;
v0x55db668d4400_230 .array/port v0x55db668d4400, 230;
v0x55db668d4400_231 .array/port v0x55db668d4400, 231;
E_0x55db6673bfe0/57 .event edge, v0x55db668d4400_228, v0x55db668d4400_229, v0x55db668d4400_230, v0x55db668d4400_231;
v0x55db668d4400_232 .array/port v0x55db668d4400, 232;
v0x55db668d4400_233 .array/port v0x55db668d4400, 233;
v0x55db668d4400_234 .array/port v0x55db668d4400, 234;
v0x55db668d4400_235 .array/port v0x55db668d4400, 235;
E_0x55db6673bfe0/58 .event edge, v0x55db668d4400_232, v0x55db668d4400_233, v0x55db668d4400_234, v0x55db668d4400_235;
v0x55db668d4400_236 .array/port v0x55db668d4400, 236;
v0x55db668d4400_237 .array/port v0x55db668d4400, 237;
v0x55db668d4400_238 .array/port v0x55db668d4400, 238;
v0x55db668d4400_239 .array/port v0x55db668d4400, 239;
E_0x55db6673bfe0/59 .event edge, v0x55db668d4400_236, v0x55db668d4400_237, v0x55db668d4400_238, v0x55db668d4400_239;
v0x55db668d4400_240 .array/port v0x55db668d4400, 240;
v0x55db668d4400_241 .array/port v0x55db668d4400, 241;
v0x55db668d4400_242 .array/port v0x55db668d4400, 242;
v0x55db668d4400_243 .array/port v0x55db668d4400, 243;
E_0x55db6673bfe0/60 .event edge, v0x55db668d4400_240, v0x55db668d4400_241, v0x55db668d4400_242, v0x55db668d4400_243;
v0x55db668d4400_244 .array/port v0x55db668d4400, 244;
v0x55db668d4400_245 .array/port v0x55db668d4400, 245;
v0x55db668d4400_246 .array/port v0x55db668d4400, 246;
v0x55db668d4400_247 .array/port v0x55db668d4400, 247;
E_0x55db6673bfe0/61 .event edge, v0x55db668d4400_244, v0x55db668d4400_245, v0x55db668d4400_246, v0x55db668d4400_247;
v0x55db668d4400_248 .array/port v0x55db668d4400, 248;
v0x55db668d4400_249 .array/port v0x55db668d4400, 249;
v0x55db668d4400_250 .array/port v0x55db668d4400, 250;
v0x55db668d4400_251 .array/port v0x55db668d4400, 251;
E_0x55db6673bfe0/62 .event edge, v0x55db668d4400_248, v0x55db668d4400_249, v0x55db668d4400_250, v0x55db668d4400_251;
v0x55db668d4400_252 .array/port v0x55db668d4400, 252;
v0x55db668d4400_253 .array/port v0x55db668d4400, 253;
v0x55db668d4400_254 .array/port v0x55db668d4400, 254;
v0x55db668d4400_255 .array/port v0x55db668d4400, 255;
E_0x55db6673bfe0/63 .event edge, v0x55db668d4400_252, v0x55db668d4400_253, v0x55db668d4400_254, v0x55db668d4400_255;
v0x55db668d4400_256 .array/port v0x55db668d4400, 256;
v0x55db668d4400_257 .array/port v0x55db668d4400, 257;
v0x55db668d4400_258 .array/port v0x55db668d4400, 258;
v0x55db668d4400_259 .array/port v0x55db668d4400, 259;
E_0x55db6673bfe0/64 .event edge, v0x55db668d4400_256, v0x55db668d4400_257, v0x55db668d4400_258, v0x55db668d4400_259;
v0x55db668d4400_260 .array/port v0x55db668d4400, 260;
v0x55db668d4400_261 .array/port v0x55db668d4400, 261;
v0x55db668d4400_262 .array/port v0x55db668d4400, 262;
v0x55db668d4400_263 .array/port v0x55db668d4400, 263;
E_0x55db6673bfe0/65 .event edge, v0x55db668d4400_260, v0x55db668d4400_261, v0x55db668d4400_262, v0x55db668d4400_263;
v0x55db668d4400_264 .array/port v0x55db668d4400, 264;
v0x55db668d4400_265 .array/port v0x55db668d4400, 265;
v0x55db668d4400_266 .array/port v0x55db668d4400, 266;
v0x55db668d4400_267 .array/port v0x55db668d4400, 267;
E_0x55db6673bfe0/66 .event edge, v0x55db668d4400_264, v0x55db668d4400_265, v0x55db668d4400_266, v0x55db668d4400_267;
v0x55db668d4400_268 .array/port v0x55db668d4400, 268;
v0x55db668d4400_269 .array/port v0x55db668d4400, 269;
v0x55db668d4400_270 .array/port v0x55db668d4400, 270;
v0x55db668d4400_271 .array/port v0x55db668d4400, 271;
E_0x55db6673bfe0/67 .event edge, v0x55db668d4400_268, v0x55db668d4400_269, v0x55db668d4400_270, v0x55db668d4400_271;
v0x55db668d4400_272 .array/port v0x55db668d4400, 272;
v0x55db668d4400_273 .array/port v0x55db668d4400, 273;
v0x55db668d4400_274 .array/port v0x55db668d4400, 274;
v0x55db668d4400_275 .array/port v0x55db668d4400, 275;
E_0x55db6673bfe0/68 .event edge, v0x55db668d4400_272, v0x55db668d4400_273, v0x55db668d4400_274, v0x55db668d4400_275;
v0x55db668d4400_276 .array/port v0x55db668d4400, 276;
v0x55db668d4400_277 .array/port v0x55db668d4400, 277;
v0x55db668d4400_278 .array/port v0x55db668d4400, 278;
v0x55db668d4400_279 .array/port v0x55db668d4400, 279;
E_0x55db6673bfe0/69 .event edge, v0x55db668d4400_276, v0x55db668d4400_277, v0x55db668d4400_278, v0x55db668d4400_279;
v0x55db668d4400_280 .array/port v0x55db668d4400, 280;
v0x55db668d4400_281 .array/port v0x55db668d4400, 281;
v0x55db668d4400_282 .array/port v0x55db668d4400, 282;
v0x55db668d4400_283 .array/port v0x55db668d4400, 283;
E_0x55db6673bfe0/70 .event edge, v0x55db668d4400_280, v0x55db668d4400_281, v0x55db668d4400_282, v0x55db668d4400_283;
v0x55db668d4400_284 .array/port v0x55db668d4400, 284;
v0x55db668d4400_285 .array/port v0x55db668d4400, 285;
v0x55db668d4400_286 .array/port v0x55db668d4400, 286;
v0x55db668d4400_287 .array/port v0x55db668d4400, 287;
E_0x55db6673bfe0/71 .event edge, v0x55db668d4400_284, v0x55db668d4400_285, v0x55db668d4400_286, v0x55db668d4400_287;
v0x55db668d4400_288 .array/port v0x55db668d4400, 288;
v0x55db668d4400_289 .array/port v0x55db668d4400, 289;
v0x55db668d4400_290 .array/port v0x55db668d4400, 290;
v0x55db668d4400_291 .array/port v0x55db668d4400, 291;
E_0x55db6673bfe0/72 .event edge, v0x55db668d4400_288, v0x55db668d4400_289, v0x55db668d4400_290, v0x55db668d4400_291;
v0x55db668d4400_292 .array/port v0x55db668d4400, 292;
v0x55db668d4400_293 .array/port v0x55db668d4400, 293;
v0x55db668d4400_294 .array/port v0x55db668d4400, 294;
v0x55db668d4400_295 .array/port v0x55db668d4400, 295;
E_0x55db6673bfe0/73 .event edge, v0x55db668d4400_292, v0x55db668d4400_293, v0x55db668d4400_294, v0x55db668d4400_295;
v0x55db668d4400_296 .array/port v0x55db668d4400, 296;
v0x55db668d4400_297 .array/port v0x55db668d4400, 297;
v0x55db668d4400_298 .array/port v0x55db668d4400, 298;
v0x55db668d4400_299 .array/port v0x55db668d4400, 299;
E_0x55db6673bfe0/74 .event edge, v0x55db668d4400_296, v0x55db668d4400_297, v0x55db668d4400_298, v0x55db668d4400_299;
v0x55db668d4400_300 .array/port v0x55db668d4400, 300;
v0x55db668d4400_301 .array/port v0x55db668d4400, 301;
v0x55db668d4400_302 .array/port v0x55db668d4400, 302;
v0x55db668d4400_303 .array/port v0x55db668d4400, 303;
E_0x55db6673bfe0/75 .event edge, v0x55db668d4400_300, v0x55db668d4400_301, v0x55db668d4400_302, v0x55db668d4400_303;
v0x55db668d4400_304 .array/port v0x55db668d4400, 304;
v0x55db668d4400_305 .array/port v0x55db668d4400, 305;
v0x55db668d4400_306 .array/port v0x55db668d4400, 306;
v0x55db668d4400_307 .array/port v0x55db668d4400, 307;
E_0x55db6673bfe0/76 .event edge, v0x55db668d4400_304, v0x55db668d4400_305, v0x55db668d4400_306, v0x55db668d4400_307;
v0x55db668d4400_308 .array/port v0x55db668d4400, 308;
v0x55db668d4400_309 .array/port v0x55db668d4400, 309;
v0x55db668d4400_310 .array/port v0x55db668d4400, 310;
v0x55db668d4400_311 .array/port v0x55db668d4400, 311;
E_0x55db6673bfe0/77 .event edge, v0x55db668d4400_308, v0x55db668d4400_309, v0x55db668d4400_310, v0x55db668d4400_311;
v0x55db668d4400_312 .array/port v0x55db668d4400, 312;
v0x55db668d4400_313 .array/port v0x55db668d4400, 313;
v0x55db668d4400_314 .array/port v0x55db668d4400, 314;
v0x55db668d4400_315 .array/port v0x55db668d4400, 315;
E_0x55db6673bfe0/78 .event edge, v0x55db668d4400_312, v0x55db668d4400_313, v0x55db668d4400_314, v0x55db668d4400_315;
v0x55db668d4400_316 .array/port v0x55db668d4400, 316;
v0x55db668d4400_317 .array/port v0x55db668d4400, 317;
v0x55db668d4400_318 .array/port v0x55db668d4400, 318;
v0x55db668d4400_319 .array/port v0x55db668d4400, 319;
E_0x55db6673bfe0/79 .event edge, v0x55db668d4400_316, v0x55db668d4400_317, v0x55db668d4400_318, v0x55db668d4400_319;
v0x55db668d4400_320 .array/port v0x55db668d4400, 320;
v0x55db668d4400_321 .array/port v0x55db668d4400, 321;
v0x55db668d4400_322 .array/port v0x55db668d4400, 322;
v0x55db668d4400_323 .array/port v0x55db668d4400, 323;
E_0x55db6673bfe0/80 .event edge, v0x55db668d4400_320, v0x55db668d4400_321, v0x55db668d4400_322, v0x55db668d4400_323;
v0x55db668d4400_324 .array/port v0x55db668d4400, 324;
v0x55db668d4400_325 .array/port v0x55db668d4400, 325;
v0x55db668d4400_326 .array/port v0x55db668d4400, 326;
v0x55db668d4400_327 .array/port v0x55db668d4400, 327;
E_0x55db6673bfe0/81 .event edge, v0x55db668d4400_324, v0x55db668d4400_325, v0x55db668d4400_326, v0x55db668d4400_327;
v0x55db668d4400_328 .array/port v0x55db668d4400, 328;
v0x55db668d4400_329 .array/port v0x55db668d4400, 329;
v0x55db668d4400_330 .array/port v0x55db668d4400, 330;
v0x55db668d4400_331 .array/port v0x55db668d4400, 331;
E_0x55db6673bfe0/82 .event edge, v0x55db668d4400_328, v0x55db668d4400_329, v0x55db668d4400_330, v0x55db668d4400_331;
v0x55db668d4400_332 .array/port v0x55db668d4400, 332;
v0x55db668d4400_333 .array/port v0x55db668d4400, 333;
v0x55db668d4400_334 .array/port v0x55db668d4400, 334;
v0x55db668d4400_335 .array/port v0x55db668d4400, 335;
E_0x55db6673bfe0/83 .event edge, v0x55db668d4400_332, v0x55db668d4400_333, v0x55db668d4400_334, v0x55db668d4400_335;
v0x55db668d4400_336 .array/port v0x55db668d4400, 336;
v0x55db668d4400_337 .array/port v0x55db668d4400, 337;
v0x55db668d4400_338 .array/port v0x55db668d4400, 338;
v0x55db668d4400_339 .array/port v0x55db668d4400, 339;
E_0x55db6673bfe0/84 .event edge, v0x55db668d4400_336, v0x55db668d4400_337, v0x55db668d4400_338, v0x55db668d4400_339;
v0x55db668d4400_340 .array/port v0x55db668d4400, 340;
v0x55db668d4400_341 .array/port v0x55db668d4400, 341;
v0x55db668d4400_342 .array/port v0x55db668d4400, 342;
v0x55db668d4400_343 .array/port v0x55db668d4400, 343;
E_0x55db6673bfe0/85 .event edge, v0x55db668d4400_340, v0x55db668d4400_341, v0x55db668d4400_342, v0x55db668d4400_343;
v0x55db668d4400_344 .array/port v0x55db668d4400, 344;
v0x55db668d4400_345 .array/port v0x55db668d4400, 345;
v0x55db668d4400_346 .array/port v0x55db668d4400, 346;
v0x55db668d4400_347 .array/port v0x55db668d4400, 347;
E_0x55db6673bfe0/86 .event edge, v0x55db668d4400_344, v0x55db668d4400_345, v0x55db668d4400_346, v0x55db668d4400_347;
v0x55db668d4400_348 .array/port v0x55db668d4400, 348;
v0x55db668d4400_349 .array/port v0x55db668d4400, 349;
v0x55db668d4400_350 .array/port v0x55db668d4400, 350;
v0x55db668d4400_351 .array/port v0x55db668d4400, 351;
E_0x55db6673bfe0/87 .event edge, v0x55db668d4400_348, v0x55db668d4400_349, v0x55db668d4400_350, v0x55db668d4400_351;
v0x55db668d4400_352 .array/port v0x55db668d4400, 352;
v0x55db668d4400_353 .array/port v0x55db668d4400, 353;
v0x55db668d4400_354 .array/port v0x55db668d4400, 354;
v0x55db668d4400_355 .array/port v0x55db668d4400, 355;
E_0x55db6673bfe0/88 .event edge, v0x55db668d4400_352, v0x55db668d4400_353, v0x55db668d4400_354, v0x55db668d4400_355;
v0x55db668d4400_356 .array/port v0x55db668d4400, 356;
v0x55db668d4400_357 .array/port v0x55db668d4400, 357;
v0x55db668d4400_358 .array/port v0x55db668d4400, 358;
v0x55db668d4400_359 .array/port v0x55db668d4400, 359;
E_0x55db6673bfe0/89 .event edge, v0x55db668d4400_356, v0x55db668d4400_357, v0x55db668d4400_358, v0x55db668d4400_359;
v0x55db668d4400_360 .array/port v0x55db668d4400, 360;
v0x55db668d4400_361 .array/port v0x55db668d4400, 361;
v0x55db668d4400_362 .array/port v0x55db668d4400, 362;
v0x55db668d4400_363 .array/port v0x55db668d4400, 363;
E_0x55db6673bfe0/90 .event edge, v0x55db668d4400_360, v0x55db668d4400_361, v0x55db668d4400_362, v0x55db668d4400_363;
v0x55db668d4400_364 .array/port v0x55db668d4400, 364;
v0x55db668d4400_365 .array/port v0x55db668d4400, 365;
v0x55db668d4400_366 .array/port v0x55db668d4400, 366;
v0x55db668d4400_367 .array/port v0x55db668d4400, 367;
E_0x55db6673bfe0/91 .event edge, v0x55db668d4400_364, v0x55db668d4400_365, v0x55db668d4400_366, v0x55db668d4400_367;
v0x55db668d4400_368 .array/port v0x55db668d4400, 368;
v0x55db668d4400_369 .array/port v0x55db668d4400, 369;
v0x55db668d4400_370 .array/port v0x55db668d4400, 370;
v0x55db668d4400_371 .array/port v0x55db668d4400, 371;
E_0x55db6673bfe0/92 .event edge, v0x55db668d4400_368, v0x55db668d4400_369, v0x55db668d4400_370, v0x55db668d4400_371;
v0x55db668d4400_372 .array/port v0x55db668d4400, 372;
v0x55db668d4400_373 .array/port v0x55db668d4400, 373;
v0x55db668d4400_374 .array/port v0x55db668d4400, 374;
v0x55db668d4400_375 .array/port v0x55db668d4400, 375;
E_0x55db6673bfe0/93 .event edge, v0x55db668d4400_372, v0x55db668d4400_373, v0x55db668d4400_374, v0x55db668d4400_375;
v0x55db668d4400_376 .array/port v0x55db668d4400, 376;
v0x55db668d4400_377 .array/port v0x55db668d4400, 377;
v0x55db668d4400_378 .array/port v0x55db668d4400, 378;
v0x55db668d4400_379 .array/port v0x55db668d4400, 379;
E_0x55db6673bfe0/94 .event edge, v0x55db668d4400_376, v0x55db668d4400_377, v0x55db668d4400_378, v0x55db668d4400_379;
v0x55db668d4400_380 .array/port v0x55db668d4400, 380;
v0x55db668d4400_381 .array/port v0x55db668d4400, 381;
v0x55db668d4400_382 .array/port v0x55db668d4400, 382;
v0x55db668d4400_383 .array/port v0x55db668d4400, 383;
E_0x55db6673bfe0/95 .event edge, v0x55db668d4400_380, v0x55db668d4400_381, v0x55db668d4400_382, v0x55db668d4400_383;
v0x55db668d4400_384 .array/port v0x55db668d4400, 384;
v0x55db668d4400_385 .array/port v0x55db668d4400, 385;
v0x55db668d4400_386 .array/port v0x55db668d4400, 386;
v0x55db668d4400_387 .array/port v0x55db668d4400, 387;
E_0x55db6673bfe0/96 .event edge, v0x55db668d4400_384, v0x55db668d4400_385, v0x55db668d4400_386, v0x55db668d4400_387;
v0x55db668d4400_388 .array/port v0x55db668d4400, 388;
v0x55db668d4400_389 .array/port v0x55db668d4400, 389;
v0x55db668d4400_390 .array/port v0x55db668d4400, 390;
v0x55db668d4400_391 .array/port v0x55db668d4400, 391;
E_0x55db6673bfe0/97 .event edge, v0x55db668d4400_388, v0x55db668d4400_389, v0x55db668d4400_390, v0x55db668d4400_391;
v0x55db668d4400_392 .array/port v0x55db668d4400, 392;
v0x55db668d4400_393 .array/port v0x55db668d4400, 393;
v0x55db668d4400_394 .array/port v0x55db668d4400, 394;
v0x55db668d4400_395 .array/port v0x55db668d4400, 395;
E_0x55db6673bfe0/98 .event edge, v0x55db668d4400_392, v0x55db668d4400_393, v0x55db668d4400_394, v0x55db668d4400_395;
v0x55db668d4400_396 .array/port v0x55db668d4400, 396;
v0x55db668d4400_397 .array/port v0x55db668d4400, 397;
v0x55db668d4400_398 .array/port v0x55db668d4400, 398;
v0x55db668d4400_399 .array/port v0x55db668d4400, 399;
E_0x55db6673bfe0/99 .event edge, v0x55db668d4400_396, v0x55db668d4400_397, v0x55db668d4400_398, v0x55db668d4400_399;
v0x55db668d4400_400 .array/port v0x55db668d4400, 400;
v0x55db668d4400_401 .array/port v0x55db668d4400, 401;
v0x55db668d4400_402 .array/port v0x55db668d4400, 402;
v0x55db668d4400_403 .array/port v0x55db668d4400, 403;
E_0x55db6673bfe0/100 .event edge, v0x55db668d4400_400, v0x55db668d4400_401, v0x55db668d4400_402, v0x55db668d4400_403;
v0x55db668d4400_404 .array/port v0x55db668d4400, 404;
v0x55db668d4400_405 .array/port v0x55db668d4400, 405;
v0x55db668d4400_406 .array/port v0x55db668d4400, 406;
v0x55db668d4400_407 .array/port v0x55db668d4400, 407;
E_0x55db6673bfe0/101 .event edge, v0x55db668d4400_404, v0x55db668d4400_405, v0x55db668d4400_406, v0x55db668d4400_407;
v0x55db668d4400_408 .array/port v0x55db668d4400, 408;
v0x55db668d4400_409 .array/port v0x55db668d4400, 409;
v0x55db668d4400_410 .array/port v0x55db668d4400, 410;
v0x55db668d4400_411 .array/port v0x55db668d4400, 411;
E_0x55db6673bfe0/102 .event edge, v0x55db668d4400_408, v0x55db668d4400_409, v0x55db668d4400_410, v0x55db668d4400_411;
v0x55db668d4400_412 .array/port v0x55db668d4400, 412;
v0x55db668d4400_413 .array/port v0x55db668d4400, 413;
v0x55db668d4400_414 .array/port v0x55db668d4400, 414;
v0x55db668d4400_415 .array/port v0x55db668d4400, 415;
E_0x55db6673bfe0/103 .event edge, v0x55db668d4400_412, v0x55db668d4400_413, v0x55db668d4400_414, v0x55db668d4400_415;
v0x55db668d4400_416 .array/port v0x55db668d4400, 416;
v0x55db668d4400_417 .array/port v0x55db668d4400, 417;
v0x55db668d4400_418 .array/port v0x55db668d4400, 418;
v0x55db668d4400_419 .array/port v0x55db668d4400, 419;
E_0x55db6673bfe0/104 .event edge, v0x55db668d4400_416, v0x55db668d4400_417, v0x55db668d4400_418, v0x55db668d4400_419;
v0x55db668d4400_420 .array/port v0x55db668d4400, 420;
v0x55db668d4400_421 .array/port v0x55db668d4400, 421;
v0x55db668d4400_422 .array/port v0x55db668d4400, 422;
v0x55db668d4400_423 .array/port v0x55db668d4400, 423;
E_0x55db6673bfe0/105 .event edge, v0x55db668d4400_420, v0x55db668d4400_421, v0x55db668d4400_422, v0x55db668d4400_423;
v0x55db668d4400_424 .array/port v0x55db668d4400, 424;
v0x55db668d4400_425 .array/port v0x55db668d4400, 425;
v0x55db668d4400_426 .array/port v0x55db668d4400, 426;
v0x55db668d4400_427 .array/port v0x55db668d4400, 427;
E_0x55db6673bfe0/106 .event edge, v0x55db668d4400_424, v0x55db668d4400_425, v0x55db668d4400_426, v0x55db668d4400_427;
v0x55db668d4400_428 .array/port v0x55db668d4400, 428;
v0x55db668d4400_429 .array/port v0x55db668d4400, 429;
v0x55db668d4400_430 .array/port v0x55db668d4400, 430;
v0x55db668d4400_431 .array/port v0x55db668d4400, 431;
E_0x55db6673bfe0/107 .event edge, v0x55db668d4400_428, v0x55db668d4400_429, v0x55db668d4400_430, v0x55db668d4400_431;
v0x55db668d4400_432 .array/port v0x55db668d4400, 432;
v0x55db668d4400_433 .array/port v0x55db668d4400, 433;
v0x55db668d4400_434 .array/port v0x55db668d4400, 434;
v0x55db668d4400_435 .array/port v0x55db668d4400, 435;
E_0x55db6673bfe0/108 .event edge, v0x55db668d4400_432, v0x55db668d4400_433, v0x55db668d4400_434, v0x55db668d4400_435;
v0x55db668d4400_436 .array/port v0x55db668d4400, 436;
v0x55db668d4400_437 .array/port v0x55db668d4400, 437;
v0x55db668d4400_438 .array/port v0x55db668d4400, 438;
v0x55db668d4400_439 .array/port v0x55db668d4400, 439;
E_0x55db6673bfe0/109 .event edge, v0x55db668d4400_436, v0x55db668d4400_437, v0x55db668d4400_438, v0x55db668d4400_439;
v0x55db668d4400_440 .array/port v0x55db668d4400, 440;
v0x55db668d4400_441 .array/port v0x55db668d4400, 441;
v0x55db668d4400_442 .array/port v0x55db668d4400, 442;
v0x55db668d4400_443 .array/port v0x55db668d4400, 443;
E_0x55db6673bfe0/110 .event edge, v0x55db668d4400_440, v0x55db668d4400_441, v0x55db668d4400_442, v0x55db668d4400_443;
v0x55db668d4400_444 .array/port v0x55db668d4400, 444;
v0x55db668d4400_445 .array/port v0x55db668d4400, 445;
v0x55db668d4400_446 .array/port v0x55db668d4400, 446;
v0x55db668d4400_447 .array/port v0x55db668d4400, 447;
E_0x55db6673bfe0/111 .event edge, v0x55db668d4400_444, v0x55db668d4400_445, v0x55db668d4400_446, v0x55db668d4400_447;
v0x55db668d4400_448 .array/port v0x55db668d4400, 448;
v0x55db668d4400_449 .array/port v0x55db668d4400, 449;
v0x55db668d4400_450 .array/port v0x55db668d4400, 450;
v0x55db668d4400_451 .array/port v0x55db668d4400, 451;
E_0x55db6673bfe0/112 .event edge, v0x55db668d4400_448, v0x55db668d4400_449, v0x55db668d4400_450, v0x55db668d4400_451;
v0x55db668d4400_452 .array/port v0x55db668d4400, 452;
v0x55db668d4400_453 .array/port v0x55db668d4400, 453;
v0x55db668d4400_454 .array/port v0x55db668d4400, 454;
v0x55db668d4400_455 .array/port v0x55db668d4400, 455;
E_0x55db6673bfe0/113 .event edge, v0x55db668d4400_452, v0x55db668d4400_453, v0x55db668d4400_454, v0x55db668d4400_455;
v0x55db668d4400_456 .array/port v0x55db668d4400, 456;
v0x55db668d4400_457 .array/port v0x55db668d4400, 457;
v0x55db668d4400_458 .array/port v0x55db668d4400, 458;
v0x55db668d4400_459 .array/port v0x55db668d4400, 459;
E_0x55db6673bfe0/114 .event edge, v0x55db668d4400_456, v0x55db668d4400_457, v0x55db668d4400_458, v0x55db668d4400_459;
v0x55db668d4400_460 .array/port v0x55db668d4400, 460;
v0x55db668d4400_461 .array/port v0x55db668d4400, 461;
v0x55db668d4400_462 .array/port v0x55db668d4400, 462;
v0x55db668d4400_463 .array/port v0x55db668d4400, 463;
E_0x55db6673bfe0/115 .event edge, v0x55db668d4400_460, v0x55db668d4400_461, v0x55db668d4400_462, v0x55db668d4400_463;
v0x55db668d4400_464 .array/port v0x55db668d4400, 464;
v0x55db668d4400_465 .array/port v0x55db668d4400, 465;
v0x55db668d4400_466 .array/port v0x55db668d4400, 466;
v0x55db668d4400_467 .array/port v0x55db668d4400, 467;
E_0x55db6673bfe0/116 .event edge, v0x55db668d4400_464, v0x55db668d4400_465, v0x55db668d4400_466, v0x55db668d4400_467;
v0x55db668d4400_468 .array/port v0x55db668d4400, 468;
v0x55db668d4400_469 .array/port v0x55db668d4400, 469;
v0x55db668d4400_470 .array/port v0x55db668d4400, 470;
v0x55db668d4400_471 .array/port v0x55db668d4400, 471;
E_0x55db6673bfe0/117 .event edge, v0x55db668d4400_468, v0x55db668d4400_469, v0x55db668d4400_470, v0x55db668d4400_471;
v0x55db668d4400_472 .array/port v0x55db668d4400, 472;
v0x55db668d4400_473 .array/port v0x55db668d4400, 473;
v0x55db668d4400_474 .array/port v0x55db668d4400, 474;
v0x55db668d4400_475 .array/port v0x55db668d4400, 475;
E_0x55db6673bfe0/118 .event edge, v0x55db668d4400_472, v0x55db668d4400_473, v0x55db668d4400_474, v0x55db668d4400_475;
v0x55db668d4400_476 .array/port v0x55db668d4400, 476;
v0x55db668d4400_477 .array/port v0x55db668d4400, 477;
v0x55db668d4400_478 .array/port v0x55db668d4400, 478;
v0x55db668d4400_479 .array/port v0x55db668d4400, 479;
E_0x55db6673bfe0/119 .event edge, v0x55db668d4400_476, v0x55db668d4400_477, v0x55db668d4400_478, v0x55db668d4400_479;
v0x55db668d4400_480 .array/port v0x55db668d4400, 480;
v0x55db668d4400_481 .array/port v0x55db668d4400, 481;
v0x55db668d4400_482 .array/port v0x55db668d4400, 482;
v0x55db668d4400_483 .array/port v0x55db668d4400, 483;
E_0x55db6673bfe0/120 .event edge, v0x55db668d4400_480, v0x55db668d4400_481, v0x55db668d4400_482, v0x55db668d4400_483;
v0x55db668d4400_484 .array/port v0x55db668d4400, 484;
v0x55db668d4400_485 .array/port v0x55db668d4400, 485;
v0x55db668d4400_486 .array/port v0x55db668d4400, 486;
v0x55db668d4400_487 .array/port v0x55db668d4400, 487;
E_0x55db6673bfe0/121 .event edge, v0x55db668d4400_484, v0x55db668d4400_485, v0x55db668d4400_486, v0x55db668d4400_487;
v0x55db668d4400_488 .array/port v0x55db668d4400, 488;
v0x55db668d4400_489 .array/port v0x55db668d4400, 489;
v0x55db668d4400_490 .array/port v0x55db668d4400, 490;
v0x55db668d4400_491 .array/port v0x55db668d4400, 491;
E_0x55db6673bfe0/122 .event edge, v0x55db668d4400_488, v0x55db668d4400_489, v0x55db668d4400_490, v0x55db668d4400_491;
v0x55db668d4400_492 .array/port v0x55db668d4400, 492;
v0x55db668d4400_493 .array/port v0x55db668d4400, 493;
v0x55db668d4400_494 .array/port v0x55db668d4400, 494;
v0x55db668d4400_495 .array/port v0x55db668d4400, 495;
E_0x55db6673bfe0/123 .event edge, v0x55db668d4400_492, v0x55db668d4400_493, v0x55db668d4400_494, v0x55db668d4400_495;
v0x55db668d4400_496 .array/port v0x55db668d4400, 496;
v0x55db668d4400_497 .array/port v0x55db668d4400, 497;
v0x55db668d4400_498 .array/port v0x55db668d4400, 498;
v0x55db668d4400_499 .array/port v0x55db668d4400, 499;
E_0x55db6673bfe0/124 .event edge, v0x55db668d4400_496, v0x55db668d4400_497, v0x55db668d4400_498, v0x55db668d4400_499;
v0x55db668d4400_500 .array/port v0x55db668d4400, 500;
v0x55db668d4400_501 .array/port v0x55db668d4400, 501;
v0x55db668d4400_502 .array/port v0x55db668d4400, 502;
v0x55db668d4400_503 .array/port v0x55db668d4400, 503;
E_0x55db6673bfe0/125 .event edge, v0x55db668d4400_500, v0x55db668d4400_501, v0x55db668d4400_502, v0x55db668d4400_503;
v0x55db668d4400_504 .array/port v0x55db668d4400, 504;
v0x55db668d4400_505 .array/port v0x55db668d4400, 505;
v0x55db668d4400_506 .array/port v0x55db668d4400, 506;
v0x55db668d4400_507 .array/port v0x55db668d4400, 507;
E_0x55db6673bfe0/126 .event edge, v0x55db668d4400_504, v0x55db668d4400_505, v0x55db668d4400_506, v0x55db668d4400_507;
v0x55db668d4400_508 .array/port v0x55db668d4400, 508;
v0x55db668d4400_509 .array/port v0x55db668d4400, 509;
v0x55db668d4400_510 .array/port v0x55db668d4400, 510;
v0x55db668d4400_511 .array/port v0x55db668d4400, 511;
E_0x55db6673bfe0/127 .event edge, v0x55db668d4400_508, v0x55db668d4400_509, v0x55db668d4400_510, v0x55db668d4400_511;
E_0x55db6673bfe0 .event/or E_0x55db6673bfe0/0, E_0x55db6673bfe0/1, E_0x55db6673bfe0/2, E_0x55db6673bfe0/3, E_0x55db6673bfe0/4, E_0x55db6673bfe0/5, E_0x55db6673bfe0/6, E_0x55db6673bfe0/7, E_0x55db6673bfe0/8, E_0x55db6673bfe0/9, E_0x55db6673bfe0/10, E_0x55db6673bfe0/11, E_0x55db6673bfe0/12, E_0x55db6673bfe0/13, E_0x55db6673bfe0/14, E_0x55db6673bfe0/15, E_0x55db6673bfe0/16, E_0x55db6673bfe0/17, E_0x55db6673bfe0/18, E_0x55db6673bfe0/19, E_0x55db6673bfe0/20, E_0x55db6673bfe0/21, E_0x55db6673bfe0/22, E_0x55db6673bfe0/23, E_0x55db6673bfe0/24, E_0x55db6673bfe0/25, E_0x55db6673bfe0/26, E_0x55db6673bfe0/27, E_0x55db6673bfe0/28, E_0x55db6673bfe0/29, E_0x55db6673bfe0/30, E_0x55db6673bfe0/31, E_0x55db6673bfe0/32, E_0x55db6673bfe0/33, E_0x55db6673bfe0/34, E_0x55db6673bfe0/35, E_0x55db6673bfe0/36, E_0x55db6673bfe0/37, E_0x55db6673bfe0/38, E_0x55db6673bfe0/39, E_0x55db6673bfe0/40, E_0x55db6673bfe0/41, E_0x55db6673bfe0/42, E_0x55db6673bfe0/43, E_0x55db6673bfe0/44, E_0x55db6673bfe0/45, E_0x55db6673bfe0/46, E_0x55db6673bfe0/47, E_0x55db6673bfe0/48, E_0x55db6673bfe0/49, E_0x55db6673bfe0/50, E_0x55db6673bfe0/51, E_0x55db6673bfe0/52, E_0x55db6673bfe0/53, E_0x55db6673bfe0/54, E_0x55db6673bfe0/55, E_0x55db6673bfe0/56, E_0x55db6673bfe0/57, E_0x55db6673bfe0/58, E_0x55db6673bfe0/59, E_0x55db6673bfe0/60, E_0x55db6673bfe0/61, E_0x55db6673bfe0/62, E_0x55db6673bfe0/63, E_0x55db6673bfe0/64, E_0x55db6673bfe0/65, E_0x55db6673bfe0/66, E_0x55db6673bfe0/67, E_0x55db6673bfe0/68, E_0x55db6673bfe0/69, E_0x55db6673bfe0/70, E_0x55db6673bfe0/71, E_0x55db6673bfe0/72, E_0x55db6673bfe0/73, E_0x55db6673bfe0/74, E_0x55db6673bfe0/75, E_0x55db6673bfe0/76, E_0x55db6673bfe0/77, E_0x55db6673bfe0/78, E_0x55db6673bfe0/79, E_0x55db6673bfe0/80, E_0x55db6673bfe0/81, E_0x55db6673bfe0/82, E_0x55db6673bfe0/83, E_0x55db6673bfe0/84, E_0x55db6673bfe0/85, E_0x55db6673bfe0/86, E_0x55db6673bfe0/87, E_0x55db6673bfe0/88, E_0x55db6673bfe0/89, E_0x55db6673bfe0/90, E_0x55db6673bfe0/91, E_0x55db6673bfe0/92, E_0x55db6673bfe0/93, E_0x55db6673bfe0/94, E_0x55db6673bfe0/95, E_0x55db6673bfe0/96, E_0x55db6673bfe0/97, E_0x55db6673bfe0/98, E_0x55db6673bfe0/99, E_0x55db6673bfe0/100, E_0x55db6673bfe0/101, E_0x55db6673bfe0/102, E_0x55db6673bfe0/103, E_0x55db6673bfe0/104, E_0x55db6673bfe0/105, E_0x55db6673bfe0/106, E_0x55db6673bfe0/107, E_0x55db6673bfe0/108, E_0x55db6673bfe0/109, E_0x55db6673bfe0/110, E_0x55db6673bfe0/111, E_0x55db6673bfe0/112, E_0x55db6673bfe0/113, E_0x55db6673bfe0/114, E_0x55db6673bfe0/115, E_0x55db6673bfe0/116, E_0x55db6673bfe0/117, E_0x55db6673bfe0/118, E_0x55db6673bfe0/119, E_0x55db6673bfe0/120, E_0x55db6673bfe0/121, E_0x55db6673bfe0/122, E_0x55db6673bfe0/123, E_0x55db6673bfe0/124, E_0x55db6673bfe0/125, E_0x55db6673bfe0/126, E_0x55db6673bfe0/127;
E_0x55db6694e180/0 .event edge, v0x55db668d4340_0, v0x55db6691e1c0_0, v0x55db6691e1c0_1, v0x55db6691e1c0_2;
E_0x55db6694e180/1 .event edge, v0x55db6691e1c0_3, v0x55db6691e1c0_4, v0x55db6691e1c0_5, v0x55db6691e1c0_6;
E_0x55db6694e180/2 .event edge, v0x55db6691e1c0_7, v0x55db6691e1c0_8, v0x55db6691e1c0_9, v0x55db6691e1c0_10;
E_0x55db6694e180/3 .event edge, v0x55db6691e1c0_11, v0x55db6691e1c0_12, v0x55db6691e1c0_13, v0x55db6691e1c0_14;
E_0x55db6694e180/4 .event edge, v0x55db6691e1c0_15, v0x55db6691e1c0_16, v0x55db6691e1c0_17, v0x55db6691e1c0_18;
E_0x55db6694e180/5 .event edge, v0x55db6691e1c0_19, v0x55db6691e1c0_20, v0x55db6691e1c0_21, v0x55db6691e1c0_22;
E_0x55db6694e180/6 .event edge, v0x55db6691e1c0_23, v0x55db6691e1c0_24, v0x55db6691e1c0_25, v0x55db6691e1c0_26;
E_0x55db6694e180/7 .event edge, v0x55db6691e1c0_27, v0x55db6691e1c0_28, v0x55db6691e1c0_29, v0x55db6691e1c0_30;
E_0x55db6694e180/8 .event edge, v0x55db6691e1c0_31, v0x55db6691e1c0_32, v0x55db6691e1c0_33, v0x55db6691e1c0_34;
E_0x55db6694e180/9 .event edge, v0x55db6691e1c0_35, v0x55db6691e1c0_36, v0x55db6691e1c0_37, v0x55db6691e1c0_38;
E_0x55db6694e180/10 .event edge, v0x55db6691e1c0_39, v0x55db6691e1c0_40, v0x55db6691e1c0_41, v0x55db6691e1c0_42;
E_0x55db6694e180/11 .event edge, v0x55db6691e1c0_43, v0x55db6691e1c0_44, v0x55db6691e1c0_45, v0x55db6691e1c0_46;
E_0x55db6694e180/12 .event edge, v0x55db6691e1c0_47, v0x55db6691e1c0_48, v0x55db6691e1c0_49, v0x55db6691e1c0_50;
E_0x55db6694e180/13 .event edge, v0x55db6691e1c0_51, v0x55db6691e1c0_52, v0x55db6691e1c0_53, v0x55db6691e1c0_54;
E_0x55db6694e180/14 .event edge, v0x55db6691e1c0_55, v0x55db6691e1c0_56, v0x55db6691e1c0_57, v0x55db6691e1c0_58;
E_0x55db6694e180/15 .event edge, v0x55db6691e1c0_59, v0x55db6691e1c0_60, v0x55db6691e1c0_61, v0x55db6691e1c0_62;
E_0x55db6694e180/16 .event edge, v0x55db6691e1c0_63, v0x55db6691e1c0_64, v0x55db6691e1c0_65, v0x55db6691e1c0_66;
E_0x55db6694e180/17 .event edge, v0x55db6691e1c0_67, v0x55db6691e1c0_68, v0x55db6691e1c0_69, v0x55db6691e1c0_70;
E_0x55db6694e180/18 .event edge, v0x55db6691e1c0_71, v0x55db6691e1c0_72, v0x55db6691e1c0_73, v0x55db6691e1c0_74;
E_0x55db6694e180/19 .event edge, v0x55db6691e1c0_75, v0x55db6691e1c0_76, v0x55db6691e1c0_77, v0x55db6691e1c0_78;
E_0x55db6694e180/20 .event edge, v0x55db6691e1c0_79, v0x55db6691e1c0_80, v0x55db6691e1c0_81, v0x55db6691e1c0_82;
E_0x55db6694e180/21 .event edge, v0x55db6691e1c0_83, v0x55db6691e1c0_84, v0x55db6691e1c0_85, v0x55db6691e1c0_86;
E_0x55db6694e180/22 .event edge, v0x55db6691e1c0_87, v0x55db6691e1c0_88, v0x55db6691e1c0_89, v0x55db6691e1c0_90;
E_0x55db6694e180/23 .event edge, v0x55db6691e1c0_91, v0x55db6691e1c0_92, v0x55db6691e1c0_93, v0x55db6691e1c0_94;
E_0x55db6694e180/24 .event edge, v0x55db6691e1c0_95, v0x55db6691e1c0_96, v0x55db6691e1c0_97, v0x55db6691e1c0_98;
E_0x55db6694e180/25 .event edge, v0x55db6691e1c0_99, v0x55db6691e1c0_100, v0x55db6691e1c0_101, v0x55db6691e1c0_102;
E_0x55db6694e180/26 .event edge, v0x55db6691e1c0_103, v0x55db6691e1c0_104, v0x55db6691e1c0_105, v0x55db6691e1c0_106;
E_0x55db6694e180/27 .event edge, v0x55db6691e1c0_107, v0x55db6691e1c0_108, v0x55db6691e1c0_109, v0x55db6691e1c0_110;
E_0x55db6694e180/28 .event edge, v0x55db6691e1c0_111, v0x55db6691e1c0_112, v0x55db6691e1c0_113, v0x55db6691e1c0_114;
E_0x55db6694e180/29 .event edge, v0x55db6691e1c0_115, v0x55db6691e1c0_116, v0x55db6691e1c0_117, v0x55db6691e1c0_118;
E_0x55db6694e180/30 .event edge, v0x55db6691e1c0_119, v0x55db6691e1c0_120, v0x55db6691e1c0_121, v0x55db6691e1c0_122;
E_0x55db6694e180/31 .event edge, v0x55db6691e1c0_123, v0x55db6691e1c0_124, v0x55db6691e1c0_125, v0x55db6691e1c0_126;
E_0x55db6694e180/32 .event edge, v0x55db6691e1c0_127, v0x55db6691e1c0_128, v0x55db6691e1c0_129, v0x55db6691e1c0_130;
E_0x55db6694e180/33 .event edge, v0x55db6691e1c0_131, v0x55db6691e1c0_132, v0x55db6691e1c0_133, v0x55db6691e1c0_134;
E_0x55db6694e180/34 .event edge, v0x55db6691e1c0_135, v0x55db6691e1c0_136, v0x55db6691e1c0_137, v0x55db6691e1c0_138;
E_0x55db6694e180/35 .event edge, v0x55db6691e1c0_139, v0x55db6691e1c0_140, v0x55db6691e1c0_141, v0x55db6691e1c0_142;
E_0x55db6694e180/36 .event edge, v0x55db6691e1c0_143, v0x55db6691e1c0_144, v0x55db6691e1c0_145, v0x55db6691e1c0_146;
E_0x55db6694e180/37 .event edge, v0x55db6691e1c0_147, v0x55db6691e1c0_148, v0x55db6691e1c0_149, v0x55db6691e1c0_150;
E_0x55db6694e180/38 .event edge, v0x55db6691e1c0_151, v0x55db6691e1c0_152, v0x55db6691e1c0_153, v0x55db6691e1c0_154;
E_0x55db6694e180/39 .event edge, v0x55db6691e1c0_155, v0x55db6691e1c0_156, v0x55db6691e1c0_157, v0x55db6691e1c0_158;
E_0x55db6694e180/40 .event edge, v0x55db6691e1c0_159, v0x55db6691e1c0_160, v0x55db6691e1c0_161, v0x55db6691e1c0_162;
E_0x55db6694e180/41 .event edge, v0x55db6691e1c0_163, v0x55db6691e1c0_164, v0x55db6691e1c0_165, v0x55db6691e1c0_166;
E_0x55db6694e180/42 .event edge, v0x55db6691e1c0_167, v0x55db6691e1c0_168, v0x55db6691e1c0_169, v0x55db6691e1c0_170;
E_0x55db6694e180/43 .event edge, v0x55db6691e1c0_171, v0x55db6691e1c0_172, v0x55db6691e1c0_173, v0x55db6691e1c0_174;
E_0x55db6694e180/44 .event edge, v0x55db6691e1c0_175, v0x55db6691e1c0_176, v0x55db6691e1c0_177, v0x55db6691e1c0_178;
E_0x55db6694e180/45 .event edge, v0x55db6691e1c0_179, v0x55db6691e1c0_180, v0x55db6691e1c0_181, v0x55db6691e1c0_182;
E_0x55db6694e180/46 .event edge, v0x55db6691e1c0_183, v0x55db6691e1c0_184, v0x55db6691e1c0_185, v0x55db6691e1c0_186;
E_0x55db6694e180/47 .event edge, v0x55db6691e1c0_187, v0x55db6691e1c0_188, v0x55db6691e1c0_189, v0x55db6691e1c0_190;
E_0x55db6694e180/48 .event edge, v0x55db6691e1c0_191, v0x55db6691e1c0_192, v0x55db6691e1c0_193, v0x55db6691e1c0_194;
E_0x55db6694e180/49 .event edge, v0x55db6691e1c0_195, v0x55db6691e1c0_196, v0x55db6691e1c0_197, v0x55db6691e1c0_198;
E_0x55db6694e180/50 .event edge, v0x55db6691e1c0_199, v0x55db6691e1c0_200, v0x55db6691e1c0_201, v0x55db6691e1c0_202;
E_0x55db6694e180/51 .event edge, v0x55db6691e1c0_203, v0x55db6691e1c0_204, v0x55db6691e1c0_205, v0x55db6691e1c0_206;
E_0x55db6694e180/52 .event edge, v0x55db6691e1c0_207, v0x55db6691e1c0_208, v0x55db6691e1c0_209, v0x55db6691e1c0_210;
E_0x55db6694e180/53 .event edge, v0x55db6691e1c0_211, v0x55db6691e1c0_212, v0x55db6691e1c0_213, v0x55db6691e1c0_214;
E_0x55db6694e180/54 .event edge, v0x55db6691e1c0_215, v0x55db6691e1c0_216, v0x55db6691e1c0_217, v0x55db6691e1c0_218;
E_0x55db6694e180/55 .event edge, v0x55db6691e1c0_219, v0x55db6691e1c0_220, v0x55db6691e1c0_221, v0x55db6691e1c0_222;
E_0x55db6694e180/56 .event edge, v0x55db6691e1c0_223, v0x55db6691e1c0_224, v0x55db6691e1c0_225, v0x55db6691e1c0_226;
E_0x55db6694e180/57 .event edge, v0x55db6691e1c0_227, v0x55db6691e1c0_228, v0x55db6691e1c0_229, v0x55db6691e1c0_230;
E_0x55db6694e180/58 .event edge, v0x55db6691e1c0_231, v0x55db6691e1c0_232, v0x55db6691e1c0_233, v0x55db6691e1c0_234;
E_0x55db6694e180/59 .event edge, v0x55db6691e1c0_235, v0x55db6691e1c0_236, v0x55db6691e1c0_237, v0x55db6691e1c0_238;
E_0x55db6694e180/60 .event edge, v0x55db6691e1c0_239, v0x55db6691e1c0_240, v0x55db6691e1c0_241, v0x55db6691e1c0_242;
E_0x55db6694e180/61 .event edge, v0x55db6691e1c0_243, v0x55db6691e1c0_244, v0x55db6691e1c0_245, v0x55db6691e1c0_246;
E_0x55db6694e180/62 .event edge, v0x55db6691e1c0_247, v0x55db6691e1c0_248, v0x55db6691e1c0_249, v0x55db6691e1c0_250;
E_0x55db6694e180/63 .event edge, v0x55db6691e1c0_251, v0x55db6691e1c0_252, v0x55db6691e1c0_253, v0x55db6691e1c0_254;
E_0x55db6694e180/64 .event edge, v0x55db6691e1c0_255, v0x55db6691e1c0_256, v0x55db6691e1c0_257, v0x55db6691e1c0_258;
E_0x55db6694e180/65 .event edge, v0x55db6691e1c0_259, v0x55db6691e1c0_260, v0x55db6691e1c0_261, v0x55db6691e1c0_262;
E_0x55db6694e180/66 .event edge, v0x55db6691e1c0_263, v0x55db6691e1c0_264, v0x55db6691e1c0_265, v0x55db6691e1c0_266;
E_0x55db6694e180/67 .event edge, v0x55db6691e1c0_267, v0x55db6691e1c0_268, v0x55db6691e1c0_269, v0x55db6691e1c0_270;
E_0x55db6694e180/68 .event edge, v0x55db6691e1c0_271, v0x55db6691e1c0_272, v0x55db6691e1c0_273, v0x55db6691e1c0_274;
E_0x55db6694e180/69 .event edge, v0x55db6691e1c0_275, v0x55db6691e1c0_276, v0x55db6691e1c0_277, v0x55db6691e1c0_278;
E_0x55db6694e180/70 .event edge, v0x55db6691e1c0_279, v0x55db6691e1c0_280, v0x55db6691e1c0_281, v0x55db6691e1c0_282;
E_0x55db6694e180/71 .event edge, v0x55db6691e1c0_283, v0x55db6691e1c0_284, v0x55db6691e1c0_285, v0x55db6691e1c0_286;
E_0x55db6694e180/72 .event edge, v0x55db6691e1c0_287, v0x55db6691e1c0_288, v0x55db6691e1c0_289, v0x55db6691e1c0_290;
E_0x55db6694e180/73 .event edge, v0x55db6691e1c0_291, v0x55db6691e1c0_292, v0x55db6691e1c0_293, v0x55db6691e1c0_294;
E_0x55db6694e180/74 .event edge, v0x55db6691e1c0_295, v0x55db6691e1c0_296, v0x55db6691e1c0_297, v0x55db6691e1c0_298;
E_0x55db6694e180/75 .event edge, v0x55db6691e1c0_299, v0x55db6691e1c0_300, v0x55db6691e1c0_301, v0x55db6691e1c0_302;
E_0x55db6694e180/76 .event edge, v0x55db6691e1c0_303, v0x55db6691e1c0_304, v0x55db6691e1c0_305, v0x55db6691e1c0_306;
E_0x55db6694e180/77 .event edge, v0x55db6691e1c0_307, v0x55db6691e1c0_308, v0x55db6691e1c0_309, v0x55db6691e1c0_310;
E_0x55db6694e180/78 .event edge, v0x55db6691e1c0_311, v0x55db6691e1c0_312, v0x55db6691e1c0_313, v0x55db6691e1c0_314;
E_0x55db6694e180/79 .event edge, v0x55db6691e1c0_315, v0x55db6691e1c0_316, v0x55db6691e1c0_317, v0x55db6691e1c0_318;
E_0x55db6694e180/80 .event edge, v0x55db6691e1c0_319, v0x55db6691e1c0_320, v0x55db6691e1c0_321, v0x55db6691e1c0_322;
E_0x55db6694e180/81 .event edge, v0x55db6691e1c0_323, v0x55db6691e1c0_324, v0x55db6691e1c0_325, v0x55db6691e1c0_326;
E_0x55db6694e180/82 .event edge, v0x55db6691e1c0_327, v0x55db6691e1c0_328, v0x55db6691e1c0_329, v0x55db6691e1c0_330;
E_0x55db6694e180/83 .event edge, v0x55db6691e1c0_331, v0x55db6691e1c0_332, v0x55db6691e1c0_333, v0x55db6691e1c0_334;
E_0x55db6694e180/84 .event edge, v0x55db6691e1c0_335, v0x55db6691e1c0_336, v0x55db6691e1c0_337, v0x55db6691e1c0_338;
E_0x55db6694e180/85 .event edge, v0x55db6691e1c0_339, v0x55db6691e1c0_340, v0x55db6691e1c0_341, v0x55db6691e1c0_342;
E_0x55db6694e180/86 .event edge, v0x55db6691e1c0_343, v0x55db6691e1c0_344, v0x55db6691e1c0_345, v0x55db6691e1c0_346;
E_0x55db6694e180/87 .event edge, v0x55db6691e1c0_347, v0x55db6691e1c0_348, v0x55db6691e1c0_349, v0x55db6691e1c0_350;
E_0x55db6694e180/88 .event edge, v0x55db6691e1c0_351, v0x55db6691e1c0_352, v0x55db6691e1c0_353, v0x55db6691e1c0_354;
E_0x55db6694e180/89 .event edge, v0x55db6691e1c0_355, v0x55db6691e1c0_356, v0x55db6691e1c0_357, v0x55db6691e1c0_358;
E_0x55db6694e180/90 .event edge, v0x55db6691e1c0_359, v0x55db6691e1c0_360, v0x55db6691e1c0_361, v0x55db6691e1c0_362;
E_0x55db6694e180/91 .event edge, v0x55db6691e1c0_363, v0x55db6691e1c0_364, v0x55db6691e1c0_365, v0x55db6691e1c0_366;
E_0x55db6694e180/92 .event edge, v0x55db6691e1c0_367, v0x55db6691e1c0_368, v0x55db6691e1c0_369, v0x55db6691e1c0_370;
E_0x55db6694e180/93 .event edge, v0x55db6691e1c0_371, v0x55db6691e1c0_372, v0x55db6691e1c0_373, v0x55db6691e1c0_374;
E_0x55db6694e180/94 .event edge, v0x55db6691e1c0_375, v0x55db6691e1c0_376, v0x55db6691e1c0_377, v0x55db6691e1c0_378;
E_0x55db6694e180/95 .event edge, v0x55db6691e1c0_379, v0x55db6691e1c0_380, v0x55db6691e1c0_381, v0x55db6691e1c0_382;
E_0x55db6694e180/96 .event edge, v0x55db6691e1c0_383, v0x55db6691e1c0_384, v0x55db6691e1c0_385, v0x55db6691e1c0_386;
E_0x55db6694e180/97 .event edge, v0x55db6691e1c0_387, v0x55db6691e1c0_388, v0x55db6691e1c0_389, v0x55db6691e1c0_390;
E_0x55db6694e180/98 .event edge, v0x55db6691e1c0_391, v0x55db6691e1c0_392, v0x55db6691e1c0_393, v0x55db6691e1c0_394;
E_0x55db6694e180/99 .event edge, v0x55db6691e1c0_395, v0x55db6691e1c0_396, v0x55db6691e1c0_397, v0x55db6691e1c0_398;
E_0x55db6694e180/100 .event edge, v0x55db6691e1c0_399, v0x55db6691e1c0_400, v0x55db6691e1c0_401, v0x55db6691e1c0_402;
E_0x55db6694e180/101 .event edge, v0x55db6691e1c0_403, v0x55db6691e1c0_404, v0x55db6691e1c0_405, v0x55db6691e1c0_406;
E_0x55db6694e180/102 .event edge, v0x55db6691e1c0_407, v0x55db6691e1c0_408, v0x55db6691e1c0_409, v0x55db6691e1c0_410;
E_0x55db6694e180/103 .event edge, v0x55db6691e1c0_411, v0x55db6691e1c0_412, v0x55db6691e1c0_413, v0x55db6691e1c0_414;
E_0x55db6694e180/104 .event edge, v0x55db6691e1c0_415, v0x55db6691e1c0_416, v0x55db6691e1c0_417, v0x55db6691e1c0_418;
E_0x55db6694e180/105 .event edge, v0x55db6691e1c0_419, v0x55db6691e1c0_420, v0x55db6691e1c0_421, v0x55db6691e1c0_422;
E_0x55db6694e180/106 .event edge, v0x55db6691e1c0_423, v0x55db6691e1c0_424, v0x55db6691e1c0_425, v0x55db6691e1c0_426;
E_0x55db6694e180/107 .event edge, v0x55db6691e1c0_427, v0x55db6691e1c0_428, v0x55db6691e1c0_429, v0x55db6691e1c0_430;
E_0x55db6694e180/108 .event edge, v0x55db6691e1c0_431, v0x55db6691e1c0_432, v0x55db6691e1c0_433, v0x55db6691e1c0_434;
E_0x55db6694e180/109 .event edge, v0x55db6691e1c0_435, v0x55db6691e1c0_436, v0x55db6691e1c0_437, v0x55db6691e1c0_438;
E_0x55db6694e180/110 .event edge, v0x55db6691e1c0_439, v0x55db6691e1c0_440, v0x55db6691e1c0_441, v0x55db6691e1c0_442;
E_0x55db6694e180/111 .event edge, v0x55db6691e1c0_443, v0x55db6691e1c0_444, v0x55db6691e1c0_445, v0x55db6691e1c0_446;
E_0x55db6694e180/112 .event edge, v0x55db6691e1c0_447, v0x55db6691e1c0_448, v0x55db6691e1c0_449, v0x55db6691e1c0_450;
E_0x55db6694e180/113 .event edge, v0x55db6691e1c0_451, v0x55db6691e1c0_452, v0x55db6691e1c0_453, v0x55db6691e1c0_454;
E_0x55db6694e180/114 .event edge, v0x55db6691e1c0_455, v0x55db6691e1c0_456, v0x55db6691e1c0_457, v0x55db6691e1c0_458;
E_0x55db6694e180/115 .event edge, v0x55db6691e1c0_459, v0x55db6691e1c0_460, v0x55db6691e1c0_461, v0x55db6691e1c0_462;
E_0x55db6694e180/116 .event edge, v0x55db6691e1c0_463, v0x55db6691e1c0_464, v0x55db6691e1c0_465, v0x55db6691e1c0_466;
E_0x55db6694e180/117 .event edge, v0x55db6691e1c0_467, v0x55db6691e1c0_468, v0x55db6691e1c0_469, v0x55db6691e1c0_470;
E_0x55db6694e180/118 .event edge, v0x55db6691e1c0_471, v0x55db6691e1c0_472, v0x55db6691e1c0_473, v0x55db6691e1c0_474;
E_0x55db6694e180/119 .event edge, v0x55db6691e1c0_475, v0x55db6691e1c0_476, v0x55db6691e1c0_477, v0x55db6691e1c0_478;
E_0x55db6694e180/120 .event edge, v0x55db6691e1c0_479, v0x55db6691e1c0_480, v0x55db6691e1c0_481, v0x55db6691e1c0_482;
E_0x55db6694e180/121 .event edge, v0x55db6691e1c0_483, v0x55db6691e1c0_484, v0x55db6691e1c0_485, v0x55db6691e1c0_486;
E_0x55db6694e180/122 .event edge, v0x55db6691e1c0_487, v0x55db6691e1c0_488, v0x55db6691e1c0_489, v0x55db6691e1c0_490;
E_0x55db6694e180/123 .event edge, v0x55db6691e1c0_491, v0x55db6691e1c0_492, v0x55db6691e1c0_493, v0x55db6691e1c0_494;
E_0x55db6694e180/124 .event edge, v0x55db6691e1c0_495, v0x55db6691e1c0_496, v0x55db6691e1c0_497, v0x55db6691e1c0_498;
E_0x55db6694e180/125 .event edge, v0x55db6691e1c0_499, v0x55db6691e1c0_500, v0x55db6691e1c0_501, v0x55db6691e1c0_502;
E_0x55db6694e180/126 .event edge, v0x55db6691e1c0_503, v0x55db6691e1c0_504, v0x55db6691e1c0_505, v0x55db6691e1c0_506;
E_0x55db6694e180/127 .event edge, v0x55db6691e1c0_507, v0x55db6691e1c0_508, v0x55db6691e1c0_509, v0x55db6691e1c0_510;
E_0x55db6694e180/128 .event edge, v0x55db6691e1c0_511, v0x55db6691e260_0, v0x55db669259b0_0, v0x55db669259b0_1;
E_0x55db6694e180/129 .event edge, v0x55db669259b0_2, v0x55db669259b0_3, v0x55db669259b0_4, v0x55db669259b0_5;
E_0x55db6694e180/130 .event edge, v0x55db669259b0_6, v0x55db669259b0_7, v0x55db669259b0_8, v0x55db669259b0_9;
E_0x55db6694e180/131 .event edge, v0x55db669259b0_10, v0x55db669259b0_11, v0x55db669259b0_12, v0x55db669259b0_13;
E_0x55db6694e180/132 .event edge, v0x55db669259b0_14, v0x55db669259b0_15, v0x55db669259b0_16, v0x55db669259b0_17;
E_0x55db6694e180/133 .event edge, v0x55db669259b0_18, v0x55db669259b0_19, v0x55db669259b0_20, v0x55db669259b0_21;
E_0x55db6694e180/134 .event edge, v0x55db669259b0_22, v0x55db669259b0_23, v0x55db669259b0_24, v0x55db669259b0_25;
E_0x55db6694e180/135 .event edge, v0x55db669259b0_26, v0x55db669259b0_27, v0x55db669259b0_28, v0x55db669259b0_29;
E_0x55db6694e180/136 .event edge, v0x55db669259b0_30, v0x55db669259b0_31, v0x55db669259b0_32, v0x55db669259b0_33;
E_0x55db6694e180/137 .event edge, v0x55db669259b0_34, v0x55db669259b0_35, v0x55db669259b0_36, v0x55db669259b0_37;
E_0x55db6694e180/138 .event edge, v0x55db669259b0_38, v0x55db669259b0_39, v0x55db669259b0_40, v0x55db669259b0_41;
E_0x55db6694e180/139 .event edge, v0x55db669259b0_42, v0x55db669259b0_43, v0x55db669259b0_44, v0x55db669259b0_45;
E_0x55db6694e180/140 .event edge, v0x55db669259b0_46, v0x55db669259b0_47, v0x55db669259b0_48, v0x55db669259b0_49;
E_0x55db6694e180/141 .event edge, v0x55db669259b0_50, v0x55db669259b0_51, v0x55db669259b0_52, v0x55db669259b0_53;
E_0x55db6694e180/142 .event edge, v0x55db669259b0_54, v0x55db669259b0_55, v0x55db669259b0_56, v0x55db669259b0_57;
E_0x55db6694e180/143 .event edge, v0x55db669259b0_58, v0x55db669259b0_59, v0x55db669259b0_60, v0x55db669259b0_61;
E_0x55db6694e180/144 .event edge, v0x55db669259b0_62, v0x55db669259b0_63, v0x55db669259b0_64, v0x55db669259b0_65;
E_0x55db6694e180/145 .event edge, v0x55db669259b0_66, v0x55db669259b0_67, v0x55db669259b0_68, v0x55db669259b0_69;
E_0x55db6694e180/146 .event edge, v0x55db669259b0_70, v0x55db669259b0_71, v0x55db669259b0_72, v0x55db669259b0_73;
E_0x55db6694e180/147 .event edge, v0x55db669259b0_74, v0x55db669259b0_75, v0x55db669259b0_76, v0x55db669259b0_77;
E_0x55db6694e180/148 .event edge, v0x55db669259b0_78, v0x55db669259b0_79, v0x55db669259b0_80, v0x55db669259b0_81;
E_0x55db6694e180/149 .event edge, v0x55db669259b0_82, v0x55db669259b0_83, v0x55db669259b0_84, v0x55db669259b0_85;
E_0x55db6694e180/150 .event edge, v0x55db669259b0_86, v0x55db669259b0_87, v0x55db669259b0_88, v0x55db669259b0_89;
E_0x55db6694e180/151 .event edge, v0x55db669259b0_90, v0x55db669259b0_91, v0x55db669259b0_92, v0x55db669259b0_93;
E_0x55db6694e180/152 .event edge, v0x55db669259b0_94, v0x55db669259b0_95, v0x55db669259b0_96, v0x55db669259b0_97;
E_0x55db6694e180/153 .event edge, v0x55db669259b0_98, v0x55db669259b0_99, v0x55db669259b0_100, v0x55db669259b0_101;
E_0x55db6694e180/154 .event edge, v0x55db669259b0_102, v0x55db669259b0_103, v0x55db669259b0_104, v0x55db669259b0_105;
E_0x55db6694e180/155 .event edge, v0x55db669259b0_106, v0x55db669259b0_107, v0x55db669259b0_108, v0x55db669259b0_109;
E_0x55db6694e180/156 .event edge, v0x55db669259b0_110, v0x55db669259b0_111, v0x55db669259b0_112, v0x55db669259b0_113;
E_0x55db6694e180/157 .event edge, v0x55db669259b0_114, v0x55db669259b0_115, v0x55db669259b0_116, v0x55db669259b0_117;
E_0x55db6694e180/158 .event edge, v0x55db669259b0_118, v0x55db669259b0_119, v0x55db669259b0_120, v0x55db669259b0_121;
E_0x55db6694e180/159 .event edge, v0x55db669259b0_122, v0x55db669259b0_123, v0x55db669259b0_124, v0x55db669259b0_125;
E_0x55db6694e180/160 .event edge, v0x55db669259b0_126, v0x55db669259b0_127, v0x55db669259b0_128, v0x55db669259b0_129;
E_0x55db6694e180/161 .event edge, v0x55db669259b0_130, v0x55db669259b0_131, v0x55db669259b0_132, v0x55db669259b0_133;
E_0x55db6694e180/162 .event edge, v0x55db669259b0_134, v0x55db669259b0_135, v0x55db669259b0_136, v0x55db669259b0_137;
E_0x55db6694e180/163 .event edge, v0x55db669259b0_138, v0x55db669259b0_139, v0x55db669259b0_140, v0x55db669259b0_141;
E_0x55db6694e180/164 .event edge, v0x55db669259b0_142, v0x55db669259b0_143, v0x55db669259b0_144, v0x55db669259b0_145;
E_0x55db6694e180/165 .event edge, v0x55db669259b0_146, v0x55db669259b0_147, v0x55db669259b0_148, v0x55db669259b0_149;
E_0x55db6694e180/166 .event edge, v0x55db669259b0_150, v0x55db669259b0_151, v0x55db669259b0_152, v0x55db669259b0_153;
E_0x55db6694e180/167 .event edge, v0x55db669259b0_154, v0x55db669259b0_155, v0x55db669259b0_156, v0x55db669259b0_157;
E_0x55db6694e180/168 .event edge, v0x55db669259b0_158, v0x55db669259b0_159, v0x55db669259b0_160, v0x55db669259b0_161;
E_0x55db6694e180/169 .event edge, v0x55db669259b0_162, v0x55db669259b0_163, v0x55db669259b0_164, v0x55db669259b0_165;
E_0x55db6694e180/170 .event edge, v0x55db669259b0_166, v0x55db669259b0_167, v0x55db669259b0_168, v0x55db669259b0_169;
E_0x55db6694e180/171 .event edge, v0x55db669259b0_170, v0x55db669259b0_171, v0x55db669259b0_172, v0x55db669259b0_173;
E_0x55db6694e180/172 .event edge, v0x55db669259b0_174, v0x55db669259b0_175, v0x55db669259b0_176, v0x55db669259b0_177;
E_0x55db6694e180/173 .event edge, v0x55db669259b0_178, v0x55db669259b0_179, v0x55db669259b0_180, v0x55db669259b0_181;
E_0x55db6694e180/174 .event edge, v0x55db669259b0_182, v0x55db669259b0_183, v0x55db669259b0_184, v0x55db669259b0_185;
E_0x55db6694e180/175 .event edge, v0x55db669259b0_186, v0x55db669259b0_187, v0x55db669259b0_188, v0x55db669259b0_189;
E_0x55db6694e180/176 .event edge, v0x55db669259b0_190, v0x55db669259b0_191, v0x55db669259b0_192, v0x55db669259b0_193;
E_0x55db6694e180/177 .event edge, v0x55db669259b0_194, v0x55db669259b0_195, v0x55db669259b0_196, v0x55db669259b0_197;
E_0x55db6694e180/178 .event edge, v0x55db669259b0_198, v0x55db669259b0_199, v0x55db669259b0_200, v0x55db669259b0_201;
E_0x55db6694e180/179 .event edge, v0x55db669259b0_202, v0x55db669259b0_203, v0x55db669259b0_204, v0x55db669259b0_205;
E_0x55db6694e180/180 .event edge, v0x55db669259b0_206, v0x55db669259b0_207, v0x55db669259b0_208, v0x55db669259b0_209;
E_0x55db6694e180/181 .event edge, v0x55db669259b0_210, v0x55db669259b0_211, v0x55db669259b0_212, v0x55db669259b0_213;
E_0x55db6694e180/182 .event edge, v0x55db669259b0_214, v0x55db669259b0_215, v0x55db669259b0_216, v0x55db669259b0_217;
E_0x55db6694e180/183 .event edge, v0x55db669259b0_218, v0x55db669259b0_219, v0x55db669259b0_220, v0x55db669259b0_221;
E_0x55db6694e180/184 .event edge, v0x55db669259b0_222, v0x55db669259b0_223, v0x55db669259b0_224, v0x55db669259b0_225;
E_0x55db6694e180/185 .event edge, v0x55db669259b0_226, v0x55db669259b0_227, v0x55db669259b0_228, v0x55db669259b0_229;
E_0x55db6694e180/186 .event edge, v0x55db669259b0_230, v0x55db669259b0_231, v0x55db669259b0_232, v0x55db669259b0_233;
E_0x55db6694e180/187 .event edge, v0x55db669259b0_234, v0x55db669259b0_235, v0x55db669259b0_236, v0x55db669259b0_237;
E_0x55db6694e180/188 .event edge, v0x55db669259b0_238, v0x55db669259b0_239, v0x55db669259b0_240, v0x55db669259b0_241;
E_0x55db6694e180/189 .event edge, v0x55db669259b0_242, v0x55db669259b0_243, v0x55db669259b0_244, v0x55db669259b0_245;
E_0x55db6694e180/190 .event edge, v0x55db669259b0_246, v0x55db669259b0_247, v0x55db669259b0_248, v0x55db669259b0_249;
E_0x55db6694e180/191 .event edge, v0x55db669259b0_250, v0x55db669259b0_251, v0x55db669259b0_252, v0x55db669259b0_253;
E_0x55db6694e180/192 .event edge, v0x55db669259b0_254, v0x55db669259b0_255, v0x55db669259b0_256, v0x55db669259b0_257;
E_0x55db6694e180/193 .event edge, v0x55db669259b0_258, v0x55db669259b0_259, v0x55db669259b0_260, v0x55db669259b0_261;
E_0x55db6694e180/194 .event edge, v0x55db669259b0_262, v0x55db669259b0_263, v0x55db669259b0_264, v0x55db669259b0_265;
E_0x55db6694e180/195 .event edge, v0x55db669259b0_266, v0x55db669259b0_267, v0x55db669259b0_268, v0x55db669259b0_269;
E_0x55db6694e180/196 .event edge, v0x55db669259b0_270, v0x55db669259b0_271, v0x55db669259b0_272, v0x55db669259b0_273;
E_0x55db6694e180/197 .event edge, v0x55db669259b0_274, v0x55db669259b0_275, v0x55db669259b0_276, v0x55db669259b0_277;
E_0x55db6694e180/198 .event edge, v0x55db669259b0_278, v0x55db669259b0_279, v0x55db669259b0_280, v0x55db669259b0_281;
E_0x55db6694e180/199 .event edge, v0x55db669259b0_282, v0x55db669259b0_283, v0x55db669259b0_284, v0x55db669259b0_285;
E_0x55db6694e180/200 .event edge, v0x55db669259b0_286, v0x55db669259b0_287, v0x55db669259b0_288, v0x55db669259b0_289;
E_0x55db6694e180/201 .event edge, v0x55db669259b0_290, v0x55db669259b0_291, v0x55db669259b0_292, v0x55db669259b0_293;
E_0x55db6694e180/202 .event edge, v0x55db669259b0_294, v0x55db669259b0_295, v0x55db669259b0_296, v0x55db669259b0_297;
E_0x55db6694e180/203 .event edge, v0x55db669259b0_298, v0x55db669259b0_299, v0x55db669259b0_300, v0x55db669259b0_301;
E_0x55db6694e180/204 .event edge, v0x55db669259b0_302, v0x55db669259b0_303, v0x55db669259b0_304, v0x55db669259b0_305;
E_0x55db6694e180/205 .event edge, v0x55db669259b0_306, v0x55db669259b0_307, v0x55db669259b0_308, v0x55db669259b0_309;
E_0x55db6694e180/206 .event edge, v0x55db669259b0_310, v0x55db669259b0_311, v0x55db669259b0_312, v0x55db669259b0_313;
E_0x55db6694e180/207 .event edge, v0x55db669259b0_314, v0x55db669259b0_315, v0x55db669259b0_316, v0x55db669259b0_317;
E_0x55db6694e180/208 .event edge, v0x55db669259b0_318, v0x55db669259b0_319, v0x55db669259b0_320, v0x55db669259b0_321;
E_0x55db6694e180/209 .event edge, v0x55db669259b0_322, v0x55db669259b0_323, v0x55db669259b0_324, v0x55db669259b0_325;
E_0x55db6694e180/210 .event edge, v0x55db669259b0_326, v0x55db669259b0_327, v0x55db669259b0_328, v0x55db669259b0_329;
E_0x55db6694e180/211 .event edge, v0x55db669259b0_330, v0x55db669259b0_331, v0x55db669259b0_332, v0x55db669259b0_333;
E_0x55db6694e180/212 .event edge, v0x55db669259b0_334, v0x55db669259b0_335, v0x55db669259b0_336, v0x55db669259b0_337;
E_0x55db6694e180/213 .event edge, v0x55db669259b0_338, v0x55db669259b0_339, v0x55db669259b0_340, v0x55db669259b0_341;
E_0x55db6694e180/214 .event edge, v0x55db669259b0_342, v0x55db669259b0_343, v0x55db669259b0_344, v0x55db669259b0_345;
E_0x55db6694e180/215 .event edge, v0x55db669259b0_346, v0x55db669259b0_347, v0x55db669259b0_348, v0x55db669259b0_349;
E_0x55db6694e180/216 .event edge, v0x55db669259b0_350, v0x55db669259b0_351, v0x55db669259b0_352, v0x55db669259b0_353;
E_0x55db6694e180/217 .event edge, v0x55db669259b0_354, v0x55db669259b0_355, v0x55db669259b0_356, v0x55db669259b0_357;
E_0x55db6694e180/218 .event edge, v0x55db669259b0_358, v0x55db669259b0_359, v0x55db669259b0_360, v0x55db669259b0_361;
E_0x55db6694e180/219 .event edge, v0x55db669259b0_362, v0x55db669259b0_363, v0x55db669259b0_364, v0x55db669259b0_365;
E_0x55db6694e180/220 .event edge, v0x55db669259b0_366, v0x55db669259b0_367, v0x55db669259b0_368, v0x55db669259b0_369;
E_0x55db6694e180/221 .event edge, v0x55db669259b0_370, v0x55db669259b0_371, v0x55db669259b0_372, v0x55db669259b0_373;
E_0x55db6694e180/222 .event edge, v0x55db669259b0_374, v0x55db669259b0_375, v0x55db669259b0_376, v0x55db669259b0_377;
E_0x55db6694e180/223 .event edge, v0x55db669259b0_378, v0x55db669259b0_379, v0x55db669259b0_380, v0x55db669259b0_381;
E_0x55db6694e180/224 .event edge, v0x55db669259b0_382, v0x55db669259b0_383, v0x55db669259b0_384, v0x55db669259b0_385;
E_0x55db6694e180/225 .event edge, v0x55db669259b0_386, v0x55db669259b0_387, v0x55db669259b0_388, v0x55db669259b0_389;
E_0x55db6694e180/226 .event edge, v0x55db669259b0_390, v0x55db669259b0_391, v0x55db669259b0_392, v0x55db669259b0_393;
E_0x55db6694e180/227 .event edge, v0x55db669259b0_394, v0x55db669259b0_395, v0x55db669259b0_396, v0x55db669259b0_397;
E_0x55db6694e180/228 .event edge, v0x55db669259b0_398, v0x55db669259b0_399, v0x55db669259b0_400, v0x55db669259b0_401;
E_0x55db6694e180/229 .event edge, v0x55db669259b0_402, v0x55db669259b0_403, v0x55db669259b0_404, v0x55db669259b0_405;
E_0x55db6694e180/230 .event edge, v0x55db669259b0_406, v0x55db669259b0_407, v0x55db669259b0_408, v0x55db669259b0_409;
E_0x55db6694e180/231 .event edge, v0x55db669259b0_410, v0x55db669259b0_411, v0x55db669259b0_412, v0x55db669259b0_413;
E_0x55db6694e180/232 .event edge, v0x55db669259b0_414, v0x55db669259b0_415, v0x55db669259b0_416, v0x55db669259b0_417;
E_0x55db6694e180/233 .event edge, v0x55db669259b0_418, v0x55db669259b0_419, v0x55db669259b0_420, v0x55db669259b0_421;
E_0x55db6694e180/234 .event edge, v0x55db669259b0_422, v0x55db669259b0_423, v0x55db669259b0_424, v0x55db669259b0_425;
E_0x55db6694e180/235 .event edge, v0x55db669259b0_426, v0x55db669259b0_427, v0x55db669259b0_428, v0x55db669259b0_429;
E_0x55db6694e180/236 .event edge, v0x55db669259b0_430, v0x55db669259b0_431, v0x55db669259b0_432, v0x55db669259b0_433;
E_0x55db6694e180/237 .event edge, v0x55db669259b0_434, v0x55db669259b0_435, v0x55db669259b0_436, v0x55db669259b0_437;
E_0x55db6694e180/238 .event edge, v0x55db669259b0_438, v0x55db669259b0_439, v0x55db669259b0_440, v0x55db669259b0_441;
E_0x55db6694e180/239 .event edge, v0x55db669259b0_442, v0x55db669259b0_443, v0x55db669259b0_444, v0x55db669259b0_445;
E_0x55db6694e180/240 .event edge, v0x55db669259b0_446, v0x55db669259b0_447, v0x55db669259b0_448, v0x55db669259b0_449;
E_0x55db6694e180/241 .event edge, v0x55db669259b0_450, v0x55db669259b0_451, v0x55db669259b0_452, v0x55db669259b0_453;
E_0x55db6694e180/242 .event edge, v0x55db669259b0_454, v0x55db669259b0_455, v0x55db669259b0_456, v0x55db669259b0_457;
E_0x55db6694e180/243 .event edge, v0x55db669259b0_458, v0x55db669259b0_459, v0x55db669259b0_460, v0x55db669259b0_461;
E_0x55db6694e180/244 .event edge, v0x55db669259b0_462, v0x55db669259b0_463, v0x55db669259b0_464, v0x55db669259b0_465;
E_0x55db6694e180/245 .event edge, v0x55db669259b0_466, v0x55db669259b0_467, v0x55db669259b0_468, v0x55db669259b0_469;
E_0x55db6694e180/246 .event edge, v0x55db669259b0_470, v0x55db669259b0_471, v0x55db669259b0_472, v0x55db669259b0_473;
E_0x55db6694e180/247 .event edge, v0x55db669259b0_474, v0x55db669259b0_475, v0x55db669259b0_476, v0x55db669259b0_477;
E_0x55db6694e180/248 .event edge, v0x55db669259b0_478, v0x55db669259b0_479, v0x55db669259b0_480, v0x55db669259b0_481;
E_0x55db6694e180/249 .event edge, v0x55db669259b0_482, v0x55db669259b0_483, v0x55db669259b0_484, v0x55db669259b0_485;
E_0x55db6694e180/250 .event edge, v0x55db669259b0_486, v0x55db669259b0_487, v0x55db669259b0_488, v0x55db669259b0_489;
E_0x55db6694e180/251 .event edge, v0x55db669259b0_490, v0x55db669259b0_491, v0x55db669259b0_492, v0x55db669259b0_493;
E_0x55db6694e180/252 .event edge, v0x55db669259b0_494, v0x55db669259b0_495, v0x55db669259b0_496, v0x55db669259b0_497;
E_0x55db6694e180/253 .event edge, v0x55db669259b0_498, v0x55db669259b0_499, v0x55db669259b0_500, v0x55db669259b0_501;
E_0x55db6694e180/254 .event edge, v0x55db669259b0_502, v0x55db669259b0_503, v0x55db669259b0_504, v0x55db669259b0_505;
E_0x55db6694e180/255 .event edge, v0x55db669259b0_506, v0x55db669259b0_507, v0x55db669259b0_508, v0x55db669259b0_509;
E_0x55db6694e180/256 .event edge, v0x55db669259b0_510, v0x55db669259b0_511, v0x55db66925a50_0;
E_0x55db6694e180 .event/or E_0x55db6694e180/0, E_0x55db6694e180/1, E_0x55db6694e180/2, E_0x55db6694e180/3, E_0x55db6694e180/4, E_0x55db6694e180/5, E_0x55db6694e180/6, E_0x55db6694e180/7, E_0x55db6694e180/8, E_0x55db6694e180/9, E_0x55db6694e180/10, E_0x55db6694e180/11, E_0x55db6694e180/12, E_0x55db6694e180/13, E_0x55db6694e180/14, E_0x55db6694e180/15, E_0x55db6694e180/16, E_0x55db6694e180/17, E_0x55db6694e180/18, E_0x55db6694e180/19, E_0x55db6694e180/20, E_0x55db6694e180/21, E_0x55db6694e180/22, E_0x55db6694e180/23, E_0x55db6694e180/24, E_0x55db6694e180/25, E_0x55db6694e180/26, E_0x55db6694e180/27, E_0x55db6694e180/28, E_0x55db6694e180/29, E_0x55db6694e180/30, E_0x55db6694e180/31, E_0x55db6694e180/32, E_0x55db6694e180/33, E_0x55db6694e180/34, E_0x55db6694e180/35, E_0x55db6694e180/36, E_0x55db6694e180/37, E_0x55db6694e180/38, E_0x55db6694e180/39, E_0x55db6694e180/40, E_0x55db6694e180/41, E_0x55db6694e180/42, E_0x55db6694e180/43, E_0x55db6694e180/44, E_0x55db6694e180/45, E_0x55db6694e180/46, E_0x55db6694e180/47, E_0x55db6694e180/48, E_0x55db6694e180/49, E_0x55db6694e180/50, E_0x55db6694e180/51, E_0x55db6694e180/52, E_0x55db6694e180/53, E_0x55db6694e180/54, E_0x55db6694e180/55, E_0x55db6694e180/56, E_0x55db6694e180/57, E_0x55db6694e180/58, E_0x55db6694e180/59, E_0x55db6694e180/60, E_0x55db6694e180/61, E_0x55db6694e180/62, E_0x55db6694e180/63, E_0x55db6694e180/64, E_0x55db6694e180/65, E_0x55db6694e180/66, E_0x55db6694e180/67, E_0x55db6694e180/68, E_0x55db6694e180/69, E_0x55db6694e180/70, E_0x55db6694e180/71, E_0x55db6694e180/72, E_0x55db6694e180/73, E_0x55db6694e180/74, E_0x55db6694e180/75, E_0x55db6694e180/76, E_0x55db6694e180/77, E_0x55db6694e180/78, E_0x55db6694e180/79, E_0x55db6694e180/80, E_0x55db6694e180/81, E_0x55db6694e180/82, E_0x55db6694e180/83, E_0x55db6694e180/84, E_0x55db6694e180/85, E_0x55db6694e180/86, E_0x55db6694e180/87, E_0x55db6694e180/88, E_0x55db6694e180/89, E_0x55db6694e180/90, E_0x55db6694e180/91, E_0x55db6694e180/92, E_0x55db6694e180/93, E_0x55db6694e180/94, E_0x55db6694e180/95, E_0x55db6694e180/96, E_0x55db6694e180/97, E_0x55db6694e180/98, E_0x55db6694e180/99, E_0x55db6694e180/100, E_0x55db6694e180/101, E_0x55db6694e180/102, E_0x55db6694e180/103, E_0x55db6694e180/104, E_0x55db6694e180/105, E_0x55db6694e180/106, E_0x55db6694e180/107, E_0x55db6694e180/108, E_0x55db6694e180/109, E_0x55db6694e180/110, E_0x55db6694e180/111, E_0x55db6694e180/112, E_0x55db6694e180/113, E_0x55db6694e180/114, E_0x55db6694e180/115, E_0x55db6694e180/116, E_0x55db6694e180/117, E_0x55db6694e180/118, E_0x55db6694e180/119, E_0x55db6694e180/120, E_0x55db6694e180/121, E_0x55db6694e180/122, E_0x55db6694e180/123, E_0x55db6694e180/124, E_0x55db6694e180/125, E_0x55db6694e180/126, E_0x55db6694e180/127, E_0x55db6694e180/128, E_0x55db6694e180/129, E_0x55db6694e180/130, E_0x55db6694e180/131, E_0x55db6694e180/132, E_0x55db6694e180/133, E_0x55db6694e180/134, E_0x55db6694e180/135, E_0x55db6694e180/136, E_0x55db6694e180/137, E_0x55db6694e180/138, E_0x55db6694e180/139, E_0x55db6694e180/140, E_0x55db6694e180/141, E_0x55db6694e180/142, E_0x55db6694e180/143, E_0x55db6694e180/144, E_0x55db6694e180/145, E_0x55db6694e180/146, E_0x55db6694e180/147, E_0x55db6694e180/148, E_0x55db6694e180/149, E_0x55db6694e180/150, E_0x55db6694e180/151, E_0x55db6694e180/152, E_0x55db6694e180/153, E_0x55db6694e180/154, E_0x55db6694e180/155, E_0x55db6694e180/156, E_0x55db6694e180/157, E_0x55db6694e180/158, E_0x55db6694e180/159, E_0x55db6694e180/160, E_0x55db6694e180/161, E_0x55db6694e180/162, E_0x55db6694e180/163, E_0x55db6694e180/164, E_0x55db6694e180/165, E_0x55db6694e180/166, E_0x55db6694e180/167, E_0x55db6694e180/168, E_0x55db6694e180/169, E_0x55db6694e180/170, E_0x55db6694e180/171, E_0x55db6694e180/172, E_0x55db6694e180/173, E_0x55db6694e180/174, E_0x55db6694e180/175, E_0x55db6694e180/176, E_0x55db6694e180/177, E_0x55db6694e180/178, E_0x55db6694e180/179, E_0x55db6694e180/180, E_0x55db6694e180/181, E_0x55db6694e180/182, E_0x55db6694e180/183, E_0x55db6694e180/184, E_0x55db6694e180/185, E_0x55db6694e180/186, E_0x55db6694e180/187, E_0x55db6694e180/188, E_0x55db6694e180/189, E_0x55db6694e180/190, E_0x55db6694e180/191, E_0x55db6694e180/192, E_0x55db6694e180/193, E_0x55db6694e180/194, E_0x55db6694e180/195, E_0x55db6694e180/196, E_0x55db6694e180/197, E_0x55db6694e180/198, E_0x55db6694e180/199, E_0x55db6694e180/200, E_0x55db6694e180/201, E_0x55db6694e180/202, E_0x55db6694e180/203, E_0x55db6694e180/204, E_0x55db6694e180/205, E_0x55db6694e180/206, E_0x55db6694e180/207, E_0x55db6694e180/208, E_0x55db6694e180/209, E_0x55db6694e180/210, E_0x55db6694e180/211, E_0x55db6694e180/212, E_0x55db6694e180/213, E_0x55db6694e180/214, E_0x55db6694e180/215, E_0x55db6694e180/216, E_0x55db6694e180/217, E_0x55db6694e180/218, E_0x55db6694e180/219, E_0x55db6694e180/220, E_0x55db6694e180/221, E_0x55db6694e180/222, E_0x55db6694e180/223, E_0x55db6694e180/224, E_0x55db6694e180/225, E_0x55db6694e180/226, E_0x55db6694e180/227, E_0x55db6694e180/228, E_0x55db6694e180/229, E_0x55db6694e180/230, E_0x55db6694e180/231, E_0x55db6694e180/232, E_0x55db6694e180/233, E_0x55db6694e180/234, E_0x55db6694e180/235, E_0x55db6694e180/236, E_0x55db6694e180/237, E_0x55db6694e180/238, E_0x55db6694e180/239, E_0x55db6694e180/240, E_0x55db6694e180/241, E_0x55db6694e180/242, E_0x55db6694e180/243, E_0x55db6694e180/244, E_0x55db6694e180/245, E_0x55db6694e180/246, E_0x55db6694e180/247, E_0x55db6694e180/248, E_0x55db6694e180/249, E_0x55db6694e180/250, E_0x55db6694e180/251, E_0x55db6694e180/252, E_0x55db6694e180/253, E_0x55db6694e180/254, E_0x55db6694e180/255, E_0x55db6694e180/256;
S_0x55db6692d660 .scope begin, "$ivl_for_loop0" "$ivl_for_loop0" 3 27, 3 27 0, S_0x55db6676e880;
 .timescale -9 -12;
v0x55db6694cd10_0 .var/2s "i", 31 0;
S_0x55db66764080 .scope begin, "$ivl_for_loop1" "$ivl_for_loop1" 3 30, 3 30 0, S_0x55db6676e880;
 .timescale -9 -12;
v0x55db6694cff0_0 .var/2s "i", 31 0;
S_0x55db667642c0 .scope begin, "$ivl_for_loop2" "$ivl_for_loop2" 3 36, 3 36 0, S_0x55db6676e880;
 .timescale -9 -12;
v0x55db66931cd0_0 .var/2s "i", 31 0;
S_0x55db6676eb40 .scope module, "loopback_register" "loopback_register" 4 7;
 .timescale -9 -12;
    .port_info 0 /INPUT 1 "clk";
    .port_info 1 /INPUT 1 "rst_n";
    .port_info 2 /INPUT 1 "en";
    .port_info 3 /INPUT 8192 "data_in";
    .port_info 4 /INPUT 1 "valid_in";
    .port_info 5 /OUTPUT 8192 "data_out";
    .port_info 6 /OUTPUT 1 "valid_out";
P_0x55db66719660 .param/l "DATA_WIDTH" 0 4 8, +C4<00000000000000000000000000010000>;
P_0x55db667196a0 .param/l "FLAT_W" 1 4 21, +C4<00000000000000000010000000000000>;
P_0x55db667196e0 .param/l "VECTOR_LEN" 0 4 9, +C4<00000000000000000000001000000000>;
o0x7f55a6db0318 .functor BUFZ 1, C4<z>; HiZ drive
v0x55db668c3fe0_0 .net "clk", 0 0, o0x7f55a6db0318;  0 drivers
o0x7f55a6db0348 .functor BUFZ 16, C4<zzzzzzzzzzzzzzzz>; HiZ drive
v0x55db668c3ab0 .array "data_in", 511 0;
v0x55db668c3ab0_0 .net v0x55db668c3ab0 0, 15 0, o0x7f55a6db0348; 0 drivers
o0x7f55a6db0378 .functor BUFZ 16, C4<zzzzzzzzzzzzzzzz>; HiZ drive
v0x55db668c3ab0_1 .net v0x55db668c3ab0 1, 15 0, o0x7f55a6db0378; 0 drivers
o0x7f55a6db03a8 .functor BUFZ 16, C4<zzzzzzzzzzzzzzzz>; HiZ drive
v0x55db668c3ab0_2 .net v0x55db668c3ab0 2, 15 0, o0x7f55a6db03a8; 0 drivers
o0x7f55a6db03d8 .functor BUFZ 16, C4<zzzzzzzzzzzzzzzz>; HiZ drive
v0x55db668c3ab0_3 .net v0x55db668c3ab0 3, 15 0, o0x7f55a6db03d8; 0 drivers
o0x7f55a6db0408 .functor BUFZ 16, C4<zzzzzzzzzzzzzzzz>; HiZ drive
v0x55db668c3ab0_4 .net v0x55db668c3ab0 4, 15 0, o0x7f55a6db0408; 0 drivers
o0x7f55a6db0438 .functor BUFZ 16, C4<zzzzzzzzzzzzzzzz>; HiZ drive
v0x55db668c3ab0_5 .net v0x55db668c3ab0 5, 15 0, o0x7f55a6db0438; 0 drivers
o0x7f55a6db0468 .functor BUFZ 16, C4<zzzzzzzzzzzzzzzz>; HiZ drive
v0x55db668c3ab0_6 .net v0x55db668c3ab0 6, 15 0, o0x7f55a6db0468; 0 drivers
o0x7f55a6db0498 .functor BUFZ 16, C4<zzzzzzzzzzzzzzzz>; HiZ drive
v0x55db668c3ab0_7 .net v0x55db668c3ab0 7, 15 0, o0x7f55a6db0498; 0 drivers
o0x7f55a6db04c8 .functor BUFZ 16, C4<zzzzzzzzzzzzzzzz>; HiZ drive
v0x55db668c3ab0_8 .net v0x55db668c3ab0 8, 15 0, o0x7f55a6db04c8; 0 drivers
o0x7f55a6db04f8 .functor BUFZ 16, C4<zzzzzzzzzzzzzzzz>; HiZ drive
v0x55db668c3ab0_9 .net v0x55db668c3ab0 9, 15 0, o0x7f55a6db04f8; 0 drivers
o0x7f55a6db0528 .functor BUFZ 16, C4<zzzzzzzzzzzzzzzz>; HiZ drive
v0x55db668c3ab0_10 .net v0x55db668c3ab0 10, 15 0, o0x7f55a6db0528; 0 drivers
o0x7f55a6db0558 .functor BUFZ 16, C4<zzzzzzzzzzzzzzzz>; HiZ drive
v0x55db668c3ab0_11 .net v0x55db668c3ab0 11, 15 0, o0x7f55a6db0558; 0 drivers
o0x7f55a6db0588 .functor BUFZ 16, C4<zzzzzzzzzzzzzzzz>; HiZ drive
v0x55db668c3ab0_12 .net v0x55db668c3ab0 12, 15 0, o0x7f55a6db0588; 0 drivers
o0x7f55a6db05b8 .functor BUFZ 16, C4<zzzzzzzzzzzzzzzz>; HiZ drive
v0x55db668c3ab0_13 .net v0x55db668c3ab0 13, 15 0, o0x7f55a6db05b8; 0 drivers
o0x7f55a6db05e8 .functor BUFZ 16, C4<zzzzzzzzzzzzzzzz>; HiZ drive
v0x55db668c3ab0_14 .net v0x55db668c3ab0 14, 15 0, o0x7f55a6db05e8; 0 drivers
o0x7f55a6db0618 .functor BUFZ 16, C4<zzzzzzzzzzzzzzzz>; HiZ drive
v0x55db668c3ab0_15 .net v0x55db668c3ab0 15, 15 0, o0x7f55a6db0618; 0 drivers
o0x7f55a6db0648 .functor BUFZ 16, C4<zzzzzzzzzzzzzzzz>; HiZ drive
v0x55db668c3ab0_16 .net v0x55db668c3ab0 16, 15 0, o0x7f55a6db0648; 0 drivers
o0x7f55a6db0678 .functor BUFZ 16, C4<zzzzzzzzzzzzzzzz>; HiZ drive
v0x55db668c3ab0_17 .net v0x55db668c3ab0 17, 15 0, o0x7f55a6db0678; 0 drivers
o0x7f55a6db06a8 .functor BUFZ 16, C4<zzzzzzzzzzzzzzzz>; HiZ drive
v0x55db668c3ab0_18 .net v0x55db668c3ab0 18, 15 0, o0x7f55a6db06a8; 0 drivers
o0x7f55a6db06d8 .functor BUFZ 16, C4<zzzzzzzzzzzzzzzz>; HiZ drive
v0x55db668c3ab0_19 .net v0x55db668c3ab0 19, 15 0, o0x7f55a6db06d8; 0 drivers
o0x7f55a6db0708 .functor BUFZ 16, C4<zzzzzzzzzzzzzzzz>; HiZ drive
v0x55db668c3ab0_20 .net v0x55db668c3ab0 20, 15 0, o0x7f55a6db0708; 0 drivers
o0x7f55a6db0738 .functor BUFZ 16, C4<zzzzzzzzzzzzzzzz>; HiZ drive
v0x55db668c3ab0_21 .net v0x55db668c3ab0 21, 15 0, o0x7f55a6db0738; 0 drivers
o0x7f55a6db0768 .functor BUFZ 16, C4<zzzzzzzzzzzzzzzz>; HiZ drive
v0x55db668c3ab0_22 .net v0x55db668c3ab0 22, 15 0, o0x7f55a6db0768; 0 drivers
o0x7f55a6db0798 .functor BUFZ 16, C4<zzzzzzzzzzzzzzzz>; HiZ drive
v0x55db668c3ab0_23 .net v0x55db668c3ab0 23, 15 0, o0x7f55a6db0798; 0 drivers
o0x7f55a6db07c8 .functor BUFZ 16, C4<zzzzzzzzzzzzzzzz>; HiZ drive
v0x55db668c3ab0_24 .net v0x55db668c3ab0 24, 15 0, o0x7f55a6db07c8; 0 drivers
o0x7f55a6db07f8 .functor BUFZ 16, C4<zzzzzzzzzzzzzzzz>; HiZ drive
v0x55db668c3ab0_25 .net v0x55db668c3ab0 25, 15 0, o0x7f55a6db07f8; 0 drivers
o0x7f55a6db0828 .functor BUFZ 16, C4<zzzzzzzzzzzzzzzz>; HiZ drive
v0x55db668c3ab0_26 .net v0x55db668c3ab0 26, 15 0, o0x7f55a6db0828; 0 drivers
o0x7f55a6db0858 .functor BUFZ 16, C4<zzzzzzzzzzzzzzzz>; HiZ drive
v0x55db668c3ab0_27 .net v0x55db668c3ab0 27, 15 0, o0x7f55a6db0858; 0 drivers
o0x7f55a6db0888 .functor BUFZ 16, C4<zzzzzzzzzzzzzzzz>; HiZ drive
v0x55db668c3ab0_28 .net v0x55db668c3ab0 28, 15 0, o0x7f55a6db0888; 0 drivers
o0x7f55a6db08b8 .functor BUFZ 16, C4<zzzzzzzzzzzzzzzz>; HiZ drive
v0x55db668c3ab0_29 .net v0x55db668c3ab0 29, 15 0, o0x7f55a6db08b8; 0 drivers
o0x7f55a6db08e8 .functor BUFZ 16, C4<zzzzzzzzzzzzzzzz>; HiZ drive
v0x55db668c3ab0_30 .net v0x55db668c3ab0 30, 15 0, o0x7f55a6db08e8; 0 drivers
o0x7f55a6db0918 .functor BUFZ 16, C4<zzzzzzzzzzzzzzzz>; HiZ drive
v0x55db668c3ab0_31 .net v0x55db668c3ab0 31, 15 0, o0x7f55a6db0918; 0 drivers
o0x7f55a6db0948 .functor BUFZ 16, C4<zzzzzzzzzzzzzzzz>; HiZ drive
v0x55db668c3ab0_32 .net v0x55db668c3ab0 32, 15 0, o0x7f55a6db0948; 0 drivers
o0x7f55a6db0978 .functor BUFZ 16, C4<zzzzzzzzzzzzzzzz>; HiZ drive
v0x55db668c3ab0_33 .net v0x55db668c3ab0 33, 15 0, o0x7f55a6db0978; 0 drivers
o0x7f55a6db09a8 .functor BUFZ 16, C4<zzzzzzzzzzzzzzzz>; HiZ drive
v0x55db668c3ab0_34 .net v0x55db668c3ab0 34, 15 0, o0x7f55a6db09a8; 0 drivers
o0x7f55a6db09d8 .functor BUFZ 16, C4<zzzzzzzzzzzzzzzz>; HiZ drive
v0x55db668c3ab0_35 .net v0x55db668c3ab0 35, 15 0, o0x7f55a6db09d8; 0 drivers
o0x7f55a6db0a08 .functor BUFZ 16, C4<zzzzzzzzzzzzzzzz>; HiZ drive
v0x55db668c3ab0_36 .net v0x55db668c3ab0 36, 15 0, o0x7f55a6db0a08; 0 drivers
o0x7f55a6db0a38 .functor BUFZ 16, C4<zzzzzzzzzzzzzzzz>; HiZ drive
v0x55db668c3ab0_37 .net v0x55db668c3ab0 37, 15 0, o0x7f55a6db0a38; 0 drivers
o0x7f55a6db0a68 .functor BUFZ 16, C4<zzzzzzzzzzzzzzzz>; HiZ drive
v0x55db668c3ab0_38 .net v0x55db668c3ab0 38, 15 0, o0x7f55a6db0a68; 0 drivers
o0x7f55a6db0a98 .functor BUFZ 16, C4<zzzzzzzzzzzzzzzz>; HiZ drive
v0x55db668c3ab0_39 .net v0x55db668c3ab0 39, 15 0, o0x7f55a6db0a98; 0 drivers
o0x7f55a6db0ac8 .functor BUFZ 16, C4<zzzzzzzzzzzzzzzz>; HiZ drive
v0x55db668c3ab0_40 .net v0x55db668c3ab0 40, 15 0, o0x7f55a6db0ac8; 0 drivers
o0x7f55a6db0af8 .functor BUFZ 16, C4<zzzzzzzzzzzzzzzz>; HiZ drive
v0x55db668c3ab0_41 .net v0x55db668c3ab0 41, 15 0, o0x7f55a6db0af8; 0 drivers
o0x7f55a6db0b28 .functor BUFZ 16, C4<zzzzzzzzzzzzzzzz>; HiZ drive
v0x55db668c3ab0_42 .net v0x55db668c3ab0 42, 15 0, o0x7f55a6db0b28; 0 drivers
o0x7f55a6db0b58 .functor BUFZ 16, C4<zzzzzzzzzzzzzzzz>; HiZ drive
v0x55db668c3ab0_43 .net v0x55db668c3ab0 43, 15 0, o0x7f55a6db0b58; 0 drivers
o0x7f55a6db0b88 .functor BUFZ 16, C4<zzzzzzzzzzzzzzzz>; HiZ drive
v0x55db668c3ab0_44 .net v0x55db668c3ab0 44, 15 0, o0x7f55a6db0b88; 0 drivers
o0x7f55a6db0bb8 .functor BUFZ 16, C4<zzzzzzzzzzzzzzzz>; HiZ drive
v0x55db668c3ab0_45 .net v0x55db668c3ab0 45, 15 0, o0x7f55a6db0bb8; 0 drivers
o0x7f55a6db0be8 .functor BUFZ 16, C4<zzzzzzzzzzzzzzzz>; HiZ drive
v0x55db668c3ab0_46 .net v0x55db668c3ab0 46, 15 0, o0x7f55a6db0be8; 0 drivers
o0x7f55a6db0c18 .functor BUFZ 16, C4<zzzzzzzzzzzzzzzz>; HiZ drive
v0x55db668c3ab0_47 .net v0x55db668c3ab0 47, 15 0, o0x7f55a6db0c18; 0 drivers
o0x7f55a6db0c48 .functor BUFZ 16, C4<zzzzzzzzzzzzzzzz>; HiZ drive
v0x55db668c3ab0_48 .net v0x55db668c3ab0 48, 15 0, o0x7f55a6db0c48; 0 drivers
o0x7f55a6db0c78 .functor BUFZ 16, C4<zzzzzzzzzzzzzzzz>; HiZ drive
v0x55db668c3ab0_49 .net v0x55db668c3ab0 49, 15 0, o0x7f55a6db0c78; 0 drivers
o0x7f55a6db0ca8 .functor BUFZ 16, C4<zzzzzzzzzzzzzzzz>; HiZ drive
v0x55db668c3ab0_50 .net v0x55db668c3ab0 50, 15 0, o0x7f55a6db0ca8; 0 drivers
o0x7f55a6db0cd8 .functor BUFZ 16, C4<zzzzzzzzzzzzzzzz>; HiZ drive
v0x55db668c3ab0_51 .net v0x55db668c3ab0 51, 15 0, o0x7f55a6db0cd8; 0 drivers
o0x7f55a6db0d08 .functor BUFZ 16, C4<zzzzzzzzzzzzzzzz>; HiZ drive
v0x55db668c3ab0_52 .net v0x55db668c3ab0 52, 15 0, o0x7f55a6db0d08; 0 drivers
o0x7f55a6db0d38 .functor BUFZ 16, C4<zzzzzzzzzzzzzzzz>; HiZ drive
v0x55db668c3ab0_53 .net v0x55db668c3ab0 53, 15 0, o0x7f55a6db0d38; 0 drivers
o0x7f55a6db0d68 .functor BUFZ 16, C4<zzzzzzzzzzzzzzzz>; HiZ drive
v0x55db668c3ab0_54 .net v0x55db668c3ab0 54, 15 0, o0x7f55a6db0d68; 0 drivers
o0x7f55a6db0d98 .functor BUFZ 16, C4<zzzzzzzzzzzzzzzz>; HiZ drive
v0x55db668c3ab0_55 .net v0x55db668c3ab0 55, 15 0, o0x7f55a6db0d98; 0 drivers
o0x7f55a6db0dc8 .functor BUFZ 16, C4<zzzzzzzzzzzzzzzz>; HiZ drive
v0x55db668c3ab0_56 .net v0x55db668c3ab0 56, 15 0, o0x7f55a6db0dc8; 0 drivers
o0x7f55a6db0df8 .functor BUFZ 16, C4<zzzzzzzzzzzzzzzz>; HiZ drive
v0x55db668c3ab0_57 .net v0x55db668c3ab0 57, 15 0, o0x7f55a6db0df8; 0 drivers
o0x7f55a6db0e28 .functor BUFZ 16, C4<zzzzzzzzzzzzzzzz>; HiZ drive
v0x55db668c3ab0_58 .net v0x55db668c3ab0 58, 15 0, o0x7f55a6db0e28; 0 drivers
o0x7f55a6db0e58 .functor BUFZ 16, C4<zzzzzzzzzzzzzzzz>; HiZ drive
v0x55db668c3ab0_59 .net v0x55db668c3ab0 59, 15 0, o0x7f55a6db0e58; 0 drivers
o0x7f55a6db0e88 .functor BUFZ 16, C4<zzzzzzzzzzzzzzzz>; HiZ drive
v0x55db668c3ab0_60 .net v0x55db668c3ab0 60, 15 0, o0x7f55a6db0e88; 0 drivers
o0x7f55a6db0eb8 .functor BUFZ 16, C4<zzzzzzzzzzzzzzzz>; HiZ drive
v0x55db668c3ab0_61 .net v0x55db668c3ab0 61, 15 0, o0x7f55a6db0eb8; 0 drivers
o0x7f55a6db0ee8 .functor BUFZ 16, C4<zzzzzzzzzzzzzzzz>; HiZ drive
v0x55db668c3ab0_62 .net v0x55db668c3ab0 62, 15 0, o0x7f55a6db0ee8; 0 drivers
o0x7f55a6db0f18 .functor BUFZ 16, C4<zzzzzzzzzzzzzzzz>; HiZ drive
v0x55db668c3ab0_63 .net v0x55db668c3ab0 63, 15 0, o0x7f55a6db0f18; 0 drivers
o0x7f55a6db0f48 .functor BUFZ 16, C4<zzzzzzzzzzzzzzzz>; HiZ drive
v0x55db668c3ab0_64 .net v0x55db668c3ab0 64, 15 0, o0x7f55a6db0f48; 0 drivers
o0x7f55a6db0f78 .functor BUFZ 16, C4<zzzzzzzzzzzzzzzz>; HiZ drive
v0x55db668c3ab0_65 .net v0x55db668c3ab0 65, 15 0, o0x7f55a6db0f78; 0 drivers
o0x7f55a6db0fa8 .functor BUFZ 16, C4<zzzzzzzzzzzzzzzz>; HiZ drive
v0x55db668c3ab0_66 .net v0x55db668c3ab0 66, 15 0, o0x7f55a6db0fa8; 0 drivers
o0x7f55a6db0fd8 .functor BUFZ 16, C4<zzzzzzzzzzzzzzzz>; HiZ drive
v0x55db668c3ab0_67 .net v0x55db668c3ab0 67, 15 0, o0x7f55a6db0fd8; 0 drivers
o0x7f55a6db1008 .functor BUFZ 16, C4<zzzzzzzzzzzzzzzz>; HiZ drive
v0x55db668c3ab0_68 .net v0x55db668c3ab0 68, 15 0, o0x7f55a6db1008; 0 drivers
o0x7f55a6db1038 .functor BUFZ 16, C4<zzzzzzzzzzzzzzzz>; HiZ drive
v0x55db668c3ab0_69 .net v0x55db668c3ab0 69, 15 0, o0x7f55a6db1038; 0 drivers
o0x7f55a6db1068 .functor BUFZ 16, C4<zzzzzzzzzzzzzzzz>; HiZ drive
v0x55db668c3ab0_70 .net v0x55db668c3ab0 70, 15 0, o0x7f55a6db1068; 0 drivers
o0x7f55a6db1098 .functor BUFZ 16, C4<zzzzzzzzzzzzzzzz>; HiZ drive
v0x55db668c3ab0_71 .net v0x55db668c3ab0 71, 15 0, o0x7f55a6db1098; 0 drivers
o0x7f55a6db10c8 .functor BUFZ 16, C4<zzzzzzzzzzzzzzzz>; HiZ drive
v0x55db668c3ab0_72 .net v0x55db668c3ab0 72, 15 0, o0x7f55a6db10c8; 0 drivers
o0x7f55a6db10f8 .functor BUFZ 16, C4<zzzzzzzzzzzzzzzz>; HiZ drive
v0x55db668c3ab0_73 .net v0x55db668c3ab0 73, 15 0, o0x7f55a6db10f8; 0 drivers
o0x7f55a6db1128 .functor BUFZ 16, C4<zzzzzzzzzzzzzzzz>; HiZ drive
v0x55db668c3ab0_74 .net v0x55db668c3ab0 74, 15 0, o0x7f55a6db1128; 0 drivers
o0x7f55a6db1158 .functor BUFZ 16, C4<zzzzzzzzzzzzzzzz>; HiZ drive
v0x55db668c3ab0_75 .net v0x55db668c3ab0 75, 15 0, o0x7f55a6db1158; 0 drivers
o0x7f55a6db1188 .functor BUFZ 16, C4<zzzzzzzzzzzzzzzz>; HiZ drive
v0x55db668c3ab0_76 .net v0x55db668c3ab0 76, 15 0, o0x7f55a6db1188; 0 drivers
o0x7f55a6db11b8 .functor BUFZ 16, C4<zzzzzzzzzzzzzzzz>; HiZ drive
v0x55db668c3ab0_77 .net v0x55db668c3ab0 77, 15 0, o0x7f55a6db11b8; 0 drivers
o0x7f55a6db11e8 .functor BUFZ 16, C4<zzzzzzzzzzzzzzzz>; HiZ drive
v0x55db668c3ab0_78 .net v0x55db668c3ab0 78, 15 0, o0x7f55a6db11e8; 0 drivers
o0x7f55a6db1218 .functor BUFZ 16, C4<zzzzzzzzzzzzzzzz>; HiZ drive
v0x55db668c3ab0_79 .net v0x55db668c3ab0 79, 15 0, o0x7f55a6db1218; 0 drivers
o0x7f55a6db1248 .functor BUFZ 16, C4<zzzzzzzzzzzzzzzz>; HiZ drive
v0x55db668c3ab0_80 .net v0x55db668c3ab0 80, 15 0, o0x7f55a6db1248; 0 drivers
o0x7f55a6db1278 .functor BUFZ 16, C4<zzzzzzzzzzzzzzzz>; HiZ drive
v0x55db668c3ab0_81 .net v0x55db668c3ab0 81, 15 0, o0x7f55a6db1278; 0 drivers
o0x7f55a6db12a8 .functor BUFZ 16, C4<zzzzzzzzzzzzzzzz>; HiZ drive
v0x55db668c3ab0_82 .net v0x55db668c3ab0 82, 15 0, o0x7f55a6db12a8; 0 drivers
o0x7f55a6db12d8 .functor BUFZ 16, C4<zzzzzzzzzzzzzzzz>; HiZ drive
v0x55db668c3ab0_83 .net v0x55db668c3ab0 83, 15 0, o0x7f55a6db12d8; 0 drivers
o0x7f55a6db1308 .functor BUFZ 16, C4<zzzzzzzzzzzzzzzz>; HiZ drive
v0x55db668c3ab0_84 .net v0x55db668c3ab0 84, 15 0, o0x7f55a6db1308; 0 drivers
o0x7f55a6db1338 .functor BUFZ 16, C4<zzzzzzzzzzzzzzzz>; HiZ drive
v0x55db668c3ab0_85 .net v0x55db668c3ab0 85, 15 0, o0x7f55a6db1338; 0 drivers
o0x7f55a6db1368 .functor BUFZ 16, C4<zzzzzzzzzzzzzzzz>; HiZ drive
v0x55db668c3ab0_86 .net v0x55db668c3ab0 86, 15 0, o0x7f55a6db1368; 0 drivers
o0x7f55a6db1398 .functor BUFZ 16, C4<zzzzzzzzzzzzzzzz>; HiZ drive
v0x55db668c3ab0_87 .net v0x55db668c3ab0 87, 15 0, o0x7f55a6db1398; 0 drivers
o0x7f55a6db13c8 .functor BUFZ 16, C4<zzzzzzzzzzzzzzzz>; HiZ drive
v0x55db668c3ab0_88 .net v0x55db668c3ab0 88, 15 0, o0x7f55a6db13c8; 0 drivers
o0x7f55a6db13f8 .functor BUFZ 16, C4<zzzzzzzzzzzzzzzz>; HiZ drive
v0x55db668c3ab0_89 .net v0x55db668c3ab0 89, 15 0, o0x7f55a6db13f8; 0 drivers
o0x7f55a6db1428 .functor BUFZ 16, C4<zzzzzzzzzzzzzzzz>; HiZ drive
v0x55db668c3ab0_90 .net v0x55db668c3ab0 90, 15 0, o0x7f55a6db1428; 0 drivers
o0x7f55a6db1458 .functor BUFZ 16, C4<zzzzzzzzzzzzzzzz>; HiZ drive
v0x55db668c3ab0_91 .net v0x55db668c3ab0 91, 15 0, o0x7f55a6db1458; 0 drivers
o0x7f55a6db1488 .functor BUFZ 16, C4<zzzzzzzzzzzzzzzz>; HiZ drive
v0x55db668c3ab0_92 .net v0x55db668c3ab0 92, 15 0, o0x7f55a6db1488; 0 drivers
o0x7f55a6db14b8 .functor BUFZ 16, C4<zzzzzzzzzzzzzzzz>; HiZ drive
v0x55db668c3ab0_93 .net v0x55db668c3ab0 93, 15 0, o0x7f55a6db14b8; 0 drivers
o0x7f55a6db14e8 .functor BUFZ 16, C4<zzzzzzzzzzzzzzzz>; HiZ drive
v0x55db668c3ab0_94 .net v0x55db668c3ab0 94, 15 0, o0x7f55a6db14e8; 0 drivers
o0x7f55a6db1518 .functor BUFZ 16, C4<zzzzzzzzzzzzzzzz>; HiZ drive
v0x55db668c3ab0_95 .net v0x55db668c3ab0 95, 15 0, o0x7f55a6db1518; 0 drivers
o0x7f55a6db1548 .functor BUFZ 16, C4<zzzzzzzzzzzzzzzz>; HiZ drive
v0x55db668c3ab0_96 .net v0x55db668c3ab0 96, 15 0, o0x7f55a6db1548; 0 drivers
o0x7f55a6db1578 .functor BUFZ 16, C4<zzzzzzzzzzzzzzzz>; HiZ drive
v0x55db668c3ab0_97 .net v0x55db668c3ab0 97, 15 0, o0x7f55a6db1578; 0 drivers
o0x7f55a6db15a8 .functor BUFZ 16, C4<zzzzzzzzzzzzzzzz>; HiZ drive
v0x55db668c3ab0_98 .net v0x55db668c3ab0 98, 15 0, o0x7f55a6db15a8; 0 drivers
o0x7f55a6db15d8 .functor BUFZ 16, C4<zzzzzzzzzzzzzzzz>; HiZ drive
v0x55db668c3ab0_99 .net v0x55db668c3ab0 99, 15 0, o0x7f55a6db15d8; 0 drivers
o0x7f55a6db1608 .functor BUFZ 16, C4<zzzzzzzzzzzzzzzz>; HiZ drive
v0x55db668c3ab0_100 .net v0x55db668c3ab0 100, 15 0, o0x7f55a6db1608; 0 drivers
o0x7f55a6db1638 .functor BUFZ 16, C4<zzzzzzzzzzzzzzzz>; HiZ drive
v0x55db668c3ab0_101 .net v0x55db668c3ab0 101, 15 0, o0x7f55a6db1638; 0 drivers
o0x7f55a6db1668 .functor BUFZ 16, C4<zzzzzzzzzzzzzzzz>; HiZ drive
v0x55db668c3ab0_102 .net v0x55db668c3ab0 102, 15 0, o0x7f55a6db1668; 0 drivers
o0x7f55a6db1698 .functor BUFZ 16, C4<zzzzzzzzzzzzzzzz>; HiZ drive
v0x55db668c3ab0_103 .net v0x55db668c3ab0 103, 15 0, o0x7f55a6db1698; 0 drivers
o0x7f55a6db16c8 .functor BUFZ 16, C4<zzzzzzzzzzzzzzzz>; HiZ drive
v0x55db668c3ab0_104 .net v0x55db668c3ab0 104, 15 0, o0x7f55a6db16c8; 0 drivers
o0x7f55a6db16f8 .functor BUFZ 16, C4<zzzzzzzzzzzzzzzz>; HiZ drive
v0x55db668c3ab0_105 .net v0x55db668c3ab0 105, 15 0, o0x7f55a6db16f8; 0 drivers
o0x7f55a6db1728 .functor BUFZ 16, C4<zzzzzzzzzzzzzzzz>; HiZ drive
v0x55db668c3ab0_106 .net v0x55db668c3ab0 106, 15 0, o0x7f55a6db1728; 0 drivers
o0x7f55a6db1758 .functor BUFZ 16, C4<zzzzzzzzzzzzzzzz>; HiZ drive
v0x55db668c3ab0_107 .net v0x55db668c3ab0 107, 15 0, o0x7f55a6db1758; 0 drivers
o0x7f55a6db1788 .functor BUFZ 16, C4<zzzzzzzzzzzzzzzz>; HiZ drive
v0x55db668c3ab0_108 .net v0x55db668c3ab0 108, 15 0, o0x7f55a6db1788; 0 drivers
o0x7f55a6db17b8 .functor BUFZ 16, C4<zzzzzzzzzzzzzzzz>; HiZ drive
v0x55db668c3ab0_109 .net v0x55db668c3ab0 109, 15 0, o0x7f55a6db17b8; 0 drivers
o0x7f55a6db17e8 .functor BUFZ 16, C4<zzzzzzzzzzzzzzzz>; HiZ drive
v0x55db668c3ab0_110 .net v0x55db668c3ab0 110, 15 0, o0x7f55a6db17e8; 0 drivers
o0x7f55a6db1818 .functor BUFZ 16, C4<zzzzzzzzzzzzzzzz>; HiZ drive
v0x55db668c3ab0_111 .net v0x55db668c3ab0 111, 15 0, o0x7f55a6db1818; 0 drivers
o0x7f55a6db1848 .functor BUFZ 16, C4<zzzzzzzzzzzzzzzz>; HiZ drive
v0x55db668c3ab0_112 .net v0x55db668c3ab0 112, 15 0, o0x7f55a6db1848; 0 drivers
o0x7f55a6db1878 .functor BUFZ 16, C4<zzzzzzzzzzzzzzzz>; HiZ drive
v0x55db668c3ab0_113 .net v0x55db668c3ab0 113, 15 0, o0x7f55a6db1878; 0 drivers
o0x7f55a6db18a8 .functor BUFZ 16, C4<zzzzzzzzzzzzzzzz>; HiZ drive
v0x55db668c3ab0_114 .net v0x55db668c3ab0 114, 15 0, o0x7f55a6db18a8; 0 drivers
o0x7f55a6db18d8 .functor BUFZ 16, C4<zzzzzzzzzzzzzzzz>; HiZ drive
v0x55db668c3ab0_115 .net v0x55db668c3ab0 115, 15 0, o0x7f55a6db18d8; 0 drivers
o0x7f55a6db1908 .functor BUFZ 16, C4<zzzzzzzzzzzzzzzz>; HiZ drive
v0x55db668c3ab0_116 .net v0x55db668c3ab0 116, 15 0, o0x7f55a6db1908; 0 drivers
o0x7f55a6db1938 .functor BUFZ 16, C4<zzzzzzzzzzzzzzzz>; HiZ drive
v0x55db668c3ab0_117 .net v0x55db668c3ab0 117, 15 0, o0x7f55a6db1938; 0 drivers
o0x7f55a6db1968 .functor BUFZ 16, C4<zzzzzzzzzzzzzzzz>; HiZ drive
v0x55db668c3ab0_118 .net v0x55db668c3ab0 118, 15 0, o0x7f55a6db1968; 0 drivers
o0x7f55a6db1998 .functor BUFZ 16, C4<zzzzzzzzzzzzzzzz>; HiZ drive
v0x55db668c3ab0_119 .net v0x55db668c3ab0 119, 15 0, o0x7f55a6db1998; 0 drivers
o0x7f55a6db19c8 .functor BUFZ 16, C4<zzzzzzzzzzzzzzzz>; HiZ drive
v0x55db668c3ab0_120 .net v0x55db668c3ab0 120, 15 0, o0x7f55a6db19c8; 0 drivers
o0x7f55a6db19f8 .functor BUFZ 16, C4<zzzzzzzzzzzzzzzz>; HiZ drive
v0x55db668c3ab0_121 .net v0x55db668c3ab0 121, 15 0, o0x7f55a6db19f8; 0 drivers
o0x7f55a6db1a28 .functor BUFZ 16, C4<zzzzzzzzzzzzzzzz>; HiZ drive
v0x55db668c3ab0_122 .net v0x55db668c3ab0 122, 15 0, o0x7f55a6db1a28; 0 drivers
o0x7f55a6db1a58 .functor BUFZ 16, C4<zzzzzzzzzzzzzzzz>; HiZ drive
v0x55db668c3ab0_123 .net v0x55db668c3ab0 123, 15 0, o0x7f55a6db1a58; 0 drivers
o0x7f55a6db1a88 .functor BUFZ 16, C4<zzzzzzzzzzzzzzzz>; HiZ drive
v0x55db668c3ab0_124 .net v0x55db668c3ab0 124, 15 0, o0x7f55a6db1a88; 0 drivers
o0x7f55a6db1ab8 .functor BUFZ 16, C4<zzzzzzzzzzzzzzzz>; HiZ drive
v0x55db668c3ab0_125 .net v0x55db668c3ab0 125, 15 0, o0x7f55a6db1ab8; 0 drivers
o0x7f55a6db1ae8 .functor BUFZ 16, C4<zzzzzzzzzzzzzzzz>; HiZ drive
v0x55db668c3ab0_126 .net v0x55db668c3ab0 126, 15 0, o0x7f55a6db1ae8; 0 drivers
o0x7f55a6db1b18 .functor BUFZ 16, C4<zzzzzzzzzzzzzzzz>; HiZ drive
v0x55db668c3ab0_127 .net v0x55db668c3ab0 127, 15 0, o0x7f55a6db1b18; 0 drivers
o0x7f55a6db1b48 .functor BUFZ 16, C4<zzzzzzzzzzzzzzzz>; HiZ drive
v0x55db668c3ab0_128 .net v0x55db668c3ab0 128, 15 0, o0x7f55a6db1b48; 0 drivers
o0x7f55a6db1b78 .functor BUFZ 16, C4<zzzzzzzzzzzzzzzz>; HiZ drive
v0x55db668c3ab0_129 .net v0x55db668c3ab0 129, 15 0, o0x7f55a6db1b78; 0 drivers
o0x7f55a6db1ba8 .functor BUFZ 16, C4<zzzzzzzzzzzzzzzz>; HiZ drive
v0x55db668c3ab0_130 .net v0x55db668c3ab0 130, 15 0, o0x7f55a6db1ba8; 0 drivers
o0x7f55a6db1bd8 .functor BUFZ 16, C4<zzzzzzzzzzzzzzzz>; HiZ drive
v0x55db668c3ab0_131 .net v0x55db668c3ab0 131, 15 0, o0x7f55a6db1bd8; 0 drivers
o0x7f55a6db1c08 .functor BUFZ 16, C4<zzzzzzzzzzzzzzzz>; HiZ drive
v0x55db668c3ab0_132 .net v0x55db668c3ab0 132, 15 0, o0x7f55a6db1c08; 0 drivers
o0x7f55a6db1c38 .functor BUFZ 16, C4<zzzzzzzzzzzzzzzz>; HiZ drive
v0x55db668c3ab0_133 .net v0x55db668c3ab0 133, 15 0, o0x7f55a6db1c38; 0 drivers
o0x7f55a6db1c68 .functor BUFZ 16, C4<zzzzzzzzzzzzzzzz>; HiZ drive
v0x55db668c3ab0_134 .net v0x55db668c3ab0 134, 15 0, o0x7f55a6db1c68; 0 drivers
o0x7f55a6db1c98 .functor BUFZ 16, C4<zzzzzzzzzzzzzzzz>; HiZ drive
v0x55db668c3ab0_135 .net v0x55db668c3ab0 135, 15 0, o0x7f55a6db1c98; 0 drivers
o0x7f55a6db1cc8 .functor BUFZ 16, C4<zzzzzzzzzzzzzzzz>; HiZ drive
v0x55db668c3ab0_136 .net v0x55db668c3ab0 136, 15 0, o0x7f55a6db1cc8; 0 drivers
o0x7f55a6db1cf8 .functor BUFZ 16, C4<zzzzzzzzzzzzzzzz>; HiZ drive
v0x55db668c3ab0_137 .net v0x55db668c3ab0 137, 15 0, o0x7f55a6db1cf8; 0 drivers
o0x7f55a6db1d28 .functor BUFZ 16, C4<zzzzzzzzzzzzzzzz>; HiZ drive
v0x55db668c3ab0_138 .net v0x55db668c3ab0 138, 15 0, o0x7f55a6db1d28; 0 drivers
o0x7f55a6db1d58 .functor BUFZ 16, C4<zzzzzzzzzzzzzzzz>; HiZ drive
v0x55db668c3ab0_139 .net v0x55db668c3ab0 139, 15 0, o0x7f55a6db1d58; 0 drivers
o0x7f55a6db1d88 .functor BUFZ 16, C4<zzzzzzzzzzzzzzzz>; HiZ drive
v0x55db668c3ab0_140 .net v0x55db668c3ab0 140, 15 0, o0x7f55a6db1d88; 0 drivers
o0x7f55a6db1db8 .functor BUFZ 16, C4<zzzzzzzzzzzzzzzz>; HiZ drive
v0x55db668c3ab0_141 .net v0x55db668c3ab0 141, 15 0, o0x7f55a6db1db8; 0 drivers
o0x7f55a6db1de8 .functor BUFZ 16, C4<zzzzzzzzzzzzzzzz>; HiZ drive
v0x55db668c3ab0_142 .net v0x55db668c3ab0 142, 15 0, o0x7f55a6db1de8; 0 drivers
o0x7f55a6db1e18 .functor BUFZ 16, C4<zzzzzzzzzzzzzzzz>; HiZ drive
v0x55db668c3ab0_143 .net v0x55db668c3ab0 143, 15 0, o0x7f55a6db1e18; 0 drivers
o0x7f55a6db1e48 .functor BUFZ 16, C4<zzzzzzzzzzzzzzzz>; HiZ drive
v0x55db668c3ab0_144 .net v0x55db668c3ab0 144, 15 0, o0x7f55a6db1e48; 0 drivers
o0x7f55a6db1e78 .functor BUFZ 16, C4<zzzzzzzzzzzzzzzz>; HiZ drive
v0x55db668c3ab0_145 .net v0x55db668c3ab0 145, 15 0, o0x7f55a6db1e78; 0 drivers
o0x7f55a6db1ea8 .functor BUFZ 16, C4<zzzzzzzzzzzzzzzz>; HiZ drive
v0x55db668c3ab0_146 .net v0x55db668c3ab0 146, 15 0, o0x7f55a6db1ea8; 0 drivers
o0x7f55a6db1ed8 .functor BUFZ 16, C4<zzzzzzzzzzzzzzzz>; HiZ drive
v0x55db668c3ab0_147 .net v0x55db668c3ab0 147, 15 0, o0x7f55a6db1ed8; 0 drivers
o0x7f55a6db1f08 .functor BUFZ 16, C4<zzzzzzzzzzzzzzzz>; HiZ drive
v0x55db668c3ab0_148 .net v0x55db668c3ab0 148, 15 0, o0x7f55a6db1f08; 0 drivers
o0x7f55a6db1f38 .functor BUFZ 16, C4<zzzzzzzzzzzzzzzz>; HiZ drive
v0x55db668c3ab0_149 .net v0x55db668c3ab0 149, 15 0, o0x7f55a6db1f38; 0 drivers
o0x7f55a6db1f68 .functor BUFZ 16, C4<zzzzzzzzzzzzzzzz>; HiZ drive
v0x55db668c3ab0_150 .net v0x55db668c3ab0 150, 15 0, o0x7f55a6db1f68; 0 drivers
o0x7f55a6db1f98 .functor BUFZ 16, C4<zzzzzzzzzzzzzzzz>; HiZ drive
v0x55db668c3ab0_151 .net v0x55db668c3ab0 151, 15 0, o0x7f55a6db1f98; 0 drivers
o0x7f55a6db1fc8 .functor BUFZ 16, C4<zzzzzzzzzzzzzzzz>; HiZ drive
v0x55db668c3ab0_152 .net v0x55db668c3ab0 152, 15 0, o0x7f55a6db1fc8; 0 drivers
o0x7f55a6db1ff8 .functor BUFZ 16, C4<zzzzzzzzzzzzzzzz>; HiZ drive
v0x55db668c3ab0_153 .net v0x55db668c3ab0 153, 15 0, o0x7f55a6db1ff8; 0 drivers
o0x7f55a6db2028 .functor BUFZ 16, C4<zzzzzzzzzzzzzzzz>; HiZ drive
v0x55db668c3ab0_154 .net v0x55db668c3ab0 154, 15 0, o0x7f55a6db2028; 0 drivers
o0x7f55a6db2058 .functor BUFZ 16, C4<zzzzzzzzzzzzzzzz>; HiZ drive
v0x55db668c3ab0_155 .net v0x55db668c3ab0 155, 15 0, o0x7f55a6db2058; 0 drivers
o0x7f55a6db2088 .functor BUFZ 16, C4<zzzzzzzzzzzzzzzz>; HiZ drive
v0x55db668c3ab0_156 .net v0x55db668c3ab0 156, 15 0, o0x7f55a6db2088; 0 drivers
o0x7f55a6db20b8 .functor BUFZ 16, C4<zzzzzzzzzzzzzzzz>; HiZ drive
v0x55db668c3ab0_157 .net v0x55db668c3ab0 157, 15 0, o0x7f55a6db20b8; 0 drivers
o0x7f55a6db20e8 .functor BUFZ 16, C4<zzzzzzzzzzzzzzzz>; HiZ drive
v0x55db668c3ab0_158 .net v0x55db668c3ab0 158, 15 0, o0x7f55a6db20e8; 0 drivers
o0x7f55a6db2118 .functor BUFZ 16, C4<zzzzzzzzzzzzzzzz>; HiZ drive
v0x55db668c3ab0_159 .net v0x55db668c3ab0 159, 15 0, o0x7f55a6db2118; 0 drivers
o0x7f55a6db2148 .functor BUFZ 16, C4<zzzzzzzzzzzzzzzz>; HiZ drive
v0x55db668c3ab0_160 .net v0x55db668c3ab0 160, 15 0, o0x7f55a6db2148; 0 drivers
o0x7f55a6db2178 .functor BUFZ 16, C4<zzzzzzzzzzzzzzzz>; HiZ drive
v0x55db668c3ab0_161 .net v0x55db668c3ab0 161, 15 0, o0x7f55a6db2178; 0 drivers
o0x7f55a6db21a8 .functor BUFZ 16, C4<zzzzzzzzzzzzzzzz>; HiZ drive
v0x55db668c3ab0_162 .net v0x55db668c3ab0 162, 15 0, o0x7f55a6db21a8; 0 drivers
o0x7f55a6db21d8 .functor BUFZ 16, C4<zzzzzzzzzzzzzzzz>; HiZ drive
v0x55db668c3ab0_163 .net v0x55db668c3ab0 163, 15 0, o0x7f55a6db21d8; 0 drivers
o0x7f55a6db2208 .functor BUFZ 16, C4<zzzzzzzzzzzzzzzz>; HiZ drive
v0x55db668c3ab0_164 .net v0x55db668c3ab0 164, 15 0, o0x7f55a6db2208; 0 drivers
o0x7f55a6db2238 .functor BUFZ 16, C4<zzzzzzzzzzzzzzzz>; HiZ drive
v0x55db668c3ab0_165 .net v0x55db668c3ab0 165, 15 0, o0x7f55a6db2238; 0 drivers
o0x7f55a6db2268 .functor BUFZ 16, C4<zzzzzzzzzzzzzzzz>; HiZ drive
v0x55db668c3ab0_166 .net v0x55db668c3ab0 166, 15 0, o0x7f55a6db2268; 0 drivers
o0x7f55a6db2298 .functor BUFZ 16, C4<zzzzzzzzzzzzzzzz>; HiZ drive
v0x55db668c3ab0_167 .net v0x55db668c3ab0 167, 15 0, o0x7f55a6db2298; 0 drivers
o0x7f55a6db22c8 .functor BUFZ 16, C4<zzzzzzzzzzzzzzzz>; HiZ drive
v0x55db668c3ab0_168 .net v0x55db668c3ab0 168, 15 0, o0x7f55a6db22c8; 0 drivers
o0x7f55a6db22f8 .functor BUFZ 16, C4<zzzzzzzzzzzzzzzz>; HiZ drive
v0x55db668c3ab0_169 .net v0x55db668c3ab0 169, 15 0, o0x7f55a6db22f8; 0 drivers
o0x7f55a6db2328 .functor BUFZ 16, C4<zzzzzzzzzzzzzzzz>; HiZ drive
v0x55db668c3ab0_170 .net v0x55db668c3ab0 170, 15 0, o0x7f55a6db2328; 0 drivers
o0x7f55a6db2358 .functor BUFZ 16, C4<zzzzzzzzzzzzzzzz>; HiZ drive
v0x55db668c3ab0_171 .net v0x55db668c3ab0 171, 15 0, o0x7f55a6db2358; 0 drivers
o0x7f55a6db2388 .functor BUFZ 16, C4<zzzzzzzzzzzzzzzz>; HiZ drive
v0x55db668c3ab0_172 .net v0x55db668c3ab0 172, 15 0, o0x7f55a6db2388; 0 drivers
o0x7f55a6db23b8 .functor BUFZ 16, C4<zzzzzzzzzzzzzzzz>; HiZ drive
v0x55db668c3ab0_173 .net v0x55db668c3ab0 173, 15 0, o0x7f55a6db23b8; 0 drivers
o0x7f55a6db23e8 .functor BUFZ 16, C4<zzzzzzzzzzzzzzzz>; HiZ drive
v0x55db668c3ab0_174 .net v0x55db668c3ab0 174, 15 0, o0x7f55a6db23e8; 0 drivers
o0x7f55a6db2418 .functor BUFZ 16, C4<zzzzzzzzzzzzzzzz>; HiZ drive
v0x55db668c3ab0_175 .net v0x55db668c3ab0 175, 15 0, o0x7f55a6db2418; 0 drivers
o0x7f55a6db2448 .functor BUFZ 16, C4<zzzzzzzzzzzzzzzz>; HiZ drive
v0x55db668c3ab0_176 .net v0x55db668c3ab0 176, 15 0, o0x7f55a6db2448; 0 drivers
o0x7f55a6db2478 .functor BUFZ 16, C4<zzzzzzzzzzzzzzzz>; HiZ drive
v0x55db668c3ab0_177 .net v0x55db668c3ab0 177, 15 0, o0x7f55a6db2478; 0 drivers
o0x7f55a6db24a8 .functor BUFZ 16, C4<zzzzzzzzzzzzzzzz>; HiZ drive
v0x55db668c3ab0_178 .net v0x55db668c3ab0 178, 15 0, o0x7f55a6db24a8; 0 drivers
o0x7f55a6db24d8 .functor BUFZ 16, C4<zzzzzzzzzzzzzzzz>; HiZ drive
v0x55db668c3ab0_179 .net v0x55db668c3ab0 179, 15 0, o0x7f55a6db24d8; 0 drivers
o0x7f55a6db2508 .functor BUFZ 16, C4<zzzzzzzzzzzzzzzz>; HiZ drive
v0x55db668c3ab0_180 .net v0x55db668c3ab0 180, 15 0, o0x7f55a6db2508; 0 drivers
o0x7f55a6db2538 .functor BUFZ 16, C4<zzzzzzzzzzzzzzzz>; HiZ drive
v0x55db668c3ab0_181 .net v0x55db668c3ab0 181, 15 0, o0x7f55a6db2538; 0 drivers
o0x7f55a6db2568 .functor BUFZ 16, C4<zzzzzzzzzzzzzzzz>; HiZ drive
v0x55db668c3ab0_182 .net v0x55db668c3ab0 182, 15 0, o0x7f55a6db2568; 0 drivers
o0x7f55a6db2598 .functor BUFZ 16, C4<zzzzzzzzzzzzzzzz>; HiZ drive
v0x55db668c3ab0_183 .net v0x55db668c3ab0 183, 15 0, o0x7f55a6db2598; 0 drivers
o0x7f55a6db25c8 .functor BUFZ 16, C4<zzzzzzzzzzzzzzzz>; HiZ drive
v0x55db668c3ab0_184 .net v0x55db668c3ab0 184, 15 0, o0x7f55a6db25c8; 0 drivers
o0x7f55a6db25f8 .functor BUFZ 16, C4<zzzzzzzzzzzzzzzz>; HiZ drive
v0x55db668c3ab0_185 .net v0x55db668c3ab0 185, 15 0, o0x7f55a6db25f8; 0 drivers
o0x7f55a6db2628 .functor BUFZ 16, C4<zzzzzzzzzzzzzzzz>; HiZ drive
v0x55db668c3ab0_186 .net v0x55db668c3ab0 186, 15 0, o0x7f55a6db2628; 0 drivers
o0x7f55a6db2658 .functor BUFZ 16, C4<zzzzzzzzzzzzzzzz>; HiZ drive
v0x55db668c3ab0_187 .net v0x55db668c3ab0 187, 15 0, o0x7f55a6db2658; 0 drivers
o0x7f55a6db2688 .functor BUFZ 16, C4<zzzzzzzzzzzzzzzz>; HiZ drive
v0x55db668c3ab0_188 .net v0x55db668c3ab0 188, 15 0, o0x7f55a6db2688; 0 drivers
o0x7f55a6db26b8 .functor BUFZ 16, C4<zzzzzzzzzzzzzzzz>; HiZ drive
v0x55db668c3ab0_189 .net v0x55db668c3ab0 189, 15 0, o0x7f55a6db26b8; 0 drivers
o0x7f55a6db26e8 .functor BUFZ 16, C4<zzzzzzzzzzzzzzzz>; HiZ drive
v0x55db668c3ab0_190 .net v0x55db668c3ab0 190, 15 0, o0x7f55a6db26e8; 0 drivers
o0x7f55a6db2718 .functor BUFZ 16, C4<zzzzzzzzzzzzzzzz>; HiZ drive
v0x55db668c3ab0_191 .net v0x55db668c3ab0 191, 15 0, o0x7f55a6db2718; 0 drivers
o0x7f55a6db2748 .functor BUFZ 16, C4<zzzzzzzzzzzzzzzz>; HiZ drive
v0x55db668c3ab0_192 .net v0x55db668c3ab0 192, 15 0, o0x7f55a6db2748; 0 drivers
o0x7f55a6db2778 .functor BUFZ 16, C4<zzzzzzzzzzzzzzzz>; HiZ drive
v0x55db668c3ab0_193 .net v0x55db668c3ab0 193, 15 0, o0x7f55a6db2778; 0 drivers
o0x7f55a6db27a8 .functor BUFZ 16, C4<zzzzzzzzzzzzzzzz>; HiZ drive
v0x55db668c3ab0_194 .net v0x55db668c3ab0 194, 15 0, o0x7f55a6db27a8; 0 drivers
o0x7f55a6db27d8 .functor BUFZ 16, C4<zzzzzzzzzzzzzzzz>; HiZ drive
v0x55db668c3ab0_195 .net v0x55db668c3ab0 195, 15 0, o0x7f55a6db27d8; 0 drivers
o0x7f55a6db2808 .functor BUFZ 16, C4<zzzzzzzzzzzzzzzz>; HiZ drive
v0x55db668c3ab0_196 .net v0x55db668c3ab0 196, 15 0, o0x7f55a6db2808; 0 drivers
o0x7f55a6db2838 .functor BUFZ 16, C4<zzzzzzzzzzzzzzzz>; HiZ drive
v0x55db668c3ab0_197 .net v0x55db668c3ab0 197, 15 0, o0x7f55a6db2838; 0 drivers
o0x7f55a6db2868 .functor BUFZ 16, C4<zzzzzzzzzzzzzzzz>; HiZ drive
v0x55db668c3ab0_198 .net v0x55db668c3ab0 198, 15 0, o0x7f55a6db2868; 0 drivers
o0x7f55a6db2898 .functor BUFZ 16, C4<zzzzzzzzzzzzzzzz>; HiZ drive
v0x55db668c3ab0_199 .net v0x55db668c3ab0 199, 15 0, o0x7f55a6db2898; 0 drivers
o0x7f55a6db28c8 .functor BUFZ 16, C4<zzzzzzzzzzzzzzzz>; HiZ drive
v0x55db668c3ab0_200 .net v0x55db668c3ab0 200, 15 0, o0x7f55a6db28c8; 0 drivers
o0x7f55a6db28f8 .functor BUFZ 16, C4<zzzzzzzzzzzzzzzz>; HiZ drive
v0x55db668c3ab0_201 .net v0x55db668c3ab0 201, 15 0, o0x7f55a6db28f8; 0 drivers
o0x7f55a6db2928 .functor BUFZ 16, C4<zzzzzzzzzzzzzzzz>; HiZ drive
v0x55db668c3ab0_202 .net v0x55db668c3ab0 202, 15 0, o0x7f55a6db2928; 0 drivers
o0x7f55a6db2958 .functor BUFZ 16, C4<zzzzzzzzzzzzzzzz>; HiZ drive
v0x55db668c3ab0_203 .net v0x55db668c3ab0 203, 15 0, o0x7f55a6db2958; 0 drivers
o0x7f55a6db2988 .functor BUFZ 16, C4<zzzzzzzzzzzzzzzz>; HiZ drive
v0x55db668c3ab0_204 .net v0x55db668c3ab0 204, 15 0, o0x7f55a6db2988; 0 drivers
o0x7f55a6db29b8 .functor BUFZ 16, C4<zzzzzzzzzzzzzzzz>; HiZ drive
v0x55db668c3ab0_205 .net v0x55db668c3ab0 205, 15 0, o0x7f55a6db29b8; 0 drivers
o0x7f55a6db29e8 .functor BUFZ 16, C4<zzzzzzzzzzzzzzzz>; HiZ drive
v0x55db668c3ab0_206 .net v0x55db668c3ab0 206, 15 0, o0x7f55a6db29e8; 0 drivers
o0x7f55a6db2a18 .functor BUFZ 16, C4<zzzzzzzzzzzzzzzz>; HiZ drive
v0x55db668c3ab0_207 .net v0x55db668c3ab0 207, 15 0, o0x7f55a6db2a18; 0 drivers
o0x7f55a6db2a48 .functor BUFZ 16, C4<zzzzzzzzzzzzzzzz>; HiZ drive
v0x55db668c3ab0_208 .net v0x55db668c3ab0 208, 15 0, o0x7f55a6db2a48; 0 drivers
o0x7f55a6db2a78 .functor BUFZ 16, C4<zzzzzzzzzzzzzzzz>; HiZ drive
v0x55db668c3ab0_209 .net v0x55db668c3ab0 209, 15 0, o0x7f55a6db2a78; 0 drivers
o0x7f55a6db2aa8 .functor BUFZ 16, C4<zzzzzzzzzzzzzzzz>; HiZ drive
v0x55db668c3ab0_210 .net v0x55db668c3ab0 210, 15 0, o0x7f55a6db2aa8; 0 drivers
o0x7f55a6db2ad8 .functor BUFZ 16, C4<zzzzzzzzzzzzzzzz>; HiZ drive
v0x55db668c3ab0_211 .net v0x55db668c3ab0 211, 15 0, o0x7f55a6db2ad8; 0 drivers
o0x7f55a6db2b08 .functor BUFZ 16, C4<zzzzzzzzzzzzzzzz>; HiZ drive
v0x55db668c3ab0_212 .net v0x55db668c3ab0 212, 15 0, o0x7f55a6db2b08; 0 drivers
o0x7f55a6db2b38 .functor BUFZ 16, C4<zzzzzzzzzzzzzzzz>; HiZ drive
v0x55db668c3ab0_213 .net v0x55db668c3ab0 213, 15 0, o0x7f55a6db2b38; 0 drivers
o0x7f55a6db2b68 .functor BUFZ 16, C4<zzzzzzzzzzzzzzzz>; HiZ drive
v0x55db668c3ab0_214 .net v0x55db668c3ab0 214, 15 0, o0x7f55a6db2b68; 0 drivers
o0x7f55a6db2b98 .functor BUFZ 16, C4<zzzzzzzzzzzzzzzz>; HiZ drive
v0x55db668c3ab0_215 .net v0x55db668c3ab0 215, 15 0, o0x7f55a6db2b98; 0 drivers
o0x7f55a6db2bc8 .functor BUFZ 16, C4<zzzzzzzzzzzzzzzz>; HiZ drive
v0x55db668c3ab0_216 .net v0x55db668c3ab0 216, 15 0, o0x7f55a6db2bc8; 0 drivers
o0x7f55a6db2bf8 .functor BUFZ 16, C4<zzzzzzzzzzzzzzzz>; HiZ drive
v0x55db668c3ab0_217 .net v0x55db668c3ab0 217, 15 0, o0x7f55a6db2bf8; 0 drivers
o0x7f55a6db2c28 .functor BUFZ 16, C4<zzzzzzzzzzzzzzzz>; HiZ drive
v0x55db668c3ab0_218 .net v0x55db668c3ab0 218, 15 0, o0x7f55a6db2c28; 0 drivers
o0x7f55a6db2c58 .functor BUFZ 16, C4<zzzzzzzzzzzzzzzz>; HiZ drive
v0x55db668c3ab0_219 .net v0x55db668c3ab0 219, 15 0, o0x7f55a6db2c58; 0 drivers
o0x7f55a6db2c88 .functor BUFZ 16, C4<zzzzzzzzzzzzzzzz>; HiZ drive
v0x55db668c3ab0_220 .net v0x55db668c3ab0 220, 15 0, o0x7f55a6db2c88; 0 drivers
o0x7f55a6db2cb8 .functor BUFZ 16, C4<zzzzzzzzzzzzzzzz>; HiZ drive
v0x55db668c3ab0_221 .net v0x55db668c3ab0 221, 15 0, o0x7f55a6db2cb8; 0 drivers
o0x7f55a6db2ce8 .functor BUFZ 16, C4<zzzzzzzzzzzzzzzz>; HiZ drive
v0x55db668c3ab0_222 .net v0x55db668c3ab0 222, 15 0, o0x7f55a6db2ce8; 0 drivers
o0x7f55a6db2d18 .functor BUFZ 16, C4<zzzzzzzzzzzzzzzz>; HiZ drive
v0x55db668c3ab0_223 .net v0x55db668c3ab0 223, 15 0, o0x7f55a6db2d18; 0 drivers
o0x7f55a6db2d48 .functor BUFZ 16, C4<zzzzzzzzzzzzzzzz>; HiZ drive
v0x55db668c3ab0_224 .net v0x55db668c3ab0 224, 15 0, o0x7f55a6db2d48; 0 drivers
o0x7f55a6db2d78 .functor BUFZ 16, C4<zzzzzzzzzzzzzzzz>; HiZ drive
v0x55db668c3ab0_225 .net v0x55db668c3ab0 225, 15 0, o0x7f55a6db2d78; 0 drivers
o0x7f55a6db2da8 .functor BUFZ 16, C4<zzzzzzzzzzzzzzzz>; HiZ drive
v0x55db668c3ab0_226 .net v0x55db668c3ab0 226, 15 0, o0x7f55a6db2da8; 0 drivers
o0x7f55a6db2dd8 .functor BUFZ 16, C4<zzzzzzzzzzzzzzzz>; HiZ drive
v0x55db668c3ab0_227 .net v0x55db668c3ab0 227, 15 0, o0x7f55a6db2dd8; 0 drivers
o0x7f55a6db2e08 .functor BUFZ 16, C4<zzzzzzzzzzzzzzzz>; HiZ drive
v0x55db668c3ab0_228 .net v0x55db668c3ab0 228, 15 0, o0x7f55a6db2e08; 0 drivers
o0x7f55a6db2e38 .functor BUFZ 16, C4<zzzzzzzzzzzzzzzz>; HiZ drive
v0x55db668c3ab0_229 .net v0x55db668c3ab0 229, 15 0, o0x7f55a6db2e38; 0 drivers
o0x7f55a6db2e68 .functor BUFZ 16, C4<zzzzzzzzzzzzzzzz>; HiZ drive
v0x55db668c3ab0_230 .net v0x55db668c3ab0 230, 15 0, o0x7f55a6db2e68; 0 drivers
o0x7f55a6db2e98 .functor BUFZ 16, C4<zzzzzzzzzzzzzzzz>; HiZ drive
v0x55db668c3ab0_231 .net v0x55db668c3ab0 231, 15 0, o0x7f55a6db2e98; 0 drivers
o0x7f55a6db2ec8 .functor BUFZ 16, C4<zzzzzzzzzzzzzzzz>; HiZ drive
v0x55db668c3ab0_232 .net v0x55db668c3ab0 232, 15 0, o0x7f55a6db2ec8; 0 drivers
o0x7f55a6db2ef8 .functor BUFZ 16, C4<zzzzzzzzzzzzzzzz>; HiZ drive
v0x55db668c3ab0_233 .net v0x55db668c3ab0 233, 15 0, o0x7f55a6db2ef8; 0 drivers
o0x7f55a6db2f28 .functor BUFZ 16, C4<zzzzzzzzzzzzzzzz>; HiZ drive
v0x55db668c3ab0_234 .net v0x55db668c3ab0 234, 15 0, o0x7f55a6db2f28; 0 drivers
o0x7f55a6db2f58 .functor BUFZ 16, C4<zzzzzzzzzzzzzzzz>; HiZ drive
v0x55db668c3ab0_235 .net v0x55db668c3ab0 235, 15 0, o0x7f55a6db2f58; 0 drivers
o0x7f55a6db2f88 .functor BUFZ 16, C4<zzzzzzzzzzzzzzzz>; HiZ drive
v0x55db668c3ab0_236 .net v0x55db668c3ab0 236, 15 0, o0x7f55a6db2f88; 0 drivers
o0x7f55a6db2fb8 .functor BUFZ 16, C4<zzzzzzzzzzzzzzzz>; HiZ drive
v0x55db668c3ab0_237 .net v0x55db668c3ab0 237, 15 0, o0x7f55a6db2fb8; 0 drivers
o0x7f55a6db2fe8 .functor BUFZ 16, C4<zzzzzzzzzzzzzzzz>; HiZ drive
v0x55db668c3ab0_238 .net v0x55db668c3ab0 238, 15 0, o0x7f55a6db2fe8; 0 drivers
o0x7f55a6db3018 .functor BUFZ 16, C4<zzzzzzzzzzzzzzzz>; HiZ drive
v0x55db668c3ab0_239 .net v0x55db668c3ab0 239, 15 0, o0x7f55a6db3018; 0 drivers
o0x7f55a6db3048 .functor BUFZ 16, C4<zzzzzzzzzzzzzzzz>; HiZ drive
v0x55db668c3ab0_240 .net v0x55db668c3ab0 240, 15 0, o0x7f55a6db3048; 0 drivers
o0x7f55a6db3078 .functor BUFZ 16, C4<zzzzzzzzzzzzzzzz>; HiZ drive
v0x55db668c3ab0_241 .net v0x55db668c3ab0 241, 15 0, o0x7f55a6db3078; 0 drivers
o0x7f55a6db30a8 .functor BUFZ 16, C4<zzzzzzzzzzzzzzzz>; HiZ drive
v0x55db668c3ab0_242 .net v0x55db668c3ab0 242, 15 0, o0x7f55a6db30a8; 0 drivers
o0x7f55a6db30d8 .functor BUFZ 16, C4<zzzzzzzzzzzzzzzz>; HiZ drive
v0x55db668c3ab0_243 .net v0x55db668c3ab0 243, 15 0, o0x7f55a6db30d8; 0 drivers
o0x7f55a6db3108 .functor BUFZ 16, C4<zzzzzzzzzzzzzzzz>; HiZ drive
v0x55db668c3ab0_244 .net v0x55db668c3ab0 244, 15 0, o0x7f55a6db3108; 0 drivers
o0x7f55a6db3138 .functor BUFZ 16, C4<zzzzzzzzzzzzzzzz>; HiZ drive
v0x55db668c3ab0_245 .net v0x55db668c3ab0 245, 15 0, o0x7f55a6db3138; 0 drivers
o0x7f55a6db3168 .functor BUFZ 16, C4<zzzzzzzzzzzzzzzz>; HiZ drive
v0x55db668c3ab0_246 .net v0x55db668c3ab0 246, 15 0, o0x7f55a6db3168; 0 drivers
o0x7f55a6db3198 .functor BUFZ 16, C4<zzzzzzzzzzzzzzzz>; HiZ drive
v0x55db668c3ab0_247 .net v0x55db668c3ab0 247, 15 0, o0x7f55a6db3198; 0 drivers
o0x7f55a6db31c8 .functor BUFZ 16, C4<zzzzzzzzzzzzzzzz>; HiZ drive
v0x55db668c3ab0_248 .net v0x55db668c3ab0 248, 15 0, o0x7f55a6db31c8; 0 drivers
o0x7f55a6db31f8 .functor BUFZ 16, C4<zzzzzzzzzzzzzzzz>; HiZ drive
v0x55db668c3ab0_249 .net v0x55db668c3ab0 249, 15 0, o0x7f55a6db31f8; 0 drivers
o0x7f55a6db3228 .functor BUFZ 16, C4<zzzzzzzzzzzzzzzz>; HiZ drive
v0x55db668c3ab0_250 .net v0x55db668c3ab0 250, 15 0, o0x7f55a6db3228; 0 drivers
o0x7f55a6db3258 .functor BUFZ 16, C4<zzzzzzzzzzzzzzzz>; HiZ drive
v0x55db668c3ab0_251 .net v0x55db668c3ab0 251, 15 0, o0x7f55a6db3258; 0 drivers
o0x7f55a6db3288 .functor BUFZ 16, C4<zzzzzzzzzzzzzzzz>; HiZ drive
v0x55db668c3ab0_252 .net v0x55db668c3ab0 252, 15 0, o0x7f55a6db3288; 0 drivers
o0x7f55a6db32b8 .functor BUFZ 16, C4<zzzzzzzzzzzzzzzz>; HiZ drive
v0x55db668c3ab0_253 .net v0x55db668c3ab0 253, 15 0, o0x7f55a6db32b8; 0 drivers
o0x7f55a6db32e8 .functor BUFZ 16, C4<zzzzzzzzzzzzzzzz>; HiZ drive
v0x55db668c3ab0_254 .net v0x55db668c3ab0 254, 15 0, o0x7f55a6db32e8; 0 drivers
o0x7f55a6db3318 .functor BUFZ 16, C4<zzzzzzzzzzzzzzzz>; HiZ drive
v0x55db668c3ab0_255 .net v0x55db668c3ab0 255, 15 0, o0x7f55a6db3318; 0 drivers
o0x7f55a6db3348 .functor BUFZ 16, C4<zzzzzzzzzzzzzzzz>; HiZ drive
v0x55db668c3ab0_256 .net v0x55db668c3ab0 256, 15 0, o0x7f55a6db3348; 0 drivers
o0x7f55a6db3378 .functor BUFZ 16, C4<zzzzzzzzzzzzzzzz>; HiZ drive
v0x55db668c3ab0_257 .net v0x55db668c3ab0 257, 15 0, o0x7f55a6db3378; 0 drivers
o0x7f55a6db33a8 .functor BUFZ 16, C4<zzzzzzzzzzzzzzzz>; HiZ drive
v0x55db668c3ab0_258 .net v0x55db668c3ab0 258, 15 0, o0x7f55a6db33a8; 0 drivers
o0x7f55a6db33d8 .functor BUFZ 16, C4<zzzzzzzzzzzzzzzz>; HiZ drive
v0x55db668c3ab0_259 .net v0x55db668c3ab0 259, 15 0, o0x7f55a6db33d8; 0 drivers
o0x7f55a6db3408 .functor BUFZ 16, C4<zzzzzzzzzzzzzzzz>; HiZ drive
v0x55db668c3ab0_260 .net v0x55db668c3ab0 260, 15 0, o0x7f55a6db3408; 0 drivers
o0x7f55a6db3438 .functor BUFZ 16, C4<zzzzzzzzzzzzzzzz>; HiZ drive
v0x55db668c3ab0_261 .net v0x55db668c3ab0 261, 15 0, o0x7f55a6db3438; 0 drivers
o0x7f55a6db3468 .functor BUFZ 16, C4<zzzzzzzzzzzzzzzz>; HiZ drive
v0x55db668c3ab0_262 .net v0x55db668c3ab0 262, 15 0, o0x7f55a6db3468; 0 drivers
o0x7f55a6db3498 .functor BUFZ 16, C4<zzzzzzzzzzzzzzzz>; HiZ drive
v0x55db668c3ab0_263 .net v0x55db668c3ab0 263, 15 0, o0x7f55a6db3498; 0 drivers
o0x7f55a6db34c8 .functor BUFZ 16, C4<zzzzzzzzzzzzzzzz>; HiZ drive
v0x55db668c3ab0_264 .net v0x55db668c3ab0 264, 15 0, o0x7f55a6db34c8; 0 drivers
o0x7f55a6db34f8 .functor BUFZ 16, C4<zzzzzzzzzzzzzzzz>; HiZ drive
v0x55db668c3ab0_265 .net v0x55db668c3ab0 265, 15 0, o0x7f55a6db34f8; 0 drivers
o0x7f55a6db3528 .functor BUFZ 16, C4<zzzzzzzzzzzzzzzz>; HiZ drive
v0x55db668c3ab0_266 .net v0x55db668c3ab0 266, 15 0, o0x7f55a6db3528; 0 drivers
o0x7f55a6db3558 .functor BUFZ 16, C4<zzzzzzzzzzzzzzzz>; HiZ drive
v0x55db668c3ab0_267 .net v0x55db668c3ab0 267, 15 0, o0x7f55a6db3558; 0 drivers
o0x7f55a6db3588 .functor BUFZ 16, C4<zzzzzzzzzzzzzzzz>; HiZ drive
v0x55db668c3ab0_268 .net v0x55db668c3ab0 268, 15 0, o0x7f55a6db3588; 0 drivers
o0x7f55a6db35b8 .functor BUFZ 16, C4<zzzzzzzzzzzzzzzz>; HiZ drive
v0x55db668c3ab0_269 .net v0x55db668c3ab0 269, 15 0, o0x7f55a6db35b8; 0 drivers
o0x7f55a6db35e8 .functor BUFZ 16, C4<zzzzzzzzzzzzzzzz>; HiZ drive
v0x55db668c3ab0_270 .net v0x55db668c3ab0 270, 15 0, o0x7f55a6db35e8; 0 drivers
o0x7f55a6db3618 .functor BUFZ 16, C4<zzzzzzzzzzzzzzzz>; HiZ drive
v0x55db668c3ab0_271 .net v0x55db668c3ab0 271, 15 0, o0x7f55a6db3618; 0 drivers
o0x7f55a6db3648 .functor BUFZ 16, C4<zzzzzzzzzzzzzzzz>; HiZ drive
v0x55db668c3ab0_272 .net v0x55db668c3ab0 272, 15 0, o0x7f55a6db3648; 0 drivers
o0x7f55a6db3678 .functor BUFZ 16, C4<zzzzzzzzzzzzzzzz>; HiZ drive
v0x55db668c3ab0_273 .net v0x55db668c3ab0 273, 15 0, o0x7f55a6db3678; 0 drivers
o0x7f55a6db36a8 .functor BUFZ 16, C4<zzzzzzzzzzzzzzzz>; HiZ drive
v0x55db668c3ab0_274 .net v0x55db668c3ab0 274, 15 0, o0x7f55a6db36a8; 0 drivers
o0x7f55a6db36d8 .functor BUFZ 16, C4<zzzzzzzzzzzzzzzz>; HiZ drive
v0x55db668c3ab0_275 .net v0x55db668c3ab0 275, 15 0, o0x7f55a6db36d8; 0 drivers
o0x7f55a6db3708 .functor BUFZ 16, C4<zzzzzzzzzzzzzzzz>; HiZ drive
v0x55db668c3ab0_276 .net v0x55db668c3ab0 276, 15 0, o0x7f55a6db3708; 0 drivers
o0x7f55a6db3738 .functor BUFZ 16, C4<zzzzzzzzzzzzzzzz>; HiZ drive
v0x55db668c3ab0_277 .net v0x55db668c3ab0 277, 15 0, o0x7f55a6db3738; 0 drivers
o0x7f55a6db3768 .functor BUFZ 16, C4<zzzzzzzzzzzzzzzz>; HiZ drive
v0x55db668c3ab0_278 .net v0x55db668c3ab0 278, 15 0, o0x7f55a6db3768; 0 drivers
o0x7f55a6db3798 .functor BUFZ 16, C4<zzzzzzzzzzzzzzzz>; HiZ drive
v0x55db668c3ab0_279 .net v0x55db668c3ab0 279, 15 0, o0x7f55a6db3798; 0 drivers
o0x7f55a6db37c8 .functor BUFZ 16, C4<zzzzzzzzzzzzzzzz>; HiZ drive
v0x55db668c3ab0_280 .net v0x55db668c3ab0 280, 15 0, o0x7f55a6db37c8; 0 drivers
o0x7f55a6db37f8 .functor BUFZ 16, C4<zzzzzzzzzzzzzzzz>; HiZ drive
v0x55db668c3ab0_281 .net v0x55db668c3ab0 281, 15 0, o0x7f55a6db37f8; 0 drivers
o0x7f55a6db3828 .functor BUFZ 16, C4<zzzzzzzzzzzzzzzz>; HiZ drive
v0x55db668c3ab0_282 .net v0x55db668c3ab0 282, 15 0, o0x7f55a6db3828; 0 drivers
o0x7f55a6db3858 .functor BUFZ 16, C4<zzzzzzzzzzzzzzzz>; HiZ drive
v0x55db668c3ab0_283 .net v0x55db668c3ab0 283, 15 0, o0x7f55a6db3858; 0 drivers
o0x7f55a6db3888 .functor BUFZ 16, C4<zzzzzzzzzzzzzzzz>; HiZ drive
v0x55db668c3ab0_284 .net v0x55db668c3ab0 284, 15 0, o0x7f55a6db3888; 0 drivers
o0x7f55a6db38b8 .functor BUFZ 16, C4<zzzzzzzzzzzzzzzz>; HiZ drive
v0x55db668c3ab0_285 .net v0x55db668c3ab0 285, 15 0, o0x7f55a6db38b8; 0 drivers
o0x7f55a6db38e8 .functor BUFZ 16, C4<zzzzzzzzzzzzzzzz>; HiZ drive
v0x55db668c3ab0_286 .net v0x55db668c3ab0 286, 15 0, o0x7f55a6db38e8; 0 drivers
o0x7f55a6db3918 .functor BUFZ 16, C4<zzzzzzzzzzzzzzzz>; HiZ drive
v0x55db668c3ab0_287 .net v0x55db668c3ab0 287, 15 0, o0x7f55a6db3918; 0 drivers
o0x7f55a6db3948 .functor BUFZ 16, C4<zzzzzzzzzzzzzzzz>; HiZ drive
v0x55db668c3ab0_288 .net v0x55db668c3ab0 288, 15 0, o0x7f55a6db3948; 0 drivers
o0x7f55a6db3978 .functor BUFZ 16, C4<zzzzzzzzzzzzzzzz>; HiZ drive
v0x55db668c3ab0_289 .net v0x55db668c3ab0 289, 15 0, o0x7f55a6db3978; 0 drivers
o0x7f55a6db39a8 .functor BUFZ 16, C4<zzzzzzzzzzzzzzzz>; HiZ drive
v0x55db668c3ab0_290 .net v0x55db668c3ab0 290, 15 0, o0x7f55a6db39a8; 0 drivers
o0x7f55a6db39d8 .functor BUFZ 16, C4<zzzzzzzzzzzzzzzz>; HiZ drive
v0x55db668c3ab0_291 .net v0x55db668c3ab0 291, 15 0, o0x7f55a6db39d8; 0 drivers
o0x7f55a6db3a08 .functor BUFZ 16, C4<zzzzzzzzzzzzzzzz>; HiZ drive
v0x55db668c3ab0_292 .net v0x55db668c3ab0 292, 15 0, o0x7f55a6db3a08; 0 drivers
o0x7f55a6db3a38 .functor BUFZ 16, C4<zzzzzzzzzzzzzzzz>; HiZ drive
v0x55db668c3ab0_293 .net v0x55db668c3ab0 293, 15 0, o0x7f55a6db3a38; 0 drivers
o0x7f55a6db3a68 .functor BUFZ 16, C4<zzzzzzzzzzzzzzzz>; HiZ drive
v0x55db668c3ab0_294 .net v0x55db668c3ab0 294, 15 0, o0x7f55a6db3a68; 0 drivers
o0x7f55a6db3a98 .functor BUFZ 16, C4<zzzzzzzzzzzzzzzz>; HiZ drive
v0x55db668c3ab0_295 .net v0x55db668c3ab0 295, 15 0, o0x7f55a6db3a98; 0 drivers
o0x7f55a6db3ac8 .functor BUFZ 16, C4<zzzzzzzzzzzzzzzz>; HiZ drive
v0x55db668c3ab0_296 .net v0x55db668c3ab0 296, 15 0, o0x7f55a6db3ac8; 0 drivers
o0x7f55a6db3af8 .functor BUFZ 16, C4<zzzzzzzzzzzzzzzz>; HiZ drive
v0x55db668c3ab0_297 .net v0x55db668c3ab0 297, 15 0, o0x7f55a6db3af8; 0 drivers
o0x7f55a6db3b28 .functor BUFZ 16, C4<zzzzzzzzzzzzzzzz>; HiZ drive
v0x55db668c3ab0_298 .net v0x55db668c3ab0 298, 15 0, o0x7f55a6db3b28; 0 drivers
o0x7f55a6db3b58 .functor BUFZ 16, C4<zzzzzzzzzzzzzzzz>; HiZ drive
v0x55db668c3ab0_299 .net v0x55db668c3ab0 299, 15 0, o0x7f55a6db3b58; 0 drivers
o0x7f55a6db3b88 .functor BUFZ 16, C4<zzzzzzzzzzzzzzzz>; HiZ drive
v0x55db668c3ab0_300 .net v0x55db668c3ab0 300, 15 0, o0x7f55a6db3b88; 0 drivers
o0x7f55a6db3bb8 .functor BUFZ 16, C4<zzzzzzzzzzzzzzzz>; HiZ drive
v0x55db668c3ab0_301 .net v0x55db668c3ab0 301, 15 0, o0x7f55a6db3bb8; 0 drivers
o0x7f55a6db3be8 .functor BUFZ 16, C4<zzzzzzzzzzzzzzzz>; HiZ drive
v0x55db668c3ab0_302 .net v0x55db668c3ab0 302, 15 0, o0x7f55a6db3be8; 0 drivers
o0x7f55a6db3c18 .functor BUFZ 16, C4<zzzzzzzzzzzzzzzz>; HiZ drive
v0x55db668c3ab0_303 .net v0x55db668c3ab0 303, 15 0, o0x7f55a6db3c18; 0 drivers
o0x7f55a6db3c48 .functor BUFZ 16, C4<zzzzzzzzzzzzzzzz>; HiZ drive
v0x55db668c3ab0_304 .net v0x55db668c3ab0 304, 15 0, o0x7f55a6db3c48; 0 drivers
o0x7f55a6db3c78 .functor BUFZ 16, C4<zzzzzzzzzzzzzzzz>; HiZ drive
v0x55db668c3ab0_305 .net v0x55db668c3ab0 305, 15 0, o0x7f55a6db3c78; 0 drivers
o0x7f55a6db3ca8 .functor BUFZ 16, C4<zzzzzzzzzzzzzzzz>; HiZ drive
v0x55db668c3ab0_306 .net v0x55db668c3ab0 306, 15 0, o0x7f55a6db3ca8; 0 drivers
o0x7f55a6db3cd8 .functor BUFZ 16, C4<zzzzzzzzzzzzzzzz>; HiZ drive
v0x55db668c3ab0_307 .net v0x55db668c3ab0 307, 15 0, o0x7f55a6db3cd8; 0 drivers
o0x7f55a6db3d08 .functor BUFZ 16, C4<zzzzzzzzzzzzzzzz>; HiZ drive
v0x55db668c3ab0_308 .net v0x55db668c3ab0 308, 15 0, o0x7f55a6db3d08; 0 drivers
o0x7f55a6db3d38 .functor BUFZ 16, C4<zzzzzzzzzzzzzzzz>; HiZ drive
v0x55db668c3ab0_309 .net v0x55db668c3ab0 309, 15 0, o0x7f55a6db3d38; 0 drivers
o0x7f55a6db3d68 .functor BUFZ 16, C4<zzzzzzzzzzzzzzzz>; HiZ drive
v0x55db668c3ab0_310 .net v0x55db668c3ab0 310, 15 0, o0x7f55a6db3d68; 0 drivers
o0x7f55a6db3d98 .functor BUFZ 16, C4<zzzzzzzzzzzzzzzz>; HiZ drive
v0x55db668c3ab0_311 .net v0x55db668c3ab0 311, 15 0, o0x7f55a6db3d98; 0 drivers
o0x7f55a6db3dc8 .functor BUFZ 16, C4<zzzzzzzzzzzzzzzz>; HiZ drive
v0x55db668c3ab0_312 .net v0x55db668c3ab0 312, 15 0, o0x7f55a6db3dc8; 0 drivers
o0x7f55a6db3df8 .functor BUFZ 16, C4<zzzzzzzzzzzzzzzz>; HiZ drive
v0x55db668c3ab0_313 .net v0x55db668c3ab0 313, 15 0, o0x7f55a6db3df8; 0 drivers
o0x7f55a6db3e28 .functor BUFZ 16, C4<zzzzzzzzzzzzzzzz>; HiZ drive
v0x55db668c3ab0_314 .net v0x55db668c3ab0 314, 15 0, o0x7f55a6db3e28; 0 drivers
o0x7f55a6db3e58 .functor BUFZ 16, C4<zzzzzzzzzzzzzzzz>; HiZ drive
v0x55db668c3ab0_315 .net v0x55db668c3ab0 315, 15 0, o0x7f55a6db3e58; 0 drivers
o0x7f55a6db3e88 .functor BUFZ 16, C4<zzzzzzzzzzzzzzzz>; HiZ drive
v0x55db668c3ab0_316 .net v0x55db668c3ab0 316, 15 0, o0x7f55a6db3e88; 0 drivers
o0x7f55a6db3eb8 .functor BUFZ 16, C4<zzzzzzzzzzzzzzzz>; HiZ drive
v0x55db668c3ab0_317 .net v0x55db668c3ab0 317, 15 0, o0x7f55a6db3eb8; 0 drivers
o0x7f55a6db3ee8 .functor BUFZ 16, C4<zzzzzzzzzzzzzzzz>; HiZ drive
v0x55db668c3ab0_318 .net v0x55db668c3ab0 318, 15 0, o0x7f55a6db3ee8; 0 drivers
o0x7f55a6db3f18 .functor BUFZ 16, C4<zzzzzzzzzzzzzzzz>; HiZ drive
v0x55db668c3ab0_319 .net v0x55db668c3ab0 319, 15 0, o0x7f55a6db3f18; 0 drivers
o0x7f55a6db3f48 .functor BUFZ 16, C4<zzzzzzzzzzzzzzzz>; HiZ drive
v0x55db668c3ab0_320 .net v0x55db668c3ab0 320, 15 0, o0x7f55a6db3f48; 0 drivers
o0x7f55a6db3f78 .functor BUFZ 16, C4<zzzzzzzzzzzzzzzz>; HiZ drive
v0x55db668c3ab0_321 .net v0x55db668c3ab0 321, 15 0, o0x7f55a6db3f78; 0 drivers
o0x7f55a6db3fa8 .functor BUFZ 16, C4<zzzzzzzzzzzzzzzz>; HiZ drive
v0x55db668c3ab0_322 .net v0x55db668c3ab0 322, 15 0, o0x7f55a6db3fa8; 0 drivers
o0x7f55a6db3fd8 .functor BUFZ 16, C4<zzzzzzzzzzzzzzzz>; HiZ drive
v0x55db668c3ab0_323 .net v0x55db668c3ab0 323, 15 0, o0x7f55a6db3fd8; 0 drivers
o0x7f55a6db4008 .functor BUFZ 16, C4<zzzzzzzzzzzzzzzz>; HiZ drive
v0x55db668c3ab0_324 .net v0x55db668c3ab0 324, 15 0, o0x7f55a6db4008; 0 drivers
o0x7f55a6db4038 .functor BUFZ 16, C4<zzzzzzzzzzzzzzzz>; HiZ drive
v0x55db668c3ab0_325 .net v0x55db668c3ab0 325, 15 0, o0x7f55a6db4038; 0 drivers
o0x7f55a6db4068 .functor BUFZ 16, C4<zzzzzzzzzzzzzzzz>; HiZ drive
v0x55db668c3ab0_326 .net v0x55db668c3ab0 326, 15 0, o0x7f55a6db4068; 0 drivers
o0x7f55a6db4098 .functor BUFZ 16, C4<zzzzzzzzzzzzzzzz>; HiZ drive
v0x55db668c3ab0_327 .net v0x55db668c3ab0 327, 15 0, o0x7f55a6db4098; 0 drivers
o0x7f55a6db40c8 .functor BUFZ 16, C4<zzzzzzzzzzzzzzzz>; HiZ drive
v0x55db668c3ab0_328 .net v0x55db668c3ab0 328, 15 0, o0x7f55a6db40c8; 0 drivers
o0x7f55a6db40f8 .functor BUFZ 16, C4<zzzzzzzzzzzzzzzz>; HiZ drive
v0x55db668c3ab0_329 .net v0x55db668c3ab0 329, 15 0, o0x7f55a6db40f8; 0 drivers
o0x7f55a6db4128 .functor BUFZ 16, C4<zzzzzzzzzzzzzzzz>; HiZ drive
v0x55db668c3ab0_330 .net v0x55db668c3ab0 330, 15 0, o0x7f55a6db4128; 0 drivers
o0x7f55a6db4158 .functor BUFZ 16, C4<zzzzzzzzzzzzzzzz>; HiZ drive
v0x55db668c3ab0_331 .net v0x55db668c3ab0 331, 15 0, o0x7f55a6db4158; 0 drivers
o0x7f55a6db4188 .functor BUFZ 16, C4<zzzzzzzzzzzzzzzz>; HiZ drive
v0x55db668c3ab0_332 .net v0x55db668c3ab0 332, 15 0, o0x7f55a6db4188; 0 drivers
o0x7f55a6db41b8 .functor BUFZ 16, C4<zzzzzzzzzzzzzzzz>; HiZ drive
v0x55db668c3ab0_333 .net v0x55db668c3ab0 333, 15 0, o0x7f55a6db41b8; 0 drivers
o0x7f55a6db41e8 .functor BUFZ 16, C4<zzzzzzzzzzzzzzzz>; HiZ drive
v0x55db668c3ab0_334 .net v0x55db668c3ab0 334, 15 0, o0x7f55a6db41e8; 0 drivers
o0x7f55a6db4218 .functor BUFZ 16, C4<zzzzzzzzzzzzzzzz>; HiZ drive
v0x55db668c3ab0_335 .net v0x55db668c3ab0 335, 15 0, o0x7f55a6db4218; 0 drivers
o0x7f55a6db4248 .functor BUFZ 16, C4<zzzzzzzzzzzzzzzz>; HiZ drive
v0x55db668c3ab0_336 .net v0x55db668c3ab0 336, 15 0, o0x7f55a6db4248; 0 drivers
o0x7f55a6db4278 .functor BUFZ 16, C4<zzzzzzzzzzzzzzzz>; HiZ drive
v0x55db668c3ab0_337 .net v0x55db668c3ab0 337, 15 0, o0x7f55a6db4278; 0 drivers
o0x7f55a6db42a8 .functor BUFZ 16, C4<zzzzzzzzzzzzzzzz>; HiZ drive
v0x55db668c3ab0_338 .net v0x55db668c3ab0 338, 15 0, o0x7f55a6db42a8; 0 drivers
o0x7f55a6db42d8 .functor BUFZ 16, C4<zzzzzzzzzzzzzzzz>; HiZ drive
v0x55db668c3ab0_339 .net v0x55db668c3ab0 339, 15 0, o0x7f55a6db42d8; 0 drivers
o0x7f55a6db4308 .functor BUFZ 16, C4<zzzzzzzzzzzzzzzz>; HiZ drive
v0x55db668c3ab0_340 .net v0x55db668c3ab0 340, 15 0, o0x7f55a6db4308; 0 drivers
o0x7f55a6db4338 .functor BUFZ 16, C4<zzzzzzzzzzzzzzzz>; HiZ drive
v0x55db668c3ab0_341 .net v0x55db668c3ab0 341, 15 0, o0x7f55a6db4338; 0 drivers
o0x7f55a6db4368 .functor BUFZ 16, C4<zzzzzzzzzzzzzzzz>; HiZ drive
v0x55db668c3ab0_342 .net v0x55db668c3ab0 342, 15 0, o0x7f55a6db4368; 0 drivers
o0x7f55a6db4398 .functor BUFZ 16, C4<zzzzzzzzzzzzzzzz>; HiZ drive
v0x55db668c3ab0_343 .net v0x55db668c3ab0 343, 15 0, o0x7f55a6db4398; 0 drivers
o0x7f55a6db43c8 .functor BUFZ 16, C4<zzzzzzzzzzzzzzzz>; HiZ drive
v0x55db668c3ab0_344 .net v0x55db668c3ab0 344, 15 0, o0x7f55a6db43c8; 0 drivers
o0x7f55a6db43f8 .functor BUFZ 16, C4<zzzzzzzzzzzzzzzz>; HiZ drive
v0x55db668c3ab0_345 .net v0x55db668c3ab0 345, 15 0, o0x7f55a6db43f8; 0 drivers
o0x7f55a6db4428 .functor BUFZ 16, C4<zzzzzzzzzzzzzzzz>; HiZ drive
v0x55db668c3ab0_346 .net v0x55db668c3ab0 346, 15 0, o0x7f55a6db4428; 0 drivers
o0x7f55a6db4458 .functor BUFZ 16, C4<zzzzzzzzzzzzzzzz>; HiZ drive
v0x55db668c3ab0_347 .net v0x55db668c3ab0 347, 15 0, o0x7f55a6db4458; 0 drivers
o0x7f55a6db4488 .functor BUFZ 16, C4<zzzzzzzzzzzzzzzz>; HiZ drive
v0x55db668c3ab0_348 .net v0x55db668c3ab0 348, 15 0, o0x7f55a6db4488; 0 drivers
o0x7f55a6db44b8 .functor BUFZ 16, C4<zzzzzzzzzzzzzzzz>; HiZ drive
v0x55db668c3ab0_349 .net v0x55db668c3ab0 349, 15 0, o0x7f55a6db44b8; 0 drivers
o0x7f55a6db44e8 .functor BUFZ 16, C4<zzzzzzzzzzzzzzzz>; HiZ drive
v0x55db668c3ab0_350 .net v0x55db668c3ab0 350, 15 0, o0x7f55a6db44e8; 0 drivers
o0x7f55a6db4518 .functor BUFZ 16, C4<zzzzzzzzzzzzzzzz>; HiZ drive
v0x55db668c3ab0_351 .net v0x55db668c3ab0 351, 15 0, o0x7f55a6db4518; 0 drivers
o0x7f55a6db4548 .functor BUFZ 16, C4<zzzzzzzzzzzzzzzz>; HiZ drive
v0x55db668c3ab0_352 .net v0x55db668c3ab0 352, 15 0, o0x7f55a6db4548; 0 drivers
o0x7f55a6db4578 .functor BUFZ 16, C4<zzzzzzzzzzzzzzzz>; HiZ drive
v0x55db668c3ab0_353 .net v0x55db668c3ab0 353, 15 0, o0x7f55a6db4578; 0 drivers
o0x7f55a6db45a8 .functor BUFZ 16, C4<zzzzzzzzzzzzzzzz>; HiZ drive
v0x55db668c3ab0_354 .net v0x55db668c3ab0 354, 15 0, o0x7f55a6db45a8; 0 drivers
o0x7f55a6db45d8 .functor BUFZ 16, C4<zzzzzzzzzzzzzzzz>; HiZ drive
v0x55db668c3ab0_355 .net v0x55db668c3ab0 355, 15 0, o0x7f55a6db45d8; 0 drivers
o0x7f55a6db4608 .functor BUFZ 16, C4<zzzzzzzzzzzzzzzz>; HiZ drive
v0x55db668c3ab0_356 .net v0x55db668c3ab0 356, 15 0, o0x7f55a6db4608; 0 drivers
o0x7f55a6db4638 .functor BUFZ 16, C4<zzzzzzzzzzzzzzzz>; HiZ drive
v0x55db668c3ab0_357 .net v0x55db668c3ab0 357, 15 0, o0x7f55a6db4638; 0 drivers
o0x7f55a6db4668 .functor BUFZ 16, C4<zzzzzzzzzzzzzzzz>; HiZ drive
v0x55db668c3ab0_358 .net v0x55db668c3ab0 358, 15 0, o0x7f55a6db4668; 0 drivers
o0x7f55a6db4698 .functor BUFZ 16, C4<zzzzzzzzzzzzzzzz>; HiZ drive
v0x55db668c3ab0_359 .net v0x55db668c3ab0 359, 15 0, o0x7f55a6db4698; 0 drivers
o0x7f55a6db46c8 .functor BUFZ 16, C4<zzzzzzzzzzzzzzzz>; HiZ drive
v0x55db668c3ab0_360 .net v0x55db668c3ab0 360, 15 0, o0x7f55a6db46c8; 0 drivers
o0x7f55a6db46f8 .functor BUFZ 16, C4<zzzzzzzzzzzzzzzz>; HiZ drive
v0x55db668c3ab0_361 .net v0x55db668c3ab0 361, 15 0, o0x7f55a6db46f8; 0 drivers
o0x7f55a6db4728 .functor BUFZ 16, C4<zzzzzzzzzzzzzzzz>; HiZ drive
v0x55db668c3ab0_362 .net v0x55db668c3ab0 362, 15 0, o0x7f55a6db4728; 0 drivers
o0x7f55a6db4758 .functor BUFZ 16, C4<zzzzzzzzzzzzzzzz>; HiZ drive
v0x55db668c3ab0_363 .net v0x55db668c3ab0 363, 15 0, o0x7f55a6db4758; 0 drivers
o0x7f55a6db4788 .functor BUFZ 16, C4<zzzzzzzzzzzzzzzz>; HiZ drive
v0x55db668c3ab0_364 .net v0x55db668c3ab0 364, 15 0, o0x7f55a6db4788; 0 drivers
o0x7f55a6db47b8 .functor BUFZ 16, C4<zzzzzzzzzzzzzzzz>; HiZ drive
v0x55db668c3ab0_365 .net v0x55db668c3ab0 365, 15 0, o0x7f55a6db47b8; 0 drivers
o0x7f55a6db47e8 .functor BUFZ 16, C4<zzzzzzzzzzzzzzzz>; HiZ drive
v0x55db668c3ab0_366 .net v0x55db668c3ab0 366, 15 0, o0x7f55a6db47e8; 0 drivers
o0x7f55a6db4818 .functor BUFZ 16, C4<zzzzzzzzzzzzzzzz>; HiZ drive
v0x55db668c3ab0_367 .net v0x55db668c3ab0 367, 15 0, o0x7f55a6db4818; 0 drivers
o0x7f55a6db4848 .functor BUFZ 16, C4<zzzzzzzzzzzzzzzz>; HiZ drive
v0x55db668c3ab0_368 .net v0x55db668c3ab0 368, 15 0, o0x7f55a6db4848; 0 drivers
o0x7f55a6db4878 .functor BUFZ 16, C4<zzzzzzzzzzzzzzzz>; HiZ drive
v0x55db668c3ab0_369 .net v0x55db668c3ab0 369, 15 0, o0x7f55a6db4878; 0 drivers
o0x7f55a6db48a8 .functor BUFZ 16, C4<zzzzzzzzzzzzzzzz>; HiZ drive
v0x55db668c3ab0_370 .net v0x55db668c3ab0 370, 15 0, o0x7f55a6db48a8; 0 drivers
o0x7f55a6db48d8 .functor BUFZ 16, C4<zzzzzzzzzzzzzzzz>; HiZ drive
v0x55db668c3ab0_371 .net v0x55db668c3ab0 371, 15 0, o0x7f55a6db48d8; 0 drivers
o0x7f55a6db4908 .functor BUFZ 16, C4<zzzzzzzzzzzzzzzz>; HiZ drive
v0x55db668c3ab0_372 .net v0x55db668c3ab0 372, 15 0, o0x7f55a6db4908; 0 drivers
o0x7f55a6db4938 .functor BUFZ 16, C4<zzzzzzzzzzzzzzzz>; HiZ drive
v0x55db668c3ab0_373 .net v0x55db668c3ab0 373, 15 0, o0x7f55a6db4938; 0 drivers
o0x7f55a6db4968 .functor BUFZ 16, C4<zzzzzzzzzzzzzzzz>; HiZ drive
v0x55db668c3ab0_374 .net v0x55db668c3ab0 374, 15 0, o0x7f55a6db4968; 0 drivers
o0x7f55a6db4998 .functor BUFZ 16, C4<zzzzzzzzzzzzzzzz>; HiZ drive
v0x55db668c3ab0_375 .net v0x55db668c3ab0 375, 15 0, o0x7f55a6db4998; 0 drivers
o0x7f55a6db49c8 .functor BUFZ 16, C4<zzzzzzzzzzzzzzzz>; HiZ drive
v0x55db668c3ab0_376 .net v0x55db668c3ab0 376, 15 0, o0x7f55a6db49c8; 0 drivers
o0x7f55a6db49f8 .functor BUFZ 16, C4<zzzzzzzzzzzzzzzz>; HiZ drive
v0x55db668c3ab0_377 .net v0x55db668c3ab0 377, 15 0, o0x7f55a6db49f8; 0 drivers
o0x7f55a6db4a28 .functor BUFZ 16, C4<zzzzzzzzzzzzzzzz>; HiZ drive
v0x55db668c3ab0_378 .net v0x55db668c3ab0 378, 15 0, o0x7f55a6db4a28; 0 drivers
o0x7f55a6db4a58 .functor BUFZ 16, C4<zzzzzzzzzzzzzzzz>; HiZ drive
v0x55db668c3ab0_379 .net v0x55db668c3ab0 379, 15 0, o0x7f55a6db4a58; 0 drivers
o0x7f55a6db4a88 .functor BUFZ 16, C4<zzzzzzzzzzzzzzzz>; HiZ drive
v0x55db668c3ab0_380 .net v0x55db668c3ab0 380, 15 0, o0x7f55a6db4a88; 0 drivers
o0x7f55a6db4ab8 .functor BUFZ 16, C4<zzzzzzzzzzzzzzzz>; HiZ drive
v0x55db668c3ab0_381 .net v0x55db668c3ab0 381, 15 0, o0x7f55a6db4ab8; 0 drivers
o0x7f55a6db4ae8 .functor BUFZ 16, C4<zzzzzzzzzzzzzzzz>; HiZ drive
v0x55db668c3ab0_382 .net v0x55db668c3ab0 382, 15 0, o0x7f55a6db4ae8; 0 drivers
o0x7f55a6db4b18 .functor BUFZ 16, C4<zzzzzzzzzzzzzzzz>; HiZ drive
v0x55db668c3ab0_383 .net v0x55db668c3ab0 383, 15 0, o0x7f55a6db4b18; 0 drivers
o0x7f55a6db4b48 .functor BUFZ 16, C4<zzzzzzzzzzzzzzzz>; HiZ drive
v0x55db668c3ab0_384 .net v0x55db668c3ab0 384, 15 0, o0x7f55a6db4b48; 0 drivers
o0x7f55a6db4b78 .functor BUFZ 16, C4<zzzzzzzzzzzzzzzz>; HiZ drive
v0x55db668c3ab0_385 .net v0x55db668c3ab0 385, 15 0, o0x7f55a6db4b78; 0 drivers
o0x7f55a6db4ba8 .functor BUFZ 16, C4<zzzzzzzzzzzzzzzz>; HiZ drive
v0x55db668c3ab0_386 .net v0x55db668c3ab0 386, 15 0, o0x7f55a6db4ba8; 0 drivers
o0x7f55a6db4bd8 .functor BUFZ 16, C4<zzzzzzzzzzzzzzzz>; HiZ drive
v0x55db668c3ab0_387 .net v0x55db668c3ab0 387, 15 0, o0x7f55a6db4bd8; 0 drivers
o0x7f55a6db4c08 .functor BUFZ 16, C4<zzzzzzzzzzzzzzzz>; HiZ drive
v0x55db668c3ab0_388 .net v0x55db668c3ab0 388, 15 0, o0x7f55a6db4c08; 0 drivers
o0x7f55a6db4c38 .functor BUFZ 16, C4<zzzzzzzzzzzzzzzz>; HiZ drive
v0x55db668c3ab0_389 .net v0x55db668c3ab0 389, 15 0, o0x7f55a6db4c38; 0 drivers
o0x7f55a6db4c68 .functor BUFZ 16, C4<zzzzzzzzzzzzzzzz>; HiZ drive
v0x55db668c3ab0_390 .net v0x55db668c3ab0 390, 15 0, o0x7f55a6db4c68; 0 drivers
o0x7f55a6db4c98 .functor BUFZ 16, C4<zzzzzzzzzzzzzzzz>; HiZ drive
v0x55db668c3ab0_391 .net v0x55db668c3ab0 391, 15 0, o0x7f55a6db4c98; 0 drivers
o0x7f55a6db4cc8 .functor BUFZ 16, C4<zzzzzzzzzzzzzzzz>; HiZ drive
v0x55db668c3ab0_392 .net v0x55db668c3ab0 392, 15 0, o0x7f55a6db4cc8; 0 drivers
o0x7f55a6db4cf8 .functor BUFZ 16, C4<zzzzzzzzzzzzzzzz>; HiZ drive
v0x55db668c3ab0_393 .net v0x55db668c3ab0 393, 15 0, o0x7f55a6db4cf8; 0 drivers
o0x7f55a6db4d28 .functor BUFZ 16, C4<zzzzzzzzzzzzzzzz>; HiZ drive
v0x55db668c3ab0_394 .net v0x55db668c3ab0 394, 15 0, o0x7f55a6db4d28; 0 drivers
o0x7f55a6db4d58 .functor BUFZ 16, C4<zzzzzzzzzzzzzzzz>; HiZ drive
v0x55db668c3ab0_395 .net v0x55db668c3ab0 395, 15 0, o0x7f55a6db4d58; 0 drivers
o0x7f55a6db4d88 .functor BUFZ 16, C4<zzzzzzzzzzzzzzzz>; HiZ drive
v0x55db668c3ab0_396 .net v0x55db668c3ab0 396, 15 0, o0x7f55a6db4d88; 0 drivers
o0x7f55a6db4db8 .functor BUFZ 16, C4<zzzzzzzzzzzzzzzz>; HiZ drive
v0x55db668c3ab0_397 .net v0x55db668c3ab0 397, 15 0, o0x7f55a6db4db8; 0 drivers
o0x7f55a6db4de8 .functor BUFZ 16, C4<zzzzzzzzzzzzzzzz>; HiZ drive
v0x55db668c3ab0_398 .net v0x55db668c3ab0 398, 15 0, o0x7f55a6db4de8; 0 drivers
o0x7f55a6db4e18 .functor BUFZ 16, C4<zzzzzzzzzzzzzzzz>; HiZ drive
v0x55db668c3ab0_399 .net v0x55db668c3ab0 399, 15 0, o0x7f55a6db4e18; 0 drivers
o0x7f55a6db4e48 .functor BUFZ 16, C4<zzzzzzzzzzzzzzzz>; HiZ drive
v0x55db668c3ab0_400 .net v0x55db668c3ab0 400, 15 0, o0x7f55a6db4e48; 0 drivers
o0x7f55a6db4e78 .functor BUFZ 16, C4<zzzzzzzzzzzzzzzz>; HiZ drive
v0x55db668c3ab0_401 .net v0x55db668c3ab0 401, 15 0, o0x7f55a6db4e78; 0 drivers
o0x7f55a6db4ea8 .functor BUFZ 16, C4<zzzzzzzzzzzzzzzz>; HiZ drive
v0x55db668c3ab0_402 .net v0x55db668c3ab0 402, 15 0, o0x7f55a6db4ea8; 0 drivers
o0x7f55a6db4ed8 .functor BUFZ 16, C4<zzzzzzzzzzzzzzzz>; HiZ drive
v0x55db668c3ab0_403 .net v0x55db668c3ab0 403, 15 0, o0x7f55a6db4ed8; 0 drivers
o0x7f55a6db4f08 .functor BUFZ 16, C4<zzzzzzzzzzzzzzzz>; HiZ drive
v0x55db668c3ab0_404 .net v0x55db668c3ab0 404, 15 0, o0x7f55a6db4f08; 0 drivers
o0x7f55a6db4f38 .functor BUFZ 16, C4<zzzzzzzzzzzzzzzz>; HiZ drive
v0x55db668c3ab0_405 .net v0x55db668c3ab0 405, 15 0, o0x7f55a6db4f38; 0 drivers
o0x7f55a6db4f68 .functor BUFZ 16, C4<zzzzzzzzzzzzzzzz>; HiZ drive
v0x55db668c3ab0_406 .net v0x55db668c3ab0 406, 15 0, o0x7f55a6db4f68; 0 drivers
o0x7f55a6db4f98 .functor BUFZ 16, C4<zzzzzzzzzzzzzzzz>; HiZ drive
v0x55db668c3ab0_407 .net v0x55db668c3ab0 407, 15 0, o0x7f55a6db4f98; 0 drivers
o0x7f55a6db4fc8 .functor BUFZ 16, C4<zzzzzzzzzzzzzzzz>; HiZ drive
v0x55db668c3ab0_408 .net v0x55db668c3ab0 408, 15 0, o0x7f55a6db4fc8; 0 drivers
o0x7f55a6db4ff8 .functor BUFZ 16, C4<zzzzzzzzzzzzzzzz>; HiZ drive
v0x55db668c3ab0_409 .net v0x55db668c3ab0 409, 15 0, o0x7f55a6db4ff8; 0 drivers
o0x7f55a6db5028 .functor BUFZ 16, C4<zzzzzzzzzzzzzzzz>; HiZ drive
v0x55db668c3ab0_410 .net v0x55db668c3ab0 410, 15 0, o0x7f55a6db5028; 0 drivers
o0x7f55a6db5058 .functor BUFZ 16, C4<zzzzzzzzzzzzzzzz>; HiZ drive
v0x55db668c3ab0_411 .net v0x55db668c3ab0 411, 15 0, o0x7f55a6db5058; 0 drivers
o0x7f55a6db5088 .functor BUFZ 16, C4<zzzzzzzzzzzzzzzz>; HiZ drive
v0x55db668c3ab0_412 .net v0x55db668c3ab0 412, 15 0, o0x7f55a6db5088; 0 drivers
o0x7f55a6db50b8 .functor BUFZ 16, C4<zzzzzzzzzzzzzzzz>; HiZ drive
v0x55db668c3ab0_413 .net v0x55db668c3ab0 413, 15 0, o0x7f55a6db50b8; 0 drivers
o0x7f55a6db50e8 .functor BUFZ 16, C4<zzzzzzzzzzzzzzzz>; HiZ drive
v0x55db668c3ab0_414 .net v0x55db668c3ab0 414, 15 0, o0x7f55a6db50e8; 0 drivers
o0x7f55a6db5118 .functor BUFZ 16, C4<zzzzzzzzzzzzzzzz>; HiZ drive
v0x55db668c3ab0_415 .net v0x55db668c3ab0 415, 15 0, o0x7f55a6db5118; 0 drivers
o0x7f55a6db5148 .functor BUFZ 16, C4<zzzzzzzzzzzzzzzz>; HiZ drive
v0x55db668c3ab0_416 .net v0x55db668c3ab0 416, 15 0, o0x7f55a6db5148; 0 drivers
o0x7f55a6db5178 .functor BUFZ 16, C4<zzzzzzzzzzzzzzzz>; HiZ drive
v0x55db668c3ab0_417 .net v0x55db668c3ab0 417, 15 0, o0x7f55a6db5178; 0 drivers
o0x7f55a6db51a8 .functor BUFZ 16, C4<zzzzzzzzzzzzzzzz>; HiZ drive
v0x55db668c3ab0_418 .net v0x55db668c3ab0 418, 15 0, o0x7f55a6db51a8; 0 drivers
o0x7f55a6db51d8 .functor BUFZ 16, C4<zzzzzzzzzzzzzzzz>; HiZ drive
v0x55db668c3ab0_419 .net v0x55db668c3ab0 419, 15 0, o0x7f55a6db51d8; 0 drivers
o0x7f55a6db5208 .functor BUFZ 16, C4<zzzzzzzzzzzzzzzz>; HiZ drive
v0x55db668c3ab0_420 .net v0x55db668c3ab0 420, 15 0, o0x7f55a6db5208; 0 drivers
o0x7f55a6db5238 .functor BUFZ 16, C4<zzzzzzzzzzzzzzzz>; HiZ drive
v0x55db668c3ab0_421 .net v0x55db668c3ab0 421, 15 0, o0x7f55a6db5238; 0 drivers
o0x7f55a6db5268 .functor BUFZ 16, C4<zzzzzzzzzzzzzzzz>; HiZ drive
v0x55db668c3ab0_422 .net v0x55db668c3ab0 422, 15 0, o0x7f55a6db5268; 0 drivers
o0x7f55a6db5298 .functor BUFZ 16, C4<zzzzzzzzzzzzzzzz>; HiZ drive
v0x55db668c3ab0_423 .net v0x55db668c3ab0 423, 15 0, o0x7f55a6db5298; 0 drivers
o0x7f55a6db52c8 .functor BUFZ 16, C4<zzzzzzzzzzzzzzzz>; HiZ drive
v0x55db668c3ab0_424 .net v0x55db668c3ab0 424, 15 0, o0x7f55a6db52c8; 0 drivers
o0x7f55a6db52f8 .functor BUFZ 16, C4<zzzzzzzzzzzzzzzz>; HiZ drive
v0x55db668c3ab0_425 .net v0x55db668c3ab0 425, 15 0, o0x7f55a6db52f8; 0 drivers
o0x7f55a6db5328 .functor BUFZ 16, C4<zzzzzzzzzzzzzzzz>; HiZ drive
v0x55db668c3ab0_426 .net v0x55db668c3ab0 426, 15 0, o0x7f55a6db5328; 0 drivers
o0x7f55a6db5358 .functor BUFZ 16, C4<zzzzzzzzzzzzzzzz>; HiZ drive
v0x55db668c3ab0_427 .net v0x55db668c3ab0 427, 15 0, o0x7f55a6db5358; 0 drivers
o0x7f55a6db5388 .functor BUFZ 16, C4<zzzzzzzzzzzzzzzz>; HiZ drive
v0x55db668c3ab0_428 .net v0x55db668c3ab0 428, 15 0, o0x7f55a6db5388; 0 drivers
o0x7f55a6db53b8 .functor BUFZ 16, C4<zzzzzzzzzzzzzzzz>; HiZ drive
v0x55db668c3ab0_429 .net v0x55db668c3ab0 429, 15 0, o0x7f55a6db53b8; 0 drivers
o0x7f55a6db53e8 .functor BUFZ 16, C4<zzzzzzzzzzzzzzzz>; HiZ drive
v0x55db668c3ab0_430 .net v0x55db668c3ab0 430, 15 0, o0x7f55a6db53e8; 0 drivers
o0x7f55a6db5418 .functor BUFZ 16, C4<zzzzzzzzzzzzzzzz>; HiZ drive
v0x55db668c3ab0_431 .net v0x55db668c3ab0 431, 15 0, o0x7f55a6db5418; 0 drivers
o0x7f55a6db5448 .functor BUFZ 16, C4<zzzzzzzzzzzzzzzz>; HiZ drive
v0x55db668c3ab0_432 .net v0x55db668c3ab0 432, 15 0, o0x7f55a6db5448; 0 drivers
o0x7f55a6db5478 .functor BUFZ 16, C4<zzzzzzzzzzzzzzzz>; HiZ drive
v0x55db668c3ab0_433 .net v0x55db668c3ab0 433, 15 0, o0x7f55a6db5478; 0 drivers
o0x7f55a6db54a8 .functor BUFZ 16, C4<zzzzzzzzzzzzzzzz>; HiZ drive
v0x55db668c3ab0_434 .net v0x55db668c3ab0 434, 15 0, o0x7f55a6db54a8; 0 drivers
o0x7f55a6db54d8 .functor BUFZ 16, C4<zzzzzzzzzzzzzzzz>; HiZ drive
v0x55db668c3ab0_435 .net v0x55db668c3ab0 435, 15 0, o0x7f55a6db54d8; 0 drivers
o0x7f55a6db5508 .functor BUFZ 16, C4<zzzzzzzzzzzzzzzz>; HiZ drive
v0x55db668c3ab0_436 .net v0x55db668c3ab0 436, 15 0, o0x7f55a6db5508; 0 drivers
o0x7f55a6db5538 .functor BUFZ 16, C4<zzzzzzzzzzzzzzzz>; HiZ drive
v0x55db668c3ab0_437 .net v0x55db668c3ab0 437, 15 0, o0x7f55a6db5538; 0 drivers
o0x7f55a6db5568 .functor BUFZ 16, C4<zzzzzzzzzzzzzzzz>; HiZ drive
v0x55db668c3ab0_438 .net v0x55db668c3ab0 438, 15 0, o0x7f55a6db5568; 0 drivers
o0x7f55a6db5598 .functor BUFZ 16, C4<zzzzzzzzzzzzzzzz>; HiZ drive
v0x55db668c3ab0_439 .net v0x55db668c3ab0 439, 15 0, o0x7f55a6db5598; 0 drivers
o0x7f55a6db55c8 .functor BUFZ 16, C4<zzzzzzzzzzzzzzzz>; HiZ drive
v0x55db668c3ab0_440 .net v0x55db668c3ab0 440, 15 0, o0x7f55a6db55c8; 0 drivers
o0x7f55a6db55f8 .functor BUFZ 16, C4<zzzzzzzzzzzzzzzz>; HiZ drive
v0x55db668c3ab0_441 .net v0x55db668c3ab0 441, 15 0, o0x7f55a6db55f8; 0 drivers
o0x7f55a6db5628 .functor BUFZ 16, C4<zzzzzzzzzzzzzzzz>; HiZ drive
v0x55db668c3ab0_442 .net v0x55db668c3ab0 442, 15 0, o0x7f55a6db5628; 0 drivers
o0x7f55a6db5658 .functor BUFZ 16, C4<zzzzzzzzzzzzzzzz>; HiZ drive
v0x55db668c3ab0_443 .net v0x55db668c3ab0 443, 15 0, o0x7f55a6db5658; 0 drivers
o0x7f55a6db5688 .functor BUFZ 16, C4<zzzzzzzzzzzzzzzz>; HiZ drive
v0x55db668c3ab0_444 .net v0x55db668c3ab0 444, 15 0, o0x7f55a6db5688; 0 drivers
o0x7f55a6db56b8 .functor BUFZ 16, C4<zzzzzzzzzzzzzzzz>; HiZ drive
v0x55db668c3ab0_445 .net v0x55db668c3ab0 445, 15 0, o0x7f55a6db56b8; 0 drivers
o0x7f55a6db56e8 .functor BUFZ 16, C4<zzzzzzzzzzzzzzzz>; HiZ drive
v0x55db668c3ab0_446 .net v0x55db668c3ab0 446, 15 0, o0x7f55a6db56e8; 0 drivers
o0x7f55a6db5718 .functor BUFZ 16, C4<zzzzzzzzzzzzzzzz>; HiZ drive
v0x55db668c3ab0_447 .net v0x55db668c3ab0 447, 15 0, o0x7f55a6db5718; 0 drivers
o0x7f55a6db5748 .functor BUFZ 16, C4<zzzzzzzzzzzzzzzz>; HiZ drive
v0x55db668c3ab0_448 .net v0x55db668c3ab0 448, 15 0, o0x7f55a6db5748; 0 drivers
o0x7f55a6db5778 .functor BUFZ 16, C4<zzzzzzzzzzzzzzzz>; HiZ drive
v0x55db668c3ab0_449 .net v0x55db668c3ab0 449, 15 0, o0x7f55a6db5778; 0 drivers
o0x7f55a6db57a8 .functor BUFZ 16, C4<zzzzzzzzzzzzzzzz>; HiZ drive
v0x55db668c3ab0_450 .net v0x55db668c3ab0 450, 15 0, o0x7f55a6db57a8; 0 drivers
o0x7f55a6db57d8 .functor BUFZ 16, C4<zzzzzzzzzzzzzzzz>; HiZ drive
v0x55db668c3ab0_451 .net v0x55db668c3ab0 451, 15 0, o0x7f55a6db57d8; 0 drivers
o0x7f55a6db5808 .functor BUFZ 16, C4<zzzzzzzzzzzzzzzz>; HiZ drive
v0x55db668c3ab0_452 .net v0x55db668c3ab0 452, 15 0, o0x7f55a6db5808; 0 drivers
o0x7f55a6db5838 .functor BUFZ 16, C4<zzzzzzzzzzzzzzzz>; HiZ drive
v0x55db668c3ab0_453 .net v0x55db668c3ab0 453, 15 0, o0x7f55a6db5838; 0 drivers
o0x7f55a6db5868 .functor BUFZ 16, C4<zzzzzzzzzzzzzzzz>; HiZ drive
v0x55db668c3ab0_454 .net v0x55db668c3ab0 454, 15 0, o0x7f55a6db5868; 0 drivers
o0x7f55a6db5898 .functor BUFZ 16, C4<zzzzzzzzzzzzzzzz>; HiZ drive
v0x55db668c3ab0_455 .net v0x55db668c3ab0 455, 15 0, o0x7f55a6db5898; 0 drivers
o0x7f55a6db58c8 .functor BUFZ 16, C4<zzzzzzzzzzzzzzzz>; HiZ drive
v0x55db668c3ab0_456 .net v0x55db668c3ab0 456, 15 0, o0x7f55a6db58c8; 0 drivers
o0x7f55a6db58f8 .functor BUFZ 16, C4<zzzzzzzzzzzzzzzz>; HiZ drive
v0x55db668c3ab0_457 .net v0x55db668c3ab0 457, 15 0, o0x7f55a6db58f8; 0 drivers
o0x7f55a6db5928 .functor BUFZ 16, C4<zzzzzzzzzzzzzzzz>; HiZ drive
v0x55db668c3ab0_458 .net v0x55db668c3ab0 458, 15 0, o0x7f55a6db5928; 0 drivers
o0x7f55a6db5958 .functor BUFZ 16, C4<zzzzzzzzzzzzzzzz>; HiZ drive
v0x55db668c3ab0_459 .net v0x55db668c3ab0 459, 15 0, o0x7f55a6db5958; 0 drivers
o0x7f55a6db5988 .functor BUFZ 16, C4<zzzzzzzzzzzzzzzz>; HiZ drive
v0x55db668c3ab0_460 .net v0x55db668c3ab0 460, 15 0, o0x7f55a6db5988; 0 drivers
o0x7f55a6db59b8 .functor BUFZ 16, C4<zzzzzzzzzzzzzzzz>; HiZ drive
v0x55db668c3ab0_461 .net v0x55db668c3ab0 461, 15 0, o0x7f55a6db59b8; 0 drivers
o0x7f55a6db59e8 .functor BUFZ 16, C4<zzzzzzzzzzzzzzzz>; HiZ drive
v0x55db668c3ab0_462 .net v0x55db668c3ab0 462, 15 0, o0x7f55a6db59e8; 0 drivers
o0x7f55a6db5a18 .functor BUFZ 16, C4<zzzzzzzzzzzzzzzz>; HiZ drive
v0x55db668c3ab0_463 .net v0x55db668c3ab0 463, 15 0, o0x7f55a6db5a18; 0 drivers
o0x7f55a6db5a48 .functor BUFZ 16, C4<zzzzzzzzzzzzzzzz>; HiZ drive
v0x55db668c3ab0_464 .net v0x55db668c3ab0 464, 15 0, o0x7f55a6db5a48; 0 drivers
o0x7f55a6db5a78 .functor BUFZ 16, C4<zzzzzzzzzzzzzzzz>; HiZ drive
v0x55db668c3ab0_465 .net v0x55db668c3ab0 465, 15 0, o0x7f55a6db5a78; 0 drivers
o0x7f55a6db5aa8 .functor BUFZ 16, C4<zzzzzzzzzzzzzzzz>; HiZ drive
v0x55db668c3ab0_466 .net v0x55db668c3ab0 466, 15 0, o0x7f55a6db5aa8; 0 drivers
o0x7f55a6db5ad8 .functor BUFZ 16, C4<zzzzzzzzzzzzzzzz>; HiZ drive
v0x55db668c3ab0_467 .net v0x55db668c3ab0 467, 15 0, o0x7f55a6db5ad8; 0 drivers
o0x7f55a6db5b08 .functor BUFZ 16, C4<zzzzzzzzzzzzzzzz>; HiZ drive
v0x55db668c3ab0_468 .net v0x55db668c3ab0 468, 15 0, o0x7f55a6db5b08; 0 drivers
o0x7f55a6db5b38 .functor BUFZ 16, C4<zzzzzzzzzzzzzzzz>; HiZ drive
v0x55db668c3ab0_469 .net v0x55db668c3ab0 469, 15 0, o0x7f55a6db5b38; 0 drivers
o0x7f55a6db5b68 .functor BUFZ 16, C4<zzzzzzzzzzzzzzzz>; HiZ drive
v0x55db668c3ab0_470 .net v0x55db668c3ab0 470, 15 0, o0x7f55a6db5b68; 0 drivers
o0x7f55a6db5b98 .functor BUFZ 16, C4<zzzzzzzzzzzzzzzz>; HiZ drive
v0x55db668c3ab0_471 .net v0x55db668c3ab0 471, 15 0, o0x7f55a6db5b98; 0 drivers
o0x7f55a6db5bc8 .functor BUFZ 16, C4<zzzzzzzzzzzzzzzz>; HiZ drive
v0x55db668c3ab0_472 .net v0x55db668c3ab0 472, 15 0, o0x7f55a6db5bc8; 0 drivers
o0x7f55a6db5bf8 .functor BUFZ 16, C4<zzzzzzzzzzzzzzzz>; HiZ drive
v0x55db668c3ab0_473 .net v0x55db668c3ab0 473, 15 0, o0x7f55a6db5bf8; 0 drivers
o0x7f55a6db5c28 .functor BUFZ 16, C4<zzzzzzzzzzzzzzzz>; HiZ drive
v0x55db668c3ab0_474 .net v0x55db668c3ab0 474, 15 0, o0x7f55a6db5c28; 0 drivers
o0x7f55a6db5c58 .functor BUFZ 16, C4<zzzzzzzzzzzzzzzz>; HiZ drive
v0x55db668c3ab0_475 .net v0x55db668c3ab0 475, 15 0, o0x7f55a6db5c58; 0 drivers
o0x7f55a6db5c88 .functor BUFZ 16, C4<zzzzzzzzzzzzzzzz>; HiZ drive
v0x55db668c3ab0_476 .net v0x55db668c3ab0 476, 15 0, o0x7f55a6db5c88; 0 drivers
o0x7f55a6db5cb8 .functor BUFZ 16, C4<zzzzzzzzzzzzzzzz>; HiZ drive
v0x55db668c3ab0_477 .net v0x55db668c3ab0 477, 15 0, o0x7f55a6db5cb8; 0 drivers
o0x7f55a6db5ce8 .functor BUFZ 16, C4<zzzzzzzzzzzzzzzz>; HiZ drive
v0x55db668c3ab0_478 .net v0x55db668c3ab0 478, 15 0, o0x7f55a6db5ce8; 0 drivers
o0x7f55a6db5d18 .functor BUFZ 16, C4<zzzzzzzzzzzzzzzz>; HiZ drive
v0x55db668c3ab0_479 .net v0x55db668c3ab0 479, 15 0, o0x7f55a6db5d18; 0 drivers
o0x7f55a6db5d48 .functor BUFZ 16, C4<zzzzzzzzzzzzzzzz>; HiZ drive
v0x55db668c3ab0_480 .net v0x55db668c3ab0 480, 15 0, o0x7f55a6db5d48; 0 drivers
o0x7f55a6db5d78 .functor BUFZ 16, C4<zzzzzzzzzzzzzzzz>; HiZ drive
v0x55db668c3ab0_481 .net v0x55db668c3ab0 481, 15 0, o0x7f55a6db5d78; 0 drivers
o0x7f55a6db5da8 .functor BUFZ 16, C4<zzzzzzzzzzzzzzzz>; HiZ drive
v0x55db668c3ab0_482 .net v0x55db668c3ab0 482, 15 0, o0x7f55a6db5da8; 0 drivers
o0x7f55a6db5dd8 .functor BUFZ 16, C4<zzzzzzzzzzzzzzzz>; HiZ drive
v0x55db668c3ab0_483 .net v0x55db668c3ab0 483, 15 0, o0x7f55a6db5dd8; 0 drivers
o0x7f55a6db5e08 .functor BUFZ 16, C4<zzzzzzzzzzzzzzzz>; HiZ drive
v0x55db668c3ab0_484 .net v0x55db668c3ab0 484, 15 0, o0x7f55a6db5e08; 0 drivers
o0x7f55a6db5e38 .functor BUFZ 16, C4<zzzzzzzzzzzzzzzz>; HiZ drive
v0x55db668c3ab0_485 .net v0x55db668c3ab0 485, 15 0, o0x7f55a6db5e38; 0 drivers
o0x7f55a6db5e68 .functor BUFZ 16, C4<zzzzzzzzzzzzzzzz>; HiZ drive
v0x55db668c3ab0_486 .net v0x55db668c3ab0 486, 15 0, o0x7f55a6db5e68; 0 drivers
o0x7f55a6db5e98 .functor BUFZ 16, C4<zzzzzzzzzzzzzzzz>; HiZ drive
v0x55db668c3ab0_487 .net v0x55db668c3ab0 487, 15 0, o0x7f55a6db5e98; 0 drivers
o0x7f55a6db5ec8 .functor BUFZ 16, C4<zzzzzzzzzzzzzzzz>; HiZ drive
v0x55db668c3ab0_488 .net v0x55db668c3ab0 488, 15 0, o0x7f55a6db5ec8; 0 drivers
o0x7f55a6db5ef8 .functor BUFZ 16, C4<zzzzzzzzzzzzzzzz>; HiZ drive
v0x55db668c3ab0_489 .net v0x55db668c3ab0 489, 15 0, o0x7f55a6db5ef8; 0 drivers
o0x7f55a6db5f28 .functor BUFZ 16, C4<zzzzzzzzzzzzzzzz>; HiZ drive
v0x55db668c3ab0_490 .net v0x55db668c3ab0 490, 15 0, o0x7f55a6db5f28; 0 drivers
o0x7f55a6db5f58 .functor BUFZ 16, C4<zzzzzzzzzzzzzzzz>; HiZ drive
v0x55db668c3ab0_491 .net v0x55db668c3ab0 491, 15 0, o0x7f55a6db5f58; 0 drivers
o0x7f55a6db5f88 .functor BUFZ 16, C4<zzzzzzzzzzzzzzzz>; HiZ drive
v0x55db668c3ab0_492 .net v0x55db668c3ab0 492, 15 0, o0x7f55a6db5f88; 0 drivers
o0x7f55a6db5fb8 .functor BUFZ 16, C4<zzzzzzzzzzzzzzzz>; HiZ drive
v0x55db668c3ab0_493 .net v0x55db668c3ab0 493, 15 0, o0x7f55a6db5fb8; 0 drivers
o0x7f55a6db5fe8 .functor BUFZ 16, C4<zzzzzzzzzzzzzzzz>; HiZ drive
v0x55db668c3ab0_494 .net v0x55db668c3ab0 494, 15 0, o0x7f55a6db5fe8; 0 drivers
o0x7f55a6db6018 .functor BUFZ 16, C4<zzzzzzzzzzzzzzzz>; HiZ drive
v0x55db668c3ab0_495 .net v0x55db668c3ab0 495, 15 0, o0x7f55a6db6018; 0 drivers
o0x7f55a6db6048 .functor BUFZ 16, C4<zzzzzzzzzzzzzzzz>; HiZ drive
v0x55db668c3ab0_496 .net v0x55db668c3ab0 496, 15 0, o0x7f55a6db6048; 0 drivers
o0x7f55a6db6078 .functor BUFZ 16, C4<zzzzzzzzzzzzzzzz>; HiZ drive
v0x55db668c3ab0_497 .net v0x55db668c3ab0 497, 15 0, o0x7f55a6db6078; 0 drivers
o0x7f55a6db60a8 .functor BUFZ 16, C4<zzzzzzzzzzzzzzzz>; HiZ drive
v0x55db668c3ab0_498 .net v0x55db668c3ab0 498, 15 0, o0x7f55a6db60a8; 0 drivers
o0x7f55a6db60d8 .functor BUFZ 16, C4<zzzzzzzzzzzzzzzz>; HiZ drive
v0x55db668c3ab0_499 .net v0x55db668c3ab0 499, 15 0, o0x7f55a6db60d8; 0 drivers
o0x7f55a6db6108 .functor BUFZ 16, C4<zzzzzzzzzzzzzzzz>; HiZ drive
v0x55db668c3ab0_500 .net v0x55db668c3ab0 500, 15 0, o0x7f55a6db6108; 0 drivers
o0x7f55a6db6138 .functor BUFZ 16, C4<zzzzzzzzzzzzzzzz>; HiZ drive
v0x55db668c3ab0_501 .net v0x55db668c3ab0 501, 15 0, o0x7f55a6db6138; 0 drivers
o0x7f55a6db6168 .functor BUFZ 16, C4<zzzzzzzzzzzzzzzz>; HiZ drive
v0x55db668c3ab0_502 .net v0x55db668c3ab0 502, 15 0, o0x7f55a6db6168; 0 drivers
o0x7f55a6db6198 .functor BUFZ 16, C4<zzzzzzzzzzzzzzzz>; HiZ drive
v0x55db668c3ab0_503 .net v0x55db668c3ab0 503, 15 0, o0x7f55a6db6198; 0 drivers
o0x7f55a6db61c8 .functor BUFZ 16, C4<zzzzzzzzzzzzzzzz>; HiZ drive
v0x55db668c3ab0_504 .net v0x55db668c3ab0 504, 15 0, o0x7f55a6db61c8; 0 drivers
o0x7f55a6db61f8 .functor BUFZ 16, C4<zzzzzzzzzzzzzzzz>; HiZ drive
v0x55db668c3ab0_505 .net v0x55db668c3ab0 505, 15 0, o0x7f55a6db61f8; 0 drivers
o0x7f55a6db6228 .functor BUFZ 16, C4<zzzzzzzzzzzzzzzz>; HiZ drive
v0x55db668c3ab0_506 .net v0x55db668c3ab0 506, 15 0, o0x7f55a6db6228; 0 drivers
o0x7f55a6db6258 .functor BUFZ 16, C4<zzzzzzzzzzzzzzzz>; HiZ drive
v0x55db668c3ab0_507 .net v0x55db668c3ab0 507, 15 0, o0x7f55a6db6258; 0 drivers
o0x7f55a6db6288 .functor BUFZ 16, C4<zzzzzzzzzzzzzzzz>; HiZ drive
v0x55db668c3ab0_508 .net v0x55db668c3ab0 508, 15 0, o0x7f55a6db6288; 0 drivers
o0x7f55a6db62b8 .functor BUFZ 16, C4<zzzzzzzzzzzzzzzz>; HiZ drive
v0x55db668c3ab0_509 .net v0x55db668c3ab0 509, 15 0, o0x7f55a6db62b8; 0 drivers
o0x7f55a6db62e8 .functor BUFZ 16, C4<zzzzzzzzzzzzzzzz>; HiZ drive
v0x55db668c3ab0_510 .net v0x55db668c3ab0 510, 15 0, o0x7f55a6db62e8; 0 drivers
o0x7f55a6db6318 .functor BUFZ 16, C4<zzzzzzzzzzzzzzzz>; HiZ drive
v0x55db668c3ab0_511 .net v0x55db668c3ab0 511, 15 0, o0x7f55a6db6318; 0 drivers
v0x55db668b4c30 .array "data_out", 511 0, 15 0;
v0x55db668b4cd0_0 .var "din_flat", 8191 0;
v0x55db668b4720_0 .var "dout_flat", 8191 0;
o0x7f55a6db63a8 .functor BUFZ 1, C4<z>; HiZ drive
v0x55db668b41d0_0 .net "en", 0 0, o0x7f55a6db63a8;  0 drivers
o0x7f55a6db63d8 .functor BUFZ 1, C4<z>; HiZ drive
v0x55db668b3c80_0 .net "rst_n", 0 0, o0x7f55a6db63d8;  0 drivers
o0x7f55a6db6408 .functor BUFZ 1, C4<z>; HiZ drive
v0x55db668b3d40_0 .net "valid_in", 0 0, o0x7f55a6db6408;  0 drivers
v0x55db668b3750_0 .var "valid_out", 0 0;
E_0x55db667535d0 .event edge, v0x55db668b4720_0;
E_0x55db6694e7b0/0 .event negedge, v0x55db668b3c80_0;
E_0x55db6694e7b0/1 .event posedge, v0x55db668c3fe0_0;
E_0x55db6694e7b0 .event/or E_0x55db6694e7b0/0, E_0x55db6694e7b0/1;
E_0x55db668c4ac0/0 .event edge, v0x55db668c3ab0_0, v0x55db668c3ab0_1, v0x55db668c3ab0_2, v0x55db668c3ab0_3;
E_0x55db668c4ac0/1 .event edge, v0x55db668c3ab0_4, v0x55db668c3ab0_5, v0x55db668c3ab0_6, v0x55db668c3ab0_7;
E_0x55db668c4ac0/2 .event edge, v0x55db668c3ab0_8, v0x55db668c3ab0_9, v0x55db668c3ab0_10, v0x55db668c3ab0_11;
E_0x55db668c4ac0/3 .event edge, v0x55db668c3ab0_12, v0x55db668c3ab0_13, v0x55db668c3ab0_14, v0x55db668c3ab0_15;
E_0x55db668c4ac0/4 .event edge, v0x55db668c3ab0_16, v0x55db668c3ab0_17, v0x55db668c3ab0_18, v0x55db668c3ab0_19;
E_0x55db668c4ac0/5 .event edge, v0x55db668c3ab0_20, v0x55db668c3ab0_21, v0x55db668c3ab0_22, v0x55db668c3ab0_23;
E_0x55db668c4ac0/6 .event edge, v0x55db668c3ab0_24, v0x55db668c3ab0_25, v0x55db668c3ab0_26, v0x55db668c3ab0_27;
E_0x55db668c4ac0/7 .event edge, v0x55db668c3ab0_28, v0x55db668c3ab0_29, v0x55db668c3ab0_30, v0x55db668c3ab0_31;
E_0x55db668c4ac0/8 .event edge, v0x55db668c3ab0_32, v0x55db668c3ab0_33, v0x55db668c3ab0_34, v0x55db668c3ab0_35;
E_0x55db668c4ac0/9 .event edge, v0x55db668c3ab0_36, v0x55db668c3ab0_37, v0x55db668c3ab0_38, v0x55db668c3ab0_39;
E_0x55db668c4ac0/10 .event edge, v0x55db668c3ab0_40, v0x55db668c3ab0_41, v0x55db668c3ab0_42, v0x55db668c3ab0_43;
E_0x55db668c4ac0/11 .event edge, v0x55db668c3ab0_44, v0x55db668c3ab0_45, v0x55db668c3ab0_46, v0x55db668c3ab0_47;
E_0x55db668c4ac0/12 .event edge, v0x55db668c3ab0_48, v0x55db668c3ab0_49, v0x55db668c3ab0_50, v0x55db668c3ab0_51;
E_0x55db668c4ac0/13 .event edge, v0x55db668c3ab0_52, v0x55db668c3ab0_53, v0x55db668c3ab0_54, v0x55db668c3ab0_55;
E_0x55db668c4ac0/14 .event edge, v0x55db668c3ab0_56, v0x55db668c3ab0_57, v0x55db668c3ab0_58, v0x55db668c3ab0_59;
E_0x55db668c4ac0/15 .event edge, v0x55db668c3ab0_60, v0x55db668c3ab0_61, v0x55db668c3ab0_62, v0x55db668c3ab0_63;
E_0x55db668c4ac0/16 .event edge, v0x55db668c3ab0_64, v0x55db668c3ab0_65, v0x55db668c3ab0_66, v0x55db668c3ab0_67;
E_0x55db668c4ac0/17 .event edge, v0x55db668c3ab0_68, v0x55db668c3ab0_69, v0x55db668c3ab0_70, v0x55db668c3ab0_71;
E_0x55db668c4ac0/18 .event edge, v0x55db668c3ab0_72, v0x55db668c3ab0_73, v0x55db668c3ab0_74, v0x55db668c3ab0_75;
E_0x55db668c4ac0/19 .event edge, v0x55db668c3ab0_76, v0x55db668c3ab0_77, v0x55db668c3ab0_78, v0x55db668c3ab0_79;
E_0x55db668c4ac0/20 .event edge, v0x55db668c3ab0_80, v0x55db668c3ab0_81, v0x55db668c3ab0_82, v0x55db668c3ab0_83;
E_0x55db668c4ac0/21 .event edge, v0x55db668c3ab0_84, v0x55db668c3ab0_85, v0x55db668c3ab0_86, v0x55db668c3ab0_87;
E_0x55db668c4ac0/22 .event edge, v0x55db668c3ab0_88, v0x55db668c3ab0_89, v0x55db668c3ab0_90, v0x55db668c3ab0_91;
E_0x55db668c4ac0/23 .event edge, v0x55db668c3ab0_92, v0x55db668c3ab0_93, v0x55db668c3ab0_94, v0x55db668c3ab0_95;
E_0x55db668c4ac0/24 .event edge, v0x55db668c3ab0_96, v0x55db668c3ab0_97, v0x55db668c3ab0_98, v0x55db668c3ab0_99;
E_0x55db668c4ac0/25 .event edge, v0x55db668c3ab0_100, v0x55db668c3ab0_101, v0x55db668c3ab0_102, v0x55db668c3ab0_103;
E_0x55db668c4ac0/26 .event edge, v0x55db668c3ab0_104, v0x55db668c3ab0_105, v0x55db668c3ab0_106, v0x55db668c3ab0_107;
E_0x55db668c4ac0/27 .event edge, v0x55db668c3ab0_108, v0x55db668c3ab0_109, v0x55db668c3ab0_110, v0x55db668c3ab0_111;
E_0x55db668c4ac0/28 .event edge, v0x55db668c3ab0_112, v0x55db668c3ab0_113, v0x55db668c3ab0_114, v0x55db668c3ab0_115;
E_0x55db668c4ac0/29 .event edge, v0x55db668c3ab0_116, v0x55db668c3ab0_117, v0x55db668c3ab0_118, v0x55db668c3ab0_119;
E_0x55db668c4ac0/30 .event edge, v0x55db668c3ab0_120, v0x55db668c3ab0_121, v0x55db668c3ab0_122, v0x55db668c3ab0_123;
E_0x55db668c4ac0/31 .event edge, v0x55db668c3ab0_124, v0x55db668c3ab0_125, v0x55db668c3ab0_126, v0x55db668c3ab0_127;
E_0x55db668c4ac0/32 .event edge, v0x55db668c3ab0_128, v0x55db668c3ab0_129, v0x55db668c3ab0_130, v0x55db668c3ab0_131;
E_0x55db668c4ac0/33 .event edge, v0x55db668c3ab0_132, v0x55db668c3ab0_133, v0x55db668c3ab0_134, v0x55db668c3ab0_135;
E_0x55db668c4ac0/34 .event edge, v0x55db668c3ab0_136, v0x55db668c3ab0_137, v0x55db668c3ab0_138, v0x55db668c3ab0_139;
E_0x55db668c4ac0/35 .event edge, v0x55db668c3ab0_140, v0x55db668c3ab0_141, v0x55db668c3ab0_142, v0x55db668c3ab0_143;
E_0x55db668c4ac0/36 .event edge, v0x55db668c3ab0_144, v0x55db668c3ab0_145, v0x55db668c3ab0_146, v0x55db668c3ab0_147;
E_0x55db668c4ac0/37 .event edge, v0x55db668c3ab0_148, v0x55db668c3ab0_149, v0x55db668c3ab0_150, v0x55db668c3ab0_151;
E_0x55db668c4ac0/38 .event edge, v0x55db668c3ab0_152, v0x55db668c3ab0_153, v0x55db668c3ab0_154, v0x55db668c3ab0_155;
E_0x55db668c4ac0/39 .event edge, v0x55db668c3ab0_156, v0x55db668c3ab0_157, v0x55db668c3ab0_158, v0x55db668c3ab0_159;
E_0x55db668c4ac0/40 .event edge, v0x55db668c3ab0_160, v0x55db668c3ab0_161, v0x55db668c3ab0_162, v0x55db668c3ab0_163;
E_0x55db668c4ac0/41 .event edge, v0x55db668c3ab0_164, v0x55db668c3ab0_165, v0x55db668c3ab0_166, v0x55db668c3ab0_167;
E_0x55db668c4ac0/42 .event edge, v0x55db668c3ab0_168, v0x55db668c3ab0_169, v0x55db668c3ab0_170, v0x55db668c3ab0_171;
E_0x55db668c4ac0/43 .event edge, v0x55db668c3ab0_172, v0x55db668c3ab0_173, v0x55db668c3ab0_174, v0x55db668c3ab0_175;
E_0x55db668c4ac0/44 .event edge, v0x55db668c3ab0_176, v0x55db668c3ab0_177, v0x55db668c3ab0_178, v0x55db668c3ab0_179;
E_0x55db668c4ac0/45 .event edge, v0x55db668c3ab0_180, v0x55db668c3ab0_181, v0x55db668c3ab0_182, v0x55db668c3ab0_183;
E_0x55db668c4ac0/46 .event edge, v0x55db668c3ab0_184, v0x55db668c3ab0_185, v0x55db668c3ab0_186, v0x55db668c3ab0_187;
E_0x55db668c4ac0/47 .event edge, v0x55db668c3ab0_188, v0x55db668c3ab0_189, v0x55db668c3ab0_190, v0x55db668c3ab0_191;
E_0x55db668c4ac0/48 .event edge, v0x55db668c3ab0_192, v0x55db668c3ab0_193, v0x55db668c3ab0_194, v0x55db668c3ab0_195;
E_0x55db668c4ac0/49 .event edge, v0x55db668c3ab0_196, v0x55db668c3ab0_197, v0x55db668c3ab0_198, v0x55db668c3ab0_199;
E_0x55db668c4ac0/50 .event edge, v0x55db668c3ab0_200, v0x55db668c3ab0_201, v0x55db668c3ab0_202, v0x55db668c3ab0_203;
E_0x55db668c4ac0/51 .event edge, v0x55db668c3ab0_204, v0x55db668c3ab0_205, v0x55db668c3ab0_206, v0x55db668c3ab0_207;
E_0x55db668c4ac0/52 .event edge, v0x55db668c3ab0_208, v0x55db668c3ab0_209, v0x55db668c3ab0_210, v0x55db668c3ab0_211;
E_0x55db668c4ac0/53 .event edge, v0x55db668c3ab0_212, v0x55db668c3ab0_213, v0x55db668c3ab0_214, v0x55db668c3ab0_215;
E_0x55db668c4ac0/54 .event edge, v0x55db668c3ab0_216, v0x55db668c3ab0_217, v0x55db668c3ab0_218, v0x55db668c3ab0_219;
E_0x55db668c4ac0/55 .event edge, v0x55db668c3ab0_220, v0x55db668c3ab0_221, v0x55db668c3ab0_222, v0x55db668c3ab0_223;
E_0x55db668c4ac0/56 .event edge, v0x55db668c3ab0_224, v0x55db668c3ab0_225, v0x55db668c3ab0_226, v0x55db668c3ab0_227;
E_0x55db668c4ac0/57 .event edge, v0x55db668c3ab0_228, v0x55db668c3ab0_229, v0x55db668c3ab0_230, v0x55db668c3ab0_231;
E_0x55db668c4ac0/58 .event edge, v0x55db668c3ab0_232, v0x55db668c3ab0_233, v0x55db668c3ab0_234, v0x55db668c3ab0_235;
E_0x55db668c4ac0/59 .event edge, v0x55db668c3ab0_236, v0x55db668c3ab0_237, v0x55db668c3ab0_238, v0x55db668c3ab0_239;
E_0x55db668c4ac0/60 .event edge, v0x55db668c3ab0_240, v0x55db668c3ab0_241, v0x55db668c3ab0_242, v0x55db668c3ab0_243;
E_0x55db668c4ac0/61 .event edge, v0x55db668c3ab0_244, v0x55db668c3ab0_245, v0x55db668c3ab0_246, v0x55db668c3ab0_247;
E_0x55db668c4ac0/62 .event edge, v0x55db668c3ab0_248, v0x55db668c3ab0_249, v0x55db668c3ab0_250, v0x55db668c3ab0_251;
E_0x55db668c4ac0/63 .event edge, v0x55db668c3ab0_252, v0x55db668c3ab0_253, v0x55db668c3ab0_254, v0x55db668c3ab0_255;
E_0x55db668c4ac0/64 .event edge, v0x55db668c3ab0_256, v0x55db668c3ab0_257, v0x55db668c3ab0_258, v0x55db668c3ab0_259;
E_0x55db668c4ac0/65 .event edge, v0x55db668c3ab0_260, v0x55db668c3ab0_261, v0x55db668c3ab0_262, v0x55db668c3ab0_263;
E_0x55db668c4ac0/66 .event edge, v0x55db668c3ab0_264, v0x55db668c3ab0_265, v0x55db668c3ab0_266, v0x55db668c3ab0_267;
E_0x55db668c4ac0/67 .event edge, v0x55db668c3ab0_268, v0x55db668c3ab0_269, v0x55db668c3ab0_270, v0x55db668c3ab0_271;
E_0x55db668c4ac0/68 .event edge, v0x55db668c3ab0_272, v0x55db668c3ab0_273, v0x55db668c3ab0_274, v0x55db668c3ab0_275;
E_0x55db668c4ac0/69 .event edge, v0x55db668c3ab0_276, v0x55db668c3ab0_277, v0x55db668c3ab0_278, v0x55db668c3ab0_279;
E_0x55db668c4ac0/70 .event edge, v0x55db668c3ab0_280, v0x55db668c3ab0_281, v0x55db668c3ab0_282, v0x55db668c3ab0_283;
E_0x55db668c4ac0/71 .event edge, v0x55db668c3ab0_284, v0x55db668c3ab0_285, v0x55db668c3ab0_286, v0x55db668c3ab0_287;
E_0x55db668c4ac0/72 .event edge, v0x55db668c3ab0_288, v0x55db668c3ab0_289, v0x55db668c3ab0_290, v0x55db668c3ab0_291;
E_0x55db668c4ac0/73 .event edge, v0x55db668c3ab0_292, v0x55db668c3ab0_293, v0x55db668c3ab0_294, v0x55db668c3ab0_295;
E_0x55db668c4ac0/74 .event edge, v0x55db668c3ab0_296, v0x55db668c3ab0_297, v0x55db668c3ab0_298, v0x55db668c3ab0_299;
E_0x55db668c4ac0/75 .event edge, v0x55db668c3ab0_300, v0x55db668c3ab0_301, v0x55db668c3ab0_302, v0x55db668c3ab0_303;
E_0x55db668c4ac0/76 .event edge, v0x55db668c3ab0_304, v0x55db668c3ab0_305, v0x55db668c3ab0_306, v0x55db668c3ab0_307;
E_0x55db668c4ac0/77 .event edge, v0x55db668c3ab0_308, v0x55db668c3ab0_309, v0x55db668c3ab0_310, v0x55db668c3ab0_311;
E_0x55db668c4ac0/78 .event edge, v0x55db668c3ab0_312, v0x55db668c3ab0_313, v0x55db668c3ab0_314, v0x55db668c3ab0_315;
E_0x55db668c4ac0/79 .event edge, v0x55db668c3ab0_316, v0x55db668c3ab0_317, v0x55db668c3ab0_318, v0x55db668c3ab0_319;
E_0x55db668c4ac0/80 .event edge, v0x55db668c3ab0_320, v0x55db668c3ab0_321, v0x55db668c3ab0_322, v0x55db668c3ab0_323;
E_0x55db668c4ac0/81 .event edge, v0x55db668c3ab0_324, v0x55db668c3ab0_325, v0x55db668c3ab0_326, v0x55db668c3ab0_327;
E_0x55db668c4ac0/82 .event edge, v0x55db668c3ab0_328, v0x55db668c3ab0_329, v0x55db668c3ab0_330, v0x55db668c3ab0_331;
E_0x55db668c4ac0/83 .event edge, v0x55db668c3ab0_332, v0x55db668c3ab0_333, v0x55db668c3ab0_334, v0x55db668c3ab0_335;
E_0x55db668c4ac0/84 .event edge, v0x55db668c3ab0_336, v0x55db668c3ab0_337, v0x55db668c3ab0_338, v0x55db668c3ab0_339;
E_0x55db668c4ac0/85 .event edge, v0x55db668c3ab0_340, v0x55db668c3ab0_341, v0x55db668c3ab0_342, v0x55db668c3ab0_343;
E_0x55db668c4ac0/86 .event edge, v0x55db668c3ab0_344, v0x55db668c3ab0_345, v0x55db668c3ab0_346, v0x55db668c3ab0_347;
E_0x55db668c4ac0/87 .event edge, v0x55db668c3ab0_348, v0x55db668c3ab0_349, v0x55db668c3ab0_350, v0x55db668c3ab0_351;
E_0x55db668c4ac0/88 .event edge, v0x55db668c3ab0_352, v0x55db668c3ab0_353, v0x55db668c3ab0_354, v0x55db668c3ab0_355;
E_0x55db668c4ac0/89 .event edge, v0x55db668c3ab0_356, v0x55db668c3ab0_357, v0x55db668c3ab0_358, v0x55db668c3ab0_359;
E_0x55db668c4ac0/90 .event edge, v0x55db668c3ab0_360, v0x55db668c3ab0_361, v0x55db668c3ab0_362, v0x55db668c3ab0_363;
E_0x55db668c4ac0/91 .event edge, v0x55db668c3ab0_364, v0x55db668c3ab0_365, v0x55db668c3ab0_366, v0x55db668c3ab0_367;
E_0x55db668c4ac0/92 .event edge, v0x55db668c3ab0_368, v0x55db668c3ab0_369, v0x55db668c3ab0_370, v0x55db668c3ab0_371;
E_0x55db668c4ac0/93 .event edge, v0x55db668c3ab0_372, v0x55db668c3ab0_373, v0x55db668c3ab0_374, v0x55db668c3ab0_375;
E_0x55db668c4ac0/94 .event edge, v0x55db668c3ab0_376, v0x55db668c3ab0_377, v0x55db668c3ab0_378, v0x55db668c3ab0_379;
E_0x55db668c4ac0/95 .event edge, v0x55db668c3ab0_380, v0x55db668c3ab0_381, v0x55db668c3ab0_382, v0x55db668c3ab0_383;
E_0x55db668c4ac0/96 .event edge, v0x55db668c3ab0_384, v0x55db668c3ab0_385, v0x55db668c3ab0_386, v0x55db668c3ab0_387;
E_0x55db668c4ac0/97 .event edge, v0x55db668c3ab0_388, v0x55db668c3ab0_389, v0x55db668c3ab0_390, v0x55db668c3ab0_391;
E_0x55db668c4ac0/98 .event edge, v0x55db668c3ab0_392, v0x55db668c3ab0_393, v0x55db668c3ab0_394, v0x55db668c3ab0_395;
E_0x55db668c4ac0/99 .event edge, v0x55db668c3ab0_396, v0x55db668c3ab0_397, v0x55db668c3ab0_398, v0x55db668c3ab0_399;
E_0x55db668c4ac0/100 .event edge, v0x55db668c3ab0_400, v0x55db668c3ab0_401, v0x55db668c3ab0_402, v0x55db668c3ab0_403;
E_0x55db668c4ac0/101 .event edge, v0x55db668c3ab0_404, v0x55db668c3ab0_405, v0x55db668c3ab0_406, v0x55db668c3ab0_407;
E_0x55db668c4ac0/102 .event edge, v0x55db668c3ab0_408, v0x55db668c3ab0_409, v0x55db668c3ab0_410, v0x55db668c3ab0_411;
E_0x55db668c4ac0/103 .event edge, v0x55db668c3ab0_412, v0x55db668c3ab0_413, v0x55db668c3ab0_414, v0x55db668c3ab0_415;
E_0x55db668c4ac0/104 .event edge, v0x55db668c3ab0_416, v0x55db668c3ab0_417, v0x55db668c3ab0_418, v0x55db668c3ab0_419;
E_0x55db668c4ac0/105 .event edge, v0x55db668c3ab0_420, v0x55db668c3ab0_421, v0x55db668c3ab0_422, v0x55db668c3ab0_423;
E_0x55db668c4ac0/106 .event edge, v0x55db668c3ab0_424, v0x55db668c3ab0_425, v0x55db668c3ab0_426, v0x55db668c3ab0_427;
E_0x55db668c4ac0/107 .event edge, v0x55db668c3ab0_428, v0x55db668c3ab0_429, v0x55db668c3ab0_430, v0x55db668c3ab0_431;
E_0x55db668c4ac0/108 .event edge, v0x55db668c3ab0_432, v0x55db668c3ab0_433, v0x55db668c3ab0_434, v0x55db668c3ab0_435;
E_0x55db668c4ac0/109 .event edge, v0x55db668c3ab0_436, v0x55db668c3ab0_437, v0x55db668c3ab0_438, v0x55db668c3ab0_439;
E_0x55db668c4ac0/110 .event edge, v0x55db668c3ab0_440, v0x55db668c3ab0_441, v0x55db668c3ab0_442, v0x55db668c3ab0_443;
E_0x55db668c4ac0/111 .event edge, v0x55db668c3ab0_444, v0x55db668c3ab0_445, v0x55db668c3ab0_446, v0x55db668c3ab0_447;
E_0x55db668c4ac0/112 .event edge, v0x55db668c3ab0_448, v0x55db668c3ab0_449, v0x55db668c3ab0_450, v0x55db668c3ab0_451;
E_0x55db668c4ac0/113 .event edge, v0x55db668c3ab0_452, v0x55db668c3ab0_453, v0x55db668c3ab0_454, v0x55db668c3ab0_455;
E_0x55db668c4ac0/114 .event edge, v0x55db668c3ab0_456, v0x55db668c3ab0_457, v0x55db668c3ab0_458, v0x55db668c3ab0_459;
E_0x55db668c4ac0/115 .event edge, v0x55db668c3ab0_460, v0x55db668c3ab0_461, v0x55db668c3ab0_462, v0x55db668c3ab0_463;
E_0x55db668c4ac0/116 .event edge, v0x55db668c3ab0_464, v0x55db668c3ab0_465, v0x55db668c3ab0_466, v0x55db668c3ab0_467;
E_0x55db668c4ac0/117 .event edge, v0x55db668c3ab0_468, v0x55db668c3ab0_469, v0x55db668c3ab0_470, v0x55db668c3ab0_471;
E_0x55db668c4ac0/118 .event edge, v0x55db668c3ab0_472, v0x55db668c3ab0_473, v0x55db668c3ab0_474, v0x55db668c3ab0_475;
E_0x55db668c4ac0/119 .event edge, v0x55db668c3ab0_476, v0x55db668c3ab0_477, v0x55db668c3ab0_478, v0x55db668c3ab0_479;
E_0x55db668c4ac0/120 .event edge, v0x55db668c3ab0_480, v0x55db668c3ab0_481, v0x55db668c3ab0_482, v0x55db668c3ab0_483;
E_0x55db668c4ac0/121 .event edge, v0x55db668c3ab0_484, v0x55db668c3ab0_485, v0x55db668c3ab0_486, v0x55db668c3ab0_487;
E_0x55db668c4ac0/122 .event edge, v0x55db668c3ab0_488, v0x55db668c3ab0_489, v0x55db668c3ab0_490, v0x55db668c3ab0_491;
E_0x55db668c4ac0/123 .event edge, v0x55db668c3ab0_492, v0x55db668c3ab0_493, v0x55db668c3ab0_494, v0x55db668c3ab0_495;
E_0x55db668c4ac0/124 .event edge, v0x55db668c3ab0_496, v0x55db668c3ab0_497, v0x55db668c3ab0_498, v0x55db668c3ab0_499;
E_0x55db668c4ac0/125 .event edge, v0x55db668c3ab0_500, v0x55db668c3ab0_501, v0x55db668c3ab0_502, v0x55db668c3ab0_503;
E_0x55db668c4ac0/126 .event edge, v0x55db668c3ab0_504, v0x55db668c3ab0_505, v0x55db668c3ab0_506, v0x55db668c3ab0_507;
E_0x55db668c4ac0/127 .event edge, v0x55db668c3ab0_508, v0x55db668c3ab0_509, v0x55db668c3ab0_510, v0x55db668c3ab0_511;
E_0x55db668c4ac0 .event/or E_0x55db668c4ac0/0, E_0x55db668c4ac0/1, E_0x55db668c4ac0/2, E_0x55db668c4ac0/3, E_0x55db668c4ac0/4, E_0x55db668c4ac0/5, E_0x55db668c4ac0/6, E_0x55db668c4ac0/7, E_0x55db668c4ac0/8, E_0x55db668c4ac0/9, E_0x55db668c4ac0/10, E_0x55db668c4ac0/11, E_0x55db668c4ac0/12, E_0x55db668c4ac0/13, E_0x55db668c4ac0/14, E_0x55db668c4ac0/15, E_0x55db668c4ac0/16, E_0x55db668c4ac0/17, E_0x55db668c4ac0/18, E_0x55db668c4ac0/19, E_0x55db668c4ac0/20, E_0x55db668c4ac0/21, E_0x55db668c4ac0/22, E_0x55db668c4ac0/23, E_0x55db668c4ac0/24, E_0x55db668c4ac0/25, E_0x55db668c4ac0/26, E_0x55db668c4ac0/27, E_0x55db668c4ac0/28, E_0x55db668c4ac0/29, E_0x55db668c4ac0/30, E_0x55db668c4ac0/31, E_0x55db668c4ac0/32, E_0x55db668c4ac0/33, E_0x55db668c4ac0/34, E_0x55db668c4ac0/35, E_0x55db668c4ac0/36, E_0x55db668c4ac0/37, E_0x55db668c4ac0/38, E_0x55db668c4ac0/39, E_0x55db668c4ac0/40, E_0x55db668c4ac0/41, E_0x55db668c4ac0/42, E_0x55db668c4ac0/43, E_0x55db668c4ac0/44, E_0x55db668c4ac0/45, E_0x55db668c4ac0/46, E_0x55db668c4ac0/47, E_0x55db668c4ac0/48, E_0x55db668c4ac0/49, E_0x55db668c4ac0/50, E_0x55db668c4ac0/51, E_0x55db668c4ac0/52, E_0x55db668c4ac0/53, E_0x55db668c4ac0/54, E_0x55db668c4ac0/55, E_0x55db668c4ac0/56, E_0x55db668c4ac0/57, E_0x55db668c4ac0/58, E_0x55db668c4ac0/59, E_0x55db668c4ac0/60, E_0x55db668c4ac0/61, E_0x55db668c4ac0/62, E_0x55db668c4ac0/63, E_0x55db668c4ac0/64, E_0x55db668c4ac0/65, E_0x55db668c4ac0/66, E_0x55db668c4ac0/67, E_0x55db668c4ac0/68, E_0x55db668c4ac0/69, E_0x55db668c4ac0/70, E_0x55db668c4ac0/71, E_0x55db668c4ac0/72, E_0x55db668c4ac0/73, E_0x55db668c4ac0/74, E_0x55db668c4ac0/75, E_0x55db668c4ac0/76, E_0x55db668c4ac0/77, E_0x55db668c4ac0/78, E_0x55db668c4ac0/79, E_0x55db668c4ac0/80, E_0x55db668c4ac0/81, E_0x55db668c4ac0/82, E_0x55db668c4ac0/83, E_0x55db668c4ac0/84, E_0x55db668c4ac0/85, E_0x55db668c4ac0/86, E_0x55db668c4ac0/87, E_0x55db668c4ac0/88, E_0x55db668c4ac0/89, E_0x55db668c4ac0/90, E_0x55db668c4ac0/91, E_0x55db668c4ac0/92, E_0x55db668c4ac0/93, E_0x55db668c4ac0/94, E_0x55db668c4ac0/95, E_0x55db668c4ac0/96, E_0x55db668c4ac0/97, E_0x55db668c4ac0/98, E_0x55db668c4ac0/99, E_0x55db668c4ac0/100, E_0x55db668c4ac0/101, E_0x55db668c4ac0/102, E_0x55db668c4ac0/103, E_0x55db668c4ac0/104, E_0x55db668c4ac0/105, E_0x55db668c4ac0/106, E_0x55db668c4ac0/107, E_0x55db668c4ac0/108, E_0x55db668c4ac0/109, E_0x55db668c4ac0/110, E_0x55db668c4ac0/111, E_0x55db668c4ac0/112, E_0x55db668c4ac0/113, E_0x55db668c4ac0/114, E_0x55db668c4ac0/115, E_0x55db668c4ac0/116, E_0x55db668c4ac0/117, E_0x55db668c4ac0/118, E_0x55db668c4ac0/119, E_0x55db668c4ac0/120, E_0x55db668c4ac0/121, E_0x55db668c4ac0/122, E_0x55db668c4ac0/123, E_0x55db668c4ac0/124, E_0x55db668c4ac0/125, E_0x55db668c4ac0/126, E_0x55db668c4ac0/127;
S_0x55db66757920 .scope begin, "$ivl_for_loop3" "$ivl_for_loop3" 4 27, 4 27 0, S_0x55db6676eb40;
 .timescale -9 -12;
v0x55db668c4b00_0 .var/2s "i", 31 0;
S_0x55db66757b80 .scope begin, "$ivl_for_loop4" "$ivl_for_loop4" 4 42, 4 42 0, S_0x55db6676eb40;
 .timescale -9 -12;
v0x55db668c4510_0 .var/2s "i", 31 0;
S_0x55db6675f190 .scope module, "recurrent_datapath" "recurrent_datapath" 5 10;
 .timescale -9 -12;
    .port_info 0 /INPUT 1 "clk";
    .port_info 1 /INPUT 1 "rst_n";
    .port_info 2 /INPUT 1 "sel_external";
    .port_info 3 /INPUT 1 "capture_loop";
    .port_info 4 /INPUT 1 "start_layer";
    .port_info 5 /OUTPUT 1 "layer_done";
    .port_info 6 /INPUT 8192 "ext_data";
    .port_info 7 /INPUT 1 "ext_valid";
    .port_info 8 /OUTPUT 8192 "final_data";
    .port_info 9 /OUTPUT 1 "final_valid";
P_0x55db6675f320 .param/l "DATA_WIDTH" 0 5 11, +C4<00000000000000000000000000010000>;
P_0x55db6675f360 .param/l "FLAT_W" 1 5 34, +C4<00000000000000000010000000000000>;
P_0x55db6675f3a0 .param/l "LAT_W" 1 5 33, +C4<00000000000000000000000000000010>;
P_0x55db6675f3e0 .param/l "LAYER_LATENCY" 0 5 13, +C4<00000000000000000000000000000011>;
P_0x55db6675f420 .param/l "VECTOR_LEN" 0 5 12, +C4<00000000000000000000001000000000>;
o0x7f55a6db66a8 .functor BUFZ 1, C4<z>; HiZ drive
L_0x55db669329d0 .functor NOT 1, o0x7f55a6db66a8, C4<0>, C4<0>, C4<0>;
L_0x55db6694afa0 .functor AND 1, v0x55db669b1140_0, L_0x55db669329d0, C4<1>, C4<1>;
L_0x7f55a6d55018 .functor BUFT 1, C4<01>, C4<0>, C4<0>, C4<0>;
v0x55db66978d90_0 .net/2u *"_ivl_512", 1 0, L_0x7f55a6d55018;  1 drivers
v0x55db66978e90_0 .net *"_ivl_516", 0 0, L_0x55db669329d0;  1 drivers
v0x55db66978f70_0 .var "cap_flat", 8191 0;
v0x55db66979030_0 .var "cap_valid", 0 0;
v0x55db669790f0_0 .net "capture_loop", 0 0, o0x7f55a6db66a8;  0 drivers
o0x7f55a6db66d8 .functor BUFZ 1, C4<z>; HiZ drive
v0x55db66979200_0 .net "clk", 0 0, o0x7f55a6db66d8;  0 drivers
v0x55db669792c0_0 .var "cnt", 1 0;
o0x7f55a6db6738 .functor BUFZ 16, C4<zzzzzzzzzzzzzzzz>; HiZ drive
v0x55db669793a0 .array "ext_data", 511 0;
v0x55db669793a0_0 .net v0x55db669793a0 0, 15 0, o0x7f55a6db6738; 0 drivers
o0x7f55a6db6768 .functor BUFZ 16, C4<zzzzzzzzzzzzzzzz>; HiZ drive
v0x55db669793a0_1 .net v0x55db669793a0 1, 15 0, o0x7f55a6db6768; 0 drivers
o0x7f55a6db6798 .functor BUFZ 16, C4<zzzzzzzzzzzzzzzz>; HiZ drive
v0x55db669793a0_2 .net v0x55db669793a0 2, 15 0, o0x7f55a6db6798; 0 drivers
o0x7f55a6db67c8 .functor BUFZ 16, C4<zzzzzzzzzzzzzzzz>; HiZ drive
v0x55db669793a0_3 .net v0x55db669793a0 3, 15 0, o0x7f55a6db67c8; 0 drivers
o0x7f55a6db67f8 .functor BUFZ 16, C4<zzzzzzzzzzzzzzzz>; HiZ drive
v0x55db669793a0_4 .net v0x55db669793a0 4, 15 0, o0x7f55a6db67f8; 0 drivers
o0x7f55a6db6828 .functor BUFZ 16, C4<zzzzzzzzzzzzzzzz>; HiZ drive
v0x55db669793a0_5 .net v0x55db669793a0 5, 15 0, o0x7f55a6db6828; 0 drivers
o0x7f55a6db6858 .functor BUFZ 16, C4<zzzzzzzzzzzzzzzz>; HiZ drive
v0x55db669793a0_6 .net v0x55db669793a0 6, 15 0, o0x7f55a6db6858; 0 drivers
o0x7f55a6db6888 .functor BUFZ 16, C4<zzzzzzzzzzzzzzzz>; HiZ drive
v0x55db669793a0_7 .net v0x55db669793a0 7, 15 0, o0x7f55a6db6888; 0 drivers
o0x7f55a6db68b8 .functor BUFZ 16, C4<zzzzzzzzzzzzzzzz>; HiZ drive
v0x55db669793a0_8 .net v0x55db669793a0 8, 15 0, o0x7f55a6db68b8; 0 drivers
o0x7f55a6db68e8 .functor BUFZ 16, C4<zzzzzzzzzzzzzzzz>; HiZ drive
v0x55db669793a0_9 .net v0x55db669793a0 9, 15 0, o0x7f55a6db68e8; 0 drivers
o0x7f55a6db6918 .functor BUFZ 16, C4<zzzzzzzzzzzzzzzz>; HiZ drive
v0x55db669793a0_10 .net v0x55db669793a0 10, 15 0, o0x7f55a6db6918; 0 drivers
o0x7f55a6db6948 .functor BUFZ 16, C4<zzzzzzzzzzzzzzzz>; HiZ drive
v0x55db669793a0_11 .net v0x55db669793a0 11, 15 0, o0x7f55a6db6948; 0 drivers
o0x7f55a6db6978 .functor BUFZ 16, C4<zzzzzzzzzzzzzzzz>; HiZ drive
v0x55db669793a0_12 .net v0x55db669793a0 12, 15 0, o0x7f55a6db6978; 0 drivers
o0x7f55a6db69a8 .functor BUFZ 16, C4<zzzzzzzzzzzzzzzz>; HiZ drive
v0x55db669793a0_13 .net v0x55db669793a0 13, 15 0, o0x7f55a6db69a8; 0 drivers
o0x7f55a6db69d8 .functor BUFZ 16, C4<zzzzzzzzzzzzzzzz>; HiZ drive
v0x55db669793a0_14 .net v0x55db669793a0 14, 15 0, o0x7f55a6db69d8; 0 drivers
o0x7f55a6db6a08 .functor BUFZ 16, C4<zzzzzzzzzzzzzzzz>; HiZ drive
v0x55db669793a0_15 .net v0x55db669793a0 15, 15 0, o0x7f55a6db6a08; 0 drivers
o0x7f55a6db6a38 .functor BUFZ 16, C4<zzzzzzzzzzzzzzzz>; HiZ drive
v0x55db669793a0_16 .net v0x55db669793a0 16, 15 0, o0x7f55a6db6a38; 0 drivers
o0x7f55a6db6a68 .functor BUFZ 16, C4<zzzzzzzzzzzzzzzz>; HiZ drive
v0x55db669793a0_17 .net v0x55db669793a0 17, 15 0, o0x7f55a6db6a68; 0 drivers
o0x7f55a6db6a98 .functor BUFZ 16, C4<zzzzzzzzzzzzzzzz>; HiZ drive
v0x55db669793a0_18 .net v0x55db669793a0 18, 15 0, o0x7f55a6db6a98; 0 drivers
o0x7f55a6db6ac8 .functor BUFZ 16, C4<zzzzzzzzzzzzzzzz>; HiZ drive
v0x55db669793a0_19 .net v0x55db669793a0 19, 15 0, o0x7f55a6db6ac8; 0 drivers
o0x7f55a6db6af8 .functor BUFZ 16, C4<zzzzzzzzzzzzzzzz>; HiZ drive
v0x55db669793a0_20 .net v0x55db669793a0 20, 15 0, o0x7f55a6db6af8; 0 drivers
o0x7f55a6db6b28 .functor BUFZ 16, C4<zzzzzzzzzzzzzzzz>; HiZ drive
v0x55db669793a0_21 .net v0x55db669793a0 21, 15 0, o0x7f55a6db6b28; 0 drivers
o0x7f55a6db6b58 .functor BUFZ 16, C4<zzzzzzzzzzzzzzzz>; HiZ drive
v0x55db669793a0_22 .net v0x55db669793a0 22, 15 0, o0x7f55a6db6b58; 0 drivers
o0x7f55a6db6b88 .functor BUFZ 16, C4<zzzzzzzzzzzzzzzz>; HiZ drive
v0x55db669793a0_23 .net v0x55db669793a0 23, 15 0, o0x7f55a6db6b88; 0 drivers
o0x7f55a6db6bb8 .functor BUFZ 16, C4<zzzzzzzzzzzzzzzz>; HiZ drive
v0x55db669793a0_24 .net v0x55db669793a0 24, 15 0, o0x7f55a6db6bb8; 0 drivers
o0x7f55a6db6be8 .functor BUFZ 16, C4<zzzzzzzzzzzzzzzz>; HiZ drive
v0x55db669793a0_25 .net v0x55db669793a0 25, 15 0, o0x7f55a6db6be8; 0 drivers
o0x7f55a6db6c18 .functor BUFZ 16, C4<zzzzzzzzzzzzzzzz>; HiZ drive
v0x55db669793a0_26 .net v0x55db669793a0 26, 15 0, o0x7f55a6db6c18; 0 drivers
o0x7f55a6db6c48 .functor BUFZ 16, C4<zzzzzzzzzzzzzzzz>; HiZ drive
v0x55db669793a0_27 .net v0x55db669793a0 27, 15 0, o0x7f55a6db6c48; 0 drivers
o0x7f55a6db6c78 .functor BUFZ 16, C4<zzzzzzzzzzzzzzzz>; HiZ drive
v0x55db669793a0_28 .net v0x55db669793a0 28, 15 0, o0x7f55a6db6c78; 0 drivers
o0x7f55a6db6ca8 .functor BUFZ 16, C4<zzzzzzzzzzzzzzzz>; HiZ drive
v0x55db669793a0_29 .net v0x55db669793a0 29, 15 0, o0x7f55a6db6ca8; 0 drivers
o0x7f55a6db6cd8 .functor BUFZ 16, C4<zzzzzzzzzzzzzzzz>; HiZ drive
v0x55db669793a0_30 .net v0x55db669793a0 30, 15 0, o0x7f55a6db6cd8; 0 drivers
o0x7f55a6db6d08 .functor BUFZ 16, C4<zzzzzzzzzzzzzzzz>; HiZ drive
v0x55db669793a0_31 .net v0x55db669793a0 31, 15 0, o0x7f55a6db6d08; 0 drivers
o0x7f55a6db6d38 .functor BUFZ 16, C4<zzzzzzzzzzzzzzzz>; HiZ drive
v0x55db669793a0_32 .net v0x55db669793a0 32, 15 0, o0x7f55a6db6d38; 0 drivers
o0x7f55a6db6d68 .functor BUFZ 16, C4<zzzzzzzzzzzzzzzz>; HiZ drive
v0x55db669793a0_33 .net v0x55db669793a0 33, 15 0, o0x7f55a6db6d68; 0 drivers
o0x7f55a6db6d98 .functor BUFZ 16, C4<zzzzzzzzzzzzzzzz>; HiZ drive
v0x55db669793a0_34 .net v0x55db669793a0 34, 15 0, o0x7f55a6db6d98; 0 drivers
o0x7f55a6db6dc8 .functor BUFZ 16, C4<zzzzzzzzzzzzzzzz>; HiZ drive
v0x55db669793a0_35 .net v0x55db669793a0 35, 15 0, o0x7f55a6db6dc8; 0 drivers
o0x7f55a6db6df8 .functor BUFZ 16, C4<zzzzzzzzzzzzzzzz>; HiZ drive
v0x55db669793a0_36 .net v0x55db669793a0 36, 15 0, o0x7f55a6db6df8; 0 drivers
o0x7f55a6db6e28 .functor BUFZ 16, C4<zzzzzzzzzzzzzzzz>; HiZ drive
v0x55db669793a0_37 .net v0x55db669793a0 37, 15 0, o0x7f55a6db6e28; 0 drivers
o0x7f55a6db6e58 .functor BUFZ 16, C4<zzzzzzzzzzzzzzzz>; HiZ drive
v0x55db669793a0_38 .net v0x55db669793a0 38, 15 0, o0x7f55a6db6e58; 0 drivers
o0x7f55a6db6e88 .functor BUFZ 16, C4<zzzzzzzzzzzzzzzz>; HiZ drive
v0x55db669793a0_39 .net v0x55db669793a0 39, 15 0, o0x7f55a6db6e88; 0 drivers
o0x7f55a6db6eb8 .functor BUFZ 16, C4<zzzzzzzzzzzzzzzz>; HiZ drive
v0x55db669793a0_40 .net v0x55db669793a0 40, 15 0, o0x7f55a6db6eb8; 0 drivers
o0x7f55a6db6ee8 .functor BUFZ 16, C4<zzzzzzzzzzzzzzzz>; HiZ drive
v0x55db669793a0_41 .net v0x55db669793a0 41, 15 0, o0x7f55a6db6ee8; 0 drivers
o0x7f55a6db6f18 .functor BUFZ 16, C4<zzzzzzzzzzzzzzzz>; HiZ drive
v0x55db669793a0_42 .net v0x55db669793a0 42, 15 0, o0x7f55a6db6f18; 0 drivers
o0x7f55a6db6f48 .functor BUFZ 16, C4<zzzzzzzzzzzzzzzz>; HiZ drive
v0x55db669793a0_43 .net v0x55db669793a0 43, 15 0, o0x7f55a6db6f48; 0 drivers
o0x7f55a6db6f78 .functor BUFZ 16, C4<zzzzzzzzzzzzzzzz>; HiZ drive
v0x55db669793a0_44 .net v0x55db669793a0 44, 15 0, o0x7f55a6db6f78; 0 drivers
o0x7f55a6db6fa8 .functor BUFZ 16, C4<zzzzzzzzzzzzzzzz>; HiZ drive
v0x55db669793a0_45 .net v0x55db669793a0 45, 15 0, o0x7f55a6db6fa8; 0 drivers
o0x7f55a6db6fd8 .functor BUFZ 16, C4<zzzzzzzzzzzzzzzz>; HiZ drive
v0x55db669793a0_46 .net v0x55db669793a0 46, 15 0, o0x7f55a6db6fd8; 0 drivers
o0x7f55a6db7008 .functor BUFZ 16, C4<zzzzzzzzzzzzzzzz>; HiZ drive
v0x55db669793a0_47 .net v0x55db669793a0 47, 15 0, o0x7f55a6db7008; 0 drivers
o0x7f55a6db7038 .functor BUFZ 16, C4<zzzzzzzzzzzzzzzz>; HiZ drive
v0x55db669793a0_48 .net v0x55db669793a0 48, 15 0, o0x7f55a6db7038; 0 drivers
o0x7f55a6db7068 .functor BUFZ 16, C4<zzzzzzzzzzzzzzzz>; HiZ drive
v0x55db669793a0_49 .net v0x55db669793a0 49, 15 0, o0x7f55a6db7068; 0 drivers
o0x7f55a6db7098 .functor BUFZ 16, C4<zzzzzzzzzzzzzzzz>; HiZ drive
v0x55db669793a0_50 .net v0x55db669793a0 50, 15 0, o0x7f55a6db7098; 0 drivers
o0x7f55a6db70c8 .functor BUFZ 16, C4<zzzzzzzzzzzzzzzz>; HiZ drive
v0x55db669793a0_51 .net v0x55db669793a0 51, 15 0, o0x7f55a6db70c8; 0 drivers
o0x7f55a6db70f8 .functor BUFZ 16, C4<zzzzzzzzzzzzzzzz>; HiZ drive
v0x55db669793a0_52 .net v0x55db669793a0 52, 15 0, o0x7f55a6db70f8; 0 drivers
o0x7f55a6db7128 .functor BUFZ 16, C4<zzzzzzzzzzzzzzzz>; HiZ drive
v0x55db669793a0_53 .net v0x55db669793a0 53, 15 0, o0x7f55a6db7128; 0 drivers
o0x7f55a6db7158 .functor BUFZ 16, C4<zzzzzzzzzzzzzzzz>; HiZ drive
v0x55db669793a0_54 .net v0x55db669793a0 54, 15 0, o0x7f55a6db7158; 0 drivers
o0x7f55a6db7188 .functor BUFZ 16, C4<zzzzzzzzzzzzzzzz>; HiZ drive
v0x55db669793a0_55 .net v0x55db669793a0 55, 15 0, o0x7f55a6db7188; 0 drivers
o0x7f55a6db71b8 .functor BUFZ 16, C4<zzzzzzzzzzzzzzzz>; HiZ drive
v0x55db669793a0_56 .net v0x55db669793a0 56, 15 0, o0x7f55a6db71b8; 0 drivers
o0x7f55a6db71e8 .functor BUFZ 16, C4<zzzzzzzzzzzzzzzz>; HiZ drive
v0x55db669793a0_57 .net v0x55db669793a0 57, 15 0, o0x7f55a6db71e8; 0 drivers
o0x7f55a6db7218 .functor BUFZ 16, C4<zzzzzzzzzzzzzzzz>; HiZ drive
v0x55db669793a0_58 .net v0x55db669793a0 58, 15 0, o0x7f55a6db7218; 0 drivers
o0x7f55a6db7248 .functor BUFZ 16, C4<zzzzzzzzzzzzzzzz>; HiZ drive
v0x55db669793a0_59 .net v0x55db669793a0 59, 15 0, o0x7f55a6db7248; 0 drivers
o0x7f55a6db7278 .functor BUFZ 16, C4<zzzzzzzzzzzzzzzz>; HiZ drive
v0x55db669793a0_60 .net v0x55db669793a0 60, 15 0, o0x7f55a6db7278; 0 drivers
o0x7f55a6db72a8 .functor BUFZ 16, C4<zzzzzzzzzzzzzzzz>; HiZ drive
v0x55db669793a0_61 .net v0x55db669793a0 61, 15 0, o0x7f55a6db72a8; 0 drivers
o0x7f55a6db72d8 .functor BUFZ 16, C4<zzzzzzzzzzzzzzzz>; HiZ drive
v0x55db669793a0_62 .net v0x55db669793a0 62, 15 0, o0x7f55a6db72d8; 0 drivers
o0x7f55a6db7308 .functor BUFZ 16, C4<zzzzzzzzzzzzzzzz>; HiZ drive
v0x55db669793a0_63 .net v0x55db669793a0 63, 15 0, o0x7f55a6db7308; 0 drivers
o0x7f55a6db7338 .functor BUFZ 16, C4<zzzzzzzzzzzzzzzz>; HiZ drive
v0x55db669793a0_64 .net v0x55db669793a0 64, 15 0, o0x7f55a6db7338; 0 drivers
o0x7f55a6db7368 .functor BUFZ 16, C4<zzzzzzzzzzzzzzzz>; HiZ drive
v0x55db669793a0_65 .net v0x55db669793a0 65, 15 0, o0x7f55a6db7368; 0 drivers
o0x7f55a6db7398 .functor BUFZ 16, C4<zzzzzzzzzzzzzzzz>; HiZ drive
v0x55db669793a0_66 .net v0x55db669793a0 66, 15 0, o0x7f55a6db7398; 0 drivers
o0x7f55a6db73c8 .functor BUFZ 16, C4<zzzzzzzzzzzzzzzz>; HiZ drive
v0x55db669793a0_67 .net v0x55db669793a0 67, 15 0, o0x7f55a6db73c8; 0 drivers
o0x7f55a6db73f8 .functor BUFZ 16, C4<zzzzzzzzzzzzzzzz>; HiZ drive
v0x55db669793a0_68 .net v0x55db669793a0 68, 15 0, o0x7f55a6db73f8; 0 drivers
o0x7f55a6db7428 .functor BUFZ 16, C4<zzzzzzzzzzzzzzzz>; HiZ drive
v0x55db669793a0_69 .net v0x55db669793a0 69, 15 0, o0x7f55a6db7428; 0 drivers
o0x7f55a6db7458 .functor BUFZ 16, C4<zzzzzzzzzzzzzzzz>; HiZ drive
v0x55db669793a0_70 .net v0x55db669793a0 70, 15 0, o0x7f55a6db7458; 0 drivers
o0x7f55a6db7488 .functor BUFZ 16, C4<zzzzzzzzzzzzzzzz>; HiZ drive
v0x55db669793a0_71 .net v0x55db669793a0 71, 15 0, o0x7f55a6db7488; 0 drivers
o0x7f55a6db74b8 .functor BUFZ 16, C4<zzzzzzzzzzzzzzzz>; HiZ drive
v0x55db669793a0_72 .net v0x55db669793a0 72, 15 0, o0x7f55a6db74b8; 0 drivers
o0x7f55a6db74e8 .functor BUFZ 16, C4<zzzzzzzzzzzzzzzz>; HiZ drive
v0x55db669793a0_73 .net v0x55db669793a0 73, 15 0, o0x7f55a6db74e8; 0 drivers
o0x7f55a6db7518 .functor BUFZ 16, C4<zzzzzzzzzzzzzzzz>; HiZ drive
v0x55db669793a0_74 .net v0x55db669793a0 74, 15 0, o0x7f55a6db7518; 0 drivers
o0x7f55a6db7548 .functor BUFZ 16, C4<zzzzzzzzzzzzzzzz>; HiZ drive
v0x55db669793a0_75 .net v0x55db669793a0 75, 15 0, o0x7f55a6db7548; 0 drivers
o0x7f55a6db7578 .functor BUFZ 16, C4<zzzzzzzzzzzzzzzz>; HiZ drive
v0x55db669793a0_76 .net v0x55db669793a0 76, 15 0, o0x7f55a6db7578; 0 drivers
o0x7f55a6db75a8 .functor BUFZ 16, C4<zzzzzzzzzzzzzzzz>; HiZ drive
v0x55db669793a0_77 .net v0x55db669793a0 77, 15 0, o0x7f55a6db75a8; 0 drivers
o0x7f55a6db75d8 .functor BUFZ 16, C4<zzzzzzzzzzzzzzzz>; HiZ drive
v0x55db669793a0_78 .net v0x55db669793a0 78, 15 0, o0x7f55a6db75d8; 0 drivers
o0x7f55a6db7608 .functor BUFZ 16, C4<zzzzzzzzzzzzzzzz>; HiZ drive
v0x55db669793a0_79 .net v0x55db669793a0 79, 15 0, o0x7f55a6db7608; 0 drivers
o0x7f55a6db7638 .functor BUFZ 16, C4<zzzzzzzzzzzzzzzz>; HiZ drive
v0x55db669793a0_80 .net v0x55db669793a0 80, 15 0, o0x7f55a6db7638; 0 drivers
o0x7f55a6db7668 .functor BUFZ 16, C4<zzzzzzzzzzzzzzzz>; HiZ drive
v0x55db669793a0_81 .net v0x55db669793a0 81, 15 0, o0x7f55a6db7668; 0 drivers
o0x7f55a6db7698 .functor BUFZ 16, C4<zzzzzzzzzzzzzzzz>; HiZ drive
v0x55db669793a0_82 .net v0x55db669793a0 82, 15 0, o0x7f55a6db7698; 0 drivers
o0x7f55a6db76c8 .functor BUFZ 16, C4<zzzzzzzzzzzzzzzz>; HiZ drive
v0x55db669793a0_83 .net v0x55db669793a0 83, 15 0, o0x7f55a6db76c8; 0 drivers
o0x7f55a6db76f8 .functor BUFZ 16, C4<zzzzzzzzzzzzzzzz>; HiZ drive
v0x55db669793a0_84 .net v0x55db669793a0 84, 15 0, o0x7f55a6db76f8; 0 drivers
o0x7f55a6db7728 .functor BUFZ 16, C4<zzzzzzzzzzzzzzzz>; HiZ drive
v0x55db669793a0_85 .net v0x55db669793a0 85, 15 0, o0x7f55a6db7728; 0 drivers
o0x7f55a6db7758 .functor BUFZ 16, C4<zzzzzzzzzzzzzzzz>; HiZ drive
v0x55db669793a0_86 .net v0x55db669793a0 86, 15 0, o0x7f55a6db7758; 0 drivers
o0x7f55a6db7788 .functor BUFZ 16, C4<zzzzzzzzzzzzzzzz>; HiZ drive
v0x55db669793a0_87 .net v0x55db669793a0 87, 15 0, o0x7f55a6db7788; 0 drivers
o0x7f55a6db77b8 .functor BUFZ 16, C4<zzzzzzzzzzzzzzzz>; HiZ drive
v0x55db669793a0_88 .net v0x55db669793a0 88, 15 0, o0x7f55a6db77b8; 0 drivers
o0x7f55a6db77e8 .functor BUFZ 16, C4<zzzzzzzzzzzzzzzz>; HiZ drive
v0x55db669793a0_89 .net v0x55db669793a0 89, 15 0, o0x7f55a6db77e8; 0 drivers
o0x7f55a6db7818 .functor BUFZ 16, C4<zzzzzzzzzzzzzzzz>; HiZ drive
v0x55db669793a0_90 .net v0x55db669793a0 90, 15 0, o0x7f55a6db7818; 0 drivers
o0x7f55a6db7848 .functor BUFZ 16, C4<zzzzzzzzzzzzzzzz>; HiZ drive
v0x55db669793a0_91 .net v0x55db669793a0 91, 15 0, o0x7f55a6db7848; 0 drivers
o0x7f55a6db7878 .functor BUFZ 16, C4<zzzzzzzzzzzzzzzz>; HiZ drive
v0x55db669793a0_92 .net v0x55db669793a0 92, 15 0, o0x7f55a6db7878; 0 drivers
o0x7f55a6db78a8 .functor BUFZ 16, C4<zzzzzzzzzzzzzzzz>; HiZ drive
v0x55db669793a0_93 .net v0x55db669793a0 93, 15 0, o0x7f55a6db78a8; 0 drivers
o0x7f55a6db78d8 .functor BUFZ 16, C4<zzzzzzzzzzzzzzzz>; HiZ drive
v0x55db669793a0_94 .net v0x55db669793a0 94, 15 0, o0x7f55a6db78d8; 0 drivers
o0x7f55a6db7908 .functor BUFZ 16, C4<zzzzzzzzzzzzzzzz>; HiZ drive
v0x55db669793a0_95 .net v0x55db669793a0 95, 15 0, o0x7f55a6db7908; 0 drivers
o0x7f55a6db7938 .functor BUFZ 16, C4<zzzzzzzzzzzzzzzz>; HiZ drive
v0x55db669793a0_96 .net v0x55db669793a0 96, 15 0, o0x7f55a6db7938; 0 drivers
o0x7f55a6db7968 .functor BUFZ 16, C4<zzzzzzzzzzzzzzzz>; HiZ drive
v0x55db669793a0_97 .net v0x55db669793a0 97, 15 0, o0x7f55a6db7968; 0 drivers
o0x7f55a6db7998 .functor BUFZ 16, C4<zzzzzzzzzzzzzzzz>; HiZ drive
v0x55db669793a0_98 .net v0x55db669793a0 98, 15 0, o0x7f55a6db7998; 0 drivers
o0x7f55a6db79c8 .functor BUFZ 16, C4<zzzzzzzzzzzzzzzz>; HiZ drive
v0x55db669793a0_99 .net v0x55db669793a0 99, 15 0, o0x7f55a6db79c8; 0 drivers
o0x7f55a6db79f8 .functor BUFZ 16, C4<zzzzzzzzzzzzzzzz>; HiZ drive
v0x55db669793a0_100 .net v0x55db669793a0 100, 15 0, o0x7f55a6db79f8; 0 drivers
o0x7f55a6db7a28 .functor BUFZ 16, C4<zzzzzzzzzzzzzzzz>; HiZ drive
v0x55db669793a0_101 .net v0x55db669793a0 101, 15 0, o0x7f55a6db7a28; 0 drivers
o0x7f55a6db7a58 .functor BUFZ 16, C4<zzzzzzzzzzzzzzzz>; HiZ drive
v0x55db669793a0_102 .net v0x55db669793a0 102, 15 0, o0x7f55a6db7a58; 0 drivers
o0x7f55a6db7a88 .functor BUFZ 16, C4<zzzzzzzzzzzzzzzz>; HiZ drive
v0x55db669793a0_103 .net v0x55db669793a0 103, 15 0, o0x7f55a6db7a88; 0 drivers
o0x7f55a6db7ab8 .functor BUFZ 16, C4<zzzzzzzzzzzzzzzz>; HiZ drive
v0x55db669793a0_104 .net v0x55db669793a0 104, 15 0, o0x7f55a6db7ab8; 0 drivers
o0x7f55a6db7ae8 .functor BUFZ 16, C4<zzzzzzzzzzzzzzzz>; HiZ drive
v0x55db669793a0_105 .net v0x55db669793a0 105, 15 0, o0x7f55a6db7ae8; 0 drivers
o0x7f55a6db7b18 .functor BUFZ 16, C4<zzzzzzzzzzzzzzzz>; HiZ drive
v0x55db669793a0_106 .net v0x55db669793a0 106, 15 0, o0x7f55a6db7b18; 0 drivers
o0x7f55a6db7b48 .functor BUFZ 16, C4<zzzzzzzzzzzzzzzz>; HiZ drive
v0x55db669793a0_107 .net v0x55db669793a0 107, 15 0, o0x7f55a6db7b48; 0 drivers
o0x7f55a6db7b78 .functor BUFZ 16, C4<zzzzzzzzzzzzzzzz>; HiZ drive
v0x55db669793a0_108 .net v0x55db669793a0 108, 15 0, o0x7f55a6db7b78; 0 drivers
o0x7f55a6db7ba8 .functor BUFZ 16, C4<zzzzzzzzzzzzzzzz>; HiZ drive
v0x55db669793a0_109 .net v0x55db669793a0 109, 15 0, o0x7f55a6db7ba8; 0 drivers
o0x7f55a6db7bd8 .functor BUFZ 16, C4<zzzzzzzzzzzzzzzz>; HiZ drive
v0x55db669793a0_110 .net v0x55db669793a0 110, 15 0, o0x7f55a6db7bd8; 0 drivers
o0x7f55a6db7c08 .functor BUFZ 16, C4<zzzzzzzzzzzzzzzz>; HiZ drive
v0x55db669793a0_111 .net v0x55db669793a0 111, 15 0, o0x7f55a6db7c08; 0 drivers
o0x7f55a6db7c38 .functor BUFZ 16, C4<zzzzzzzzzzzzzzzz>; HiZ drive
v0x55db669793a0_112 .net v0x55db669793a0 112, 15 0, o0x7f55a6db7c38; 0 drivers
o0x7f55a6db7c68 .functor BUFZ 16, C4<zzzzzzzzzzzzzzzz>; HiZ drive
v0x55db669793a0_113 .net v0x55db669793a0 113, 15 0, o0x7f55a6db7c68; 0 drivers
o0x7f55a6db7c98 .functor BUFZ 16, C4<zzzzzzzzzzzzzzzz>; HiZ drive
v0x55db669793a0_114 .net v0x55db669793a0 114, 15 0, o0x7f55a6db7c98; 0 drivers
o0x7f55a6db7cc8 .functor BUFZ 16, C4<zzzzzzzzzzzzzzzz>; HiZ drive
v0x55db669793a0_115 .net v0x55db669793a0 115, 15 0, o0x7f55a6db7cc8; 0 drivers
o0x7f55a6db7cf8 .functor BUFZ 16, C4<zzzzzzzzzzzzzzzz>; HiZ drive
v0x55db669793a0_116 .net v0x55db669793a0 116, 15 0, o0x7f55a6db7cf8; 0 drivers
o0x7f55a6db7d28 .functor BUFZ 16, C4<zzzzzzzzzzzzzzzz>; HiZ drive
v0x55db669793a0_117 .net v0x55db669793a0 117, 15 0, o0x7f55a6db7d28; 0 drivers
o0x7f55a6db7d58 .functor BUFZ 16, C4<zzzzzzzzzzzzzzzz>; HiZ drive
v0x55db669793a0_118 .net v0x55db669793a0 118, 15 0, o0x7f55a6db7d58; 0 drivers
o0x7f55a6db7d88 .functor BUFZ 16, C4<zzzzzzzzzzzzzzzz>; HiZ drive
v0x55db669793a0_119 .net v0x55db669793a0 119, 15 0, o0x7f55a6db7d88; 0 drivers
o0x7f55a6db7db8 .functor BUFZ 16, C4<zzzzzzzzzzzzzzzz>; HiZ drive
v0x55db669793a0_120 .net v0x55db669793a0 120, 15 0, o0x7f55a6db7db8; 0 drivers
o0x7f55a6db7de8 .functor BUFZ 16, C4<zzzzzzzzzzzzzzzz>; HiZ drive
v0x55db669793a0_121 .net v0x55db669793a0 121, 15 0, o0x7f55a6db7de8; 0 drivers
o0x7f55a6db7e18 .functor BUFZ 16, C4<zzzzzzzzzzzzzzzz>; HiZ drive
v0x55db669793a0_122 .net v0x55db669793a0 122, 15 0, o0x7f55a6db7e18; 0 drivers
o0x7f55a6db7e48 .functor BUFZ 16, C4<zzzzzzzzzzzzzzzz>; HiZ drive
v0x55db669793a0_123 .net v0x55db669793a0 123, 15 0, o0x7f55a6db7e48; 0 drivers
o0x7f55a6db7e78 .functor BUFZ 16, C4<zzzzzzzzzzzzzzzz>; HiZ drive
v0x55db669793a0_124 .net v0x55db669793a0 124, 15 0, o0x7f55a6db7e78; 0 drivers
o0x7f55a6db7ea8 .functor BUFZ 16, C4<zzzzzzzzzzzzzzzz>; HiZ drive
v0x55db669793a0_125 .net v0x55db669793a0 125, 15 0, o0x7f55a6db7ea8; 0 drivers
o0x7f55a6db7ed8 .functor BUFZ 16, C4<zzzzzzzzzzzzzzzz>; HiZ drive
v0x55db669793a0_126 .net v0x55db669793a0 126, 15 0, o0x7f55a6db7ed8; 0 drivers
o0x7f55a6db7f08 .functor BUFZ 16, C4<zzzzzzzzzzzzzzzz>; HiZ drive
v0x55db669793a0_127 .net v0x55db669793a0 127, 15 0, o0x7f55a6db7f08; 0 drivers
o0x7f55a6db7f38 .functor BUFZ 16, C4<zzzzzzzzzzzzzzzz>; HiZ drive
v0x55db669793a0_128 .net v0x55db669793a0 128, 15 0, o0x7f55a6db7f38; 0 drivers
o0x7f55a6db7f68 .functor BUFZ 16, C4<zzzzzzzzzzzzzzzz>; HiZ drive
v0x55db669793a0_129 .net v0x55db669793a0 129, 15 0, o0x7f55a6db7f68; 0 drivers
o0x7f55a6db7f98 .functor BUFZ 16, C4<zzzzzzzzzzzzzzzz>; HiZ drive
v0x55db669793a0_130 .net v0x55db669793a0 130, 15 0, o0x7f55a6db7f98; 0 drivers
o0x7f55a6db7fc8 .functor BUFZ 16, C4<zzzzzzzzzzzzzzzz>; HiZ drive
v0x55db669793a0_131 .net v0x55db669793a0 131, 15 0, o0x7f55a6db7fc8; 0 drivers
o0x7f55a6db7ff8 .functor BUFZ 16, C4<zzzzzzzzzzzzzzzz>; HiZ drive
v0x55db669793a0_132 .net v0x55db669793a0 132, 15 0, o0x7f55a6db7ff8; 0 drivers
o0x7f55a6db8028 .functor BUFZ 16, C4<zzzzzzzzzzzzzzzz>; HiZ drive
v0x55db669793a0_133 .net v0x55db669793a0 133, 15 0, o0x7f55a6db8028; 0 drivers
o0x7f55a6db8058 .functor BUFZ 16, C4<zzzzzzzzzzzzzzzz>; HiZ drive
v0x55db669793a0_134 .net v0x55db669793a0 134, 15 0, o0x7f55a6db8058; 0 drivers
o0x7f55a6db8088 .functor BUFZ 16, C4<zzzzzzzzzzzzzzzz>; HiZ drive
v0x55db669793a0_135 .net v0x55db669793a0 135, 15 0, o0x7f55a6db8088; 0 drivers
o0x7f55a6db80b8 .functor BUFZ 16, C4<zzzzzzzzzzzzzzzz>; HiZ drive
v0x55db669793a0_136 .net v0x55db669793a0 136, 15 0, o0x7f55a6db80b8; 0 drivers
o0x7f55a6db80e8 .functor BUFZ 16, C4<zzzzzzzzzzzzzzzz>; HiZ drive
v0x55db669793a0_137 .net v0x55db669793a0 137, 15 0, o0x7f55a6db80e8; 0 drivers
o0x7f55a6db8118 .functor BUFZ 16, C4<zzzzzzzzzzzzzzzz>; HiZ drive
v0x55db669793a0_138 .net v0x55db669793a0 138, 15 0, o0x7f55a6db8118; 0 drivers
o0x7f55a6db8148 .functor BUFZ 16, C4<zzzzzzzzzzzzzzzz>; HiZ drive
v0x55db669793a0_139 .net v0x55db669793a0 139, 15 0, o0x7f55a6db8148; 0 drivers
o0x7f55a6db8178 .functor BUFZ 16, C4<zzzzzzzzzzzzzzzz>; HiZ drive
v0x55db669793a0_140 .net v0x55db669793a0 140, 15 0, o0x7f55a6db8178; 0 drivers
o0x7f55a6db81a8 .functor BUFZ 16, C4<zzzzzzzzzzzzzzzz>; HiZ drive
v0x55db669793a0_141 .net v0x55db669793a0 141, 15 0, o0x7f55a6db81a8; 0 drivers
o0x7f55a6db81d8 .functor BUFZ 16, C4<zzzzzzzzzzzzzzzz>; HiZ drive
v0x55db669793a0_142 .net v0x55db669793a0 142, 15 0, o0x7f55a6db81d8; 0 drivers
o0x7f55a6db8208 .functor BUFZ 16, C4<zzzzzzzzzzzzzzzz>; HiZ drive
v0x55db669793a0_143 .net v0x55db669793a0 143, 15 0, o0x7f55a6db8208; 0 drivers
o0x7f55a6db8238 .functor BUFZ 16, C4<zzzzzzzzzzzzzzzz>; HiZ drive
v0x55db669793a0_144 .net v0x55db669793a0 144, 15 0, o0x7f55a6db8238; 0 drivers
o0x7f55a6db8268 .functor BUFZ 16, C4<zzzzzzzzzzzzzzzz>; HiZ drive
v0x55db669793a0_145 .net v0x55db669793a0 145, 15 0, o0x7f55a6db8268; 0 drivers
o0x7f55a6db8298 .functor BUFZ 16, C4<zzzzzzzzzzzzzzzz>; HiZ drive
v0x55db669793a0_146 .net v0x55db669793a0 146, 15 0, o0x7f55a6db8298; 0 drivers
o0x7f55a6db82c8 .functor BUFZ 16, C4<zzzzzzzzzzzzzzzz>; HiZ drive
v0x55db669793a0_147 .net v0x55db669793a0 147, 15 0, o0x7f55a6db82c8; 0 drivers
o0x7f55a6db82f8 .functor BUFZ 16, C4<zzzzzzzzzzzzzzzz>; HiZ drive
v0x55db669793a0_148 .net v0x55db669793a0 148, 15 0, o0x7f55a6db82f8; 0 drivers
o0x7f55a6db8328 .functor BUFZ 16, C4<zzzzzzzzzzzzzzzz>; HiZ drive
v0x55db669793a0_149 .net v0x55db669793a0 149, 15 0, o0x7f55a6db8328; 0 drivers
o0x7f55a6db8358 .functor BUFZ 16, C4<zzzzzzzzzzzzzzzz>; HiZ drive
v0x55db669793a0_150 .net v0x55db669793a0 150, 15 0, o0x7f55a6db8358; 0 drivers
o0x7f55a6db8388 .functor BUFZ 16, C4<zzzzzzzzzzzzzzzz>; HiZ drive
v0x55db669793a0_151 .net v0x55db669793a0 151, 15 0, o0x7f55a6db8388; 0 drivers
o0x7f55a6db83b8 .functor BUFZ 16, C4<zzzzzzzzzzzzzzzz>; HiZ drive
v0x55db669793a0_152 .net v0x55db669793a0 152, 15 0, o0x7f55a6db83b8; 0 drivers
o0x7f55a6db83e8 .functor BUFZ 16, C4<zzzzzzzzzzzzzzzz>; HiZ drive
v0x55db669793a0_153 .net v0x55db669793a0 153, 15 0, o0x7f55a6db83e8; 0 drivers
o0x7f55a6db8418 .functor BUFZ 16, C4<zzzzzzzzzzzzzzzz>; HiZ drive
v0x55db669793a0_154 .net v0x55db669793a0 154, 15 0, o0x7f55a6db8418; 0 drivers
o0x7f55a6db8448 .functor BUFZ 16, C4<zzzzzzzzzzzzzzzz>; HiZ drive
v0x55db669793a0_155 .net v0x55db669793a0 155, 15 0, o0x7f55a6db8448; 0 drivers
o0x7f55a6db8478 .functor BUFZ 16, C4<zzzzzzzzzzzzzzzz>; HiZ drive
v0x55db669793a0_156 .net v0x55db669793a0 156, 15 0, o0x7f55a6db8478; 0 drivers
o0x7f55a6db84a8 .functor BUFZ 16, C4<zzzzzzzzzzzzzzzz>; HiZ drive
v0x55db669793a0_157 .net v0x55db669793a0 157, 15 0, o0x7f55a6db84a8; 0 drivers
o0x7f55a6db84d8 .functor BUFZ 16, C4<zzzzzzzzzzzzzzzz>; HiZ drive
v0x55db669793a0_158 .net v0x55db669793a0 158, 15 0, o0x7f55a6db84d8; 0 drivers
o0x7f55a6db8508 .functor BUFZ 16, C4<zzzzzzzzzzzzzzzz>; HiZ drive
v0x55db669793a0_159 .net v0x55db669793a0 159, 15 0, o0x7f55a6db8508; 0 drivers
o0x7f55a6db8538 .functor BUFZ 16, C4<zzzzzzzzzzzzzzzz>; HiZ drive
v0x55db669793a0_160 .net v0x55db669793a0 160, 15 0, o0x7f55a6db8538; 0 drivers
o0x7f55a6db8568 .functor BUFZ 16, C4<zzzzzzzzzzzzzzzz>; HiZ drive
v0x55db669793a0_161 .net v0x55db669793a0 161, 15 0, o0x7f55a6db8568; 0 drivers
o0x7f55a6db8598 .functor BUFZ 16, C4<zzzzzzzzzzzzzzzz>; HiZ drive
v0x55db669793a0_162 .net v0x55db669793a0 162, 15 0, o0x7f55a6db8598; 0 drivers
o0x7f55a6db85c8 .functor BUFZ 16, C4<zzzzzzzzzzzzzzzz>; HiZ drive
v0x55db669793a0_163 .net v0x55db669793a0 163, 15 0, o0x7f55a6db85c8; 0 drivers
o0x7f55a6db85f8 .functor BUFZ 16, C4<zzzzzzzzzzzzzzzz>; HiZ drive
v0x55db669793a0_164 .net v0x55db669793a0 164, 15 0, o0x7f55a6db85f8; 0 drivers
o0x7f55a6db8628 .functor BUFZ 16, C4<zzzzzzzzzzzzzzzz>; HiZ drive
v0x55db669793a0_165 .net v0x55db669793a0 165, 15 0, o0x7f55a6db8628; 0 drivers
o0x7f55a6db8658 .functor BUFZ 16, C4<zzzzzzzzzzzzzzzz>; HiZ drive
v0x55db669793a0_166 .net v0x55db669793a0 166, 15 0, o0x7f55a6db8658; 0 drivers
o0x7f55a6db8688 .functor BUFZ 16, C4<zzzzzzzzzzzzzzzz>; HiZ drive
v0x55db669793a0_167 .net v0x55db669793a0 167, 15 0, o0x7f55a6db8688; 0 drivers
o0x7f55a6db86b8 .functor BUFZ 16, C4<zzzzzzzzzzzzzzzz>; HiZ drive
v0x55db669793a0_168 .net v0x55db669793a0 168, 15 0, o0x7f55a6db86b8; 0 drivers
o0x7f55a6db86e8 .functor BUFZ 16, C4<zzzzzzzzzzzzzzzz>; HiZ drive
v0x55db669793a0_169 .net v0x55db669793a0 169, 15 0, o0x7f55a6db86e8; 0 drivers
o0x7f55a6db8718 .functor BUFZ 16, C4<zzzzzzzzzzzzzzzz>; HiZ drive
v0x55db669793a0_170 .net v0x55db669793a0 170, 15 0, o0x7f55a6db8718; 0 drivers
o0x7f55a6db8748 .functor BUFZ 16, C4<zzzzzzzzzzzzzzzz>; HiZ drive
v0x55db669793a0_171 .net v0x55db669793a0 171, 15 0, o0x7f55a6db8748; 0 drivers
o0x7f55a6db8778 .functor BUFZ 16, C4<zzzzzzzzzzzzzzzz>; HiZ drive
v0x55db669793a0_172 .net v0x55db669793a0 172, 15 0, o0x7f55a6db8778; 0 drivers
o0x7f55a6db87a8 .functor BUFZ 16, C4<zzzzzzzzzzzzzzzz>; HiZ drive
v0x55db669793a0_173 .net v0x55db669793a0 173, 15 0, o0x7f55a6db87a8; 0 drivers
o0x7f55a6db87d8 .functor BUFZ 16, C4<zzzzzzzzzzzzzzzz>; HiZ drive
v0x55db669793a0_174 .net v0x55db669793a0 174, 15 0, o0x7f55a6db87d8; 0 drivers
o0x7f55a6db8808 .functor BUFZ 16, C4<zzzzzzzzzzzzzzzz>; HiZ drive
v0x55db669793a0_175 .net v0x55db669793a0 175, 15 0, o0x7f55a6db8808; 0 drivers
o0x7f55a6db8838 .functor BUFZ 16, C4<zzzzzzzzzzzzzzzz>; HiZ drive
v0x55db669793a0_176 .net v0x55db669793a0 176, 15 0, o0x7f55a6db8838; 0 drivers
o0x7f55a6db8868 .functor BUFZ 16, C4<zzzzzzzzzzzzzzzz>; HiZ drive
v0x55db669793a0_177 .net v0x55db669793a0 177, 15 0, o0x7f55a6db8868; 0 drivers
o0x7f55a6db8898 .functor BUFZ 16, C4<zzzzzzzzzzzzzzzz>; HiZ drive
v0x55db669793a0_178 .net v0x55db669793a0 178, 15 0, o0x7f55a6db8898; 0 drivers
o0x7f55a6db88c8 .functor BUFZ 16, C4<zzzzzzzzzzzzzzzz>; HiZ drive
v0x55db669793a0_179 .net v0x55db669793a0 179, 15 0, o0x7f55a6db88c8; 0 drivers
o0x7f55a6db88f8 .functor BUFZ 16, C4<zzzzzzzzzzzzzzzz>; HiZ drive
v0x55db669793a0_180 .net v0x55db669793a0 180, 15 0, o0x7f55a6db88f8; 0 drivers
o0x7f55a6db8928 .functor BUFZ 16, C4<zzzzzzzzzzzzzzzz>; HiZ drive
v0x55db669793a0_181 .net v0x55db669793a0 181, 15 0, o0x7f55a6db8928; 0 drivers
o0x7f55a6db8958 .functor BUFZ 16, C4<zzzzzzzzzzzzzzzz>; HiZ drive
v0x55db669793a0_182 .net v0x55db669793a0 182, 15 0, o0x7f55a6db8958; 0 drivers
o0x7f55a6db8988 .functor BUFZ 16, C4<zzzzzzzzzzzzzzzz>; HiZ drive
v0x55db669793a0_183 .net v0x55db669793a0 183, 15 0, o0x7f55a6db8988; 0 drivers
o0x7f55a6db89b8 .functor BUFZ 16, C4<zzzzzzzzzzzzzzzz>; HiZ drive
v0x55db669793a0_184 .net v0x55db669793a0 184, 15 0, o0x7f55a6db89b8; 0 drivers
o0x7f55a6db89e8 .functor BUFZ 16, C4<zzzzzzzzzzzzzzzz>; HiZ drive
v0x55db669793a0_185 .net v0x55db669793a0 185, 15 0, o0x7f55a6db89e8; 0 drivers
o0x7f55a6db8a18 .functor BUFZ 16, C4<zzzzzzzzzzzzzzzz>; HiZ drive
v0x55db669793a0_186 .net v0x55db669793a0 186, 15 0, o0x7f55a6db8a18; 0 drivers
o0x7f55a6db8a48 .functor BUFZ 16, C4<zzzzzzzzzzzzzzzz>; HiZ drive
v0x55db669793a0_187 .net v0x55db669793a0 187, 15 0, o0x7f55a6db8a48; 0 drivers
o0x7f55a6db8a78 .functor BUFZ 16, C4<zzzzzzzzzzzzzzzz>; HiZ drive
v0x55db669793a0_188 .net v0x55db669793a0 188, 15 0, o0x7f55a6db8a78; 0 drivers
o0x7f55a6db8aa8 .functor BUFZ 16, C4<zzzzzzzzzzzzzzzz>; HiZ drive
v0x55db669793a0_189 .net v0x55db669793a0 189, 15 0, o0x7f55a6db8aa8; 0 drivers
o0x7f55a6db8ad8 .functor BUFZ 16, C4<zzzzzzzzzzzzzzzz>; HiZ drive
v0x55db669793a0_190 .net v0x55db669793a0 190, 15 0, o0x7f55a6db8ad8; 0 drivers
o0x7f55a6db8b08 .functor BUFZ 16, C4<zzzzzzzzzzzzzzzz>; HiZ drive
v0x55db669793a0_191 .net v0x55db669793a0 191, 15 0, o0x7f55a6db8b08; 0 drivers
o0x7f55a6db8b38 .functor BUFZ 16, C4<zzzzzzzzzzzzzzzz>; HiZ drive
v0x55db669793a0_192 .net v0x55db669793a0 192, 15 0, o0x7f55a6db8b38; 0 drivers
o0x7f55a6db8b68 .functor BUFZ 16, C4<zzzzzzzzzzzzzzzz>; HiZ drive
v0x55db669793a0_193 .net v0x55db669793a0 193, 15 0, o0x7f55a6db8b68; 0 drivers
o0x7f55a6db8b98 .functor BUFZ 16, C4<zzzzzzzzzzzzzzzz>; HiZ drive
v0x55db669793a0_194 .net v0x55db669793a0 194, 15 0, o0x7f55a6db8b98; 0 drivers
o0x7f55a6db8bc8 .functor BUFZ 16, C4<zzzzzzzzzzzzzzzz>; HiZ drive
v0x55db669793a0_195 .net v0x55db669793a0 195, 15 0, o0x7f55a6db8bc8; 0 drivers
o0x7f55a6db8bf8 .functor BUFZ 16, C4<zzzzzzzzzzzzzzzz>; HiZ drive
v0x55db669793a0_196 .net v0x55db669793a0 196, 15 0, o0x7f55a6db8bf8; 0 drivers
o0x7f55a6db8c28 .functor BUFZ 16, C4<zzzzzzzzzzzzzzzz>; HiZ drive
v0x55db669793a0_197 .net v0x55db669793a0 197, 15 0, o0x7f55a6db8c28; 0 drivers
o0x7f55a6db8c58 .functor BUFZ 16, C4<zzzzzzzzzzzzzzzz>; HiZ drive
v0x55db669793a0_198 .net v0x55db669793a0 198, 15 0, o0x7f55a6db8c58; 0 drivers
o0x7f55a6db8c88 .functor BUFZ 16, C4<zzzzzzzzzzzzzzzz>; HiZ drive
v0x55db669793a0_199 .net v0x55db669793a0 199, 15 0, o0x7f55a6db8c88; 0 drivers
o0x7f55a6db8cb8 .functor BUFZ 16, C4<zzzzzzzzzzzzzzzz>; HiZ drive
v0x55db669793a0_200 .net v0x55db669793a0 200, 15 0, o0x7f55a6db8cb8; 0 drivers
o0x7f55a6db8ce8 .functor BUFZ 16, C4<zzzzzzzzzzzzzzzz>; HiZ drive
v0x55db669793a0_201 .net v0x55db669793a0 201, 15 0, o0x7f55a6db8ce8; 0 drivers
o0x7f55a6db8d18 .functor BUFZ 16, C4<zzzzzzzzzzzzzzzz>; HiZ drive
v0x55db669793a0_202 .net v0x55db669793a0 202, 15 0, o0x7f55a6db8d18; 0 drivers
o0x7f55a6db8d48 .functor BUFZ 16, C4<zzzzzzzzzzzzzzzz>; HiZ drive
v0x55db669793a0_203 .net v0x55db669793a0 203, 15 0, o0x7f55a6db8d48; 0 drivers
o0x7f55a6db8d78 .functor BUFZ 16, C4<zzzzzzzzzzzzzzzz>; HiZ drive
v0x55db669793a0_204 .net v0x55db669793a0 204, 15 0, o0x7f55a6db8d78; 0 drivers
o0x7f55a6db8da8 .functor BUFZ 16, C4<zzzzzzzzzzzzzzzz>; HiZ drive
v0x55db669793a0_205 .net v0x55db669793a0 205, 15 0, o0x7f55a6db8da8; 0 drivers
o0x7f55a6db8dd8 .functor BUFZ 16, C4<zzzzzzzzzzzzzzzz>; HiZ drive
v0x55db669793a0_206 .net v0x55db669793a0 206, 15 0, o0x7f55a6db8dd8; 0 drivers
o0x7f55a6db8e08 .functor BUFZ 16, C4<zzzzzzzzzzzzzzzz>; HiZ drive
v0x55db669793a0_207 .net v0x55db669793a0 207, 15 0, o0x7f55a6db8e08; 0 drivers
o0x7f55a6db8e38 .functor BUFZ 16, C4<zzzzzzzzzzzzzzzz>; HiZ drive
v0x55db669793a0_208 .net v0x55db669793a0 208, 15 0, o0x7f55a6db8e38; 0 drivers
o0x7f55a6db8e68 .functor BUFZ 16, C4<zzzzzzzzzzzzzzzz>; HiZ drive
v0x55db669793a0_209 .net v0x55db669793a0 209, 15 0, o0x7f55a6db8e68; 0 drivers
o0x7f55a6db8e98 .functor BUFZ 16, C4<zzzzzzzzzzzzzzzz>; HiZ drive
v0x55db669793a0_210 .net v0x55db669793a0 210, 15 0, o0x7f55a6db8e98; 0 drivers
o0x7f55a6db8ec8 .functor BUFZ 16, C4<zzzzzzzzzzzzzzzz>; HiZ drive
v0x55db669793a0_211 .net v0x55db669793a0 211, 15 0, o0x7f55a6db8ec8; 0 drivers
o0x7f55a6db8ef8 .functor BUFZ 16, C4<zzzzzzzzzzzzzzzz>; HiZ drive
v0x55db669793a0_212 .net v0x55db669793a0 212, 15 0, o0x7f55a6db8ef8; 0 drivers
o0x7f55a6db8f28 .functor BUFZ 16, C4<zzzzzzzzzzzzzzzz>; HiZ drive
v0x55db669793a0_213 .net v0x55db669793a0 213, 15 0, o0x7f55a6db8f28; 0 drivers
o0x7f55a6db8f58 .functor BUFZ 16, C4<zzzzzzzzzzzzzzzz>; HiZ drive
v0x55db669793a0_214 .net v0x55db669793a0 214, 15 0, o0x7f55a6db8f58; 0 drivers
o0x7f55a6db8f88 .functor BUFZ 16, C4<zzzzzzzzzzzzzzzz>; HiZ drive
v0x55db669793a0_215 .net v0x55db669793a0 215, 15 0, o0x7f55a6db8f88; 0 drivers
o0x7f55a6db8fb8 .functor BUFZ 16, C4<zzzzzzzzzzzzzzzz>; HiZ drive
v0x55db669793a0_216 .net v0x55db669793a0 216, 15 0, o0x7f55a6db8fb8; 0 drivers
o0x7f55a6db8fe8 .functor BUFZ 16, C4<zzzzzzzzzzzzzzzz>; HiZ drive
v0x55db669793a0_217 .net v0x55db669793a0 217, 15 0, o0x7f55a6db8fe8; 0 drivers
o0x7f55a6db9018 .functor BUFZ 16, C4<zzzzzzzzzzzzzzzz>; HiZ drive
v0x55db669793a0_218 .net v0x55db669793a0 218, 15 0, o0x7f55a6db9018; 0 drivers
o0x7f55a6db9048 .functor BUFZ 16, C4<zzzzzzzzzzzzzzzz>; HiZ drive
v0x55db669793a0_219 .net v0x55db669793a0 219, 15 0, o0x7f55a6db9048; 0 drivers
o0x7f55a6db9078 .functor BUFZ 16, C4<zzzzzzzzzzzzzzzz>; HiZ drive
v0x55db669793a0_220 .net v0x55db669793a0 220, 15 0, o0x7f55a6db9078; 0 drivers
o0x7f55a6db90a8 .functor BUFZ 16, C4<zzzzzzzzzzzzzzzz>; HiZ drive
v0x55db669793a0_221 .net v0x55db669793a0 221, 15 0, o0x7f55a6db90a8; 0 drivers
o0x7f55a6db90d8 .functor BUFZ 16, C4<zzzzzzzzzzzzzzzz>; HiZ drive
v0x55db669793a0_222 .net v0x55db669793a0 222, 15 0, o0x7f55a6db90d8; 0 drivers
o0x7f55a6db9108 .functor BUFZ 16, C4<zzzzzzzzzzzzzzzz>; HiZ drive
v0x55db669793a0_223 .net v0x55db669793a0 223, 15 0, o0x7f55a6db9108; 0 drivers
o0x7f55a6db9138 .functor BUFZ 16, C4<zzzzzzzzzzzzzzzz>; HiZ drive
v0x55db669793a0_224 .net v0x55db669793a0 224, 15 0, o0x7f55a6db9138; 0 drivers
o0x7f55a6db9168 .functor BUFZ 16, C4<zzzzzzzzzzzzzzzz>; HiZ drive
v0x55db669793a0_225 .net v0x55db669793a0 225, 15 0, o0x7f55a6db9168; 0 drivers
o0x7f55a6db9198 .functor BUFZ 16, C4<zzzzzzzzzzzzzzzz>; HiZ drive
v0x55db669793a0_226 .net v0x55db669793a0 226, 15 0, o0x7f55a6db9198; 0 drivers
o0x7f55a6db91c8 .functor BUFZ 16, C4<zzzzzzzzzzzzzzzz>; HiZ drive
v0x55db669793a0_227 .net v0x55db669793a0 227, 15 0, o0x7f55a6db91c8; 0 drivers
o0x7f55a6db91f8 .functor BUFZ 16, C4<zzzzzzzzzzzzzzzz>; HiZ drive
v0x55db669793a0_228 .net v0x55db669793a0 228, 15 0, o0x7f55a6db91f8; 0 drivers
o0x7f55a6db9228 .functor BUFZ 16, C4<zzzzzzzzzzzzzzzz>; HiZ drive
v0x55db669793a0_229 .net v0x55db669793a0 229, 15 0, o0x7f55a6db9228; 0 drivers
o0x7f55a6db9258 .functor BUFZ 16, C4<zzzzzzzzzzzzzzzz>; HiZ drive
v0x55db669793a0_230 .net v0x55db669793a0 230, 15 0, o0x7f55a6db9258; 0 drivers
o0x7f55a6db9288 .functor BUFZ 16, C4<zzzzzzzzzzzzzzzz>; HiZ drive
v0x55db669793a0_231 .net v0x55db669793a0 231, 15 0, o0x7f55a6db9288; 0 drivers
o0x7f55a6db92b8 .functor BUFZ 16, C4<zzzzzzzzzzzzzzzz>; HiZ drive
v0x55db669793a0_232 .net v0x55db669793a0 232, 15 0, o0x7f55a6db92b8; 0 drivers
o0x7f55a6db92e8 .functor BUFZ 16, C4<zzzzzzzzzzzzzzzz>; HiZ drive
v0x55db669793a0_233 .net v0x55db669793a0 233, 15 0, o0x7f55a6db92e8; 0 drivers
o0x7f55a6db9318 .functor BUFZ 16, C4<zzzzzzzzzzzzzzzz>; HiZ drive
v0x55db669793a0_234 .net v0x55db669793a0 234, 15 0, o0x7f55a6db9318; 0 drivers
o0x7f55a6db9348 .functor BUFZ 16, C4<zzzzzzzzzzzzzzzz>; HiZ drive
v0x55db669793a0_235 .net v0x55db669793a0 235, 15 0, o0x7f55a6db9348; 0 drivers
o0x7f55a6db9378 .functor BUFZ 16, C4<zzzzzzzzzzzzzzzz>; HiZ drive
v0x55db669793a0_236 .net v0x55db669793a0 236, 15 0, o0x7f55a6db9378; 0 drivers
o0x7f55a6db93a8 .functor BUFZ 16, C4<zzzzzzzzzzzzzzzz>; HiZ drive
v0x55db669793a0_237 .net v0x55db669793a0 237, 15 0, o0x7f55a6db93a8; 0 drivers
o0x7f55a6db93d8 .functor BUFZ 16, C4<zzzzzzzzzzzzzzzz>; HiZ drive
v0x55db669793a0_238 .net v0x55db669793a0 238, 15 0, o0x7f55a6db93d8; 0 drivers
o0x7f55a6db9408 .functor BUFZ 16, C4<zzzzzzzzzzzzzzzz>; HiZ drive
v0x55db669793a0_239 .net v0x55db669793a0 239, 15 0, o0x7f55a6db9408; 0 drivers
o0x7f55a6db9438 .functor BUFZ 16, C4<zzzzzzzzzzzzzzzz>; HiZ drive
v0x55db669793a0_240 .net v0x55db669793a0 240, 15 0, o0x7f55a6db9438; 0 drivers
o0x7f55a6db9468 .functor BUFZ 16, C4<zzzzzzzzzzzzzzzz>; HiZ drive
v0x55db669793a0_241 .net v0x55db669793a0 241, 15 0, o0x7f55a6db9468; 0 drivers
o0x7f55a6db9498 .functor BUFZ 16, C4<zzzzzzzzzzzzzzzz>; HiZ drive
v0x55db669793a0_242 .net v0x55db669793a0 242, 15 0, o0x7f55a6db9498; 0 drivers
o0x7f55a6db94c8 .functor BUFZ 16, C4<zzzzzzzzzzzzzzzz>; HiZ drive
v0x55db669793a0_243 .net v0x55db669793a0 243, 15 0, o0x7f55a6db94c8; 0 drivers
o0x7f55a6db94f8 .functor BUFZ 16, C4<zzzzzzzzzzzzzzzz>; HiZ drive
v0x55db669793a0_244 .net v0x55db669793a0 244, 15 0, o0x7f55a6db94f8; 0 drivers
o0x7f55a6db9528 .functor BUFZ 16, C4<zzzzzzzzzzzzzzzz>; HiZ drive
v0x55db669793a0_245 .net v0x55db669793a0 245, 15 0, o0x7f55a6db9528; 0 drivers
o0x7f55a6db9558 .functor BUFZ 16, C4<zzzzzzzzzzzzzzzz>; HiZ drive
v0x55db669793a0_246 .net v0x55db669793a0 246, 15 0, o0x7f55a6db9558; 0 drivers
o0x7f55a6db9588 .functor BUFZ 16, C4<zzzzzzzzzzzzzzzz>; HiZ drive
v0x55db669793a0_247 .net v0x55db669793a0 247, 15 0, o0x7f55a6db9588; 0 drivers
o0x7f55a6db95b8 .functor BUFZ 16, C4<zzzzzzzzzzzzzzzz>; HiZ drive
v0x55db669793a0_248 .net v0x55db669793a0 248, 15 0, o0x7f55a6db95b8; 0 drivers
o0x7f55a6db95e8 .functor BUFZ 16, C4<zzzzzzzzzzzzzzzz>; HiZ drive
v0x55db669793a0_249 .net v0x55db669793a0 249, 15 0, o0x7f55a6db95e8; 0 drivers
o0x7f55a6db9618 .functor BUFZ 16, C4<zzzzzzzzzzzzzzzz>; HiZ drive
v0x55db669793a0_250 .net v0x55db669793a0 250, 15 0, o0x7f55a6db9618; 0 drivers
o0x7f55a6db9648 .functor BUFZ 16, C4<zzzzzzzzzzzzzzzz>; HiZ drive
v0x55db669793a0_251 .net v0x55db669793a0 251, 15 0, o0x7f55a6db9648; 0 drivers
o0x7f55a6db9678 .functor BUFZ 16, C4<zzzzzzzzzzzzzzzz>; HiZ drive
v0x55db669793a0_252 .net v0x55db669793a0 252, 15 0, o0x7f55a6db9678; 0 drivers
o0x7f55a6db96a8 .functor BUFZ 16, C4<zzzzzzzzzzzzzzzz>; HiZ drive
v0x55db669793a0_253 .net v0x55db669793a0 253, 15 0, o0x7f55a6db96a8; 0 drivers
o0x7f55a6db96d8 .functor BUFZ 16, C4<zzzzzzzzzzzzzzzz>; HiZ drive
v0x55db669793a0_254 .net v0x55db669793a0 254, 15 0, o0x7f55a6db96d8; 0 drivers
o0x7f55a6db9708 .functor BUFZ 16, C4<zzzzzzzzzzzzzzzz>; HiZ drive
v0x55db669793a0_255 .net v0x55db669793a0 255, 15 0, o0x7f55a6db9708; 0 drivers
o0x7f55a6db9738 .functor BUFZ 16, C4<zzzzzzzzzzzzzzzz>; HiZ drive
v0x55db669793a0_256 .net v0x55db669793a0 256, 15 0, o0x7f55a6db9738; 0 drivers
o0x7f55a6db9768 .functor BUFZ 16, C4<zzzzzzzzzzzzzzzz>; HiZ drive
v0x55db669793a0_257 .net v0x55db669793a0 257, 15 0, o0x7f55a6db9768; 0 drivers
o0x7f55a6db9798 .functor BUFZ 16, C4<zzzzzzzzzzzzzzzz>; HiZ drive
v0x55db669793a0_258 .net v0x55db669793a0 258, 15 0, o0x7f55a6db9798; 0 drivers
o0x7f55a6db97c8 .functor BUFZ 16, C4<zzzzzzzzzzzzzzzz>; HiZ drive
v0x55db669793a0_259 .net v0x55db669793a0 259, 15 0, o0x7f55a6db97c8; 0 drivers
o0x7f55a6db97f8 .functor BUFZ 16, C4<zzzzzzzzzzzzzzzz>; HiZ drive
v0x55db669793a0_260 .net v0x55db669793a0 260, 15 0, o0x7f55a6db97f8; 0 drivers
o0x7f55a6db9828 .functor BUFZ 16, C4<zzzzzzzzzzzzzzzz>; HiZ drive
v0x55db669793a0_261 .net v0x55db669793a0 261, 15 0, o0x7f55a6db9828; 0 drivers
o0x7f55a6db9858 .functor BUFZ 16, C4<zzzzzzzzzzzzzzzz>; HiZ drive
v0x55db669793a0_262 .net v0x55db669793a0 262, 15 0, o0x7f55a6db9858; 0 drivers
o0x7f55a6db9888 .functor BUFZ 16, C4<zzzzzzzzzzzzzzzz>; HiZ drive
v0x55db669793a0_263 .net v0x55db669793a0 263, 15 0, o0x7f55a6db9888; 0 drivers
o0x7f55a6db98b8 .functor BUFZ 16, C4<zzzzzzzzzzzzzzzz>; HiZ drive
v0x55db669793a0_264 .net v0x55db669793a0 264, 15 0, o0x7f55a6db98b8; 0 drivers
o0x7f55a6db98e8 .functor BUFZ 16, C4<zzzzzzzzzzzzzzzz>; HiZ drive
v0x55db669793a0_265 .net v0x55db669793a0 265, 15 0, o0x7f55a6db98e8; 0 drivers
o0x7f55a6db9918 .functor BUFZ 16, C4<zzzzzzzzzzzzzzzz>; HiZ drive
v0x55db669793a0_266 .net v0x55db669793a0 266, 15 0, o0x7f55a6db9918; 0 drivers
o0x7f55a6db9948 .functor BUFZ 16, C4<zzzzzzzzzzzzzzzz>; HiZ drive
v0x55db669793a0_267 .net v0x55db669793a0 267, 15 0, o0x7f55a6db9948; 0 drivers
o0x7f55a6db9978 .functor BUFZ 16, C4<zzzzzzzzzzzzzzzz>; HiZ drive
v0x55db669793a0_268 .net v0x55db669793a0 268, 15 0, o0x7f55a6db9978; 0 drivers
o0x7f55a6db99a8 .functor BUFZ 16, C4<zzzzzzzzzzzzzzzz>; HiZ drive
v0x55db669793a0_269 .net v0x55db669793a0 269, 15 0, o0x7f55a6db99a8; 0 drivers
o0x7f55a6db99d8 .functor BUFZ 16, C4<zzzzzzzzzzzzzzzz>; HiZ drive
v0x55db669793a0_270 .net v0x55db669793a0 270, 15 0, o0x7f55a6db99d8; 0 drivers
o0x7f55a6db9a08 .functor BUFZ 16, C4<zzzzzzzzzzzzzzzz>; HiZ drive
v0x55db669793a0_271 .net v0x55db669793a0 271, 15 0, o0x7f55a6db9a08; 0 drivers
o0x7f55a6db9a38 .functor BUFZ 16, C4<zzzzzzzzzzzzzzzz>; HiZ drive
v0x55db669793a0_272 .net v0x55db669793a0 272, 15 0, o0x7f55a6db9a38; 0 drivers
o0x7f55a6db9a68 .functor BUFZ 16, C4<zzzzzzzzzzzzzzzz>; HiZ drive
v0x55db669793a0_273 .net v0x55db669793a0 273, 15 0, o0x7f55a6db9a68; 0 drivers
o0x7f55a6db9a98 .functor BUFZ 16, C4<zzzzzzzzzzzzzzzz>; HiZ drive
v0x55db669793a0_274 .net v0x55db669793a0 274, 15 0, o0x7f55a6db9a98; 0 drivers
o0x7f55a6db9ac8 .functor BUFZ 16, C4<zzzzzzzzzzzzzzzz>; HiZ drive
v0x55db669793a0_275 .net v0x55db669793a0 275, 15 0, o0x7f55a6db9ac8; 0 drivers
o0x7f55a6db9af8 .functor BUFZ 16, C4<zzzzzzzzzzzzzzzz>; HiZ drive
v0x55db669793a0_276 .net v0x55db669793a0 276, 15 0, o0x7f55a6db9af8; 0 drivers
o0x7f55a6db9b28 .functor BUFZ 16, C4<zzzzzzzzzzzzzzzz>; HiZ drive
v0x55db669793a0_277 .net v0x55db669793a0 277, 15 0, o0x7f55a6db9b28; 0 drivers
o0x7f55a6db9b58 .functor BUFZ 16, C4<zzzzzzzzzzzzzzzz>; HiZ drive
v0x55db669793a0_278 .net v0x55db669793a0 278, 15 0, o0x7f55a6db9b58; 0 drivers
o0x7f55a6db9b88 .functor BUFZ 16, C4<zzzzzzzzzzzzzzzz>; HiZ drive
v0x55db669793a0_279 .net v0x55db669793a0 279, 15 0, o0x7f55a6db9b88; 0 drivers
o0x7f55a6db9bb8 .functor BUFZ 16, C4<zzzzzzzzzzzzzzzz>; HiZ drive
v0x55db669793a0_280 .net v0x55db669793a0 280, 15 0, o0x7f55a6db9bb8; 0 drivers
o0x7f55a6db9be8 .functor BUFZ 16, C4<zzzzzzzzzzzzzzzz>; HiZ drive
v0x55db669793a0_281 .net v0x55db669793a0 281, 15 0, o0x7f55a6db9be8; 0 drivers
o0x7f55a6db9c18 .functor BUFZ 16, C4<zzzzzzzzzzzzzzzz>; HiZ drive
v0x55db669793a0_282 .net v0x55db669793a0 282, 15 0, o0x7f55a6db9c18; 0 drivers
o0x7f55a6db9c48 .functor BUFZ 16, C4<zzzzzzzzzzzzzzzz>; HiZ drive
v0x55db669793a0_283 .net v0x55db669793a0 283, 15 0, o0x7f55a6db9c48; 0 drivers
o0x7f55a6db9c78 .functor BUFZ 16, C4<zzzzzzzzzzzzzzzz>; HiZ drive
v0x55db669793a0_284 .net v0x55db669793a0 284, 15 0, o0x7f55a6db9c78; 0 drivers
o0x7f55a6db9ca8 .functor BUFZ 16, C4<zzzzzzzzzzzzzzzz>; HiZ drive
v0x55db669793a0_285 .net v0x55db669793a0 285, 15 0, o0x7f55a6db9ca8; 0 drivers
o0x7f55a6db9cd8 .functor BUFZ 16, C4<zzzzzzzzzzzzzzzz>; HiZ drive
v0x55db669793a0_286 .net v0x55db669793a0 286, 15 0, o0x7f55a6db9cd8; 0 drivers
o0x7f55a6db9d08 .functor BUFZ 16, C4<zzzzzzzzzzzzzzzz>; HiZ drive
v0x55db669793a0_287 .net v0x55db669793a0 287, 15 0, o0x7f55a6db9d08; 0 drivers
o0x7f55a6db9d38 .functor BUFZ 16, C4<zzzzzzzzzzzzzzzz>; HiZ drive
v0x55db669793a0_288 .net v0x55db669793a0 288, 15 0, o0x7f55a6db9d38; 0 drivers
o0x7f55a6db9d68 .functor BUFZ 16, C4<zzzzzzzzzzzzzzzz>; HiZ drive
v0x55db669793a0_289 .net v0x55db669793a0 289, 15 0, o0x7f55a6db9d68; 0 drivers
o0x7f55a6db9d98 .functor BUFZ 16, C4<zzzzzzzzzzzzzzzz>; HiZ drive
v0x55db669793a0_290 .net v0x55db669793a0 290, 15 0, o0x7f55a6db9d98; 0 drivers
o0x7f55a6db9dc8 .functor BUFZ 16, C4<zzzzzzzzzzzzzzzz>; HiZ drive
v0x55db669793a0_291 .net v0x55db669793a0 291, 15 0, o0x7f55a6db9dc8; 0 drivers
o0x7f55a6db9df8 .functor BUFZ 16, C4<zzzzzzzzzzzzzzzz>; HiZ drive
v0x55db669793a0_292 .net v0x55db669793a0 292, 15 0, o0x7f55a6db9df8; 0 drivers
o0x7f55a6db9e28 .functor BUFZ 16, C4<zzzzzzzzzzzzzzzz>; HiZ drive
v0x55db669793a0_293 .net v0x55db669793a0 293, 15 0, o0x7f55a6db9e28; 0 drivers
o0x7f55a6db9e58 .functor BUFZ 16, C4<zzzzzzzzzzzzzzzz>; HiZ drive
v0x55db669793a0_294 .net v0x55db669793a0 294, 15 0, o0x7f55a6db9e58; 0 drivers
o0x7f55a6db9e88 .functor BUFZ 16, C4<zzzzzzzzzzzzzzzz>; HiZ drive
v0x55db669793a0_295 .net v0x55db669793a0 295, 15 0, o0x7f55a6db9e88; 0 drivers
o0x7f55a6db9eb8 .functor BUFZ 16, C4<zzzzzzzzzzzzzzzz>; HiZ drive
v0x55db669793a0_296 .net v0x55db669793a0 296, 15 0, o0x7f55a6db9eb8; 0 drivers
o0x7f55a6db9ee8 .functor BUFZ 16, C4<zzzzzzzzzzzzzzzz>; HiZ drive
v0x55db669793a0_297 .net v0x55db669793a0 297, 15 0, o0x7f55a6db9ee8; 0 drivers
o0x7f55a6db9f18 .functor BUFZ 16, C4<zzzzzzzzzzzzzzzz>; HiZ drive
v0x55db669793a0_298 .net v0x55db669793a0 298, 15 0, o0x7f55a6db9f18; 0 drivers
o0x7f55a6db9f48 .functor BUFZ 16, C4<zzzzzzzzzzzzzzzz>; HiZ drive
v0x55db669793a0_299 .net v0x55db669793a0 299, 15 0, o0x7f55a6db9f48; 0 drivers
o0x7f55a6db9f78 .functor BUFZ 16, C4<zzzzzzzzzzzzzzzz>; HiZ drive
v0x55db669793a0_300 .net v0x55db669793a0 300, 15 0, o0x7f55a6db9f78; 0 drivers
o0x7f55a6db9fa8 .functor BUFZ 16, C4<zzzzzzzzzzzzzzzz>; HiZ drive
v0x55db669793a0_301 .net v0x55db669793a0 301, 15 0, o0x7f55a6db9fa8; 0 drivers
o0x7f55a6db9fd8 .functor BUFZ 16, C4<zzzzzzzzzzzzzzzz>; HiZ drive
v0x55db669793a0_302 .net v0x55db669793a0 302, 15 0, o0x7f55a6db9fd8; 0 drivers
o0x7f55a6dba008 .functor BUFZ 16, C4<zzzzzzzzzzzzzzzz>; HiZ drive
v0x55db669793a0_303 .net v0x55db669793a0 303, 15 0, o0x7f55a6dba008; 0 drivers
o0x7f55a6dba038 .functor BUFZ 16, C4<zzzzzzzzzzzzzzzz>; HiZ drive
v0x55db669793a0_304 .net v0x55db669793a0 304, 15 0, o0x7f55a6dba038; 0 drivers
o0x7f55a6dba068 .functor BUFZ 16, C4<zzzzzzzzzzzzzzzz>; HiZ drive
v0x55db669793a0_305 .net v0x55db669793a0 305, 15 0, o0x7f55a6dba068; 0 drivers
o0x7f55a6dba098 .functor BUFZ 16, C4<zzzzzzzzzzzzzzzz>; HiZ drive
v0x55db669793a0_306 .net v0x55db669793a0 306, 15 0, o0x7f55a6dba098; 0 drivers
o0x7f55a6dba0c8 .functor BUFZ 16, C4<zzzzzzzzzzzzzzzz>; HiZ drive
v0x55db669793a0_307 .net v0x55db669793a0 307, 15 0, o0x7f55a6dba0c8; 0 drivers
o0x7f55a6dba0f8 .functor BUFZ 16, C4<zzzzzzzzzzzzzzzz>; HiZ drive
v0x55db669793a0_308 .net v0x55db669793a0 308, 15 0, o0x7f55a6dba0f8; 0 drivers
o0x7f55a6dba128 .functor BUFZ 16, C4<zzzzzzzzzzzzzzzz>; HiZ drive
v0x55db669793a0_309 .net v0x55db669793a0 309, 15 0, o0x7f55a6dba128; 0 drivers
o0x7f55a6dba158 .functor BUFZ 16, C4<zzzzzzzzzzzzzzzz>; HiZ drive
v0x55db669793a0_310 .net v0x55db669793a0 310, 15 0, o0x7f55a6dba158; 0 drivers
o0x7f55a6dba188 .functor BUFZ 16, C4<zzzzzzzzzzzzzzzz>; HiZ drive
v0x55db669793a0_311 .net v0x55db669793a0 311, 15 0, o0x7f55a6dba188; 0 drivers
o0x7f55a6dba1b8 .functor BUFZ 16, C4<zzzzzzzzzzzzzzzz>; HiZ drive
v0x55db669793a0_312 .net v0x55db669793a0 312, 15 0, o0x7f55a6dba1b8; 0 drivers
o0x7f55a6dba1e8 .functor BUFZ 16, C4<zzzzzzzzzzzzzzzz>; HiZ drive
v0x55db669793a0_313 .net v0x55db669793a0 313, 15 0, o0x7f55a6dba1e8; 0 drivers
o0x7f55a6dba218 .functor BUFZ 16, C4<zzzzzzzzzzzzzzzz>; HiZ drive
v0x55db669793a0_314 .net v0x55db669793a0 314, 15 0, o0x7f55a6dba218; 0 drivers
o0x7f55a6dba248 .functor BUFZ 16, C4<zzzzzzzzzzzzzzzz>; HiZ drive
v0x55db669793a0_315 .net v0x55db669793a0 315, 15 0, o0x7f55a6dba248; 0 drivers
o0x7f55a6dba278 .functor BUFZ 16, C4<zzzzzzzzzzzzzzzz>; HiZ drive
v0x55db669793a0_316 .net v0x55db669793a0 316, 15 0, o0x7f55a6dba278; 0 drivers
o0x7f55a6dba2a8 .functor BUFZ 16, C4<zzzzzzzzzzzzzzzz>; HiZ drive
v0x55db669793a0_317 .net v0x55db669793a0 317, 15 0, o0x7f55a6dba2a8; 0 drivers
o0x7f55a6dba2d8 .functor BUFZ 16, C4<zzzzzzzzzzzzzzzz>; HiZ drive
v0x55db669793a0_318 .net v0x55db669793a0 318, 15 0, o0x7f55a6dba2d8; 0 drivers
o0x7f55a6dba308 .functor BUFZ 16, C4<zzzzzzzzzzzzzzzz>; HiZ drive
v0x55db669793a0_319 .net v0x55db669793a0 319, 15 0, o0x7f55a6dba308; 0 drivers
o0x7f55a6dba338 .functor BUFZ 16, C4<zzzzzzzzzzzzzzzz>; HiZ drive
v0x55db669793a0_320 .net v0x55db669793a0 320, 15 0, o0x7f55a6dba338; 0 drivers
o0x7f55a6dba368 .functor BUFZ 16, C4<zzzzzzzzzzzzzzzz>; HiZ drive
v0x55db669793a0_321 .net v0x55db669793a0 321, 15 0, o0x7f55a6dba368; 0 drivers
o0x7f55a6dba398 .functor BUFZ 16, C4<zzzzzzzzzzzzzzzz>; HiZ drive
v0x55db669793a0_322 .net v0x55db669793a0 322, 15 0, o0x7f55a6dba398; 0 drivers
o0x7f55a6dba3c8 .functor BUFZ 16, C4<zzzzzzzzzzzzzzzz>; HiZ drive
v0x55db669793a0_323 .net v0x55db669793a0 323, 15 0, o0x7f55a6dba3c8; 0 drivers
o0x7f55a6dba3f8 .functor BUFZ 16, C4<zzzzzzzzzzzzzzzz>; HiZ drive
v0x55db669793a0_324 .net v0x55db669793a0 324, 15 0, o0x7f55a6dba3f8; 0 drivers
o0x7f55a6dba428 .functor BUFZ 16, C4<zzzzzzzzzzzzzzzz>; HiZ drive
v0x55db669793a0_325 .net v0x55db669793a0 325, 15 0, o0x7f55a6dba428; 0 drivers
o0x7f55a6dba458 .functor BUFZ 16, C4<zzzzzzzzzzzzzzzz>; HiZ drive
v0x55db669793a0_326 .net v0x55db669793a0 326, 15 0, o0x7f55a6dba458; 0 drivers
o0x7f55a6dba488 .functor BUFZ 16, C4<zzzzzzzzzzzzzzzz>; HiZ drive
v0x55db669793a0_327 .net v0x55db669793a0 327, 15 0, o0x7f55a6dba488; 0 drivers
o0x7f55a6dba4b8 .functor BUFZ 16, C4<zzzzzzzzzzzzzzzz>; HiZ drive
v0x55db669793a0_328 .net v0x55db669793a0 328, 15 0, o0x7f55a6dba4b8; 0 drivers
o0x7f55a6dba4e8 .functor BUFZ 16, C4<zzzzzzzzzzzzzzzz>; HiZ drive
v0x55db669793a0_329 .net v0x55db669793a0 329, 15 0, o0x7f55a6dba4e8; 0 drivers
o0x7f55a6dba518 .functor BUFZ 16, C4<zzzzzzzzzzzzzzzz>; HiZ drive
v0x55db669793a0_330 .net v0x55db669793a0 330, 15 0, o0x7f55a6dba518; 0 drivers
o0x7f55a6dba548 .functor BUFZ 16, C4<zzzzzzzzzzzzzzzz>; HiZ drive
v0x55db669793a0_331 .net v0x55db669793a0 331, 15 0, o0x7f55a6dba548; 0 drivers
o0x7f55a6dba578 .functor BUFZ 16, C4<zzzzzzzzzzzzzzzz>; HiZ drive
v0x55db669793a0_332 .net v0x55db669793a0 332, 15 0, o0x7f55a6dba578; 0 drivers
o0x7f55a6dba5a8 .functor BUFZ 16, C4<zzzzzzzzzzzzzzzz>; HiZ drive
v0x55db669793a0_333 .net v0x55db669793a0 333, 15 0, o0x7f55a6dba5a8; 0 drivers
o0x7f55a6dba5d8 .functor BUFZ 16, C4<zzzzzzzzzzzzzzzz>; HiZ drive
v0x55db669793a0_334 .net v0x55db669793a0 334, 15 0, o0x7f55a6dba5d8; 0 drivers
o0x7f55a6dba608 .functor BUFZ 16, C4<zzzzzzzzzzzzzzzz>; HiZ drive
v0x55db669793a0_335 .net v0x55db669793a0 335, 15 0, o0x7f55a6dba608; 0 drivers
o0x7f55a6dba638 .functor BUFZ 16, C4<zzzzzzzzzzzzzzzz>; HiZ drive
v0x55db669793a0_336 .net v0x55db669793a0 336, 15 0, o0x7f55a6dba638; 0 drivers
o0x7f55a6dba668 .functor BUFZ 16, C4<zzzzzzzzzzzzzzzz>; HiZ drive
v0x55db669793a0_337 .net v0x55db669793a0 337, 15 0, o0x7f55a6dba668; 0 drivers
o0x7f55a6dba698 .functor BUFZ 16, C4<zzzzzzzzzzzzzzzz>; HiZ drive
v0x55db669793a0_338 .net v0x55db669793a0 338, 15 0, o0x7f55a6dba698; 0 drivers
o0x7f55a6dba6c8 .functor BUFZ 16, C4<zzzzzzzzzzzzzzzz>; HiZ drive
v0x55db669793a0_339 .net v0x55db669793a0 339, 15 0, o0x7f55a6dba6c8; 0 drivers
o0x7f55a6dba6f8 .functor BUFZ 16, C4<zzzzzzzzzzzzzzzz>; HiZ drive
v0x55db669793a0_340 .net v0x55db669793a0 340, 15 0, o0x7f55a6dba6f8; 0 drivers
o0x7f55a6dba728 .functor BUFZ 16, C4<zzzzzzzzzzzzzzzz>; HiZ drive
v0x55db669793a0_341 .net v0x55db669793a0 341, 15 0, o0x7f55a6dba728; 0 drivers
o0x7f55a6dba758 .functor BUFZ 16, C4<zzzzzzzzzzzzzzzz>; HiZ drive
v0x55db669793a0_342 .net v0x55db669793a0 342, 15 0, o0x7f55a6dba758; 0 drivers
o0x7f55a6dba788 .functor BUFZ 16, C4<zzzzzzzzzzzzzzzz>; HiZ drive
v0x55db669793a0_343 .net v0x55db669793a0 343, 15 0, o0x7f55a6dba788; 0 drivers
o0x7f55a6dba7b8 .functor BUFZ 16, C4<zzzzzzzzzzzzzzzz>; HiZ drive
v0x55db669793a0_344 .net v0x55db669793a0 344, 15 0, o0x7f55a6dba7b8; 0 drivers
o0x7f55a6dba7e8 .functor BUFZ 16, C4<zzzzzzzzzzzzzzzz>; HiZ drive
v0x55db669793a0_345 .net v0x55db669793a0 345, 15 0, o0x7f55a6dba7e8; 0 drivers
o0x7f55a6dba818 .functor BUFZ 16, C4<zzzzzzzzzzzzzzzz>; HiZ drive
v0x55db669793a0_346 .net v0x55db669793a0 346, 15 0, o0x7f55a6dba818; 0 drivers
o0x7f55a6dba848 .functor BUFZ 16, C4<zzzzzzzzzzzzzzzz>; HiZ drive
v0x55db669793a0_347 .net v0x55db669793a0 347, 15 0, o0x7f55a6dba848; 0 drivers
o0x7f55a6dba878 .functor BUFZ 16, C4<zzzzzzzzzzzzzzzz>; HiZ drive
v0x55db669793a0_348 .net v0x55db669793a0 348, 15 0, o0x7f55a6dba878; 0 drivers
o0x7f55a6dba8a8 .functor BUFZ 16, C4<zzzzzzzzzzzzzzzz>; HiZ drive
v0x55db669793a0_349 .net v0x55db669793a0 349, 15 0, o0x7f55a6dba8a8; 0 drivers
o0x7f55a6dba8d8 .functor BUFZ 16, C4<zzzzzzzzzzzzzzzz>; HiZ drive
v0x55db669793a0_350 .net v0x55db669793a0 350, 15 0, o0x7f55a6dba8d8; 0 drivers
o0x7f55a6dba908 .functor BUFZ 16, C4<zzzzzzzzzzzzzzzz>; HiZ drive
v0x55db669793a0_351 .net v0x55db669793a0 351, 15 0, o0x7f55a6dba908; 0 drivers
o0x7f55a6dba938 .functor BUFZ 16, C4<zzzzzzzzzzzzzzzz>; HiZ drive
v0x55db669793a0_352 .net v0x55db669793a0 352, 15 0, o0x7f55a6dba938; 0 drivers
o0x7f55a6dba968 .functor BUFZ 16, C4<zzzzzzzzzzzzzzzz>; HiZ drive
v0x55db669793a0_353 .net v0x55db669793a0 353, 15 0, o0x7f55a6dba968; 0 drivers
o0x7f55a6dba998 .functor BUFZ 16, C4<zzzzzzzzzzzzzzzz>; HiZ drive
v0x55db669793a0_354 .net v0x55db669793a0 354, 15 0, o0x7f55a6dba998; 0 drivers
o0x7f55a6dba9c8 .functor BUFZ 16, C4<zzzzzzzzzzzzzzzz>; HiZ drive
v0x55db669793a0_355 .net v0x55db669793a0 355, 15 0, o0x7f55a6dba9c8; 0 drivers
o0x7f55a6dba9f8 .functor BUFZ 16, C4<zzzzzzzzzzzzzzzz>; HiZ drive
v0x55db669793a0_356 .net v0x55db669793a0 356, 15 0, o0x7f55a6dba9f8; 0 drivers
o0x7f55a6dbaa28 .functor BUFZ 16, C4<zzzzzzzzzzzzzzzz>; HiZ drive
v0x55db669793a0_357 .net v0x55db669793a0 357, 15 0, o0x7f55a6dbaa28; 0 drivers
o0x7f55a6dbaa58 .functor BUFZ 16, C4<zzzzzzzzzzzzzzzz>; HiZ drive
v0x55db669793a0_358 .net v0x55db669793a0 358, 15 0, o0x7f55a6dbaa58; 0 drivers
o0x7f55a6dbaa88 .functor BUFZ 16, C4<zzzzzzzzzzzzzzzz>; HiZ drive
v0x55db669793a0_359 .net v0x55db669793a0 359, 15 0, o0x7f55a6dbaa88; 0 drivers
o0x7f55a6dbaab8 .functor BUFZ 16, C4<zzzzzzzzzzzzzzzz>; HiZ drive
v0x55db669793a0_360 .net v0x55db669793a0 360, 15 0, o0x7f55a6dbaab8; 0 drivers
o0x7f55a6dbaae8 .functor BUFZ 16, C4<zzzzzzzzzzzzzzzz>; HiZ drive
v0x55db669793a0_361 .net v0x55db669793a0 361, 15 0, o0x7f55a6dbaae8; 0 drivers
o0x7f55a6dbab18 .functor BUFZ 16, C4<zzzzzzzzzzzzzzzz>; HiZ drive
v0x55db669793a0_362 .net v0x55db669793a0 362, 15 0, o0x7f55a6dbab18; 0 drivers
o0x7f55a6dbab48 .functor BUFZ 16, C4<zzzzzzzzzzzzzzzz>; HiZ drive
v0x55db669793a0_363 .net v0x55db669793a0 363, 15 0, o0x7f55a6dbab48; 0 drivers
o0x7f55a6dbab78 .functor BUFZ 16, C4<zzzzzzzzzzzzzzzz>; HiZ drive
v0x55db669793a0_364 .net v0x55db669793a0 364, 15 0, o0x7f55a6dbab78; 0 drivers
o0x7f55a6dbaba8 .functor BUFZ 16, C4<zzzzzzzzzzzzzzzz>; HiZ drive
v0x55db669793a0_365 .net v0x55db669793a0 365, 15 0, o0x7f55a6dbaba8; 0 drivers
o0x7f55a6dbabd8 .functor BUFZ 16, C4<zzzzzzzzzzzzzzzz>; HiZ drive
v0x55db669793a0_366 .net v0x55db669793a0 366, 15 0, o0x7f55a6dbabd8; 0 drivers
o0x7f55a6dbac08 .functor BUFZ 16, C4<zzzzzzzzzzzzzzzz>; HiZ drive
v0x55db669793a0_367 .net v0x55db669793a0 367, 15 0, o0x7f55a6dbac08; 0 drivers
o0x7f55a6dbac38 .functor BUFZ 16, C4<zzzzzzzzzzzzzzzz>; HiZ drive
v0x55db669793a0_368 .net v0x55db669793a0 368, 15 0, o0x7f55a6dbac38; 0 drivers
o0x7f55a6dbac68 .functor BUFZ 16, C4<zzzzzzzzzzzzzzzz>; HiZ drive
v0x55db669793a0_369 .net v0x55db669793a0 369, 15 0, o0x7f55a6dbac68; 0 drivers
o0x7f55a6dbac98 .functor BUFZ 16, C4<zzzzzzzzzzzzzzzz>; HiZ drive
v0x55db669793a0_370 .net v0x55db669793a0 370, 15 0, o0x7f55a6dbac98; 0 drivers
o0x7f55a6dbacc8 .functor BUFZ 16, C4<zzzzzzzzzzzzzzzz>; HiZ drive
v0x55db669793a0_371 .net v0x55db669793a0 371, 15 0, o0x7f55a6dbacc8; 0 drivers
o0x7f55a6dbacf8 .functor BUFZ 16, C4<zzzzzzzzzzzzzzzz>; HiZ drive
v0x55db669793a0_372 .net v0x55db669793a0 372, 15 0, o0x7f55a6dbacf8; 0 drivers
o0x7f55a6dbad28 .functor BUFZ 16, C4<zzzzzzzzzzzzzzzz>; HiZ drive
v0x55db669793a0_373 .net v0x55db669793a0 373, 15 0, o0x7f55a6dbad28; 0 drivers
o0x7f55a6dbad58 .functor BUFZ 16, C4<zzzzzzzzzzzzzzzz>; HiZ drive
v0x55db669793a0_374 .net v0x55db669793a0 374, 15 0, o0x7f55a6dbad58; 0 drivers
o0x7f55a6dbad88 .functor BUFZ 16, C4<zzzzzzzzzzzzzzzz>; HiZ drive
v0x55db669793a0_375 .net v0x55db669793a0 375, 15 0, o0x7f55a6dbad88; 0 drivers
o0x7f55a6dbadb8 .functor BUFZ 16, C4<zzzzzzzzzzzzzzzz>; HiZ drive
v0x55db669793a0_376 .net v0x55db669793a0 376, 15 0, o0x7f55a6dbadb8; 0 drivers
o0x7f55a6dbade8 .functor BUFZ 16, C4<zzzzzzzzzzzzzzzz>; HiZ drive
v0x55db669793a0_377 .net v0x55db669793a0 377, 15 0, o0x7f55a6dbade8; 0 drivers
o0x7f55a6dbae18 .functor BUFZ 16, C4<zzzzzzzzzzzzzzzz>; HiZ drive
v0x55db669793a0_378 .net v0x55db669793a0 378, 15 0, o0x7f55a6dbae18; 0 drivers
o0x7f55a6dbae48 .functor BUFZ 16, C4<zzzzzzzzzzzzzzzz>; HiZ drive
v0x55db669793a0_379 .net v0x55db669793a0 379, 15 0, o0x7f55a6dbae48; 0 drivers
o0x7f55a6dbae78 .functor BUFZ 16, C4<zzzzzzzzzzzzzzzz>; HiZ drive
v0x55db669793a0_380 .net v0x55db669793a0 380, 15 0, o0x7f55a6dbae78; 0 drivers
o0x7f55a6dbaea8 .functor BUFZ 16, C4<zzzzzzzzzzzzzzzz>; HiZ drive
v0x55db669793a0_381 .net v0x55db669793a0 381, 15 0, o0x7f55a6dbaea8; 0 drivers
o0x7f55a6dbaed8 .functor BUFZ 16, C4<zzzzzzzzzzzzzzzz>; HiZ drive
v0x55db669793a0_382 .net v0x55db669793a0 382, 15 0, o0x7f55a6dbaed8; 0 drivers
o0x7f55a6dbaf08 .functor BUFZ 16, C4<zzzzzzzzzzzzzzzz>; HiZ drive
v0x55db669793a0_383 .net v0x55db669793a0 383, 15 0, o0x7f55a6dbaf08; 0 drivers
o0x7f55a6dbaf38 .functor BUFZ 16, C4<zzzzzzzzzzzzzzzz>; HiZ drive
v0x55db669793a0_384 .net v0x55db669793a0 384, 15 0, o0x7f55a6dbaf38; 0 drivers
o0x7f55a6dbaf68 .functor BUFZ 16, C4<zzzzzzzzzzzzzzzz>; HiZ drive
v0x55db669793a0_385 .net v0x55db669793a0 385, 15 0, o0x7f55a6dbaf68; 0 drivers
o0x7f55a6dbaf98 .functor BUFZ 16, C4<zzzzzzzzzzzzzzzz>; HiZ drive
v0x55db669793a0_386 .net v0x55db669793a0 386, 15 0, o0x7f55a6dbaf98; 0 drivers
o0x7f55a6dbafc8 .functor BUFZ 16, C4<zzzzzzzzzzzzzzzz>; HiZ drive
v0x55db669793a0_387 .net v0x55db669793a0 387, 15 0, o0x7f55a6dbafc8; 0 drivers
o0x7f55a6dbaff8 .functor BUFZ 16, C4<zzzzzzzzzzzzzzzz>; HiZ drive
v0x55db669793a0_388 .net v0x55db669793a0 388, 15 0, o0x7f55a6dbaff8; 0 drivers
o0x7f55a6dbb028 .functor BUFZ 16, C4<zzzzzzzzzzzzzzzz>; HiZ drive
v0x55db669793a0_389 .net v0x55db669793a0 389, 15 0, o0x7f55a6dbb028; 0 drivers
o0x7f55a6dbb058 .functor BUFZ 16, C4<zzzzzzzzzzzzzzzz>; HiZ drive
v0x55db669793a0_390 .net v0x55db669793a0 390, 15 0, o0x7f55a6dbb058; 0 drivers
o0x7f55a6dbb088 .functor BUFZ 16, C4<zzzzzzzzzzzzzzzz>; HiZ drive
v0x55db669793a0_391 .net v0x55db669793a0 391, 15 0, o0x7f55a6dbb088; 0 drivers
o0x7f55a6dbb0b8 .functor BUFZ 16, C4<zzzzzzzzzzzzzzzz>; HiZ drive
v0x55db669793a0_392 .net v0x55db669793a0 392, 15 0, o0x7f55a6dbb0b8; 0 drivers
o0x7f55a6dbb0e8 .functor BUFZ 16, C4<zzzzzzzzzzzzzzzz>; HiZ drive
v0x55db669793a0_393 .net v0x55db669793a0 393, 15 0, o0x7f55a6dbb0e8; 0 drivers
o0x7f55a6dbb118 .functor BUFZ 16, C4<zzzzzzzzzzzzzzzz>; HiZ drive
v0x55db669793a0_394 .net v0x55db669793a0 394, 15 0, o0x7f55a6dbb118; 0 drivers
o0x7f55a6dbb148 .functor BUFZ 16, C4<zzzzzzzzzzzzzzzz>; HiZ drive
v0x55db669793a0_395 .net v0x55db669793a0 395, 15 0, o0x7f55a6dbb148; 0 drivers
o0x7f55a6dbb178 .functor BUFZ 16, C4<zzzzzzzzzzzzzzzz>; HiZ drive
v0x55db669793a0_396 .net v0x55db669793a0 396, 15 0, o0x7f55a6dbb178; 0 drivers
o0x7f55a6dbb1a8 .functor BUFZ 16, C4<zzzzzzzzzzzzzzzz>; HiZ drive
v0x55db669793a0_397 .net v0x55db669793a0 397, 15 0, o0x7f55a6dbb1a8; 0 drivers
o0x7f55a6dbb1d8 .functor BUFZ 16, C4<zzzzzzzzzzzzzzzz>; HiZ drive
v0x55db669793a0_398 .net v0x55db669793a0 398, 15 0, o0x7f55a6dbb1d8; 0 drivers
o0x7f55a6dbb208 .functor BUFZ 16, C4<zzzzzzzzzzzzzzzz>; HiZ drive
v0x55db669793a0_399 .net v0x55db669793a0 399, 15 0, o0x7f55a6dbb208; 0 drivers
o0x7f55a6dbb238 .functor BUFZ 16, C4<zzzzzzzzzzzzzzzz>; HiZ drive
v0x55db669793a0_400 .net v0x55db669793a0 400, 15 0, o0x7f55a6dbb238; 0 drivers
o0x7f55a6dbb268 .functor BUFZ 16, C4<zzzzzzzzzzzzzzzz>; HiZ drive
v0x55db669793a0_401 .net v0x55db669793a0 401, 15 0, o0x7f55a6dbb268; 0 drivers
o0x7f55a6dbb298 .functor BUFZ 16, C4<zzzzzzzzzzzzzzzz>; HiZ drive
v0x55db669793a0_402 .net v0x55db669793a0 402, 15 0, o0x7f55a6dbb298; 0 drivers
o0x7f55a6dbb2c8 .functor BUFZ 16, C4<zzzzzzzzzzzzzzzz>; HiZ drive
v0x55db669793a0_403 .net v0x55db669793a0 403, 15 0, o0x7f55a6dbb2c8; 0 drivers
o0x7f55a6dbb2f8 .functor BUFZ 16, C4<zzzzzzzzzzzzzzzz>; HiZ drive
v0x55db669793a0_404 .net v0x55db669793a0 404, 15 0, o0x7f55a6dbb2f8; 0 drivers
o0x7f55a6dbb328 .functor BUFZ 16, C4<zzzzzzzzzzzzzzzz>; HiZ drive
v0x55db669793a0_405 .net v0x55db669793a0 405, 15 0, o0x7f55a6dbb328; 0 drivers
o0x7f55a6dbb358 .functor BUFZ 16, C4<zzzzzzzzzzzzzzzz>; HiZ drive
v0x55db669793a0_406 .net v0x55db669793a0 406, 15 0, o0x7f55a6dbb358; 0 drivers
o0x7f55a6dbb388 .functor BUFZ 16, C4<zzzzzzzzzzzzzzzz>; HiZ drive
v0x55db669793a0_407 .net v0x55db669793a0 407, 15 0, o0x7f55a6dbb388; 0 drivers
o0x7f55a6dbb3b8 .functor BUFZ 16, C4<zzzzzzzzzzzzzzzz>; HiZ drive
v0x55db669793a0_408 .net v0x55db669793a0 408, 15 0, o0x7f55a6dbb3b8; 0 drivers
o0x7f55a6dbb3e8 .functor BUFZ 16, C4<zzzzzzzzzzzzzzzz>; HiZ drive
v0x55db669793a0_409 .net v0x55db669793a0 409, 15 0, o0x7f55a6dbb3e8; 0 drivers
o0x7f55a6dbb418 .functor BUFZ 16, C4<zzzzzzzzzzzzzzzz>; HiZ drive
v0x55db669793a0_410 .net v0x55db669793a0 410, 15 0, o0x7f55a6dbb418; 0 drivers
o0x7f55a6dbb448 .functor BUFZ 16, C4<zzzzzzzzzzzzzzzz>; HiZ drive
v0x55db669793a0_411 .net v0x55db669793a0 411, 15 0, o0x7f55a6dbb448; 0 drivers
o0x7f55a6dbb478 .functor BUFZ 16, C4<zzzzzzzzzzzzzzzz>; HiZ drive
v0x55db669793a0_412 .net v0x55db669793a0 412, 15 0, o0x7f55a6dbb478; 0 drivers
o0x7f55a6dbb4a8 .functor BUFZ 16, C4<zzzzzzzzzzzzzzzz>; HiZ drive
v0x55db669793a0_413 .net v0x55db669793a0 413, 15 0, o0x7f55a6dbb4a8; 0 drivers
o0x7f55a6dbb4d8 .functor BUFZ 16, C4<zzzzzzzzzzzzzzzz>; HiZ drive
v0x55db669793a0_414 .net v0x55db669793a0 414, 15 0, o0x7f55a6dbb4d8; 0 drivers
o0x7f55a6dbb508 .functor BUFZ 16, C4<zzzzzzzzzzzzzzzz>; HiZ drive
v0x55db669793a0_415 .net v0x55db669793a0 415, 15 0, o0x7f55a6dbb508; 0 drivers
o0x7f55a6dbb538 .functor BUFZ 16, C4<zzzzzzzzzzzzzzzz>; HiZ drive
v0x55db669793a0_416 .net v0x55db669793a0 416, 15 0, o0x7f55a6dbb538; 0 drivers
o0x7f55a6dbb568 .functor BUFZ 16, C4<zzzzzzzzzzzzzzzz>; HiZ drive
v0x55db669793a0_417 .net v0x55db669793a0 417, 15 0, o0x7f55a6dbb568; 0 drivers
o0x7f55a6dbb598 .functor BUFZ 16, C4<zzzzzzzzzzzzzzzz>; HiZ drive
v0x55db669793a0_418 .net v0x55db669793a0 418, 15 0, o0x7f55a6dbb598; 0 drivers
o0x7f55a6dbb5c8 .functor BUFZ 16, C4<zzzzzzzzzzzzzzzz>; HiZ drive
v0x55db669793a0_419 .net v0x55db669793a0 419, 15 0, o0x7f55a6dbb5c8; 0 drivers
o0x7f55a6dbb5f8 .functor BUFZ 16, C4<zzzzzzzzzzzzzzzz>; HiZ drive
v0x55db669793a0_420 .net v0x55db669793a0 420, 15 0, o0x7f55a6dbb5f8; 0 drivers
o0x7f55a6dbb628 .functor BUFZ 16, C4<zzzzzzzzzzzzzzzz>; HiZ drive
v0x55db669793a0_421 .net v0x55db669793a0 421, 15 0, o0x7f55a6dbb628; 0 drivers
o0x7f55a6dbb658 .functor BUFZ 16, C4<zzzzzzzzzzzzzzzz>; HiZ drive
v0x55db669793a0_422 .net v0x55db669793a0 422, 15 0, o0x7f55a6dbb658; 0 drivers
o0x7f55a6dbb688 .functor BUFZ 16, C4<zzzzzzzzzzzzzzzz>; HiZ drive
v0x55db669793a0_423 .net v0x55db669793a0 423, 15 0, o0x7f55a6dbb688; 0 drivers
o0x7f55a6dbb6b8 .functor BUFZ 16, C4<zzzzzzzzzzzzzzzz>; HiZ drive
v0x55db669793a0_424 .net v0x55db669793a0 424, 15 0, o0x7f55a6dbb6b8; 0 drivers
o0x7f55a6dbb6e8 .functor BUFZ 16, C4<zzzzzzzzzzzzzzzz>; HiZ drive
v0x55db669793a0_425 .net v0x55db669793a0 425, 15 0, o0x7f55a6dbb6e8; 0 drivers
o0x7f55a6dbb718 .functor BUFZ 16, C4<zzzzzzzzzzzzzzzz>; HiZ drive
v0x55db669793a0_426 .net v0x55db669793a0 426, 15 0, o0x7f55a6dbb718; 0 drivers
o0x7f55a6dbb748 .functor BUFZ 16, C4<zzzzzzzzzzzzzzzz>; HiZ drive
v0x55db669793a0_427 .net v0x55db669793a0 427, 15 0, o0x7f55a6dbb748; 0 drivers
o0x7f55a6dbb778 .functor BUFZ 16, C4<zzzzzzzzzzzzzzzz>; HiZ drive
v0x55db669793a0_428 .net v0x55db669793a0 428, 15 0, o0x7f55a6dbb778; 0 drivers
o0x7f55a6dbb7a8 .functor BUFZ 16, C4<zzzzzzzzzzzzzzzz>; HiZ drive
v0x55db669793a0_429 .net v0x55db669793a0 429, 15 0, o0x7f55a6dbb7a8; 0 drivers
o0x7f55a6dbb7d8 .functor BUFZ 16, C4<zzzzzzzzzzzzzzzz>; HiZ drive
v0x55db669793a0_430 .net v0x55db669793a0 430, 15 0, o0x7f55a6dbb7d8; 0 drivers
o0x7f55a6dbb808 .functor BUFZ 16, C4<zzzzzzzzzzzzzzzz>; HiZ drive
v0x55db669793a0_431 .net v0x55db669793a0 431, 15 0, o0x7f55a6dbb808; 0 drivers
o0x7f55a6dbb838 .functor BUFZ 16, C4<zzzzzzzzzzzzzzzz>; HiZ drive
v0x55db669793a0_432 .net v0x55db669793a0 432, 15 0, o0x7f55a6dbb838; 0 drivers
o0x7f55a6dbb868 .functor BUFZ 16, C4<zzzzzzzzzzzzzzzz>; HiZ drive
v0x55db669793a0_433 .net v0x55db669793a0 433, 15 0, o0x7f55a6dbb868; 0 drivers
o0x7f55a6dbb898 .functor BUFZ 16, C4<zzzzzzzzzzzzzzzz>; HiZ drive
v0x55db669793a0_434 .net v0x55db669793a0 434, 15 0, o0x7f55a6dbb898; 0 drivers
o0x7f55a6dbb8c8 .functor BUFZ 16, C4<zzzzzzzzzzzzzzzz>; HiZ drive
v0x55db669793a0_435 .net v0x55db669793a0 435, 15 0, o0x7f55a6dbb8c8; 0 drivers
o0x7f55a6dbb8f8 .functor BUFZ 16, C4<zzzzzzzzzzzzzzzz>; HiZ drive
v0x55db669793a0_436 .net v0x55db669793a0 436, 15 0, o0x7f55a6dbb8f8; 0 drivers
o0x7f55a6dbb928 .functor BUFZ 16, C4<zzzzzzzzzzzzzzzz>; HiZ drive
v0x55db669793a0_437 .net v0x55db669793a0 437, 15 0, o0x7f55a6dbb928; 0 drivers
o0x7f55a6dbb958 .functor BUFZ 16, C4<zzzzzzzzzzzzzzzz>; HiZ drive
v0x55db669793a0_438 .net v0x55db669793a0 438, 15 0, o0x7f55a6dbb958; 0 drivers
o0x7f55a6dbb988 .functor BUFZ 16, C4<zzzzzzzzzzzzzzzz>; HiZ drive
v0x55db669793a0_439 .net v0x55db669793a0 439, 15 0, o0x7f55a6dbb988; 0 drivers
o0x7f55a6dbb9b8 .functor BUFZ 16, C4<zzzzzzzzzzzzzzzz>; HiZ drive
v0x55db669793a0_440 .net v0x55db669793a0 440, 15 0, o0x7f55a6dbb9b8; 0 drivers
o0x7f55a6dbb9e8 .functor BUFZ 16, C4<zzzzzzzzzzzzzzzz>; HiZ drive
v0x55db669793a0_441 .net v0x55db669793a0 441, 15 0, o0x7f55a6dbb9e8; 0 drivers
o0x7f55a6dbba18 .functor BUFZ 16, C4<zzzzzzzzzzzzzzzz>; HiZ drive
v0x55db669793a0_442 .net v0x55db669793a0 442, 15 0, o0x7f55a6dbba18; 0 drivers
o0x7f55a6dbba48 .functor BUFZ 16, C4<zzzzzzzzzzzzzzzz>; HiZ drive
v0x55db669793a0_443 .net v0x55db669793a0 443, 15 0, o0x7f55a6dbba48; 0 drivers
o0x7f55a6dbba78 .functor BUFZ 16, C4<zzzzzzzzzzzzzzzz>; HiZ drive
v0x55db669793a0_444 .net v0x55db669793a0 444, 15 0, o0x7f55a6dbba78; 0 drivers
o0x7f55a6dbbaa8 .functor BUFZ 16, C4<zzzzzzzzzzzzzzzz>; HiZ drive
v0x55db669793a0_445 .net v0x55db669793a0 445, 15 0, o0x7f55a6dbbaa8; 0 drivers
o0x7f55a6dbbad8 .functor BUFZ 16, C4<zzzzzzzzzzzzzzzz>; HiZ drive
v0x55db669793a0_446 .net v0x55db669793a0 446, 15 0, o0x7f55a6dbbad8; 0 drivers
o0x7f55a6dbbb08 .functor BUFZ 16, C4<zzzzzzzzzzzzzzzz>; HiZ drive
v0x55db669793a0_447 .net v0x55db669793a0 447, 15 0, o0x7f55a6dbbb08; 0 drivers
o0x7f55a6dbbb38 .functor BUFZ 16, C4<zzzzzzzzzzzzzzzz>; HiZ drive
v0x55db669793a0_448 .net v0x55db669793a0 448, 15 0, o0x7f55a6dbbb38; 0 drivers
o0x7f55a6dbbb68 .functor BUFZ 16, C4<zzzzzzzzzzzzzzzz>; HiZ drive
v0x55db669793a0_449 .net v0x55db669793a0 449, 15 0, o0x7f55a6dbbb68; 0 drivers
o0x7f55a6dbbb98 .functor BUFZ 16, C4<zzzzzzzzzzzzzzzz>; HiZ drive
v0x55db669793a0_450 .net v0x55db669793a0 450, 15 0, o0x7f55a6dbbb98; 0 drivers
o0x7f55a6dbbbc8 .functor BUFZ 16, C4<zzzzzzzzzzzzzzzz>; HiZ drive
v0x55db669793a0_451 .net v0x55db669793a0 451, 15 0, o0x7f55a6dbbbc8; 0 drivers
o0x7f55a6dbbbf8 .functor BUFZ 16, C4<zzzzzzzzzzzzzzzz>; HiZ drive
v0x55db669793a0_452 .net v0x55db669793a0 452, 15 0, o0x7f55a6dbbbf8; 0 drivers
o0x7f55a6dbbc28 .functor BUFZ 16, C4<zzzzzzzzzzzzzzzz>; HiZ drive
v0x55db669793a0_453 .net v0x55db669793a0 453, 15 0, o0x7f55a6dbbc28; 0 drivers
o0x7f55a6dbbc58 .functor BUFZ 16, C4<zzzzzzzzzzzzzzzz>; HiZ drive
v0x55db669793a0_454 .net v0x55db669793a0 454, 15 0, o0x7f55a6dbbc58; 0 drivers
o0x7f55a6dbbc88 .functor BUFZ 16, C4<zzzzzzzzzzzzzzzz>; HiZ drive
v0x55db669793a0_455 .net v0x55db669793a0 455, 15 0, o0x7f55a6dbbc88; 0 drivers
o0x7f55a6dbbcb8 .functor BUFZ 16, C4<zzzzzzzzzzzzzzzz>; HiZ drive
v0x55db669793a0_456 .net v0x55db669793a0 456, 15 0, o0x7f55a6dbbcb8; 0 drivers
o0x7f55a6dbbce8 .functor BUFZ 16, C4<zzzzzzzzzzzzzzzz>; HiZ drive
v0x55db669793a0_457 .net v0x55db669793a0 457, 15 0, o0x7f55a6dbbce8; 0 drivers
o0x7f55a6dbbd18 .functor BUFZ 16, C4<zzzzzzzzzzzzzzzz>; HiZ drive
v0x55db669793a0_458 .net v0x55db669793a0 458, 15 0, o0x7f55a6dbbd18; 0 drivers
o0x7f55a6dbbd48 .functor BUFZ 16, C4<zzzzzzzzzzzzzzzz>; HiZ drive
v0x55db669793a0_459 .net v0x55db669793a0 459, 15 0, o0x7f55a6dbbd48; 0 drivers
o0x7f55a6dbbd78 .functor BUFZ 16, C4<zzzzzzzzzzzzzzzz>; HiZ drive
v0x55db669793a0_460 .net v0x55db669793a0 460, 15 0, o0x7f55a6dbbd78; 0 drivers
o0x7f55a6dbbda8 .functor BUFZ 16, C4<zzzzzzzzzzzzzzzz>; HiZ drive
v0x55db669793a0_461 .net v0x55db669793a0 461, 15 0, o0x7f55a6dbbda8; 0 drivers
o0x7f55a6dbbdd8 .functor BUFZ 16, C4<zzzzzzzzzzzzzzzz>; HiZ drive
v0x55db669793a0_462 .net v0x55db669793a0 462, 15 0, o0x7f55a6dbbdd8; 0 drivers
o0x7f55a6dbbe08 .functor BUFZ 16, C4<zzzzzzzzzzzzzzzz>; HiZ drive
v0x55db669793a0_463 .net v0x55db669793a0 463, 15 0, o0x7f55a6dbbe08; 0 drivers
o0x7f55a6dbbe38 .functor BUFZ 16, C4<zzzzzzzzzzzzzzzz>; HiZ drive
v0x55db669793a0_464 .net v0x55db669793a0 464, 15 0, o0x7f55a6dbbe38; 0 drivers
o0x7f55a6dbbe68 .functor BUFZ 16, C4<zzzzzzzzzzzzzzzz>; HiZ drive
v0x55db669793a0_465 .net v0x55db669793a0 465, 15 0, o0x7f55a6dbbe68; 0 drivers
o0x7f55a6dbbe98 .functor BUFZ 16, C4<zzzzzzzzzzzzzzzz>; HiZ drive
v0x55db669793a0_466 .net v0x55db669793a0 466, 15 0, o0x7f55a6dbbe98; 0 drivers
o0x7f55a6dbbec8 .functor BUFZ 16, C4<zzzzzzzzzzzzzzzz>; HiZ drive
v0x55db669793a0_467 .net v0x55db669793a0 467, 15 0, o0x7f55a6dbbec8; 0 drivers
o0x7f55a6dbbef8 .functor BUFZ 16, C4<zzzzzzzzzzzzzzzz>; HiZ drive
v0x55db669793a0_468 .net v0x55db669793a0 468, 15 0, o0x7f55a6dbbef8; 0 drivers
o0x7f55a6dbbf28 .functor BUFZ 16, C4<zzzzzzzzzzzzzzzz>; HiZ drive
v0x55db669793a0_469 .net v0x55db669793a0 469, 15 0, o0x7f55a6dbbf28; 0 drivers
o0x7f55a6dbbf58 .functor BUFZ 16, C4<zzzzzzzzzzzzzzzz>; HiZ drive
v0x55db669793a0_470 .net v0x55db669793a0 470, 15 0, o0x7f55a6dbbf58; 0 drivers
o0x7f55a6dbbf88 .functor BUFZ 16, C4<zzzzzzzzzzzzzzzz>; HiZ drive
v0x55db669793a0_471 .net v0x55db669793a0 471, 15 0, o0x7f55a6dbbf88; 0 drivers
o0x7f55a6dbbfb8 .functor BUFZ 16, C4<zzzzzzzzzzzzzzzz>; HiZ drive
v0x55db669793a0_472 .net v0x55db669793a0 472, 15 0, o0x7f55a6dbbfb8; 0 drivers
o0x7f55a6dbbfe8 .functor BUFZ 16, C4<zzzzzzzzzzzzzzzz>; HiZ drive
v0x55db669793a0_473 .net v0x55db669793a0 473, 15 0, o0x7f55a6dbbfe8; 0 drivers
o0x7f55a6dbc018 .functor BUFZ 16, C4<zzzzzzzzzzzzzzzz>; HiZ drive
v0x55db669793a0_474 .net v0x55db669793a0 474, 15 0, o0x7f55a6dbc018; 0 drivers
o0x7f55a6dbc048 .functor BUFZ 16, C4<zzzzzzzzzzzzzzzz>; HiZ drive
v0x55db669793a0_475 .net v0x55db669793a0 475, 15 0, o0x7f55a6dbc048; 0 drivers
o0x7f55a6dbc078 .functor BUFZ 16, C4<zzzzzzzzzzzzzzzz>; HiZ drive
v0x55db669793a0_476 .net v0x55db669793a0 476, 15 0, o0x7f55a6dbc078; 0 drivers
o0x7f55a6dbc0a8 .functor BUFZ 16, C4<zzzzzzzzzzzzzzzz>; HiZ drive
v0x55db669793a0_477 .net v0x55db669793a0 477, 15 0, o0x7f55a6dbc0a8; 0 drivers
o0x7f55a6dbc0d8 .functor BUFZ 16, C4<zzzzzzzzzzzzzzzz>; HiZ drive
v0x55db669793a0_478 .net v0x55db669793a0 478, 15 0, o0x7f55a6dbc0d8; 0 drivers
o0x7f55a6dbc108 .functor BUFZ 16, C4<zzzzzzzzzzzzzzzz>; HiZ drive
v0x55db669793a0_479 .net v0x55db669793a0 479, 15 0, o0x7f55a6dbc108; 0 drivers
o0x7f55a6dbc138 .functor BUFZ 16, C4<zzzzzzzzzzzzzzzz>; HiZ drive
v0x55db669793a0_480 .net v0x55db669793a0 480, 15 0, o0x7f55a6dbc138; 0 drivers
o0x7f55a6dbc168 .functor BUFZ 16, C4<zzzzzzzzzzzzzzzz>; HiZ drive
v0x55db669793a0_481 .net v0x55db669793a0 481, 15 0, o0x7f55a6dbc168; 0 drivers
o0x7f55a6dbc198 .functor BUFZ 16, C4<zzzzzzzzzzzzzzzz>; HiZ drive
v0x55db669793a0_482 .net v0x55db669793a0 482, 15 0, o0x7f55a6dbc198; 0 drivers
o0x7f55a6dbc1c8 .functor BUFZ 16, C4<zzzzzzzzzzzzzzzz>; HiZ drive
v0x55db669793a0_483 .net v0x55db669793a0 483, 15 0, o0x7f55a6dbc1c8; 0 drivers
o0x7f55a6dbc1f8 .functor BUFZ 16, C4<zzzzzzzzzzzzzzzz>; HiZ drive
v0x55db669793a0_484 .net v0x55db669793a0 484, 15 0, o0x7f55a6dbc1f8; 0 drivers
o0x7f55a6dbc228 .functor BUFZ 16, C4<zzzzzzzzzzzzzzzz>; HiZ drive
v0x55db669793a0_485 .net v0x55db669793a0 485, 15 0, o0x7f55a6dbc228; 0 drivers
o0x7f55a6dbc258 .functor BUFZ 16, C4<zzzzzzzzzzzzzzzz>; HiZ drive
v0x55db669793a0_486 .net v0x55db669793a0 486, 15 0, o0x7f55a6dbc258; 0 drivers
o0x7f55a6dbc288 .functor BUFZ 16, C4<zzzzzzzzzzzzzzzz>; HiZ drive
v0x55db669793a0_487 .net v0x55db669793a0 487, 15 0, o0x7f55a6dbc288; 0 drivers
o0x7f55a6dbc2b8 .functor BUFZ 16, C4<zzzzzzzzzzzzzzzz>; HiZ drive
v0x55db669793a0_488 .net v0x55db669793a0 488, 15 0, o0x7f55a6dbc2b8; 0 drivers
o0x7f55a6dbc2e8 .functor BUFZ 16, C4<zzzzzzzzzzzzzzzz>; HiZ drive
v0x55db669793a0_489 .net v0x55db669793a0 489, 15 0, o0x7f55a6dbc2e8; 0 drivers
o0x7f55a6dbc318 .functor BUFZ 16, C4<zzzzzzzzzzzzzzzz>; HiZ drive
v0x55db669793a0_490 .net v0x55db669793a0 490, 15 0, o0x7f55a6dbc318; 0 drivers
o0x7f55a6dbc348 .functor BUFZ 16, C4<zzzzzzzzzzzzzzzz>; HiZ drive
v0x55db669793a0_491 .net v0x55db669793a0 491, 15 0, o0x7f55a6dbc348; 0 drivers
o0x7f55a6dbc378 .functor BUFZ 16, C4<zzzzzzzzzzzzzzzz>; HiZ drive
v0x55db669793a0_492 .net v0x55db669793a0 492, 15 0, o0x7f55a6dbc378; 0 drivers
o0x7f55a6dbc3a8 .functor BUFZ 16, C4<zzzzzzzzzzzzzzzz>; HiZ drive
v0x55db669793a0_493 .net v0x55db669793a0 493, 15 0, o0x7f55a6dbc3a8; 0 drivers
o0x7f55a6dbc3d8 .functor BUFZ 16, C4<zzzzzzzzzzzzzzzz>; HiZ drive
v0x55db669793a0_494 .net v0x55db669793a0 494, 15 0, o0x7f55a6dbc3d8; 0 drivers
o0x7f55a6dbc408 .functor BUFZ 16, C4<zzzzzzzzzzzzzzzz>; HiZ drive
v0x55db669793a0_495 .net v0x55db669793a0 495, 15 0, o0x7f55a6dbc408; 0 drivers
o0x7f55a6dbc438 .functor BUFZ 16, C4<zzzzzzzzzzzzzzzz>; HiZ drive
v0x55db669793a0_496 .net v0x55db669793a0 496, 15 0, o0x7f55a6dbc438; 0 drivers
o0x7f55a6dbc468 .functor BUFZ 16, C4<zzzzzzzzzzzzzzzz>; HiZ drive
v0x55db669793a0_497 .net v0x55db669793a0 497, 15 0, o0x7f55a6dbc468; 0 drivers
o0x7f55a6dbc498 .functor BUFZ 16, C4<zzzzzzzzzzzzzzzz>; HiZ drive
v0x55db669793a0_498 .net v0x55db669793a0 498, 15 0, o0x7f55a6dbc498; 0 drivers
o0x7f55a6dbc4c8 .functor BUFZ 16, C4<zzzzzzzzzzzzzzzz>; HiZ drive
v0x55db669793a0_499 .net v0x55db669793a0 499, 15 0, o0x7f55a6dbc4c8; 0 drivers
o0x7f55a6dbc4f8 .functor BUFZ 16, C4<zzzzzzzzzzzzzzzz>; HiZ drive
v0x55db669793a0_500 .net v0x55db669793a0 500, 15 0, o0x7f55a6dbc4f8; 0 drivers
o0x7f55a6dbc528 .functor BUFZ 16, C4<zzzzzzzzzzzzzzzz>; HiZ drive
v0x55db669793a0_501 .net v0x55db669793a0 501, 15 0, o0x7f55a6dbc528; 0 drivers
o0x7f55a6dbc558 .functor BUFZ 16, C4<zzzzzzzzzzzzzzzz>; HiZ drive
v0x55db669793a0_502 .net v0x55db669793a0 502, 15 0, o0x7f55a6dbc558; 0 drivers
o0x7f55a6dbc588 .functor BUFZ 16, C4<zzzzzzzzzzzzzzzz>; HiZ drive
v0x55db669793a0_503 .net v0x55db669793a0 503, 15 0, o0x7f55a6dbc588; 0 drivers
o0x7f55a6dbc5b8 .functor BUFZ 16, C4<zzzzzzzzzzzzzzzz>; HiZ drive
v0x55db669793a0_504 .net v0x55db669793a0 504, 15 0, o0x7f55a6dbc5b8; 0 drivers
o0x7f55a6dbc5e8 .functor BUFZ 16, C4<zzzzzzzzzzzzzzzz>; HiZ drive
v0x55db669793a0_505 .net v0x55db669793a0 505, 15 0, o0x7f55a6dbc5e8; 0 drivers
o0x7f55a6dbc618 .functor BUFZ 16, C4<zzzzzzzzzzzzzzzz>; HiZ drive
v0x55db669793a0_506 .net v0x55db669793a0 506, 15 0, o0x7f55a6dbc618; 0 drivers
o0x7f55a6dbc648 .functor BUFZ 16, C4<zzzzzzzzzzzzzzzz>; HiZ drive
v0x55db669793a0_507 .net v0x55db669793a0 507, 15 0, o0x7f55a6dbc648; 0 drivers
o0x7f55a6dbc678 .functor BUFZ 16, C4<zzzzzzzzzzzzzzzz>; HiZ drive
v0x55db669793a0_508 .net v0x55db669793a0 508, 15 0, o0x7f55a6dbc678; 0 drivers
o0x7f55a6dbc6a8 .functor BUFZ 16, C4<zzzzzzzzzzzzzzzz>; HiZ drive
v0x55db669793a0_509 .net v0x55db669793a0 509, 15 0, o0x7f55a6dbc6a8; 0 drivers
o0x7f55a6dbc6d8 .functor BUFZ 16, C4<zzzzzzzzzzzzzzzz>; HiZ drive
v0x55db669793a0_510 .net v0x55db669793a0 510, 15 0, o0x7f55a6dbc6d8; 0 drivers
o0x7f55a6dbc708 .functor BUFZ 16, C4<zzzzzzzzzzzzzzzz>; HiZ drive
v0x55db669793a0_511 .net v0x55db669793a0 511, 15 0, o0x7f55a6dbc708; 0 drivers
v0x55db669abc70_0 .var "ext_flat", 8191 0;
o0x7f55a6dbc768 .functor BUFZ 1, C4<z>; HiZ drive
v0x55db669abd50_0 .net "ext_valid", 0 0, o0x7f55a6dbc768;  0 drivers
v0x55db669abe10 .array "final_data", 511 0;
v0x55db669abe10_0 .net v0x55db669abe10 0, 15 0, L_0x55db669b47f0; 1 drivers
v0x55db669abe10_1 .net v0x55db669abe10 1, 15 0, L_0x55db669b48f0; 1 drivers
v0x55db669abe10_2 .net v0x55db669abe10 2, 15 0, L_0x55db669b49c0; 1 drivers
v0x55db669abe10_3 .net v0x55db669abe10 3, 15 0, L_0x55db669b4a60; 1 drivers
v0x55db669abe10_4 .net v0x55db669abe10 4, 15 0, L_0x55db669b4bf0; 1 drivers
v0x55db669abe10_5 .net v0x55db669abe10 5, 15 0, L_0x55db669b4cc0; 1 drivers
v0x55db669abe10_6 .net v0x55db669abe10 6, 15 0, L_0x55db669b4dd0; 1 drivers
v0x55db669abe10_7 .net v0x55db669abe10 7, 15 0, L_0x55db669b4e70; 1 drivers
v0x55db669abe10_8 .net v0x55db669abe10 8, 15 0, L_0x55db669b50a0; 1 drivers
v0x55db669abe10_9 .net v0x55db669abe10 9, 15 0, L_0x55db669b5170; 1 drivers
v0x55db669abe10_10 .net v0x55db669abe10 10, 15 0, L_0x55db669b52a0; 1 drivers
v0x55db669abe10_11 .net v0x55db669abe10 11, 15 0, L_0x55db669b5370; 1 drivers
v0x55db669abe10_12 .net v0x55db669abe10 12, 15 0, L_0x55db669b54b0; 1 drivers
v0x55db669abe10_13 .net v0x55db669abe10 13, 15 0, L_0x55db669b5580; 1 drivers
v0x55db669abe10_14 .net v0x55db669abe10 14, 15 0, L_0x55db669b56d0; 1 drivers
v0x55db669abe10_15 .net v0x55db669abe10 15, 15 0, L_0x55db669b57a0; 1 drivers
v0x55db669abe10_16 .net v0x55db669abe10 16, 15 0, L_0x55db669b5900; 1 drivers
v0x55db669abe10_17 .net v0x55db669abe10 17, 15 0, L_0x55db669b59d0; 1 drivers
v0x55db669abe10_18 .net v0x55db669abe10 18, 15 0, L_0x55db669b5b40; 1 drivers
v0x55db669abe10_19 .net v0x55db669abe10 19, 15 0, L_0x55db669b5c10; 1 drivers
v0x55db669abe10_20 .net v0x55db669abe10 20, 15 0, L_0x55db669b5aa0; 1 drivers
v0x55db669abe10_21 .net v0x55db669abe10 21, 15 0, L_0x55db669b5dc0; 1 drivers
v0x55db669abe10_22 .net v0x55db669abe10 22, 15 0, L_0x55db669b5f50; 1 drivers
v0x55db669abe10_23 .net v0x55db669abe10 23, 15 0, L_0x55db669acf40; 1 drivers
v0x55db669abe10_24 .net v0x55db669abe10 24, 15 0, L_0x55db669ad0e0; 1 drivers
v0x55db669abe10_25 .net v0x55db669abe10 25, 15 0, L_0x55db669b5ff0; 1 drivers
v0x55db669abe10_26 .net v0x55db669abe10 26, 15 0, L_0x55db669b6170; 1 drivers
v0x55db669abe10_27 .net v0x55db669abe10 27, 15 0, L_0x55db669b6210; 1 drivers
v0x55db669abe10_28 .net v0x55db669abe10 28, 15 0, L_0x55db669b63a0; 1 drivers
v0x55db669abe10_29 .net v0x55db669abe10 29, 15 0, L_0x55db669b6440; 1 drivers
v0x55db669abe10_30 .net v0x55db669abe10 30, 15 0, L_0x55db669b6610; 1 drivers
v0x55db669abe10_31 .net v0x55db669abe10 31, 15 0, L_0x55db669b66e0; 1 drivers
v0x55db669abe10_32 .net v0x55db669abe10 32, 15 0, L_0x55db669b68c0; 1 drivers
v0x55db669abe10_33 .net v0x55db669abe10 33, 15 0, L_0x55db669b6990; 1 drivers
v0x55db669abe10_34 .net v0x55db669abe10 34, 15 0, L_0x55db669b6b80; 1 drivers
v0x55db669abe10_35 .net v0x55db669abe10 35, 15 0, L_0x55db669b6c50; 1 drivers
v0x55db669abe10_36 .net v0x55db669abe10 36, 15 0, L_0x55db669b6a60; 1 drivers
v0x55db669abe10_37 .net v0x55db669abe10 37, 15 0, L_0x55db669b6e50; 1 drivers
v0x55db669abe10_38 .net v0x55db669abe10 38, 15 0, L_0x55db669b7030; 1 drivers
v0x55db669abe10_39 .net v0x55db669abe10 39, 15 0, L_0x55db669b7100; 1 drivers
v0x55db669abe10_40 .net v0x55db669abe10 40, 15 0, L_0x55db669b7320; 1 drivers
v0x55db669abe10_41 .net v0x55db669abe10 41, 15 0, L_0x55db669b73f0; 1 drivers
v0x55db669abe10_42 .net v0x55db669abe10 42, 15 0, L_0x55db669b7620; 1 drivers
v0x55db669abe10_43 .net v0x55db669abe10 43, 15 0, L_0x55db669b76f0; 1 drivers
v0x55db669abe10_44 .net v0x55db669abe10 44, 15 0, L_0x55db669b7930; 1 drivers
v0x55db669abe10_45 .net v0x55db669abe10 45, 15 0, L_0x55db669b7a00; 1 drivers
v0x55db669abe10_46 .net v0x55db669abe10 46, 15 0, L_0x55db669b7c50; 1 drivers
v0x55db669abe10_47 .net v0x55db669abe10 47, 15 0, L_0x55db669b7d20; 1 drivers
v0x55db669abe10_48 .net v0x55db669abe10 48, 15 0, L_0x55db669b7f80; 1 drivers
v0x55db669abe10_49 .net v0x55db669abe10 49, 15 0, L_0x55db669b8050; 1 drivers
v0x55db669abe10_50 .net v0x55db669abe10 50, 15 0, L_0x55db669b82c0; 1 drivers
v0x55db669abe10_51 .net v0x55db669abe10 51, 15 0, L_0x55db669b8390; 1 drivers
v0x55db669abe10_52 .net v0x55db669abe10 52, 15 0, L_0x55db669b8610; 1 drivers
v0x55db669abe10_53 .net v0x55db669abe10 53, 15 0, L_0x55db669b86e0; 1 drivers
v0x55db669abe10_54 .net v0x55db669abe10 54, 15 0, L_0x55db669b8970; 1 drivers
v0x55db669abe10_55 .net v0x55db669abe10 55, 15 0, L_0x55db669b8a40; 1 drivers
v0x55db669abe10_56 .net v0x55db669abe10 56, 15 0, L_0x55db669b8ce0; 1 drivers
v0x55db669abe10_57 .net v0x55db669abe10 57, 15 0, L_0x55db669b8db0; 1 drivers
v0x55db669abe10_58 .net v0x55db669abe10 58, 15 0, L_0x55db669b9060; 1 drivers
v0x55db669abe10_59 .net v0x55db669abe10 59, 15 0, L_0x55db669b9130; 1 drivers
v0x55db669abe10_60 .net v0x55db669abe10 60, 15 0, L_0x55db669b93f0; 1 drivers
v0x55db669abe10_61 .net v0x55db669abe10 61, 15 0, L_0x55db669b94c0; 1 drivers
v0x55db669abe10_62 .net v0x55db669abe10 62, 15 0, L_0x55db669b9790; 1 drivers
v0x55db669abe10_63 .net v0x55db669abe10 63, 15 0, L_0x55db669b9860; 1 drivers
v0x55db669abe10_64 .net v0x55db669abe10 64, 15 0, L_0x55db669ad3f0; 1 drivers
v0x55db669abe10_65 .net v0x55db669abe10 65, 15 0, L_0x55db669ad4c0; 1 drivers
v0x55db669abe10_66 .net v0x55db669abe10 66, 15 0, L_0x55db669ad590; 1 drivers
v0x55db669abe10_67 .net v0x55db669abe10 67, 15 0, L_0x55db669ba360; 1 drivers
v0x55db669abe10_68 .net v0x55db669abe10 68, 15 0, L_0x55db669ba630; 1 drivers
v0x55db669abe10_69 .net v0x55db669abe10 69, 15 0, L_0x55db669ba6d0; 1 drivers
v0x55db669abe10_70 .net v0x55db669abe10 70, 15 0, L_0x55db669ba9e0; 1 drivers
v0x55db669abe10_71 .net v0x55db669abe10 71, 15 0, L_0x55db669baab0; 1 drivers
v0x55db669abe10_72 .net v0x55db669abe10 72, 15 0, L_0x55db669badd0; 1 drivers
v0x55db669abe10_73 .net v0x55db669abe10 73, 15 0, L_0x55db669baea0; 1 drivers
v0x55db669abe10_74 .net v0x55db669abe10 74, 15 0, L_0x55db669bb1d0; 1 drivers
v0x55db669abe10_75 .net v0x55db669abe10 75, 15 0, L_0x55db669bb2a0; 1 drivers
v0x55db669abe10_76 .net v0x55db669abe10 76, 15 0, L_0x55db669bb5e0; 1 drivers
v0x55db669abe10_77 .net v0x55db669abe10 77, 15 0, L_0x55db669bb6b0; 1 drivers
v0x55db669abe10_78 .net v0x55db669abe10 78, 15 0, L_0x55db669bba00; 1 drivers
v0x55db669abe10_79 .net v0x55db669abe10 79, 15 0, L_0x55db669bbad0; 1 drivers
v0x55db669abe10_80 .net v0x55db669abe10 80, 15 0, L_0x55db669bbe30; 1 drivers
v0x55db669abe10_81 .net v0x55db669abe10 81, 15 0, L_0x55db669bbf00; 1 drivers
v0x55db669abe10_82 .net v0x55db669abe10 82, 15 0, L_0x55db669bc270; 1 drivers
v0x55db669abe10_83 .net v0x55db669abe10 83, 15 0, L_0x55db669bc340; 1 drivers
v0x55db669abe10_84 .net v0x55db669abe10 84, 15 0, L_0x55db669bc6c0; 1 drivers
v0x55db669abe10_85 .net v0x55db669abe10 85, 15 0, L_0x55db669bc790; 1 drivers
v0x55db669abe10_86 .net v0x55db669abe10 86, 15 0, L_0x55db669bcb20; 1 drivers
v0x55db669abe10_87 .net v0x55db669abe10 87, 15 0, L_0x55db669bcbf0; 1 drivers
v0x55db669abe10_88 .net v0x55db669abe10 88, 15 0, L_0x55db669bcf90; 1 drivers
v0x55db669abe10_89 .net v0x55db669abe10 89, 15 0, L_0x55db669bd060; 1 drivers
v0x55db669abe10_90 .net v0x55db669abe10 90, 15 0, L_0x55db669bd410; 1 drivers
v0x55db669abe10_91 .net v0x55db669abe10 91, 15 0, L_0x55db669bd4e0; 1 drivers
v0x55db669abe10_92 .net v0x55db669abe10 92, 15 0, L_0x55db669bd8a0; 1 drivers
v0x55db669abe10_93 .net v0x55db669abe10 93, 15 0, L_0x55db669bd970; 1 drivers
v0x55db669abe10_94 .net v0x55db669abe10 94, 15 0, L_0x55db669bdd40; 1 drivers
v0x55db669abe10_95 .net v0x55db669abe10 95, 15 0, L_0x55db669bde10; 1 drivers
v0x55db669abe10_96 .net v0x55db669abe10 96, 15 0, L_0x55db669be1f0; 1 drivers
v0x55db669abe10_97 .net v0x55db669abe10 97, 15 0, L_0x55db669be2c0; 1 drivers
v0x55db669abe10_98 .net v0x55db669abe10 98, 15 0, L_0x55db669be6b0; 1 drivers
v0x55db669abe10_99 .net v0x55db669abe10 99, 15 0, L_0x55db669be780; 1 drivers
v0x55db669abe10_100 .net v0x55db669abe10 100, 15 0, L_0x55db669beb80; 1 drivers
v0x55db669abe10_101 .net v0x55db669abe10 101, 15 0, L_0x55db669bec50; 1 drivers
v0x55db669abe10_102 .net v0x55db669abe10 102, 15 0, L_0x55db669bf060; 1 drivers
v0x55db669abe10_103 .net v0x55db669abe10 103, 15 0, L_0x55db669bf130; 1 drivers
v0x55db669abe10_104 .net v0x55db669abe10 104, 15 0, L_0x55db669bf550; 1 drivers
v0x55db669abe10_105 .net v0x55db669abe10 105, 15 0, L_0x55db669bf620; 1 drivers
v0x55db669abe10_106 .net v0x55db669abe10 106, 15 0, L_0x55db669bfa50; 1 drivers
v0x55db669abe10_107 .net v0x55db669abe10 107, 15 0, L_0x55db669bfb20; 1 drivers
v0x55db669abe10_108 .net v0x55db669abe10 108, 15 0, L_0x55db669bff60; 1 drivers
v0x55db669abe10_109 .net v0x55db669abe10 109, 15 0, L_0x55db669c0030; 1 drivers
v0x55db669abe10_110 .net v0x55db669abe10 110, 15 0, L_0x55db669c0480; 1 drivers
v0x55db669abe10_111 .net v0x55db669abe10 111, 15 0, L_0x55db669c0550; 1 drivers
v0x55db669abe10_112 .net v0x55db669abe10 112, 15 0, L_0x55db669c09b0; 1 drivers
v0x55db669abe10_113 .net v0x55db669abe10 113, 15 0, L_0x55db669c0a80; 1 drivers
v0x55db669abe10_114 .net v0x55db669abe10 114, 15 0, L_0x55db669c0ef0; 1 drivers
v0x55db669abe10_115 .net v0x55db669abe10 115, 15 0, L_0x55db669c0fc0; 1 drivers
v0x55db669abe10_116 .net v0x55db669abe10 116, 15 0, L_0x55db669c1440; 1 drivers
v0x55db669abe10_117 .net v0x55db669abe10 117, 15 0, L_0x55db669c1510; 1 drivers
v0x55db669abe10_118 .net v0x55db669abe10 118, 15 0, L_0x55db669c19a0; 1 drivers
v0x55db669abe10_119 .net v0x55db669abe10 119, 15 0, L_0x55db669c1a70; 1 drivers
v0x55db669abe10_120 .net v0x55db669abe10 120, 15 0, L_0x55db669c1f10; 1 drivers
v0x55db669abe10_121 .net v0x55db669abe10 121, 15 0, L_0x55db669c1fe0; 1 drivers
v0x55db669abe10_122 .net v0x55db669abe10 122, 15 0, L_0x55db669c2490; 1 drivers
v0x55db669abe10_123 .net v0x55db669abe10 123, 15 0, L_0x55db669c2560; 1 drivers
v0x55db669abe10_124 .net v0x55db669abe10 124, 15 0, L_0x55db669c2a20; 1 drivers
v0x55db669abe10_125 .net v0x55db669abe10 125, 15 0, L_0x55db669c2af0; 1 drivers
v0x55db669abe10_126 .net v0x55db669abe10 126, 15 0, L_0x55db669adac0; 1 drivers
v0x55db669abe10_127 .net v0x55db669abe10 127, 15 0, L_0x55db669adb90; 1 drivers
v0x55db669abe10_128 .net v0x55db669abe10 128, 15 0, L_0x55db669adc60; 1 drivers
v0x55db669abe10_129 .net v0x55db669abe10 129, 15 0, L_0x55db669add30; 1 drivers
v0x55db669abe10_130 .net v0x55db669abe10 130, 15 0, L_0x55db669ade00; 1 drivers
v0x55db669abe10_131 .net v0x55db669abe10 131, 15 0, L_0x55db669c3bd0; 1 drivers
v0x55db669abe10_132 .net v0x55db669abe10 132, 15 0, L_0x55db669b9930; 1 drivers
v0x55db669abe10_133 .net v0x55db669abe10 133, 15 0, L_0x55db669b9a00; 1 drivers
v0x55db669abe10_134 .net v0x55db669abe10 134, 15 0, L_0x55db669b9ad0; 1 drivers
v0x55db669abe10_135 .net v0x55db669abe10 135, 15 0, L_0x55db669b9ba0; 1 drivers
v0x55db669abe10_136 .net v0x55db669abe10 136, 15 0, L_0x55db669b9c70; 1 drivers
v0x55db669abe10_137 .net v0x55db669abe10 137, 15 0, L_0x55db669c40f0; 1 drivers
v0x55db669abe10_138 .net v0x55db669abe10 138, 15 0, L_0x55db669adf10; 1 drivers
v0x55db669abe10_139 .net v0x55db669abe10 139, 15 0, L_0x55db669c3ca0; 1 drivers
v0x55db669abe10_140 .net v0x55db669abe10 140, 15 0, L_0x55db669c3d70; 1 drivers
v0x55db669abe10_141 .net v0x55db669abe10 141, 15 0, L_0x55db669c3e40; 1 drivers
v0x55db669abe10_142 .net v0x55db669abe10 142, 15 0, L_0x55db669c3f10; 1 drivers
v0x55db669abe10_143 .net v0x55db669abe10 143, 15 0, L_0x55db669c3fe0; 1 drivers
v0x55db669abe10_144 .net v0x55db669abe10 144, 15 0, L_0x55db669c4620; 1 drivers
v0x55db669abe10_145 .net v0x55db669abe10 145, 15 0, L_0x55db669c46c0; 1 drivers
v0x55db669abe10_146 .net v0x55db669abe10 146, 15 0, L_0x55db669ae020; 1 drivers
v0x55db669abe10_147 .net v0x55db669abe10 147, 15 0, L_0x55db669c4190; 1 drivers
v0x55db669abe10_148 .net v0x55db669abe10 148, 15 0, L_0x55db669c4230; 1 drivers
v0x55db669abe10_149 .net v0x55db669abe10 149, 15 0, L_0x55db669c4300; 1 drivers
v0x55db669abe10_150 .net v0x55db669abe10 150, 15 0, L_0x55db669c43d0; 1 drivers
v0x55db669abe10_151 .net v0x55db669abe10 151, 15 0, L_0x55db669c44a0; 1 drivers
v0x55db669abe10_152 .net v0x55db669abe10 152, 15 0, L_0x55db669c4570; 1 drivers
v0x55db669abe10_153 .net v0x55db669abe10 153, 15 0, L_0x55db669c4c60; 1 drivers
v0x55db669abe10_154 .net v0x55db669abe10 154, 15 0, L_0x55db669ae120; 1 drivers
v0x55db669abe10_155 .net v0x55db669abe10 155, 15 0, L_0x55db669c4760; 1 drivers
v0x55db669abe10_156 .net v0x55db669abe10 156, 15 0, L_0x55db669c4800; 1 drivers
v0x55db669abe10_157 .net v0x55db669abe10 157, 15 0, L_0x55db669c48d0; 1 drivers
v0x55db669abe10_158 .net v0x55db669abe10 158, 15 0, L_0x55db669c49a0; 1 drivers
v0x55db669abe10_159 .net v0x55db669abe10 159, 15 0, L_0x55db669c4a70; 1 drivers
v0x55db669abe10_160 .net v0x55db669abe10 160, 15 0, L_0x55db669c4b40; 1 drivers
v0x55db669abe10_161 .net v0x55db669abe10 161, 15 0, L_0x55db669c5240; 1 drivers
v0x55db669abe10_162 .net v0x55db669abe10 162, 15 0, L_0x55db669ae220; 1 drivers
v0x55db669abe10_163 .net v0x55db669abe10 163, 15 0, L_0x55db669c4d30; 1 drivers
v0x55db669abe10_164 .net v0x55db669abe10 164, 15 0, L_0x55db669c4dd0; 1 drivers
v0x55db669abe10_165 .net v0x55db669abe10 165, 15 0, L_0x55db669c4ea0; 1 drivers
v0x55db669abe10_166 .net v0x55db669abe10 166, 15 0, L_0x55db669c4f70; 1 drivers
v0x55db669abe10_167 .net v0x55db669abe10 167, 15 0, L_0x55db669c5040; 1 drivers
v0x55db669abe10_168 .net v0x55db669abe10 168, 15 0, L_0x55db669c5110; 1 drivers
v0x55db669abe10_169 .net v0x55db669abe10 169, 15 0, L_0x55db669c5860; 1 drivers
v0x55db669abe10_170 .net v0x55db669abe10 170, 15 0, L_0x55db669ae320; 1 drivers
v0x55db669abe10_171 .net v0x55db669abe10 171, 15 0, L_0x55db669c5310; 1 drivers
v0x55db669abe10_172 .net v0x55db669abe10 172, 15 0, L_0x55db669c53e0; 1 drivers
v0x55db669abe10_173 .net v0x55db669abe10 173, 15 0, L_0x55db669c54b0; 1 drivers
v0x55db669abe10_174 .net v0x55db669abe10 174, 15 0, L_0x55db669c5580; 1 drivers
v0x55db669abe10_175 .net v0x55db669abe10 175, 15 0, L_0x55db669c5650; 1 drivers
v0x55db669abe10_176 .net v0x55db669abe10 176, 15 0, L_0x55db669c5720; 1 drivers
v0x55db669abe10_177 .net v0x55db669abe10 177, 15 0, L_0x55db669c5e90; 1 drivers
v0x55db669abe10_178 .net v0x55db669abe10 178, 15 0, L_0x55db669ae3f0; 1 drivers
v0x55db669abe10_179 .net v0x55db669abe10 179, 15 0, L_0x55db669c5900; 1 drivers
v0x55db669abe10_180 .net v0x55db669abe10 180, 15 0, L_0x55db669c59d0; 1 drivers
v0x55db669abe10_181 .net v0x55db669abe10 181, 15 0, L_0x55db669c5aa0; 1 drivers
v0x55db669abe10_182 .net v0x55db669abe10 182, 15 0, L_0x55db669c5b70; 1 drivers
v0x55db669abe10_183 .net v0x55db669abe10 183, 15 0, L_0x55db669c5c40; 1 drivers
v0x55db669abe10_184 .net v0x55db669abe10 184, 15 0, L_0x55db669c5d10; 1 drivers
v0x55db669abe10_185 .net v0x55db669abe10 185, 15 0, L_0x55db669c5de0; 1 drivers
v0x55db669abe10_186 .net v0x55db669abe10 186, 15 0, L_0x55db669c6510; 1 drivers
v0x55db669abe10_187 .net v0x55db669abe10 187, 15 0, L_0x55db669c65b0; 1 drivers
v0x55db669abe10_188 .net v0x55db669abe10 188, 15 0, L_0x55db669ae520; 1 drivers
v0x55db669abe10_189 .net v0x55db669abe10 189, 15 0, L_0x55db669c5f30; 1 drivers
v0x55db669abe10_190 .net v0x55db669abe10 190, 15 0, L_0x55db669c6000; 1 drivers
v0x55db669abe10_191 .net v0x55db669abe10 191, 15 0, L_0x55db669c60d0; 1 drivers
v0x55db669abe10_192 .net v0x55db669abe10 192, 15 0, L_0x55db669c61a0; 1 drivers
v0x55db669abe10_193 .net v0x55db669abe10 193, 15 0, L_0x55db669c6270; 1 drivers
v0x55db669abe10_194 .net v0x55db669abe10 194, 15 0, L_0x55db669c6340; 1 drivers
v0x55db669abe10_195 .net v0x55db669abe10 195, 15 0, L_0x55db669c6410; 1 drivers
v0x55db669abe10_196 .net v0x55db669abe10 196, 15 0, L_0x55db669c6c80; 1 drivers
v0x55db669abe10_197 .net v0x55db669abe10 197, 15 0, L_0x55db669c6d20; 1 drivers
v0x55db669abe10_198 .net v0x55db669abe10 198, 15 0, L_0x55db669ae5f0; 1 drivers
v0x55db669abe10_199 .net v0x55db669abe10 199, 15 0, L_0x55db669ae6c0; 1 drivers
v0x55db669abe10_200 .net v0x55db669abe10 200, 15 0, L_0x55db669c6650; 1 drivers
v0x55db669abe10_201 .net v0x55db669abe10 201, 15 0, L_0x55db669c6720; 1 drivers
v0x55db669abe10_202 .net v0x55db669abe10 202, 15 0, L_0x55db669c67f0; 1 drivers
v0x55db669abe10_203 .net v0x55db669abe10 203, 15 0, L_0x55db669c68c0; 1 drivers
v0x55db669abe10_204 .net v0x55db669abe10 204, 15 0, L_0x55db669c6990; 1 drivers
v0x55db669abe10_205 .net v0x55db669abe10 205, 15 0, L_0x55db669c6a60; 1 drivers
v0x55db669abe10_206 .net v0x55db669abe10 206, 15 0, L_0x55db669c6b30; 1 drivers
v0x55db669abe10_207 .net v0x55db669abe10 207, 15 0, L_0x55db669c7440; 1 drivers
v0x55db669abe10_208 .net v0x55db669abe10 208, 15 0, L_0x55db669ae7a0; 1 drivers
v0x55db669abe10_209 .net v0x55db669abe10 209, 15 0, L_0x55db669c6dc0; 1 drivers
v0x55db669abe10_210 .net v0x55db669abe10 210, 15 0, L_0x55db669c6e90; 1 drivers
v0x55db669abe10_211 .net v0x55db669abe10 211, 15 0, L_0x55db669c6f60; 1 drivers
v0x55db669abe10_212 .net v0x55db669abe10 212, 15 0, L_0x55db669c7030; 1 drivers
v0x55db669abe10_213 .net v0x55db669abe10 213, 15 0, L_0x55db669c7100; 1 drivers
v0x55db669abe10_214 .net v0x55db669abe10 214, 15 0, L_0x55db669c71d0; 1 drivers
v0x55db669abe10_215 .net v0x55db669abe10 215, 15 0, L_0x55db669c72a0; 1 drivers
v0x55db669abe10_216 .net v0x55db669abe10 216, 15 0, L_0x55db669c7370; 1 drivers
v0x55db669abe10_217 .net v0x55db669abe10 217, 15 0, L_0x55db669c7bb0; 1 drivers
v0x55db669abe10_218 .net v0x55db669abe10 218, 15 0, L_0x55db669ae870; 1 drivers
v0x55db669abe10_219 .net v0x55db669abe10 219, 15 0, L_0x55db669ae940; 1 drivers
v0x55db669abe10_220 .net v0x55db669abe10 220, 15 0, L_0x55db669c74e0; 1 drivers
v0x55db669abe10_221 .net v0x55db669abe10 221, 15 0, L_0x55db669c75b0; 1 drivers
v0x55db669abe10_222 .net v0x55db669abe10 222, 15 0, L_0x55db669c7680; 1 drivers
v0x55db669abe10_223 .net v0x55db669abe10 223, 15 0, L_0x55db669c7750; 1 drivers
v0x55db669abe10_224 .net v0x55db669abe10 224, 15 0, L_0x55db669c7820; 1 drivers
v0x55db669abe10_225 .net v0x55db669abe10 225, 15 0, L_0x55db669c78f0; 1 drivers
v0x55db669abe10_226 .net v0x55db669abe10 226, 15 0, L_0x55db669c79c0; 1 drivers
v0x55db669abe10_227 .net v0x55db669abe10 227, 15 0, L_0x55db669c7a90; 1 drivers
v0x55db669abe10_228 .net v0x55db669abe10 228, 15 0, L_0x55db669c8380; 1 drivers
v0x55db669abe10_229 .net v0x55db669abe10 229, 15 0, L_0x55db669c8420; 1 drivers
v0x55db669abe10_230 .net v0x55db669abe10 230, 15 0, L_0x55db669aea20; 1 drivers
v0x55db669abe10_231 .net v0x55db669abe10 231, 15 0, L_0x55db669aeaf0; 1 drivers
v0x55db669abe10_232 .net v0x55db669abe10 232, 15 0, L_0x55db669c7c80; 1 drivers
v0x55db669abe10_233 .net v0x55db669abe10 233, 15 0, L_0x55db669c7d50; 1 drivers
v0x55db669abe10_234 .net v0x55db669abe10 234, 15 0, L_0x55db669c7e20; 1 drivers
v0x55db669abe10_235 .net v0x55db669abe10 235, 15 0, L_0x55db669c7ef0; 1 drivers
v0x55db669abe10_236 .net v0x55db669abe10 236, 15 0, L_0x55db669c7fc0; 1 drivers
v0x55db669abe10_237 .net v0x55db669abe10 237, 15 0, L_0x55db669c8090; 1 drivers
v0x55db669abe10_238 .net v0x55db669abe10 238, 15 0, L_0x55db669c8160; 1 drivers
v0x55db669abe10_239 .net v0x55db669abe10 239, 15 0, L_0x55db669c8230; 1 drivers
v0x55db669abe10_240 .net v0x55db669abe10 240, 15 0, L_0x55db669c8c80; 1 drivers
v0x55db669abe10_241 .net v0x55db669abe10 241, 15 0, L_0x55db669c8d20; 1 drivers
v0x55db669abe10_242 .net v0x55db669abe10 242, 15 0, L_0x55db669aeba0; 1 drivers
v0x55db669abe10_243 .net v0x55db669abe10 243, 15 0, L_0x55db669aec70; 1 drivers
v0x55db669abe10_244 .net v0x55db669abe10 244, 15 0, L_0x55db669c8520; 1 drivers
v0x55db669abe10_245 .net v0x55db669abe10 245, 15 0, L_0x55db669c85f0; 1 drivers
v0x55db669abe10_246 .net v0x55db669abe10 246, 15 0, L_0x55db669c86c0; 1 drivers
v0x55db669abe10_247 .net v0x55db669abe10 247, 15 0, L_0x55db669c8790; 1 drivers
v0x55db669abe10_248 .net v0x55db669abe10 248, 15 0, L_0x55db669c8860; 1 drivers
v0x55db669abe10_249 .net v0x55db669abe10 249, 15 0, L_0x55db669c8930; 1 drivers
v0x55db669abe10_250 .net v0x55db669abe10 250, 15 0, L_0x55db669c8a00; 1 drivers
v0x55db669abe10_251 .net v0x55db669abe10 251, 15 0, L_0x55db669c8ad0; 1 drivers
v0x55db669abe10_252 .net v0x55db669abe10 252, 15 0, L_0x55db669c8ba0; 1 drivers
v0x55db669abe10_253 .net v0x55db669abe10 253, 15 0, L_0x55db669c95b0; 1 drivers
v0x55db669abe10_254 .net v0x55db669abe10 254, 15 0, L_0x55db669aed20; 1 drivers
v0x55db669abe10_255 .net v0x55db669abe10 255, 15 0, L_0x55db669aedf0; 1 drivers
v0x55db669abe10_256 .net v0x55db669abe10 256, 15 0, L_0x55db669c8df0; 1 drivers
v0x55db669abe10_257 .net v0x55db669abe10 257, 15 0, L_0x55db669c8ec0; 1 drivers
v0x55db669abe10_258 .net v0x55db669abe10 258, 15 0, L_0x55db669c8f90; 1 drivers
v0x55db669abe10_259 .net v0x55db669abe10 259, 15 0, L_0x55db669c9060; 1 drivers
v0x55db669abe10_260 .net v0x55db669abe10 260, 15 0, L_0x55db669c9130; 1 drivers
v0x55db669abe10_261 .net v0x55db669abe10 261, 15 0, L_0x55db669c9200; 1 drivers
v0x55db669abe10_262 .net v0x55db669abe10 262, 15 0, L_0x55db669c92d0; 1 drivers
v0x55db669abe10_263 .net v0x55db669abe10 263, 15 0, L_0x55db669c93a0; 1 drivers
v0x55db669abe10_264 .net v0x55db669abe10 264, 15 0, L_0x55db669c9470; 1 drivers
v0x55db669abe10_265 .net v0x55db669abe10 265, 15 0, L_0x55db669c3410; 1 drivers
v0x55db669abe10_266 .net v0x55db669abe10 266, 15 0, L_0x55db669aeea0; 1 drivers
v0x55db669abe10_267 .net v0x55db669abe10 267, 15 0, L_0x55db669aef70; 1 drivers
v0x55db669abe10_268 .net v0x55db669abe10 268, 15 0, L_0x55db669c34e0; 1 drivers
v0x55db669abe10_269 .net v0x55db669abe10 269, 15 0, L_0x55db669c35b0; 1 drivers
v0x55db669abe10_270 .net v0x55db669abe10 270, 15 0, L_0x55db669c3680; 1 drivers
v0x55db669abe10_271 .net v0x55db669abe10 271, 15 0, L_0x55db669c3750; 1 drivers
v0x55db669abe10_272 .net v0x55db669abe10 272, 15 0, L_0x55db669c3820; 1 drivers
v0x55db669abe10_273 .net v0x55db669abe10 273, 15 0, L_0x55db669c38f0; 1 drivers
v0x55db669abe10_274 .net v0x55db669abe10 274, 15 0, L_0x55db669c39c0; 1 drivers
v0x55db669abe10_275 .net v0x55db669abe10 275, 15 0, L_0x55db669c3a90; 1 drivers
v0x55db669abe10_276 .net v0x55db669abe10 276, 15 0, L_0x55db669c9680; 1 drivers
v0x55db669abe10_277 .net v0x55db669abe10 277, 15 0, L_0x55db669c9750; 1 drivers
v0x55db669abe10_278 .net v0x55db669abe10 278, 15 0, L_0x55db669c9820; 1 drivers
v0x55db669abe10_279 .net v0x55db669abe10 279, 15 0, L_0x55db669c98f0; 1 drivers
v0x55db669abe10_280 .net v0x55db669abe10 280, 15 0, L_0x55db669c99c0; 1 drivers
v0x55db669abe10_281 .net v0x55db669abe10 281, 15 0, L_0x55db669c9a90; 1 drivers
v0x55db669abe10_282 .net v0x55db669abe10 282, 15 0, L_0x55db669c9b60; 1 drivers
v0x55db669abe10_283 .net v0x55db669abe10 283, 15 0, L_0x55db669c9c30; 1 drivers
v0x55db669abe10_284 .net v0x55db669abe10 284, 15 0, L_0x55db669c9d00; 1 drivers
v0x55db669abe10_285 .net v0x55db669abe10 285, 15 0, L_0x55db669c9dd0; 1 drivers
v0x55db669abe10_286 .net v0x55db669abe10 286, 15 0, L_0x55db669c2bc0; 1 drivers
v0x55db669abe10_287 .net v0x55db669abe10 287, 15 0, L_0x55db669c2c90; 1 drivers
v0x55db669abe10_288 .net v0x55db669abe10 288, 15 0, L_0x55db669c2d60; 1 drivers
v0x55db669abe10_289 .net v0x55db669abe10 289, 15 0, L_0x55db669c2e30; 1 drivers
v0x55db669abe10_290 .net v0x55db669abe10 290, 15 0, L_0x55db669c2f00; 1 drivers
v0x55db669abe10_291 .net v0x55db669abe10 291, 15 0, L_0x55db669c2fd0; 1 drivers
v0x55db669abe10_292 .net v0x55db669abe10 292, 15 0, L_0x55db669c30a0; 1 drivers
v0x55db669abe10_293 .net v0x55db669abe10 293, 15 0, L_0x55db669c3170; 1 drivers
v0x55db669abe10_294 .net v0x55db669abe10 294, 15 0, L_0x55db669c3240; 1 drivers
v0x55db669abe10_295 .net v0x55db669abe10 295, 15 0, L_0x55db669c3310; 1 drivers
v0x55db669abe10_296 .net v0x55db669abe10 296, 15 0, L_0x55db669cc7e0; 1 drivers
v0x55db669abe10_297 .net v0x55db669abe10 297, 15 0, L_0x55db669cc880; 1 drivers
v0x55db669abe10_298 .net v0x55db669abe10 298, 15 0, L_0x55db669af020; 1 drivers
v0x55db669abe10_299 .net v0x55db669abe10 299, 15 0, L_0x55db669af0f0; 1 drivers
v0x55db669abe10_300 .net v0x55db669abe10 300, 15 0, L_0x55db669af1c0; 1 drivers
v0x55db669abe10_301 .net v0x55db669abe10 301, 15 0, L_0x55db669af290; 1 drivers
v0x55db669abe10_302 .net v0x55db669abe10 302, 15 0, L_0x55db669af360; 1 drivers
v0x55db669abe10_303 .net v0x55db669abe10 303, 15 0, L_0x55db669cbe90; 1 drivers
v0x55db669abe10_304 .net v0x55db669abe10 304, 15 0, L_0x55db669cbf60; 1 drivers
v0x55db669abe10_305 .net v0x55db669abe10 305, 15 0, L_0x55db669cc030; 1 drivers
v0x55db669abe10_306 .net v0x55db669abe10 306, 15 0, L_0x55db669cc100; 1 drivers
v0x55db669abe10_307 .net v0x55db669abe10 307, 15 0, L_0x55db669cc1d0; 1 drivers
v0x55db669abe10_308 .net v0x55db669abe10 308, 15 0, L_0x55db669cc2a0; 1 drivers
v0x55db669abe10_309 .net v0x55db669abe10 309, 15 0, L_0x55db669cc370; 1 drivers
v0x55db669abe10_310 .net v0x55db669abe10 310, 15 0, L_0x55db669cc440; 1 drivers
v0x55db669abe10_311 .net v0x55db669abe10 311, 15 0, L_0x55db669cc510; 1 drivers
v0x55db669abe10_312 .net v0x55db669abe10 312, 15 0, L_0x55db669cc5e0; 1 drivers
v0x55db669abe10_313 .net v0x55db669abe10 313, 15 0, L_0x55db669cc6b0; 1 drivers
v0x55db669abe10_314 .net v0x55db669abe10 314, 15 0, L_0x55db669cd300; 1 drivers
v0x55db669abe10_315 .net v0x55db669abe10 315, 15 0, L_0x55db669cd3a0; 1 drivers
v0x55db669abe10_316 .net v0x55db669abe10 316, 15 0, L_0x55db669af400; 1 drivers
v0x55db669abe10_317 .net v0x55db669abe10 317, 15 0, L_0x55db669af4d0; 1 drivers
v0x55db669abe10_318 .net v0x55db669abe10 318, 15 0, L_0x55db669af5a0; 1 drivers
v0x55db669abe10_319 .net v0x55db669abe10 319, 15 0, L_0x55db669cc950; 1 drivers
v0x55db669abe10_320 .net v0x55db669abe10 320, 15 0, L_0x55db669cca20; 1 drivers
v0x55db669abe10_321 .net v0x55db669abe10 321, 15 0, L_0x55db669ccaf0; 1 drivers
v0x55db669abe10_322 .net v0x55db669abe10 322, 15 0, L_0x55db669ccbc0; 1 drivers
v0x55db669abe10_323 .net v0x55db669abe10 323, 15 0, L_0x55db669ccc90; 1 drivers
v0x55db669abe10_324 .net v0x55db669abe10 324, 15 0, L_0x55db669ccd60; 1 drivers
v0x55db669abe10_325 .net v0x55db669abe10 325, 15 0, L_0x55db669cce30; 1 drivers
v0x55db669abe10_326 .net v0x55db669abe10 326, 15 0, L_0x55db669ccf00; 1 drivers
v0x55db669abe10_327 .net v0x55db669abe10 327, 15 0, L_0x55db669ccfd0; 1 drivers
v0x55db669abe10_328 .net v0x55db669abe10 328, 15 0, L_0x55db669cd0a0; 1 drivers
v0x55db669abe10_329 .net v0x55db669abe10 329, 15 0, L_0x55db669cd170; 1 drivers
v0x55db669abe10_330 .net v0x55db669abe10 330, 15 0, L_0x55db669cd240; 1 drivers
v0x55db669abe10_331 .net v0x55db669abe10 331, 15 0, L_0x55db669cded0; 1 drivers
v0x55db669abe10_332 .net v0x55db669abe10 332, 15 0, L_0x55db669af640; 1 drivers
v0x55db669abe10_333 .net v0x55db669abe10 333, 15 0, L_0x55db669af710; 1 drivers
v0x55db669abe10_334 .net v0x55db669abe10 334, 15 0, L_0x55db669cd440; 1 drivers
v0x55db669abe10_335 .net v0x55db669abe10 335, 15 0, L_0x55db669cd510; 1 drivers
v0x55db669abe10_336 .net v0x55db669abe10 336, 15 0, L_0x55db669cd5e0; 1 drivers
v0x55db669abe10_337 .net v0x55db669abe10 337, 15 0, L_0x55db669cd6b0; 1 drivers
v0x55db669abe10_338 .net v0x55db669abe10 338, 15 0, L_0x55db669cd780; 1 drivers
v0x55db669abe10_339 .net v0x55db669abe10 339, 15 0, L_0x55db669cd850; 1 drivers
v0x55db669abe10_340 .net v0x55db669abe10 340, 15 0, L_0x55db669cd920; 1 drivers
v0x55db669abe10_341 .net v0x55db669abe10 341, 15 0, L_0x55db669cd9f0; 1 drivers
v0x55db669abe10_342 .net v0x55db669abe10 342, 15 0, L_0x55db669cdac0; 1 drivers
v0x55db669abe10_343 .net v0x55db669abe10 343, 15 0, L_0x55db669cdb90; 1 drivers
v0x55db669abe10_344 .net v0x55db669abe10 344, 15 0, L_0x55db669cdc60; 1 drivers
v0x55db669abe10_345 .net v0x55db669abe10 345, 15 0, L_0x55db669cdd30; 1 drivers
v0x55db669abe10_346 .net v0x55db669abe10 346, 15 0, L_0x55db669cde00; 1 drivers
v0x55db669abe10_347 .net v0x55db669abe10 347, 15 0, L_0x55db669cea80; 1 drivers
v0x55db669abe10_348 .net v0x55db669abe10 348, 15 0, L_0x55db669af840; 1 drivers
v0x55db669abe10_349 .net v0x55db669abe10 349, 15 0, L_0x55db669af910; 1 drivers
v0x55db669abe10_350 .net v0x55db669abe10 350, 15 0, L_0x55db669cdfa0; 1 drivers
v0x55db669abe10_351 .net v0x55db669abe10 351, 15 0, L_0x55db669ce070; 1 drivers
v0x55db669abe10_352 .net v0x55db669abe10 352, 15 0, L_0x55db669ce140; 1 drivers
v0x55db669abe10_353 .net v0x55db669abe10 353, 15 0, L_0x55db669ce210; 1 drivers
v0x55db669abe10_354 .net v0x55db669abe10 354, 15 0, L_0x55db669ce2e0; 1 drivers
v0x55db669abe10_355 .net v0x55db669abe10 355, 15 0, L_0x55db669ce3b0; 1 drivers
v0x55db669abe10_356 .net v0x55db669abe10 356, 15 0, L_0x55db669ce480; 1 drivers
v0x55db669abe10_357 .net v0x55db669abe10 357, 15 0, L_0x55db669ce550; 1 drivers
v0x55db669abe10_358 .net v0x55db669abe10 358, 15 0, L_0x55db669ce620; 1 drivers
v0x55db669abe10_359 .net v0x55db669abe10 359, 15 0, L_0x55db669ce6f0; 1 drivers
v0x55db669abe10_360 .net v0x55db669abe10 360, 15 0, L_0x55db669ce7c0; 1 drivers
v0x55db669abe10_361 .net v0x55db669abe10 361, 15 0, L_0x55db669ce890; 1 drivers
v0x55db669abe10_362 .net v0x55db669abe10 362, 15 0, L_0x55db669ce960; 1 drivers
v0x55db669abe10_363 .net v0x55db669abe10 363, 15 0, L_0x55db669cf680; 1 drivers
v0x55db669abe10_364 .net v0x55db669abe10 364, 15 0, L_0x55db669af9e0; 1 drivers
v0x55db669abe10_365 .net v0x55db669abe10 365, 15 0, L_0x55db669afab0; 1 drivers
v0x55db669abe10_366 .net v0x55db669abe10 366, 15 0, L_0x55db669afb80; 1 drivers
v0x55db669abe10_367 .net v0x55db669abe10 367, 15 0, L_0x55db669ceb20; 1 drivers
v0x55db669abe10_368 .net v0x55db669abe10 368, 15 0, L_0x55db669cebf0; 1 drivers
v0x55db669abe10_369 .net v0x55db669abe10 369, 15 0, L_0x55db669cecc0; 1 drivers
v0x55db669abe10_370 .net v0x55db669abe10 370, 15 0, L_0x55db669ced90; 1 drivers
v0x55db669abe10_371 .net v0x55db669abe10 371, 15 0, L_0x55db669cee60; 1 drivers
v0x55db669abe10_372 .net v0x55db669abe10 372, 15 0, L_0x55db669cef30; 1 drivers
v0x55db669abe10_373 .net v0x55db669abe10 373, 15 0, L_0x55db669cf000; 1 drivers
v0x55db669abe10_374 .net v0x55db669abe10 374, 15 0, L_0x55db669cf0d0; 1 drivers
v0x55db669abe10_375 .net v0x55db669abe10 375, 15 0, L_0x55db669cf1a0; 1 drivers
v0x55db669abe10_376 .net v0x55db669abe10 376, 15 0, L_0x55db669cf270; 1 drivers
v0x55db669abe10_377 .net v0x55db669abe10 377, 15 0, L_0x55db669cf340; 1 drivers
v0x55db669abe10_378 .net v0x55db669abe10 378, 15 0, L_0x55db669cf410; 1 drivers
v0x55db669abe10_379 .net v0x55db669abe10 379, 15 0, L_0x55db669cf4e0; 1 drivers
v0x55db669abe10_380 .net v0x55db669abe10 380, 15 0, L_0x55db669cf5b0; 1 drivers
v0x55db669abe10_381 .net v0x55db669abe10 381, 15 0, L_0x55db669d0310; 1 drivers
v0x55db669abe10_382 .net v0x55db669abe10 382, 15 0, L_0x55db669afc60; 1 drivers
v0x55db669abe10_383 .net v0x55db669abe10 383, 15 0, L_0x55db669afd30; 1 drivers
v0x55db669abe10_384 .net v0x55db669abe10 384, 15 0, L_0x55db669afe00; 1 drivers
v0x55db669abe10_385 .net v0x55db669abe10 385, 15 0, L_0x55db669cf750; 1 drivers
v0x55db669abe10_386 .net v0x55db669abe10 386, 15 0, L_0x55db669cf820; 1 drivers
v0x55db669abe10_387 .net v0x55db669abe10 387, 15 0, L_0x55db669cf8f0; 1 drivers
v0x55db669abe10_388 .net v0x55db669abe10 388, 15 0, L_0x55db669cf9c0; 1 drivers
v0x55db669abe10_389 .net v0x55db669abe10 389, 15 0, L_0x55db669cfa90; 1 drivers
v0x55db669abe10_390 .net v0x55db669abe10 390, 15 0, L_0x55db669cfb60; 1 drivers
v0x55db669abe10_391 .net v0x55db669abe10 391, 15 0, L_0x55db669cfc30; 1 drivers
v0x55db669abe10_392 .net v0x55db669abe10 392, 15 0, L_0x55db669cfd00; 1 drivers
v0x55db669abe10_393 .net v0x55db669abe10 393, 15 0, L_0x55db669cfdd0; 1 drivers
v0x55db669abe10_394 .net v0x55db669abe10 394, 15 0, L_0x55db669cfea0; 1 drivers
v0x55db669abe10_395 .net v0x55db669abe10 395, 15 0, L_0x55db669cff70; 1 drivers
v0x55db669abe10_396 .net v0x55db669abe10 396, 15 0, L_0x55db669d0040; 1 drivers
v0x55db669abe10_397 .net v0x55db669abe10 397, 15 0, L_0x55db669d0110; 1 drivers
v0x55db669abe10_398 .net v0x55db669abe10 398, 15 0, L_0x55db669d01e0; 1 drivers
v0x55db669abe10_399 .net v0x55db669abe10 399, 15 0, L_0x55db669d1060; 1 drivers
v0x55db669abe10_400 .net v0x55db669abe10 400, 15 0, L_0x55db669afea0; 1 drivers
v0x55db669abe10_401 .net v0x55db669abe10 401, 15 0, L_0x55db669aff40; 1 drivers
v0x55db669abe10_402 .net v0x55db669abe10 402, 15 0, L_0x55db669b0010; 1 drivers
v0x55db669abe10_403 .net v0x55db669abe10 403, 15 0, L_0x55db669d03e0; 1 drivers
v0x55db669abe10_404 .net v0x55db669abe10 404, 15 0, L_0x55db669d04b0; 1 drivers
v0x55db669abe10_405 .net v0x55db669abe10 405, 15 0, L_0x55db669d0580; 1 drivers
v0x55db669abe10_406 .net v0x55db669abe10 406, 15 0, L_0x55db669d0650; 1 drivers
v0x55db669abe10_407 .net v0x55db669abe10 407, 15 0, L_0x55db669d0720; 1 drivers
v0x55db669abe10_408 .net v0x55db669abe10 408, 15 0, L_0x55db669d07f0; 1 drivers
v0x55db669abe10_409 .net v0x55db669abe10 409, 15 0, L_0x55db669d08c0; 1 drivers
v0x55db669abe10_410 .net v0x55db669abe10 410, 15 0, L_0x55db669d0990; 1 drivers
v0x55db669abe10_411 .net v0x55db669abe10 411, 15 0, L_0x55db669d0a60; 1 drivers
v0x55db669abe10_412 .net v0x55db669abe10 412, 15 0, L_0x55db669d0b30; 1 drivers
v0x55db669abe10_413 .net v0x55db669abe10 413, 15 0, L_0x55db669d0c00; 1 drivers
v0x55db669abe10_414 .net v0x55db669abe10 414, 15 0, L_0x55db669d0cd0; 1 drivers
v0x55db669abe10_415 .net v0x55db669abe10 415, 15 0, L_0x55db669d0da0; 1 drivers
v0x55db669abe10_416 .net v0x55db669abe10 416, 15 0, L_0x55db669d0e70; 1 drivers
v0x55db669abe10_417 .net v0x55db669abe10 417, 15 0, L_0x55db669d0f40; 1 drivers
v0x55db669abe10_418 .net v0x55db669abe10 418, 15 0, L_0x55db669d1e20; 1 drivers
v0x55db669abe10_419 .net v0x55db669abe10 419, 15 0, L_0x55db669d1ec0; 1 drivers
v0x55db669abe10_420 .net v0x55db669abe10 420, 15 0, L_0x55db669b00e0; 1 drivers
v0x55db669abe10_421 .net v0x55db669abe10 421, 15 0, L_0x55db669b01b0; 1 drivers
v0x55db669abe10_422 .net v0x55db669abe10 422, 15 0, L_0x55db669b0280; 1 drivers
v0x55db669abe10_423 .net v0x55db669abe10 423, 15 0, L_0x55db669d1100; 1 drivers
v0x55db669abe10_424 .net v0x55db669abe10 424, 15 0, L_0x55db669d11d0; 1 drivers
v0x55db669abe10_425 .net v0x55db669abe10 425, 15 0, L_0x55db669d12a0; 1 drivers
v0x55db669abe10_426 .net v0x55db669abe10 426, 15 0, L_0x55db669d1370; 1 drivers
v0x55db669abe10_427 .net v0x55db669abe10 427, 15 0, L_0x55db669d1440; 1 drivers
v0x55db669abe10_428 .net v0x55db669abe10 428, 15 0, L_0x55db669d1510; 1 drivers
v0x55db669abe10_429 .net v0x55db669abe10 429, 15 0, L_0x55db669d15e0; 1 drivers
v0x55db669abe10_430 .net v0x55db669abe10 430, 15 0, L_0x55db669d16b0; 1 drivers
v0x55db669abe10_431 .net v0x55db669abe10 431, 15 0, L_0x55db669d1780; 1 drivers
v0x55db669abe10_432 .net v0x55db669abe10 432, 15 0, L_0x55db669d1850; 1 drivers
v0x55db669abe10_433 .net v0x55db669abe10 433, 15 0, L_0x55db669d1920; 1 drivers
v0x55db669abe10_434 .net v0x55db669abe10 434, 15 0, L_0x55db669d19f0; 1 drivers
v0x55db669abe10_435 .net v0x55db669abe10 435, 15 0, L_0x55db669d1ac0; 1 drivers
v0x55db669abe10_436 .net v0x55db669abe10 436, 15 0, L_0x55db669d1b90; 1 drivers
v0x55db669abe10_437 .net v0x55db669abe10 437, 15 0, L_0x55db669d1c60; 1 drivers
v0x55db669abe10_438 .net v0x55db669abe10 438, 15 0, L_0x55db669d1d30; 1 drivers
v0x55db669abe10_439 .net v0x55db669abe10 439, 15 0, L_0x55db669d2d50; 1 drivers
v0x55db669abe10_440 .net v0x55db669abe10 440, 15 0, L_0x55db669b0360; 1 drivers
v0x55db669abe10_441 .net v0x55db669abe10 441, 15 0, L_0x55db669b0430; 1 drivers
v0x55db669abe10_442 .net v0x55db669abe10 442, 15 0, L_0x55db669b0500; 1 drivers
v0x55db669abe10_443 .net v0x55db669abe10 443, 15 0, L_0x55db669d1f90; 1 drivers
v0x55db669abe10_444 .net v0x55db669abe10 444, 15 0, L_0x55db669d2060; 1 drivers
v0x55db669abe10_445 .net v0x55db669abe10 445, 15 0, L_0x55db669d2130; 1 drivers
v0x55db669abe10_446 .net v0x55db669abe10 446, 15 0, L_0x55db669d2200; 1 drivers
v0x55db669abe10_447 .net v0x55db669abe10 447, 15 0, L_0x55db669d22d0; 1 drivers
v0x55db669abe10_448 .net v0x55db669abe10 448, 15 0, L_0x55db669d23a0; 1 drivers
v0x55db669abe10_449 .net v0x55db669abe10 449, 15 0, L_0x55db669d2470; 1 drivers
v0x55db669abe10_450 .net v0x55db669abe10 450, 15 0, L_0x55db669d2540; 1 drivers
v0x55db669abe10_451 .net v0x55db669abe10 451, 15 0, L_0x55db669d2610; 1 drivers
v0x55db669abe10_452 .net v0x55db669abe10 452, 15 0, L_0x55db669d26e0; 1 drivers
v0x55db669abe10_453 .net v0x55db669abe10 453, 15 0, L_0x55db669d27b0; 1 drivers
v0x55db669abe10_454 .net v0x55db669abe10 454, 15 0, L_0x55db669d2880; 1 drivers
v0x55db669abe10_455 .net v0x55db669abe10 455, 15 0, L_0x55db669d2950; 1 drivers
v0x55db669abe10_456 .net v0x55db669abe10 456, 15 0, L_0x55db669d2a20; 1 drivers
v0x55db669abe10_457 .net v0x55db669abe10 457, 15 0, L_0x55db669d2af0; 1 drivers
v0x55db669abe10_458 .net v0x55db669abe10 458, 15 0, L_0x55db669d2bc0; 1 drivers
v0x55db669abe10_459 .net v0x55db669abe10 459, 15 0, L_0x55db669d2c90; 1 drivers
v0x55db669abe10_460 .net v0x55db669abe10 460, 15 0, L_0x55db669b05e0; 1 drivers
v0x55db669abe10_461 .net v0x55db669abe10 461, 15 0, L_0x55db669b06b0; 1 drivers
v0x55db669abe10_462 .net v0x55db669abe10 462, 15 0, L_0x55db669b0780; 1 drivers
v0x55db669abe10_463 .net v0x55db669abe10 463, 15 0, L_0x55db669d2e20; 1 drivers
v0x55db669abe10_464 .net v0x55db669abe10 464, 15 0, L_0x55db669d2ef0; 1 drivers
v0x55db669abe10_465 .net v0x55db669abe10 465, 15 0, L_0x55db669d2fc0; 1 drivers
v0x55db669abe10_466 .net v0x55db669abe10 466, 15 0, L_0x55db669d3090; 1 drivers
v0x55db669abe10_467 .net v0x55db669abe10 467, 15 0, L_0x55db669d3160; 1 drivers
v0x55db669abe10_468 .net v0x55db669abe10 468, 15 0, L_0x55db669d3230; 1 drivers
v0x55db669abe10_469 .net v0x55db669abe10 469, 15 0, L_0x55db669d3300; 1 drivers
v0x55db669abe10_470 .net v0x55db669abe10 470, 15 0, L_0x55db669d33d0; 1 drivers
v0x55db669abe10_471 .net v0x55db669abe10 471, 15 0, L_0x55db669d34a0; 1 drivers
v0x55db669abe10_472 .net v0x55db669abe10 472, 15 0, L_0x55db669d3570; 1 drivers
v0x55db669abe10_473 .net v0x55db669abe10 473, 15 0, L_0x55db669d3640; 1 drivers
v0x55db669abe10_474 .net v0x55db669abe10 474, 15 0, L_0x55db669d3710; 1 drivers
v0x55db669abe10_475 .net v0x55db669abe10 475, 15 0, L_0x55db669d37e0; 1 drivers
v0x55db669abe10_476 .net v0x55db669abe10 476, 15 0, L_0x55db669d38b0; 1 drivers
v0x55db669abe10_477 .net v0x55db669abe10 477, 15 0, L_0x55db669d3980; 1 drivers
v0x55db669abe10_478 .net v0x55db669abe10 478, 15 0, L_0x55db669d3a50; 1 drivers
v0x55db669abe10_479 .net v0x55db669abe10 479, 15 0, L_0x55db669d3b20; 1 drivers
v0x55db669abe10_480 .net v0x55db669abe10 480, 15 0, L_0x55db669d4bc0; 1 drivers
v0x55db669abe10_481 .net v0x55db669abe10 481, 15 0, L_0x55db669d4c60; 1 drivers
v0x55db669abe10_482 .net v0x55db669abe10 482, 15 0, L_0x55db669b0860; 1 drivers
v0x55db669abe10_483 .net v0x55db669abe10 483, 15 0, L_0x55db669b0900; 1 drivers
v0x55db669abe10_484 .net v0x55db669abe10 484, 15 0, L_0x55db669b09d0; 1 drivers
v0x55db669abe10_485 .net v0x55db669abe10 485, 15 0, L_0x55db669d3cb0; 1 drivers
v0x55db669abe10_486 .net v0x55db669abe10 486, 15 0, L_0x55db669d3d80; 1 drivers
v0x55db669abe10_487 .net v0x55db669abe10 487, 15 0, L_0x55db669d3e50; 1 drivers
v0x55db669abe10_488 .net v0x55db669abe10 488, 15 0, L_0x55db669d3f20; 1 drivers
v0x55db669abe10_489 .net v0x55db669abe10 489, 15 0, L_0x55db669d3ff0; 1 drivers
v0x55db669abe10_490 .net v0x55db669abe10 490, 15 0, L_0x55db669d40c0; 1 drivers
v0x55db669abe10_491 .net v0x55db669abe10 491, 15 0, L_0x55db669d4190; 1 drivers
v0x55db669abe10_492 .net v0x55db669abe10 492, 15 0, L_0x55db669d4260; 1 drivers
v0x55db669abe10_493 .net v0x55db669abe10 493, 15 0, L_0x55db669d4330; 1 drivers
v0x55db669abe10_494 .net v0x55db669abe10 494, 15 0, L_0x55db669d4400; 1 drivers
v0x55db669abe10_495 .net v0x55db669abe10 495, 15 0, L_0x55db669d44d0; 1 drivers
v0x55db669abe10_496 .net v0x55db669abe10 496, 15 0, L_0x55db669d45a0; 1 drivers
v0x55db669abe10_497 .net v0x55db669abe10 497, 15 0, L_0x55db669d4670; 1 drivers
v0x55db669abe10_498 .net v0x55db669abe10 498, 15 0, L_0x55db669d4740; 1 drivers
v0x55db669abe10_499 .net v0x55db669abe10 499, 15 0, L_0x55db669d4810; 1 drivers
v0x55db669abe10_500 .net v0x55db669abe10 500, 15 0, L_0x55db669d48e0; 1 drivers
v0x55db669abe10_501 .net v0x55db669abe10 501, 15 0, L_0x55db669d49b0; 1 drivers
v0x55db669abe10_502 .net v0x55db669abe10 502, 15 0, L_0x55db669d4a80; 1 drivers
v0x55db669abe10_503 .net v0x55db669abe10 503, 15 0, L_0x55db669d5cc0; 1 drivers
v0x55db669abe10_504 .net v0x55db669abe10 504, 15 0, L_0x55db669b0aa0; 1 drivers
v0x55db669abe10_505 .net v0x55db669abe10 505, 15 0, L_0x55db669b0b70; 1 drivers
v0x55db669abe10_506 .net v0x55db669abe10 506, 15 0, L_0x55db669b0c40; 1 drivers
v0x55db669abe10_507 .net v0x55db669abe10 507, 15 0, L_0x55db669b0d10; 1 drivers
v0x55db669abe10_508 .net v0x55db669abe10 508, 15 0, L_0x55db669d4d00; 1 drivers
v0x55db669abe10_509 .net v0x55db669abe10 509, 15 0, L_0x55db669d4dd0; 1 drivers
v0x55db669abe10_510 .net v0x55db669abe10 510, 15 0, L_0x55db669d4ea0; 1 drivers
v0x55db669abe10_511 .net v0x55db669abe10 511, 15 0, L_0x55db669d4f70; 1 drivers
v0x55db669b0ee0_0 .net "final_valid", 0 0, L_0x55db6694afa0;  1 drivers
v0x55db669b0fa0_0 .net "layer_done", 0 0, L_0x55db669b0de0;  1 drivers
v0x55db669b1060_0 .var "layer_flat", 8191 0;
v0x55db669b1140_0 .var "layer_valid", 0 0;
v0x55db669b1200_0 .var "loop_flat", 8191 0;
v0x55db669b12e0_0 .var "loop_valid", 0 0;
v0x55db669b13a0_0 .var "mux_flat", 8191 0;
v0x55db669b1480_0 .var "mux_valid", 0 0;
o0x7f55a6dc2918 .functor BUFZ 1, C4<z>; HiZ drive
v0x55db669b1540_0 .net "rst_n", 0 0, o0x7f55a6dc2918;  0 drivers
o0x7f55a6dc2948 .functor BUFZ 1, C4<z>; HiZ drive
v0x55db669b1600_0 .net "sel_external", 0 0, o0x7f55a6dc2948;  0 drivers
o0x7f55a6dc2978 .functor BUFZ 1, C4<z>; HiZ drive
v0x55db669b16c0_0 .net "start_layer", 0 0, o0x7f55a6dc2978;  0 drivers
E_0x55db66752fc0/0 .event negedge, v0x55db669b1540_0;
E_0x55db66752fc0/1 .event posedge, v0x55db66979200_0;
E_0x55db66752fc0 .event/or E_0x55db66752fc0/0, E_0x55db66752fc0/1;
E_0x55db668b3280/0 .event edge, v0x55db669b1600_0, v0x55db669abc70_0, v0x55db669b1200_0, v0x55db669abd50_0;
E_0x55db668b3280/1 .event edge, v0x55db669b12e0_0;
E_0x55db668b3280 .event/or E_0x55db668b3280/0, E_0x55db668b3280/1;
E_0x55db668b32f0/0 .event edge, v0x55db669793a0_0, v0x55db669793a0_1, v0x55db669793a0_2, v0x55db669793a0_3;
E_0x55db668b32f0/1 .event edge, v0x55db669793a0_4, v0x55db669793a0_5, v0x55db669793a0_6, v0x55db669793a0_7;
E_0x55db668b32f0/2 .event edge, v0x55db669793a0_8, v0x55db669793a0_9, v0x55db669793a0_10, v0x55db669793a0_11;
E_0x55db668b32f0/3 .event edge, v0x55db669793a0_12, v0x55db669793a0_13, v0x55db669793a0_14, v0x55db669793a0_15;
E_0x55db668b32f0/4 .event edge, v0x55db669793a0_16, v0x55db669793a0_17, v0x55db669793a0_18, v0x55db669793a0_19;
E_0x55db668b32f0/5 .event edge, v0x55db669793a0_20, v0x55db669793a0_21, v0x55db669793a0_22, v0x55db669793a0_23;
E_0x55db668b32f0/6 .event edge, v0x55db669793a0_24, v0x55db669793a0_25, v0x55db669793a0_26, v0x55db669793a0_27;
E_0x55db668b32f0/7 .event edge, v0x55db669793a0_28, v0x55db669793a0_29, v0x55db669793a0_30, v0x55db669793a0_31;
E_0x55db668b32f0/8 .event edge, v0x55db669793a0_32, v0x55db669793a0_33, v0x55db669793a0_34, v0x55db669793a0_35;
E_0x55db668b32f0/9 .event edge, v0x55db669793a0_36, v0x55db669793a0_37, v0x55db669793a0_38, v0x55db669793a0_39;
E_0x55db668b32f0/10 .event edge, v0x55db669793a0_40, v0x55db669793a0_41, v0x55db669793a0_42, v0x55db669793a0_43;
E_0x55db668b32f0/11 .event edge, v0x55db669793a0_44, v0x55db669793a0_45, v0x55db669793a0_46, v0x55db669793a0_47;
E_0x55db668b32f0/12 .event edge, v0x55db669793a0_48, v0x55db669793a0_49, v0x55db669793a0_50, v0x55db669793a0_51;
E_0x55db668b32f0/13 .event edge, v0x55db669793a0_52, v0x55db669793a0_53, v0x55db669793a0_54, v0x55db669793a0_55;
E_0x55db668b32f0/14 .event edge, v0x55db669793a0_56, v0x55db669793a0_57, v0x55db669793a0_58, v0x55db669793a0_59;
E_0x55db668b32f0/15 .event edge, v0x55db669793a0_60, v0x55db669793a0_61, v0x55db669793a0_62, v0x55db669793a0_63;
E_0x55db668b32f0/16 .event edge, v0x55db669793a0_64, v0x55db669793a0_65, v0x55db669793a0_66, v0x55db669793a0_67;
E_0x55db668b32f0/17 .event edge, v0x55db669793a0_68, v0x55db669793a0_69, v0x55db669793a0_70, v0x55db669793a0_71;
E_0x55db668b32f0/18 .event edge, v0x55db669793a0_72, v0x55db669793a0_73, v0x55db669793a0_74, v0x55db669793a0_75;
E_0x55db668b32f0/19 .event edge, v0x55db669793a0_76, v0x55db669793a0_77, v0x55db669793a0_78, v0x55db669793a0_79;
E_0x55db668b32f0/20 .event edge, v0x55db669793a0_80, v0x55db669793a0_81, v0x55db669793a0_82, v0x55db669793a0_83;
E_0x55db668b32f0/21 .event edge, v0x55db669793a0_84, v0x55db669793a0_85, v0x55db669793a0_86, v0x55db669793a0_87;
E_0x55db668b32f0/22 .event edge, v0x55db669793a0_88, v0x55db669793a0_89, v0x55db669793a0_90, v0x55db669793a0_91;
E_0x55db668b32f0/23 .event edge, v0x55db669793a0_92, v0x55db669793a0_93, v0x55db669793a0_94, v0x55db669793a0_95;
E_0x55db668b32f0/24 .event edge, v0x55db669793a0_96, v0x55db669793a0_97, v0x55db669793a0_98, v0x55db669793a0_99;
E_0x55db668b32f0/25 .event edge, v0x55db669793a0_100, v0x55db669793a0_101, v0x55db669793a0_102, v0x55db669793a0_103;
E_0x55db668b32f0/26 .event edge, v0x55db669793a0_104, v0x55db669793a0_105, v0x55db669793a0_106, v0x55db669793a0_107;
E_0x55db668b32f0/27 .event edge, v0x55db669793a0_108, v0x55db669793a0_109, v0x55db669793a0_110, v0x55db669793a0_111;
E_0x55db668b32f0/28 .event edge, v0x55db669793a0_112, v0x55db669793a0_113, v0x55db669793a0_114, v0x55db669793a0_115;
E_0x55db668b32f0/29 .event edge, v0x55db669793a0_116, v0x55db669793a0_117, v0x55db669793a0_118, v0x55db669793a0_119;
E_0x55db668b32f0/30 .event edge, v0x55db669793a0_120, v0x55db669793a0_121, v0x55db669793a0_122, v0x55db669793a0_123;
E_0x55db668b32f0/31 .event edge, v0x55db669793a0_124, v0x55db669793a0_125, v0x55db669793a0_126, v0x55db669793a0_127;
E_0x55db668b32f0/32 .event edge, v0x55db669793a0_128, v0x55db669793a0_129, v0x55db669793a0_130, v0x55db669793a0_131;
E_0x55db668b32f0/33 .event edge, v0x55db669793a0_132, v0x55db669793a0_133, v0x55db669793a0_134, v0x55db669793a0_135;
E_0x55db668b32f0/34 .event edge, v0x55db669793a0_136, v0x55db669793a0_137, v0x55db669793a0_138, v0x55db669793a0_139;
E_0x55db668b32f0/35 .event edge, v0x55db669793a0_140, v0x55db669793a0_141, v0x55db669793a0_142, v0x55db669793a0_143;
E_0x55db668b32f0/36 .event edge, v0x55db669793a0_144, v0x55db669793a0_145, v0x55db669793a0_146, v0x55db669793a0_147;
E_0x55db668b32f0/37 .event edge, v0x55db669793a0_148, v0x55db669793a0_149, v0x55db669793a0_150, v0x55db669793a0_151;
E_0x55db668b32f0/38 .event edge, v0x55db669793a0_152, v0x55db669793a0_153, v0x55db669793a0_154, v0x55db669793a0_155;
E_0x55db668b32f0/39 .event edge, v0x55db669793a0_156, v0x55db669793a0_157, v0x55db669793a0_158, v0x55db669793a0_159;
E_0x55db668b32f0/40 .event edge, v0x55db669793a0_160, v0x55db669793a0_161, v0x55db669793a0_162, v0x55db669793a0_163;
E_0x55db668b32f0/41 .event edge, v0x55db669793a0_164, v0x55db669793a0_165, v0x55db669793a0_166, v0x55db669793a0_167;
E_0x55db668b32f0/42 .event edge, v0x55db669793a0_168, v0x55db669793a0_169, v0x55db669793a0_170, v0x55db669793a0_171;
E_0x55db668b32f0/43 .event edge, v0x55db669793a0_172, v0x55db669793a0_173, v0x55db669793a0_174, v0x55db669793a0_175;
E_0x55db668b32f0/44 .event edge, v0x55db669793a0_176, v0x55db669793a0_177, v0x55db669793a0_178, v0x55db669793a0_179;
E_0x55db668b32f0/45 .event edge, v0x55db669793a0_180, v0x55db669793a0_181, v0x55db669793a0_182, v0x55db669793a0_183;
E_0x55db668b32f0/46 .event edge, v0x55db669793a0_184, v0x55db669793a0_185, v0x55db669793a0_186, v0x55db669793a0_187;
E_0x55db668b32f0/47 .event edge, v0x55db669793a0_188, v0x55db669793a0_189, v0x55db669793a0_190, v0x55db669793a0_191;
E_0x55db668b32f0/48 .event edge, v0x55db669793a0_192, v0x55db669793a0_193, v0x55db669793a0_194, v0x55db669793a0_195;
E_0x55db668b32f0/49 .event edge, v0x55db669793a0_196, v0x55db669793a0_197, v0x55db669793a0_198, v0x55db669793a0_199;
E_0x55db668b32f0/50 .event edge, v0x55db669793a0_200, v0x55db669793a0_201, v0x55db669793a0_202, v0x55db669793a0_203;
E_0x55db668b32f0/51 .event edge, v0x55db669793a0_204, v0x55db669793a0_205, v0x55db669793a0_206, v0x55db669793a0_207;
E_0x55db668b32f0/52 .event edge, v0x55db669793a0_208, v0x55db669793a0_209, v0x55db669793a0_210, v0x55db669793a0_211;
E_0x55db668b32f0/53 .event edge, v0x55db669793a0_212, v0x55db669793a0_213, v0x55db669793a0_214, v0x55db669793a0_215;
E_0x55db668b32f0/54 .event edge, v0x55db669793a0_216, v0x55db669793a0_217, v0x55db669793a0_218, v0x55db669793a0_219;
E_0x55db668b32f0/55 .event edge, v0x55db669793a0_220, v0x55db669793a0_221, v0x55db669793a0_222, v0x55db669793a0_223;
E_0x55db668b32f0/56 .event edge, v0x55db669793a0_224, v0x55db669793a0_225, v0x55db669793a0_226, v0x55db669793a0_227;
E_0x55db668b32f0/57 .event edge, v0x55db669793a0_228, v0x55db669793a0_229, v0x55db669793a0_230, v0x55db669793a0_231;
E_0x55db668b32f0/58 .event edge, v0x55db669793a0_232, v0x55db669793a0_233, v0x55db669793a0_234, v0x55db669793a0_235;
E_0x55db668b32f0/59 .event edge, v0x55db669793a0_236, v0x55db669793a0_237, v0x55db669793a0_238, v0x55db669793a0_239;
E_0x55db668b32f0/60 .event edge, v0x55db669793a0_240, v0x55db669793a0_241, v0x55db669793a0_242, v0x55db669793a0_243;
E_0x55db668b32f0/61 .event edge, v0x55db669793a0_244, v0x55db669793a0_245, v0x55db669793a0_246, v0x55db669793a0_247;
E_0x55db668b32f0/62 .event edge, v0x55db669793a0_248, v0x55db669793a0_249, v0x55db669793a0_250, v0x55db669793a0_251;
E_0x55db668b32f0/63 .event edge, v0x55db669793a0_252, v0x55db669793a0_253, v0x55db669793a0_254, v0x55db669793a0_255;
E_0x55db668b32f0/64 .event edge, v0x55db669793a0_256, v0x55db669793a0_257, v0x55db669793a0_258, v0x55db669793a0_259;
E_0x55db668b32f0/65 .event edge, v0x55db669793a0_260, v0x55db669793a0_261, v0x55db669793a0_262, v0x55db669793a0_263;
E_0x55db668b32f0/66 .event edge, v0x55db669793a0_264, v0x55db669793a0_265, v0x55db669793a0_266, v0x55db669793a0_267;
E_0x55db668b32f0/67 .event edge, v0x55db669793a0_268, v0x55db669793a0_269, v0x55db669793a0_270, v0x55db669793a0_271;
E_0x55db668b32f0/68 .event edge, v0x55db669793a0_272, v0x55db669793a0_273, v0x55db669793a0_274, v0x55db669793a0_275;
E_0x55db668b32f0/69 .event edge, v0x55db669793a0_276, v0x55db669793a0_277, v0x55db669793a0_278, v0x55db669793a0_279;
E_0x55db668b32f0/70 .event edge, v0x55db669793a0_280, v0x55db669793a0_281, v0x55db669793a0_282, v0x55db669793a0_283;
E_0x55db668b32f0/71 .event edge, v0x55db669793a0_284, v0x55db669793a0_285, v0x55db669793a0_286, v0x55db669793a0_287;
E_0x55db668b32f0/72 .event edge, v0x55db669793a0_288, v0x55db669793a0_289, v0x55db669793a0_290, v0x55db669793a0_291;
E_0x55db668b32f0/73 .event edge, v0x55db669793a0_292, v0x55db669793a0_293, v0x55db669793a0_294, v0x55db669793a0_295;
E_0x55db668b32f0/74 .event edge, v0x55db669793a0_296, v0x55db669793a0_297, v0x55db669793a0_298, v0x55db669793a0_299;
E_0x55db668b32f0/75 .event edge, v0x55db669793a0_300, v0x55db669793a0_301, v0x55db669793a0_302, v0x55db669793a0_303;
E_0x55db668b32f0/76 .event edge, v0x55db669793a0_304, v0x55db669793a0_305, v0x55db669793a0_306, v0x55db669793a0_307;
E_0x55db668b32f0/77 .event edge, v0x55db669793a0_308, v0x55db669793a0_309, v0x55db669793a0_310, v0x55db669793a0_311;
E_0x55db668b32f0/78 .event edge, v0x55db669793a0_312, v0x55db669793a0_313, v0x55db669793a0_314, v0x55db669793a0_315;
E_0x55db668b32f0/79 .event edge, v0x55db669793a0_316, v0x55db669793a0_317, v0x55db669793a0_318, v0x55db669793a0_319;
E_0x55db668b32f0/80 .event edge, v0x55db669793a0_320, v0x55db669793a0_321, v0x55db669793a0_322, v0x55db669793a0_323;
E_0x55db668b32f0/81 .event edge, v0x55db669793a0_324, v0x55db669793a0_325, v0x55db669793a0_326, v0x55db669793a0_327;
E_0x55db668b32f0/82 .event edge, v0x55db669793a0_328, v0x55db669793a0_329, v0x55db669793a0_330, v0x55db669793a0_331;
E_0x55db668b32f0/83 .event edge, v0x55db669793a0_332, v0x55db669793a0_333, v0x55db669793a0_334, v0x55db669793a0_335;
E_0x55db668b32f0/84 .event edge, v0x55db669793a0_336, v0x55db669793a0_337, v0x55db669793a0_338, v0x55db669793a0_339;
E_0x55db668b32f0/85 .event edge, v0x55db669793a0_340, v0x55db669793a0_341, v0x55db669793a0_342, v0x55db669793a0_343;
E_0x55db668b32f0/86 .event edge, v0x55db669793a0_344, v0x55db669793a0_345, v0x55db669793a0_346, v0x55db669793a0_347;
E_0x55db668b32f0/87 .event edge, v0x55db669793a0_348, v0x55db669793a0_349, v0x55db669793a0_350, v0x55db669793a0_351;
E_0x55db668b32f0/88 .event edge, v0x55db669793a0_352, v0x55db669793a0_353, v0x55db669793a0_354, v0x55db669793a0_355;
E_0x55db668b32f0/89 .event edge, v0x55db669793a0_356, v0x55db669793a0_357, v0x55db669793a0_358, v0x55db669793a0_359;
E_0x55db668b32f0/90 .event edge, v0x55db669793a0_360, v0x55db669793a0_361, v0x55db669793a0_362, v0x55db669793a0_363;
E_0x55db668b32f0/91 .event edge, v0x55db669793a0_364, v0x55db669793a0_365, v0x55db669793a0_366, v0x55db669793a0_367;
E_0x55db668b32f0/92 .event edge, v0x55db669793a0_368, v0x55db669793a0_369, v0x55db669793a0_370, v0x55db669793a0_371;
E_0x55db668b32f0/93 .event edge, v0x55db669793a0_372, v0x55db669793a0_373, v0x55db669793a0_374, v0x55db669793a0_375;
E_0x55db668b32f0/94 .event edge, v0x55db669793a0_376, v0x55db669793a0_377, v0x55db669793a0_378, v0x55db669793a0_379;
E_0x55db668b32f0/95 .event edge, v0x55db669793a0_380, v0x55db669793a0_381, v0x55db669793a0_382, v0x55db669793a0_383;
E_0x55db668b32f0/96 .event edge, v0x55db669793a0_384, v0x55db669793a0_385, v0x55db669793a0_386, v0x55db669793a0_387;
E_0x55db668b32f0/97 .event edge, v0x55db669793a0_388, v0x55db669793a0_389, v0x55db669793a0_390, v0x55db669793a0_391;
E_0x55db668b32f0/98 .event edge, v0x55db669793a0_392, v0x55db669793a0_393, v0x55db669793a0_394, v0x55db669793a0_395;
E_0x55db668b32f0/99 .event edge, v0x55db669793a0_396, v0x55db669793a0_397, v0x55db669793a0_398, v0x55db669793a0_399;
E_0x55db668b32f0/100 .event edge, v0x55db669793a0_400, v0x55db669793a0_401, v0x55db669793a0_402, v0x55db669793a0_403;
E_0x55db668b32f0/101 .event edge, v0x55db669793a0_404, v0x55db669793a0_405, v0x55db669793a0_406, v0x55db669793a0_407;
E_0x55db668b32f0/102 .event edge, v0x55db669793a0_408, v0x55db669793a0_409, v0x55db669793a0_410, v0x55db669793a0_411;
E_0x55db668b32f0/103 .event edge, v0x55db669793a0_412, v0x55db669793a0_413, v0x55db669793a0_414, v0x55db669793a0_415;
E_0x55db668b32f0/104 .event edge, v0x55db669793a0_416, v0x55db669793a0_417, v0x55db669793a0_418, v0x55db669793a0_419;
E_0x55db668b32f0/105 .event edge, v0x55db669793a0_420, v0x55db669793a0_421, v0x55db669793a0_422, v0x55db669793a0_423;
E_0x55db668b32f0/106 .event edge, v0x55db669793a0_424, v0x55db669793a0_425, v0x55db669793a0_426, v0x55db669793a0_427;
E_0x55db668b32f0/107 .event edge, v0x55db669793a0_428, v0x55db669793a0_429, v0x55db669793a0_430, v0x55db669793a0_431;
E_0x55db668b32f0/108 .event edge, v0x55db669793a0_432, v0x55db669793a0_433, v0x55db669793a0_434, v0x55db669793a0_435;
E_0x55db668b32f0/109 .event edge, v0x55db669793a0_436, v0x55db669793a0_437, v0x55db669793a0_438, v0x55db669793a0_439;
E_0x55db668b32f0/110 .event edge, v0x55db669793a0_440, v0x55db669793a0_441, v0x55db669793a0_442, v0x55db669793a0_443;
E_0x55db668b32f0/111 .event edge, v0x55db669793a0_444, v0x55db669793a0_445, v0x55db669793a0_446, v0x55db669793a0_447;
E_0x55db668b32f0/112 .event edge, v0x55db669793a0_448, v0x55db669793a0_449, v0x55db669793a0_450, v0x55db669793a0_451;
E_0x55db668b32f0/113 .event edge, v0x55db669793a0_452, v0x55db669793a0_453, v0x55db669793a0_454, v0x55db669793a0_455;
E_0x55db668b32f0/114 .event edge, v0x55db669793a0_456, v0x55db669793a0_457, v0x55db669793a0_458, v0x55db669793a0_459;
E_0x55db668b32f0/115 .event edge, v0x55db669793a0_460, v0x55db669793a0_461, v0x55db669793a0_462, v0x55db669793a0_463;
E_0x55db668b32f0/116 .event edge, v0x55db669793a0_464, v0x55db669793a0_465, v0x55db669793a0_466, v0x55db669793a0_467;
E_0x55db668b32f0/117 .event edge, v0x55db669793a0_468, v0x55db669793a0_469, v0x55db669793a0_470, v0x55db669793a0_471;
E_0x55db668b32f0/118 .event edge, v0x55db669793a0_472, v0x55db669793a0_473, v0x55db669793a0_474, v0x55db669793a0_475;
E_0x55db668b32f0/119 .event edge, v0x55db669793a0_476, v0x55db669793a0_477, v0x55db669793a0_478, v0x55db669793a0_479;
E_0x55db668b32f0/120 .event edge, v0x55db669793a0_480, v0x55db669793a0_481, v0x55db669793a0_482, v0x55db669793a0_483;
E_0x55db668b32f0/121 .event edge, v0x55db669793a0_484, v0x55db669793a0_485, v0x55db669793a0_486, v0x55db669793a0_487;
E_0x55db668b32f0/122 .event edge, v0x55db669793a0_488, v0x55db669793a0_489, v0x55db669793a0_490, v0x55db669793a0_491;
E_0x55db668b32f0/123 .event edge, v0x55db669793a0_492, v0x55db669793a0_493, v0x55db669793a0_494, v0x55db669793a0_495;
E_0x55db668b32f0/124 .event edge, v0x55db669793a0_496, v0x55db669793a0_497, v0x55db669793a0_498, v0x55db669793a0_499;
E_0x55db668b32f0/125 .event edge, v0x55db669793a0_500, v0x55db669793a0_501, v0x55db669793a0_502, v0x55db669793a0_503;
E_0x55db668b32f0/126 .event edge, v0x55db669793a0_504, v0x55db669793a0_505, v0x55db669793a0_506, v0x55db669793a0_507;
E_0x55db668b32f0/127 .event edge, v0x55db669793a0_508, v0x55db669793a0_509, v0x55db669793a0_510, v0x55db669793a0_511;
E_0x55db668b32f0 .event/or E_0x55db668b32f0/0, E_0x55db668b32f0/1, E_0x55db668b32f0/2, E_0x55db668b32f0/3, E_0x55db668b32f0/4, E_0x55db668b32f0/5, E_0x55db668b32f0/6, E_0x55db668b32f0/7, E_0x55db668b32f0/8, E_0x55db668b32f0/9, E_0x55db668b32f0/10, E_0x55db668b32f0/11, E_0x55db668b32f0/12, E_0x55db668b32f0/13, E_0x55db668b32f0/14, E_0x55db668b32f0/15, E_0x55db668b32f0/16, E_0x55db668b32f0/17, E_0x55db668b32f0/18, E_0x55db668b32f0/19, E_0x55db668b32f0/20, E_0x55db668b32f0/21, E_0x55db668b32f0/22, E_0x55db668b32f0/23, E_0x55db668b32f0/24, E_0x55db668b32f0/25, E_0x55db668b32f0/26, E_0x55db668b32f0/27, E_0x55db668b32f0/28, E_0x55db668b32f0/29, E_0x55db668b32f0/30, E_0x55db668b32f0/31, E_0x55db668b32f0/32, E_0x55db668b32f0/33, E_0x55db668b32f0/34, E_0x55db668b32f0/35, E_0x55db668b32f0/36, E_0x55db668b32f0/37, E_0x55db668b32f0/38, E_0x55db668b32f0/39, E_0x55db668b32f0/40, E_0x55db668b32f0/41, E_0x55db668b32f0/42, E_0x55db668b32f0/43, E_0x55db668b32f0/44, E_0x55db668b32f0/45, E_0x55db668b32f0/46, E_0x55db668b32f0/47, E_0x55db668b32f0/48, E_0x55db668b32f0/49, E_0x55db668b32f0/50, E_0x55db668b32f0/51, E_0x55db668b32f0/52, E_0x55db668b32f0/53, E_0x55db668b32f0/54, E_0x55db668b32f0/55, E_0x55db668b32f0/56, E_0x55db668b32f0/57, E_0x55db668b32f0/58, E_0x55db668b32f0/59, E_0x55db668b32f0/60, E_0x55db668b32f0/61, E_0x55db668b32f0/62, E_0x55db668b32f0/63, E_0x55db668b32f0/64, E_0x55db668b32f0/65, E_0x55db668b32f0/66, E_0x55db668b32f0/67, E_0x55db668b32f0/68, E_0x55db668b32f0/69, E_0x55db668b32f0/70, E_0x55db668b32f0/71, E_0x55db668b32f0/72, E_0x55db668b32f0/73, E_0x55db668b32f0/74, E_0x55db668b32f0/75, E_0x55db668b32f0/76, E_0x55db668b32f0/77, E_0x55db668b32f0/78, E_0x55db668b32f0/79, E_0x55db668b32f0/80, E_0x55db668b32f0/81, E_0x55db668b32f0/82, E_0x55db668b32f0/83, E_0x55db668b32f0/84, E_0x55db668b32f0/85, E_0x55db668b32f0/86, E_0x55db668b32f0/87, E_0x55db668b32f0/88, E_0x55db668b32f0/89, E_0x55db668b32f0/90, E_0x55db668b32f0/91, E_0x55db668b32f0/92, E_0x55db668b32f0/93, E_0x55db668b32f0/94, E_0x55db668b32f0/95, E_0x55db668b32f0/96, E_0x55db668b32f0/97, E_0x55db668b32f0/98, E_0x55db668b32f0/99, E_0x55db668b32f0/100, E_0x55db668b32f0/101, E_0x55db668b32f0/102, E_0x55db668b32f0/103, E_0x55db668b32f0/104, E_0x55db668b32f0/105, E_0x55db668b32f0/106, E_0x55db668b32f0/107, E_0x55db668b32f0/108, E_0x55db668b32f0/109, E_0x55db668b32f0/110, E_0x55db668b32f0/111, E_0x55db668b32f0/112, E_0x55db668b32f0/113, E_0x55db668b32f0/114, E_0x55db668b32f0/115, E_0x55db668b32f0/116, E_0x55db668b32f0/117, E_0x55db668b32f0/118, E_0x55db668b32f0/119, E_0x55db668b32f0/120, E_0x55db668b32f0/121, E_0x55db668b32f0/122, E_0x55db668b32f0/123, E_0x55db668b32f0/124, E_0x55db668b32f0/125, E_0x55db668b32f0/126, E_0x55db668b32f0/127;
L_0x55db669b47f0 .part v0x55db669b1060_0, 0, 16;
L_0x55db669b48f0 .part v0x55db669b1060_0, 16, 16;
L_0x55db669b49c0 .part v0x55db669b1060_0, 32, 16;
L_0x55db669b4a60 .part v0x55db669b1060_0, 48, 16;
L_0x55db669b4bf0 .part v0x55db669b1060_0, 64, 16;
L_0x55db669b4cc0 .part v0x55db669b1060_0, 80, 16;
L_0x55db669b4dd0 .part v0x55db669b1060_0, 96, 16;
L_0x55db669b4e70 .part v0x55db669b1060_0, 112, 16;
L_0x55db669b50a0 .part v0x55db669b1060_0, 128, 16;
L_0x55db669b5170 .part v0x55db669b1060_0, 144, 16;
L_0x55db669b52a0 .part v0x55db669b1060_0, 160, 16;
L_0x55db669b5370 .part v0x55db669b1060_0, 176, 16;
L_0x55db669b54b0 .part v0x55db669b1060_0, 192, 16;
L_0x55db669b5580 .part v0x55db669b1060_0, 208, 16;
L_0x55db669b56d0 .part v0x55db669b1060_0, 224, 16;
L_0x55db669b57a0 .part v0x55db669b1060_0, 240, 16;
L_0x55db669b5900 .part v0x55db669b1060_0, 256, 16;
L_0x55db669b59d0 .part v0x55db669b1060_0, 272, 16;
L_0x55db669b5b40 .part v0x55db669b1060_0, 288, 16;
L_0x55db669b5c10 .part v0x55db669b1060_0, 304, 16;
L_0x55db669b5aa0 .part v0x55db669b1060_0, 320, 16;
L_0x55db669b5dc0 .part v0x55db669b1060_0, 336, 16;
L_0x55db669b5f50 .part v0x55db669b1060_0, 352, 16;
L_0x55db669acf40 .part v0x55db669b1060_0, 368, 16;
L_0x55db669ad0e0 .part v0x55db669b1060_0, 384, 16;
L_0x55db669b5ff0 .part v0x55db669b1060_0, 400, 16;
L_0x55db669b6170 .part v0x55db669b1060_0, 416, 16;
L_0x55db669b6210 .part v0x55db669b1060_0, 432, 16;
L_0x55db669b63a0 .part v0x55db669b1060_0, 448, 16;
L_0x55db669b6440 .part v0x55db669b1060_0, 464, 16;
L_0x55db669b6610 .part v0x55db669b1060_0, 480, 16;
L_0x55db669b66e0 .part v0x55db669b1060_0, 496, 16;
L_0x55db669b68c0 .part v0x55db669b1060_0, 512, 16;
L_0x55db669b6990 .part v0x55db669b1060_0, 528, 16;
L_0x55db669b6b80 .part v0x55db669b1060_0, 544, 16;
L_0x55db669b6c50 .part v0x55db669b1060_0, 560, 16;
L_0x55db669b6a60 .part v0x55db669b1060_0, 576, 16;
L_0x55db669b6e50 .part v0x55db669b1060_0, 592, 16;
L_0x55db669b7030 .part v0x55db669b1060_0, 608, 16;
L_0x55db669b7100 .part v0x55db669b1060_0, 624, 16;
L_0x55db669b7320 .part v0x55db669b1060_0, 640, 16;
L_0x55db669b73f0 .part v0x55db669b1060_0, 656, 16;
L_0x55db669b7620 .part v0x55db669b1060_0, 672, 16;
L_0x55db669b76f0 .part v0x55db669b1060_0, 688, 16;
L_0x55db669b7930 .part v0x55db669b1060_0, 704, 16;
L_0x55db669b7a00 .part v0x55db669b1060_0, 720, 16;
L_0x55db669b7c50 .part v0x55db669b1060_0, 736, 16;
L_0x55db669b7d20 .part v0x55db669b1060_0, 752, 16;
L_0x55db669b7f80 .part v0x55db669b1060_0, 768, 16;
L_0x55db669b8050 .part v0x55db669b1060_0, 784, 16;
L_0x55db669b82c0 .part v0x55db669b1060_0, 800, 16;
L_0x55db669b8390 .part v0x55db669b1060_0, 816, 16;
L_0x55db669b8610 .part v0x55db669b1060_0, 832, 16;
L_0x55db669b86e0 .part v0x55db669b1060_0, 848, 16;
L_0x55db669b8970 .part v0x55db669b1060_0, 864, 16;
L_0x55db669b8a40 .part v0x55db669b1060_0, 880, 16;
L_0x55db669b8ce0 .part v0x55db669b1060_0, 896, 16;
L_0x55db669b8db0 .part v0x55db669b1060_0, 912, 16;
L_0x55db669b9060 .part v0x55db669b1060_0, 928, 16;
L_0x55db669b9130 .part v0x55db669b1060_0, 944, 16;
L_0x55db669b93f0 .part v0x55db669b1060_0, 960, 16;
L_0x55db669b94c0 .part v0x55db669b1060_0, 976, 16;
L_0x55db669b9790 .part v0x55db669b1060_0, 992, 16;
L_0x55db669b9860 .part v0x55db669b1060_0, 1008, 16;
L_0x55db669ad3f0 .part v0x55db669b1060_0, 1024, 16;
L_0x55db669ad4c0 .part v0x55db669b1060_0, 1040, 16;
L_0x55db669ad590 .part v0x55db669b1060_0, 1056, 16;
L_0x55db669ba360 .part v0x55db669b1060_0, 1072, 16;
L_0x55db669ba630 .part v0x55db669b1060_0, 1088, 16;
L_0x55db669ba6d0 .part v0x55db669b1060_0, 1104, 16;
L_0x55db669ba9e0 .part v0x55db669b1060_0, 1120, 16;
L_0x55db669baab0 .part v0x55db669b1060_0, 1136, 16;
L_0x55db669badd0 .part v0x55db669b1060_0, 1152, 16;
L_0x55db669baea0 .part v0x55db669b1060_0, 1168, 16;
L_0x55db669bb1d0 .part v0x55db669b1060_0, 1184, 16;
L_0x55db669bb2a0 .part v0x55db669b1060_0, 1200, 16;
L_0x55db669bb5e0 .part v0x55db669b1060_0, 1216, 16;
L_0x55db669bb6b0 .part v0x55db669b1060_0, 1232, 16;
L_0x55db669bba00 .part v0x55db669b1060_0, 1248, 16;
L_0x55db669bbad0 .part v0x55db669b1060_0, 1264, 16;
L_0x55db669bbe30 .part v0x55db669b1060_0, 1280, 16;
L_0x55db669bbf00 .part v0x55db669b1060_0, 1296, 16;
L_0x55db669bc270 .part v0x55db669b1060_0, 1312, 16;
L_0x55db669bc340 .part v0x55db669b1060_0, 1328, 16;
L_0x55db669bc6c0 .part v0x55db669b1060_0, 1344, 16;
L_0x55db669bc790 .part v0x55db669b1060_0, 1360, 16;
L_0x55db669bcb20 .part v0x55db669b1060_0, 1376, 16;
L_0x55db669bcbf0 .part v0x55db669b1060_0, 1392, 16;
L_0x55db669bcf90 .part v0x55db669b1060_0, 1408, 16;
L_0x55db669bd060 .part v0x55db669b1060_0, 1424, 16;
L_0x55db669bd410 .part v0x55db669b1060_0, 1440, 16;
L_0x55db669bd4e0 .part v0x55db669b1060_0, 1456, 16;
L_0x55db669bd8a0 .part v0x55db669b1060_0, 1472, 16;
L_0x55db669bd970 .part v0x55db669b1060_0, 1488, 16;
L_0x55db669bdd40 .part v0x55db669b1060_0, 1504, 16;
L_0x55db669bde10 .part v0x55db669b1060_0, 1520, 16;
L_0x55db669be1f0 .part v0x55db669b1060_0, 1536, 16;
L_0x55db669be2c0 .part v0x55db669b1060_0, 1552, 16;
L_0x55db669be6b0 .part v0x55db669b1060_0, 1568, 16;
L_0x55db669be780 .part v0x55db669b1060_0, 1584, 16;
L_0x55db669beb80 .part v0x55db669b1060_0, 1600, 16;
L_0x55db669bec50 .part v0x55db669b1060_0, 1616, 16;
L_0x55db669bf060 .part v0x55db669b1060_0, 1632, 16;
L_0x55db669bf130 .part v0x55db669b1060_0, 1648, 16;
L_0x55db669bf550 .part v0x55db669b1060_0, 1664, 16;
L_0x55db669bf620 .part v0x55db669b1060_0, 1680, 16;
L_0x55db669bfa50 .part v0x55db669b1060_0, 1696, 16;
L_0x55db669bfb20 .part v0x55db669b1060_0, 1712, 16;
L_0x55db669bff60 .part v0x55db669b1060_0, 1728, 16;
L_0x55db669c0030 .part v0x55db669b1060_0, 1744, 16;
L_0x55db669c0480 .part v0x55db669b1060_0, 1760, 16;
L_0x55db669c0550 .part v0x55db669b1060_0, 1776, 16;
L_0x55db669c09b0 .part v0x55db669b1060_0, 1792, 16;
L_0x55db669c0a80 .part v0x55db669b1060_0, 1808, 16;
L_0x55db669c0ef0 .part v0x55db669b1060_0, 1824, 16;
L_0x55db669c0fc0 .part v0x55db669b1060_0, 1840, 16;
L_0x55db669c1440 .part v0x55db669b1060_0, 1856, 16;
L_0x55db669c1510 .part v0x55db669b1060_0, 1872, 16;
L_0x55db669c19a0 .part v0x55db669b1060_0, 1888, 16;
L_0x55db669c1a70 .part v0x55db669b1060_0, 1904, 16;
L_0x55db669c1f10 .part v0x55db669b1060_0, 1920, 16;
L_0x55db669c1fe0 .part v0x55db669b1060_0, 1936, 16;
L_0x55db669c2490 .part v0x55db669b1060_0, 1952, 16;
L_0x55db669c2560 .part v0x55db669b1060_0, 1968, 16;
L_0x55db669c2a20 .part v0x55db669b1060_0, 1984, 16;
L_0x55db669c2af0 .part v0x55db669b1060_0, 2000, 16;
L_0x55db669adac0 .part v0x55db669b1060_0, 2016, 16;
L_0x55db669adb90 .part v0x55db669b1060_0, 2032, 16;
L_0x55db669adc60 .part v0x55db669b1060_0, 2048, 16;
L_0x55db669add30 .part v0x55db669b1060_0, 2064, 16;
L_0x55db669ade00 .part v0x55db669b1060_0, 2080, 16;
L_0x55db669c3bd0 .part v0x55db669b1060_0, 2096, 16;
L_0x55db669b9930 .part v0x55db669b1060_0, 2112, 16;
L_0x55db669b9a00 .part v0x55db669b1060_0, 2128, 16;
L_0x55db669b9ad0 .part v0x55db669b1060_0, 2144, 16;
L_0x55db669b9ba0 .part v0x55db669b1060_0, 2160, 16;
L_0x55db669b9c70 .part v0x55db669b1060_0, 2176, 16;
L_0x55db669c40f0 .part v0x55db669b1060_0, 2192, 16;
L_0x55db669adf10 .part v0x55db669b1060_0, 2208, 16;
L_0x55db669c3ca0 .part v0x55db669b1060_0, 2224, 16;
L_0x55db669c3d70 .part v0x55db669b1060_0, 2240, 16;
L_0x55db669c3e40 .part v0x55db669b1060_0, 2256, 16;
L_0x55db669c3f10 .part v0x55db669b1060_0, 2272, 16;
L_0x55db669c3fe0 .part v0x55db669b1060_0, 2288, 16;
L_0x55db669c4620 .part v0x55db669b1060_0, 2304, 16;
L_0x55db669c46c0 .part v0x55db669b1060_0, 2320, 16;
L_0x55db669ae020 .part v0x55db669b1060_0, 2336, 16;
L_0x55db669c4190 .part v0x55db669b1060_0, 2352, 16;
L_0x55db669c4230 .part v0x55db669b1060_0, 2368, 16;
L_0x55db669c4300 .part v0x55db669b1060_0, 2384, 16;
L_0x55db669c43d0 .part v0x55db669b1060_0, 2400, 16;
L_0x55db669c44a0 .part v0x55db669b1060_0, 2416, 16;
L_0x55db669c4570 .part v0x55db669b1060_0, 2432, 16;
L_0x55db669c4c60 .part v0x55db669b1060_0, 2448, 16;
L_0x55db669ae120 .part v0x55db669b1060_0, 2464, 16;
L_0x55db669c4760 .part v0x55db669b1060_0, 2480, 16;
L_0x55db669c4800 .part v0x55db669b1060_0, 2496, 16;
L_0x55db669c48d0 .part v0x55db669b1060_0, 2512, 16;
L_0x55db669c49a0 .part v0x55db669b1060_0, 2528, 16;
L_0x55db669c4a70 .part v0x55db669b1060_0, 2544, 16;
L_0x55db669c4b40 .part v0x55db669b1060_0, 2560, 16;
L_0x55db669c5240 .part v0x55db669b1060_0, 2576, 16;
L_0x55db669ae220 .part v0x55db669b1060_0, 2592, 16;
L_0x55db669c4d30 .part v0x55db669b1060_0, 2608, 16;
L_0x55db669c4dd0 .part v0x55db669b1060_0, 2624, 16;
L_0x55db669c4ea0 .part v0x55db669b1060_0, 2640, 16;
L_0x55db669c4f70 .part v0x55db669b1060_0, 2656, 16;
L_0x55db669c5040 .part v0x55db669b1060_0, 2672, 16;
L_0x55db669c5110 .part v0x55db669b1060_0, 2688, 16;
L_0x55db669c5860 .part v0x55db669b1060_0, 2704, 16;
L_0x55db669ae320 .part v0x55db669b1060_0, 2720, 16;
L_0x55db669c5310 .part v0x55db669b1060_0, 2736, 16;
L_0x55db669c53e0 .part v0x55db669b1060_0, 2752, 16;
L_0x55db669c54b0 .part v0x55db669b1060_0, 2768, 16;
L_0x55db669c5580 .part v0x55db669b1060_0, 2784, 16;
L_0x55db669c5650 .part v0x55db669b1060_0, 2800, 16;
L_0x55db669c5720 .part v0x55db669b1060_0, 2816, 16;
L_0x55db669c5e90 .part v0x55db669b1060_0, 2832, 16;
L_0x55db669ae3f0 .part v0x55db669b1060_0, 2848, 16;
L_0x55db669c5900 .part v0x55db669b1060_0, 2864, 16;
L_0x55db669c59d0 .part v0x55db669b1060_0, 2880, 16;
L_0x55db669c5aa0 .part v0x55db669b1060_0, 2896, 16;
L_0x55db669c5b70 .part v0x55db669b1060_0, 2912, 16;
L_0x55db669c5c40 .part v0x55db669b1060_0, 2928, 16;
L_0x55db669c5d10 .part v0x55db669b1060_0, 2944, 16;
L_0x55db669c5de0 .part v0x55db669b1060_0, 2960, 16;
L_0x55db669c6510 .part v0x55db669b1060_0, 2976, 16;
L_0x55db669c65b0 .part v0x55db669b1060_0, 2992, 16;
L_0x55db669ae520 .part v0x55db669b1060_0, 3008, 16;
L_0x55db669c5f30 .part v0x55db669b1060_0, 3024, 16;
L_0x55db669c6000 .part v0x55db669b1060_0, 3040, 16;
L_0x55db669c60d0 .part v0x55db669b1060_0, 3056, 16;
L_0x55db669c61a0 .part v0x55db669b1060_0, 3072, 16;
L_0x55db669c6270 .part v0x55db669b1060_0, 3088, 16;
L_0x55db669c6340 .part v0x55db669b1060_0, 3104, 16;
L_0x55db669c6410 .part v0x55db669b1060_0, 3120, 16;
L_0x55db669c6c80 .part v0x55db669b1060_0, 3136, 16;
L_0x55db669c6d20 .part v0x55db669b1060_0, 3152, 16;
L_0x55db669ae5f0 .part v0x55db669b1060_0, 3168, 16;
L_0x55db669ae6c0 .part v0x55db669b1060_0, 3184, 16;
L_0x55db669c6650 .part v0x55db669b1060_0, 3200, 16;
L_0x55db669c6720 .part v0x55db669b1060_0, 3216, 16;
L_0x55db669c67f0 .part v0x55db669b1060_0, 3232, 16;
L_0x55db669c68c0 .part v0x55db669b1060_0, 3248, 16;
L_0x55db669c6990 .part v0x55db669b1060_0, 3264, 16;
L_0x55db669c6a60 .part v0x55db669b1060_0, 3280, 16;
L_0x55db669c6b30 .part v0x55db669b1060_0, 3296, 16;
L_0x55db669c7440 .part v0x55db669b1060_0, 3312, 16;
L_0x55db669ae7a0 .part v0x55db669b1060_0, 3328, 16;
L_0x55db669c6dc0 .part v0x55db669b1060_0, 3344, 16;
L_0x55db669c6e90 .part v0x55db669b1060_0, 3360, 16;
L_0x55db669c6f60 .part v0x55db669b1060_0, 3376, 16;
L_0x55db669c7030 .part v0x55db669b1060_0, 3392, 16;
L_0x55db669c7100 .part v0x55db669b1060_0, 3408, 16;
L_0x55db669c71d0 .part v0x55db669b1060_0, 3424, 16;
L_0x55db669c72a0 .part v0x55db669b1060_0, 3440, 16;
L_0x55db669c7370 .part v0x55db669b1060_0, 3456, 16;
L_0x55db669c7bb0 .part v0x55db669b1060_0, 3472, 16;
L_0x55db669ae870 .part v0x55db669b1060_0, 3488, 16;
L_0x55db669ae940 .part v0x55db669b1060_0, 3504, 16;
L_0x55db669c74e0 .part v0x55db669b1060_0, 3520, 16;
L_0x55db669c75b0 .part v0x55db669b1060_0, 3536, 16;
L_0x55db669c7680 .part v0x55db669b1060_0, 3552, 16;
L_0x55db669c7750 .part v0x55db669b1060_0, 3568, 16;
L_0x55db669c7820 .part v0x55db669b1060_0, 3584, 16;
L_0x55db669c78f0 .part v0x55db669b1060_0, 3600, 16;
L_0x55db669c79c0 .part v0x55db669b1060_0, 3616, 16;
L_0x55db669c7a90 .part v0x55db669b1060_0, 3632, 16;
L_0x55db669c8380 .part v0x55db669b1060_0, 3648, 16;
L_0x55db669c8420 .part v0x55db669b1060_0, 3664, 16;
L_0x55db669aea20 .part v0x55db669b1060_0, 3680, 16;
L_0x55db669aeaf0 .part v0x55db669b1060_0, 3696, 16;
L_0x55db669c7c80 .part v0x55db669b1060_0, 3712, 16;
L_0x55db669c7d50 .part v0x55db669b1060_0, 3728, 16;
L_0x55db669c7e20 .part v0x55db669b1060_0, 3744, 16;
L_0x55db669c7ef0 .part v0x55db669b1060_0, 3760, 16;
L_0x55db669c7fc0 .part v0x55db669b1060_0, 3776, 16;
L_0x55db669c8090 .part v0x55db669b1060_0, 3792, 16;
L_0x55db669c8160 .part v0x55db669b1060_0, 3808, 16;
L_0x55db669c8230 .part v0x55db669b1060_0, 3824, 16;
L_0x55db669c8c80 .part v0x55db669b1060_0, 3840, 16;
L_0x55db669c8d20 .part v0x55db669b1060_0, 3856, 16;
L_0x55db669aeba0 .part v0x55db669b1060_0, 3872, 16;
L_0x55db669aec70 .part v0x55db669b1060_0, 3888, 16;
L_0x55db669c8520 .part v0x55db669b1060_0, 3904, 16;
L_0x55db669c85f0 .part v0x55db669b1060_0, 3920, 16;
L_0x55db669c86c0 .part v0x55db669b1060_0, 3936, 16;
L_0x55db669c8790 .part v0x55db669b1060_0, 3952, 16;
L_0x55db669c8860 .part v0x55db669b1060_0, 3968, 16;
L_0x55db669c8930 .part v0x55db669b1060_0, 3984, 16;
L_0x55db669c8a00 .part v0x55db669b1060_0, 4000, 16;
L_0x55db669c8ad0 .part v0x55db669b1060_0, 4016, 16;
L_0x55db669c8ba0 .part v0x55db669b1060_0, 4032, 16;
L_0x55db669c95b0 .part v0x55db669b1060_0, 4048, 16;
L_0x55db669aed20 .part v0x55db669b1060_0, 4064, 16;
L_0x55db669aedf0 .part v0x55db669b1060_0, 4080, 16;
L_0x55db669c8df0 .part v0x55db669b1060_0, 4096, 16;
L_0x55db669c8ec0 .part v0x55db669b1060_0, 4112, 16;
L_0x55db669c8f90 .part v0x55db669b1060_0, 4128, 16;
L_0x55db669c9060 .part v0x55db669b1060_0, 4144, 16;
L_0x55db669c9130 .part v0x55db669b1060_0, 4160, 16;
L_0x55db669c9200 .part v0x55db669b1060_0, 4176, 16;
L_0x55db669c92d0 .part v0x55db669b1060_0, 4192, 16;
L_0x55db669c93a0 .part v0x55db669b1060_0, 4208, 16;
L_0x55db669c9470 .part v0x55db669b1060_0, 4224, 16;
L_0x55db669c3410 .part v0x55db669b1060_0, 4240, 16;
L_0x55db669aeea0 .part v0x55db669b1060_0, 4256, 16;
L_0x55db669aef70 .part v0x55db669b1060_0, 4272, 16;
L_0x55db669c34e0 .part v0x55db669b1060_0, 4288, 16;
L_0x55db669c35b0 .part v0x55db669b1060_0, 4304, 16;
L_0x55db669c3680 .part v0x55db669b1060_0, 4320, 16;
L_0x55db669c3750 .part v0x55db669b1060_0, 4336, 16;
L_0x55db669c3820 .part v0x55db669b1060_0, 4352, 16;
L_0x55db669c38f0 .part v0x55db669b1060_0, 4368, 16;
L_0x55db669c39c0 .part v0x55db669b1060_0, 4384, 16;
L_0x55db669c3a90 .part v0x55db669b1060_0, 4400, 16;
L_0x55db669c9680 .part v0x55db669b1060_0, 4416, 16;
L_0x55db669c9750 .part v0x55db669b1060_0, 4432, 16;
L_0x55db669c9820 .part v0x55db669b1060_0, 4448, 16;
L_0x55db669c98f0 .part v0x55db669b1060_0, 4464, 16;
L_0x55db669c99c0 .part v0x55db669b1060_0, 4480, 16;
L_0x55db669c9a90 .part v0x55db669b1060_0, 4496, 16;
L_0x55db669c9b60 .part v0x55db669b1060_0, 4512, 16;
L_0x55db669c9c30 .part v0x55db669b1060_0, 4528, 16;
L_0x55db669c9d00 .part v0x55db669b1060_0, 4544, 16;
L_0x55db669c9dd0 .part v0x55db669b1060_0, 4560, 16;
L_0x55db669c2bc0 .part v0x55db669b1060_0, 4576, 16;
L_0x55db669c2c90 .part v0x55db669b1060_0, 4592, 16;
L_0x55db669c2d60 .part v0x55db669b1060_0, 4608, 16;
L_0x55db669c2e30 .part v0x55db669b1060_0, 4624, 16;
L_0x55db669c2f00 .part v0x55db669b1060_0, 4640, 16;
L_0x55db669c2fd0 .part v0x55db669b1060_0, 4656, 16;
L_0x55db669c30a0 .part v0x55db669b1060_0, 4672, 16;
L_0x55db669c3170 .part v0x55db669b1060_0, 4688, 16;
L_0x55db669c3240 .part v0x55db669b1060_0, 4704, 16;
L_0x55db669c3310 .part v0x55db669b1060_0, 4720, 16;
L_0x55db669cc7e0 .part v0x55db669b1060_0, 4736, 16;
L_0x55db669cc880 .part v0x55db669b1060_0, 4752, 16;
L_0x55db669af020 .part v0x55db669b1060_0, 4768, 16;
L_0x55db669af0f0 .part v0x55db669b1060_0, 4784, 16;
L_0x55db669af1c0 .part v0x55db669b1060_0, 4800, 16;
L_0x55db669af290 .part v0x55db669b1060_0, 4816, 16;
L_0x55db669af360 .part v0x55db669b1060_0, 4832, 16;
L_0x55db669cbe90 .part v0x55db669b1060_0, 4848, 16;
L_0x55db669cbf60 .part v0x55db669b1060_0, 4864, 16;
L_0x55db669cc030 .part v0x55db669b1060_0, 4880, 16;
L_0x55db669cc100 .part v0x55db669b1060_0, 4896, 16;
L_0x55db669cc1d0 .part v0x55db669b1060_0, 4912, 16;
L_0x55db669cc2a0 .part v0x55db669b1060_0, 4928, 16;
L_0x55db669cc370 .part v0x55db669b1060_0, 4944, 16;
L_0x55db669cc440 .part v0x55db669b1060_0, 4960, 16;
L_0x55db669cc510 .part v0x55db669b1060_0, 4976, 16;
L_0x55db669cc5e0 .part v0x55db669b1060_0, 4992, 16;
L_0x55db669cc6b0 .part v0x55db669b1060_0, 5008, 16;
L_0x55db669cd300 .part v0x55db669b1060_0, 5024, 16;
L_0x55db669cd3a0 .part v0x55db669b1060_0, 5040, 16;
L_0x55db669af400 .part v0x55db669b1060_0, 5056, 16;
L_0x55db669af4d0 .part v0x55db669b1060_0, 5072, 16;
L_0x55db669af5a0 .part v0x55db669b1060_0, 5088, 16;
L_0x55db669cc950 .part v0x55db669b1060_0, 5104, 16;
L_0x55db669cca20 .part v0x55db669b1060_0, 5120, 16;
L_0x55db669ccaf0 .part v0x55db669b1060_0, 5136, 16;
L_0x55db669ccbc0 .part v0x55db669b1060_0, 5152, 16;
L_0x55db669ccc90 .part v0x55db669b1060_0, 5168, 16;
L_0x55db669ccd60 .part v0x55db669b1060_0, 5184, 16;
L_0x55db669cce30 .part v0x55db669b1060_0, 5200, 16;
L_0x55db669ccf00 .part v0x55db669b1060_0, 5216, 16;
L_0x55db669ccfd0 .part v0x55db669b1060_0, 5232, 16;
L_0x55db669cd0a0 .part v0x55db669b1060_0, 5248, 16;
L_0x55db669cd170 .part v0x55db669b1060_0, 5264, 16;
L_0x55db669cd240 .part v0x55db669b1060_0, 5280, 16;
L_0x55db669cded0 .part v0x55db669b1060_0, 5296, 16;
L_0x55db669af640 .part v0x55db669b1060_0, 5312, 16;
L_0x55db669af710 .part v0x55db669b1060_0, 5328, 16;
L_0x55db669cd440 .part v0x55db669b1060_0, 5344, 16;
L_0x55db669cd510 .part v0x55db669b1060_0, 5360, 16;
L_0x55db669cd5e0 .part v0x55db669b1060_0, 5376, 16;
L_0x55db669cd6b0 .part v0x55db669b1060_0, 5392, 16;
L_0x55db669cd780 .part v0x55db669b1060_0, 5408, 16;
L_0x55db669cd850 .part v0x55db669b1060_0, 5424, 16;
L_0x55db669cd920 .part v0x55db669b1060_0, 5440, 16;
L_0x55db669cd9f0 .part v0x55db669b1060_0, 5456, 16;
L_0x55db669cdac0 .part v0x55db669b1060_0, 5472, 16;
L_0x55db669cdb90 .part v0x55db669b1060_0, 5488, 16;
L_0x55db669cdc60 .part v0x55db669b1060_0, 5504, 16;
L_0x55db669cdd30 .part v0x55db669b1060_0, 5520, 16;
L_0x55db669cde00 .part v0x55db669b1060_0, 5536, 16;
L_0x55db669cea80 .part v0x55db669b1060_0, 5552, 16;
L_0x55db669af840 .part v0x55db669b1060_0, 5568, 16;
L_0x55db669af910 .part v0x55db669b1060_0, 5584, 16;
L_0x55db669cdfa0 .part v0x55db669b1060_0, 5600, 16;
L_0x55db669ce070 .part v0x55db669b1060_0, 5616, 16;
L_0x55db669ce140 .part v0x55db669b1060_0, 5632, 16;
L_0x55db669ce210 .part v0x55db669b1060_0, 5648, 16;
L_0x55db669ce2e0 .part v0x55db669b1060_0, 5664, 16;
L_0x55db669ce3b0 .part v0x55db669b1060_0, 5680, 16;
L_0x55db669ce480 .part v0x55db669b1060_0, 5696, 16;
L_0x55db669ce550 .part v0x55db669b1060_0, 5712, 16;
L_0x55db669ce620 .part v0x55db669b1060_0, 5728, 16;
L_0x55db669ce6f0 .part v0x55db669b1060_0, 5744, 16;
L_0x55db669ce7c0 .part v0x55db669b1060_0, 5760, 16;
L_0x55db669ce890 .part v0x55db669b1060_0, 5776, 16;
L_0x55db669ce960 .part v0x55db669b1060_0, 5792, 16;
L_0x55db669cf680 .part v0x55db669b1060_0, 5808, 16;
L_0x55db669af9e0 .part v0x55db669b1060_0, 5824, 16;
L_0x55db669afab0 .part v0x55db669b1060_0, 5840, 16;
L_0x55db669afb80 .part v0x55db669b1060_0, 5856, 16;
L_0x55db669ceb20 .part v0x55db669b1060_0, 5872, 16;
L_0x55db669cebf0 .part v0x55db669b1060_0, 5888, 16;
L_0x55db669cecc0 .part v0x55db669b1060_0, 5904, 16;
L_0x55db669ced90 .part v0x55db669b1060_0, 5920, 16;
L_0x55db669cee60 .part v0x55db669b1060_0, 5936, 16;
L_0x55db669cef30 .part v0x55db669b1060_0, 5952, 16;
L_0x55db669cf000 .part v0x55db669b1060_0, 5968, 16;
L_0x55db669cf0d0 .part v0x55db669b1060_0, 5984, 16;
L_0x55db669cf1a0 .part v0x55db669b1060_0, 6000, 16;
L_0x55db669cf270 .part v0x55db669b1060_0, 6016, 16;
L_0x55db669cf340 .part v0x55db669b1060_0, 6032, 16;
L_0x55db669cf410 .part v0x55db669b1060_0, 6048, 16;
L_0x55db669cf4e0 .part v0x55db669b1060_0, 6064, 16;
L_0x55db669cf5b0 .part v0x55db669b1060_0, 6080, 16;
L_0x55db669d0310 .part v0x55db669b1060_0, 6096, 16;
L_0x55db669afc60 .part v0x55db669b1060_0, 6112, 16;
L_0x55db669afd30 .part v0x55db669b1060_0, 6128, 16;
L_0x55db669afe00 .part v0x55db669b1060_0, 6144, 16;
L_0x55db669cf750 .part v0x55db669b1060_0, 6160, 16;
L_0x55db669cf820 .part v0x55db669b1060_0, 6176, 16;
L_0x55db669cf8f0 .part v0x55db669b1060_0, 6192, 16;
L_0x55db669cf9c0 .part v0x55db669b1060_0, 6208, 16;
L_0x55db669cfa90 .part v0x55db669b1060_0, 6224, 16;
L_0x55db669cfb60 .part v0x55db669b1060_0, 6240, 16;
L_0x55db669cfc30 .part v0x55db669b1060_0, 6256, 16;
L_0x55db669cfd00 .part v0x55db669b1060_0, 6272, 16;
L_0x55db669cfdd0 .part v0x55db669b1060_0, 6288, 16;
L_0x55db669cfea0 .part v0x55db669b1060_0, 6304, 16;
L_0x55db669cff70 .part v0x55db669b1060_0, 6320, 16;
L_0x55db669d0040 .part v0x55db669b1060_0, 6336, 16;
L_0x55db669d0110 .part v0x55db669b1060_0, 6352, 16;
L_0x55db669d01e0 .part v0x55db669b1060_0, 6368, 16;
L_0x55db669d1060 .part v0x55db669b1060_0, 6384, 16;
L_0x55db669afea0 .part v0x55db669b1060_0, 6400, 16;
L_0x55db669aff40 .part v0x55db669b1060_0, 6416, 16;
L_0x55db669b0010 .part v0x55db669b1060_0, 6432, 16;
L_0x55db669d03e0 .part v0x55db669b1060_0, 6448, 16;
L_0x55db669d04b0 .part v0x55db669b1060_0, 6464, 16;
L_0x55db669d0580 .part v0x55db669b1060_0, 6480, 16;
L_0x55db669d0650 .part v0x55db669b1060_0, 6496, 16;
L_0x55db669d0720 .part v0x55db669b1060_0, 6512, 16;
L_0x55db669d07f0 .part v0x55db669b1060_0, 6528, 16;
L_0x55db669d08c0 .part v0x55db669b1060_0, 6544, 16;
L_0x55db669d0990 .part v0x55db669b1060_0, 6560, 16;
L_0x55db669d0a60 .part v0x55db669b1060_0, 6576, 16;
L_0x55db669d0b30 .part v0x55db669b1060_0, 6592, 16;
L_0x55db669d0c00 .part v0x55db669b1060_0, 6608, 16;
L_0x55db669d0cd0 .part v0x55db669b1060_0, 6624, 16;
L_0x55db669d0da0 .part v0x55db669b1060_0, 6640, 16;
L_0x55db669d0e70 .part v0x55db669b1060_0, 6656, 16;
L_0x55db669d0f40 .part v0x55db669b1060_0, 6672, 16;
L_0x55db669d1e20 .part v0x55db669b1060_0, 6688, 16;
L_0x55db669d1ec0 .part v0x55db669b1060_0, 6704, 16;
L_0x55db669b00e0 .part v0x55db669b1060_0, 6720, 16;
L_0x55db669b01b0 .part v0x55db669b1060_0, 6736, 16;
L_0x55db669b0280 .part v0x55db669b1060_0, 6752, 16;
L_0x55db669d1100 .part v0x55db669b1060_0, 6768, 16;
L_0x55db669d11d0 .part v0x55db669b1060_0, 6784, 16;
L_0x55db669d12a0 .part v0x55db669b1060_0, 6800, 16;
L_0x55db669d1370 .part v0x55db669b1060_0, 6816, 16;
L_0x55db669d1440 .part v0x55db669b1060_0, 6832, 16;
L_0x55db669d1510 .part v0x55db669b1060_0, 6848, 16;
L_0x55db669d15e0 .part v0x55db669b1060_0, 6864, 16;
L_0x55db669d16b0 .part v0x55db669b1060_0, 6880, 16;
L_0x55db669d1780 .part v0x55db669b1060_0, 6896, 16;
L_0x55db669d1850 .part v0x55db669b1060_0, 6912, 16;
L_0x55db669d1920 .part v0x55db669b1060_0, 6928, 16;
L_0x55db669d19f0 .part v0x55db669b1060_0, 6944, 16;
L_0x55db669d1ac0 .part v0x55db669b1060_0, 6960, 16;
L_0x55db669d1b90 .part v0x55db669b1060_0, 6976, 16;
L_0x55db669d1c60 .part v0x55db669b1060_0, 6992, 16;
L_0x55db669d1d30 .part v0x55db669b1060_0, 7008, 16;
L_0x55db669d2d50 .part v0x55db669b1060_0, 7024, 16;
L_0x55db669b0360 .part v0x55db669b1060_0, 7040, 16;
L_0x55db669b0430 .part v0x55db669b1060_0, 7056, 16;
L_0x55db669b0500 .part v0x55db669b1060_0, 7072, 16;
L_0x55db669d1f90 .part v0x55db669b1060_0, 7088, 16;
L_0x55db669d2060 .part v0x55db669b1060_0, 7104, 16;
L_0x55db669d2130 .part v0x55db669b1060_0, 7120, 16;
L_0x55db669d2200 .part v0x55db669b1060_0, 7136, 16;
L_0x55db669d22d0 .part v0x55db669b1060_0, 7152, 16;
L_0x55db669d23a0 .part v0x55db669b1060_0, 7168, 16;
L_0x55db669d2470 .part v0x55db669b1060_0, 7184, 16;
L_0x55db669d2540 .part v0x55db669b1060_0, 7200, 16;
L_0x55db669d2610 .part v0x55db669b1060_0, 7216, 16;
L_0x55db669d26e0 .part v0x55db669b1060_0, 7232, 16;
L_0x55db669d27b0 .part v0x55db669b1060_0, 7248, 16;
L_0x55db669d2880 .part v0x55db669b1060_0, 7264, 16;
L_0x55db669d2950 .part v0x55db669b1060_0, 7280, 16;
L_0x55db669d2a20 .part v0x55db669b1060_0, 7296, 16;
L_0x55db669d2af0 .part v0x55db669b1060_0, 7312, 16;
L_0x55db669d2bc0 .part v0x55db669b1060_0, 7328, 16;
L_0x55db669d2c90 .part v0x55db669b1060_0, 7344, 16;
L_0x55db669b05e0 .part v0x55db669b1060_0, 7360, 16;
L_0x55db669b06b0 .part v0x55db669b1060_0, 7376, 16;
L_0x55db669b0780 .part v0x55db669b1060_0, 7392, 16;
L_0x55db669d2e20 .part v0x55db669b1060_0, 7408, 16;
L_0x55db669d2ef0 .part v0x55db669b1060_0, 7424, 16;
L_0x55db669d2fc0 .part v0x55db669b1060_0, 7440, 16;
L_0x55db669d3090 .part v0x55db669b1060_0, 7456, 16;
L_0x55db669d3160 .part v0x55db669b1060_0, 7472, 16;
L_0x55db669d3230 .part v0x55db669b1060_0, 7488, 16;
L_0x55db669d3300 .part v0x55db669b1060_0, 7504, 16;
L_0x55db669d33d0 .part v0x55db669b1060_0, 7520, 16;
L_0x55db669d34a0 .part v0x55db669b1060_0, 7536, 16;
L_0x55db669d3570 .part v0x55db669b1060_0, 7552, 16;
L_0x55db669d3640 .part v0x55db669b1060_0, 7568, 16;
L_0x55db669d3710 .part v0x55db669b1060_0, 7584, 16;
L_0x55db669d37e0 .part v0x55db669b1060_0, 7600, 16;
L_0x55db669d38b0 .part v0x55db669b1060_0, 7616, 16;
L_0x55db669d3980 .part v0x55db669b1060_0, 7632, 16;
L_0x55db669d3a50 .part v0x55db669b1060_0, 7648, 16;
L_0x55db669d3b20 .part v0x55db669b1060_0, 7664, 16;
L_0x55db669d4bc0 .part v0x55db669b1060_0, 7680, 16;
L_0x55db669d4c60 .part v0x55db669b1060_0, 7696, 16;
L_0x55db669b0860 .part v0x55db669b1060_0, 7712, 16;
L_0x55db669b0900 .part v0x55db669b1060_0, 7728, 16;
L_0x55db669b09d0 .part v0x55db669b1060_0, 7744, 16;
L_0x55db669d3cb0 .part v0x55db669b1060_0, 7760, 16;
L_0x55db669d3d80 .part v0x55db669b1060_0, 7776, 16;
L_0x55db669d3e50 .part v0x55db669b1060_0, 7792, 16;
L_0x55db669d3f20 .part v0x55db669b1060_0, 7808, 16;
L_0x55db669d3ff0 .part v0x55db669b1060_0, 7824, 16;
L_0x55db669d40c0 .part v0x55db669b1060_0, 7840, 16;
L_0x55db669d4190 .part v0x55db669b1060_0, 7856, 16;
L_0x55db669d4260 .part v0x55db669b1060_0, 7872, 16;
L_0x55db669d4330 .part v0x55db669b1060_0, 7888, 16;
L_0x55db669d4400 .part v0x55db669b1060_0, 7904, 16;
L_0x55db669d44d0 .part v0x55db669b1060_0, 7920, 16;
L_0x55db669d45a0 .part v0x55db669b1060_0, 7936, 16;
L_0x55db669d4670 .part v0x55db669b1060_0, 7952, 16;
L_0x55db669d4740 .part v0x55db669b1060_0, 7968, 16;
L_0x55db669d4810 .part v0x55db669b1060_0, 7984, 16;
L_0x55db669d48e0 .part v0x55db669b1060_0, 8000, 16;
L_0x55db669d49b0 .part v0x55db669b1060_0, 8016, 16;
L_0x55db669d4a80 .part v0x55db669b1060_0, 8032, 16;
L_0x55db669d5cc0 .part v0x55db669b1060_0, 8048, 16;
L_0x55db669b0aa0 .part v0x55db669b1060_0, 8064, 16;
L_0x55db669b0b70 .part v0x55db669b1060_0, 8080, 16;
L_0x55db669b0c40 .part v0x55db669b1060_0, 8096, 16;
L_0x55db669b0d10 .part v0x55db669b1060_0, 8112, 16;
L_0x55db669d4d00 .part v0x55db669b1060_0, 8128, 16;
L_0x55db669d4dd0 .part v0x55db669b1060_0, 8144, 16;
L_0x55db669d4ea0 .part v0x55db669b1060_0, 8160, 16;
L_0x55db669d4f70 .part v0x55db669b1060_0, 8176, 16;
L_0x55db669b0de0 .cmp/eq 2, v0x55db669792c0_0, L_0x7f55a6d55018;
S_0x55db669587b0 .scope begin, "$ivl_for_loop6" "$ivl_for_loop6" 5 54, 5 54 0, S_0x55db6675f190;
 .timescale -9 -12;
v0x55db668b2cf0_0 .var/2s "i", 31 0;
S_0x55db66958940 .scope generate, "g_unflat_final[0]" "g_unflat_final[0]" 5 135, 5 135 0, S_0x55db6675f190;
 .timescale -9 -12;
P_0x55db668b27e0 .param/l "gi" 0 5 135, +C4<00>;
S_0x55db66958ad0 .scope generate, "g_unflat_final[1]" "g_unflat_final[1]" 5 135, 5 135 0, S_0x55db6675f190;
 .timescale -9 -12;
P_0x55db668b2290 .param/l "gi" 0 5 135, +C4<01>;
S_0x55db66958c60 .scope generate, "g_unflat_final[2]" "g_unflat_final[2]" 5 135, 5 135 0, S_0x55db6675f190;
 .timescale -9 -12;
P_0x55db668b23a0 .param/l "gi" 0 5 135, +C4<010>;
S_0x55db66958df0 .scope generate, "g_unflat_final[3]" "g_unflat_final[3]" 5 135, 5 135 0, S_0x55db6675f190;
 .timescale -9 -12;
P_0x55db668b1830 .param/l "gi" 0 5 135, +C4<011>;
S_0x55db66958f80 .scope generate, "g_unflat_final[4]" "g_unflat_final[4]" 5 135, 5 135 0, S_0x55db6675f190;
 .timescale -9 -12;
P_0x55db668b1300 .param/l "gi" 0 5 135, +C4<0100>;
S_0x55db66959110 .scope generate, "g_unflat_final[5]" "g_unflat_final[5]" 5 135, 5 135 0, S_0x55db6675f190;
 .timescale -9 -12;
P_0x55db668b0dd0 .param/l "gi" 0 5 135, +C4<0101>;
S_0x55db669592a0 .scope generate, "g_unflat_final[6]" "g_unflat_final[6]" 5 135, 5 135 0, S_0x55db6675f190;
 .timescale -9 -12;
P_0x55db668b08a0 .param/l "gi" 0 5 135, +C4<0110>;
S_0x55db66959430 .scope generate, "g_unflat_final[7]" "g_unflat_final[7]" 5 135, 5 135 0, S_0x55db6675f190;
 .timescale -9 -12;
P_0x55db668b1e40 .param/l "gi" 0 5 135, +C4<0111>;
S_0x55db669595c0 .scope generate, "g_unflat_final[8]" "g_unflat_final[8]" 5 135, 5 135 0, S_0x55db6675f190;
 .timescale -9 -12;
P_0x55db668afe90 .param/l "gi" 0 5 135, +C4<01000>;
S_0x55db66959750 .scope generate, "g_unflat_final[9]" "g_unflat_final[9]" 5 135, 5 135 0, S_0x55db6675f190;
 .timescale -9 -12;
P_0x55db668af960 .param/l "gi" 0 5 135, +C4<01001>;
S_0x55db669598e0 .scope generate, "g_unflat_final[10]" "g_unflat_final[10]" 5 135, 5 135 0, S_0x55db6675f190;
 .timescale -9 -12;
P_0x55db668af430 .param/l "gi" 0 5 135, +C4<01010>;
S_0x55db66959a70 .scope generate, "g_unflat_final[11]" "g_unflat_final[11]" 5 135, 5 135 0, S_0x55db6675f190;
 .timescale -9 -12;
P_0x55db668aef00 .param/l "gi" 0 5 135, +C4<01011>;
S_0x55db66959c00 .scope generate, "g_unflat_final[12]" "g_unflat_final[12]" 5 135, 5 135 0, S_0x55db6675f190;
 .timescale -9 -12;
P_0x55db668ae9d0 .param/l "gi" 0 5 135, +C4<01100>;
S_0x55db66959d90 .scope generate, "g_unflat_final[13]" "g_unflat_final[13]" 5 135, 5 135 0, S_0x55db6675f190;
 .timescale -9 -12;
P_0x55db668ae4a0 .param/l "gi" 0 5 135, +C4<01101>;
S_0x55db66959f20 .scope generate, "g_unflat_final[14]" "g_unflat_final[14]" 5 135, 5 135 0, S_0x55db6675f190;
 .timescale -9 -12;
P_0x55db668adf70 .param/l "gi" 0 5 135, +C4<01110>;
S_0x55db6695a0b0 .scope generate, "g_unflat_final[15]" "g_unflat_final[15]" 5 135, 5 135 0, S_0x55db6675f190;
 .timescale -9 -12;
P_0x55db668ada40 .param/l "gi" 0 5 135, +C4<01111>;
S_0x55db6695a240 .scope generate, "g_unflat_final[16]" "g_unflat_final[16]" 5 135, 5 135 0, S_0x55db6675f190;
 .timescale -9 -12;
P_0x55db668ad510 .param/l "gi" 0 5 135, +C4<010000>;
S_0x55db6695a3d0 .scope generate, "g_unflat_final[17]" "g_unflat_final[17]" 5 135, 5 135 0, S_0x55db6675f190;
 .timescale -9 -12;
P_0x55db668acfe0 .param/l "gi" 0 5 135, +C4<010001>;
S_0x55db6695a560 .scope generate, "g_unflat_final[18]" "g_unflat_final[18]" 5 135, 5 135 0, S_0x55db6675f190;
 .timescale -9 -12;
P_0x55db668acab0 .param/l "gi" 0 5 135, +C4<010010>;
S_0x55db6695a6f0 .scope generate, "g_unflat_final[19]" "g_unflat_final[19]" 5 135, 5 135 0, S_0x55db6675f190;
 .timescale -9 -12;
P_0x55db668ac580 .param/l "gi" 0 5 135, +C4<010011>;
S_0x55db6695a880 .scope generate, "g_unflat_final[20]" "g_unflat_final[20]" 5 135, 5 135 0, S_0x55db6675f190;
 .timescale -9 -12;
P_0x55db668ac050 .param/l "gi" 0 5 135, +C4<010100>;
S_0x55db6695aa10 .scope generate, "g_unflat_final[21]" "g_unflat_final[21]" 5 135, 5 135 0, S_0x55db6675f190;
 .timescale -9 -12;
P_0x55db668abb20 .param/l "gi" 0 5 135, +C4<010101>;
S_0x55db6695aba0 .scope generate, "g_unflat_final[22]" "g_unflat_final[22]" 5 135, 5 135 0, S_0x55db6675f190;
 .timescale -9 -12;
P_0x55db668ab5f0 .param/l "gi" 0 5 135, +C4<010110>;
S_0x55db6695ad30 .scope generate, "g_unflat_final[23]" "g_unflat_final[23]" 5 135, 5 135 0, S_0x55db6675f190;
 .timescale -9 -12;
P_0x55db668ab0c0 .param/l "gi" 0 5 135, +C4<010111>;
S_0x55db6695aec0 .scope generate, "g_unflat_final[24]" "g_unflat_final[24]" 5 135, 5 135 0, S_0x55db6675f190;
 .timescale -9 -12;
P_0x55db668aab90 .param/l "gi" 0 5 135, +C4<011000>;
S_0x55db6695b050 .scope generate, "g_unflat_final[25]" "g_unflat_final[25]" 5 135, 5 135 0, S_0x55db6675f190;
 .timescale -9 -12;
P_0x55db668aa660 .param/l "gi" 0 5 135, +C4<011001>;
S_0x55db6695b1e0 .scope generate, "g_unflat_final[26]" "g_unflat_final[26]" 5 135, 5 135 0, S_0x55db6675f190;
 .timescale -9 -12;
P_0x55db668aa130 .param/l "gi" 0 5 135, +C4<011010>;
S_0x55db6695b370 .scope generate, "g_unflat_final[27]" "g_unflat_final[27]" 5 135, 5 135 0, S_0x55db6675f190;
 .timescale -9 -12;
P_0x55db668a9c00 .param/l "gi" 0 5 135, +C4<011011>;
S_0x55db6695b500 .scope generate, "g_unflat_final[28]" "g_unflat_final[28]" 5 135, 5 135 0, S_0x55db6675f190;
 .timescale -9 -12;
P_0x55db668a96d0 .param/l "gi" 0 5 135, +C4<011100>;
S_0x55db6695b690 .scope generate, "g_unflat_final[29]" "g_unflat_final[29]" 5 135, 5 135 0, S_0x55db6675f190;
 .timescale -9 -12;
P_0x55db668a91a0 .param/l "gi" 0 5 135, +C4<011101>;
S_0x55db6695b820 .scope generate, "g_unflat_final[30]" "g_unflat_final[30]" 5 135, 5 135 0, S_0x55db6675f190;
 .timescale -9 -12;
P_0x55db668a8c70 .param/l "gi" 0 5 135, +C4<011110>;
S_0x55db6695b9b0 .scope generate, "g_unflat_final[31]" "g_unflat_final[31]" 5 135, 5 135 0, S_0x55db6675f190;
 .timescale -9 -12;
P_0x55db668a8740 .param/l "gi" 0 5 135, +C4<011111>;
S_0x55db6695bb40 .scope generate, "g_unflat_final[32]" "g_unflat_final[32]" 5 135, 5 135 0, S_0x55db6675f190;
 .timescale -9 -12;
P_0x55db668a8210 .param/l "gi" 0 5 135, +C4<0100000>;
S_0x55db6695bcd0 .scope generate, "g_unflat_final[33]" "g_unflat_final[33]" 5 135, 5 135 0, S_0x55db6675f190;
 .timescale -9 -12;
P_0x55db668a7c90 .param/l "gi" 0 5 135, +C4<0100001>;
S_0x55db6695be60 .scope generate, "g_unflat_final[34]" "g_unflat_final[34]" 5 135, 5 135 0, S_0x55db6675f190;
 .timescale -9 -12;
P_0x55db668a7760 .param/l "gi" 0 5 135, +C4<0100010>;
S_0x55db6695bff0 .scope generate, "g_unflat_final[35]" "g_unflat_final[35]" 5 135, 5 135 0, S_0x55db6675f190;
 .timescale -9 -12;
P_0x55db668a7230 .param/l "gi" 0 5 135, +C4<0100011>;
S_0x55db6695c180 .scope generate, "g_unflat_final[36]" "g_unflat_final[36]" 5 135, 5 135 0, S_0x55db6675f190;
 .timescale -9 -12;
P_0x55db668a6d00 .param/l "gi" 0 5 135, +C4<0100100>;
S_0x55db6695c310 .scope generate, "g_unflat_final[37]" "g_unflat_final[37]" 5 135, 5 135 0, S_0x55db6675f190;
 .timescale -9 -12;
P_0x55db668a67d0 .param/l "gi" 0 5 135, +C4<0100101>;
S_0x55db6695c4a0 .scope generate, "g_unflat_final[38]" "g_unflat_final[38]" 5 135, 5 135 0, S_0x55db6675f190;
 .timescale -9 -12;
P_0x55db668a62a0 .param/l "gi" 0 5 135, +C4<0100110>;
S_0x55db6695c630 .scope generate, "g_unflat_final[39]" "g_unflat_final[39]" 5 135, 5 135 0, S_0x55db6675f190;
 .timescale -9 -12;
P_0x55db668a5d70 .param/l "gi" 0 5 135, +C4<0100111>;
S_0x55db6695c7c0 .scope generate, "g_unflat_final[40]" "g_unflat_final[40]" 5 135, 5 135 0, S_0x55db6675f190;
 .timescale -9 -12;
P_0x55db668a5840 .param/l "gi" 0 5 135, +C4<0101000>;
S_0x55db6695c950 .scope generate, "g_unflat_final[41]" "g_unflat_final[41]" 5 135, 5 135 0, S_0x55db6675f190;
 .timescale -9 -12;
P_0x55db668a5310 .param/l "gi" 0 5 135, +C4<0101001>;
S_0x55db6695cae0 .scope generate, "g_unflat_final[42]" "g_unflat_final[42]" 5 135, 5 135 0, S_0x55db6675f190;
 .timescale -9 -12;
P_0x55db668a4de0 .param/l "gi" 0 5 135, +C4<0101010>;
S_0x55db6695cc70 .scope generate, "g_unflat_final[43]" "g_unflat_final[43]" 5 135, 5 135 0, S_0x55db6675f190;
 .timescale -9 -12;
P_0x55db668a48b0 .param/l "gi" 0 5 135, +C4<0101011>;
S_0x55db6695ce00 .scope generate, "g_unflat_final[44]" "g_unflat_final[44]" 5 135, 5 135 0, S_0x55db6675f190;
 .timescale -9 -12;
P_0x55db668a4380 .param/l "gi" 0 5 135, +C4<0101100>;
S_0x55db6695cf90 .scope generate, "g_unflat_final[45]" "g_unflat_final[45]" 5 135, 5 135 0, S_0x55db6675f190;
 .timescale -9 -12;
P_0x55db668a3e50 .param/l "gi" 0 5 135, +C4<0101101>;
S_0x55db6695d120 .scope generate, "g_unflat_final[46]" "g_unflat_final[46]" 5 135, 5 135 0, S_0x55db6675f190;
 .timescale -9 -12;
P_0x55db668a3920 .param/l "gi" 0 5 135, +C4<0101110>;
S_0x55db6695d2b0 .scope generate, "g_unflat_final[47]" "g_unflat_final[47]" 5 135, 5 135 0, S_0x55db6675f190;
 .timescale -9 -12;
P_0x55db668a33f0 .param/l "gi" 0 5 135, +C4<0101111>;
S_0x55db6695d440 .scope generate, "g_unflat_final[48]" "g_unflat_final[48]" 5 135, 5 135 0, S_0x55db6675f190;
 .timescale -9 -12;
P_0x55db668a2ec0 .param/l "gi" 0 5 135, +C4<0110000>;
S_0x55db6695d5d0 .scope generate, "g_unflat_final[49]" "g_unflat_final[49]" 5 135, 5 135 0, S_0x55db6675f190;
 .timescale -9 -12;
P_0x55db668a2990 .param/l "gi" 0 5 135, +C4<0110001>;
S_0x55db6695d760 .scope generate, "g_unflat_final[50]" "g_unflat_final[50]" 5 135, 5 135 0, S_0x55db6675f190;
 .timescale -9 -12;
P_0x55db668a2460 .param/l "gi" 0 5 135, +C4<0110010>;
S_0x55db6695d8f0 .scope generate, "g_unflat_final[51]" "g_unflat_final[51]" 5 135, 5 135 0, S_0x55db6675f190;
 .timescale -9 -12;
P_0x55db668a1f30 .param/l "gi" 0 5 135, +C4<0110011>;
S_0x55db6695da80 .scope generate, "g_unflat_final[52]" "g_unflat_final[52]" 5 135, 5 135 0, S_0x55db6675f190;
 .timescale -9 -12;
P_0x55db668a1a00 .param/l "gi" 0 5 135, +C4<0110100>;
S_0x55db6695dc10 .scope generate, "g_unflat_final[53]" "g_unflat_final[53]" 5 135, 5 135 0, S_0x55db6675f190;
 .timescale -9 -12;
P_0x55db668a14d0 .param/l "gi" 0 5 135, +C4<0110101>;
S_0x55db6695dda0 .scope generate, "g_unflat_final[54]" "g_unflat_final[54]" 5 135, 5 135 0, S_0x55db6675f190;
 .timescale -9 -12;
P_0x55db668a0fa0 .param/l "gi" 0 5 135, +C4<0110110>;
S_0x55db6695df30 .scope generate, "g_unflat_final[55]" "g_unflat_final[55]" 5 135, 5 135 0, S_0x55db6675f190;
 .timescale -9 -12;
P_0x55db668a0a70 .param/l "gi" 0 5 135, +C4<0110111>;
S_0x55db6695e0c0 .scope generate, "g_unflat_final[56]" "g_unflat_final[56]" 5 135, 5 135 0, S_0x55db6675f190;
 .timescale -9 -12;
P_0x55db668a0540 .param/l "gi" 0 5 135, +C4<0111000>;
S_0x55db6695e250 .scope generate, "g_unflat_final[57]" "g_unflat_final[57]" 5 135, 5 135 0, S_0x55db6675f190;
 .timescale -9 -12;
P_0x55db668a0010 .param/l "gi" 0 5 135, +C4<0111001>;
S_0x55db6695e3e0 .scope generate, "g_unflat_final[58]" "g_unflat_final[58]" 5 135, 5 135 0, S_0x55db6675f190;
 .timescale -9 -12;
P_0x55db6689fae0 .param/l "gi" 0 5 135, +C4<0111010>;
S_0x55db6695e570 .scope generate, "g_unflat_final[59]" "g_unflat_final[59]" 5 135, 5 135 0, S_0x55db6675f190;
 .timescale -9 -12;
P_0x55db6689f5b0 .param/l "gi" 0 5 135, +C4<0111011>;
S_0x55db6695e700 .scope generate, "g_unflat_final[60]" "g_unflat_final[60]" 5 135, 5 135 0, S_0x55db6675f190;
 .timescale -9 -12;
P_0x55db6689f080 .param/l "gi" 0 5 135, +C4<0111100>;
S_0x55db6695e890 .scope generate, "g_unflat_final[61]" "g_unflat_final[61]" 5 135, 5 135 0, S_0x55db6675f190;
 .timescale -9 -12;
P_0x55db6689eb50 .param/l "gi" 0 5 135, +C4<0111101>;
S_0x55db6695ea20 .scope generate, "g_unflat_final[62]" "g_unflat_final[62]" 5 135, 5 135 0, S_0x55db6675f190;
 .timescale -9 -12;
P_0x55db6689e620 .param/l "gi" 0 5 135, +C4<0111110>;
S_0x55db6695ebb0 .scope generate, "g_unflat_final[63]" "g_unflat_final[63]" 5 135, 5 135 0, S_0x55db6675f190;
 .timescale -9 -12;
P_0x55db6689e0f0 .param/l "gi" 0 5 135, +C4<0111111>;
S_0x55db6695ed40 .scope generate, "g_unflat_final[64]" "g_unflat_final[64]" 5 135, 5 135 0, S_0x55db6675f190;
 .timescale -9 -12;
P_0x55db6689dbc0 .param/l "gi" 0 5 135, +C4<01000000>;
S_0x55db6695eed0 .scope generate, "g_unflat_final[65]" "g_unflat_final[65]" 5 135, 5 135 0, S_0x55db6675f190;
 .timescale -9 -12;
P_0x55db6689d690 .param/l "gi" 0 5 135, +C4<01000001>;
S_0x55db6695f060 .scope generate, "g_unflat_final[66]" "g_unflat_final[66]" 5 135, 5 135 0, S_0x55db6675f190;
 .timescale -9 -12;
P_0x55db6689d160 .param/l "gi" 0 5 135, +C4<01000010>;
S_0x55db6695f1f0 .scope generate, "g_unflat_final[67]" "g_unflat_final[67]" 5 135, 5 135 0, S_0x55db6675f190;
 .timescale -9 -12;
P_0x55db6689cc30 .param/l "gi" 0 5 135, +C4<01000011>;
S_0x55db6695f380 .scope generate, "g_unflat_final[68]" "g_unflat_final[68]" 5 135, 5 135 0, S_0x55db6675f190;
 .timescale -9 -12;
P_0x55db6689c700 .param/l "gi" 0 5 135, +C4<01000100>;
S_0x55db6695f510 .scope generate, "g_unflat_final[69]" "g_unflat_final[69]" 5 135, 5 135 0, S_0x55db6675f190;
 .timescale -9 -12;
P_0x55db6689c1d0 .param/l "gi" 0 5 135, +C4<01000101>;
S_0x55db6695f6a0 .scope generate, "g_unflat_final[70]" "g_unflat_final[70]" 5 135, 5 135 0, S_0x55db6675f190;
 .timescale -9 -12;
P_0x55db6689bca0 .param/l "gi" 0 5 135, +C4<01000110>;
S_0x55db6695f830 .scope generate, "g_unflat_final[71]" "g_unflat_final[71]" 5 135, 5 135 0, S_0x55db6675f190;
 .timescale -9 -12;
P_0x55db6689b770 .param/l "gi" 0 5 135, +C4<01000111>;
S_0x55db6695f9c0 .scope generate, "g_unflat_final[72]" "g_unflat_final[72]" 5 135, 5 135 0, S_0x55db6675f190;
 .timescale -9 -12;
P_0x55db6689b240 .param/l "gi" 0 5 135, +C4<01001000>;
S_0x55db6695fb50 .scope generate, "g_unflat_final[73]" "g_unflat_final[73]" 5 135, 5 135 0, S_0x55db6675f190;
 .timescale -9 -12;
P_0x55db6689ad10 .param/l "gi" 0 5 135, +C4<01001001>;
S_0x55db6695fce0 .scope generate, "g_unflat_final[74]" "g_unflat_final[74]" 5 135, 5 135 0, S_0x55db6675f190;
 .timescale -9 -12;
P_0x55db6689a7e0 .param/l "gi" 0 5 135, +C4<01001010>;
S_0x55db6695fe70 .scope generate, "g_unflat_final[75]" "g_unflat_final[75]" 5 135, 5 135 0, S_0x55db6675f190;
 .timescale -9 -12;
P_0x55db6689a2b0 .param/l "gi" 0 5 135, +C4<01001011>;
S_0x55db66960000 .scope generate, "g_unflat_final[76]" "g_unflat_final[76]" 5 135, 5 135 0, S_0x55db6675f190;
 .timescale -9 -12;
P_0x55db66899d80 .param/l "gi" 0 5 135, +C4<01001100>;
S_0x55db66960190 .scope generate, "g_unflat_final[77]" "g_unflat_final[77]" 5 135, 5 135 0, S_0x55db6675f190;
 .timescale -9 -12;
P_0x55db66899850 .param/l "gi" 0 5 135, +C4<01001101>;
S_0x55db66960320 .scope generate, "g_unflat_final[78]" "g_unflat_final[78]" 5 135, 5 135 0, S_0x55db6675f190;
 .timescale -9 -12;
P_0x55db66899320 .param/l "gi" 0 5 135, +C4<01001110>;
S_0x55db669604b0 .scope generate, "g_unflat_final[79]" "g_unflat_final[79]" 5 135, 5 135 0, S_0x55db6675f190;
 .timescale -9 -12;
P_0x55db66898df0 .param/l "gi" 0 5 135, +C4<01001111>;
S_0x55db66960640 .scope generate, "g_unflat_final[80]" "g_unflat_final[80]" 5 135, 5 135 0, S_0x55db6675f190;
 .timescale -9 -12;
P_0x55db668988c0 .param/l "gi" 0 5 135, +C4<01010000>;
S_0x55db669607d0 .scope generate, "g_unflat_final[81]" "g_unflat_final[81]" 5 135, 5 135 0, S_0x55db6675f190;
 .timescale -9 -12;
P_0x55db66898390 .param/l "gi" 0 5 135, +C4<01010001>;
S_0x55db66960960 .scope generate, "g_unflat_final[82]" "g_unflat_final[82]" 5 135, 5 135 0, S_0x55db6675f190;
 .timescale -9 -12;
P_0x55db66897e60 .param/l "gi" 0 5 135, +C4<01010010>;
S_0x55db66960af0 .scope generate, "g_unflat_final[83]" "g_unflat_final[83]" 5 135, 5 135 0, S_0x55db6675f190;
 .timescale -9 -12;
P_0x55db66897930 .param/l "gi" 0 5 135, +C4<01010011>;
S_0x55db66960c80 .scope generate, "g_unflat_final[84]" "g_unflat_final[84]" 5 135, 5 135 0, S_0x55db6675f190;
 .timescale -9 -12;
P_0x55db66897400 .param/l "gi" 0 5 135, +C4<01010100>;
S_0x55db66960e10 .scope generate, "g_unflat_final[85]" "g_unflat_final[85]" 5 135, 5 135 0, S_0x55db6675f190;
 .timescale -9 -12;
P_0x55db66896ed0 .param/l "gi" 0 5 135, +C4<01010101>;
S_0x55db66960fa0 .scope generate, "g_unflat_final[86]" "g_unflat_final[86]" 5 135, 5 135 0, S_0x55db6675f190;
 .timescale -9 -12;
P_0x55db668969a0 .param/l "gi" 0 5 135, +C4<01010110>;
S_0x55db66961130 .scope generate, "g_unflat_final[87]" "g_unflat_final[87]" 5 135, 5 135 0, S_0x55db6675f190;
 .timescale -9 -12;
P_0x55db66896470 .param/l "gi" 0 5 135, +C4<01010111>;
S_0x55db669612c0 .scope generate, "g_unflat_final[88]" "g_unflat_final[88]" 5 135, 5 135 0, S_0x55db6675f190;
 .timescale -9 -12;
P_0x55db66895f40 .param/l "gi" 0 5 135, +C4<01011000>;
S_0x55db66961450 .scope generate, "g_unflat_final[89]" "g_unflat_final[89]" 5 135, 5 135 0, S_0x55db6675f190;
 .timescale -9 -12;
P_0x55db66895a10 .param/l "gi" 0 5 135, +C4<01011001>;
S_0x55db669615e0 .scope generate, "g_unflat_final[90]" "g_unflat_final[90]" 5 135, 5 135 0, S_0x55db6675f190;
 .timescale -9 -12;
P_0x55db668954e0 .param/l "gi" 0 5 135, +C4<01011010>;
S_0x55db66961770 .scope generate, "g_unflat_final[91]" "g_unflat_final[91]" 5 135, 5 135 0, S_0x55db6675f190;
 .timescale -9 -12;
P_0x55db66894fb0 .param/l "gi" 0 5 135, +C4<01011011>;
S_0x55db66961900 .scope generate, "g_unflat_final[92]" "g_unflat_final[92]" 5 135, 5 135 0, S_0x55db6675f190;
 .timescale -9 -12;
P_0x55db66894a80 .param/l "gi" 0 5 135, +C4<01011100>;
S_0x55db66961a90 .scope generate, "g_unflat_final[93]" "g_unflat_final[93]" 5 135, 5 135 0, S_0x55db6675f190;
 .timescale -9 -12;
P_0x55db66894550 .param/l "gi" 0 5 135, +C4<01011101>;
S_0x55db66961c20 .scope generate, "g_unflat_final[94]" "g_unflat_final[94]" 5 135, 5 135 0, S_0x55db6675f190;
 .timescale -9 -12;
P_0x55db66894020 .param/l "gi" 0 5 135, +C4<01011110>;
S_0x55db66961db0 .scope generate, "g_unflat_final[95]" "g_unflat_final[95]" 5 135, 5 135 0, S_0x55db6675f190;
 .timescale -9 -12;
P_0x55db66893af0 .param/l "gi" 0 5 135, +C4<01011111>;
S_0x55db66961f40 .scope generate, "g_unflat_final[96]" "g_unflat_final[96]" 5 135, 5 135 0, S_0x55db6675f190;
 .timescale -9 -12;
P_0x55db668935c0 .param/l "gi" 0 5 135, +C4<01100000>;
S_0x55db669620d0 .scope generate, "g_unflat_final[97]" "g_unflat_final[97]" 5 135, 5 135 0, S_0x55db6675f190;
 .timescale -9 -12;
P_0x55db66893090 .param/l "gi" 0 5 135, +C4<01100001>;
S_0x55db66962260 .scope generate, "g_unflat_final[98]" "g_unflat_final[98]" 5 135, 5 135 0, S_0x55db6675f190;
 .timescale -9 -12;
P_0x55db66892b60 .param/l "gi" 0 5 135, +C4<01100010>;
S_0x55db669623f0 .scope generate, "g_unflat_final[99]" "g_unflat_final[99]" 5 135, 5 135 0, S_0x55db6675f190;
 .timescale -9 -12;
P_0x55db66892630 .param/l "gi" 0 5 135, +C4<01100011>;
S_0x55db66962580 .scope generate, "g_unflat_final[100]" "g_unflat_final[100]" 5 135, 5 135 0, S_0x55db6675f190;
 .timescale -9 -12;
P_0x55db66892100 .param/l "gi" 0 5 135, +C4<01100100>;
S_0x55db66962710 .scope generate, "g_unflat_final[101]" "g_unflat_final[101]" 5 135, 5 135 0, S_0x55db6675f190;
 .timescale -9 -12;
P_0x55db66891bd0 .param/l "gi" 0 5 135, +C4<01100101>;
S_0x55db669628a0 .scope generate, "g_unflat_final[102]" "g_unflat_final[102]" 5 135, 5 135 0, S_0x55db6675f190;
 .timescale -9 -12;
P_0x55db668916a0 .param/l "gi" 0 5 135, +C4<01100110>;
S_0x55db66962a30 .scope generate, "g_unflat_final[103]" "g_unflat_final[103]" 5 135, 5 135 0, S_0x55db6675f190;
 .timescale -9 -12;
P_0x55db66891170 .param/l "gi" 0 5 135, +C4<01100111>;
S_0x55db66962bc0 .scope generate, "g_unflat_final[104]" "g_unflat_final[104]" 5 135, 5 135 0, S_0x55db6675f190;
 .timescale -9 -12;
P_0x55db66890c40 .param/l "gi" 0 5 135, +C4<01101000>;
S_0x55db66962d50 .scope generate, "g_unflat_final[105]" "g_unflat_final[105]" 5 135, 5 135 0, S_0x55db6675f190;
 .timescale -9 -12;
P_0x55db66890710 .param/l "gi" 0 5 135, +C4<01101001>;
S_0x55db66962ee0 .scope generate, "g_unflat_final[106]" "g_unflat_final[106]" 5 135, 5 135 0, S_0x55db6675f190;
 .timescale -9 -12;
P_0x55db668901e0 .param/l "gi" 0 5 135, +C4<01101010>;
S_0x55db66963070 .scope generate, "g_unflat_final[107]" "g_unflat_final[107]" 5 135, 5 135 0, S_0x55db6675f190;
 .timescale -9 -12;
P_0x55db6688fcb0 .param/l "gi" 0 5 135, +C4<01101011>;
S_0x55db66963200 .scope generate, "g_unflat_final[108]" "g_unflat_final[108]" 5 135, 5 135 0, S_0x55db6675f190;
 .timescale -9 -12;
P_0x55db6688f780 .param/l "gi" 0 5 135, +C4<01101100>;
S_0x55db66963390 .scope generate, "g_unflat_final[109]" "g_unflat_final[109]" 5 135, 5 135 0, S_0x55db6675f190;
 .timescale -9 -12;
P_0x55db6688f250 .param/l "gi" 0 5 135, +C4<01101101>;
S_0x55db66963520 .scope generate, "g_unflat_final[110]" "g_unflat_final[110]" 5 135, 5 135 0, S_0x55db6675f190;
 .timescale -9 -12;
P_0x55db6688ed20 .param/l "gi" 0 5 135, +C4<01101110>;
S_0x55db669636b0 .scope generate, "g_unflat_final[111]" "g_unflat_final[111]" 5 135, 5 135 0, S_0x55db6675f190;
 .timescale -9 -12;
P_0x55db6688e7f0 .param/l "gi" 0 5 135, +C4<01101111>;
S_0x55db66963840 .scope generate, "g_unflat_final[112]" "g_unflat_final[112]" 5 135, 5 135 0, S_0x55db6675f190;
 .timescale -9 -12;
P_0x55db6688e2c0 .param/l "gi" 0 5 135, +C4<01110000>;
S_0x55db669639d0 .scope generate, "g_unflat_final[113]" "g_unflat_final[113]" 5 135, 5 135 0, S_0x55db6675f190;
 .timescale -9 -12;
P_0x55db6688dd90 .param/l "gi" 0 5 135, +C4<01110001>;
S_0x55db66963b60 .scope generate, "g_unflat_final[114]" "g_unflat_final[114]" 5 135, 5 135 0, S_0x55db6675f190;
 .timescale -9 -12;
P_0x55db6688d860 .param/l "gi" 0 5 135, +C4<01110010>;
S_0x55db66963cf0 .scope generate, "g_unflat_final[115]" "g_unflat_final[115]" 5 135, 5 135 0, S_0x55db6675f190;
 .timescale -9 -12;
P_0x55db6688d330 .param/l "gi" 0 5 135, +C4<01110011>;
S_0x55db66963e80 .scope generate, "g_unflat_final[116]" "g_unflat_final[116]" 5 135, 5 135 0, S_0x55db6675f190;
 .timescale -9 -12;
P_0x55db6688ce00 .param/l "gi" 0 5 135, +C4<01110100>;
S_0x55db66964010 .scope generate, "g_unflat_final[117]" "g_unflat_final[117]" 5 135, 5 135 0, S_0x55db6675f190;
 .timescale -9 -12;
P_0x55db6688c8d0 .param/l "gi" 0 5 135, +C4<01110101>;
S_0x55db669641a0 .scope generate, "g_unflat_final[118]" "g_unflat_final[118]" 5 135, 5 135 0, S_0x55db6675f190;
 .timescale -9 -12;
P_0x55db6688c3a0 .param/l "gi" 0 5 135, +C4<01110110>;
S_0x55db66964330 .scope generate, "g_unflat_final[119]" "g_unflat_final[119]" 5 135, 5 135 0, S_0x55db6675f190;
 .timescale -9 -12;
P_0x55db6688be70 .param/l "gi" 0 5 135, +C4<01110111>;
S_0x55db669644c0 .scope generate, "g_unflat_final[120]" "g_unflat_final[120]" 5 135, 5 135 0, S_0x55db6675f190;
 .timescale -9 -12;
P_0x55db6688b940 .param/l "gi" 0 5 135, +C4<01111000>;
S_0x55db66964650 .scope generate, "g_unflat_final[121]" "g_unflat_final[121]" 5 135, 5 135 0, S_0x55db6675f190;
 .timescale -9 -12;
P_0x55db6688b410 .param/l "gi" 0 5 135, +C4<01111001>;
S_0x55db669647e0 .scope generate, "g_unflat_final[122]" "g_unflat_final[122]" 5 135, 5 135 0, S_0x55db6675f190;
 .timescale -9 -12;
P_0x55db6688aee0 .param/l "gi" 0 5 135, +C4<01111010>;
S_0x55db66964970 .scope generate, "g_unflat_final[123]" "g_unflat_final[123]" 5 135, 5 135 0, S_0x55db6675f190;
 .timescale -9 -12;
P_0x55db6688a9b0 .param/l "gi" 0 5 135, +C4<01111011>;
S_0x55db66964b00 .scope generate, "g_unflat_final[124]" "g_unflat_final[124]" 5 135, 5 135 0, S_0x55db6675f190;
 .timescale -9 -12;
P_0x55db6688a480 .param/l "gi" 0 5 135, +C4<01111100>;
S_0x55db66964c90 .scope generate, "g_unflat_final[125]" "g_unflat_final[125]" 5 135, 5 135 0, S_0x55db6675f190;
 .timescale -9 -12;
P_0x55db66889f50 .param/l "gi" 0 5 135, +C4<01111101>;
S_0x55db66964e20 .scope generate, "g_unflat_final[126]" "g_unflat_final[126]" 5 135, 5 135 0, S_0x55db6675f190;
 .timescale -9 -12;
P_0x55db66889a20 .param/l "gi" 0 5 135, +C4<01111110>;
S_0x55db66964fb0 .scope generate, "g_unflat_final[127]" "g_unflat_final[127]" 5 135, 5 135 0, S_0x55db6675f190;
 .timescale -9 -12;
P_0x55db668894f0 .param/l "gi" 0 5 135, +C4<01111111>;
S_0x55db66965950 .scope generate, "g_unflat_final[128]" "g_unflat_final[128]" 5 135, 5 135 0, S_0x55db6675f190;
 .timescale -9 -12;
P_0x55db66888fc0 .param/l "gi" 0 5 135, +C4<010000000>;
S_0x55db66965ae0 .scope generate, "g_unflat_final[129]" "g_unflat_final[129]" 5 135, 5 135 0, S_0x55db6675f190;
 .timescale -9 -12;
P_0x55db66888b20 .param/l "gi" 0 5 135, +C4<010000001>;
S_0x55db66965c70 .scope generate, "g_unflat_final[130]" "g_unflat_final[130]" 5 135, 5 135 0, S_0x55db6675f190;
 .timescale -9 -12;
P_0x55db6687a0b0 .param/l "gi" 0 5 135, +C4<010000010>;
S_0x55db66965e00 .scope generate, "g_unflat_final[131]" "g_unflat_final[131]" 5 135, 5 135 0, S_0x55db6675f190;
 .timescale -9 -12;
P_0x55db66879c70 .param/l "gi" 0 5 135, +C4<010000011>;
S_0x55db66965f90 .scope generate, "g_unflat_final[132]" "g_unflat_final[132]" 5 135, 5 135 0, S_0x55db6675f190;
 .timescale -9 -12;
P_0x55db66879830 .param/l "gi" 0 5 135, +C4<010000100>;
S_0x55db66966120 .scope generate, "g_unflat_final[133]" "g_unflat_final[133]" 5 135, 5 135 0, S_0x55db6675f190;
 .timescale -9 -12;
P_0x55db668793f0 .param/l "gi" 0 5 135, +C4<010000101>;
S_0x55db669662b0 .scope generate, "g_unflat_final[134]" "g_unflat_final[134]" 5 135, 5 135 0, S_0x55db6675f190;
 .timescale -9 -12;
P_0x55db66878fb0 .param/l "gi" 0 5 135, +C4<010000110>;
S_0x55db66966440 .scope generate, "g_unflat_final[135]" "g_unflat_final[135]" 5 135, 5 135 0, S_0x55db6675f190;
 .timescale -9 -12;
P_0x55db66878b70 .param/l "gi" 0 5 135, +C4<010000111>;
S_0x55db669665d0 .scope generate, "g_unflat_final[136]" "g_unflat_final[136]" 5 135, 5 135 0, S_0x55db6675f190;
 .timescale -9 -12;
P_0x55db66878730 .param/l "gi" 0 5 135, +C4<010001000>;
S_0x55db66966760 .scope generate, "g_unflat_final[137]" "g_unflat_final[137]" 5 135, 5 135 0, S_0x55db6675f190;
 .timescale -9 -12;
P_0x55db668782f0 .param/l "gi" 0 5 135, +C4<010001001>;
S_0x55db669668f0 .scope generate, "g_unflat_final[138]" "g_unflat_final[138]" 5 135, 5 135 0, S_0x55db6675f190;
 .timescale -9 -12;
P_0x55db66877eb0 .param/l "gi" 0 5 135, +C4<010001010>;
S_0x55db66966a80 .scope generate, "g_unflat_final[139]" "g_unflat_final[139]" 5 135, 5 135 0, S_0x55db6675f190;
 .timescale -9 -12;
P_0x55db66877a70 .param/l "gi" 0 5 135, +C4<010001011>;
S_0x55db66966c10 .scope generate, "g_unflat_final[140]" "g_unflat_final[140]" 5 135, 5 135 0, S_0x55db6675f190;
 .timescale -9 -12;
P_0x55db66877630 .param/l "gi" 0 5 135, +C4<010001100>;
S_0x55db66966da0 .scope generate, "g_unflat_final[141]" "g_unflat_final[141]" 5 135, 5 135 0, S_0x55db6675f190;
 .timescale -9 -12;
P_0x55db668771f0 .param/l "gi" 0 5 135, +C4<010001101>;
S_0x55db66966f30 .scope generate, "g_unflat_final[142]" "g_unflat_final[142]" 5 135, 5 135 0, S_0x55db6675f190;
 .timescale -9 -12;
P_0x55db66876db0 .param/l "gi" 0 5 135, +C4<010001110>;
S_0x55db669670c0 .scope generate, "g_unflat_final[143]" "g_unflat_final[143]" 5 135, 5 135 0, S_0x55db6675f190;
 .timescale -9 -12;
P_0x55db66876970 .param/l "gi" 0 5 135, +C4<010001111>;
S_0x55db66967250 .scope generate, "g_unflat_final[144]" "g_unflat_final[144]" 5 135, 5 135 0, S_0x55db6675f190;
 .timescale -9 -12;
P_0x55db66876590 .param/l "gi" 0 5 135, +C4<010010000>;
S_0x55db669673e0 .scope generate, "g_unflat_final[145]" "g_unflat_final[145]" 5 135, 5 135 0, S_0x55db6675f190;
 .timescale -9 -12;
P_0x55db66859bd0 .param/l "gi" 0 5 135, +C4<010010001>;
S_0x55db66967570 .scope generate, "g_unflat_final[146]" "g_unflat_final[146]" 5 135, 5 135 0, S_0x55db6675f190;
 .timescale -9 -12;
P_0x55db66859830 .param/l "gi" 0 5 135, +C4<010010010>;
S_0x55db66967700 .scope generate, "g_unflat_final[147]" "g_unflat_final[147]" 5 135, 5 135 0, S_0x55db6675f190;
 .timescale -9 -12;
P_0x55db66859490 .param/l "gi" 0 5 135, +C4<010010011>;
S_0x55db66967890 .scope generate, "g_unflat_final[148]" "g_unflat_final[148]" 5 135, 5 135 0, S_0x55db6675f190;
 .timescale -9 -12;
P_0x55db6692c400 .param/l "gi" 0 5 135, +C4<010010100>;
S_0x55db66967a20 .scope generate, "g_unflat_final[149]" "g_unflat_final[149]" 5 135, 5 135 0, S_0x55db6675f190;
 .timescale -9 -12;
P_0x55db66967bb0 .param/l "gi" 0 5 135, +C4<010010101>;
S_0x55db66967c50 .scope generate, "g_unflat_final[150]" "g_unflat_final[150]" 5 135, 5 135 0, S_0x55db6675f190;
 .timescale -9 -12;
P_0x55db66967e30 .param/l "gi" 0 5 135, +C4<010010110>;
S_0x55db66967ed0 .scope generate, "g_unflat_final[151]" "g_unflat_final[151]" 5 135, 5 135 0, S_0x55db6675f190;
 .timescale -9 -12;
P_0x55db669680b0 .param/l "gi" 0 5 135, +C4<010010111>;
S_0x55db66968150 .scope generate, "g_unflat_final[152]" "g_unflat_final[152]" 5 135, 5 135 0, S_0x55db6675f190;
 .timescale -9 -12;
P_0x55db66968330 .param/l "gi" 0 5 135, +C4<010011000>;
S_0x55db669683d0 .scope generate, "g_unflat_final[153]" "g_unflat_final[153]" 5 135, 5 135 0, S_0x55db6675f190;
 .timescale -9 -12;
P_0x55db669685b0 .param/l "gi" 0 5 135, +C4<010011001>;
S_0x55db66968650 .scope generate, "g_unflat_final[154]" "g_unflat_final[154]" 5 135, 5 135 0, S_0x55db6675f190;
 .timescale -9 -12;
P_0x55db66968830 .param/l "gi" 0 5 135, +C4<010011010>;
S_0x55db669688d0 .scope generate, "g_unflat_final[155]" "g_unflat_final[155]" 5 135, 5 135 0, S_0x55db6675f190;
 .timescale -9 -12;
P_0x55db66968ab0 .param/l "gi" 0 5 135, +C4<010011011>;
S_0x55db66968b50 .scope generate, "g_unflat_final[156]" "g_unflat_final[156]" 5 135, 5 135 0, S_0x55db6675f190;
 .timescale -9 -12;
P_0x55db66968d30 .param/l "gi" 0 5 135, +C4<010011100>;
S_0x55db66968dd0 .scope generate, "g_unflat_final[157]" "g_unflat_final[157]" 5 135, 5 135 0, S_0x55db6675f190;
 .timescale -9 -12;
P_0x55db66968fb0 .param/l "gi" 0 5 135, +C4<010011101>;
S_0x55db66969050 .scope generate, "g_unflat_final[158]" "g_unflat_final[158]" 5 135, 5 135 0, S_0x55db6675f190;
 .timescale -9 -12;
P_0x55db66969230 .param/l "gi" 0 5 135, +C4<010011110>;
S_0x55db669692d0 .scope generate, "g_unflat_final[159]" "g_unflat_final[159]" 5 135, 5 135 0, S_0x55db6675f190;
 .timescale -9 -12;
P_0x55db669694b0 .param/l "gi" 0 5 135, +C4<010011111>;
S_0x55db66969550 .scope generate, "g_unflat_final[160]" "g_unflat_final[160]" 5 135, 5 135 0, S_0x55db6675f190;
 .timescale -9 -12;
P_0x55db66969730 .param/l "gi" 0 5 135, +C4<010100000>;
S_0x55db669697d0 .scope generate, "g_unflat_final[161]" "g_unflat_final[161]" 5 135, 5 135 0, S_0x55db6675f190;
 .timescale -9 -12;
P_0x55db669699b0 .param/l "gi" 0 5 135, +C4<010100001>;
S_0x55db66969a50 .scope generate, "g_unflat_final[162]" "g_unflat_final[162]" 5 135, 5 135 0, S_0x55db6675f190;
 .timescale -9 -12;
P_0x55db66969c30 .param/l "gi" 0 5 135, +C4<010100010>;
S_0x55db66969cd0 .scope generate, "g_unflat_final[163]" "g_unflat_final[163]" 5 135, 5 135 0, S_0x55db6675f190;
 .timescale -9 -12;
P_0x55db66969eb0 .param/l "gi" 0 5 135, +C4<010100011>;
S_0x55db66969f50 .scope generate, "g_unflat_final[164]" "g_unflat_final[164]" 5 135, 5 135 0, S_0x55db6675f190;
 .timescale -9 -12;
P_0x55db6696a130 .param/l "gi" 0 5 135, +C4<010100100>;
S_0x55db6696a1d0 .scope generate, "g_unflat_final[165]" "g_unflat_final[165]" 5 135, 5 135 0, S_0x55db6675f190;
 .timescale -9 -12;
P_0x55db6696a3b0 .param/l "gi" 0 5 135, +C4<010100101>;
S_0x55db6696a450 .scope generate, "g_unflat_final[166]" "g_unflat_final[166]" 5 135, 5 135 0, S_0x55db6675f190;
 .timescale -9 -12;
P_0x55db6696a630 .param/l "gi" 0 5 135, +C4<010100110>;
S_0x55db6696a6d0 .scope generate, "g_unflat_final[167]" "g_unflat_final[167]" 5 135, 5 135 0, S_0x55db6675f190;
 .timescale -9 -12;
P_0x55db6696a8b0 .param/l "gi" 0 5 135, +C4<010100111>;
S_0x55db6696a950 .scope generate, "g_unflat_final[168]" "g_unflat_final[168]" 5 135, 5 135 0, S_0x55db6675f190;
 .timescale -9 -12;
P_0x55db6696ab30 .param/l "gi" 0 5 135, +C4<010101000>;
S_0x55db6696abd0 .scope generate, "g_unflat_final[169]" "g_unflat_final[169]" 5 135, 5 135 0, S_0x55db6675f190;
 .timescale -9 -12;
P_0x55db6696adb0 .param/l "gi" 0 5 135, +C4<010101001>;
S_0x55db6696ae50 .scope generate, "g_unflat_final[170]" "g_unflat_final[170]" 5 135, 5 135 0, S_0x55db6675f190;
 .timescale -9 -12;
P_0x55db6696b030 .param/l "gi" 0 5 135, +C4<010101010>;
S_0x55db6696b0d0 .scope generate, "g_unflat_final[171]" "g_unflat_final[171]" 5 135, 5 135 0, S_0x55db6675f190;
 .timescale -9 -12;
P_0x55db6696b2b0 .param/l "gi" 0 5 135, +C4<010101011>;
S_0x55db6696b350 .scope generate, "g_unflat_final[172]" "g_unflat_final[172]" 5 135, 5 135 0, S_0x55db6675f190;
 .timescale -9 -12;
P_0x55db6696b530 .param/l "gi" 0 5 135, +C4<010101100>;
S_0x55db6696b5d0 .scope generate, "g_unflat_final[173]" "g_unflat_final[173]" 5 135, 5 135 0, S_0x55db6675f190;
 .timescale -9 -12;
P_0x55db6696b7b0 .param/l "gi" 0 5 135, +C4<010101101>;
S_0x55db6696b850 .scope generate, "g_unflat_final[174]" "g_unflat_final[174]" 5 135, 5 135 0, S_0x55db6675f190;
 .timescale -9 -12;
P_0x55db6696ba30 .param/l "gi" 0 5 135, +C4<010101110>;
S_0x55db6696bad0 .scope generate, "g_unflat_final[175]" "g_unflat_final[175]" 5 135, 5 135 0, S_0x55db6675f190;
 .timescale -9 -12;
P_0x55db6696bcb0 .param/l "gi" 0 5 135, +C4<010101111>;
S_0x55db6696bd50 .scope generate, "g_unflat_final[176]" "g_unflat_final[176]" 5 135, 5 135 0, S_0x55db6675f190;
 .timescale -9 -12;
P_0x55db6696bf30 .param/l "gi" 0 5 135, +C4<010110000>;
S_0x55db6696bfd0 .scope generate, "g_unflat_final[177]" "g_unflat_final[177]" 5 135, 5 135 0, S_0x55db6675f190;
 .timescale -9 -12;
P_0x55db6696c1b0 .param/l "gi" 0 5 135, +C4<010110001>;
S_0x55db6696c250 .scope generate, "g_unflat_final[178]" "g_unflat_final[178]" 5 135, 5 135 0, S_0x55db6675f190;
 .timescale -9 -12;
P_0x55db6696c430 .param/l "gi" 0 5 135, +C4<010110010>;
S_0x55db6696c4d0 .scope generate, "g_unflat_final[179]" "g_unflat_final[179]" 5 135, 5 135 0, S_0x55db6675f190;
 .timescale -9 -12;
P_0x55db6696c6b0 .param/l "gi" 0 5 135, +C4<010110011>;
S_0x55db6696c750 .scope generate, "g_unflat_final[180]" "g_unflat_final[180]" 5 135, 5 135 0, S_0x55db6675f190;
 .timescale -9 -12;
P_0x55db6696c930 .param/l "gi" 0 5 135, +C4<010110100>;
S_0x55db6696c9d0 .scope generate, "g_unflat_final[181]" "g_unflat_final[181]" 5 135, 5 135 0, S_0x55db6675f190;
 .timescale -9 -12;
P_0x55db6696cbb0 .param/l "gi" 0 5 135, +C4<010110101>;
S_0x55db6696cc50 .scope generate, "g_unflat_final[182]" "g_unflat_final[182]" 5 135, 5 135 0, S_0x55db6675f190;
 .timescale -9 -12;
P_0x55db6696ce30 .param/l "gi" 0 5 135, +C4<010110110>;
S_0x55db6696ced0 .scope generate, "g_unflat_final[183]" "g_unflat_final[183]" 5 135, 5 135 0, S_0x55db6675f190;
 .timescale -9 -12;
P_0x55db6696d0b0 .param/l "gi" 0 5 135, +C4<010110111>;
S_0x55db6696d150 .scope generate, "g_unflat_final[184]" "g_unflat_final[184]" 5 135, 5 135 0, S_0x55db6675f190;
 .timescale -9 -12;
P_0x55db6696d330 .param/l "gi" 0 5 135, +C4<010111000>;
S_0x55db6696d3d0 .scope generate, "g_unflat_final[185]" "g_unflat_final[185]" 5 135, 5 135 0, S_0x55db6675f190;
 .timescale -9 -12;
P_0x55db6696d5b0 .param/l "gi" 0 5 135, +C4<010111001>;
S_0x55db6696d650 .scope generate, "g_unflat_final[186]" "g_unflat_final[186]" 5 135, 5 135 0, S_0x55db6675f190;
 .timescale -9 -12;
P_0x55db6696d830 .param/l "gi" 0 5 135, +C4<010111010>;
S_0x55db6696d8d0 .scope generate, "g_unflat_final[187]" "g_unflat_final[187]" 5 135, 5 135 0, S_0x55db6675f190;
 .timescale -9 -12;
P_0x55db6696dab0 .param/l "gi" 0 5 135, +C4<010111011>;
S_0x55db6696db50 .scope generate, "g_unflat_final[188]" "g_unflat_final[188]" 5 135, 5 135 0, S_0x55db6675f190;
 .timescale -9 -12;
P_0x55db6696dd30 .param/l "gi" 0 5 135, +C4<010111100>;
S_0x55db6696ddd0 .scope generate, "g_unflat_final[189]" "g_unflat_final[189]" 5 135, 5 135 0, S_0x55db6675f190;
 .timescale -9 -12;
P_0x55db6696dfb0 .param/l "gi" 0 5 135, +C4<010111101>;
S_0x55db6696e050 .scope generate, "g_unflat_final[190]" "g_unflat_final[190]" 5 135, 5 135 0, S_0x55db6675f190;
 .timescale -9 -12;
P_0x55db6696e230 .param/l "gi" 0 5 135, +C4<010111110>;
S_0x55db6696e2d0 .scope generate, "g_unflat_final[191]" "g_unflat_final[191]" 5 135, 5 135 0, S_0x55db6675f190;
 .timescale -9 -12;
P_0x55db6696e4b0 .param/l "gi" 0 5 135, +C4<010111111>;
S_0x55db6696e550 .scope generate, "g_unflat_final[192]" "g_unflat_final[192]" 5 135, 5 135 0, S_0x55db6675f190;
 .timescale -9 -12;
P_0x55db6696e730 .param/l "gi" 0 5 135, +C4<011000000>;
S_0x55db6696e7d0 .scope generate, "g_unflat_final[193]" "g_unflat_final[193]" 5 135, 5 135 0, S_0x55db6675f190;
 .timescale -9 -12;
P_0x55db6696e9b0 .param/l "gi" 0 5 135, +C4<011000001>;
S_0x55db6696ea50 .scope generate, "g_unflat_final[194]" "g_unflat_final[194]" 5 135, 5 135 0, S_0x55db6675f190;
 .timescale -9 -12;
P_0x55db6696ec30 .param/l "gi" 0 5 135, +C4<011000010>;
S_0x55db6696ecd0 .scope generate, "g_unflat_final[195]" "g_unflat_final[195]" 5 135, 5 135 0, S_0x55db6675f190;
 .timescale -9 -12;
P_0x55db6696eeb0 .param/l "gi" 0 5 135, +C4<011000011>;
S_0x55db6696ef50 .scope generate, "g_unflat_final[196]" "g_unflat_final[196]" 5 135, 5 135 0, S_0x55db6675f190;
 .timescale -9 -12;
P_0x55db6696f130 .param/l "gi" 0 5 135, +C4<011000100>;
S_0x55db6696f1d0 .scope generate, "g_unflat_final[197]" "g_unflat_final[197]" 5 135, 5 135 0, S_0x55db6675f190;
 .timescale -9 -12;
P_0x55db6696f3b0 .param/l "gi" 0 5 135, +C4<011000101>;
S_0x55db6696f450 .scope generate, "g_unflat_final[198]" "g_unflat_final[198]" 5 135, 5 135 0, S_0x55db6675f190;
 .timescale -9 -12;
P_0x55db6696f630 .param/l "gi" 0 5 135, +C4<011000110>;
S_0x55db6696f6d0 .scope generate, "g_unflat_final[199]" "g_unflat_final[199]" 5 135, 5 135 0, S_0x55db6675f190;
 .timescale -9 -12;
P_0x55db6696f8b0 .param/l "gi" 0 5 135, +C4<011000111>;
S_0x55db6696f950 .scope generate, "g_unflat_final[200]" "g_unflat_final[200]" 5 135, 5 135 0, S_0x55db6675f190;
 .timescale -9 -12;
P_0x55db6696fb30 .param/l "gi" 0 5 135, +C4<011001000>;
S_0x55db6696fbd0 .scope generate, "g_unflat_final[201]" "g_unflat_final[201]" 5 135, 5 135 0, S_0x55db6675f190;
 .timescale -9 -12;
P_0x55db6696fdb0 .param/l "gi" 0 5 135, +C4<011001001>;
S_0x55db6696fe50 .scope generate, "g_unflat_final[202]" "g_unflat_final[202]" 5 135, 5 135 0, S_0x55db6675f190;
 .timescale -9 -12;
P_0x55db66970030 .param/l "gi" 0 5 135, +C4<011001010>;
S_0x55db669700d0 .scope generate, "g_unflat_final[203]" "g_unflat_final[203]" 5 135, 5 135 0, S_0x55db6675f190;
 .timescale -9 -12;
P_0x55db669702b0 .param/l "gi" 0 5 135, +C4<011001011>;
S_0x55db66970350 .scope generate, "g_unflat_final[204]" "g_unflat_final[204]" 5 135, 5 135 0, S_0x55db6675f190;
 .timescale -9 -12;
P_0x55db66970530 .param/l "gi" 0 5 135, +C4<011001100>;
S_0x55db669705d0 .scope generate, "g_unflat_final[205]" "g_unflat_final[205]" 5 135, 5 135 0, S_0x55db6675f190;
 .timescale -9 -12;
P_0x55db669707b0 .param/l "gi" 0 5 135, +C4<011001101>;
S_0x55db66970850 .scope generate, "g_unflat_final[206]" "g_unflat_final[206]" 5 135, 5 135 0, S_0x55db6675f190;
 .timescale -9 -12;
P_0x55db66970a30 .param/l "gi" 0 5 135, +C4<011001110>;
S_0x55db66970ad0 .scope generate, "g_unflat_final[207]" "g_unflat_final[207]" 5 135, 5 135 0, S_0x55db6675f190;
 .timescale -9 -12;
P_0x55db66970cb0 .param/l "gi" 0 5 135, +C4<011001111>;
S_0x55db66970d50 .scope generate, "g_unflat_final[208]" "g_unflat_final[208]" 5 135, 5 135 0, S_0x55db6675f190;
 .timescale -9 -12;
P_0x55db66970f30 .param/l "gi" 0 5 135, +C4<011010000>;
S_0x55db66970fd0 .scope generate, "g_unflat_final[209]" "g_unflat_final[209]" 5 135, 5 135 0, S_0x55db6675f190;
 .timescale -9 -12;
P_0x55db669711b0 .param/l "gi" 0 5 135, +C4<011010001>;
S_0x55db66971250 .scope generate, "g_unflat_final[210]" "g_unflat_final[210]" 5 135, 5 135 0, S_0x55db6675f190;
 .timescale -9 -12;
P_0x55db66971430 .param/l "gi" 0 5 135, +C4<011010010>;
S_0x55db669714d0 .scope generate, "g_unflat_final[211]" "g_unflat_final[211]" 5 135, 5 135 0, S_0x55db6675f190;
 .timescale -9 -12;
P_0x55db669716b0 .param/l "gi" 0 5 135, +C4<011010011>;
S_0x55db66971750 .scope generate, "g_unflat_final[212]" "g_unflat_final[212]" 5 135, 5 135 0, S_0x55db6675f190;
 .timescale -9 -12;
P_0x55db66971930 .param/l "gi" 0 5 135, +C4<011010100>;
S_0x55db669719d0 .scope generate, "g_unflat_final[213]" "g_unflat_final[213]" 5 135, 5 135 0, S_0x55db6675f190;
 .timescale -9 -12;
P_0x55db66971bb0 .param/l "gi" 0 5 135, +C4<011010101>;
S_0x55db66971c50 .scope generate, "g_unflat_final[214]" "g_unflat_final[214]" 5 135, 5 135 0, S_0x55db6675f190;
 .timescale -9 -12;
P_0x55db66971e30 .param/l "gi" 0 5 135, +C4<011010110>;
S_0x55db66971ed0 .scope generate, "g_unflat_final[215]" "g_unflat_final[215]" 5 135, 5 135 0, S_0x55db6675f190;
 .timescale -9 -12;
P_0x55db669720b0 .param/l "gi" 0 5 135, +C4<011010111>;
S_0x55db66972150 .scope generate, "g_unflat_final[216]" "g_unflat_final[216]" 5 135, 5 135 0, S_0x55db6675f190;
 .timescale -9 -12;
P_0x55db66972330 .param/l "gi" 0 5 135, +C4<011011000>;
S_0x55db669723d0 .scope generate, "g_unflat_final[217]" "g_unflat_final[217]" 5 135, 5 135 0, S_0x55db6675f190;
 .timescale -9 -12;
P_0x55db669725b0 .param/l "gi" 0 5 135, +C4<011011001>;
S_0x55db66972650 .scope generate, "g_unflat_final[218]" "g_unflat_final[218]" 5 135, 5 135 0, S_0x55db6675f190;
 .timescale -9 -12;
P_0x55db66972830 .param/l "gi" 0 5 135, +C4<011011010>;
S_0x55db669728d0 .scope generate, "g_unflat_final[219]" "g_unflat_final[219]" 5 135, 5 135 0, S_0x55db6675f190;
 .timescale -9 -12;
P_0x55db66972ab0 .param/l "gi" 0 5 135, +C4<011011011>;
S_0x55db66972b50 .scope generate, "g_unflat_final[220]" "g_unflat_final[220]" 5 135, 5 135 0, S_0x55db6675f190;
 .timescale -9 -12;
P_0x55db66972d30 .param/l "gi" 0 5 135, +C4<011011100>;
S_0x55db66972dd0 .scope generate, "g_unflat_final[221]" "g_unflat_final[221]" 5 135, 5 135 0, S_0x55db6675f190;
 .timescale -9 -12;
P_0x55db66972fb0 .param/l "gi" 0 5 135, +C4<011011101>;
S_0x55db66973050 .scope generate, "g_unflat_final[222]" "g_unflat_final[222]" 5 135, 5 135 0, S_0x55db6675f190;
 .timescale -9 -12;
P_0x55db66973230 .param/l "gi" 0 5 135, +C4<011011110>;
S_0x55db669732d0 .scope generate, "g_unflat_final[223]" "g_unflat_final[223]" 5 135, 5 135 0, S_0x55db6675f190;
 .timescale -9 -12;
P_0x55db669734d0 .param/l "gi" 0 5 135, +C4<011011111>;
S_0x55db66973590 .scope generate, "g_unflat_final[224]" "g_unflat_final[224]" 5 135, 5 135 0, S_0x55db6675f190;
 .timescale -9 -12;
P_0x55db66973790 .param/l "gi" 0 5 135, +C4<011100000>;
S_0x55db66973850 .scope generate, "g_unflat_final[225]" "g_unflat_final[225]" 5 135, 5 135 0, S_0x55db6675f190;
 .timescale -9 -12;
P_0x55db66973a50 .param/l "gi" 0 5 135, +C4<011100001>;
S_0x55db66973b10 .scope generate, "g_unflat_final[226]" "g_unflat_final[226]" 5 135, 5 135 0, S_0x55db6675f190;
 .timescale -9 -12;
P_0x55db66973d10 .param/l "gi" 0 5 135, +C4<011100010>;
S_0x55db66973dd0 .scope generate, "g_unflat_final[227]" "g_unflat_final[227]" 5 135, 5 135 0, S_0x55db6675f190;
 .timescale -9 -12;
P_0x55db66973fd0 .param/l "gi" 0 5 135, +C4<011100011>;
S_0x55db66974090 .scope generate, "g_unflat_final[228]" "g_unflat_final[228]" 5 135, 5 135 0, S_0x55db6675f190;
 .timescale -9 -12;
P_0x55db66974290 .param/l "gi" 0 5 135, +C4<011100100>;
S_0x55db66974350 .scope generate, "g_unflat_final[229]" "g_unflat_final[229]" 5 135, 5 135 0, S_0x55db6675f190;
 .timescale -9 -12;
P_0x55db66974550 .param/l "gi" 0 5 135, +C4<011100101>;
S_0x55db66974610 .scope generate, "g_unflat_final[230]" "g_unflat_final[230]" 5 135, 5 135 0, S_0x55db6675f190;
 .timescale -9 -12;
P_0x55db66974810 .param/l "gi" 0 5 135, +C4<011100110>;
S_0x55db669748d0 .scope generate, "g_unflat_final[231]" "g_unflat_final[231]" 5 135, 5 135 0, S_0x55db6675f190;
 .timescale -9 -12;
P_0x55db66974ad0 .param/l "gi" 0 5 135, +C4<011100111>;
S_0x55db66974b90 .scope generate, "g_unflat_final[232]" "g_unflat_final[232]" 5 135, 5 135 0, S_0x55db6675f190;
 .timescale -9 -12;
P_0x55db66974d90 .param/l "gi" 0 5 135, +C4<011101000>;
S_0x55db66974e50 .scope generate, "g_unflat_final[233]" "g_unflat_final[233]" 5 135, 5 135 0, S_0x55db6675f190;
 .timescale -9 -12;
P_0x55db66975050 .param/l "gi" 0 5 135, +C4<011101001>;
S_0x55db66975110 .scope generate, "g_unflat_final[234]" "g_unflat_final[234]" 5 135, 5 135 0, S_0x55db6675f190;
 .timescale -9 -12;
P_0x55db66975310 .param/l "gi" 0 5 135, +C4<011101010>;
S_0x55db669753d0 .scope generate, "g_unflat_final[235]" "g_unflat_final[235]" 5 135, 5 135 0, S_0x55db6675f190;
 .timescale -9 -12;
P_0x55db669755d0 .param/l "gi" 0 5 135, +C4<011101011>;
S_0x55db66975690 .scope generate, "g_unflat_final[236]" "g_unflat_final[236]" 5 135, 5 135 0, S_0x55db6675f190;
 .timescale -9 -12;
P_0x55db66975890 .param/l "gi" 0 5 135, +C4<011101100>;
S_0x55db66975950 .scope generate, "g_unflat_final[237]" "g_unflat_final[237]" 5 135, 5 135 0, S_0x55db6675f190;
 .timescale -9 -12;
P_0x55db66975b50 .param/l "gi" 0 5 135, +C4<011101101>;
S_0x55db66975c10 .scope generate, "g_unflat_final[238]" "g_unflat_final[238]" 5 135, 5 135 0, S_0x55db6675f190;
 .timescale -9 -12;
P_0x55db66975e10 .param/l "gi" 0 5 135, +C4<011101110>;
S_0x55db66975ed0 .scope generate, "g_unflat_final[239]" "g_unflat_final[239]" 5 135, 5 135 0, S_0x55db6675f190;
 .timescale -9 -12;
P_0x55db669760d0 .param/l "gi" 0 5 135, +C4<011101111>;
S_0x55db66976190 .scope generate, "g_unflat_final[240]" "g_unflat_final[240]" 5 135, 5 135 0, S_0x55db6675f190;
 .timescale -9 -12;
P_0x55db66976390 .param/l "gi" 0 5 135, +C4<011110000>;
S_0x55db66976450 .scope generate, "g_unflat_final[241]" "g_unflat_final[241]" 5 135, 5 135 0, S_0x55db6675f190;
 .timescale -9 -12;
P_0x55db66976650 .param/l "gi" 0 5 135, +C4<011110001>;
S_0x55db66976710 .scope generate, "g_unflat_final[242]" "g_unflat_final[242]" 5 135, 5 135 0, S_0x55db6675f190;
 .timescale -9 -12;
P_0x55db66976910 .param/l "gi" 0 5 135, +C4<011110010>;
S_0x55db669769d0 .scope generate, "g_unflat_final[243]" "g_unflat_final[243]" 5 135, 5 135 0, S_0x55db6675f190;
 .timescale -9 -12;
P_0x55db66976bd0 .param/l "gi" 0 5 135, +C4<011110011>;
S_0x55db66976c90 .scope generate, "g_unflat_final[244]" "g_unflat_final[244]" 5 135, 5 135 0, S_0x55db6675f190;
 .timescale -9 -12;
P_0x55db66976e90 .param/l "gi" 0 5 135, +C4<011110100>;
S_0x55db66976f50 .scope generate, "g_unflat_final[245]" "g_unflat_final[245]" 5 135, 5 135 0, S_0x55db6675f190;
 .timescale -9 -12;
P_0x55db66977150 .param/l "gi" 0 5 135, +C4<011110101>;
S_0x55db66977210 .scope generate, "g_unflat_final[246]" "g_unflat_final[246]" 5 135, 5 135 0, S_0x55db6675f190;
 .timescale -9 -12;
P_0x55db66977410 .param/l "gi" 0 5 135, +C4<011110110>;
S_0x55db669774d0 .scope generate, "g_unflat_final[247]" "g_unflat_final[247]" 5 135, 5 135 0, S_0x55db6675f190;
 .timescale -9 -12;
P_0x55db669776d0 .param/l "gi" 0 5 135, +C4<011110111>;
S_0x55db66977790 .scope generate, "g_unflat_final[248]" "g_unflat_final[248]" 5 135, 5 135 0, S_0x55db6675f190;
 .timescale -9 -12;
P_0x55db66977990 .param/l "gi" 0 5 135, +C4<011111000>;
S_0x55db66977a50 .scope generate, "g_unflat_final[249]" "g_unflat_final[249]" 5 135, 5 135 0, S_0x55db6675f190;
 .timescale -9 -12;
P_0x55db66977c50 .param/l "gi" 0 5 135, +C4<011111001>;
S_0x55db66977d10 .scope generate, "g_unflat_final[250]" "g_unflat_final[250]" 5 135, 5 135 0, S_0x55db6675f190;
 .timescale -9 -12;
P_0x55db66977f10 .param/l "gi" 0 5 135, +C4<011111010>;
S_0x55db66977fd0 .scope generate, "g_unflat_final[251]" "g_unflat_final[251]" 5 135, 5 135 0, S_0x55db6675f190;
 .timescale -9 -12;
P_0x55db669781d0 .param/l "gi" 0 5 135, +C4<011111011>;
S_0x55db66978290 .scope generate, "g_unflat_final[252]" "g_unflat_final[252]" 5 135, 5 135 0, S_0x55db6675f190;
 .timescale -9 -12;
P_0x55db66978490 .param/l "gi" 0 5 135, +C4<011111100>;
S_0x55db66978550 .scope generate, "g_unflat_final[253]" "g_unflat_final[253]" 5 135, 5 135 0, S_0x55db6675f190;
 .timescale -9 -12;
P_0x55db66978750 .param/l "gi" 0 5 135, +C4<011111101>;
S_0x55db66978810 .scope generate, "g_unflat_final[254]" "g_unflat_final[254]" 5 135, 5 135 0, S_0x55db6675f190;
 .timescale -9 -12;
P_0x55db66978a10 .param/l "gi" 0 5 135, +C4<011111110>;
S_0x55db66978ad0 .scope generate, "g_unflat_final[255]" "g_unflat_final[255]" 5 135, 5 135 0, S_0x55db6675f190;
 .timescale -9 -12;
P_0x55db66965140 .param/l "gi" 0 5 135, +C4<011111111>;
S_0x55db66965200 .scope generate, "g_unflat_final[256]" "g_unflat_final[256]" 5 135, 5 135 0, S_0x55db6675f190;
 .timescale -9 -12;
P_0x55db66965400 .param/l "gi" 0 5 135, +C4<0100000000>;
S_0x55db669654c0 .scope generate, "g_unflat_final[257]" "g_unflat_final[257]" 5 135, 5 135 0, S_0x55db6675f190;
 .timescale -9 -12;
P_0x55db669656c0 .param/l "gi" 0 5 135, +C4<0100000001>;
S_0x55db66965780 .scope generate, "g_unflat_final[258]" "g_unflat_final[258]" 5 135, 5 135 0, S_0x55db6675f190;
 .timescale -9 -12;
P_0x55db66979d30 .param/l "gi" 0 5 135, +C4<0100000010>;
S_0x55db66979dd0 .scope generate, "g_unflat_final[259]" "g_unflat_final[259]" 5 135, 5 135 0, S_0x55db6675f190;
 .timescale -9 -12;
P_0x55db66979fd0 .param/l "gi" 0 5 135, +C4<0100000011>;
S_0x55db6697a090 .scope generate, "g_unflat_final[260]" "g_unflat_final[260]" 5 135, 5 135 0, S_0x55db6675f190;
 .timescale -9 -12;
P_0x55db6697a290 .param/l "gi" 0 5 135, +C4<0100000100>;
S_0x55db6697a350 .scope generate, "g_unflat_final[261]" "g_unflat_final[261]" 5 135, 5 135 0, S_0x55db6675f190;
 .timescale -9 -12;
P_0x55db6697a550 .param/l "gi" 0 5 135, +C4<0100000101>;
S_0x55db6697a610 .scope generate, "g_unflat_final[262]" "g_unflat_final[262]" 5 135, 5 135 0, S_0x55db6675f190;
 .timescale -9 -12;
P_0x55db6697a810 .param/l "gi" 0 5 135, +C4<0100000110>;
S_0x55db6697a8d0 .scope generate, "g_unflat_final[263]" "g_unflat_final[263]" 5 135, 5 135 0, S_0x55db6675f190;
 .timescale -9 -12;
P_0x55db6697aad0 .param/l "gi" 0 5 135, +C4<0100000111>;
S_0x55db6697ab90 .scope generate, "g_unflat_final[264]" "g_unflat_final[264]" 5 135, 5 135 0, S_0x55db6675f190;
 .timescale -9 -12;
P_0x55db6697ad90 .param/l "gi" 0 5 135, +C4<0100001000>;
S_0x55db6697ae50 .scope generate, "g_unflat_final[265]" "g_unflat_final[265]" 5 135, 5 135 0, S_0x55db6675f190;
 .timescale -9 -12;
P_0x55db6697b050 .param/l "gi" 0 5 135, +C4<0100001001>;
S_0x55db6697b110 .scope generate, "g_unflat_final[266]" "g_unflat_final[266]" 5 135, 5 135 0, S_0x55db6675f190;
 .timescale -9 -12;
P_0x55db6697b310 .param/l "gi" 0 5 135, +C4<0100001010>;
S_0x55db6697b3d0 .scope generate, "g_unflat_final[267]" "g_unflat_final[267]" 5 135, 5 135 0, S_0x55db6675f190;
 .timescale -9 -12;
P_0x55db6697b5d0 .param/l "gi" 0 5 135, +C4<0100001011>;
S_0x55db6697b690 .scope generate, "g_unflat_final[268]" "g_unflat_final[268]" 5 135, 5 135 0, S_0x55db6675f190;
 .timescale -9 -12;
P_0x55db6697b890 .param/l "gi" 0 5 135, +C4<0100001100>;
S_0x55db6697b950 .scope generate, "g_unflat_final[269]" "g_unflat_final[269]" 5 135, 5 135 0, S_0x55db6675f190;
 .timescale -9 -12;
P_0x55db6697bb50 .param/l "gi" 0 5 135, +C4<0100001101>;
S_0x55db6697bc10 .scope generate, "g_unflat_final[270]" "g_unflat_final[270]" 5 135, 5 135 0, S_0x55db6675f190;
 .timescale -9 -12;
P_0x55db6697be10 .param/l "gi" 0 5 135, +C4<0100001110>;
S_0x55db6697bed0 .scope generate, "g_unflat_final[271]" "g_unflat_final[271]" 5 135, 5 135 0, S_0x55db6675f190;
 .timescale -9 -12;
P_0x55db6697c0d0 .param/l "gi" 0 5 135, +C4<0100001111>;
S_0x55db6697c190 .scope generate, "g_unflat_final[272]" "g_unflat_final[272]" 5 135, 5 135 0, S_0x55db6675f190;
 .timescale -9 -12;
P_0x55db6697c390 .param/l "gi" 0 5 135, +C4<0100010000>;
S_0x55db6697c450 .scope generate, "g_unflat_final[273]" "g_unflat_final[273]" 5 135, 5 135 0, S_0x55db6675f190;
 .timescale -9 -12;
P_0x55db6697c650 .param/l "gi" 0 5 135, +C4<0100010001>;
S_0x55db6697c710 .scope generate, "g_unflat_final[274]" "g_unflat_final[274]" 5 135, 5 135 0, S_0x55db6675f190;
 .timescale -9 -12;
P_0x55db6697c910 .param/l "gi" 0 5 135, +C4<0100010010>;
S_0x55db6697c9d0 .scope generate, "g_unflat_final[275]" "g_unflat_final[275]" 5 135, 5 135 0, S_0x55db6675f190;
 .timescale -9 -12;
P_0x55db6697cbd0 .param/l "gi" 0 5 135, +C4<0100010011>;
S_0x55db6697cc90 .scope generate, "g_unflat_final[276]" "g_unflat_final[276]" 5 135, 5 135 0, S_0x55db6675f190;
 .timescale -9 -12;
P_0x55db6697ce90 .param/l "gi" 0 5 135, +C4<0100010100>;
S_0x55db6697cf50 .scope generate, "g_unflat_final[277]" "g_unflat_final[277]" 5 135, 5 135 0, S_0x55db6675f190;
 .timescale -9 -12;
P_0x55db6697d150 .param/l "gi" 0 5 135, +C4<0100010101>;
S_0x55db6697d210 .scope generate, "g_unflat_final[278]" "g_unflat_final[278]" 5 135, 5 135 0, S_0x55db6675f190;
 .timescale -9 -12;
P_0x55db6697d410 .param/l "gi" 0 5 135, +C4<0100010110>;
S_0x55db6697d4d0 .scope generate, "g_unflat_final[279]" "g_unflat_final[279]" 5 135, 5 135 0, S_0x55db6675f190;
 .timescale -9 -12;
P_0x55db6697d6d0 .param/l "gi" 0 5 135, +C4<0100010111>;
S_0x55db6697d790 .scope generate, "g_unflat_final[280]" "g_unflat_final[280]" 5 135, 5 135 0, S_0x55db6675f190;
 .timescale -9 -12;
P_0x55db6697d990 .param/l "gi" 0 5 135, +C4<0100011000>;
S_0x55db6697da50 .scope generate, "g_unflat_final[281]" "g_unflat_final[281]" 5 135, 5 135 0, S_0x55db6675f190;
 .timescale -9 -12;
P_0x55db6697dc50 .param/l "gi" 0 5 135, +C4<0100011001>;
S_0x55db6697dd10 .scope generate, "g_unflat_final[282]" "g_unflat_final[282]" 5 135, 5 135 0, S_0x55db6675f190;
 .timescale -9 -12;
P_0x55db6697df10 .param/l "gi" 0 5 135, +C4<0100011010>;
S_0x55db6697dfd0 .scope generate, "g_unflat_final[283]" "g_unflat_final[283]" 5 135, 5 135 0, S_0x55db6675f190;
 .timescale -9 -12;
P_0x55db6697e1d0 .param/l "gi" 0 5 135, +C4<0100011011>;
S_0x55db6697e290 .scope generate, "g_unflat_final[284]" "g_unflat_final[284]" 5 135, 5 135 0, S_0x55db6675f190;
 .timescale -9 -12;
P_0x55db6697e490 .param/l "gi" 0 5 135, +C4<0100011100>;
S_0x55db6697e550 .scope generate, "g_unflat_final[285]" "g_unflat_final[285]" 5 135, 5 135 0, S_0x55db6675f190;
 .timescale -9 -12;
P_0x55db6697e750 .param/l "gi" 0 5 135, +C4<0100011101>;
S_0x55db6697e810 .scope generate, "g_unflat_final[286]" "g_unflat_final[286]" 5 135, 5 135 0, S_0x55db6675f190;
 .timescale -9 -12;
P_0x55db6697ea10 .param/l "gi" 0 5 135, +C4<0100011110>;
S_0x55db6697ead0 .scope generate, "g_unflat_final[287]" "g_unflat_final[287]" 5 135, 5 135 0, S_0x55db6675f190;
 .timescale -9 -12;
P_0x55db6697ecd0 .param/l "gi" 0 5 135, +C4<0100011111>;
S_0x55db6697ed90 .scope generate, "g_unflat_final[288]" "g_unflat_final[288]" 5 135, 5 135 0, S_0x55db6675f190;
 .timescale -9 -12;
P_0x55db6697ef90 .param/l "gi" 0 5 135, +C4<0100100000>;
S_0x55db6697f050 .scope generate, "g_unflat_final[289]" "g_unflat_final[289]" 5 135, 5 135 0, S_0x55db6675f190;
 .timescale -9 -12;
P_0x55db6697f250 .param/l "gi" 0 5 135, +C4<0100100001>;
S_0x55db6697f310 .scope generate, "g_unflat_final[290]" "g_unflat_final[290]" 5 135, 5 135 0, S_0x55db6675f190;
 .timescale -9 -12;
P_0x55db6697f510 .param/l "gi" 0 5 135, +C4<0100100010>;
S_0x55db6697f5d0 .scope generate, "g_unflat_final[291]" "g_unflat_final[291]" 5 135, 5 135 0, S_0x55db6675f190;
 .timescale -9 -12;
P_0x55db6697f7d0 .param/l "gi" 0 5 135, +C4<0100100011>;
S_0x55db6697f890 .scope generate, "g_unflat_final[292]" "g_unflat_final[292]" 5 135, 5 135 0, S_0x55db6675f190;
 .timescale -9 -12;
P_0x55db6697fa90 .param/l "gi" 0 5 135, +C4<0100100100>;
S_0x55db6697fb50 .scope generate, "g_unflat_final[293]" "g_unflat_final[293]" 5 135, 5 135 0, S_0x55db6675f190;
 .timescale -9 -12;
P_0x55db6697fd50 .param/l "gi" 0 5 135, +C4<0100100101>;
S_0x55db6697fe10 .scope generate, "g_unflat_final[294]" "g_unflat_final[294]" 5 135, 5 135 0, S_0x55db6675f190;
 .timescale -9 -12;
P_0x55db66980010 .param/l "gi" 0 5 135, +C4<0100100110>;
S_0x55db669800d0 .scope generate, "g_unflat_final[295]" "g_unflat_final[295]" 5 135, 5 135 0, S_0x55db6675f190;
 .timescale -9 -12;
P_0x55db669802d0 .param/l "gi" 0 5 135, +C4<0100100111>;
S_0x55db66980390 .scope generate, "g_unflat_final[296]" "g_unflat_final[296]" 5 135, 5 135 0, S_0x55db6675f190;
 .timescale -9 -12;
P_0x55db66980590 .param/l "gi" 0 5 135, +C4<0100101000>;
S_0x55db66980650 .scope generate, "g_unflat_final[297]" "g_unflat_final[297]" 5 135, 5 135 0, S_0x55db6675f190;
 .timescale -9 -12;
P_0x55db66980850 .param/l "gi" 0 5 135, +C4<0100101001>;
S_0x55db66980910 .scope generate, "g_unflat_final[298]" "g_unflat_final[298]" 5 135, 5 135 0, S_0x55db6675f190;
 .timescale -9 -12;
P_0x55db66980b10 .param/l "gi" 0 5 135, +C4<0100101010>;
S_0x55db66980bd0 .scope generate, "g_unflat_final[299]" "g_unflat_final[299]" 5 135, 5 135 0, S_0x55db6675f190;
 .timescale -9 -12;
P_0x55db66980dd0 .param/l "gi" 0 5 135, +C4<0100101011>;
S_0x55db66980e90 .scope generate, "g_unflat_final[300]" "g_unflat_final[300]" 5 135, 5 135 0, S_0x55db6675f190;
 .timescale -9 -12;
P_0x55db66981090 .param/l "gi" 0 5 135, +C4<0100101100>;
S_0x55db66981150 .scope generate, "g_unflat_final[301]" "g_unflat_final[301]" 5 135, 5 135 0, S_0x55db6675f190;
 .timescale -9 -12;
P_0x55db66981350 .param/l "gi" 0 5 135, +C4<0100101101>;
S_0x55db66981410 .scope generate, "g_unflat_final[302]" "g_unflat_final[302]" 5 135, 5 135 0, S_0x55db6675f190;
 .timescale -9 -12;
P_0x55db66981610 .param/l "gi" 0 5 135, +C4<0100101110>;
S_0x55db669816d0 .scope generate, "g_unflat_final[303]" "g_unflat_final[303]" 5 135, 5 135 0, S_0x55db6675f190;
 .timescale -9 -12;
P_0x55db669818d0 .param/l "gi" 0 5 135, +C4<0100101111>;
S_0x55db66981990 .scope generate, "g_unflat_final[304]" "g_unflat_final[304]" 5 135, 5 135 0, S_0x55db6675f190;
 .timescale -9 -12;
P_0x55db66981b90 .param/l "gi" 0 5 135, +C4<0100110000>;
S_0x55db66981c50 .scope generate, "g_unflat_final[305]" "g_unflat_final[305]" 5 135, 5 135 0, S_0x55db6675f190;
 .timescale -9 -12;
P_0x55db66981e50 .param/l "gi" 0 5 135, +C4<0100110001>;
S_0x55db66981f10 .scope generate, "g_unflat_final[306]" "g_unflat_final[306]" 5 135, 5 135 0, S_0x55db6675f190;
 .timescale -9 -12;
P_0x55db66982110 .param/l "gi" 0 5 135, +C4<0100110010>;
S_0x55db669821d0 .scope generate, "g_unflat_final[307]" "g_unflat_final[307]" 5 135, 5 135 0, S_0x55db6675f190;
 .timescale -9 -12;
P_0x55db669823d0 .param/l "gi" 0 5 135, +C4<0100110011>;
S_0x55db66982490 .scope generate, "g_unflat_final[308]" "g_unflat_final[308]" 5 135, 5 135 0, S_0x55db6675f190;
 .timescale -9 -12;
P_0x55db66982690 .param/l "gi" 0 5 135, +C4<0100110100>;
S_0x55db66982750 .scope generate, "g_unflat_final[309]" "g_unflat_final[309]" 5 135, 5 135 0, S_0x55db6675f190;
 .timescale -9 -12;
P_0x55db66982950 .param/l "gi" 0 5 135, +C4<0100110101>;
S_0x55db66982a10 .scope generate, "g_unflat_final[310]" "g_unflat_final[310]" 5 135, 5 135 0, S_0x55db6675f190;
 .timescale -9 -12;
P_0x55db66982c10 .param/l "gi" 0 5 135, +C4<0100110110>;
S_0x55db66982cd0 .scope generate, "g_unflat_final[311]" "g_unflat_final[311]" 5 135, 5 135 0, S_0x55db6675f190;
 .timescale -9 -12;
P_0x55db66982ed0 .param/l "gi" 0 5 135, +C4<0100110111>;
S_0x55db66982f90 .scope generate, "g_unflat_final[312]" "g_unflat_final[312]" 5 135, 5 135 0, S_0x55db6675f190;
 .timescale -9 -12;
P_0x55db66983190 .param/l "gi" 0 5 135, +C4<0100111000>;
S_0x55db66983250 .scope generate, "g_unflat_final[313]" "g_unflat_final[313]" 5 135, 5 135 0, S_0x55db6675f190;
 .timescale -9 -12;
P_0x55db66983450 .param/l "gi" 0 5 135, +C4<0100111001>;
S_0x55db66983510 .scope generate, "g_unflat_final[314]" "g_unflat_final[314]" 5 135, 5 135 0, S_0x55db6675f190;
 .timescale -9 -12;
P_0x55db66983710 .param/l "gi" 0 5 135, +C4<0100111010>;
S_0x55db669837d0 .scope generate, "g_unflat_final[315]" "g_unflat_final[315]" 5 135, 5 135 0, S_0x55db6675f190;
 .timescale -9 -12;
P_0x55db669839d0 .param/l "gi" 0 5 135, +C4<0100111011>;
S_0x55db66983a90 .scope generate, "g_unflat_final[316]" "g_unflat_final[316]" 5 135, 5 135 0, S_0x55db6675f190;
 .timescale -9 -12;
P_0x55db66983c90 .param/l "gi" 0 5 135, +C4<0100111100>;
S_0x55db66983d50 .scope generate, "g_unflat_final[317]" "g_unflat_final[317]" 5 135, 5 135 0, S_0x55db6675f190;
 .timescale -9 -12;
P_0x55db66983f50 .param/l "gi" 0 5 135, +C4<0100111101>;
S_0x55db66984010 .scope generate, "g_unflat_final[318]" "g_unflat_final[318]" 5 135, 5 135 0, S_0x55db6675f190;
 .timescale -9 -12;
P_0x55db66984210 .param/l "gi" 0 5 135, +C4<0100111110>;
S_0x55db669842d0 .scope generate, "g_unflat_final[319]" "g_unflat_final[319]" 5 135, 5 135 0, S_0x55db6675f190;
 .timescale -9 -12;
P_0x55db669844d0 .param/l "gi" 0 5 135, +C4<0100111111>;
S_0x55db66984590 .scope generate, "g_unflat_final[320]" "g_unflat_final[320]" 5 135, 5 135 0, S_0x55db6675f190;
 .timescale -9 -12;
P_0x55db66984790 .param/l "gi" 0 5 135, +C4<0101000000>;
S_0x55db66984850 .scope generate, "g_unflat_final[321]" "g_unflat_final[321]" 5 135, 5 135 0, S_0x55db6675f190;
 .timescale -9 -12;
P_0x55db66984a50 .param/l "gi" 0 5 135, +C4<0101000001>;
S_0x55db66984b10 .scope generate, "g_unflat_final[322]" "g_unflat_final[322]" 5 135, 5 135 0, S_0x55db6675f190;
 .timescale -9 -12;
P_0x55db66984d10 .param/l "gi" 0 5 135, +C4<0101000010>;
S_0x55db66984dd0 .scope generate, "g_unflat_final[323]" "g_unflat_final[323]" 5 135, 5 135 0, S_0x55db6675f190;
 .timescale -9 -12;
P_0x55db66984fd0 .param/l "gi" 0 5 135, +C4<0101000011>;
S_0x55db66985090 .scope generate, "g_unflat_final[324]" "g_unflat_final[324]" 5 135, 5 135 0, S_0x55db6675f190;
 .timescale -9 -12;
P_0x55db66985290 .param/l "gi" 0 5 135, +C4<0101000100>;
S_0x55db66985350 .scope generate, "g_unflat_final[325]" "g_unflat_final[325]" 5 135, 5 135 0, S_0x55db6675f190;
 .timescale -9 -12;
P_0x55db66985550 .param/l "gi" 0 5 135, +C4<0101000101>;
S_0x55db66985610 .scope generate, "g_unflat_final[326]" "g_unflat_final[326]" 5 135, 5 135 0, S_0x55db6675f190;
 .timescale -9 -12;
P_0x55db66985810 .param/l "gi" 0 5 135, +C4<0101000110>;
S_0x55db669858d0 .scope generate, "g_unflat_final[327]" "g_unflat_final[327]" 5 135, 5 135 0, S_0x55db6675f190;
 .timescale -9 -12;
P_0x55db66985ad0 .param/l "gi" 0 5 135, +C4<0101000111>;
S_0x55db66985b90 .scope generate, "g_unflat_final[328]" "g_unflat_final[328]" 5 135, 5 135 0, S_0x55db6675f190;
 .timescale -9 -12;
P_0x55db66985d90 .param/l "gi" 0 5 135, +C4<0101001000>;
S_0x55db66985e50 .scope generate, "g_unflat_final[329]" "g_unflat_final[329]" 5 135, 5 135 0, S_0x55db6675f190;
 .timescale -9 -12;
P_0x55db66986050 .param/l "gi" 0 5 135, +C4<0101001001>;
S_0x55db66986110 .scope generate, "g_unflat_final[330]" "g_unflat_final[330]" 5 135, 5 135 0, S_0x55db6675f190;
 .timescale -9 -12;
P_0x55db66986310 .param/l "gi" 0 5 135, +C4<0101001010>;
S_0x55db669863d0 .scope generate, "g_unflat_final[331]" "g_unflat_final[331]" 5 135, 5 135 0, S_0x55db6675f190;
 .timescale -9 -12;
P_0x55db669865d0 .param/l "gi" 0 5 135, +C4<0101001011>;
S_0x55db66986690 .scope generate, "g_unflat_final[332]" "g_unflat_final[332]" 5 135, 5 135 0, S_0x55db6675f190;
 .timescale -9 -12;
P_0x55db66986890 .param/l "gi" 0 5 135, +C4<0101001100>;
S_0x55db66986950 .scope generate, "g_unflat_final[333]" "g_unflat_final[333]" 5 135, 5 135 0, S_0x55db6675f190;
 .timescale -9 -12;
P_0x55db66986b50 .param/l "gi" 0 5 135, +C4<0101001101>;
S_0x55db66986c10 .scope generate, "g_unflat_final[334]" "g_unflat_final[334]" 5 135, 5 135 0, S_0x55db6675f190;
 .timescale -9 -12;
P_0x55db66986e10 .param/l "gi" 0 5 135, +C4<0101001110>;
S_0x55db66986ed0 .scope generate, "g_unflat_final[335]" "g_unflat_final[335]" 5 135, 5 135 0, S_0x55db6675f190;
 .timescale -9 -12;
P_0x55db669870d0 .param/l "gi" 0 5 135, +C4<0101001111>;
S_0x55db66987190 .scope generate, "g_unflat_final[336]" "g_unflat_final[336]" 5 135, 5 135 0, S_0x55db6675f190;
 .timescale -9 -12;
P_0x55db66987390 .param/l "gi" 0 5 135, +C4<0101010000>;
S_0x55db66987450 .scope generate, "g_unflat_final[337]" "g_unflat_final[337]" 5 135, 5 135 0, S_0x55db6675f190;
 .timescale -9 -12;
P_0x55db66987650 .param/l "gi" 0 5 135, +C4<0101010001>;
S_0x55db66987710 .scope generate, "g_unflat_final[338]" "g_unflat_final[338]" 5 135, 5 135 0, S_0x55db6675f190;
 .timescale -9 -12;
P_0x55db66987910 .param/l "gi" 0 5 135, +C4<0101010010>;
S_0x55db669879d0 .scope generate, "g_unflat_final[339]" "g_unflat_final[339]" 5 135, 5 135 0, S_0x55db6675f190;
 .timescale -9 -12;
P_0x55db66987bd0 .param/l "gi" 0 5 135, +C4<0101010011>;
S_0x55db66987c90 .scope generate, "g_unflat_final[340]" "g_unflat_final[340]" 5 135, 5 135 0, S_0x55db6675f190;
 .timescale -9 -12;
P_0x55db66987e90 .param/l "gi" 0 5 135, +C4<0101010100>;
S_0x55db66987f50 .scope generate, "g_unflat_final[341]" "g_unflat_final[341]" 5 135, 5 135 0, S_0x55db6675f190;
 .timescale -9 -12;
P_0x55db66988150 .param/l "gi" 0 5 135, +C4<0101010101>;
S_0x55db66988210 .scope generate, "g_unflat_final[342]" "g_unflat_final[342]" 5 135, 5 135 0, S_0x55db6675f190;
 .timescale -9 -12;
P_0x55db66988410 .param/l "gi" 0 5 135, +C4<0101010110>;
S_0x55db669884d0 .scope generate, "g_unflat_final[343]" "g_unflat_final[343]" 5 135, 5 135 0, S_0x55db6675f190;
 .timescale -9 -12;
P_0x55db669886d0 .param/l "gi" 0 5 135, +C4<0101010111>;
S_0x55db66988790 .scope generate, "g_unflat_final[344]" "g_unflat_final[344]" 5 135, 5 135 0, S_0x55db6675f190;
 .timescale -9 -12;
P_0x55db66988990 .param/l "gi" 0 5 135, +C4<0101011000>;
S_0x55db66988a50 .scope generate, "g_unflat_final[345]" "g_unflat_final[345]" 5 135, 5 135 0, S_0x55db6675f190;
 .timescale -9 -12;
P_0x55db66988c50 .param/l "gi" 0 5 135, +C4<0101011001>;
S_0x55db66988d10 .scope generate, "g_unflat_final[346]" "g_unflat_final[346]" 5 135, 5 135 0, S_0x55db6675f190;
 .timescale -9 -12;
P_0x55db66988f10 .param/l "gi" 0 5 135, +C4<0101011010>;
S_0x55db66988fd0 .scope generate, "g_unflat_final[347]" "g_unflat_final[347]" 5 135, 5 135 0, S_0x55db6675f190;
 .timescale -9 -12;
P_0x55db669891d0 .param/l "gi" 0 5 135, +C4<0101011011>;
S_0x55db66989290 .scope generate, "g_unflat_final[348]" "g_unflat_final[348]" 5 135, 5 135 0, S_0x55db6675f190;
 .timescale -9 -12;
P_0x55db66989490 .param/l "gi" 0 5 135, +C4<0101011100>;
S_0x55db66989550 .scope generate, "g_unflat_final[349]" "g_unflat_final[349]" 5 135, 5 135 0, S_0x55db6675f190;
 .timescale -9 -12;
P_0x55db66989750 .param/l "gi" 0 5 135, +C4<0101011101>;
S_0x55db66989810 .scope generate, "g_unflat_final[350]" "g_unflat_final[350]" 5 135, 5 135 0, S_0x55db6675f190;
 .timescale -9 -12;
P_0x55db66989a10 .param/l "gi" 0 5 135, +C4<0101011110>;
S_0x55db66989ad0 .scope generate, "g_unflat_final[351]" "g_unflat_final[351]" 5 135, 5 135 0, S_0x55db6675f190;
 .timescale -9 -12;
P_0x55db66989cd0 .param/l "gi" 0 5 135, +C4<0101011111>;
S_0x55db66989d90 .scope generate, "g_unflat_final[352]" "g_unflat_final[352]" 5 135, 5 135 0, S_0x55db6675f190;
 .timescale -9 -12;
P_0x55db66989f90 .param/l "gi" 0 5 135, +C4<0101100000>;
S_0x55db6698a050 .scope generate, "g_unflat_final[353]" "g_unflat_final[353]" 5 135, 5 135 0, S_0x55db6675f190;
 .timescale -9 -12;
P_0x55db6698a250 .param/l "gi" 0 5 135, +C4<0101100001>;
S_0x55db6698a310 .scope generate, "g_unflat_final[354]" "g_unflat_final[354]" 5 135, 5 135 0, S_0x55db6675f190;
 .timescale -9 -12;
P_0x55db6698a510 .param/l "gi" 0 5 135, +C4<0101100010>;
S_0x55db6698a5d0 .scope generate, "g_unflat_final[355]" "g_unflat_final[355]" 5 135, 5 135 0, S_0x55db6675f190;
 .timescale -9 -12;
P_0x55db6698a7d0 .param/l "gi" 0 5 135, +C4<0101100011>;
S_0x55db6698a890 .scope generate, "g_unflat_final[356]" "g_unflat_final[356]" 5 135, 5 135 0, S_0x55db6675f190;
 .timescale -9 -12;
P_0x55db6698aa90 .param/l "gi" 0 5 135, +C4<0101100100>;
S_0x55db6698ab50 .scope generate, "g_unflat_final[357]" "g_unflat_final[357]" 5 135, 5 135 0, S_0x55db6675f190;
 .timescale -9 -12;
P_0x55db6698ad50 .param/l "gi" 0 5 135, +C4<0101100101>;
S_0x55db6698ae10 .scope generate, "g_unflat_final[358]" "g_unflat_final[358]" 5 135, 5 135 0, S_0x55db6675f190;
 .timescale -9 -12;
P_0x55db6698b010 .param/l "gi" 0 5 135, +C4<0101100110>;
S_0x55db6698b0d0 .scope generate, "g_unflat_final[359]" "g_unflat_final[359]" 5 135, 5 135 0, S_0x55db6675f190;
 .timescale -9 -12;
P_0x55db6698b2d0 .param/l "gi" 0 5 135, +C4<0101100111>;
S_0x55db6698b390 .scope generate, "g_unflat_final[360]" "g_unflat_final[360]" 5 135, 5 135 0, S_0x55db6675f190;
 .timescale -9 -12;
P_0x55db6698b590 .param/l "gi" 0 5 135, +C4<0101101000>;
S_0x55db6698b650 .scope generate, "g_unflat_final[361]" "g_unflat_final[361]" 5 135, 5 135 0, S_0x55db6675f190;
 .timescale -9 -12;
P_0x55db6698b850 .param/l "gi" 0 5 135, +C4<0101101001>;
S_0x55db6698b910 .scope generate, "g_unflat_final[362]" "g_unflat_final[362]" 5 135, 5 135 0, S_0x55db6675f190;
 .timescale -9 -12;
P_0x55db6698bb10 .param/l "gi" 0 5 135, +C4<0101101010>;
S_0x55db6698bbd0 .scope generate, "g_unflat_final[363]" "g_unflat_final[363]" 5 135, 5 135 0, S_0x55db6675f190;
 .timescale -9 -12;
P_0x55db6698bdd0 .param/l "gi" 0 5 135, +C4<0101101011>;
S_0x55db6698be90 .scope generate, "g_unflat_final[364]" "g_unflat_final[364]" 5 135, 5 135 0, S_0x55db6675f190;
 .timescale -9 -12;
P_0x55db6698c090 .param/l "gi" 0 5 135, +C4<0101101100>;
S_0x55db6698c150 .scope generate, "g_unflat_final[365]" "g_unflat_final[365]" 5 135, 5 135 0, S_0x55db6675f190;
 .timescale -9 -12;
P_0x55db6698c350 .param/l "gi" 0 5 135, +C4<0101101101>;
S_0x55db6698c410 .scope generate, "g_unflat_final[366]" "g_unflat_final[366]" 5 135, 5 135 0, S_0x55db6675f190;
 .timescale -9 -12;
P_0x55db6698c610 .param/l "gi" 0 5 135, +C4<0101101110>;
S_0x55db6698c6d0 .scope generate, "g_unflat_final[367]" "g_unflat_final[367]" 5 135, 5 135 0, S_0x55db6675f190;
 .timescale -9 -12;
P_0x55db6698c8d0 .param/l "gi" 0 5 135, +C4<0101101111>;
S_0x55db6698c990 .scope generate, "g_unflat_final[368]" "g_unflat_final[368]" 5 135, 5 135 0, S_0x55db6675f190;
 .timescale -9 -12;
P_0x55db6698cb90 .param/l "gi" 0 5 135, +C4<0101110000>;
S_0x55db6698cc50 .scope generate, "g_unflat_final[369]" "g_unflat_final[369]" 5 135, 5 135 0, S_0x55db6675f190;
 .timescale -9 -12;
P_0x55db6698ce50 .param/l "gi" 0 5 135, +C4<0101110001>;
S_0x55db6698cf10 .scope generate, "g_unflat_final[370]" "g_unflat_final[370]" 5 135, 5 135 0, S_0x55db6675f190;
 .timescale -9 -12;
P_0x55db6698d110 .param/l "gi" 0 5 135, +C4<0101110010>;
S_0x55db6698d1d0 .scope generate, "g_unflat_final[371]" "g_unflat_final[371]" 5 135, 5 135 0, S_0x55db6675f190;
 .timescale -9 -12;
P_0x55db6698d3d0 .param/l "gi" 0 5 135, +C4<0101110011>;
S_0x55db6698d490 .scope generate, "g_unflat_final[372]" "g_unflat_final[372]" 5 135, 5 135 0, S_0x55db6675f190;
 .timescale -9 -12;
P_0x55db6698d690 .param/l "gi" 0 5 135, +C4<0101110100>;
S_0x55db6698d750 .scope generate, "g_unflat_final[373]" "g_unflat_final[373]" 5 135, 5 135 0, S_0x55db6675f190;
 .timescale -9 -12;
P_0x55db6698d950 .param/l "gi" 0 5 135, +C4<0101110101>;
S_0x55db6698da10 .scope generate, "g_unflat_final[374]" "g_unflat_final[374]" 5 135, 5 135 0, S_0x55db6675f190;
 .timescale -9 -12;
P_0x55db6698dc10 .param/l "gi" 0 5 135, +C4<0101110110>;
S_0x55db6698dcd0 .scope generate, "g_unflat_final[375]" "g_unflat_final[375]" 5 135, 5 135 0, S_0x55db6675f190;
 .timescale -9 -12;
P_0x55db6698ded0 .param/l "gi" 0 5 135, +C4<0101110111>;
S_0x55db6698df90 .scope generate, "g_unflat_final[376]" "g_unflat_final[376]" 5 135, 5 135 0, S_0x55db6675f190;
 .timescale -9 -12;
P_0x55db6698e190 .param/l "gi" 0 5 135, +C4<0101111000>;
S_0x55db6698e250 .scope generate, "g_unflat_final[377]" "g_unflat_final[377]" 5 135, 5 135 0, S_0x55db6675f190;
 .timescale -9 -12;
P_0x55db6698e450 .param/l "gi" 0 5 135, +C4<0101111001>;
S_0x55db6698e510 .scope generate, "g_unflat_final[378]" "g_unflat_final[378]" 5 135, 5 135 0, S_0x55db6675f190;
 .timescale -9 -12;
P_0x55db6698e710 .param/l "gi" 0 5 135, +C4<0101111010>;
S_0x55db6698e7d0 .scope generate, "g_unflat_final[379]" "g_unflat_final[379]" 5 135, 5 135 0, S_0x55db6675f190;
 .timescale -9 -12;
P_0x55db6698e9d0 .param/l "gi" 0 5 135, +C4<0101111011>;
S_0x55db6698ea90 .scope generate, "g_unflat_final[380]" "g_unflat_final[380]" 5 135, 5 135 0, S_0x55db6675f190;
 .timescale -9 -12;
P_0x55db6698ec90 .param/l "gi" 0 5 135, +C4<0101111100>;
S_0x55db6698ed50 .scope generate, "g_unflat_final[381]" "g_unflat_final[381]" 5 135, 5 135 0, S_0x55db6675f190;
 .timescale -9 -12;
P_0x55db6698ef50 .param/l "gi" 0 5 135, +C4<0101111101>;
S_0x55db6698f010 .scope generate, "g_unflat_final[382]" "g_unflat_final[382]" 5 135, 5 135 0, S_0x55db6675f190;
 .timescale -9 -12;
P_0x55db6698f210 .param/l "gi" 0 5 135, +C4<0101111110>;
S_0x55db6698f2d0 .scope generate, "g_unflat_final[383]" "g_unflat_final[383]" 5 135, 5 135 0, S_0x55db6675f190;
 .timescale -9 -12;
P_0x55db6698f4d0 .param/l "gi" 0 5 135, +C4<0101111111>;
S_0x55db6698f590 .scope generate, "g_unflat_final[384]" "g_unflat_final[384]" 5 135, 5 135 0, S_0x55db6675f190;
 .timescale -9 -12;
P_0x55db6698f790 .param/l "gi" 0 5 135, +C4<0110000000>;
S_0x55db6698f850 .scope generate, "g_unflat_final[385]" "g_unflat_final[385]" 5 135, 5 135 0, S_0x55db6675f190;
 .timescale -9 -12;
P_0x55db6698fa50 .param/l "gi" 0 5 135, +C4<0110000001>;
S_0x55db6698fb10 .scope generate, "g_unflat_final[386]" "g_unflat_final[386]" 5 135, 5 135 0, S_0x55db6675f190;
 .timescale -9 -12;
P_0x55db6698fd10 .param/l "gi" 0 5 135, +C4<0110000010>;
S_0x55db6698fdd0 .scope generate, "g_unflat_final[387]" "g_unflat_final[387]" 5 135, 5 135 0, S_0x55db6675f190;
 .timescale -9 -12;
P_0x55db6698ffd0 .param/l "gi" 0 5 135, +C4<0110000011>;
S_0x55db66990090 .scope generate, "g_unflat_final[388]" "g_unflat_final[388]" 5 135, 5 135 0, S_0x55db6675f190;
 .timescale -9 -12;
P_0x55db66990290 .param/l "gi" 0 5 135, +C4<0110000100>;
S_0x55db66990350 .scope generate, "g_unflat_final[389]" "g_unflat_final[389]" 5 135, 5 135 0, S_0x55db6675f190;
 .timescale -9 -12;
P_0x55db66990550 .param/l "gi" 0 5 135, +C4<0110000101>;
S_0x55db66990610 .scope generate, "g_unflat_final[390]" "g_unflat_final[390]" 5 135, 5 135 0, S_0x55db6675f190;
 .timescale -9 -12;
P_0x55db66990810 .param/l "gi" 0 5 135, +C4<0110000110>;
S_0x55db669908d0 .scope generate, "g_unflat_final[391]" "g_unflat_final[391]" 5 135, 5 135 0, S_0x55db6675f190;
 .timescale -9 -12;
P_0x55db66990ad0 .param/l "gi" 0 5 135, +C4<0110000111>;
S_0x55db66990b90 .scope generate, "g_unflat_final[392]" "g_unflat_final[392]" 5 135, 5 135 0, S_0x55db6675f190;
 .timescale -9 -12;
P_0x55db66990d90 .param/l "gi" 0 5 135, +C4<0110001000>;
S_0x55db66990e50 .scope generate, "g_unflat_final[393]" "g_unflat_final[393]" 5 135, 5 135 0, S_0x55db6675f190;
 .timescale -9 -12;
P_0x55db66991050 .param/l "gi" 0 5 135, +C4<0110001001>;
S_0x55db66991110 .scope generate, "g_unflat_final[394]" "g_unflat_final[394]" 5 135, 5 135 0, S_0x55db6675f190;
 .timescale -9 -12;
P_0x55db66991310 .param/l "gi" 0 5 135, +C4<0110001010>;
S_0x55db669913d0 .scope generate, "g_unflat_final[395]" "g_unflat_final[395]" 5 135, 5 135 0, S_0x55db6675f190;
 .timescale -9 -12;
P_0x55db669915d0 .param/l "gi" 0 5 135, +C4<0110001011>;
S_0x55db66991690 .scope generate, "g_unflat_final[396]" "g_unflat_final[396]" 5 135, 5 135 0, S_0x55db6675f190;
 .timescale -9 -12;
P_0x55db66991890 .param/l "gi" 0 5 135, +C4<0110001100>;
S_0x55db66991950 .scope generate, "g_unflat_final[397]" "g_unflat_final[397]" 5 135, 5 135 0, S_0x55db6675f190;
 .timescale -9 -12;
P_0x55db66991b50 .param/l "gi" 0 5 135, +C4<0110001101>;
S_0x55db66991c10 .scope generate, "g_unflat_final[398]" "g_unflat_final[398]" 5 135, 5 135 0, S_0x55db6675f190;
 .timescale -9 -12;
P_0x55db66991e10 .param/l "gi" 0 5 135, +C4<0110001110>;
S_0x55db66991ed0 .scope generate, "g_unflat_final[399]" "g_unflat_final[399]" 5 135, 5 135 0, S_0x55db6675f190;
 .timescale -9 -12;
P_0x55db669920d0 .param/l "gi" 0 5 135, +C4<0110001111>;
S_0x55db66992190 .scope generate, "g_unflat_final[400]" "g_unflat_final[400]" 5 135, 5 135 0, S_0x55db6675f190;
 .timescale -9 -12;
P_0x55db66992390 .param/l "gi" 0 5 135, +C4<0110010000>;
S_0x55db66992450 .scope generate, "g_unflat_final[401]" "g_unflat_final[401]" 5 135, 5 135 0, S_0x55db6675f190;
 .timescale -9 -12;
P_0x55db66992650 .param/l "gi" 0 5 135, +C4<0110010001>;
S_0x55db66992710 .scope generate, "g_unflat_final[402]" "g_unflat_final[402]" 5 135, 5 135 0, S_0x55db6675f190;
 .timescale -9 -12;
P_0x55db66992910 .param/l "gi" 0 5 135, +C4<0110010010>;
S_0x55db669929d0 .scope generate, "g_unflat_final[403]" "g_unflat_final[403]" 5 135, 5 135 0, S_0x55db6675f190;
 .timescale -9 -12;
P_0x55db66992bd0 .param/l "gi" 0 5 135, +C4<0110010011>;
S_0x55db66992c90 .scope generate, "g_unflat_final[404]" "g_unflat_final[404]" 5 135, 5 135 0, S_0x55db6675f190;
 .timescale -9 -12;
P_0x55db66992e90 .param/l "gi" 0 5 135, +C4<0110010100>;
S_0x55db66992f50 .scope generate, "g_unflat_final[405]" "g_unflat_final[405]" 5 135, 5 135 0, S_0x55db6675f190;
 .timescale -9 -12;
P_0x55db66993150 .param/l "gi" 0 5 135, +C4<0110010101>;
S_0x55db66993210 .scope generate, "g_unflat_final[406]" "g_unflat_final[406]" 5 135, 5 135 0, S_0x55db6675f190;
 .timescale -9 -12;
P_0x55db66993410 .param/l "gi" 0 5 135, +C4<0110010110>;
S_0x55db669934d0 .scope generate, "g_unflat_final[407]" "g_unflat_final[407]" 5 135, 5 135 0, S_0x55db6675f190;
 .timescale -9 -12;
P_0x55db669936d0 .param/l "gi" 0 5 135, +C4<0110010111>;
S_0x55db66993790 .scope generate, "g_unflat_final[408]" "g_unflat_final[408]" 5 135, 5 135 0, S_0x55db6675f190;
 .timescale -9 -12;
P_0x55db66993990 .param/l "gi" 0 5 135, +C4<0110011000>;
S_0x55db66993a50 .scope generate, "g_unflat_final[409]" "g_unflat_final[409]" 5 135, 5 135 0, S_0x55db6675f190;
 .timescale -9 -12;
P_0x55db66993c50 .param/l "gi" 0 5 135, +C4<0110011001>;
S_0x55db66993d10 .scope generate, "g_unflat_final[410]" "g_unflat_final[410]" 5 135, 5 135 0, S_0x55db6675f190;
 .timescale -9 -12;
P_0x55db66993f10 .param/l "gi" 0 5 135, +C4<0110011010>;
S_0x55db66993fd0 .scope generate, "g_unflat_final[411]" "g_unflat_final[411]" 5 135, 5 135 0, S_0x55db6675f190;
 .timescale -9 -12;
P_0x55db669941d0 .param/l "gi" 0 5 135, +C4<0110011011>;
S_0x55db66994290 .scope generate, "g_unflat_final[412]" "g_unflat_final[412]" 5 135, 5 135 0, S_0x55db6675f190;
 .timescale -9 -12;
P_0x55db66994490 .param/l "gi" 0 5 135, +C4<0110011100>;
S_0x55db66994550 .scope generate, "g_unflat_final[413]" "g_unflat_final[413]" 5 135, 5 135 0, S_0x55db6675f190;
 .timescale -9 -12;
P_0x55db66994750 .param/l "gi" 0 5 135, +C4<0110011101>;
S_0x55db66994810 .scope generate, "g_unflat_final[414]" "g_unflat_final[414]" 5 135, 5 135 0, S_0x55db6675f190;
 .timescale -9 -12;
P_0x55db66994a10 .param/l "gi" 0 5 135, +C4<0110011110>;
S_0x55db66994ad0 .scope generate, "g_unflat_final[415]" "g_unflat_final[415]" 5 135, 5 135 0, S_0x55db6675f190;
 .timescale -9 -12;
P_0x55db66994cd0 .param/l "gi" 0 5 135, +C4<0110011111>;
S_0x55db66994d90 .scope generate, "g_unflat_final[416]" "g_unflat_final[416]" 5 135, 5 135 0, S_0x55db6675f190;
 .timescale -9 -12;
P_0x55db66994f90 .param/l "gi" 0 5 135, +C4<0110100000>;
S_0x55db66995050 .scope generate, "g_unflat_final[417]" "g_unflat_final[417]" 5 135, 5 135 0, S_0x55db6675f190;
 .timescale -9 -12;
P_0x55db66995250 .param/l "gi" 0 5 135, +C4<0110100001>;
S_0x55db66995310 .scope generate, "g_unflat_final[418]" "g_unflat_final[418]" 5 135, 5 135 0, S_0x55db6675f190;
 .timescale -9 -12;
P_0x55db66995510 .param/l "gi" 0 5 135, +C4<0110100010>;
S_0x55db669955d0 .scope generate, "g_unflat_final[419]" "g_unflat_final[419]" 5 135, 5 135 0, S_0x55db6675f190;
 .timescale -9 -12;
P_0x55db669957d0 .param/l "gi" 0 5 135, +C4<0110100011>;
S_0x55db66995890 .scope generate, "g_unflat_final[420]" "g_unflat_final[420]" 5 135, 5 135 0, S_0x55db6675f190;
 .timescale -9 -12;
P_0x55db66995a90 .param/l "gi" 0 5 135, +C4<0110100100>;
S_0x55db66995b50 .scope generate, "g_unflat_final[421]" "g_unflat_final[421]" 5 135, 5 135 0, S_0x55db6675f190;
 .timescale -9 -12;
P_0x55db66995d50 .param/l "gi" 0 5 135, +C4<0110100101>;
S_0x55db66995e10 .scope generate, "g_unflat_final[422]" "g_unflat_final[422]" 5 135, 5 135 0, S_0x55db6675f190;
 .timescale -9 -12;
P_0x55db66996010 .param/l "gi" 0 5 135, +C4<0110100110>;
S_0x55db669960d0 .scope generate, "g_unflat_final[423]" "g_unflat_final[423]" 5 135, 5 135 0, S_0x55db6675f190;
 .timescale -9 -12;
P_0x55db669962d0 .param/l "gi" 0 5 135, +C4<0110100111>;
S_0x55db66996390 .scope generate, "g_unflat_final[424]" "g_unflat_final[424]" 5 135, 5 135 0, S_0x55db6675f190;
 .timescale -9 -12;
P_0x55db66996590 .param/l "gi" 0 5 135, +C4<0110101000>;
S_0x55db66996650 .scope generate, "g_unflat_final[425]" "g_unflat_final[425]" 5 135, 5 135 0, S_0x55db6675f190;
 .timescale -9 -12;
P_0x55db66996850 .param/l "gi" 0 5 135, +C4<0110101001>;
S_0x55db66996910 .scope generate, "g_unflat_final[426]" "g_unflat_final[426]" 5 135, 5 135 0, S_0x55db6675f190;
 .timescale -9 -12;
P_0x55db66996b10 .param/l "gi" 0 5 135, +C4<0110101010>;
S_0x55db66996bd0 .scope generate, "g_unflat_final[427]" "g_unflat_final[427]" 5 135, 5 135 0, S_0x55db6675f190;
 .timescale -9 -12;
P_0x55db66996dd0 .param/l "gi" 0 5 135, +C4<0110101011>;
S_0x55db66996e90 .scope generate, "g_unflat_final[428]" "g_unflat_final[428]" 5 135, 5 135 0, S_0x55db6675f190;
 .timescale -9 -12;
P_0x55db66997090 .param/l "gi" 0 5 135, +C4<0110101100>;
S_0x55db66997150 .scope generate, "g_unflat_final[429]" "g_unflat_final[429]" 5 135, 5 135 0, S_0x55db6675f190;
 .timescale -9 -12;
P_0x55db66997350 .param/l "gi" 0 5 135, +C4<0110101101>;
S_0x55db66997410 .scope generate, "g_unflat_final[430]" "g_unflat_final[430]" 5 135, 5 135 0, S_0x55db6675f190;
 .timescale -9 -12;
P_0x55db66997610 .param/l "gi" 0 5 135, +C4<0110101110>;
S_0x55db669976d0 .scope generate, "g_unflat_final[431]" "g_unflat_final[431]" 5 135, 5 135 0, S_0x55db6675f190;
 .timescale -9 -12;
P_0x55db669978d0 .param/l "gi" 0 5 135, +C4<0110101111>;
S_0x55db66997990 .scope generate, "g_unflat_final[432]" "g_unflat_final[432]" 5 135, 5 135 0, S_0x55db6675f190;
 .timescale -9 -12;
P_0x55db66997b90 .param/l "gi" 0 5 135, +C4<0110110000>;
S_0x55db66997c50 .scope generate, "g_unflat_final[433]" "g_unflat_final[433]" 5 135, 5 135 0, S_0x55db6675f190;
 .timescale -9 -12;
P_0x55db66997e50 .param/l "gi" 0 5 135, +C4<0110110001>;
S_0x55db66997f10 .scope generate, "g_unflat_final[434]" "g_unflat_final[434]" 5 135, 5 135 0, S_0x55db6675f190;
 .timescale -9 -12;
P_0x55db66998110 .param/l "gi" 0 5 135, +C4<0110110010>;
S_0x55db669981d0 .scope generate, "g_unflat_final[435]" "g_unflat_final[435]" 5 135, 5 135 0, S_0x55db6675f190;
 .timescale -9 -12;
P_0x55db669983d0 .param/l "gi" 0 5 135, +C4<0110110011>;
S_0x55db66998490 .scope generate, "g_unflat_final[436]" "g_unflat_final[436]" 5 135, 5 135 0, S_0x55db6675f190;
 .timescale -9 -12;
P_0x55db66998690 .param/l "gi" 0 5 135, +C4<0110110100>;
S_0x55db66998750 .scope generate, "g_unflat_final[437]" "g_unflat_final[437]" 5 135, 5 135 0, S_0x55db6675f190;
 .timescale -9 -12;
P_0x55db66998950 .param/l "gi" 0 5 135, +C4<0110110101>;
S_0x55db66998a10 .scope generate, "g_unflat_final[438]" "g_unflat_final[438]" 5 135, 5 135 0, S_0x55db6675f190;
 .timescale -9 -12;
P_0x55db66998c10 .param/l "gi" 0 5 135, +C4<0110110110>;
S_0x55db66998cd0 .scope generate, "g_unflat_final[439]" "g_unflat_final[439]" 5 135, 5 135 0, S_0x55db6675f190;
 .timescale -9 -12;
P_0x55db66998ed0 .param/l "gi" 0 5 135, +C4<0110110111>;
S_0x55db66998f90 .scope generate, "g_unflat_final[440]" "g_unflat_final[440]" 5 135, 5 135 0, S_0x55db6675f190;
 .timescale -9 -12;
P_0x55db66999190 .param/l "gi" 0 5 135, +C4<0110111000>;
S_0x55db66999250 .scope generate, "g_unflat_final[441]" "g_unflat_final[441]" 5 135, 5 135 0, S_0x55db6675f190;
 .timescale -9 -12;
P_0x55db66999450 .param/l "gi" 0 5 135, +C4<0110111001>;
S_0x55db66999510 .scope generate, "g_unflat_final[442]" "g_unflat_final[442]" 5 135, 5 135 0, S_0x55db6675f190;
 .timescale -9 -12;
P_0x55db66999710 .param/l "gi" 0 5 135, +C4<0110111010>;
S_0x55db669997d0 .scope generate, "g_unflat_final[443]" "g_unflat_final[443]" 5 135, 5 135 0, S_0x55db6675f190;
 .timescale -9 -12;
P_0x55db669999d0 .param/l "gi" 0 5 135, +C4<0110111011>;
S_0x55db66999a90 .scope generate, "g_unflat_final[444]" "g_unflat_final[444]" 5 135, 5 135 0, S_0x55db6675f190;
 .timescale -9 -12;
P_0x55db66999c90 .param/l "gi" 0 5 135, +C4<0110111100>;
S_0x55db66999d50 .scope generate, "g_unflat_final[445]" "g_unflat_final[445]" 5 135, 5 135 0, S_0x55db6675f190;
 .timescale -9 -12;
P_0x55db66999f50 .param/l "gi" 0 5 135, +C4<0110111101>;
S_0x55db6699a010 .scope generate, "g_unflat_final[446]" "g_unflat_final[446]" 5 135, 5 135 0, S_0x55db6675f190;
 .timescale -9 -12;
P_0x55db6699a210 .param/l "gi" 0 5 135, +C4<0110111110>;
S_0x55db6699a2d0 .scope generate, "g_unflat_final[447]" "g_unflat_final[447]" 5 135, 5 135 0, S_0x55db6675f190;
 .timescale -9 -12;
P_0x55db6699a4d0 .param/l "gi" 0 5 135, +C4<0110111111>;
S_0x55db6699a590 .scope generate, "g_unflat_final[448]" "g_unflat_final[448]" 5 135, 5 135 0, S_0x55db6675f190;
 .timescale -9 -12;
P_0x55db6699a790 .param/l "gi" 0 5 135, +C4<0111000000>;
S_0x55db6699a850 .scope generate, "g_unflat_final[449]" "g_unflat_final[449]" 5 135, 5 135 0, S_0x55db6675f190;
 .timescale -9 -12;
P_0x55db6699aa50 .param/l "gi" 0 5 135, +C4<0111000001>;
S_0x55db6699ab10 .scope generate, "g_unflat_final[450]" "g_unflat_final[450]" 5 135, 5 135 0, S_0x55db6675f190;
 .timescale -9 -12;
P_0x55db6699ad10 .param/l "gi" 0 5 135, +C4<0111000010>;
S_0x55db6699add0 .scope generate, "g_unflat_final[451]" "g_unflat_final[451]" 5 135, 5 135 0, S_0x55db6675f190;
 .timescale -9 -12;
P_0x55db6699afd0 .param/l "gi" 0 5 135, +C4<0111000011>;
S_0x55db6699b090 .scope generate, "g_unflat_final[452]" "g_unflat_final[452]" 5 135, 5 135 0, S_0x55db6675f190;
 .timescale -9 -12;
P_0x55db6699b290 .param/l "gi" 0 5 135, +C4<0111000100>;
S_0x55db6699b350 .scope generate, "g_unflat_final[453]" "g_unflat_final[453]" 5 135, 5 135 0, S_0x55db6675f190;
 .timescale -9 -12;
P_0x55db6699b550 .param/l "gi" 0 5 135, +C4<0111000101>;
S_0x55db6699b610 .scope generate, "g_unflat_final[454]" "g_unflat_final[454]" 5 135, 5 135 0, S_0x55db6675f190;
 .timescale -9 -12;
P_0x55db6699b810 .param/l "gi" 0 5 135, +C4<0111000110>;
S_0x55db6699b8d0 .scope generate, "g_unflat_final[455]" "g_unflat_final[455]" 5 135, 5 135 0, S_0x55db6675f190;
 .timescale -9 -12;
P_0x55db6699bad0 .param/l "gi" 0 5 135, +C4<0111000111>;
S_0x55db6699bb90 .scope generate, "g_unflat_final[456]" "g_unflat_final[456]" 5 135, 5 135 0, S_0x55db6675f190;
 .timescale -9 -12;
P_0x55db6699bd90 .param/l "gi" 0 5 135, +C4<0111001000>;
S_0x55db6699be50 .scope generate, "g_unflat_final[457]" "g_unflat_final[457]" 5 135, 5 135 0, S_0x55db6675f190;
 .timescale -9 -12;
P_0x55db6699c050 .param/l "gi" 0 5 135, +C4<0111001001>;
S_0x55db6699c110 .scope generate, "g_unflat_final[458]" "g_unflat_final[458]" 5 135, 5 135 0, S_0x55db6675f190;
 .timescale -9 -12;
P_0x55db6699c310 .param/l "gi" 0 5 135, +C4<0111001010>;
S_0x55db6699c3d0 .scope generate, "g_unflat_final[459]" "g_unflat_final[459]" 5 135, 5 135 0, S_0x55db6675f190;
 .timescale -9 -12;
P_0x55db6699c5d0 .param/l "gi" 0 5 135, +C4<0111001011>;
S_0x55db6699c690 .scope generate, "g_unflat_final[460]" "g_unflat_final[460]" 5 135, 5 135 0, S_0x55db6675f190;
 .timescale -9 -12;
P_0x55db6699c890 .param/l "gi" 0 5 135, +C4<0111001100>;
S_0x55db6699c950 .scope generate, "g_unflat_final[461]" "g_unflat_final[461]" 5 135, 5 135 0, S_0x55db6675f190;
 .timescale -9 -12;
P_0x55db6699cb50 .param/l "gi" 0 5 135, +C4<0111001101>;
S_0x55db6699cc10 .scope generate, "g_unflat_final[462]" "g_unflat_final[462]" 5 135, 5 135 0, S_0x55db6675f190;
 .timescale -9 -12;
P_0x55db6699ce10 .param/l "gi" 0 5 135, +C4<0111001110>;
S_0x55db6699ced0 .scope generate, "g_unflat_final[463]" "g_unflat_final[463]" 5 135, 5 135 0, S_0x55db6675f190;
 .timescale -9 -12;
P_0x55db6699d0d0 .param/l "gi" 0 5 135, +C4<0111001111>;
S_0x55db6699d190 .scope generate, "g_unflat_final[464]" "g_unflat_final[464]" 5 135, 5 135 0, S_0x55db6675f190;
 .timescale -9 -12;
P_0x55db6699d390 .param/l "gi" 0 5 135, +C4<0111010000>;
S_0x55db6699d450 .scope generate, "g_unflat_final[465]" "g_unflat_final[465]" 5 135, 5 135 0, S_0x55db6675f190;
 .timescale -9 -12;
P_0x55db6699d650 .param/l "gi" 0 5 135, +C4<0111010001>;
S_0x55db6699d710 .scope generate, "g_unflat_final[466]" "g_unflat_final[466]" 5 135, 5 135 0, S_0x55db6675f190;
 .timescale -9 -12;
P_0x55db6699d910 .param/l "gi" 0 5 135, +C4<0111010010>;
S_0x55db6699d9d0 .scope generate, "g_unflat_final[467]" "g_unflat_final[467]" 5 135, 5 135 0, S_0x55db6675f190;
 .timescale -9 -12;
P_0x55db6699dbd0 .param/l "gi" 0 5 135, +C4<0111010011>;
S_0x55db6699dc90 .scope generate, "g_unflat_final[468]" "g_unflat_final[468]" 5 135, 5 135 0, S_0x55db6675f190;
 .timescale -9 -12;
P_0x55db6699de90 .param/l "gi" 0 5 135, +C4<0111010100>;
S_0x55db6699df50 .scope generate, "g_unflat_final[469]" "g_unflat_final[469]" 5 135, 5 135 0, S_0x55db6675f190;
 .timescale -9 -12;
P_0x55db6699e150 .param/l "gi" 0 5 135, +C4<0111010101>;
S_0x55db6699e210 .scope generate, "g_unflat_final[470]" "g_unflat_final[470]" 5 135, 5 135 0, S_0x55db6675f190;
 .timescale -9 -12;
P_0x55db6699e410 .param/l "gi" 0 5 135, +C4<0111010110>;
S_0x55db6699e4d0 .scope generate, "g_unflat_final[471]" "g_unflat_final[471]" 5 135, 5 135 0, S_0x55db6675f190;
 .timescale -9 -12;
P_0x55db6699e6d0 .param/l "gi" 0 5 135, +C4<0111010111>;
S_0x55db6699e790 .scope generate, "g_unflat_final[472]" "g_unflat_final[472]" 5 135, 5 135 0, S_0x55db6675f190;
 .timescale -9 -12;
P_0x55db6699e990 .param/l "gi" 0 5 135, +C4<0111011000>;
S_0x55db6699ea50 .scope generate, "g_unflat_final[473]" "g_unflat_final[473]" 5 135, 5 135 0, S_0x55db6675f190;
 .timescale -9 -12;
P_0x55db6699ec50 .param/l "gi" 0 5 135, +C4<0111011001>;
S_0x55db6699ed10 .scope generate, "g_unflat_final[474]" "g_unflat_final[474]" 5 135, 5 135 0, S_0x55db6675f190;
 .timescale -9 -12;
P_0x55db6699ef10 .param/l "gi" 0 5 135, +C4<0111011010>;
S_0x55db6699efd0 .scope generate, "g_unflat_final[475]" "g_unflat_final[475]" 5 135, 5 135 0, S_0x55db6675f190;
 .timescale -9 -12;
P_0x55db6699f1d0 .param/l "gi" 0 5 135, +C4<0111011011>;
S_0x55db6699f290 .scope generate, "g_unflat_final[476]" "g_unflat_final[476]" 5 135, 5 135 0, S_0x55db6675f190;
 .timescale -9 -12;
P_0x55db6699f490 .param/l "gi" 0 5 135, +C4<0111011100>;
S_0x55db6699f550 .scope generate, "g_unflat_final[477]" "g_unflat_final[477]" 5 135, 5 135 0, S_0x55db6675f190;
 .timescale -9 -12;
P_0x55db6699f750 .param/l "gi" 0 5 135, +C4<0111011101>;
S_0x55db6699f810 .scope generate, "g_unflat_final[478]" "g_unflat_final[478]" 5 135, 5 135 0, S_0x55db6675f190;
 .timescale -9 -12;
P_0x55db6699fa10 .param/l "gi" 0 5 135, +C4<0111011110>;
S_0x55db6699fad0 .scope generate, "g_unflat_final[479]" "g_unflat_final[479]" 5 135, 5 135 0, S_0x55db6675f190;
 .timescale -9 -12;
P_0x55db6699fcd0 .param/l "gi" 0 5 135, +C4<0111011111>;
S_0x55db6699fd90 .scope generate, "g_unflat_final[480]" "g_unflat_final[480]" 5 135, 5 135 0, S_0x55db6675f190;
 .timescale -9 -12;
P_0x55db6699ff90 .param/l "gi" 0 5 135, +C4<0111100000>;
S_0x55db669a0050 .scope generate, "g_unflat_final[481]" "g_unflat_final[481]" 5 135, 5 135 0, S_0x55db6675f190;
 .timescale -9 -12;
P_0x55db669a0250 .param/l "gi" 0 5 135, +C4<0111100001>;
S_0x55db669a0310 .scope generate, "g_unflat_final[482]" "g_unflat_final[482]" 5 135, 5 135 0, S_0x55db6675f190;
 .timescale -9 -12;
P_0x55db669a0510 .param/l "gi" 0 5 135, +C4<0111100010>;
S_0x55db669a05d0 .scope generate, "g_unflat_final[483]" "g_unflat_final[483]" 5 135, 5 135 0, S_0x55db6675f190;
 .timescale -9 -12;
P_0x55db669a07d0 .param/l "gi" 0 5 135, +C4<0111100011>;
S_0x55db669a0890 .scope generate, "g_unflat_final[484]" "g_unflat_final[484]" 5 135, 5 135 0, S_0x55db6675f190;
 .timescale -9 -12;
P_0x55db669a0a90 .param/l "gi" 0 5 135, +C4<0111100100>;
S_0x55db669a0b50 .scope generate, "g_unflat_final[485]" "g_unflat_final[485]" 5 135, 5 135 0, S_0x55db6675f190;
 .timescale -9 -12;
P_0x55db669a0d50 .param/l "gi" 0 5 135, +C4<0111100101>;
S_0x55db669a0e10 .scope generate, "g_unflat_final[486]" "g_unflat_final[486]" 5 135, 5 135 0, S_0x55db6675f190;
 .timescale -9 -12;
P_0x55db669a1010 .param/l "gi" 0 5 135, +C4<0111100110>;
S_0x55db669a10d0 .scope generate, "g_unflat_final[487]" "g_unflat_final[487]" 5 135, 5 135 0, S_0x55db6675f190;
 .timescale -9 -12;
P_0x55db669a12d0 .param/l "gi" 0 5 135, +C4<0111100111>;
S_0x55db669a1390 .scope generate, "g_unflat_final[488]" "g_unflat_final[488]" 5 135, 5 135 0, S_0x55db6675f190;
 .timescale -9 -12;
P_0x55db669a1590 .param/l "gi" 0 5 135, +C4<0111101000>;
S_0x55db669a1650 .scope generate, "g_unflat_final[489]" "g_unflat_final[489]" 5 135, 5 135 0, S_0x55db6675f190;
 .timescale -9 -12;
P_0x55db669a1850 .param/l "gi" 0 5 135, +C4<0111101001>;
S_0x55db669a1910 .scope generate, "g_unflat_final[490]" "g_unflat_final[490]" 5 135, 5 135 0, S_0x55db6675f190;
 .timescale -9 -12;
P_0x55db669a1b10 .param/l "gi" 0 5 135, +C4<0111101010>;
S_0x55db669a1bd0 .scope generate, "g_unflat_final[491]" "g_unflat_final[491]" 5 135, 5 135 0, S_0x55db6675f190;
 .timescale -9 -12;
P_0x55db669a1dd0 .param/l "gi" 0 5 135, +C4<0111101011>;
S_0x55db669a1e90 .scope generate, "g_unflat_final[492]" "g_unflat_final[492]" 5 135, 5 135 0, S_0x55db6675f190;
 .timescale -9 -12;
P_0x55db669a2090 .param/l "gi" 0 5 135, +C4<0111101100>;
S_0x55db669a2150 .scope generate, "g_unflat_final[493]" "g_unflat_final[493]" 5 135, 5 135 0, S_0x55db6675f190;
 .timescale -9 -12;
P_0x55db669a2350 .param/l "gi" 0 5 135, +C4<0111101101>;
S_0x55db669a2410 .scope generate, "g_unflat_final[494]" "g_unflat_final[494]" 5 135, 5 135 0, S_0x55db6675f190;
 .timescale -9 -12;
P_0x55db669a2610 .param/l "gi" 0 5 135, +C4<0111101110>;
S_0x55db669a26d0 .scope generate, "g_unflat_final[495]" "g_unflat_final[495]" 5 135, 5 135 0, S_0x55db6675f190;
 .timescale -9 -12;
P_0x55db669a28d0 .param/l "gi" 0 5 135, +C4<0111101111>;
S_0x55db669a2990 .scope generate, "g_unflat_final[496]" "g_unflat_final[496]" 5 135, 5 135 0, S_0x55db6675f190;
 .timescale -9 -12;
P_0x55db669a2b90 .param/l "gi" 0 5 135, +C4<0111110000>;
S_0x55db669a2c50 .scope generate, "g_unflat_final[497]" "g_unflat_final[497]" 5 135, 5 135 0, S_0x55db6675f190;
 .timescale -9 -12;
P_0x55db669a2e50 .param/l "gi" 0 5 135, +C4<0111110001>;
S_0x55db669a2f10 .scope generate, "g_unflat_final[498]" "g_unflat_final[498]" 5 135, 5 135 0, S_0x55db6675f190;
 .timescale -9 -12;
P_0x55db669a3110 .param/l "gi" 0 5 135, +C4<0111110010>;
S_0x55db669a31d0 .scope generate, "g_unflat_final[499]" "g_unflat_final[499]" 5 135, 5 135 0, S_0x55db6675f190;
 .timescale -9 -12;
P_0x55db669a33d0 .param/l "gi" 0 5 135, +C4<0111110011>;
S_0x55db669a3490 .scope generate, "g_unflat_final[500]" "g_unflat_final[500]" 5 135, 5 135 0, S_0x55db6675f190;
 .timescale -9 -12;
P_0x55db669a3690 .param/l "gi" 0 5 135, +C4<0111110100>;
S_0x55db669a3750 .scope generate, "g_unflat_final[501]" "g_unflat_final[501]" 5 135, 5 135 0, S_0x55db6675f190;
 .timescale -9 -12;
P_0x55db669a3950 .param/l "gi" 0 5 135, +C4<0111110101>;
S_0x55db669a3a10 .scope generate, "g_unflat_final[502]" "g_unflat_final[502]" 5 135, 5 135 0, S_0x55db6675f190;
 .timescale -9 -12;
P_0x55db669a3c10 .param/l "gi" 0 5 135, +C4<0111110110>;
S_0x55db669a3cd0 .scope generate, "g_unflat_final[503]" "g_unflat_final[503]" 5 135, 5 135 0, S_0x55db6675f190;
 .timescale -9 -12;
P_0x55db669a3ed0 .param/l "gi" 0 5 135, +C4<0111110111>;
S_0x55db669a3f90 .scope generate, "g_unflat_final[504]" "g_unflat_final[504]" 5 135, 5 135 0, S_0x55db6675f190;
 .timescale -9 -12;
P_0x55db669a4190 .param/l "gi" 0 5 135, +C4<0111111000>;
S_0x55db669a4250 .scope generate, "g_unflat_final[505]" "g_unflat_final[505]" 5 135, 5 135 0, S_0x55db6675f190;
 .timescale -9 -12;
P_0x55db669a4450 .param/l "gi" 0 5 135, +C4<0111111001>;
S_0x55db669a4510 .scope generate, "g_unflat_final[506]" "g_unflat_final[506]" 5 135, 5 135 0, S_0x55db6675f190;
 .timescale -9 -12;
P_0x55db669a4710 .param/l "gi" 0 5 135, +C4<0111111010>;
S_0x55db669a47d0 .scope generate, "g_unflat_final[507]" "g_unflat_final[507]" 5 135, 5 135 0, S_0x55db6675f190;
 .timescale -9 -12;
P_0x55db669a49d0 .param/l "gi" 0 5 135, +C4<0111111011>;
S_0x55db669a4a90 .scope generate, "g_unflat_final[508]" "g_unflat_final[508]" 5 135, 5 135 0, S_0x55db6675f190;
 .timescale -9 -12;
P_0x55db669a4c90 .param/l "gi" 0 5 135, +C4<0111111100>;
S_0x55db669a4d50 .scope generate, "g_unflat_final[509]" "g_unflat_final[509]" 5 135, 5 135 0, S_0x55db6675f190;
 .timescale -9 -12;
P_0x55db669a4f50 .param/l "gi" 0 5 135, +C4<0111111101>;
S_0x55db669a5010 .scope generate, "g_unflat_final[510]" "g_unflat_final[510]" 5 135, 5 135 0, S_0x55db6675f190;
 .timescale -9 -12;
P_0x55db669a5210 .param/l "gi" 0 5 135, +C4<0111111110>;
S_0x55db669a52d0 .scope generate, "g_unflat_final[511]" "g_unflat_final[511]" 5 135, 5 135 0, S_0x55db6675f190;
 .timescale -9 -12;
P_0x55db66978cd0 .param/l "gi" 0 5 135, +C4<0111111111>;
S_0x55db6677e610 .scope module, "sa_done_generator" "sa_done_generator" 6 7;
 .timescale -9 -12;
    .port_info 0 /INPUT 1 "clk";
    .port_info 1 /INPUT 1 "rst_n";
    .port_info 2 /INPUT 1 "start";
    .port_info 3 /INPUT 8 "latency_cfg";
    .port_info 4 /OUTPUT 1 "done";
P_0x55db66764b30 .param/l "LATENCY_WIDTH" 0 6 8, +C4<00000000000000000000000000001000>;
v0x55db669b1940_0 .var "active", 0 0;
o0x7f55a6dc2bb8 .functor BUFZ 1, C4<z>; HiZ drive
v0x55db669b1a20_0 .net "clk", 0 0, o0x7f55a6dc2bb8;  0 drivers
v0x55db669b1ae0_0 .var "counter", 7 0;
v0x55db669b1ba0_0 .var "done", 0 0;
o0x7f55a6dc2c48 .functor BUFZ 8, C4<zzzzzzzz>; HiZ drive
v0x55db669b1c60_0 .net "latency_cfg", 7 0, o0x7f55a6dc2c48;  0 drivers
o0x7f55a6dc2c78 .functor BUFZ 1, C4<z>; HiZ drive
v0x55db669b1d40_0 .net "rst_n", 0 0, o0x7f55a6dc2c78;  0 drivers
o0x7f55a6dc2ca8 .functor BUFZ 1, C4<z>; HiZ drive
v0x55db669b1e00_0 .net "start", 0 0, o0x7f55a6dc2ca8;  0 drivers
E_0x55db669b18c0/0 .event negedge, v0x55db669b1d40_0;
E_0x55db669b18c0/1 .event posedge, v0x55db669b1a20_0;
E_0x55db669b18c0 .event/or E_0x55db669b18c0/0, E_0x55db669b18c0/1;
S_0x55db6677e7a0 .scope module, "tb_weight_pingpong" "tb_weight_pingpong" 7 3;
 .timescale -9 -12;
P_0x55db6676ea60 .param/l "DATA_WIDTH" 1 7 5, +C4<00000000000000000000000000001000>;
P_0x55db6676eaa0 .param/l "WEIGHT_DEPTH" 1 7 6, +C4<00000000000000000000000000010000>;
v0x55db669b4040_0 .var "buf_sel", 0 0;
v0x55db669b4100_0 .var "clk", 0 0;
v0x55db669b41a0_0 .net "dma_addr", 3 0, L_0x55db6694cb70;  1 drivers
v0x55db669b42a0_0 .var/2s "error_count", 31 0;
v0x55db669b4340_0 .var "load_data", 7 0;
v0x55db669b43e0_0 .net "load_done", 0 0, L_0x55db6694ce90;  1 drivers
v0x55db669b44b0_0 .var "load_en", 0 0;
v0x55db669b4580_0 .var "read_addr", 3 0;
v0x55db669b4650_0 .var "rst_n", 0 0;
v0x55db669b4720_0 .net "weight_out", 7 0, L_0x55db669d5610;  1 drivers
E_0x55db669b1f60 .event edge, v0x55db669b3b20_0;
S_0x55db669b1fe0 .scope begin, "$ivl_for_loop7" "$ivl_for_loop7" 7 48, 7 48 0, S_0x55db6677e7a0;
 .timescale -9 -12;
v0x55db669b2260_0 .var/2s "i", 31 0;
E_0x55db669b21e0 .event negedge, v0x55db669b3640_0;
S_0x55db669b2360 .scope begin, "$ivl_for_loop8" "$ivl_for_loop8" 7 63, 7 63 0, S_0x55db6677e7a0;
 .timescale -9 -12;
v0x55db669b2560_0 .var/2s "i", 31 0;
S_0x55db669b2640 .scope module, "dut" "weight_pingpong" 7 23, 8 11 0, S_0x55db6677e7a0;
 .timescale -9 -12;
    .port_info 0 /INPUT 1 "clk";
    .port_info 1 /INPUT 1 "rst_n";
    .port_info 2 /INPUT 1 "buf_sel";
    .port_info 3 /INPUT 1 "load_en";
    .port_info 4 /INPUT 8 "load_data";
    .port_info 5 /OUTPUT 4 "dma_addr";
    .port_info 6 /INPUT 4 "read_addr";
    .port_info 7 /OUTPUT 8 "weight_out";
    .port_info 8 /OUTPUT 1 "load_done";
P_0x55db669b2820 .param/l "AW" 1 8 34, +C4<00000000000000000000000000000100>;
P_0x55db669b2860 .param/l "DATA_WIDTH" 0 8 12, +C4<00000000000000000000000000001000>;
P_0x55db669b28a0 .param/l "WEIGHT_DEPTH" 0 8 13, +C4<00000000000000000000000000010000>;
L_0x55db6694cb70 .functor BUFZ 4, v0x55db669b3700_0, C4<0000>, C4<0000>, C4<0000>;
L_0x55db6694ce90 .functor BUFZ 1, v0x55db669b3980_0, C4<0>, C4<0>, C4<0>;
v0x55db669b2e70_0 .net *"_ivl_10", 7 0, L_0x55db669d5400;  1 drivers
v0x55db669b2f70_0 .net *"_ivl_12", 5 0, L_0x55db669d54a0;  1 drivers
L_0x7f55a6d550a8 .functor BUFT 1, C4<00>, C4<0>, C4<0>, C4<0>;
v0x55db669b3050_0 .net *"_ivl_15", 1 0, L_0x7f55a6d550a8;  1 drivers
v0x55db669b3110_0 .net *"_ivl_4", 7 0, L_0x55db669d51a0;  1 drivers
v0x55db669b31f0_0 .net *"_ivl_6", 5 0, L_0x55db669d5270;  1 drivers
L_0x7f55a6d55060 .functor BUFT 1, C4<00>, C4<0>, C4<0>, C4<0>;
v0x55db669b3320_0 .net *"_ivl_9", 1 0, L_0x7f55a6d55060;  1 drivers
v0x55db669b3400 .array "buf_a", 15 0, 7 0;
v0x55db669b34c0 .array "buf_b", 15 0, 7 0;
v0x55db669b3580_0 .net "buf_sel", 0 0, v0x55db669b4040_0;  1 drivers
v0x55db669b3640_0 .net "clk", 0 0, v0x55db669b4100_0;  1 drivers
v0x55db669b3700_0 .var "cnt", 3 0;
v0x55db669b37e0_0 .var "counting", 0 0;
v0x55db669b38a0_0 .net "dma_addr", 3 0, L_0x55db6694cb70;  alias, 1 drivers
v0x55db669b3980_0 .var "done_r", 0 0;
v0x55db669b3a40_0 .net "load_data", 7 0, v0x55db669b4340_0;  1 drivers
v0x55db669b3b20_0 .net "load_done", 0 0, L_0x55db6694ce90;  alias, 1 drivers
v0x55db669b3be0_0 .net "load_en", 0 0, v0x55db669b44b0_0;  1 drivers
v0x55db669b3ca0_0 .net "read_addr", 3 0, v0x55db669b4580_0;  1 drivers
v0x55db669b3d80_0 .net "rst_n", 0 0, v0x55db669b4650_0;  1 drivers
v0x55db669b3e40_0 .net "weight_out", 7 0, L_0x55db669d5610;  alias, 1 drivers
E_0x55db669b2b10/0 .event negedge, v0x55db669b3d80_0;
E_0x55db669b2b10/1 .event posedge, v0x55db669b3640_0;
E_0x55db669b2b10 .event/or E_0x55db669b2b10/0, E_0x55db669b2b10/1;
L_0x55db669d51a0 .array/port v0x55db669b34c0, L_0x55db669d5270;
L_0x55db669d5270 .concat [ 4 2 0 0], v0x55db669b4580_0, L_0x7f55a6d55060;
L_0x55db669d5400 .array/port v0x55db669b3400, L_0x55db669d54a0;
L_0x55db669d54a0 .concat [ 4 2 0 0], v0x55db669b4580_0, L_0x7f55a6d550a8;
L_0x55db669d5610 .functor MUXZ 8, L_0x55db669d5400, L_0x55db669d51a0, v0x55db669b4040_0, C4<>;
S_0x55db669b2b70 .scope begin, "$ivl_for_loop5" "$ivl_for_loop5" 8 41, 8 41 0, S_0x55db669b2640;
 .timescale -9 -12;
v0x55db669b2d70_0 .var/2s "i", 31 0;
    .scope S_0x55db6676e880;
T_0 ;
Ewait_0 .event/or E_0x55db6694e180, E_0x0;
    %wait Ewait_0;
    %load/vec4 v0x55db668d4340_0;
    %flag_set/vec4 8;
    %jmp/0xz  T_0.0, 8;
    %fork t_1, S_0x55db6692d660;
    %jmp t_0;
    .scope S_0x55db6692d660;
t_1 ;
    %pushi/vec4 0, 0, 32;
    %store/vec4 v0x55db6694cd10_0, 0, 32;
T_0.2 ;
    %load/vec4 v0x55db6694cd10_0;
    %cmpi/s 512, 0, 32;
    %jmp/0xz T_0.3, 5;
    %ix/getv/s 4, v0x55db6694cd10_0;
    %load/vec4a v0x55db6691e1c0, 4;
    %ix/getv/s 4, v0x55db6694cd10_0;
    %store/vec4a v0x55db668d4400, 4, 0;
    ; show_stmt_assign_vector: Get l-value for compressed += operand
    %load/vec4 v0x55db6694cd10_0;
    %pushi/vec4 1, 0, 32;
    %add;
    %cast2;
    %store/vec4 v0x55db6694cd10_0, 0, 32;
    %jmp T_0.2;
T_0.3 ;
    %end;
    .scope S_0x55db6676e880;
t_0 %join;
    %load/vec4 v0x55db6691e260_0;
    %store/vec4 v0x55db668d48c0_0, 0, 1;
    %jmp T_0.1;
T_0.0 ;
    %fork t_3, S_0x55db66764080;
    %jmp t_2;
    .scope S_0x55db66764080;
t_3 ;
    %pushi/vec4 0, 0, 32;
    %store/vec4 v0x55db6694cff0_0, 0, 32;
T_0.4 ;
    %load/vec4 v0x55db6694cff0_0;
    %cmpi/s 512, 0, 32;
    %jmp/0xz T_0.5, 5;
    %ix/getv/s 4, v0x55db6694cff0_0;
    %load/vec4a v0x55db669259b0, 4;
    %ix/getv/s 4, v0x55db6694cff0_0;
    %store/vec4a v0x55db668d4400, 4, 0;
    ; show_stmt_assign_vector: Get l-value for compressed += operand
    %load/vec4 v0x55db6694cff0_0;
    %pushi/vec4 1, 0, 32;
    %add;
    %cast2;
    %store/vec4 v0x55db6694cff0_0, 0, 32;
    %jmp T_0.4;
T_0.5 ;
    %end;
    .scope S_0x55db6676e880;
t_2 %join;
    %load/vec4 v0x55db66925a50_0;
    %store/vec4 v0x55db668d48c0_0, 0, 1;
T_0.1 ;
    %jmp T_0;
    .thread T_0, $push;
    .scope S_0x55db6676e880;
T_1 ;
Ewait_1 .event/or E_0x55db6673bfe0, E_0x0;
    %wait Ewait_1;
    %fork t_5, S_0x55db667642c0;
    %jmp t_4;
    .scope S_0x55db667642c0;
t_5 ;
    %pushi/vec4 0, 0, 32;
    %store/vec4 v0x55db66931cd0_0, 0, 32;
T_1.0 ;
    %load/vec4 v0x55db66931cd0_0;
    %cmpi/s 512, 0, 32;
    %jmp/0xz T_1.1, 5;
    %ix/getv/s 4, v0x55db66931cd0_0;
    %load/vec4a v0x55db668d4400, 4;
    %ix/getv/s 4, v0x55db66931cd0_0;
    %store/vec4a v0x55db668d4e40, 4, 0;
    ; show_stmt_assign_vector: Get l-value for compressed += operand
    %load/vec4 v0x55db66931cd0_0;
    %pushi/vec4 1, 0, 32;
    %add;
    %cast2;
    %store/vec4 v0x55db66931cd0_0, 0, 32;
    %jmp T_1.0;
T_1.1 ;
    %end;
    .scope S_0x55db6676e880;
t_4 %join;
    %jmp T_1;
    .thread T_1, $push;
    .scope S_0x55db6676eb40;
T_2 ;
    %wait E_0x55db668c4ac0;
    %fork t_7, S_0x55db66757920;
    %jmp t_6;
    .scope S_0x55db66757920;
t_7 ;
    %pushi/vec4 0, 0, 32;
    %store/vec4 v0x55db668c4b00_0, 0, 32;
T_2.0 ;
    %load/vec4 v0x55db668c4b00_0;
    %cmpi/s 512, 0, 32;
    %jmp/0xz T_2.1, 5;
    %ix/getv/s 4, v0x55db668c4b00_0;
    %load/vec4a v0x55db668c3ab0, 4;
    %load/vec4 v0x55db668c4b00_0;
    %muli 16, 0, 32;
    %ix/vec4/s 4;
    %store/vec4 v0x55db668b4cd0_0, 4, 16;
    ; show_stmt_assign_vector: Get l-value for compressed += operand
    %load/vec4 v0x55db668c4b00_0;
    %pushi/vec4 1, 0, 32;
    %add;
    %cast2;
    %store/vec4 v0x55db668c4b00_0, 0, 32;
    %jmp T_2.0;
T_2.1 ;
    %end;
    .scope S_0x55db6676eb40;
t_6 %join;
    %jmp T_2;
    .thread T_2, $push;
    .scope S_0x55db6676eb40;
T_3 ;
    %wait E_0x55db6694e7b0;
    %load/vec4 v0x55db668b3c80_0;
    %nor/r;
    %flag_set/vec4 8;
    %jmp/0xz  T_3.0, 8;
    %pushi/vec4 0, 0, 1;
    %assign/vec4 v0x55db668b3750_0, 0;
    %pushi/vec4 0, 0, 8192;
    %assign/vec4 v0x55db668b4720_0, 0;
    %jmp T_3.1;
T_3.0 ;
    %load/vec4 v0x55db668b41d0_0;
    %flag_set/vec4 8;
    %jmp/0xz  T_3.2, 8;
    %load/vec4 v0x55db668b3d40_0;
    %assign/vec4 v0x55db668b3750_0, 0;
    %load/vec4 v0x55db668b4cd0_0;
    %assign/vec4 v0x55db668b4720_0, 0;
T_3.2 ;
T_3.1 ;
    %jmp T_3;
    .thread T_3;
    .scope S_0x55db6676eb40;
T_4 ;
    %wait E_0x55db667535d0;
    %fork t_9, S_0x55db66757b80;
    %jmp t_8;
    .scope S_0x55db66757b80;
t_9 ;
    %pushi/vec4 0, 0, 32;
    %store/vec4 v0x55db668c4510_0, 0, 32;
T_4.0 ;
    %load/vec4 v0x55db668c4510_0;
    %cmpi/s 512, 0, 32;
    %jmp/0xz T_4.1, 5;
    %load/vec4 v0x55db668b4720_0;
    %load/vec4 v0x55db668c4510_0;
    %muli 16, 0, 32;
    %part/s 16;
    %ix/getv/s 4, v0x55db668c4510_0;
    %store/vec4a v0x55db668b4c30, 4, 0;
    ; show_stmt_assign_vector: Get l-value for compressed += operand
    %load/vec4 v0x55db668c4510_0;
    %pushi/vec4 1, 0, 32;
    %add;
    %cast2;
    %store/vec4 v0x55db668c4510_0, 0, 32;
    %jmp T_4.0;
T_4.1 ;
    %end;
    .scope S_0x55db6676eb40;
t_8 %join;
    %jmp T_4;
    .thread T_4, $push;
    .scope S_0x55db6675f190;
T_5 ;
Ewait_2 .event/or E_0x55db668b32f0, E_0x0;
    %wait Ewait_2;
    %fork t_11, S_0x55db669587b0;
    %jmp t_10;
    .scope S_0x55db669587b0;
t_11 ;
    %pushi/vec4 0, 0, 32;
    %store/vec4 v0x55db668b2cf0_0, 0, 32;
T_5.0 ;
    %load/vec4 v0x55db668b2cf0_0;
    %cmpi/s 512, 0, 32;
    %jmp/0xz T_5.1, 5;
    %ix/getv/s 4, v0x55db668b2cf0_0;
    %load/vec4a v0x55db669793a0, 4;
    %load/vec4 v0x55db668b2cf0_0;
    %muli 16, 0, 32;
    %ix/vec4/s 4;
    %store/vec4 v0x55db669abc70_0, 4, 16;
    ; show_stmt_assign_vector: Get l-value for compressed += operand
    %load/vec4 v0x55db668b2cf0_0;
    %pushi/vec4 1, 0, 32;
    %add;
    %cast2;
    %store/vec4 v0x55db668b2cf0_0, 0, 32;
    %jmp T_5.0;
T_5.1 ;
    %end;
    .scope S_0x55db6675f190;
t_10 %join;
    %jmp T_5;
    .thread T_5, $push;
    .scope S_0x55db6675f190;
T_6 ;
Ewait_3 .event/or E_0x55db668b3280, E_0x0;
    %wait Ewait_3;
    %load/vec4 v0x55db669b1600_0;
    %flag_set/vec4 8;
    %jmp/0 T_6.0, 8;
    %load/vec4 v0x55db669abc70_0;
    %jmp/1 T_6.1, 8;
T_6.0 ; End of true expr.
    %load/vec4 v0x55db669b1200_0;
    %jmp/0 T_6.1, 8;
 ; End of false expr.
    %blend;
T_6.1;
    %store/vec4 v0x55db669b13a0_0, 0, 8192;
    %load/vec4 v0x55db669b1600_0;
    %flag_set/vec4 8;
    %jmp/0 T_6.2, 8;
    %load/vec4 v0x55db669abd50_0;
    %jmp/1 T_6.3, 8;
T_6.2 ; End of true expr.
    %load/vec4 v0x55db669b12e0_0;
    %jmp/0 T_6.3, 8;
 ; End of false expr.
    %blend;
T_6.3;
    %store/vec4 v0x55db669b1480_0, 0, 1;
    %jmp T_6;
    .thread T_6, $push;
    .scope S_0x55db6675f190;
T_7 ;
    %wait E_0x55db66752fc0;
    %load/vec4 v0x55db669b1540_0;
    %nor/r;
    %flag_set/vec4 8;
    %jmp/0xz  T_7.0, 8;
    %pushi/vec4 0, 0, 1;
    %assign/vec4 v0x55db66979030_0, 0;
    %pushi/vec4 0, 0, 8192;
    %assign/vec4 v0x55db66978f70_0, 0;
    %jmp T_7.1;
T_7.0 ;
    %pushi/vec4 0, 0, 1;
    %assign/vec4 v0x55db66979030_0, 0;
    %load/vec4 v0x55db669b16c0_0;
    %load/vec4 v0x55db669b1480_0;
    %and;
    %flag_set/vec4 8;
    %jmp/0xz  T_7.2, 8;
    %pushi/vec4 1, 0, 1;
    %assign/vec4 v0x55db66979030_0, 0;
    %load/vec4 v0x55db669b13a0_0;
    %assign/vec4 v0x55db66978f70_0, 0;
T_7.2 ;
T_7.1 ;
    %jmp T_7;
    .thread T_7;
    .scope S_0x55db6675f190;
T_8 ;
    %wait E_0x55db66752fc0;
    %load/vec4 v0x55db669b1540_0;
    %nor/r;
    %flag_set/vec4 8;
    %jmp/0xz  T_8.0, 8;
    %pushi/vec4 0, 0, 2;
    %assign/vec4 v0x55db669792c0_0, 0;
    %pushi/vec4 0, 0, 1;
    %assign/vec4 v0x55db669b1140_0, 0;
    %pushi/vec4 0, 0, 8192;
    %assign/vec4 v0x55db669b1060_0, 0;
    %jmp T_8.1;
T_8.0 ;
    %pushi/vec4 0, 0, 1;
    %assign/vec4 v0x55db669b1140_0, 0;
    %load/vec4 v0x55db66979030_0;
    %flag_set/vec4 8;
    %jmp/0xz  T_8.2, 8;
    %pushi/vec4 2, 0, 2;
    %assign/vec4 v0x55db669792c0_0, 0;
    %jmp T_8.3;
T_8.2 ;
    %load/vec4 v0x55db669792c0_0;
    %cmpi/ne 0, 0, 2;
    %jmp/0xz  T_8.4, 4;
    %load/vec4 v0x55db669792c0_0;
    %subi 1, 0, 2;
    %assign/vec4 v0x55db669792c0_0, 0;
    %load/vec4 v0x55db669792c0_0;
    %cmpi/e 2, 0, 2;
    %jmp/0xz  T_8.6, 4;
    %load/vec4 v0x55db66978f70_0;
    %assign/vec4 v0x55db669b1060_0, 0;
    %pushi/vec4 1, 0, 1;
    %assign/vec4 v0x55db669b1140_0, 0;
    %jmp T_8.7;
T_8.6 ;
    %load/vec4 v0x55db669792c0_0;
    %cmpi/e 1, 0, 2;
    %jmp/0xz  T_8.8, 4;
    %pushi/vec4 1, 0, 1;
    %assign/vec4 v0x55db669b1140_0, 0;
T_8.8 ;
T_8.7 ;
T_8.4 ;
T_8.3 ;
T_8.1 ;
    %jmp T_8;
    .thread T_8;
    .scope S_0x55db6675f190;
T_9 ;
    %wait E_0x55db66752fc0;
    %load/vec4 v0x55db669b1540_0;
    %nor/r;
    %flag_set/vec4 8;
    %jmp/0xz  T_9.0, 8;
    %pushi/vec4 0, 0, 1;
    %assign/vec4 v0x55db669b12e0_0, 0;
    %pushi/vec4 0, 0, 8192;
    %assign/vec4 v0x55db669b1200_0, 0;
    %jmp T_9.1;
T_9.0 ;
    %load/vec4 v0x55db669790f0_0;
    %load/vec4 v0x55db669b1140_0;
    %and;
    %flag_set/vec4 8;
    %jmp/0xz  T_9.2, 8;
    %pushi/vec4 1, 0, 1;
    %assign/vec4 v0x55db669b12e0_0, 0;
    %load/vec4 v0x55db669b1060_0;
    %assign/vec4 v0x55db669b1200_0, 0;
T_9.2 ;
T_9.1 ;
    %jmp T_9;
    .thread T_9;
    .scope S_0x55db6677e610;
T_10 ;
    %wait E_0x55db669b18c0;
    %load/vec4 v0x55db669b1d40_0;
    %nor/r;
    %flag_set/vec4 8;
    %jmp/0xz  T_10.0, 8;
    %pushi/vec4 0, 0, 8;
    %assign/vec4 v0x55db669b1ae0_0, 0;
    %pushi/vec4 0, 0, 1;
    %assign/vec4 v0x55db669b1940_0, 0;
    %pushi/vec4 0, 0, 1;
    %assign/vec4 v0x55db669b1ba0_0, 0;
    %jmp T_10.1;
T_10.0 ;
    %pushi/vec4 0, 0, 1;
    %assign/vec4 v0x55db669b1ba0_0, 0;
    %load/vec4 v0x55db669b1e00_0;
    %flag_set/vec4 8;
    %jmp/0xz  T_10.2, 8;
    %load/vec4 v0x55db669b1c60_0;
    %subi 1, 0, 8;
    %assign/vec4 v0x55db669b1ae0_0, 0;
    %pushi/vec4 1, 0, 1;
    %assign/vec4 v0x55db669b1940_0, 0;
    %jmp T_10.3;
T_10.2 ;
    %load/vec4 v0x55db669b1940_0;
    %flag_set/vec4 8;
    %jmp/0xz  T_10.4, 8;
    %load/vec4 v0x55db669b1ae0_0;
    %cmpi/e 0, 0, 8;
    %jmp/0xz  T_10.6, 4;
    %pushi/vec4 1, 0, 1;
    %assign/vec4 v0x55db669b1ba0_0, 0;
    %pushi/vec4 0, 0, 1;
    %assign/vec4 v0x55db669b1940_0, 0;
    %jmp T_10.7;
T_10.6 ;
    %load/vec4 v0x55db669b1ae0_0;
    %subi 1, 0, 8;
    %assign/vec4 v0x55db669b1ae0_0, 0;
T_10.7 ;
T_10.4 ;
T_10.3 ;
T_10.1 ;
    %jmp T_10;
    .thread T_10;
    .scope S_0x55db669b2640;
T_11 ;
    %fork t_13, S_0x55db669b2b70;
    %jmp t_12;
    .scope S_0x55db669b2b70;
t_13 ;
    %pushi/vec4 0, 0, 32;
    %store/vec4 v0x55db669b2d70_0, 0, 32;
T_11.0 ;
    %load/vec4 v0x55db669b2d70_0;
    %cmpi/s 16, 0, 32;
    %jmp/0xz T_11.1, 5;
    %pushi/vec4 0, 0, 8;
    %ix/getv/s 4, v0x55db669b2d70_0;
    %store/vec4a v0x55db669b3400, 4, 0;
    %pushi/vec4 0, 0, 8;
    %ix/getv/s 4, v0x55db669b2d70_0;
    %store/vec4a v0x55db669b34c0, 4, 0;
    ; show_stmt_assign_vector: Get l-value for compressed += operand
    %load/vec4 v0x55db669b2d70_0;
    %pushi/vec4 1, 0, 32;
    %add;
    %cast2;
    %store/vec4 v0x55db669b2d70_0, 0, 32;
    %jmp T_11.0;
T_11.1 ;
    %end;
    .scope S_0x55db669b2640;
t_12 %join;
    %end;
    .thread T_11;
    .scope S_0x55db669b2640;
T_12 ;
    %wait E_0x55db669b2b10;
    %load/vec4 v0x55db669b3d80_0;
    %nor/r;
    %flag_set/vec4 8;
    %jmp/0xz  T_12.0, 8;
    %pushi/vec4 0, 0, 4;
    %assign/vec4 v0x55db669b3700_0, 0;
    %pushi/vec4 0, 0, 1;
    %assign/vec4 v0x55db669b37e0_0, 0;
    %pushi/vec4 0, 0, 1;
    %assign/vec4 v0x55db669b3980_0, 0;
    %jmp T_12.1;
T_12.0 ;
    %pushi/vec4 0, 0, 1;
    %assign/vec4 v0x55db669b3980_0, 0;
    %load/vec4 v0x55db669b3be0_0;
    %flag_set/vec4 8;
    %jmp/0xz  T_12.2, 8;
    %load/vec4 v0x55db669b3580_0;
    %flag_set/vec4 8;
    %jmp/0xz  T_12.4, 8;
    %load/vec4 v0x55db669b3a40_0;
    %load/vec4 v0x55db669b3700_0;
    %pad/u 6;
    %ix/vec4 3;
    %ix/load 4, 0, 0; Constant delay
    %assign/vec4/a/d v0x55db669b3400, 0, 4;
    %jmp T_12.5;
T_12.4 ;
    %load/vec4 v0x55db669b3a40_0;
    %load/vec4 v0x55db669b3700_0;
    %pad/u 6;
    %ix/vec4 3;
    %ix/load 4, 0, 0; Constant delay
    %assign/vec4/a/d v0x55db669b34c0, 0, 4;
T_12.5 ;
T_12.2 ;
    %load/vec4 v0x55db669b3be0_0;
    %load/vec4 v0x55db669b37e0_0;
    %nor/r;
    %and;
    %flag_set/vec4 8;
    %jmp/0xz  T_12.6, 8;
    %pushi/vec4 1, 0, 1;
    %assign/vec4 v0x55db669b37e0_0, 0;
    %jmp T_12.7;
T_12.6 ;
    %load/vec4 v0x55db669b37e0_0;
    %flag_set/vec4 8;
    %jmp/0xz  T_12.8, 8;
    %load/vec4 v0x55db669b3700_0;
    %cmpi/e 15, 0, 4;
    %jmp/0xz  T_12.10, 4;
    %pushi/vec4 0, 0, 4;
    %assign/vec4 v0x55db669b3700_0, 0;
    %pushi/vec4 0, 0, 1;
    %assign/vec4 v0x55db669b37e0_0, 0;
    %pushi/vec4 1, 0, 1;
    %assign/vec4 v0x55db669b3980_0, 0;
    %jmp T_12.11;
T_12.10 ;
    %load/vec4 v0x55db669b3700_0;
    %addi 1, 0, 4;
    %assign/vec4 v0x55db669b3700_0, 0;
T_12.11 ;
T_12.8 ;
T_12.7 ;
T_12.1 ;
    %jmp T_12;
    .thread T_12;
    .scope S_0x55db6677e7a0;
T_13 ;
    %pushi/vec4 0, 0, 1;
    %store/vec4 v0x55db669b4100_0, 0, 1;
    %pushi/vec4 0, 0, 32;
    %store/vec4 v0x55db669b42a0_0, 0, 32;
    %end;
    .thread T_13, $init;
    .scope S_0x55db6677e7a0;
T_14 ;
    %delay 5000, 0;
    %load/vec4 v0x55db669b4100_0;
    %inv;
    %store/vec4 v0x55db669b4100_0, 0, 1;
    %jmp T_14;
    .thread T_14;
    .scope S_0x55db6677e7a0;
T_15 ;
    %delay 5000000, 0;
    %vpi_call/w 7 29 "$error", "FAIL: watchdog timeout" {0 0 0};
    %vpi_call/w 7 30 "$finish" {0 0 0};
    %end;
    .thread T_15;
    .scope S_0x55db6677e7a0;
T_16 ;
    %pushi/vec4 0, 0, 1;
    %store/vec4 v0x55db669b4650_0, 0, 1;
    %pushi/vec4 0, 0, 1;
    %store/vec4 v0x55db669b4040_0, 0, 1;
    %pushi/vec4 0, 0, 1;
    %store/vec4 v0x55db669b44b0_0, 0, 1;
    %pushi/vec4 0, 0, 8;
    %store/vec4 v0x55db669b4340_0, 0, 8;
    %pushi/vec4 0, 0, 4;
    %store/vec4 v0x55db669b4580_0, 0, 4;
    %delay 12000, 0;
    %pushi/vec4 1, 0, 1;
    %store/vec4 v0x55db669b4650_0, 0, 1;
    %pushi/vec4 0, 0, 1;
    %store/vec4 v0x55db669b4040_0, 0, 1;
    %wait E_0x55db669b21e0;
    %pushi/vec4 1, 0, 1;
    %store/vec4 v0x55db669b44b0_0, 0, 1;
    %fork t_15, S_0x55db669b1fe0;
    %jmp t_14;
    .scope S_0x55db669b1fe0;
t_15 ;
    %pushi/vec4 0, 0, 32;
    %store/vec4 v0x55db669b2260_0, 0, 32;
T_16.0 ;
    %load/vec4 v0x55db669b2260_0;
    %cmpi/s 16, 0, 32;
    %jmp/0xz T_16.1, 5;
T_16.2 ;
    %load/vec4 v0x55db669b41a0_0;
    %load/vec4 v0x55db669b2260_0;
    %parti/s 4, 0, 2;
    %cmp/ne;
    %jmp/0xz T_16.3, 4;
    %wait E_0x55db669b21e0;
    %jmp T_16.2;
T_16.3 ;
    %pushi/vec4 160, 0, 8;
    %load/vec4 v0x55db669b2260_0;
    %parti/s 8, 0, 2;
    %add;
    %store/vec4 v0x55db669b4340_0, 0, 8;
    %wait E_0x55db669b21e0;
    ; show_stmt_assign_vector: Get l-value for compressed += operand
    %load/vec4 v0x55db669b2260_0;
    %pushi/vec4 1, 0, 32;
    %add;
    %cast2;
    %store/vec4 v0x55db669b2260_0, 0, 32;
    %jmp T_16.0;
T_16.1 ;
    %end;
    .scope S_0x55db6677e7a0;
t_14 %join;
    %pushi/vec4 0, 0, 1;
    %store/vec4 v0x55db669b44b0_0, 0, 1;
T_16.4 ;
    %load/vec4 v0x55db669b43e0_0;
    %pushi/vec4 1, 0, 1;
    %cmp/e;
    %flag_get/vec4 6;
    %cmpi/ne 1, 0, 1;
    %jmp/0xz T_16.5, 6;
    %wait E_0x55db669b1f60;
    %jmp T_16.4;
T_16.5 ;
    %wait E_0x55db669b21e0;
    %vpi_call/w 7 59 "$display", "OK: load_done pulse after full DMA round" {0 0 0};
    %pushi/vec4 1, 0, 1;
    %store/vec4 v0x55db669b4040_0, 0, 1;
    %fork t_17, S_0x55db669b2360;
    %jmp t_16;
    .scope S_0x55db669b2360;
t_17 ;
    %pushi/vec4 0, 0, 32;
    %store/vec4 v0x55db669b2560_0, 0, 32;
T_16.6 ;
    %load/vec4 v0x55db669b2560_0;
    %cmpi/s 16, 0, 32;
    %jmp/0xz T_16.7, 5;
    %load/vec4 v0x55db669b2560_0;
    %parti/s 4, 0, 2;
    %store/vec4 v0x55db669b4580_0, 0, 4;
    %delay 1000, 0;
    %load/vec4 v0x55db669b4720_0;
    %pushi/vec4 160, 0, 8;
    %load/vec4 v0x55db669b2560_0;
    %parti/s 8, 0, 2;
    %add;
    %cmp/ne;
    %jmp/0xz  T_16.8, 6;
    %pushi/vec4 160, 0, 8;
    %load/vec4 v0x55db669b2560_0;
    %parti/s 8, 0, 2;
    %add;
    %vpi_call/w 7 67 "$error", "read fail at [%0d]: got %h expected %h", v0x55db669b2560_0, v0x55db669b4720_0, S<0,vec4,u8> {1 0 0};
    ; show_stmt_assign_vector: Get l-value for compressed += operand
    %load/vec4 v0x55db669b42a0_0;
    %pushi/vec4 1, 0, 32;
    %add;
    %cast2;
    %store/vec4 v0x55db669b42a0_0, 0, 32;
T_16.8 ;
    ; show_stmt_assign_vector: Get l-value for compressed += operand
    %load/vec4 v0x55db669b2560_0;
    %pushi/vec4 1, 0, 32;
    %add;
    %cast2;
    %store/vec4 v0x55db669b2560_0, 0, 32;
    %jmp T_16.6;
T_16.7 ;
    %end;
    .scope S_0x55db6677e7a0;
t_16 %join;
    %pushi/vec4 0, 0, 1;
    %store/vec4 v0x55db669b4040_0, 0, 1;
    %wait E_0x55db669b21e0;
    %pushi/vec4 1, 0, 1;
    %store/vec4 v0x55db669b44b0_0, 0, 1;
    %pushi/vec4 0, 0, 8;
    %store/vec4 v0x55db669b4340_0, 0, 8;
T_16.10 ;
    %load/vec4 v0x55db669b41a0_0;
    %cmpi/ne 5, 0, 4;
    %jmp/0xz T_16.11, 4;
    %wait E_0x55db669b21e0;
    %jmp T_16.10;
T_16.11 ;
    %pushi/vec4 254, 0, 8;
    %store/vec4 v0x55db669b4340_0, 0, 8;
    %wait E_0x55db669b21e0;
    %pushi/vec4 0, 0, 1;
    %store/vec4 v0x55db669b44b0_0, 0, 1;
    %pushi/vec4 1, 0, 1;
    %store/vec4 v0x55db669b4040_0, 0, 1;
    %pushi/vec4 5, 0, 4;
    %store/vec4 v0x55db669b4580_0, 0, 4;
    %delay 1000, 0;
    %load/vec4 v0x55db669b4720_0;
    %cmpi/ne 254, 0, 8;
    %jmp/0xz  T_16.12, 6;
    %vpi_call/w 7 87 "$error", "Ping-Pong fail: B[5]=%h expected FE", v0x55db669b4720_0 {0 0 0};
    ; show_stmt_assign_vector: Get l-value for compressed += operand
    %load/vec4 v0x55db669b42a0_0;
    %pushi/vec4 1, 0, 32;
    %add;
    %cast2;
    %store/vec4 v0x55db669b42a0_0, 0, 32;
T_16.12 ;
    %pushi/vec4 0, 0, 1;
    %store/vec4 v0x55db669b4040_0, 0, 1;
    %pushi/vec4 0, 0, 4;
    %store/vec4 v0x55db669b4580_0, 0, 4;
    %delay 1000, 0;
    %load/vec4 v0x55db669b4720_0;
    %cmpi/ne 0, 0, 8;
    %jmp/0xz  T_16.14, 6;
    %vpi_call/w 7 96 "$error", "Bank A should be untouched, got %h", v0x55db669b4720_0 {0 0 0};
    ; show_stmt_assign_vector: Get l-value for compressed += operand
    %load/vec4 v0x55db669b42a0_0;
    %pushi/vec4 1, 0, 32;
    %add;
    %cast2;
    %store/vec4 v0x55db669b42a0_0, 0, 32;
T_16.14 ;
    %load/vec4 v0x55db669b42a0_0;
    %cmpi/e 0, 0, 32;
    %jmp/0xz  T_16.16, 4;
    %vpi_call/w 7 101 "$display", "PASS: tb_weight_pingpong - all tests passed" {0 0 0};
    %jmp T_16.17;
T_16.16 ;
    %vpi_call/w 7 103 "$error", "FAIL: tb_weight_pingpong: %0d errors", v0x55db669b42a0_0 {0 0 0};
T_16.17 ;
    %vpi_call/w 7 104 "$finish" {0 0 0};
    %end;
    .thread T_16;
# The file index is used to find the file name in the following table.
:file_names 9;
    "N/A";
    "<interactive>";
    "-";
    "rtl/recurrent/layer_loopback_mux.sv";
    "rtl/recurrent/loopback_register.sv";
    "rtl/top/recurrent_datapath.sv";
    "rtl/recurrent/sa_done_generator.sv";
    "tb/tb_weight_pingpong.sv";
    "rtl/recurrent/weight_pingpong.sv";
